date,symbol,close,volume,open_interest,roll_yield
20250526,PF2506,6430.0,3929.0,5952.0,0.0
20250526,PF2507,6430.0,206954.0,155097.0,-0.0186770465718983
20250526,PF2508,6420.0,24362.0,44715.0,-0.0336921138503823
20250526,PF2509,6402.0,47704.0,56762.0,0.0933566245834942
20250526,PF2510,6452.0,53.0,217.0,-0.0223394417604021
20250526,PF2511,6440.0,11.0,95.0,-0.0410639691431655
20250526,PF2512,6418.0,23.0,585.0,0.0074766357558846
20250526,PF2601,6422.0,36.0,931.0,-0.0599439273345447
20250526,PF2602,6390.0,6.0,220.0,0.1233079509384515
20250526,PF2603,6456.0,2.0,25.0,-0.1345808498416808
20250526,PF2604,6384.0,2.0,6.0,-0.0338823754512792
20250526,PF2605,6366.0,2.0,3.0,0.0
20250527,PF2506,6458.0,2835.0,5476.0,-0.0037168964212293
20250527,PF2507,6456.0,183693.0,138905.0,-0.0446927890917892
20250527,PF2508,6432.0,27488.0,49405.0,-0.0486057682763856
20250527,PF2509,6406.0,53419.0,58398.0,0.0597945802758012
20250527,PF2510,6438.0,55.0,217.0,-0.0560486773267001
20250527,PF2511,6408.0,13.0,96.0,-0.1015520870248038
20250527,PF2512,6354.0,52.0,578.0,0.0150990897555351
20250527,PF2601,6362.0,74.0,913.0,-0.109901289256493
20250527,PF2602,6304.0,10.0,222.0,0.0796840872651092
20250527,PF2603,6346.0,6.0,25.0,0.0188946661615895
20250527,PF2604,6356.0,2.0,6.0,-0.0795583024640362
20250527,PF2605,6314.0,2.0,2.0,0.0
20250528,PF2506,6392.0,1710.0,4967.0,-0.0112693700565989
20250528,PF2507,6386.0,142230.0,133352.0,-0.0451836115876543
20250528,PF2508,6362.0,19296.0,51423.0,-0.0567198156982395
20250528,PF2509,6332.0,40232.0,60360.0,0.1019034272858951
20250528,PF2510,6386.0,115.0,217.0,-0.0775424504220735
20250528,PF2512,6304.0,13.0,575.0,0.0038065028074929
20250528,PF2601,6306.0,26.0,914.0,-0.0228571497678473
20250528,PF2602,6294.0,2.0,222.0,0.0114340170632621
20250528,PF2603,6300.0,1.0,24.0,-0.0114394696234891
20250528,PF2605,6288.0,1.0,3.0,0.0
20250529,PF2506,6484.0,2109.0,3452.0,0.0295748763379412
20250529,PF2507,6500.0,215027.0,124416.0,-0.040684273829447
20250529,PF2508,6478.0,36119.0,52388.0,-0.0557017865377247
20250529,PF2509,6448.0,68886.0,62884.0,0.0705120321695885
20250529,PF2510,6486.0,69.0,214.0,-0.1414408434305706
20250529,PF2511,6410.0,1.0,97.0,-0.1128534963357408
20250529,PF2512,6350.0,49.0,551.0,0.0715970093779873
20250529,PF2601,6388.0,88.0,894.0,-0.0112764299605708
20250529,PF2602,6382.0,19.0,225.0,0.0
20250529,PF2603,6382.0,4.0,25.0,-0.1361502156351597
20250529,PF2604,6310.0,2.0,7.0,0.090938231225869
20250529,PF2605,6358.0,2.0,3.0,0.0
20250530,PF2506,6394.0,792.0,2887.0,-0.0187822858817044
20250530,PF2507,6384.0,198821.0,96943.0,-0.0188117298283552
20250530,PF2508,6374.0,48115.0,52396.0,-0.0490489599717845
20250530,PF2509,6348.0,53097.0,61451.0,0.0866429756818451
20250530,PF2510,6394.0,65.0,199.0,-0.0677542577884646
20250530,PF2511,6358.0,19.0,102.0,-0.148126584102044
20250530,PF2512,6280.0,30.0,552.0,0.0229080565910903
20250530,PF2601,6292.0,51.0,899.0,-0.0343785051305398
20250530,PF2602,6274.0,7.0,223.0,0.0
20250530,PF2603,6274.0,2.0,25.0,0.0038247012275962
20250530,PF2604,6276.0,1.0,7.0,0.0
20250603,PF2507,6338.0,151987.0,97568.0,-0.0303317697036364
20250603,PF2508,6322.0,38893.0,60785.0,-0.0608945169729214
20250603,PF2509,6290.0,51450.0,63334.0,0.0912262866765594
20250603,PF2510,6338.0,6638.0,5743.0,-0.0759736630787537
20250603,PF2511,6298.0,5515.0,4944.0,-0.0611271617859951
20250603,PF2512,6266.0,137.0,628.0,-0.015330567399715
20250603,PF2601,6258.0,176.0,999.0,0.1120817774473414
20250603,PF2603,6376.0,1.0,25.0,0.0
20250604,PF2506,6438.0,97.0,2790.0,-0.0560486773267001
20250604,PF2507,6408.0,172826.0,83235.0,-0.0676058126190722
20250604,PF2508,6372.0,41750.0,66838.0,-0.0793578707006067
20250604,PF2509,6330.0,54622.0,63317.0,0.0793578707006067
20250604,PF2510,6372.0,11085.0,13162.0,-0.0717773271762478
20250604,PF2511,6334.0,8439.0,11273.0,-0.0722092440161508
20250604,PF2512,6296.0,9.0,631.0,-0.0228934886607279
20250604,PF2601,6284.0,57.0,1028.0,-0.0843184561444615
20250604,PF2602,6240.0,1.0,223.0,0.0
20250604,PF2603,6240.0,2.0,25.0,0.0
20250605,PF2506,6398.0,320.0,2470.0,-0.0865886109898998
20250605,PF2507,6352.0,129203.0,80477.0,-0.0720040057084161
20250605,PF2508,6314.0,34683.0,71657.0,-0.0609718682321407
20250605,PF2509,6282.0,47258.0,69248.0,0.0495632158120444
20250605,PF2510,6308.0,12260.0,16922.0,-0.0648547119876668
20250605,PF2511,6274.0,8386.0,15119.0,-0.0421523665110745
20250605,PF2512,6252.0,124.0,713.0,-0.0153649188725349
20250605,PF2601,6244.0,117.0,1089.0,-0.015384617491866
20250605,PF2602,6236.0,14.0,223.0,0.0269101506333618
20250605,PF2603,6250.0,1.0,26.0,0.0153403726901385
20250605,PF2605,6266.0,4.0,7.0,0.0
20250606,PF2506,6406.0,6.0,2464.0,-0.0225000065918007
20250606,PF2507,6394.0,154709.0,80953.0,-0.0979904942579295
20250606,PF2508,6342.0,60492.0,85753.0,-0.0797345126240233
20250606,PF2509,6300.0,60153.0,73373.0,0.0228354017530327
20250606,PF2510,6312.0,23395.0,18975.0,-0.0724616853010406
20250606,PF2511,6274.0,18931.0,17107.0,-0.0153110068618366
20250606,PF2512,6266.0,41.0,732.0,-0.015330567399715
20250606,PF2601,6258.0,114.0,1069.0,-0.0153501779805634
20250606,PF2602,6250.0,4.0,224.0,0.0191846563643648
20250606,PF2603,6260.0,2.0,27.0,0.0057480445079571
20250606,PF2605,6266.0,4.0,7.0,0.0
20250609,PF2507,6388.0,190450.0,59764.0,-0.1512307350236887
20250609,PF2508,6308.0,98333.0,105662.0,-0.1108464642297816
20250609,PF2509,6250.0,81868.0,75751.0,0.045991752242116
20250609,PF2510,6274.0,21905.0,19330.0,-0.0652071286458019
20250609,PF2511,6240.0,17905.0,17858.0,0.0038455376070166
20250609,PF2512,6242.0,120.0,743.0,0.0115292242655656
20250609,PF2601,6248.0,162.0,1098.0,0.0038406145311045
20250609,PF2602,6250.0,5.0,227.0,0.0
20250609,PF2603,6250.0,4.0,26.0,0.0536399360574206
20250609,PF2604,6278.0,1.0,7.0,-0.0267899967751175
20250609,PF2605,6264.0,4.0,9.0,0.0
20250610,PF2507,6358.0,135921.0,51220.0,-0.1099707490934869
20250610,PF2508,6300.0,82153.0,112217.0,-0.0841035618537245
20250610,PF2509,6256.0,63514.0,74220.0,0.0535886058043771
20250610,PF2510,6284.0,11424.0,20506.0,-0.0612636940097345
20250610,PF2511,6252.0,10026.0,19179.0,-0.0307495363644006
20250610,PF2512,6236.0,95.0,745.0,0.0153846174918668
20250610,PF2601,6244.0,106.0,1084.0,0.1185667016362022
20250610,PF2602,6306.0,7.0,228.0,-0.1532098692414319
20250610,PF2603,6226.0,1.0,27.0,0.1265389581193804
20250610,PF2604,6292.0,4.0,11.0,0.0076263110288491
20250610,PF2605,6296.0,3.0,12.0,0.0
20250611,PF2507,6414.0,124742.0,48077.0,-0.1809647866928368
20250611,PF2508,6318.0,88041.0,117154.0,-0.0800384101092879
20250611,PF2509,6276.0,65920.0,77520.0,0.04961050157156
20250611,PF2510,6302.0,20479.0,21008.0,-0.0496105015715606
20250611,PF2511,6276.0,17780.0,19843.0,0.0
20250611,PF2512,6276.0,95.0,760.0,-0.0344662754891488
20250611,PF2601,6258.0,211.0,1189.0,0.0076677318902828
20250611,PF2602,6262.0,2.0,228.0,-0.0576277720292018
20250611,PF2603,6232.0,1.0,27.0,0.0844263156280673
20250611,PF2604,6276.0,3.0,11.0,-0.0574989121187914
20250611,PF2605,6246.0,1.0,12.0,0.0
20250612,PF2507,6362.0,113275.0,36476.0,-0.121328047777433
20250612,PF2508,6298.0,103708.0,124501.0,-0.0726232508019088
20250612,PF2509,6260.0,62693.0,77182.0,0.0573706272041027
20250612,PF2510,6290.0,24622.0,21579.0,-0.0535373736976222
20250612,PF2511,6262.0,19486.0,20222.0,0.0
20250612,PF2512,6262.0,6.0,761.0,-0.0230179098708453
20250612,PF2601,6250.0,49.0,1207.0,0.0819971445828875
20250612,PF2603,6336.0,2.0,27.0,-0.1294839602202037
20250612,PF2604,6268.0,10.0,17.0,0.0382287675975711
20250612,PF2605,6288.0,3.0,12.0,0.0
20250613,PF2507,6530.0,144520.0,34398.0,-0.0922371950898768
20250613,PF2508,6480.0,190315.0,132100.0,-0.089219741850217
20250613,PF2509,6432.0,106758.0,71584.0,0.0446927890917899
20250613,PF2510,6456.0,25202.0,22259.0,-0.0708406593597908
20250613,PF2511,6418.0,19682.0,21410.0,-0.0412049725914873
20250613,PF2512,6396.0,281.0,697.0,0.0112517589115611
20250613,PF2601,6402.0,303.0,1163.0,0.0561010839479277
20250613,PF2602,6432.0,13.0,228.0,0.0037307632820323
20250613,PF2603,6434.0,5.0,28.0,-0.0336186990314545
20250613,PF2604,6416.0,14.0,15.0,-0.0037412315190023
20250613,PF2605,6414.0,12.0,11.0,0.0
20250616,PF2507,6594.0,70663.0,23558.0,-0.1538482611487372
20250616,PF2508,6510.0,168469.0,140292.0,-0.1260048637376493
20250616,PF2509,6442.0,78665.0,69279.0,0.0148929587840881
20250616,PF2510,6450.0,26659.0,21855.0,-0.0896362711201179
20250616,PF2511,6402.0,21125.0,21901.0,-0.0413081302916734
20250616,PF2512,6380.0,239.0,701.0,0.0187940523929385
20250616,PF2601,6390.0,150.0,1155.0,0.097257390234763
20250616,PF2602,6442.0,11.0,227.0,-0.011181861346444
20250616,PF2603,6436.0,7.0,28.0,-0.0973484277915495
20250616,PF2604,6384.0,14.0,16.0,0.09734842779155
20250616,PF2605,6436.0,4.0,12.0,0.0
20250617,PF2507,6614.0,30686.0,17237.0,-0.1240132617673477
20250617,PF2508,6546.0,156597.0,141990.0,-0.1549837041201873
20250617,PF2509,6462.0,90795.0,68311.0,-0.0223048391355052
20250617,PF2510,6450.0,33625.0,23199.0,-0.1234232479220811
20250617,PF2511,6384.0,27413.0,22410.0,-0.0263446867612273
20250617,PF2512,6370.0,458.0,891.0,0.0188235332715172
20250617,PF2601,6380.0,536.0,1095.0,-0.0037623452259915
20250617,PF2602,6378.0,4.0,228.0,0.0075235112182303
20250617,PF2603,6382.0,4.0,29.0,-0.0489873501789863
20250617,PF2604,6356.0,7.0,14.0,0.0752825555668588
20250617,PF2605,6396.0,5.0,12.0,0.0
20250618,PF2507,6732.0,27433.0,13395.0,-0.082277859967832
20250618,PF2508,6686.0,226015.0,151189.0,-0.1335552964695489
20250618,PF2509,6612.0,112442.0,68425.0,-0.0108942358821573
20250618,PF2510,6606.0,24590.0,27742.0,-0.1535669952176458
20250618,PF2511,6522.0,10415.0,24700.0,-0.0701216819243731
20250618,PF2512,6484.0,1013.0,1267.0,-0.0074051221109554
20250618,PF2601,6480.0,989.0,1491.0,-0.0594060619182744
20250618,PF2602,6448.0,3.0,228.0,0.0223117510822009
20250618,PF2603,6460.0,4.0,31.0,-0.0334832026260414
20250618,PF2604,6442.0,10.0,18.0,0.0148929587840881
20250618,PF2605,6450.0,5.0,12.0,0.0
20250619,PF2507,6868.0,18109.0,11690.0,-0.1299968795620425
20250619,PF2508,6794.0,203671.0,157254.0,-0.1743544386146156
20250619,PF2509,6696.0,90414.0,71679.0,-0.0179345422712073
20250619,PF2510,6686.0,21837.0,28154.0,-0.1517178548028667
20250619,PF2511,6602.0,12883.0,24416.0,-0.0875649978525414
20250619,PF2512,6554.0,458.0,1001.0,-0.0366748451729335
20250619,PF2601,6534.0,494.0,1324.0,-0.0257392468838015
20250619,PF2602,6520.0,7.0,229.0,-0.0812560814780741
20250619,PF2603,6476.0,9.0,33.0,-0.0148331292063396
20250619,PF2604,6468.0,1.0,18.0,0.0037100015753848
20250619,PF2605,6470.0,3.0,12.0,0.0
20250620,PF2507,6926.0,8876.0,9585.0,-0.1780396294902267
20250620,PF2508,6824.0,209915.0,156521.0,-0.2164778504911116
20250620,PF2509,6702.0,74191.0,74221.0,-0.0071641793172702
20250620,PF2510,6698.0,18888.0,28640.0,-0.1007502170094963
20250620,PF2511,6642.0,11142.0,24655.0,-0.0652175518314833
20250620,PF2512,6606.0,670.0,1190.0,-0.0145410499464985
20250620,PF2601,6598.0,378.0,1251.0,0.0036369147118813
20250620,PF2602,6600.0,10.0,232.0,0.1158030699859412
20250620,PF2603,6664.0,13.0,34.0,-0.0903754836592863
20250620,PF2604,6614.0,13.0,19.0,0.003628117941469
20250620,PF2605,6616.0,8.0,12.0,0.0
20250623,PF2507,6922.0,5652.0,8008.0,-0.1675907367436466
20250623,PF2508,6826.0,178656.0,147008.0,-0.1806676192577541
20250623,PF2509,6724.0,91012.0,71893.0,-0.0035698349214627
20250623,PF2510,6722.0,20072.0,28604.0,-0.0931904325045783
20250623,PF2511,6670.0,9007.0,24913.0,-0.0540947572702778
20250623,PF2512,6640.0,279.0,1221.0,0.0
20250623,PF2601,6640.0,317.0,1376.0,-0.0616036382369351
20250623,PF2602,6606.0,11.0,232.0,-0.0340531092857493
20250623,PF2605,6550.0,1.0,11.0,0.0
20250624,PF2507,6696.0,3685.0,6861.0,-0.1696523970740752
20250624,PF2508,6602.0,207633.0,145549.0,-0.2127195065505004
20250624,PF2509,6486.0,108518.0,71148.0,0.0073982739704698
20250624,PF2510,6490.0,29472.0,30624.0,-0.0890817576838982
20250624,PF2511,6442.0,18552.0,25896.0,-0.048530164137524
20250624,PF2512,6416.0,514.0,1332.0,0.0224229277326329
20250624,PF2601,6428.0,546.0,1521.0,-0.003734246179193
20250624,PF2602,6426.0,8.0,233.0,-0.0074719803161338
20250624,PF2603,6422.0,16.0,34.0,-0.0112167012373064
20250624,PF2604,6416.0,14.0,15.0,0.0261560122237753
20250624,PF2605,6430.0,59.0,16.0,0.0
20250625,PF2507,6700.0,2025.0,6429.0,-0.169550393139869
20250625,PF2508,6606.0,126653.0,138701.0,-0.2125895550311914
20250625,PF2509,6490.0,53713.0,71517.0,0.0073937155758666
20250625,PF2510,6494.0,12250.0,31746.0,-0.0927505003911147
20250625,PF2511,6444.0,7361.0,26335.0,-0.0634823325857915
20250625,PF2512,6410.0,353.0,1544.0,0.0224438968169211
20250625,PF2601,6422.0,324.0,1649.0,-0.0149579327563081
20250625,PF2602,6414.0,5.0,233.0,0.0074812970004226
20250625,PF2603,6418.0,7.0,35.0,-0.003740065481421
20250625,PF2604,6416.0,5.0,14.0,0.0
20250625,PF2605,6416.0,3.0,16.0,0.0
20250626,PF2507,6664.0,2069.0,5306.0,-0.2033946997652798
20250626,PF2508,6552.0,125206.0,129237.0,-0.1771249869974469
20250626,PF2509,6456.0,56432.0,67210.0,0.0037168964212303
20250626,PF2510,6458.0,14406.0,32240.0,-0.0895248168420577
20250626,PF2511,6410.0,10138.0,26611.0,-0.0337447496232613
20250626,PF2512,6392.0,305.0,1696.0,-0.0075117373344907
20250626,PF2601,6388.0,272.0,1797.0,0.0
20250626,PF2602,6388.0,9.0,234.0,-0.0300940596595666
20250626,PF2603,6372.0,6.0,35.0,0.0300940596595672
20250626,PF2604,6388.0,1.0,13.0,0.0300187773804281
20250626,PF2605,6404.0,5.0,15.0,0.0
20250627,PF2507,6618.0,1128.0,4513.0,-0.1679881359394987
20250627,PF2508,6526.0,132120.0,117319.0,-0.1480129773345938
20250627,PF2509,6446.0,52380.0,67274.0,0.0037226617329737
20250627,PF2510,6448.0,12700.0,32570.0,-0.0784194482083294
20250627,PF2511,6406.0,7489.0,26470.0,-0.0525657911892058
20250627,PF2512,6378.0,131.0,1765.0,0.0112834987157006
20250627,PF2601,6384.0,152.0,1838.0,0.0225352178904013
20250627,PF2602,6396.0,1.0,233.0,0.0
20250627,PF2603,6396.0,3.0,37.0,-0.0300563713801113
20250627,PF2604,6380.0,1.0,12.0,-0.0188235332715178
20250627,PF2605,6370.0,1.0,14.0,-0.0415160030389115
20250627,PF2606,6348.0,1.0,1.0,0.0
20250630,PF2507,6680.0,587.0,4168.0,-0.2505007011883469
20250630,PF2508,6542.0,132190.0,102404.0,-0.1439352947687749
20250630,PF2509,6464.0,63761.0,70500.0,0.0111334475281796
20250630,PF2510,6470.0,14144.0,35050.0,-0.0781519276505167
20250630,PF2511,6428.0,7498.0,26866.0,-0.0561360761752782
20250630,PF2512,6398.0,183.0,1744.0,0.0112482432857041
20250630,PF2601,6404.0,298.0,1772.0,-0.0037482430415632
20250630,PF2602,6402.0,8.0,232.0,0.0
20250630,PF2603,6402.0,1.0,36.0,0.063561450989585
20250630,PF2604,6436.0,1.0,13.0,-0.1011084152890206
20250630,PF2605,6382.0,3.0,14.0,-0.0188176296989957
20250630,PF2606,6372.0,1.0,2.0,0.0
20250701,PF2507,6700.0,271.0,3966.0,-0.1950088054769977
20250701,PF2508,6592.0,179210.0,94053.0,-0.2019322546537793
20250701,PF2509,6482.0,74748.0,69463.0,-0.0222359544785576
20250701,PF2510,6470.0,48928.0,54760.0,-0.081886173829709
20250701,PF2511,6426.0,44308.0,37023.0,-0.0636606267563187
20250701,PF2512,6392.0,9649.0,9502.0,0.0300000156250157
20250701,PF2601,6408.0,348.0,1796.0,0.0074882997749797
20250701,PF2602,6412.0,6.0,233.0,0.0149625954547602
20250701,PF2603,6420.0,4.0,37.0,-0.0149625954547591
20250701,PF2604,6412.0,3.0,14.0,-0.0187295183956227
20250701,PF2605,6402.0,1.0,14.0,0.0037482430415627
20250701,PF2606,6404.0,1.0,3.0,0.0
20250702,PF2507,6686.0,43.0,3925.0,-0.1154201864742273
20250702,PF2508,6622.0,110032.0,92355.0,-0.2194514069200908
20250702,PF2509,6502.0,44318.0,69997.0,-0.0369686059482951
20250702,PF2510,6482.0,18589.0,59847.0,-0.0631091941803414
20250702,PF2511,6448.0,9704.0,37296.0,-0.0671852454842474
20250702,PF2512,6412.0,2865.0,11517.0,0.0074836298028812
20250702,PF2601,6416.0,160.0,1715.0,-0.0675212784901784
20250702,PF2602,6380.0,2.0,231.0,0.0187940523929385
20250702,PF2603,6390.0,2.0,37.0,0.0860755288883202
20250702,PF2604,6436.0,3.0,14.0,-0.0037296037596265
20250702,PF2605,6434.0,5.0,15.0,-0.0823459251286943
20250702,PF2606,6390.0,1.0,3.0,0.0
20250703,PF2507,6696.0,4.0,3925.0,-0.238921919511957
20250703,PF2508,6564.0,98463.0,87988.0,-0.2214084949573978
20250703,PF2509,6444.0,47232.0,71796.0,-0.0186364379747204
20250703,PF2510,6434.0,21625.0,61735.0,-0.0560836041883966
20250703,PF2511,6404.0,11411.0,37211.0,-0.0488187185592288
20250703,PF2512,6378.0,3336.0,13459.0,0.0187999411788006
20250703,PF2601,6388.0,797.0,1792.0,0.0450000527344865
20250703,PF2602,6412.0,4.0,233.0,-0.0374883153999963
20250703,PF2603,6392.0,9.0,36.0,0.0
20250703,PF2604,6392.0,4.0,14.0,0.0412307136838751
20250703,PF2605,6414.0,4.0,16.0,0.0
20250704,PF2507,6638.0,136.0,3789.0,-0.226284077324893
20250704,PF2508,6514.0,107280.0,82960.0,-0.2156191839205858
20250704,PF2509,6398.0,53948.0,73297.0,0.0075000002441416
20250704,PF2510,6402.0,20511.0,61896.0,-0.060131663563192
20250704,PF2511,6370.0,12227.0,35952.0,-0.0415160030389115
20250704,PF2512,6348.0,2604.0,14952.0,0.0226628962544178
20250704,PF2601,6360.0,266.0,1800.0,-0.0075495441307347
20250704,PF2602,6356.0,2.0,233.0,0.043267157239211
20250704,PF2604,6402.0,1.0,13.0,-0.0563645939984312
20250704,PF2605,6372.0,4.0,17.0,0.0
20250704,PF2606,6372.0,1.0,4.0,0.0
20250707,PF2507,6626.0,14.0,3789.0,-0.1972046815480122
20250707,PF2508,6518.0,85726.0,78658.0,-0.2229856666565218
20250707,PF2509,6398.0,44893.0,73039.0,-0.0225281668168322
20250707,PF2510,6386.0,16967.0,63413.0,-0.0602827013431906
20250707,PF2511,6354.0,8398.0,36630.0,-0.0454115962948754
20250707,PF2512,6330.0,2363.0,15981.0,0.0302934840590274
20250707,PF2601,6346.0,322.0,1778.0,-0.0113510965424312
20250707,PF2602,6340.0,4.0,234.0,0.0377953068347544
20250707,PF2603,6360.0,9.0,39.0,0.0226201763492571
20250707,PF2604,6372.0,10.0,20.0,-0.0188471846501969
20250707,PF2605,6362.0,1.0,17.0,0.0
20250708,PF2508,6518.0,89969.0,77492.0,-0.2229856666565218
20250708,PF2509,6398.0,50253.0,77997.0,-0.026286976557823
20250708,PF2510,6384.0,14007.0,64404.0,-0.0451977935457227
20250708,PF2511,6360.0,7846.0,36243.0,-0.0377953068347546
20250708,PF2512,6340.0,2214.0,16445.0,0.0377953068347544
20250708,PF2601,6360.0,606.0,2152.0,0.0056577090472221
20250708,PF2603,6366.0,2.0,39.0,0.0113047582548112
20250708,PF2604,6372.0,8.0,17.0,-0.0188471846501969
20250708,PF2605,6362.0,6.0,20.0,0.0037718057830568
20250708,PF2606,6364.0,2.0,6.0,0.0
20250709,PF2507,6630.0,40.0,3752.0,-0.1860502384315824
20250709,PF2508,6528.0,85692.0,72327.0,-0.203928899689689
20250709,PF2509,6418.0,60305.0,85330.0,-0.0187119950592841
20250709,PF2510,6408.0,19310.0,65353.0,-0.0638399252509606
20250709,PF2511,6374.0,24725.0,34796.0,-0.0301602420784045
20250709,PF2512,6358.0,15588.0,16479.0,0.0263943547102944
20250709,PF2601,6372.0,1128.0,2849.0,-0.0642015693488763
20250709,PF2602,6338.0,14.0,235.0,0.030255294943145
20250709,PF2603,6354.0,21.0,45.0,0.0226415161509196
20250709,PF2604,6366.0,14.0,21.0,0.0826553048721318
20250709,PF2605,6410.0,34.0,42.0,-0.0412564869577519
20250709,PF2606,6388.0,2.0,5.0,0.0
20250710,PF2507,6660.0,357.0,3450.0,-0.2145186652332668
20250710,PF2508,6542.0,75699.0,64897.0,-0.1885726679991592
20250710,PF2509,6440.0,61636.0,86560.0,0.0372093321389782
20250710,PF2510,6460.0,48556.0,67019.0,-0.0670600938005991
20250710,PF2511,6424.0,50895.0,35368.0,-0.0411664211614709
20250710,PF2512,6402.0,14134.0,17465.0,0.0224719166795019
20250710,PF2601,6414.0,1147.0,3085.0,-0.0713059173965917
20250710,PF2602,6376.0,3.0,236.0,0.0225634663782255
20250710,PF2603,6388.0,7.0,49.0,0.0262705343388643
20250710,PF2604,6402.0,1.0,22.0,0.0710171828230923
20250710,PF2605,6440.0,2.0,44.0,0.0
20250711,PF2508,6508.0,95214.0,55207.0,-0.2233315080483044
20250711,PF2509,6388.0,73784.0,92747.0,0.0337658500104037
20250711,PF2510,6406.0,23071.0,68146.0,-0.0638599096699715
20250711,PF2511,6372.0,14695.0,35128.0,-0.0377240172356103
20250711,PF2512,6352.0,3756.0,18148.0,0.0151038408863532
20250711,PF2601,6360.0,1514.0,3593.0,0.0113154180944443
20250711,PF2602,6366.0,1.0,235.0,0.007537688690051
20250711,PF2603,6370.0,2.0,49.0,0.0
20250714,PF2507,6662.0,202.0,0.0,-0.1449730710040766
20250714,PF2508,6582.0,89086.0,46764.0,-0.2691770566921371
20250714,PF2509,6436.0,96485.0,104145.0,0.0595165510166838
20250714,PF2510,6468.0,29659.0,69854.0,-0.0669769180583418
20250714,PF2511,6432.0,17836.0,33201.0,-0.0486057682763856
20250714,PF2512,6406.0,5411.0,18621.0,0.0074906369473473
20250714,PF2601,6410.0,1734.0,4500.0,-0.0788858686859617
20250714,PF2602,6368.0,1.0,235.0,0.0187999719409771
20250714,PF2605,6398.0,1.0,44.0,0.0
20250715,PF2508,6494.0,55257.0,32537.0,-0.2351187016628676
20250715,PF2509,6368.0,124799.0,112734.0,0.0413858381683378
20250715,PF2510,6390.0,35904.0,70456.0,-0.0602448708099897
20250715,PF2511,6358.0,20043.0,31944.0,-0.0340211284737163
20250715,PF2512,6340.0,4487.0,19465.0,0.0189125334655885
20250715,PF2601,6350.0,824.0,4598.0,0.0565594134251776
20250715,PF2602,6380.0,1.0,236.0,0.0787379797274844
20250715,PF2603,6422.0,1.0,49.0,-0.0374884068676223
20250715,PF2605,6382.0,1.0,43.0,0.0
20250716,PF2508,6492.0,15562.0,29536.0,-0.2540568117345024
20250716,PF2509,6356.0,94819.0,117907.0,0.0489873501789875
20250716,PF2510,6382.0,21069.0,72712.0,-0.0489873501789863
20250716,PF2511,6356.0,10227.0,33316.0,-0.0226771721030716
20250716,PF2512,6344.0,2936.0,20334.0,0.0113439428646406
20250716,PF2601,6350.0,843.0,5255.0,0.0075566753126907
20250716,PF2602,6354.0,1.0,235.0,0.0075519196954384
20250716,PF2603,6358.0,1.0,48.0,0.0564884143698608
20250716,PF2604,6388.0,3.0,23.0,-0.0075164424630999
20250716,PF2605,6384.0,2.0,43.0,0.0
20250717,PF2508,6514.0,15059.0,22989.0,-0.2871039540241314
20250717,PF2509,6360.0,111912.0,118768.0,0.052714236008824
20250717,PF2510,6388.0,36089.0,74180.0,-0.048941244309763
20250717,PF2511,6362.0,18306.0,33423.0,-0.030217201991383
20250717,PF2512,6346.0,3477.0,20762.0,0.0037813140379049
20250717,PF2601,6348.0,871.0,5652.0,0.0
20250718,PF2508,6412.0,31923.0,9288.0,-0.0750941123940531
20250718,PF2509,6372.0,200458.0,116018.0,0.063859909669971
20250718,PF2510,6406.0,66832.0,80401.0,-0.0262541126759147
20250718,PF2511,6392.0,24903.0,35398.0,-0.0263116785132923
20250718,PF2512,6378.0,5810.0,21189.0,0.0075235112182303
20250718,PF2601,6382.0,3174.0,6119.0,-0.0112870364176545
20250718,PF2602,6376.0,29.0,221.0,0.0188058336561176
20250718,PF2603,6386.0,14.0,55.0,0.0823973274832535
20250718,PF2604,6430.0,5.0,26.0,-0.0336396420266584
20250718,PF2605,6412.0,19.0,57.0,0.0
20250721,PF2508,6448.0,8793.0,7295.0,-0.0298136799319433
20250721,PF2509,6432.0,135453.0,114606.0,0.1114214133081537
20250721,PF2510,6492.0,54978.0,85637.0,-0.018498539195869
20250721,PF2511,6482.0,26139.0,35766.0,-0.0296571049933715
20250721,PF2512,6466.0,5076.0,21084.0,0.0037111489394281
20250721,PF2601,6468.0,2002.0,6375.0,0.0185385484113253
20250721,PF2602,6478.0,7.0,222.0,-0.0037054192049858
20250721,PF2603,6476.0,4.0,54.0,0.0185156648368499
20250721,PF2604,6486.0,3.0,26.0,0.0811312248385625
20250721,PF2605,6530.0,9.0,60.0,0.0
20250722,PF2508,6478.0,4662.0,5280.0,-0.0148285468359398
20250722,PF2509,6470.0,142483.0,114005.0,0.1254623974705155
20250722,PF2510,6538.0,47183.0,89015.0,-0.0330831883614881
20250722,PF2511,6520.0,17482.0,34831.0,-0.0331746486821756
20250722,PF2512,6502.0,5116.0,20796.0,0.0073800740333527
20250722,PF2601,6506.0,1866.0,6661.0,0.0
20250722,PF2602,6506.0,142.0,224.0,-0.0702946360355916
20250722,PF2603,6468.0,4.0,55.0,0.022242823791874
20250722,PF2604,6480.0,3.0,27.0,0.0185042442217823
20250722,PF2605,6490.0,5.0,60.0,-0.0481705139664527
20250722,PF2606,6464.0,1.0,5.0,0.0370713918556243
20250722,PF2607,6484.0,3.0,3.0,0.0
20250723,PF2508,6422.0,3650.0,3486.0,0.0186712345121159
20250723,PF2509,6432.0,161879.0,109647.0,0.1225068644429192
20250723,PF2510,6498.0,52667.0,92046.0,-0.014782878370919
20250723,PF2511,6490.0,16405.0,35221.0,-0.0296205025433521
20250723,PF2512,6474.0,4715.0,20594.0,0.0074119829410206
20250723,PF2601,6478.0,1681.0,7024.0,0.011109397491504
20250723,PF2602,6484.0,9.0,226.0,0.0074005552761849
20250723,PF2603,6488.0,9.0,58.0,-0.0074005552761859
20250723,PF2604,6484.0,9.0,32.0,0.0848320729789197
20250723,PF2605,6530.0,11.0,62.0,0.0366972763058504
20250723,PF2606,6550.0,9.0,10.0,0.0329318700355973
20250723,PF2607,6568.0,5.0,5.0,0.0
20250724,PF2508,6512.0,1891.0,2801.0,0.014732966859868
20250724,PF2509,6520.0,135947.0,107794.0,0.0916734786954915
20250724,PF2510,6570.0,45630.0,91982.0,-0.0146207754913115
20250724,PF2511,6562.0,18289.0,35431.0,-0.0402992288376305
20250724,PF2512,6540.0,4301.0,20351.0,0.0
20250724,PF2601,6540.0,2167.0,6403.0,0.0073372059760629
20250724,PF2602,6544.0,2.0,226.0,0.0658337524413586
20250724,PF2603,6580.0,4.0,58.0,0.0091116190631403
20250724,PF2605,6590.0,8.0,68.0,0.0218314189990255
20250724,PF2606,6602.0,5.0,13.0,-0.0218314189990244
20250724,PF2607,6590.0,2.0,6.0,0.0
20250725,PF2508,6598.0,2085.0,2535.0,0.014541049946498
20250725,PF2509,6606.0,144685.0,102919.0,0.112099655039397
20250725,PF2510,6668.0,70937.0,94603.0,-0.0180099088285724
20250725,PF2511,6658.0,38643.0,34939.0,-0.0180369791962333
20250725,PF2512,6648.0,4781.0,20882.0,0.0
20250725,PF2601,6648.0,2671.0,7016.0,-0.0180641310643697
20250725,PF2602,6638.0,235.0,434.0,0.0108417414391857
20250725,PF2603,6644.0,19.0,61.0,0.0144404349555927
20250725,PF2604,6652.0,9.0,35.0,0.0252290226583997
20250725,PF2605,6666.0,26.0,70.0,-0.0324470679888103
20250725,PF2606,6648.0,5.0,13.0,0.0
20250728,PF2508,6458.0,1555.0,1929.0,0.044513188599266
20250728,PF2509,6482.0,137717.0,93598.0,0.0922088446663576
20250728,PF2510,6532.0,43442.0,91827.0,-0.0183851728930951
20250728,PF2511,6522.0,15191.0,34478.0,-0.0220994537597936
20250728,PF2512,6510.0,4662.0,21645.0,0.0036860697571356
20250728,PF2601,6512.0,2742.0,8027.0,0.0184133840026588
20250728,PF2602,6522.0,22.0,425.0,-0.0516288442376786
20250728,PF2603,6494.0,12.0,63.0,0.0221538524460655
20250728,PF2604,6506.0,7.0,36.0,0.0662172127803896
20250728,PF2605,6542.0,13.0,70.0,0.0183290092149125
20250728,PF2606,6552.0,10.0,13.0,0.0438757344373257
20250728,PF2607,6576.0,5.0,9.0,0.0
20250729,PF2508,6486.0,579.0,1498.0,0.0258740281975834
20250729,PF2509,6500.0,80891.0,91930.0,0.0809570687862551
20250729,PF2510,6544.0,32030.0,91147.0,-0.0110074919811246
20250729,PF2511,6538.0,12029.0,33690.0,-0.0220453215706799
20250729,PF2512,6526.0,3643.0,20902.0,0.0110277232450784
20250729,PF2601,6532.0,3836.0,10861.0,0.0246990265378616
20250729,PF2605,6586.0,2.0,70.0,0.0
20250730,PF2508,6452.0,550.0,1620.0,0.0889441996635479
20250730,PF2509,6500.0,85097.0,92172.0,0.110261112652874
20250730,PF2510,6560.0,42394.0,92358.0,-0.0036590944024933
20250730,PF2511,6558.0,20711.0,32590.0,-0.0146475453035518
20250730,PF2512,6550.0,3809.0,20830.0,0.0073260075535479
20250730,PF2601,6554.0,2542.0,11541.0,0.0548029571777491
20250730,PF2602,6584.0,15.0,419.0,0.0181846047393294
20250730,PF2605,6614.0,2.0,70.0,-0.036341638920741
20250730,PF2606,6594.0,1.0,13.0,0.0
20250731,PF2508,6446.0,793.0,1242.0,0.0334624539065789
20250731,PF2509,6464.0,96669.0,83202.0,0.1365958449986952
20250731,PF2510,6538.0,51435.0,102172.0,-0.0073439414776858
20250731,PF2511,6534.0,18216.0,34326.0,-0.0220588297410121
20250731,PF2512,6522.0,3517.0,20714.0,0.0
20250731,PF2601,6522.0,1826.0,12354.0,0.0348571535332219
20250731,PF2603,6560.0,4.0,60.0,-0.0183066397060448
20250731,PF2604,6550.0,4.0,36.0,0.021964618700993
20250731,PF2605,6562.0,5.0,69.0,0.0292237587354637
20250731,PF2606,6578.0,3.0,14.0,0.0618651863029494
20250731,PF2607,6612.0,4.0,11.0,0.0
20250801,PF2508,6348.0,110.0,1147.0,0.0641007023026696
20250801,PF2509,6382.0,88046.0,76801.0,0.1160152495041144
20250801,PF2510,6444.0,71032.0,108432.0,-0.0037249728686506
20250801,PF2511,6442.0,21897.0,39298.0,-0.0149114651060693
20250801,PF2512,6434.0,8573.0,22863.0,0.0223602549169387
20250801,PF2601,6446.0,5375.0,15526.0,0.029749008108725
20250801,PF2602,6462.0,4.0,420.0,0.0148468933260316
20250801,PF2603,6470.0,6.0,62.0,0.0407344936744279
20250801,PF2604,6492.0,7.0,35.0,0.0184700667524265
20250801,PF2605,6502.0,12.0,72.0,0.062586428111858
20250801,PF2606,6536.0,2.0,14.0,0.0
20250804,PF2508,6296.0,98.0,1131.0,0.0987034985887254
20250804,PF2509,6348.0,74400.0,67110.0,0.1166336192209912
20250804,PF2510,6410.0,73354.0,120259.0,-0.0074906369473473
20250804,PF2511,6406.0,23625.0,43961.0,-0.0074953156715411
20250804,PF2512,6402.0,10197.0,25792.0,0.0112412186206425
20250804,PF2601,6408.0,2427.0,16244.0,0.0224508952297392
20250804,PF2602,6420.0,39.0,439.0,-0.0261967981788407
20250804,PF2603,6406.0,10.0,67.0,0.048605768276387
20250804,PF2604,6432.0,2.0,37.0,0.0558400263076961
20250804,PF2605,6462.0,11.0,73.0,0.0037134457978534
20250804,PF2606,6464.0,3.0,12.0,0.0222565751591339
20250804,PF2607,6476.0,1.0,11.0,0.0
20250805,PF2508,6286.0,100.0,1041.0,0.0685281050166018
20250805,PF2509,6322.0,84246.0,60524.0,0.1133509687515086
20250805,PF2510,6382.0,140704.0,150456.0,0.0
20250805,PF2511,6382.0,91193.0,55318.0,0.0
20250805,PF2512,6382.0,30895.0,31330.0,0.0262952053878727
20250805,PF2601,6396.0,1493.0,16702.0,0.0112517589115611
20250805,PF2602,6402.0,36.0,456.0,-0.0337869768019635
20250805,PF2603,6384.0,11.0,72.0,0.06000012500047
20250805,PF2604,6416.0,3.0,35.0,0.0782976212624424
20250805,PF2605,6458.0,10.0,79.0,0.0
20250806,PF2508,6298.0,10.0,1031.0,0.0986722827092092
20250806,PF2509,6350.0,49467.0,50830.0,0.1203394603963536
20250806,PF2510,6414.0,150389.0,165058.0,0.0037412315190033
20250806,PF2511,6416.0,86775.0,60639.0,0.0
20250806,PF2512,6416.0,17363.0,29087.0,0.0149532729629658
20250806,PF2601,6424.0,2748.0,17045.0,0.0521902034220227
20250806,PF2602,6452.0,4.0,457.0,-0.0074418607036231
20250806,PF2603,6448.0,11.0,78.0,-0.007446478675191
20250806,PF2604,6444.0,7.0,39.0,0.0742576627044219
20250806,PF2605,6484.0,8.0,81.0,-0.0222290894068687
20250806,PF2606,6472.0,3.0,14.0,0.033328211517696
20250806,PF2607,6490.0,2.0,12.0,0.0
20250807,PF2508,6298.0,23.0,1008.0,0.0342476845747537
20250807,PF2509,6316.0,28509.0,43907.0,0.143533344846934
20250807,PF2510,6392.0,105580.0,174025.0,0.0150093828198321
20250807,PF2511,6400.0,63764.0,61458.0,0.0037494141845409
20250807,PF2512,6402.0,26456.0,29367.0,0.0187295183956226
20250807,PF2601,6412.0,2964.0,17764.0,0.0373715655523053
20250807,PF2602,6432.0,3.0,457.0,-0.018671234512117
20250807,PF2603,6422.0,10.0,82.0,0.0522064216843082
20250807,PF2604,6450.0,10.0,44.0,0.0334417308861505
20250807,PF2605,6468.0,16.0,86.0,0.0
20250808,PF2508,6290.0,2.0,1008.0,0.0532995800105327
20250808,PF2509,6318.0,20390.0,38236.0,0.1209459057138998
20250808,PF2510,6382.0,109840.0,178205.0,-0.0037611659922387
20250808,PF2511,6380.0,53391.0,62227.0,0.0075211534897093
20250808,PF2512,6384.0,8722.0,30195.0,0.0150281797975904
20250808,PF2601,6392.0,1981.0,17777.0,0.0748598809523006
20250808,PF2602,6432.0,2.0,456.0,0.0223463945458949
20250808,PF2604,6456.0,1.0,43.0,0.0111472372159057
20250808,PF2605,6462.0,2.0,84.0,0.0
20250811,PF2508,6302.0,31.0,1008.0,0.0797092919695671
20250811,PF2509,6344.0,19461.0,32927.0,0.1204527052021355
20250811,PF2510,6408.0,110830.0,180318.0,-0.0112412186206407
20250811,PF2511,6402.0,41829.0,62191.0,0.0112412186206425
20250811,PF2512,6408.0,10093.0,30828.0,0.0149719295778633
20250811,PF2601,6416.0,3319.0,18043.0,0.0931537048683366
20250811,PF2602,6466.0,72.0,480.0,-0.0185729800271244
20250811,PF2603,6456.0,79.0,115.0,0.0519320748693843
20250811,PF2604,6484.0,82.0,82.0,0.051708297921715
20250811,PF2605,6512.0,69.0,139.0,0.0184133840026588
20250811,PF2606,6522.0,1.0,14.0,0.0697143070664438
20250811,PF2607,6560.0,1.0,12.0,0.0
20250812,PF2508,6312.0,65.0,1008.0,0.0871353473404534
20250812,PF2509,6358.0,18070.0,27935.0,0.1388600326566504
20250812,PF2510,6432.0,130031.0,177750.0,0.0037307632820323
20250812,PF2511,6434.0,86224.0,58990.0,0.0
20250812,PF2512,6434.0,29438.0,29783.0,0.0186364379747189
20250812,PF2601,6444.0,3168.0,18358.0,0.0371862708487963
20250812,PF2602,6464.0,15.0,483.0,0.0592593796869909
20250812,PF2603,6496.0,11.0,118.0,0.0110786282680414
20250812,PF2604,6502.0,11.0,87.0,0.0405343545246453
20250812,PF2605,6524.0,9.0,144.0,0.0055155511774333
20250812,PF2607,6530.0,1.0,12.0,0.0
20250813,PF2509,6340.0,19601.0,24046.0,0.1392519938619431
20250813,PF2510,6414.0,119373.0,178710.0,-0.0037423982838794
20250813,PF2511,6412.0,67797.0,57472.0,0.0074836298028812
20250813,PF2512,6416.0,25798.0,30801.0,0.0112167012373056
20250813,PF2601,6422.0,2929.0,18808.0,0.0298600465115306
20250813,PF2602,6438.0,5.0,485.0,0.0297859290378435
20250813,PF2603,6454.0,5.0,119.0,0.0445407254324096
20250813,PF2604,6478.0,7.0,87.0,0.0443760135909126
20250813,PF2605,6502.0,6.0,144.0,0.0442125154729823
20250813,PF2606,6526.0,1.0,13.0,0.0
20250814,PF2508,6244.0,80.0,0.0,0.0613419866112069
20250814,PF2509,6276.0,13689.0,20370.0,0.117965116775313
20250814,PF2510,6338.0,144817.0,186587.0,-0.0037872810792506
20250814,PF2511,6336.0,82107.0,57135.0,0.0113582592483705
20250814,PF2512,6342.0,29377.0,32500.0,0.0151276414613368
20250814,PF2601,6350.0,4467.0,19994.0,0.0828628527965937
20250814,PF2602,6394.0,22.0,490.0,0.0112552767357182
20250814,PF2603,6400.0,19.0,129.0,0.0411792636203519
20250814,PF2604,6422.0,17.0,93.0,0.0373134629002198
20250814,PF2605,6442.0,14.0,149.0,0.0297674571249159
20250814,PF2606,6458.0,2.0,14.0,-0.0185960055810758
20250814,PF2607,6448.0,3.0,13.0,0.0
20250815,PF2509,6318.0,15244.0,15764.0,0.1547434558287934
20250815,PF2510,6400.0,140330.0,173226.0,-0.0450845865325474
20250815,PF2511,6376.0,95212.0,57500.0,0.0037635251994227
20250815,PF2512,6378.0,49472.0,33287.0,0.0225563976189296
20250815,PF2601,6390.0,4584.0,20078.0,0.0375000305176233
20250815,PF2602,6410.0,1.0,490.0,0.0336501233122495
20250815,PF2603,6428.0,4.0,127.0,0.0335560262157602
20250815,PF2604,6446.0,3.0,93.0,0.0371747509199423
20250815,PF2605,6466.0,5.0,150.0,0.0074211505148155
20250815,PF2606,6470.0,2.0,13.0,0.0370370664382723
20250815,PF2607,6490.0,1.0,12.0,0.0
20250818,PF2509,6368.0,9374.0,11356.0,0.175841026322695
20250818,PF2510,6462.0,152799.0,165099.0,-0.0558400263076952
20250818,PF2511,6432.0,63276.0,58431.0,-0.0149346627864566
20250818,PF2512,6424.0,25225.0,32587.0,0.0037354085904726
20250818,PF2601,6426.0,7571.0,19397.0,0.0372902723949516
20250818,PF2602,6446.0,5.0,487.0,-0.0260910181989708
20250818,PF2603,6432.0,6.0,127.0,0.0521254310141437
20250818,PF2604,6460.0,6.0,93.0,0.0592959822940106
20250818,PF2605,6492.0,2.0,149.0,0.0
20250819,PF2509,6344.0,6376.0,8410.0,0.16531257052942
20250819,PF2510,6432.0,164225.0,164224.0,-0.0111992541959825
20250819,PF2511,6426.0,70840.0,58456.0,-0.0299158771330559
20250819,PF2512,6410.0,18936.0,32991.0,0.0074859640606127
20250819,PF2601,6414.0,4006.0,18903.0,0.0597201854673943
20250819,PF2602,6446.0,39.0,495.0,0.0371173469512803
20250819,PF2604,6486.0,1.0,93.0,-0.011105970251315
20250819,PF2605,6480.0,1.0,149.0,0.0222016714579364
20250819,PF2606,6492.0,1.0,13.0,0.0
20250820,PF2509,6420.0,3739.0,6852.0,0.1559910545236751
20250820,PF2510,6504.0,136320.0,160910.0,-0.0221606711179759
20250820,PF2511,6492.0,94790.0,61379.0,-0.0259059468384865
20250820,PF2512,6478.0,54359.0,34945.0,0.0074074076426161
20250820,PF2601,6482.0,8760.0,19250.0,0.0221948275355818
20250820,PF2602,6494.0,27.0,499.0,0.0184643827782635
20250820,PF2603,6504.0,10.0,125.0,0.0552232912004286
20250820,PF2604,6534.0,7.0,93.0,0.0036725325458811
20250820,PF2605,6536.0,12.0,148.0,0.0549535382603894
20250820,PF2606,6566.0,4.0,13.0,-0.0843653176900719
20250820,PF2607,6520.0,3.0,11.0,0.0
20250821,PF2509,6520.0,3456.0,5054.0,0.1717708634524737
20250821,PF2510,6614.0,225576.0,150970.0,-0.0545538142179886
20250821,PF2511,6584.0,112751.0,65136.0,-0.0218911583969648
20250821,PF2512,6572.0,40392.0,34554.0,-0.0182731876333416
20250821,PF2601,6562.0,11722.0,18813.0,-0.0036579789949462
20250821,PF2602,6560.0,37.0,503.0,0.0292326575745734
20250821,PF2603,6576.0,19.0,116.0,0.050986419648033
20250821,PF2604,6604.0,16.0,89.0,0.0616222468788156
20250821,PF2605,6638.0,15.0,143.0,-0.007233273275066
20250821,PF2606,6634.0,2.0,14.0,0.0289069697148245
20250821,PF2607,6650.0,3.0,11.0,-0.0036095653753884
20250821,PF2608,6648.0,4.0,0.0,0.0
20250822,PF2509,6506.0,1825.0,4238.0,0.1975654381012963
20250822,PF2510,6614.0,160220.0,155772.0,-0.0327025183469825
20250822,PF2511,6596.0,78025.0,66825.0,-0.0364409633216839
20250822,PF2512,6576.0,26810.0,36213.0,-0.0219178143124115
20250822,PF2601,6564.0,4797.0,18960.0,0.0365074817630906
20250822,PF2602,6584.0,12.0,501.0,0.0145719507888237
20250822,PF2603,6592.0,1.0,117.0,0.0472370027069972
20250822,PF2604,6618.0,4.0,90.0,0.0578837420201088
20250822,PF2605,6650.0,12.0,146.0,-0.0036095653753884
20250822,PF2606,6648.0,3.0,14.0,0.0144317515891259
20250822,PF2607,6656.0,1.0,11.0,0.0
20250825,PF2509,6486.0,733.0,3938.0,0.2018087617467145
20250825,PF2510,6596.0,133704.0,151482.0,-0.0036391205737578
20250825,PF2511,6594.0,77489.0,65224.0,-0.0182121752972478
20250825,PF2512,6584.0,29115.0,36710.0,-0.0145896674506785
20250825,PF2601,6576.0,6464.0,20170.0,0.0255202891264458
20250825,PF2602,6590.0,19.0,517.0,0.0417361428826926
20250825,PF2604,6636.0,1.0,90.0,-0.003617181640049
20250825,PF2605,6634.0,8.0,148.0,0.0649430328320594
20250825,PF2606,6670.0,1.0,15.0,0.0107897504646764
20250825,PF2607,6676.0,1.0,12.0,0.0
20250826,PF2509,6492.0,2172.0,2789.0,0.2379214736725178
20250826,PF2510,6622.0,162929.0,160248.0,-0.0399334811120962
20250826,PF2511,6600.0,70692.0,70101.0,-0.0218380406038317
20250826,PF2512,6588.0,27771.0,36415.0,-0.0109339415309479
20250826,PF2601,6582.0,7408.0,21101.0,0.0254970501144516
20250826,PF2602,6596.0,24.0,512.0,-0.0109206741952393
20250826,PF2603,6590.0,25.0,117.0,0.0617528228225136
20250826,PF2604,6624.0,24.0,91.0,0.0217194629428726
20250826,PF2605,6636.0,31.0,155.0,0.075710030319177
20250826,PF2606,6678.0,5.0,19.0,0.0
20250826,PF2607,6678.0,1.0,11.0,0.0
20250827,PF2509,6468.0,360.0,2580.0,0.1914151015219354
20250827,PF2510,6572.0,139244.0,157687.0,-0.0439024879935982
20250827,PF2511,6548.0,64776.0,76038.0,-0.0256841559601202
20250827,PF2512,6534.0,20916.0,37983.0,0.0036725325458811
20250827,PF2601,6536.0,7262.0,22583.0,0.018345822255443
20250827,PF2602,6546.0,46.0,548.0,0.0292951015190523
20250827,PF2603,6562.0,22.0,119.0,0.0547362968191292
20250827,PF2604,6592.0,25.0,95.0,0.0072793450821823
20250827,PF2605,6596.0,37.0,160.0,0.0580763384035679
20250827,PF2606,6628.0,17.0,27.0,-0.0108679252711435
20250827,PF2607,6622.0,4.0,12.0,0.0
20250828,PF2509,6412.0,244.0,2483.0,0.2114755610858683
20250828,PF2510,6526.0,171800.0,138898.0,-0.0257708336506761
20250828,PF2511,6512.0,108088.0,80401.0,-0.0258262974399671
20250828,PF2512,6498.0,22192.0,39800.0,0.0184530253185934
20250828,PF2601,6508.0,4196.0,23246.0,0.0221062389812425
20250828,PF2602,6520.0,19.0,565.0,-0.0184190366170044
20250828,PF2603,6510.0,7.0,119.0,0.0147374903387033
20250828,PF2604,6518.0,6.0,92.0,0.1063089280621084
20250828,PF2605,6576.0,15.0,157.0,0.0618839533165936
20250828,PF2606,6610.0,5.0,28.0,-0.0181680579745808
20250828,PF2607,6600.0,8.0,12.0,0.0254275863266549
20250828,PF2608,6614.0,2.0,1.0,0.0
20250829,PF2509,6380.0,356.0,2285.0,0.2236089545387161
20250829,PF2510,6500.0,166371.0,108557.0,-0.0332768661868292
20250829,PF2511,6482.0,119153.0,88724.0,-0.0333694020067363
20250829,PF2512,6464.0,40855.0,45611.0,0.040772239995984
20250829,PF2601,6486.0,11342.0,24572.0,0.0184871396910071
20250829,PF2602,6496.0,767.0,591.0,0.014769232633592
20250829,PF2603,6504.0,11.0,115.0,0.0
20250829,PF2604,0.0,0.0,92.0,0.0
20250829,PF2605,6552.0,25.0,165.0,0.0256136703435914
20250829,PF2606,6566.0,3.0,28.0,-0.0476118433235228
20250829,PF2607,6540.0,1.0,11.0,0.0146699284773732
20250829,PF2608,6548.0,1.0,0.0,0.0
20250901,PF2509,6380.0,455.0,1844.0,0.1977349263411318
20250901,PF2510,6486.0,104824.0,97885.0,-0.0333487940431891
20250901,PF2511,6468.0,111150.0,102723.0,-0.0334417308861514
20250901,PF2512,6450.0,67688.0,50446.0,0.0667905249293421
20250901,PF2601,6486.0,19734.0,24504.0,0.0147919895463352
20250901,PF2602,6494.0,5553.0,4486.0,-0.0036962883397135
20250901,PF2603,6492.0,25.0,119.0,0.0516447154346014
20250901,PF2604,6520.0,10.0,93.0,0.0183908081973385
20250901,PF2605,6530.0,10.0,172.0,0.0220318299342287
20250901,PF2606,6542.0,4.0,28.0,-0.0146833912477654
20250901,PF2607,6534.0,3.0,11.0,0.0
20250902,PF2509,6360.0,103.0,1841.0,0.1500019531707776
20250902,PF2510,6440.0,86823.0,69993.0,-0.0037272868757493
20250902,PF2511,6438.0,146808.0,130213.0,-0.0298600465115303
20250902,PF2512,6422.0,51179.0,52989.0,0.0707966655262598
20250902,PF2601,6460.0,11650.0,25669.0,0.0333900354555242
20250902,PF2602,6478.0,6422.0,10195.0,0.0259059468384863
20250902,PF2603,6492.0,12.0,121.0,0.0626825822254104
20250902,PF2604,6526.0,9.0,95.0,0.0293847713407598
20250902,PF2605,6542.0,10.0,173.0,0.0695017946524027
20250902,PF2606,6580.0,1.0,28.0,0.0
20250903,PF2509,6350.0,10.0,1831.0,0.112853496335741
20250903,PF2510,6410.0,50705.0,56413.0,0.0
20250903,PF2511,6410.0,168093.0,150977.0,-0.0224859528630292
20250903,PF2512,6398.0,96192.0,56086.0,0.0710614512337266
20250903,PF2601,6436.0,10047.0,27933.0,0.0335143739955989
20250903,PF2602,6454.0,26952.0,17590.0,0.0889167390233221
20250903,PF2603,6502.0,6.0,121.0,0.0036906043655501
20250903,PF2604,6504.0,7.0,96.0,-0.003690604365551
20250903,PF2605,6502.0,3.0,175.0,0.0258104262970217
20250903,PF2606,6516.0,3.0,26.0,0.0661158697316364
20250903,PF2607,6552.0,2.0,9.0,0.0
20250904,PF2509,6254.0,118.0,1713.0,0.1676750049660725
20250904,PF2510,6342.0,46478.0,39287.0,-0.0227272795208485
20250904,PF2511,6330.0,205170.0,170693.0,0.0
20250904,PF2512,6330.0,85270.0,59613.0,0.0868884639819478
20250904,PF2601,6376.0,13326.0,27553.0,0.0150470239151241
20250904,PF2602,6384.0,16495.0,20586.0,0.0
20250904,PF2603,6384.0,29.0,142.0,0.1085302891379922
20250904,PF2604,6442.0,18.0,105.0,0.0557535461662024
20250904,PF2605,6472.0,40.0,202.0,0.0849888079101507
20250904,PF2606,6518.0,10.0,22.0,0.0220723544756377
20250904,PF2607,6530.0,6.0,7.0,0.0
20250905,PF2509,6250.0,106.0,1654.0,0.1867000669902291
20250905,PF2510,6348.0,29529.0,29622.0,-0.0264942545725744
20250905,PF2511,6334.0,192663.0,185144.0,-0.0151658787958909
20250905,PF2512,6326.0,103430.0,63698.0,0.0944737992534826
20250905,PF2601,6376.0,9639.0,27687.0,0.0188058336561176
20250905,PF2602,6386.0,30537.0,23605.0,-0.0225705395693476
20250905,PF2603,6374.0,10.0,142.0,0.0655334959175002
20250905,PF2605,6444.0,9.0,207.0,0.0463752501955577
20250905,PF2607,6494.0,15.0,11.0,-0.0296022351782
20250905,PF2608,6478.0,12.0,4.0,0.0
20250908,PF2510,6372.0,26131.0,24512.0,-0.0263943547102938
20250908,PF2511,6358.0,158812.0,188373.0,-0.0264525378727687
20250908,PF2512,6344.0,50330.0,68349.0,0.0791833195205212
20250908,PF2601,6386.0,8767.0,28469.0,0.0150234761407125
20250908,PF2602,6394.0,11581.0,24289.0,0.0412178391187636
20250908,PF2603,6416.0,6.0,141.0,0.0745807248412103
20250908,PF2604,6456.0,5.0,105.0,0.0297029854625156
20250908,PF2605,6472.0,29.0,200.0,0.0296296446830559
20250908,PF2606,6488.0,7.0,25.0,0.0110922824105102
20250908,PF2607,6494.0,9.0,11.0,0.0147737784127114
20250908,PF2608,6502.0,4.0,4.0,0.0
20250909,PF2510,6370.0,18604.0,20337.0,-0.0339569476708482
20250909,PF2511,6352.0,144980.0,184338.0,-0.0264775521132669
20250909,PF2512,6338.0,44504.0,66186.0,0.079258033055634
20250909,PF2601,6380.0,3781.0,28456.0,0.0187940523929385
20250909,PF2602,6390.0,13931.0,22327.0,-0.0075140891622377
20250909,PF2603,6386.0,5.0,144.0,0.0
20250910,PF2510,6378.0,10316.0,17344.0,-0.0263694973479054
20250910,PF2511,6364.0,125943.0,183319.0,-0.0264275708512823
20250910,PF2512,6350.0,42977.0,62742.0,0.0753534658181172
20250910,PF2601,6390.0,6201.0,27875.0,0.0112623189871714
20250910,PF2602,6396.0,13244.0,21026.0,0.0337236755910641
20250910,PF2603,6414.0,35.0,141.0,0.063442847200368
20250910,PF2604,6448.0,11.0,102.0,0.0371632381263982
20250910,PF2605,6468.0,3.0,197.0,0.0
20250911,PF2510,6376.0,16138.0,15304.0,-0.0112976628461035
20250911,PF2511,6370.0,113791.0,182894.0,-0.026402650915229
20250911,PF2512,6356.0,52055.0,63553.0,0.0640202365796854
20250911,PF2601,6390.0,6226.0,27847.0,0.0187646637141931
20250911,PF2602,6400.0,13345.0,22640.0,-0.0300375626174217
20250911,PF2603,6384.0,10.0,144.0,0.0712168262377743
20250911,PF2604,6422.0,7.0,104.0,0.0559267751476832
20250911,PF2605,6452.0,9.0,196.0,0.0408479428930834
20250911,PF2606,6474.0,1.0,24.0,0.0
20250912,PF2510,6336.0,6661.0,13900.0,-0.0075781499203084
20250912,PF2511,6332.0,124769.0,185819.0,-0.0341610225955902
20250912,PF2512,6314.0,32013.0,63265.0,0.0795583024640349
20250912,PF2601,6356.0,7012.0,28039.0,0.0113225358297948
20250912,PF2602,6362.0,11018.0,23870.0,-0.0037729916990591
20250912,PF2603,6360.0,15.0,145.0,0.1313539307699675
20250912,PF2604,6430.0,7.0,106.0,0.00746268680768
20250912,PF2605,6434.0,2.0,197.0,0.0334780781758472
20250912,PF2607,6470.0,1.0,11.0,0.0
20250915,PF2510,6350.0,6334.0,11336.0,-0.0151276414613362
20250915,PF2511,6342.0,220956.0,181515.0,-0.0303126147923813
20250915,PF2512,6326.0,142078.0,58620.0,0.0831761364073788
20250915,PF2601,6370.0,9010.0,27379.0,0.0075329569328734
20250915,PF2602,6374.0,23065.0,23870.0,0.0300846287315839
20250915,PF2603,6390.0,25.0,154.0,0.0711501538298731
20250915,PF2604,6428.0,17.0,105.0,0.0298322092735425
20250915,PF2605,6444.0,16.0,198.0,0.0297582297573904
20250915,PF2606,6460.0,3.0,23.0,0.0333900354555242
20250915,PF2607,6478.0,3.0,10.0,0.0
20250916,PF2510,6366.0,4521.0,9367.0,-0.0113154180944441
20250916,PF2511,6360.0,201783.0,181580.0,-0.0226628962544176
20250916,PF2512,6348.0,121964.0,57485.0,0.0791335887033689
20250916,PF2601,6390.0,8828.0,26316.0,0.0112623189871714
20250916,PF2602,6396.0,18792.0,23213.0,0.0075023447270198
20250916,PF2603,6400.0,16.0,155.0,0.1045432872242584
20250916,PF2604,6456.0,8.0,108.0,-0.0111576019195983
20250916,PF2605,6450.0,3.0,198.0,0.058951850877552
20250916,PF2609,6578.0,2.0,2.0,0.0
20250917,PF2510,6408.0,3451.0,7945.0,-0.0112412186206407
20250917,PF2511,6402.0,164492.0,172520.0,-0.0450704755176646
20250917,PF2512,6378.0,83605.0,53210.0,0.0712836237161693
20250917,PF2601,6416.0,6955.0,26330.0,0.0261560122237753
20250917,PF2602,6430.0,18012.0,22957.0,-0.0186770465718983
20250917,PF2603,6420.0,2.0,155.0,0.0335977820969597
20250917,PF2604,6438.0,1.0,108.0,0.0520769571195003
20250917,PF2605,6466.0,2.0,196.0,0.0259539727313042
20250917,PF2606,6480.0,1.0,22.0,0.0
20250918,PF2510,6350.0,3987.0,6286.0,-0.0113439428646415
20250918,PF2511,6344.0,276130.0,164236.0,-0.0340963133890774
20250918,PF2512,6326.0,155648.0,53269.0,0.0794078839034985
20250918,PF2601,6368.0,18566.0,24952.0,0.0113012094367531
20250918,PF2602,6374.0,33055.0,22687.0,0.0225705395693469
20250918,PF2603,6386.0,65.0,143.0,0.0749299968129169
20250918,PF2604,6426.0,58.0,130.0,0.052173995233241
20250918,PF2605,6454.0,44.0,203.0,0.0962968130566746
20250918,PF2606,6506.0,9.0,19.0,0.0441853828461607
20250918,PF2607,6530.0,8.0,12.0,0.0
20250918,PF2608,6530.0,4.0,8.0,0.0293667934877885
20250918,PF2609,6546.0,2.0,3.0,0.0
20250919,PF2510,6294.0,3363.0,5039.0,-0.0190809389860845
20250919,PF2511,6284.0,215528.0,170029.0,-0.0497529017602116
20250919,PF2512,6258.0,120769.0,57584.0,0.0878844877066526
20250919,PF2601,6304.0,12140.0,25161.0,0.0076117985425675
20250919,PF2602,6308.0,33015.0,23672.0,0.0228064686956896
20250919,PF2603,6320.0,111.0,212.0,0.1171478363674291
20250919,PF2604,6382.0,91.0,128.0,0.0337975501148925
20250919,PF2605,6400.0,77.0,230.0,-0.0037505860595995
20250919,PF2606,6398.0,6.0,19.0,0.0337131484426459
20250919,PF2607,6416.0,5.0,13.0,0.0595538387998199
20250919,PF2609,6480.0,2.0,4.0,0.0
20250922,PF2510,6276.0,2032.0,4335.0,-0.0038240917782026
20250922,PF2511,6274.0,200214.0,173292.0,-0.065030283710552
20250922,PF2512,6240.0,111451.0,60834.0,0.0009939498703543
20250922,PF2601,6286.0,11979.0,28141.0,0.0114540248170547
20250922,PF2602,6292.0,20578.0,23974.0,0.0038143674507313
20250922,PF2603,6294.0,24.0,221.0,0.1410867492850345
20250922,PF2604,6368.0,4.0,130.0,-0.0075376884422109
20250922,PF2605,6364.0,19.0,226.0,0.0113136392206163
20250922,PF2606,6370.0,8.0,12.0,0.0791208791208788
20250922,PF2607,6412.0,1.0,13.0,0.0
20250922,PF2608,0.0,0.0,8.0,0.0
20250922,PF2609,6406.0,3.0,4.0,0.0
20250923,PF2510,6254.0,1920.0,3934.0,-0.0076750879437166
20250923,PF2511,6250.0,160091.0,164748.0,-0.0767999999999995
20250923,PF2512,6210.0,92670.0,61611.0,0.0009119035987624
20250923,PF2601,6252.0,11288.0,28822.0,0.0153550863723612
20250923,PF2602,6260.0,26108.0,23828.0,0.0
20250923,PF2603,6260.0,16.0,231.0,0.0728434504792332
20250923,PF2604,6298.0,7.0,134.0,0.0381073356621142
20250923,PF2605,6318.0,11.0,235.0,0.0
20250923,PF2606,0.0,0.0,12.0,0.0
20250923,PF2607,0.0,0.0,13.0,0.0
20250923,PF2608,0.0,0.0,8.0,0.0
20250923,PF2609,6408.0,1.0,4.0,0.0
20250924,PF2510,6302.0,1511.0,3032.0,-0.0114249444620759
20250924,PF2511,6296.0,194228.0,160384.0,-0.0648030495552731
20250924,PF2512,6262.0,96555.0,63304.0,0.0010765846428789
20250924,PF2601,6312.0,12028.0,30803.0,0.0076045627376428
20250924,PF2602,6316.0,46145.0,23453.0,0.0227992400253329
20250924,PF2603,6328.0,43.0,239.0,0.0606826801517064
20250924,PF2604,6360.0,7.0,137.0,0.0377358490566051
20250924,PF2605,6380.0,19.0,244.0,0.0639498432601888
20250924,PF2606,6414.0,5.0,16.0,-0.0187090739008413
20250924,PF2607,6404.0,2.0,14.0,-0.0037476577139288
20250924,PF2608,6402.0,1.0,8.0,0.0749765698219313
20250924,PF2609,6442.0,1.0,3.0,0.0
20250925,PF2510,6372.0,1109.0,2303.0,0.0
20250925,PF2511,6372.0,194058.0,149651.0,-0.0715630885122404
20250925,PF2512,6334.0,107652.0,71111.0,0.0009366252399215
20250925,PF2601,6378.0,16161.0,27850.0,0.007525870178739
20250925,PF2602,6382.0,43151.0,31174.0,0.0188028831087443
20250925,PF2603,6392.0,11.0,238.0,0.0413016270337918
20250925,PF2604,6414.0,8.0,134.0,0.0748362956033679
20250925,PF2605,6454.0,8.0,246.0,-0.0743724821815932
20250925,PF2606,6414.0,1.0,16.0,0.1309635173058945
20250925,PF2607,6484.0,1.0,13.0,0.0
20250925,PF2608,0.0,0.0,8.0,0.0
20250925,PF2609,6508.0,1.0,3.0,0.0
20250926,PF2510,6326.0,636.0,1942.0,0.0
20250926,PF2511,6326.0,203164.0,138792.0,-0.0569079987353777
20250926,PF2512,6296.0,124134.0,63576.0,0.0009422783147495
20250926,PF2601,6340.0,8731.0,27366.0,0.011356466876971
20250926,PF2602,6346.0,33751.0,26806.0,0.0113457295934447
20250926,PF2603,6352.0,42.0,242.0,0.1397984886649874
20250926,PF2604,6426.0,7.0,136.0,0.0261437908496722
20250926,PF2605,6440.0,7.0,249.0,-0.0074534161490684
20250926,PF2606,6436.0,5.0,15.0,0.0372902423865753
20250926,PF2607,6456.0,3.0,13.0,0.0
20250926,PF2608,0.0,0.0,8.0,0.0
20250926,PF2609,6504.0,1.0,3.0,0.0
20250929,PF2510,6314.0,643.0,1537.0,0.0418118466898951
20250929,PF2511,6336.0,185616.0,116220.0,-0.0757575757575752
20250929,PF2512,6296.0,110168.0,71453.0,0.0009851091472381
20250929,PF2601,6342.0,9704.0,26210.0,0.0
20250929,PF2602,6342.0,28726.0,27391.0,0.015137180700095
20250929,PF2603,6350.0,37.0,244.0,0.1020472440944892
20250929,PF2604,6404.0,23.0,132.0,0.0112429731417851
20250929,PF2605,6410.0,41.0,241.0,0.0224648985959428
20250929,PF2606,6422.0,2.0,16.0,0.0448458424166924
20250929,PF2607,6446.0,3.0,12.0,-0.0446788706174374
20250929,PF2608,6422.0,2.0,6.0,0.0
20250929,PF2609,0.0,0.0,3.0,0.0
20250930,PF2510,6254.0,720.0,1162.0,0.0422129836904368
20250930,PF2511,6276.0,183370.0,93016.0,-0.0764818355640541
20250930,PF2512,6236.0,96383.0,81160.0,0.0010378303579793
20250930,PF2601,6284.0,12320.0,26880.0,-0.0152768936982816
20250930,PF2602,6276.0,34893.0,28185.0,0.0114722753346079
20250930,PF2603,6282.0,91.0,266.0,0.1146131805157582
20250930,PF2604,6342.0,8.0,132.0,-0.0075685903500475
20250930,PF2605,6338.0,18.0,244.0,0.0227201009782254
20250930,PF2606,6350.0,5.0,18.0,0.0
20250930,PF2607,0.0,0.0,12.0,0.0
20250930,PF2608,6418.0,1.0,6.0,-0.026176378934247
20250930,PF2609,6404.0,1.0,2.0,0.0
20251009,PF2510,6244.0,23.0,1141.0,0.0922485586162711
20251009,PF2511,6292.0,104903.0,91083.0,-0.1144310235219321
20251009,PF2512,6232.0,65744.0,91897.0,0.0009086844268797
20251009,PF2601,6274.0,20398.0,25153.0,-0.0535543512910425
20251009,PF2602,6246.0,14815.0,29246.0,-0.007684918347742
20251009,PF2603,6242.0,3576.0,2448.0,0.0884331944889451
20251009,PF2604,6288.0,5.0,133.0,0.0534351145038174
20251009,PF2605,6316.0,27.0,246.0,0.026599113362888
20251009,PF2606,6330.0,2.0,17.0,0.0
20251009,PF2607,6330.0,1.0,13.0,0.0
20251009,PF2608,0.0,0.0,6.0,0.0
20251009,PF2609,0.0,0.0,2.0,0.0
20251010,PF2510,6140.0,41.0,1141.0,0.1172638436482085
20251010,PF2511,6200.0,163254.0,75907.0,-0.0735483870967739
20251010,PF2512,6162.0,162871.0,133063.0,0.0011378182335371
20251010,PF2601,6214.0,27635.0,28306.0,-0.0733826842613449
20251010,PF2602,6176.0,98796.0,37193.0,-0.0388601036269431
20251010,PF2603,6156.0,49951.0,15859.0,0.1715399610136465
20251010,PF2604,6244.0,43.0,151.0,-0.0038436899423448
20251010,PF2605,6242.0,70.0,276.0,0.0346042934956738
20251010,PF2606,6260.0,16.0,22.0,0.0421725239616614
20251010,PF2607,6282.0,17.0,16.0,0.0229226361031527
20251010,PF2608,6294.0,13.0,11.0,0.0381315538608193
20251010,PF2609,6314.0,26.0,12.0,0.0
20251013,PF2510,6158.0,28.0,1125.0,0.0155894771029565
20251013,PF2511,6166.0,119500.0,47106.0,-0.0661693156016864
20251013,PF2512,6132.0,244711.0,156239.0,0.0009674794960311
20251013,PF2601,6176.0,27020.0,32544.0,-0.0738341968911919
20251013,PF2602,6138.0,123273.0,40589.0,-0.0273704789833817
20251013,PF2603,6124.0,8967.0,19359.0,0.1332462442847815
20251013,PF2604,6192.0,39.0,140.0,-0.0232558139534884
20251013,PF2605,6180.0,146.0,319.0,-0.0116504854368937
20251013,PF2606,6174.0,63.0,44.0,0.0855199222546172
20251013,PF2607,6218.0,32.0,27.0,0.0308780958507561
20251013,PF2608,6234.0,6.0,12.0,0.023099133782483
20251013,PF2609,6246.0,12.0,18.0,0.0
20251014,PF2510,6102.0,47.0,1113.0,-0.0078662733529992
20251014,PF2511,6098.0,54737.0,33740.0,-0.0747786159396519
20251014,PF2512,6060.0,276286.0,187340.0,0.0004894871509622
20251014,PF2601,6082.0,45336.0,38913.0,-0.0552449852022358
20251014,PF2602,6054.0,126632.0,42084.0,-0.0237859266600599
20251014,PF2603,6042.0,33310.0,22764.0,0.1588877855014905
20251014,PF2604,6122.0,35.0,168.0,0.0078405749754972
20251014,PF2605,6126.0,94.0,365.0,-0.0039177277179232
20251014,PF2606,6124.0,5.0,43.0,0.0666231221423894
20251014,PF2607,6158.0,7.0,26.0,0.1091263397206878
20251014,PF2608,6214.0,2.0,11.0,-0.0502092050209199
20251014,PF2609,6188.0,8.0,21.0,0.0
20251015,PF2510,6080.0,43.0,1095.0,-0.0118421052631574
20251015,PF2511,6074.0,21536.0,27610.0,-0.0474152123806392
20251015,PF2512,6050.0,232363.0,200864.0,0.0003120066858575
20251015,PF2601,6064.0,30560.0,44384.0,-0.055408970976253
20251015,PF2602,6036.0,153411.0,42144.0,-0.0198807157057649
20251015,PF2603,6026.0,44206.0,23360.0,0.1234649850647198
20251015,PF2604,6088.0,23.0,165.0,0.0078843626806843
20251015,PF2605,6092.0,161.0,421.0,0.0393959290873286
20251015,PF2606,6112.0,26.0,52.0,0.0471204188481664
20251015,PF2607,6136.0,20.0,36.0,0.0312907431551492
20251015,PF2608,6152.0,4.0,14.0,0.0117035110533167
20251015,PF2609,6158.0,10.0,24.0,0.0
20251016,PF2510,6120.0,16.0,1091.0,-0.0039215686274509
20251016,PF2511,6118.0,15883.0,20357.0,-0.0509970578620464
20251016,PF2512,6092.0,157592.0,200659.0,0.0003098556220351
20251016,PF2601,6106.0,31164.0,44140.0,-0.0314444808385196
20251016,PF2602,6090.0,68228.0,42678.0,-0.0197044334975369
20251016,PF2603,6080.0,20730.0,24172.0,0.1184210526315796
20251016,PF2604,6140.0,38.0,142.0,-0.0078175895765477
20251016,PF2605,6136.0,86.0,402.0,-0.0664928292046931
20251016,PF2606,6102.0,2.0,51.0,0.1022615535889865
20251016,PF2607,6154.0,2.0,36.0,0.0545986350341243
20251016,PF2608,6182.0,1.0,14.0,0.0310579100614694
20251016,PF2609,6198.0,4.0,26.0,0.0
20251017,PF2510,0.0,0.0,1091.0,0.0
20251017,PF2511,6064.0,8589.0,16282.0,-0.055408970976253
20251017,PF2512,6036.0,177742.0,202159.0,0.0002680545937855
20251017,PF2601,6048.0,23101.0,44467.0,-0.031746031746032
20251017,PF2602,6032.0,157100.0,42052.0,-0.0198938992042445
20251017,PF2603,6022.0,98989.0,23823.0,0.127532381268681
20251017,PF2604,6086.0,20.0,137.0,0.0118304304962215
20251017,PF2605,6092.0,27.0,411.0,0.0
20251017,PF2606,0.0,0.0,51.0,0.0
20251017,PF2607,6112.0,1.0,36.0,0.031413612565446
20251017,PF2608,6128.0,1.0,13.0,0.0078328981723228
20251017,PF2609,6132.0,1.0,26.0,0.0
20251020,PF2510,0.0,0.0,1091.0,0.0
20251020,PF2511,6052.0,6204.0,14047.0,-0.0475875743555853
20251020,PF2512,6028.0,164110.0,200985.0,0.000357880453017
20251020,PF2601,6044.0,25860.0,44945.0,-0.0238252812706822
20251020,PF2602,6032.0,53860.0,44331.0,-0.0119363395225464
20251020,PF2603,6026.0,23531.0,24317.0,0.139395950879523
20251020,PF2604,6096.0,4.0,140.0,-0.0196850393700782
20251020,PF2605,6086.0,73.0,430.0,0.0157739073282936
20251020,PF2606,6094.0,3.0,50.0,0.0196914998359032
20251020,PF2607,6104.0,7.0,38.0,0.0
20251020,PF2608,0.0,0.0,13.0,0.0
20251020,PF2609,6132.0,6.0,30.0,0.0
20251021,PF2510,0.0,0.0,1091.0,0.0
20251021,PF2511,6078.0,5371.0,11345.0,-0.0157946692991108
20251021,PF2512,6070.0,199910.0,202860.0,0.0001777020898506
20251021,PF2601,6078.0,28220.0,48004.0,-0.0236920039486676
20251021,PF2602,6066.0,94664.0,43470.0,-0.0158259149357076
20251021,PF2603,6058.0,15711.0,24528.0,0.1030042918454929
20251021,PF2604,6110.0,41.0,140.0,-0.0196399345335511
20251021,PF2605,6100.0,28.0,437.0,0.0
20251021,PF2606,0.0,0.0,50.0,0.0
20251021,PF2607,6152.0,2.0,40.0,0.0
20251021,PF2608,0.0,0.0,13.0,0.0
20251021,PF2609,6178.0,4.0,30.0,0.0
20251022,PF2510,6090.0,163.0,0.0,0.1103448275862062
20251022,PF2511,6146.0,8045.0,6565.0,-0.0195248942401558
20251022,PF2512,6136.0,216025.0,207131.0,0.0005273720756485
20251022,PF2601,6160.0,54762.0,49988.0,-0.0155844155844149
20251022,PF2602,6152.0,72616.0,46504.0,-0.0195058517555266
20251022,PF2603,6142.0,29390.0,24888.0,0.0976880494952787
20251022,PF2604,6192.0,35.0,124.0,-0.0116279069767442
20251022,PF2605,6186.0,64.0,433.0,-0.0465567410281275
20251022,PF2606,6162.0,4.0,50.0,0.0467380720545271
20251022,PF2607,6186.0,8.0,40.0,0.0969932104752668
20251022,PF2608,6236.0,2.0,12.0,0.0153944836433614
20251022,PF2609,6244.0,5.0,31.0,0.0
20251023,PF2511,6142.0,2816.0,5676.0,0.0351676978183013
20251023,PF2512,6160.0,151701.0,205119.0,0.0006128702757916
20251023,PF2601,6188.0,33401.0,51913.0,-0.0193923723335487
20251023,PF2602,6178.0,55004.0,45626.0,-0.0233085140822266
20251023,PF2603,6166.0,15635.0,25242.0,0.1012001297437565
20251023,PF2604,6218.0,18.0,119.0,-0.0115792859440335
20251023,PF2605,6212.0,42.0,433.0,0.0038634900193175
20251023,PF2606,6214.0,2.0,50.0,0.0849694238815574
20251023,PF2607,6258.0,5.0,40.0,0.0038350910834132
20251023,PF2608,6260.0,4.0,13.0,0.0460063897763589
20251023,PF2609,6284.0,4.0,31.0,-0.0611075747931253
20251023,PF2610,6252.0,2.0,0.0,0.0
20251024,PF2511,6108.0,2869.0,4541.0,0.0628683693516691
20251024,PF2512,6140.0,147725.0,185418.0,0.0008344618087325
20251024,PF2601,6178.0,32261.0,49962.0,-0.015539009388152
20251024,PF2602,6170.0,52588.0,42745.0,-0.015559157212317
20251024,PF2603,6162.0,18860.0,25387.0,0.0584225900681589
20251024,PF2604,6192.0,10.0,122.0,0.0813953488372094
20251024,PF2605,6234.0,33.0,432.0,-0.0615976900866219
20251024,PF2606,6202.0,4.0,53.0,0.0580457916801027
20251024,PF2607,6232.0,5.0,43.0,0.0
20251024,PF2608,0.0,0.0,13.0,0.0
20251024,PF2609,6270.0,2.0,33.0,0.0
20251024,PF2610,0.0,0.0,0.0,0.0
20251027,PF2511,6228.0,3584.0,2856.0,0.0269749518304438
20251027,PF2512,6242.0,211872.0,172405.0,0.000648020477447
20251027,PF2601,6272.0,47431.0,50467.0,-0.0076530612244893
20251027,PF2602,6268.0,86387.0,47428.0,-0.0153158902361205
20251027,PF2603,6260.0,34208.0,26625.0,0.019169329073482
20251027,PF2604,6270.0,19.0,121.0,0.0688995215310992
20251027,PF2605,6306.0,85.0,429.0,0.0038058991436731
20251027,PF2606,6308.0,15.0,61.0,0.0608750792644254
20251027,PF2607,6340.0,11.0,48.0,0.0
20251027,PF2608,0.0,0.0,13.0,0.0
20251027,PF2609,6376.0,5.0,37.0,-0.0376411543287327
20251027,PF2610,6356.0,5.0,4.0,0.0
20251028,PF2511,6214.0,1261.0,2071.0,0.069520437721275
20251028,PF2512,6250.0,130271.0,163037.0,0.0006040449438202
20251028,PF2601,6278.0,28319.0,52264.0,-0.0191143676330045
20251028,PF2602,6268.0,73151.0,48967.0,0.0
20251028,PF2603,6268.0,40143.0,27737.0,0.0689215060625398
20251028,PF2604,6304.0,7.0,116.0,0.0152284263959394
20251028,PF2605,6312.0,70.0,470.0,0.0152091254752857
20251028,PF2606,6320.0,2.0,62.0,-0.0075949367088608
20251028,PF2607,6316.0,4.0,49.0,0.0151994933502228
20251028,PF2608,6324.0,1.0,13.0,0.064516129032258
20251028,PF2609,6358.0,4.0,38.0,0.0
20251028,PF2610,0.0,0.0,4.0,0.0
20251029,PF2511,6232.0,578.0,1709.0,0.0693196405648262
20251029,PF2512,6268.0,117929.0,155654.0,0.000645332453769
20251029,PF2601,6298.0,27023.0,53646.0,-0.0114322006986342
20251029,PF2602,6292.0,36966.0,48478.0,-0.026700572155117
20251029,PF2603,6278.0,10557.0,28152.0,0.0496973558458115
20251029,PF2604,6304.0,4.0,115.0,0.0
20251029,PF2605,6304.0,32.0,481.0,0.0228426395939091
20251029,PF2606,6316.0,5.0,64.0,0.0987967067764419
20251029,PF2607,6368.0,7.0,51.0,0.0339195979899491
20251029,PF2608,6386.0,5.0,15.0,-0.0300657688694019
20251029,PF2609,6370.0,3.0,37.0,0.041444270015698
20251029,PF2610,6392.0,7.0,5.0,0.0
20251030,PF2511,6176.0,510.0,1395.0,0.0544041450777204
20251030,PF2512,6204.0,136879.0,142919.0,0.0007389216091104
20251030,PF2601,6238.0,40146.0,55688.0,-0.0038473869830077
20251030,PF2602,6236.0,49304.0,53039.0,-0.0230917254650422
20251030,PF2603,6224.0,21780.0,30574.0,0.1465295629820042
20251030,PF2604,6300.0,3.0,115.0,-0.0380952380952379
20251030,PF2605,6280.0,48.0,499.0,0.1222929936305732
20251030,PF2606,6344.0,2.0,63.0,0.0416141235813372
20251030,PF2607,6366.0,2.0,50.0,-0.0263901979264842
20251030,PF2608,6352.0,2.0,14.0,-0.0113350125944577
20251030,PF2609,6346.0,1.0,38.0,0.0151276394579253
20251030,PF2610,6354.0,1.0,5.0,0.0
20251031,PF2511,6152.0,882.0,719.0,0.0897269180754234
20251031,PF2512,6198.0,126788.0,123496.0,0.0008266530341429
20251031,PF2601,6236.0,30583.0,55427.0,-0.0076972418216807
20251031,PF2602,6232.0,49007.0,52629.0,-0.015404364569961
20251031,PF2603,6224.0,20388.0,30241.0,0.1311053984575831
20251031,PF2604,6292.0,49.0,146.0,0.0190718372536542
20251031,PF2605,6302.0,155.0,572.0,0.0
20251031,PF2606,0.0,0.0,63.0,0.0
20251031,PF2607,6326.0,3.0,52.0,0.0265570660765099
20251031,PF2608,6340.0,1.0,13.0,0.0
20251031,PF2609,0.0,0.0,38.0,0.0
20251031,PF2610,0.0,0.0,5.0,0.0
20251103,PF2511,0.0,0.0,719.0,0.0
20251103,PF2512,6178.0,89628.0,117976.0,0.0010039247638412
20251103,PF2601,6224.0,30065.0,59100.0,-0.0038560411311059
20251103,PF2602,6222.0,38886.0,60658.0,-0.0115718418514951
20251103,PF2603,6216.0,22070.0,35037.0,0.0540540540540535
20251103,PF2604,6244.0,8354.0,6459.0,0.0384368994234458
20251103,PF2605,6264.0,169.0,620.0,-0.019157088122605
20251103,PF2606,6254.0,19.0,65.0,0.0882635113527339
20251103,PF2607,6300.0,12.0,54.0,0.0990476190476181
20251103,PF2608,6352.0,2.0,14.0,-0.0982367758186395
20251103,PF2609,6300.0,9.0,41.0,0.1295238095238096
20251103,PF2610,6368.0,1.0,6.0,0.0
20251104,PF2511,6194.0,1.0,718.0,-0.0077494349370357
20251104,PF2512,6190.0,95359.0,106550.0,0.0006970285527581
20251104,PF2601,6222.0,29787.0,55795.0,-0.0154291224686602
20251104,PF2602,6214.0,62852.0,75534.0,-0.0115867396202125
20251104,PF2603,6208.0,37682.0,41597.0,0.0695876288659791
20251104,PF2604,6244.0,27853.0,18471.0,0.0269058295964113
20251104,PF2605,6258.0,72.0,631.0,-0.0115052732502398
20251104,PF2606,6252.0,10.0,65.0,0.0921305182341649
20251104,PF2607,6300.0,11.0,57.0,0.0152380952380957
20251104,PF2608,6308.0,5.0,16.0,0.0076093849080525
20251104,PF2609,6312.0,13.0,50.0,0.1178707224334605
20251104,PF2610,6374.0,2.0,6.0,0.0
20251105,PF2511,0.0,0.0,718.0,0.0
20251105,PF2512,6176.0,103980.0,100708.0,0.0007422716423123
20251105,PF2601,6210.0,36063.0,59448.0,-0.0154589371980682
20251105,PF2602,6202.0,76340.0,84554.0,-0.0154788777813608
20251105,PF2603,6194.0,46660.0,35862.0,0.0774943493703572
20251105,PF2604,6234.0,31658.0,18063.0,0.023099133782483
20251105,PF2605,6246.0,43.0,646.0,0.0
20251105,PF2606,0.0,0.0,65.0,0.0
20251105,PF2607,0.0,0.0,57.0,0.0
20251105,PF2608,0.0,0.0,16.0,0.0
20251105,PF2609,6282.0,3.0,51.0,0.0
20251105,PF2610,0.0,0.0,6.0,0.0
20251106,PF2511,6196.0,205.0,628.0,0.0929632020658486
20251106,PF2512,6244.0,110152.0,92085.0,0.0007341879665152
20251106,PF2601,6278.0,45402.0,64944.0,-0.007645747053202
20251106,PF2602,6274.0,71687.0,92470.0,-0.0153012432260117
20251106,PF2603,6266.0,59313.0,34903.0,0.0804340887328436
20251106,PF2604,6308.0,55779.0,20327.0,0.0304375396322127
20251106,PF2605,6324.0,176.0,727.0,0.0
20251106,PF2606,0.0,0.0,65.0,0.0
20251106,PF2607,6332.0,6.0,56.0,-0.2198357548957679
20251106,PF2608,6216.0,4.0,14.0,0.2355212355212348
20251106,PF2609,6338.0,16.0,45.0,-0.0908804039129056
20251106,PF2610,6290.0,1.0,6.0,0.0
20251107,PF2511,6170.0,19.0,627.0,0.085575364667747
20251107,PF2512,6214.0,110800.0,75492.0,0.0008245245422623
20251107,PF2601,6252.0,53740.0,65149.0,-0.0038387715930903
20251107,PF2602,6250.0,83619.0,100768.0,-0.0076799999999996
20251107,PF2603,6246.0,40834.0,33632.0,0.0499519692603263
20251107,PF2604,6272.0,40395.0,21127.0,0.0153061224489787
20251107,PF2605,6280.0,357.0,861.0,0.0
20251107,PF2606,0.0,0.0,65.0,0.0
20251107,PF2607,0.0,0.0,56.0,0.0
20251107,PF2608,0.0,0.0,14.0,0.0
20251107,PF2609,6308.0,3.0,45.0,0.0
20251107,PF2610,0.0,0.0,6.0,0.0
20251110,PF2511,0.0,0.0,627.0,0.0
20251110,PF2512,6238.0,123296.0,64616.0,0.0009510394789456
20251110,PF2601,6282.0,54585.0,67318.0,0.0191021967526276
20251110,PF2602,6292.0,103824.0,114911.0,-0.0076287349014627
20251110,PF2603,6288.0,48970.0,32939.0,0.0687022900763363
20251110,PF2604,6324.0,34805.0,20727.0,0.0037950664136614
20251110,PF2605,6326.0,370.0,902.0,0.0303509326588677
20251110,PF2606,6342.0,2.0,66.0,0.0567644276253558
20251110,PF2607,6372.0,2.0,56.0,0.0
20251110,PF2608,0.0,0.0,14.0,0.0
20251110,PF2609,6358.0,4.0,45.0,0.0
20251110,PF2610,0.0,0.0,6.0,0.0
20251111,PF2511,6156.0,14.0,627.0,-0.0077972709551663
20251111,PF2512,6152.0,110425.0,47495.0,0.0012273344924825
20251111,PF2601,6208.0,53052.0,66432.0,0.0309278350515462
20251111,PF2602,6224.0,111193.0,133428.0,0.0115681233933164
20251111,PF2603,6230.0,36124.0,34468.0,0.0616372391653285
20251111,PF2604,6262.0,21214.0,22239.0,0.0229958479718934
20251111,PF2605,6274.0,272.0,995.0,0.0114759324195095
20251111,PF2606,6280.0,13.0,74.0,0.1184713375796171
20251111,PF2607,6342.0,5.0,55.0,0.0189214758751194
20251111,PF2608,6352.0,2.0,14.0,-0.0604534005037789
20251111,PF2609,6320.0,6.0,44.0,0.0
20251111,PF2610,0.0,0.0,6.0,0.0
20251112,PF2511,0.0,0.0,627.0,0.0
20251112,PF2512,6192.0,72911.0,34395.0,0.0009581046947129
20251112,PF2601,6236.0,53918.0,61354.0,0.0115458627325217
20251112,PF2602,6242.0,191893.0,139814.0,0.0115347644985579
20251112,PF2603,6248.0,103804.0,35594.0,0.0883482714468639
20251112,PF2604,6294.0,45426.0,25527.0,0.0114394661582455
20251112,PF2605,6300.0,130.0,984.0,0.0380952380952379
20251112,PF2606,6320.0,12.0,70.0,0.0
20251112,PF2607,0.0,0.0,55.0,0.0
20251112,PF2608,0.0,0.0,14.0,0.0
20251112,PF2609,6342.0,2.0,46.0,0.0
20251112,PF2610,0.0,0.0,6.0,0.0
20251113,PF2511,6110.0,100.0,627.0,0.1296235679214401
20251113,PF2512,6176.0,30544.0,26044.0,0.0010042498690108
20251113,PF2601,6222.0,50240.0,60636.0,0.003857280617165
20251113,PF2602,6224.0,284089.0,150224.0,0.0077120822622118
20251113,PF2603,6228.0,165187.0,38759.0,0.0770712909441222
20251113,PF2604,6268.0,56554.0,25437.0,0.0153158902361205
20251113,PF2605,6276.0,529.0,1180.0,-0.0917782026768647
20251113,PF2606,6228.0,2.0,69.0,0.104046242774566
20251113,PF2607,6282.0,16.0,57.0,0.0229226361031527
20251113,PF2608,6294.0,4.0,15.0,0.019065776930411
20251113,PF2609,6304.0,20.0,56.0,0.1294416243654828
20251113,PF2610,6372.0,1.0,5.0,0.0
20251114,PF2511,0.0,90.0,0.0,0.0
20251114,PF2512,6180.0,16094.0,20148.0,0.0010472346460128
20251114,PF2601,6228.0,36664.0,56495.0,0.0192678227360305
20251114,PF2602,6238.0,227419.0,152049.0,0.0153895479320285
20251114,PF2603,6246.0,110736.0,37166.0,0.0730067243035552
20251114,PF2604,6284.0,72969.0,22320.0,0.019096117122852
20251114,PF2605,6294.0,830.0,1680.0,0.0038131553860827
20251114,PF2606,6296.0,4.0,70.0,0.0648030495552731
20251114,PF2607,6330.0,6.0,59.0,0.0037914691943123
20251114,PF2608,6332.0,2.0,15.0,0.015161086544535
20251114,PF2609,6340.0,6.0,57.0,0.0984227129337549
20251114,PF2610,6392.0,7.0,5.0,0.0
20251117,PF2512,6172.0,10746.0,16728.0,0.0010049007114405783
20251117,PF2601,6218.0,29026.0,55275.0,0.023158571888067137
20251117,PF2602,6230.0,327774.0,158815.0,0.011556982343500444
20251117,PF2603,6236.0,136106.0,39609.0,0.07312379730596508
20251117,PF2604,6274.0,145297.0,27331.0,0.015301243226011785
20251117,PF2605,6282.0,350.0,1728.0,0.007640878701050013
20251117,PF2606,6286.0,2.0,70.0,0.06490614062997135
20251117,PF2607,6320.0,4.0,59.0,0.037974683544304
20251117,PF2608,6340.0,2.0,14.0,-0.022712933753943343
20251117,PF2609,6328.0,3.0,57.0,0.0
20251117,PF2610,0.0,0.0,5.0,0.0
20251117,PF2611,0.0,0.0,0.0,0.0
20251118,PF2512,6134.0,7406.0,12641.0,0.0009232020456985037
20251118,PF2601,6176.0,28800.0,50802.0,0.023316062176165886
20251118,PF2602,6188.0,199314.0,159716.0,0.011635423400129241
20251118,PF2603,6194.0,101175.0,38339.0,0.07361963190184007
20251118,PF2604,6232.0,113569.0,28547.0,0.0346598202824131
20251118,PF2605,6250.0,230.0,1746.0,0.0
20251118,PF2606,0.0,0.0,70.0,0.0
20251118,PF2607,6300.0,2.0,59.0,0.0
20251118,PF2608,0.0,0.0,14.0,0.0
20251118,PF2609,6308.0,2.0,57.0,0.0
20251118,PF2610,0.0,0.0,5.0,0.0
20251118,PF2611,0.0,0.0,0.0,0.0
20251119,PF2512,6186.0,7372.0,8607.0,0.0010462188995084846
20251119,PF2601,6234.0,45586.0,48888.0,0.019249278152068783
20251119,PF2602,6244.0,415490.0,166052.0,0.0038436899423448523
20251119,PF2603,6246.0,201939.0,34302.0,0.06916426512968421
20251119,PF2604,6282.0,117309.0,27537.0,0.019102196752627698
20251119,PF2605,6292.0,1015.0,2076.0,0.0
20251119,PF2606,6292.0,2.0,72.0,0.06484424666242816
20251119,PF2607,6326.0,14.0,61.0,0.0
20251119,PF2608,0.0,0.0,14.0,0.0
20251119,PF2609,6332.0,12.0,58.0,0.0
20251119,PF2610,0.0,0.0,5.0,0.0
20251119,PF2611,0.0,0.0,0.0,0.0
20251120,PF2512,6168.0,3416.0,6990.0,0.0010929917369824646
20251120,PF2601,6218.0,55345.0,50916.0,0.0038597619813431905
20251120,PF2602,6220.0,396494.0,170672.0,0.0
20251120,PF2603,6220.0,193725.0,35352.0,0.0771704180064301
20251120,PF2604,6260.0,82376.0,27341.0,0.01916932907348201
20251120,PF2605,6270.0,1360.0,2047.0,0.04593301435406616
20251120,PF2606,6294.0,10.0,71.0,-0.0038131553860814016
20251120,PF2607,6292.0,18.0,61.0,0.08391608391608507
20251120,PF2608,6336.0,17.0,16.0,-0.03787878787878762
20251120,PF2609,6316.0,23.0,53.0,0.0
20251120,PF2610,0.0,0.0,5.0,0.0
20251120,PF2611,0.0,0.0,0.0,0.0
20251121,PF2512,6148.0,3355.0,5152.0,0.0010965473379485682
20251121,PF2601,6198.0,60092.0,47031.0,-0.06969990319457864
20251121,PF2602,6162.0,407155.0,192197.0,-0.003894839337877265
20251121,PF2603,6160.0,190112.0,43872.0,0.08181818181818201
20251121,PF2604,6202.0,95510.0,29395.0,0.019348597226700015
20251121,PF2605,6212.0,1780.0,2578.0,0.09272376046361774
20251121,PF2606,6260.0,5.0,72.0,-0.007667731629393604
20251121,PF2607,6256.0,17.0,63.0,0.023017902813299962
20251121,PF2608,6268.0,11.0,15.0,0.030631780472241132
20251121,PF2609,6284.0,7.0,52.0,0.0
20251121,PF2610,0.0,0.0,5.0,0.0
20251121,PF2611,0.0,0.0,0.0,0.0
20251124,PF2512,6190.0,2238.0,3972.0,0.0014811856746111025
20251124,PF2601,6258.0,49994.0,42175.0,-0.030680728667306312
20251124,PF2602,6242.0,370720.0,186438.0,-0.015379685998077708
20251124,PF2603,6234.0,181255.0,42594.0,0.05389797882579472
20251124,PF2604,6262.0,93045.0,28039.0,0.0
20251124,PF2605,6262.0,2281.0,2742.0,0.02299584797189347
20251124,PF2606,6274.0,1.0,73.0,0.0
20251124,PF2607,0.0,0.0,63.0,0.0
20251124,PF2608,0.0,0.0,15.0,0.0
20251124,PF2609,6310.0,7.0,51.0,0.0
20251124,PF2610,0.0,0.0,5.0,0.0
20251124,PF2611,0.0,0.0,0.0,0.0
20251125,PF2512,6200.0,1029.0,3638.0,0.001304820587169275
20251125,PF2601,6260.0,35806.0,41329.0,-0.04984025559105376
20251125,PF2602,6234.0,179223.0,189788.0,-0.02694898941289736
20251125,PF2603,6220.0,73176.0,42648.0,0.057877813504823905
20251125,PF2604,6250.0,33178.0,25741.0,-0.0038399999999998435
20251125,PF2605,6248.0,811.0,2604.0,0.015364916773366488
20251125,PF2606,6256.0,5.0,75.0,0.0767263427109981
20251125,PF2607,6296.0,2.0,63.0,0.015247776365947097
20251125,PF2608,6304.0,1.0,15.0,-0.011421319796954599
20251125,PF2609,6298.0,6.0,51.0,0.0
20251125,PF2610,0.0,0.0,5.0,0.0
20251125,PF2611,0.0,0.0,0.0,0.0
20251126,PF2512,6166.0,1533.0,2906.0,0.0025365633211485933
20251126,PF2601,6282.0,23603.0,38622.0,-0.034383954154727725
20251126,PF2602,6264.0,169033.0,183130.0,-0.01915708812260508
20251126,PF2603,6254.0,68479.0,42898.0,0.05372561560601241
20251126,PF2604,6282.0,24013.0,25661.0,-0.011461318051576352
20251126,PF2605,6276.0,1311.0,2523.0,-0.034416826003823786
20251126,PF2606,6258.0,11.0,75.0,0.10738255033556943
20251126,PF2607,6314.0,7.0,65.0,0.0
20251126,PF2608,0.0,0.0,15.0,0.0
20251126,PF2609,6312.0,4.0,49.0,0.0
20251126,PF2610,0.0,0.0,5.0,0.0
20251126,PF2611,0.0,0.0,0.0,0.0
20251127,PF2512,6112.0,1156.0,1992.0,0.001764809694687921
20251127,PF2601,6192.0,34354.0,32884.0,-0.058139534883721034
20251127,PF2602,6162.0,312314.0,176954.0,-0.019474196689386325
20251127,PF2603,6152.0,98668.0,45066.0,0.07022106631989544
20251127,PF2604,6188.0,26042.0,26723.0,0.003878474466709747
20251127,PF2605,6190.0,2563.0,3531.0,-0.03489499192245615
20251127,PF2606,6172.0,3.0,75.0,0.06999351911860074
20251127,PF2607,6208.0,7.0,62.0,0.011597938144331188
20251127,PF2608,6214.0,2.0,15.0,0.034760218860637515
20251127,PF2609,6232.0,3.0,52.0,0.0
20251127,PF2610,0.0,0.0,5.0,0.0
20251127,PF2611,0.0,0.0,0.0,0.0
20251128,PF2512,6156.0,1160.0,1355.0,0.0024092691153601744
20251128,PF2601,6266.0,19697.0,28612.0,-0.03064155761251186
20251128,PF2602,6250.0,241884.0,167780.0,-0.023040000000000393
20251128,PF2603,6238.0,87382.0,44447.0,0.05771080474511159
20251128,PF2604,6268.0,25513.0,27297.0,-0.007657945118060283
20251128,PF2605,6264.0,1514.0,3469.0,-0.026819923371646848
20251128,PF2606,6250.0,4.0,75.0,-0.03072000000000008
20251128,PF2607,6234.0,4.0,64.0,0.0
20251128,PF2608,0.0,0.0,15.0,0.0
20251128,PF2609,6314.0,3.0,52.0,0.0
20251128,PF2610,0.0,0.0,5.0,0.0
20251128,PF2611,0.0,0.0,0.0,0.0
20251201,PF2512,6198.0,95.0,1260.0,0.0023494349391431
20251201,PF2601,6306.0,22654.0,25588.0,-0.011417697431018059
20251201,PF2602,6300.0,232915.0,168800.0,-0.007619047619047858
20251201,PF2603,6296.0,90135.0,50412.0,0.06099110546378572
20251201,PF2604,6328.0,20711.0,29152.0,-0.01137800252844512
20251201,PF2605,6322.0,1753.0,3649.0,-0.007592534008225016
20251201,PF2606,6318.0,38.0,98.0,0.07597340930674168
20251201,PF2607,6358.0,29.0,75.0,0.0
20251201,PF2608,0.0,0.0,15.0,0.0
20251201,PF2609,6360.0,19.0,61.0,0.12075471698113205
20251201,PF2610,6424.0,2.0,5.0,0.0
20251201,PF2611,0.0,0.0,0.0,0.0
20251202,PF2512,6204.0,63.0,1197.0,0.002173298850324902
20251202,PF2601,6304.0,15304.0,24014.0,0.0
20251202,PF2602,6304.0,208598.0,177172.0,-0.022842639593909198
20251202,PF2603,6292.0,87683.0,49719.0,0.07628734901462231
20251202,PF2604,6332.0,20030.0,29707.0,-0.015161086544535074
20251202,PF2605,6324.0,1138.0,3651.0,-0.06072106261859522
20251202,PF2606,6292.0,4.0,99.0,0.07628734901462231
20251202,PF2607,6332.0,4.0,76.0,-0.034112444725205915
20251202,PF2608,6314.0,1.0,15.0,0.08362369337979025
20251202,PF2609,6358.0,1.0,61.0,0.0
20251202,PF2610,0.0,0.0,5.0,0.0
20251202,PF2611,0.0,0.0,0.0,0.0
20251203,PF2512,6168.0,59.0,1173.0,0.002492021160320019
20251203,PF2601,6282.0,9423.0,22353.0,0.0038204393505250067
20251203,PF2602,6284.0,119104.0,179218.0,-0.02673456397199292
20251203,PF2603,6270.0,35702.0,50318.0,0.07655502392344449
20251203,PF2604,6310.0,8051.0,29760.0,-0.01901743264659217
20251203,PF2605,6300.0,585.0,3660.0,-0.0647619047619048
20251203,PF2606,6266.0,19.0,107.0,0.09958506224066355
20251203,PF2607,6318.0,36.0,85.0,0.011396011396011652
20251203,PF2608,6324.0,16.0,15.0,0.02277039848197404
20251203,PF2609,6336.0,1.0,61.0,0.0
20251203,PF2610,0.0,0.0,5.0,0.0
20251203,PF2611,0.0,0.0,0.0,0.0
20251204,PF2512,6150.0,241.0,977.0,0.0024554672513017388
20251204,PF2601,6262.0,12914.0,21101.0,0.011497923985946734
20251204,PF2602,6268.0,174928.0,182124.0,-0.015315890236120566
20251204,PF2603,6260.0,69828.0,51502.0,0.06900958466453577
20251204,PF2604,6296.0,27335.0,30187.0,-0.015247776365947097
20251204,PF2605,6288.0,1192.0,3934.0,0.041984732824426274
20251204,PF2606,6310.0,18.0,116.0,-0.0038034865293181674
20251204,PF2607,6308.0,19.0,87.0,0.06848446417248066
20251204,PF2608,6344.0,1.0,15.0,-0.056746532156367824
20251204,PF2609,6314.0,12.0,52.0,0.09882800126702485
20251204,PF2610,6366.0,1.0,6.0,0.0
20251204,PF2611,0.0,0.0,0.0,0.0
20251205,PF2512,0.0,0.0,977.0,0.0
20251205,PF2601,6210.0,10267.0,18988.0,0.0
20251205,PF2602,6210.0,172136.0,190815.0,0.007729468599032785
20251205,PF2603,6214.0,86631.0,51038.0,0.06952043772127503
20251205,PF2604,6250.0,54889.0,29524.0,0.0
20251205,PF2605,6250.0,2078.0,3671.0,-0.01151999999999953
20251205,PF2606,6244.0,4.0,116.0,0.06534272901985982
20251205,PF2607,6278.0,12.0,88.0,0.007645747053200758
20251205,PF2608,6282.0,10.0,15.0,0.0
20251205,PF2609,0.0,0.0,52.0,0.0
20251205,PF2610,0.0,0.0,6.0,0.0
20251205,PF2611,0.0,0.0,0.0,0.0
20251208,PF2512,6102.0,42.0,971.0,0.002607360268690674
20251208,PF2601,6220.0,10796.0,18011.0,0.011575562700963715
20251208,PF2602,6226.0,180226.0,192046.0,-0.011564407324124115
20251208,PF2603,6220.0,100300.0,52334.0,0.0771704180064301
20251208,PF2604,6260.0,31294.0,31299.0,0.0076677316293922715
20251208,PF2605,6264.0,1460.0,4100.0,-0.01915708812260508
20251208,PF2606,6254.0,6.0,115.0,0.04988807163415476
20251208,PF2607,6280.0,9.0,89.0,0.0
20251208,PF2608,0.0,0.0,15.0,0.0
20251208,PF2609,6298.0,4.0,50.0,0.04572880279453706
20251208,PF2610,6322.0,1.0,5.0,0.0
20251208,PF2611,0.0,0.0,0.0,0.0
20251209,PF2512,0.0,0.0,971.0,0.0
20251209,PF2601,6180.0,9205.0,15799.0,0.0038834951456303557
20251209,PF2602,6182.0,177279.0,200605.0,-0.015528955030734704
20251209,PF2603,6174.0,107438.0,56595.0,0.05442176870748394
20251209,PF2604,6202.0,54874.0,32048.0,0.003869719445340536
20251209,PF2605,6204.0,1300.0,4548.0,-0.015473887814313247
20251209,PF2606,6196.0,1.0,116.0,0.08521626856036146
20251209,PF2607,6240.0,10.0,87.0,0.007692307692307665
20251209,PF2608,6244.0,7.0,15.0,0.0
20251209,PF2609,0.0,0.0,50.0,0.0
20251209,PF2610,6278.0,1.0,5.0,0.0
20251209,PF2611,0.0,0.0,0.0,0.0
20251210,PF2512,6054.0,58.0,1015.0,0.0015590026837117607
20251210,PF2601,6124.0,14719.0,12698.0,-0.01959503592423273
20251210,PF2602,6114.0,246957.0,209819.0,0.007850834151128971
20251210,PF2603,6118.0,137561.0,63672.0,0.07453416149068204
20251210,PF2604,6156.0,39818.0,33501.0,0.0077972709551650254
20251210,PF2605,6160.0,2070.0,5392.0,0.003896103896103398
20251210,PF2606,6162.0,3.0,118.0,0.058422590068158975
20251210,PF2607,6192.0,4.0,88.0,0.0038759689922471807
20251210,PF2608,6194.0,2.0,15.0,0.030997739748142905
20251210,PF2609,6210.0,6.0,53.0,0.0
20251210,PF2610,0.0,0.0,5.0,0.0
20251210,PF2611,0.0,0.0,0.0,0.0
20251211,PF2512,6074.0,1.0,1015.0,0.0011986991893981618
20251211,PF2601,6128.0,14074.0,13305.0,-0.011749347258485532
20251211,PF2602,6122.0,200193.0,213686.0,-0.0039202874877486416
20251211,PF2603,6120.0,109624.0,65642.0,0.0823529411764703
20251211,PF2604,6162.0,32704.0,33671.0,0.003894839337877265
20251211,PF2605,6164.0,2186.0,6286.0,0.011680726800778807
20251211,PF2606,6170.0,10.0,125.0,0.07001620745542869
20251211,PF2607,6206.0,7.0,92.0,-0.05800837898807565
20251211,PF2608,6176.0,1.0,15.0,0.0
20251211,PF2609,0.0,0.0,53.0,0.0
20251211,PF2610,6228.0,1.0,6.0,0.0
20251211,PF2611,0.0,0.0,0.0,0.0
20251212,PF2512,0.0,108.0,0.0,0.0
20251212,PF2601,6088.0,4119.0,11917.0,-0.02759526938239132
20251212,PF2602,6074.0,207531.0,228128.0,0.0
20251212,PF2603,6074.0,102355.0,70179.0,0.09087915706289174
20251212,PF2604,6120.0,28125.0,35907.0,0.0039215686274509665
20251212,PF2605,6122.0,2411.0,6783.0,0.027442012414244488
20251212,PF2606,6136.0,14.0,125.0,0.04693611473272519
20251212,PF2607,6160.0,4.0,95.0,0.05844155844155896
20251212,PF2608,6190.0,1.0,16.0,0.0077544426494338126
20251212,PF2609,6194.0,9.0,53.0,0.09686793671294858
20251212,PF2610,6244.0,6.0,6.0,-0.049967969250480415
20251212,PF2611,6218.0,1.0,1.0,0.0
20251215,PF2601,6110.0,3951.0,9921.0,-0.023567921440262207
20251215,PF2602,6098.0,152710.0,227435.0,-0.01574286651361101
20251215,PF2603,6090.0,55611.0,69639.0,0.09064039408867064
20251215,PF2604,6136.0,24600.0,36801.0,0.011734028683179965
20251215,PF2605,6142.0,3140.0,7729.0,0.0664278736567887
20251215,PF2606,6176.0,103.0,221.0,0.0038860103626943143
20251215,PF2607,6178.0,12.0,100.0,-0.02719326642926534
20251215,PF2608,6164.0,3.0,17.0,0.05061648280337394
20251215,PF2609,6190.0,7.0,54.0,0.0
20251215,PF2610,0.0,0.0,6.0,0.0
20251215,PF2611,0.0,0.0,1.0,0.0
20251215,PF2612,0.0,0.0,0.0,0.0
20251216,PF2601,6122.0,3838.0,7321.0,-0.03136229990199313
20251216,PF2602,6106.0,141087.0,220316.0,-0.02358336062888977
20251216,PF2603,6094.0,45513.0,68497.0,0.08270429931079626
20251216,PF2604,6136.0,19206.0,36399.0,0.007822685788786643
20251216,PF2605,6140.0,1761.0,7696.0,-0.03517915309446229
20251216,PF2606,6122.0,10.0,224.0,0.043123162365239054
20251216,PF2607,6144.0,13.0,96.0,0.03125000000000089
20251216,PF2608,6160.0,3.0,16.0,0.019480519480519654
20251216,PF2609,6170.0,14.0,57.0,0.10502431118314437
20251216,PF2610,6224.0,1.0,6.0,0.0
20251216,PF2611,0.0,0.0,1.0,0.0
20251216,PF2612,0.0,0.0,0.0,0.0
20251217,PF2601,6142.0,2852.0,5699.0,-0.04689026375773375
20251217,PF2602,6118.0,133093.0,219076.0,-0.019614253023864325
20251217,PF2603,6108.0,50657.0,68900.0,0.08251473477406712
20251217,PF2604,6150.0,25484.0,36899.0,0.007804878048781383
20251217,PF2605,6154.0,1594.0,8054.0,0.027299317517060828
20251217,PF2606,6168.0,19.0,230.0,0.035019455252918164
20251217,PF2607,6186.0,9.0,102.0,-0.031037827352085934
20251217,PF2608,6170.0,1.0,15.0,0.05834683954619191
20251217,PF2609,6200.0,3.0,58.0,0.0
20251217,PF2610,6200.0,3.0,6.0,0.04645161290322619
20251217,PF2611,6224.0,1.0,1.0,0.0
20251217,PF2612,0.0,0.0,0.0,0.0
20251218,PF2601,6180.0,1870.0,4581.0,-0.015533980582524087
20251218,PF2602,6172.0,156075.0,212174.0,-0.023331173039533137
20251218,PF2603,6160.0,64682.0,69900.0,0.07792207792207861
20251218,PF2604,6200.0,31946.0,37363.0,-0.00387096774193596
20251218,PF2605,6198.0,3923.0,8042.0,0.007744433688285923
20251218,PF2606,6202.0,24.0,245.0,0.05804579168010271
20251218,PF2607,6232.0,17.0,113.0,-0.0038510911424909366
20251218,PF2608,6230.0,10.0,21.0,0.026966292134832592
20251218,PF2609,6244.0,25.0,76.0,0.10377962844330568
20251218,PF2610,6298.0,3.0,7.0,-0.09145760558907545
20251218,PF2611,6250.0,1.0,1.0,0.0
20251218,PF2612,0.0,0.0,0.0,0.0
20251219,PF2601,6286.0,1400.0,3905.0,0.011454024817054709
20251219,PF2602,6292.0,251259.0,205905.0,-0.03051493960584839
20251219,PF2603,6276.0,115113.0,62372.0,0.06500956022944493
20251219,PF2604,6310.0,54228.0,38323.0,-0.0038034865293181674
20251219,PF2605,6308.0,4649.0,8276.0,-0.04185161699429285
20251219,PF2606,6286.0,150.0,307.0,0.08017817371937763
20251219,PF2607,6328.0,64.0,137.0,0.02654867256637239
20251219,PF2608,6342.0,15.0,29.0,0.022705771050141266
20251219,PF2609,6354.0,37.0,75.0,0.10576015108593051
20251219,PF2610,6410.0,11.0,9.0,-0.06739469578783108
20251219,PF2611,6374.0,1.0,1.0,0.0
20251219,PF2612,6374.0,1.0,1.0,0.0
20251222,PF2601,6418.0,1388.0,3296.0,0.02617637893424707
20251222,PF2602,6432.0,324987.0,219053.0,-0.03731343283582156
20251222,PF2603,6412.0,133548.0,66246.0,0.0786026200873371
20251222,PF2604,6454.0,71403.0,37803.0,-0.011155872327238914
20251222,PF2605,6448.0,7651.0,8602.0,-0.02977667493796554
20251222,PF2606,6432.0,166.0,276.0,-0.011194029850746468
20251222,PF2607,6426.0,39.0,140.0,0.0
20251222,PF2608,6426.0,9.0,28.0,0.03361344537815114
20251222,PF2609,6444.0,19.0,69.0,0.10428305400372562
20251222,PF2610,6500.0,5.0,12.0,-0.040615384615385164
20251222,PF2611,6478.0,1.0,2.0,0.018524235875270634
20251222,PF2612,6488.0,1.0,1.0,0.0
20251223,PF2601,6418.0,529.0,3061.0,0.06357120598317145
20251223,PF2602,6452.0,251946.0,219428.0,-0.022318660880347174
20251223,PF2603,6440.0,115955.0,75612.0,0.0670807453416149
20251223,PF2604,6476.0,59681.0,39031.0,-0.011117974058060032
20251223,PF2605,6470.0,6258.0,8914.0,-0.05193199381761948
20251223,PF2606,6442.0,95.0,272.0,0.08941322570630295
20251223,PF2607,6490.0,20.0,136.0,0.0
20251223,PF2608,0.0,0.0,28.0,0.0
20251223,PF2609,6498.0,3.0,69.0,0.09972299168974974
20251223,PF2610,6552.0,1.0,11.0,-0.0366300366300365
20251223,PF2611,6532.0,1.0,2.0,0.0
20251223,PF2612,0.0,0.0,1.0,0.0
20251224,PF2601,6442.0,2457.0,1982.0,0.07823657249301341
20251224,PF2602,6484.0,240005.0,200582.0,0.0
20251224,PF2603,6484.0,97813.0,81450.0,0.08883405305367109
20251224,PF2604,6532.0,61636.0,39747.0,-0.025719534598897642
20251224,PF2605,6518.0,5319.0,8465.0,-0.011046333231051975
20251224,PF2606,6512.0,64.0,282.0,0.07371007371007465
20251224,PF2607,6552.0,58.0,135.0,-0.04029304029304015
20251224,PF2608,6530.0,35.0,19.0,-0.01470137825421114
20251224,PF2609,6522.0,36.0,74.0,0.13615455381784614
20251224,PF2610,6596.0,8.0,12.0,-0.0727713765918736
20251224,PF2611,6556.0,7.0,2.0,-0.051250762660159044
20251224,PF2612,6528.0,1.0,2.0,0.0
20251225,PF2601,6496.0,559.0,1624.0,0.08128078817733897
20251225,PF2602,6540.0,188044.0,198026.0,-0.011009174311926273
20251225,PF2603,6534.0,74790.0,82292.0,0.1028466483011945
20251225,PF2604,6590.0,41491.0,42350.0,-0.029135053110774134
20251225,PF2605,6574.0,4029.0,8669.0,-0.051110435047156066
20251225,PF2606,6546.0,24.0,290.0,0.054995417048579576
20251225,PF2607,6576.0,26.0,136.0,0.0
20251225,PF2608,0.0,0.0,19.0,0.0
20251225,PF2609,6572.0,20.0,70.0,0.10590383444917784
20251225,PF2610,6630.0,4.0,10.0,0.010859728506787292
20251225,PF2611,6636.0,1.0,3.0,-0.03254972875225981
20251225,PF2612,6618.0,1.0,3.0,0.0
20251226,PF2601,6612.0,705.0,1104.0,0.09800362976406518
20251226,PF2602,6666.0,223942.0,185172.0,-0.010801080108011174
20251226,PF2603,6660.0,77863.0,87989.0,0.10090090090090076
20251226,PF2604,6716.0,36124.0,46707.0,-0.028588445503276105
20251226,PF2605,6700.0,7369.0,9262.0,-0.04298507462686585
20251226,PF2606,6676.0,45.0,303.0,0.053924505692031666
20251226,PF2607,6706.0,47.0,135.0,-0.04294661497166663
20251226,PF2608,6682.0,13.0,23.0,0.0
20251226,PF2609,6682.0,43.0,66.0,0.10775217000897896
20251226,PF2610,6742.0,12.0,11.0,-0.010679323642835747
20251226,PF2611,6736.0,7.0,4.0,-0.0178147268408555
20251226,PF2612,6726.0,1.0,3.0,0.0
20251229,PF2601,6482.0,303.0,969.0,0.10737426720148147
20251229,PF2602,6540.0,242013.0,166489.0,-0.011009174311926273
20251229,PF2603,6534.0,84671.0,82347.0,0.09917355371900793
20251229,PF2604,6588.0,34197.0,42387.0,-0.02914389799635675
20251229,PF2605,6572.0,7092.0,8817.0,-0.05842970176506368
20251229,PF2606,6540.0,92.0,356.0,0.1100917431192654
20251229,PF2607,6600.0,25.0,130.0,-0.08363636363636351
20251229,PF2608,6554.0,8.0,18.0,0.0
20251229,PF2609,6554.0,30.0,68.0,0.0
20251229,PF2610,0.0,0.0,11.0,0.0
20251229,PF2611,6644.0,1.0,3.0,-0.15894039735099286
20251229,PF2612,6556.0,2.0,3.0,0.0
20251230,PF2601,6500.0,184.0,838.0,0.11815384615384605
20251230,PF2602,6564.0,173239.0,153152.0,-0.01462522851919612
20251230,PF2603,6556.0,63493.0,85265.0,0.10250152532031809
20251230,PF2604,6612.0,24792.0,42257.0,-0.02903811252268662
20251230,PF2605,6596.0,4255.0,8654.0,0.0072771376591873604
20251230,PF2606,6600.0,50.0,367.0,0.021818181818180626
20251230,PF2607,6612.0,23.0,132.0,0.043557168784029265
20251230,PF2608,6636.0,13.0,14.0,-0.09041591320072317
20251230,PF2609,6586.0,17.0,75.0,0.0
20251230,PF2610,0.0,0.0,11.0,0.0
20251230,PF2611,0.0,0.0,3.0,0.0
20251230,PF2612,0.0,0.0,3.0,0.0
20251231,PF2601,6476.0,777.0,428.0,0.07041383570104909
20251231,PF2602,6514.0,165849.0,131998.0,0.0073687442431698
20251231,PF2603,6518.0,53950.0,80740.0,0.09573488800245578
20251231,PF2604,6570.0,47364.0,38157.0,-0.0365296803652968
20251231,PF2605,6550.0,3981.0,8322.0,-0.03297709923664138
20251231,PF2606,6532.0,36.0,371.0,0.03306797305572573
20251231,PF2607,6550.0,13.0,133.0,-0.003664122137404746
20251231,PF2608,6548.0,3.0,14.0,-0.025656689065363114
20251231,PF2609,6534.0,22.0,81.0,0.1065197428833784
20251231,PF2610,6592.0,3.0,12.0,0.014563106796115832
20251231,PF2611,6600.0,2.0,5.0,0.0
20251231,PF2612,0.0,0.0,3.0,0.0
20260105,PF2601,6400.0,136.0,414.0,0.11625000000000085
20260105,PF2602,6462.0,116315.0,126634.0,-0.011142061281337323
20260105,PF2603,6456.0,57768.0,94083.0,0.096654275092936
20260105,PF2604,6508.0,32873.0,40448.0,-0.03687768899815591
20260105,PF2605,6488.0,7752.0,9311.0,-0.03699136868064068
20260105,PF2606,6468.0,2927.0,2703.0,0.07792207792207861
20260105,PF2607,6510.0,34.0,123.0,-0.011059907834101601
20260105,PF2608,6504.0,13.0,13.0,-0.047970479704797064
20260105,PF2609,6478.0,18.0,77.0,0.13337449830194537
20260105,PF2610,6550.0,1.0,12.0,-0.047633587786259035
20260105,PF2611,6524.0,1.0,4.0,0.0
20260105,PF2612,0.0,0.0,3.0,0.0
20260106,PF2601,6448.0,74.0,414.0,0.1563275434243181
20260106,PF2602,6532.0,112378.0,114060.0,0.0
20260106,PF2603,6532.0,59578.0,108387.0,0.08818126148193439
20260106,PF2604,6580.0,17280.0,42138.0,-0.010942249240121882
20260106,PF2605,6574.0,5400.0,9948.0,-0.03285670824460052
20260106,PF2606,6556.0,9024.0,8874.0,0.04392922513727804
20260106,PF2607,6580.0,14.0,129.0,-0.05471124620060808
20260106,PF2608,6550.0,6.0,17.0,0.003664122137404746
20260106,PF2609,6552.0,18.0,81.0,0.1098901098901095
20260106,PF2610,6612.0,2.0,11.0,-0.01088929219600665
20260106,PF2611,6606.0,2.0,2.0,0.0
20260106,PF2612,0.0,0.0,3.0,0.0
20260107,PF2601,0.0,0.0,414.0,0.0
20260107,PF2602,6544.0,135252.0,99224.0,0.0073349633251842405
20260107,PF2603,6548.0,88418.0,121036.0,0.08796579108124725
20260107,PF2604,6596.0,24329.0,43579.0,-0.01091570648878104
20260107,PF2605,6590.0,8141.0,10891.0,-0.03277693474962007
20260107,PF2606,6572.0,4527.0,11957.0,0.06208155812537974
20260107,PF2607,6606.0,4.0,129.0,0.0
20260107,PF2608,0.0,0.0,17.0,0.0
20260107,PF2609,6576.0,19.0,88.0,0.13138686131386912
20260107,PF2610,6648.0,2.0,11.0,-0.03971119133573975
20260107,PF2611,6626.0,2.0,4.0,-0.007244189556293357
20260107,PF2612,6622.0,3.0,4.0,0.0
20260108,PF2601,6456.0,25.0,389.0,0.029739776951673846
20260108,PF2602,6472.0,137103.0,75563.0,0.03337453646477062
20260108,PF2603,6490.0,111180.0,145281.0,0.09244992295839705
20260108,PF2604,6540.0,25478.0,45049.0,-0.018348623853210455
20260108,PF2605,6530.0,7085.0,11205.0,-0.033078101071975397
20260108,PF2606,6512.0,5690.0,14758.0,0.058968058968058124
20260108,PF2607,6544.0,15.0,128.0,-0.011002444987775029
20260108,PF2608,6538.0,6.0,19.0,-0.07708779443254876
20260108,PF2609,6496.0,36.0,111.0,0.17364532019704537
20260108,PF2610,6590.0,5.0,11.0,-0.029135053110774134
20260108,PF2611,6574.0,3.0,6.0,0.05841192576817722
20260108,PF2612,6606.0,1.0,4.0,0.0
20260109,PF2601,0.0,0.0,389.0,0.0
20260109,PF2602,6486.0,102755.0,56354.0,0.03330249768732596
20260109,PF2603,6504.0,149592.0,167529.0,0.10701107011070032
20260109,PF2604,6562.0,31597.0,47771.0,-0.003657421517829551
20260109,PF2605,6560.0,9884.0,10599.0,-0.04024390243902376
20260109,PF2606,6538.0,30541.0,20614.0,0.05506271030896226
20260109,PF2607,6568.0,3.0,129.0,-0.021924482338611995
20260109,PF2608,6556.0,1.0,18.0,-0.014643075045759346
20260109,PF2609,6548.0,7.0,113.0,0.0696395846059854
20260109,PF2610,6586.0,20.0,11.0,0.0036440935317347822
20260109,PF2611,6588.0,23.0,6.0,-0.06921675774134828
20260109,PF2612,6550.0,1.0,4.0,0.0
20260112,PF2601,0.0,0.0,389.0,0.0
20260112,PF2602,6484.0,78176.0,41150.0,0.03331276989512766
20260112,PF2603,6502.0,213308.0,185516.0,0.10704398646570201
20260112,PF2604,6560.0,46088.0,49001.0,0.0073170731707303815
20260112,PF2605,6564.0,10410.0,11370.0,-0.032906764168190605
20260112,PF2606,6546.0,21973.0,22134.0,0.0916590284142984
20260112,PF2607,6596.0,17.0,124.0,-0.04002425712553048
20260112,PF2608,6574.0,3.0,17.0,-0.03285670824460052
20260112,PF2609,6556.0,18.0,112.0,0.16107382550335547
20260112,PF2610,6644.0,2.0,10.0,-0.06502107164358817
20260112,PF2611,6608.0,1.0,5.0,-0.02179176755447898
20260112,PF2612,6596.0,1.0,4.0,0.0
20260113,PF2601,0.0,0.0,389.0,0.0
20260113,PF2602,6490.0,51214.0,34168.0,0.02958397534668844
20260113,PF2603,6506.0,137521.0,189825.0,0.10697817399323828
20260113,PF2604,6564.0,23454.0,49320.0,0.007312614259596728
20260113,PF2605,6568.0,12127.0,11005.0,-0.021924482338611995
20260113,PF2606,6556.0,13460.0,22926.0,0.036607687614398365
20260113,PF2607,6576.0,20.0,122.0,-0.0036496350364965124
20260113,PF2608,6574.0,14.0,13.0,-0.018253726802555548
20260113,PF2609,6564.0,28.0,114.0,0.160877513711152
20260113,PF2610,6652.0,3.0,12.0,0.025255562236920603
20260113,PF2611,6666.0,11.0,12.0,-0.018001800180017735
20260113,PF2612,6656.0,2.0,3.0,0.0
20260114,PF2601,0.0,0.0,389.0,0.0
20260114,PF2602,6452.0,39367.0,24559.0,0.033477991320522094
20260114,PF2603,6470.0,193449.0,196310.0,0.12612055641421893
20260114,PF2604,6538.0,47852.0,51654.0,0.0073416947078621675
20260114,PF2605,6542.0,19093.0,11917.0,-0.0183430143686949
20260114,PF2606,6532.0,23873.0,25263.0,0.06246172688303808
20260114,PF2607,6566.0,47.0,130.0,0.0
20260114,PF2608,6566.0,13.0,16.0,-0.043862321047821506
20260114,PF2609,6542.0,44.0,129.0,0.19443595230816246
20260114,PF2610,6648.0,15.0,12.0,0.05415162454873723
20260114,PF2611,6678.0,14.0,12.0,0.0
20260114,PF2612,0.0,0.0,3.0,0.0
20260115,PF2601,0.0,0.0,389.0,0.0
20260115,PF2602,6384.0,26630.0,16016.0,0.018796992481203922
20260115,PF2603,6394.0,193804.0,189910.0,0.11635908664372963
20260115,PF2604,6456.0,59894.0,49223.0,0.007434944237917129
20260115,PF2605,6460.0,18737.0,13618.0,-0.026006191950464164
20260115,PF2606,6446.0,25990.0,26485.0,0.08935774123487494
20260115,PF2607,6494.0,45.0,133.0,0.0073914382506936604
20260115,PF2608,6498.0,17.0,25.0,0.003693444136657398
20260115,PF2609,6500.0,35.0,149.0,0.3064615384615381
20260115,PF2610,6666.0,1.0,13.0,-0.16201620162016228
20260115,PF2611,6576.0,2.0,11.0,0.0
20260115,PF2612,0.0,0.0,3.0,0.0
20260116,PF2601,0.0,0.0,0.0,0.0
20260116,PF2602,6382.0,12552.0,12235.0,0.03384518959573768
20260116,PF2603,6400.0,179671.0,190619.0,0.08249999999999957
20260116,PF2604,6444.0,54675.0,46934.0,0.011173184357542887
20260116,PF2605,6450.0,11694.0,12771.0,-0.02976744186046565
20260116,PF2606,6434.0,30962.0,27358.0,0.055952751010257096
20260116,PF2607,6464.0,33.0,135.0,0.0037128712871297154
20260116,PF2608,6466.0,19.0,33.0,-0.014846891432106268
20260116,PF2609,6458.0,47.0,136.0,0.15608547537937323
20260116,PF2610,6542.0,13.0,15.0,-0.007337205747477427
20260116,PF2611,6538.0,7.0,12.0,0.10278372591006502
20260116,PF2612,6594.0,1.0,4.0,0.0
20260119,PF2602,6376.0,4668.0,10447.0,0.04140526976160519
20260119,PF2603,6398.0,112708.0,190842.0,0.08252578930915977
20260119,PF2604,6442.0,48962.0,50817.0,0.007451102142193022
20260119,PF2605,6446.0,8821.0,13122.0,-0.03350915296307777
20260119,PF2606,6428.0,18681.0,27859.0,0.14187927815805867
20260119,PF2607,6504.0,11.0,137.0,0.00738007380073924
20260119,PF2608,6508.0,4.0,32.0,-0.03318992009834032
20260119,PF2609,6490.0,5.0,134.0,0.0
20260119,PF2610,0.0,0.0,15.0,0.0
20260119,PF2611,0.0,0.0,12.0,0.0
20260119,PF2612,0.0,0.0,4.0,0.0
20260119,PF2701,0.0,0.0,0.0,0.0
20260120,PF2602,6490.0,6954.0,9104.0,0.007395993836671444
20260120,PF2603,6494.0,185407.0,190745.0,0.07761010163227677
20260120,PF2604,6536.0,74312.0,56684.0,0.003671970624235854
20260120,PF2605,6538.0,13226.0,13704.0,-0.03303762618537842
20260120,PF2606,6520.0,36139.0,29421.0,0.05521472392638138
20260120,PF2607,6550.0,21.0,136.0,-0.1392366412213737
20260120,PF2608,6474.0,12.0,29.0,0.10009267840593061
20260120,PF2609,6528.0,18.0,129.0,0.20588235294117574
20260120,PF2610,6640.0,4.0,15.0,-0.0469879518072287
20260120,PF2611,6614.0,3.0,13.0,0.0
20260120,PF2612,0.0,0.0,4.0,0.0
20260120,PF2701,0.0,0.0,0.0,0.0
20260121,PF2602,6486.0,2927.0,8603.0,0.018501387604070274
20260121,PF2603,6496.0,174102.0,190049.0,0.07389162561576246
20260121,PF2604,6536.0,67852.0,60681.0,0.003671970624235854
20260121,PF2605,6538.0,11960.0,14179.0,-0.018354236769654086
20260121,PF2606,6528.0,26744.0,32766.0,0.09191176470588136
20260121,PF2607,6578.0,11.0,136.0,-0.04743083003952542
20260121,PF2608,6552.0,8.0,26.0,-0.04761904761904745
20260121,PF2609,6526.0,8.0,126.0,0.21330064357952683
20260121,PF2610,6642.0,2.0,16.0,-0.014453477868112241
20260121,PF2611,6634.0,1.0,12.0,0.0
20260121,PF2612,0.0,0.0,4.0,0.0
20260121,PF2701,6562.0,1.0,1.0,0.0
20260122,PF2602,6638.0,2784.0,7899.0,0.003615546851461815
20260122,PF2603,6640.0,189740.0,193912.0,0.08674698795180724
20260122,PF2604,6688.0,76556.0,69839.0,0.010765550239234756
20260122,PF2605,6694.0,18865.0,16765.0,-0.0035853002688979174
20260122,PF2606,6692.0,40767.0,37401.0,0.032277346084878644
20260122,PF2607,6710.0,87.0,143.0,-0.003576751117734922
20260122,PF2608,6708.0,22.0,15.0,-0.032200357781752675
20260122,PF2609,6690.0,13.0,125.0,-0.01434977578475305
20260122,PF2610,6682.0,1.0,17.0,0.15803651601316915
20260122,PF2611,6770.0,3.0,12.0,-0.007090103397341174
20260122,PF2612,6766.0,1.0,3.0,0.0
20260122,PF2701,0.0,0.0,1.0,0.0
20260123,PF2602,6778.0,3667.0,6260.0,0.0070817350250820255
20260123,PF2603,6782.0,255805.0,205016.0,0.08846947803007943
20260123,PF2604,6832.0,96523.0,76459.0,0.014051522248242243
20260123,PF2605,6840.0,21091.0,18619.0,-0.017543859649123306
20260123,PF2606,6830.0,51271.0,39021.0,0.031625183016106284
20260123,PF2607,6848.0,81.0,160.0,-0.03855140186915884
20260123,PF2608,6826.0,36.0,16.0,0.04219162027541845
20260123,PF2609,6850.0,57.0,127.0,0.05255474452554765
20260123,PF2610,6880.0,4.0,16.0,-0.02790697674418663
20260123,PF2611,6864.0,1.0,12.0,0.0
20260123,PF2612,0.0,0.0,3.0,0.0
20260123,PF2701,6828.0,6.0,6.0,0.0
20260126,PF2602,6828.0,2111.0,5556.0,-0.0035149384885770907
20260126,PF2603,6826.0,203213.0,207716.0,0.0878992089071211
20260126,PF2604,6876.0,74980.0,79552.0,-0.00698080279232105
20260126,PF2605,6872.0,17442.0,17275.0,-0.01396973224679865
20260126,PF2606,6864.0,51077.0,37551.0,0.06293706293706247
20260126,PF2607,6900.0,68.0,182.0,0.03826086956521735
20260126,PF2608,6922.0,7.0,14.0,-0.07974573822594655
20260126,PF2609,6876.0,23.0,124.0,0.10471204188481575
20260126,PF2610,6936.0,9.0,12.0,-0.02768166089965396
20260126,PF2611,6920.0,13.0,3.0,0.0
20260126,PF2612,0.0,0.0,3.0,0.0
20260126,PF2701,6944.0,1.0,6.0,0.0
20260127,PF2602,6658.0,3182.0,3692.0,0.00720937218383888
20260127,PF2603,6662.0,221944.0,187383.0,0.08285800060042003
20260127,PF2604,6708.0,83835.0,83932.0,0.003577817531305705
20260127,PF2605,6710.0,15676.0,16285.0,-0.017883755588673278
20260127,PF2606,6700.0,35916.0,34315.0,0.06447761194029944
20260127,PF2607,6736.0,72.0,186.0,-0.06413301662707793
20260127,PF2608,6700.0,4.0,14.0,0.03940298507462714
20260127,PF2609,6722.0,15.0,123.0,0.18922939601309086
20260127,PF2610,6828.0,2.0,11.0,0.0
20260127,PF2611,0.0,0.0,3.0,0.0
20260127,PF2612,0.0,0.0,3.0,0.0
20260127,PF2701,0.0,0.0,6.0,0.0
20260128,PF2602,6724.0,1293.0,2911.0,0.04283164782867299
20260128,PF2603,6748.0,168413.0,162894.0,0.08535862477771161
20260128,PF2604,6796.0,59811.0,86651.0,0.0070629782224829185
20260128,PF2605,6800.0,17717.0,16461.0,-0.014117647058824012
20260128,PF2606,6792.0,18445.0,34673.0,0.07773851590106062
20260128,PF2607,6836.0,18.0,182.0,-0.024575775307197567
20260128,PF2608,6822.0,4.0,13.0,0.0035180299032546714
20260128,PF2609,6824.0,13.0,126.0,0.09847596717467866
20260128,PF2610,6880.0,1.0,12.0,0.0
20260128,PF2611,0.0,0.0,3.0,0.0
20260128,PF2612,0.0,0.0,3.0,0.0
20260128,PF2701,6902.0,1.0,6.0,0.0
20260129,PF2602,6682.0,829.0,2506.0,0.06824304100568668
20260129,PF2603,6720.0,141023.0,151188.0,0.09999999999999964
20260129,PF2604,6776.0,45334.0,90794.0,0.007083825265643995
20260129,PF2605,6780.0,17542.0,15794.0,-0.010619469026548423
20260129,PF2606,6774.0,10678.0,32807.0,0.06023029229406518
20260129,PF2607,6808.0,36.0,192.0,0.04582843713278617
20260129,PF2608,6834.0,11.0,17.0,0.01053555750658397
20260129,PF2609,6840.0,15.0,131.0,0.05964912280701817
20260129,PF2610,6874.0,4.0,11.0,-0.03142275240034964
20260129,PF2611,6856.0,2.0,2.0,-0.04550758459743243
20260129,PF2612,6830.0,1.0,2.0,0.00039482126112491906
20260129,PF2701,6850.0,1.0,6.0,0.0
20260130,PF2602,6620.0,903.0,1926.0,0.06525679758308289
20260130,PF2603,6656.0,236959.0,129379.0,0.10096153846153744
20260130,PF2604,6712.0,100266.0,93205.0,0.0035756853396904376
20260130,PF2605,6714.0,22452.0,15593.0,-0.007149240393208078
20260130,PF2606,6710.0,33108.0,30734.0,0.010730253353204766
20260130,PF2607,6716.0,70.0,200.0,0.0
20260130,PF2608,6716.0,35.0,22.0,0.007147111375817694
20260130,PF2609,6720.0,53.0,117.0,0.11428571428571388
20260130,PF2610,6784.0,8.0,11.0,0.0
20260130,PF2611,0.0,0.0,2.0,0.0
20260130,PF2612,0.0,0.0,2.0,0.0
20260130,PF2701,0.0,0.0,6.0,0.0
20260202,PF2602,6446.0,26.0,1926.0,0.07074154514427633
20260202,PF2603,6484.0,167741.0,113875.0,0.08883405305367109
20260202,PF2604,6532.0,95800.0,107432.0,0.0
20260202,PF2605,6532.0,22594.0,17254.0,-0.018371096142069554
20260202,PF2606,6522.0,30022.0,36784.0,0.06623735050598079
20260202,PF2607,6558.0,7465.0,6701.0,0.036596523330282515
20260202,PF2608,6578.0,11.0,14.0,-0.014594101550622796
20260202,PF2609,6570.0,31.0,117.0,0.27031963470319553
20260202,PF2610,6718.0,2.0,11.0,0.10360226257814809
20260202,PF2611,6776.0,1.0,3.0,0.0
20260202,PF2612,0.0,0.0,2.0,0.0
20260202,PF2701,6800.0,1.0,7.0,0.0
20260203,PF2602,6482.0,200.0,1926.0,0.033323048441840086
20260203,PF2603,6500.0,114855.0,93979.0,0.09969230769230819
20260203,PF2604,6554.0,88541.0,117401.0,0.010985657613670874
20260203,PF2605,6560.0,15452.0,18492.0,-0.014634146341463428
20260203,PF2606,6552.0,26287.0,34352.0,0.0659340659340657
20260203,PF2607,6588.0,14936.0,14645.0,0.06921675774134695
20260203,PF2608,6626.0,18.0,19.0,0.014488379112586713
20260203,PF2609,6634.0,46.0,123.0,0.03979499547784027
20260203,PF2610,6656.0,2.0,11.0,0.0
20260203,PF2611,0.0,0.0,3.0,0.0
20260203,PF2612,0.0,0.0,2.0,0.0
20260203,PF2701,0.0,0.0,7.0,0.0
20260204,PF2602,0.0,0.0,1926.0,0.0
20260204,PF2603,6560.0,107824.0,78904.0,0.12804878048780566
20260204,PF2604,6630.0,112699.0,131163.0,0.0
20260204,PF2605,6630.0,13859.0,16907.0,-0.010859728506787292
20260204,PF2606,6624.0,36809.0,30589.0,0.061594202898551664
20260204,PF2607,6658.0,8784.0,17503.0,0.0
20260204,PF2608,0.0,0.0,19.0,0.0
20260204,PF2609,6654.0,5.0,122.0,0.0
20260204,PF2610,0.0,0.0,11.0,0.0
20260204,PF2611,0.0,0.0,3.0,0.0
20260204,PF2612,0.0,0.0,2.0,0.0
20260204,PF2701,0.0,0.0,7.0,0.0
20260205,PF2602,0.0,0.0,1926.0,0.0
20260205,PF2603,6484.0,92948.0,50358.0,0.14805675508945182
20260205,PF2604,6564.0,175302.0,157886.0,0.003656307129798364
20260205,PF2605,6566.0,18463.0,16838.0,-0.018275967103259294
20260205,PF2606,6556.0,34114.0,33087.0,0.06223306894447855
20260205,PF2607,6590.0,26931.0,22775.0,0.007283763277694533
20260205,PF2608,6594.0,2.0,19.0,-0.03275705186533173
20260205,PF2609,6576.0,7.0,123.0,0.19708029197080368
20260205,PF2610,6684.0,5.0,10.0,-0.07540394973069953
20260205,PF2611,6642.0,3.0,5.0,0.0
20260205,PF2612,6642.0,2.0,3.0,0.0008119931386579762
20260205,PF2701,6682.0,1.0,7.0,0.0
20260206,PF2602,6462.0,90.0,1926.0,0.06685236768802127
20260206,PF2603,6498.0,41330.0,41585.0,0.14773776546629858
20260206,PF2604,6578.0,169833.0,167534.0,0.003648525387657031
20260206,PF2605,6580.0,19035.0,16616.0,-0.014589665653495842
20260206,PF2606,6572.0,33708.0,35319.0,0.05842970176506501
20260206,PF2607,6604.0,53177.0,25650.0,0.06178073894609337
20260206,PF2608,6638.0,8.0,26.0,0.02530882796023004
20260206,PF2609,6652.0,17.0,130.0,0.018039687312085384
20260206,PF2610,6662.0,1.0,11.0,0.0
20260206,PF2611,0.0,0.0,5.0,0.0
20260206,PF2612,0.0,0.0,3.0,0.0
20260206,PF2701,6610.0,3.0,10.0,0.0
20260209,PF2602,6458.0,50.0,1876.0,0.12635490864044652
20260209,PF2603,6526.0,33005.0,29826.0,0.1471038921238117
20260209,PF2604,6606.0,137024.0,165849.0,-0.007266121707539153
20260209,PF2605,6602.0,18454.0,16314.0,-0.0036352620418060866
20260209,PF2606,6600.0,36004.0,32413.0,0.058181818181818556
20260209,PF2607,6632.0,30779.0,23494.0,0.0
20260209,PF2608,0.0,0.0,26.0,0.0
20260209,PF2609,6566.0,1.0,130.0,0.0
20260209,PF2610,0.0,0.0,11.0,0.0
20260209,PF2611,6692.0,1.0,4.0,-0.010759115361625327
20260209,PF2612,6686.0,1.0,3.0,-0.00028232731819297243
20260209,PF2701,6672.0,4.0,11.0,0.0
20260210,PF2602,0.0,0.0,1876.0,0.0
20260210,PF2603,6552.0,17704.0,25137.0,0.13553113553113505
20260210,PF2604,6626.0,153547.0,161516.0,0.0
20260210,PF2605,6626.0,18351.0,15238.0,-0.010866284334440035
20260210,PF2606,6620.0,31357.0,32557.0,0.06888217522658646
20260210,PF2607,6658.0,37559.0,20498.0,0.0360468609191944
20260210,PF2608,6678.0,4.0,27.0,-0.03234501347708951
20260210,PF2609,6660.0,11.0,130.0,0.06126126126126241
20260210,PF2610,6694.0,1.0,10.0,0.0035853002688979174
20260210,PF2611,6696.0,7.0,3.0,-0.0465949820788536
20260210,PF2612,6670.0,15.0,8.0,-8.085844718090605e-05
20260210,PF2701,6666.0,21.0,21.0,0.0
20260211,PF2602,0.0,0.0,1876.0,0.0
20260211,PF2603,6588.0,25712.0,19003.0,0.12021857923497326
20260211,PF2604,6654.0,111838.0,153222.0,0.0
20260211,PF2605,6654.0,13133.0,14570.0,0.0
20260211,PF2606,6654.0,28213.0,29844.0,0.0829576194770052
20260211,PF2607,6700.0,19748.0,18950.0,0.014328358208954839
20260211,PF2608,6708.0,3.0,25.0,-0.014311270125224151
20260211,PF2609,6700.0,11.0,131.0,0.13611940298507363
20260211,PF2610,6776.0,5.0,12.0,-0.1558441558441559
20260211,PF2611,6688.0,3.0,4.0,-0.02870813397129135
20260211,PF2612,6672.0,1.0,8.0,0.0006870907768167596
20260211,PF2701,6706.0,3.0,19.0,0.0
20260212,PF2602,0.0,0.0,1876.0,0.0
20260212,PF2603,6554.0,5564.0,17230.0,0.12450411962160413
20260212,PF2604,6622.0,92633.0,147328.0,-0.010872848082150721
20260212,PF2605,6616.0,10821.0,14751.0,-0.0072551390568316165
20260212,PF2606,6612.0,20225.0,28217.0,0.09074410163339319
20260212,PF2607,6662.0,21015.0,17630.0,0.1260882617832495
20260212,PF2608,6732.0,6.0,24.0,-0.106951871657754
20260212,PF2609,6672.0,9.0,130.0,0.0
20260212,PF2610,0.0,0.0,12.0,0.0
20260212,PF2611,0.0,0.0,4.0,0.0
20260212,PF2612,0.0,0.0,8.0,0.0
20260212,PF2701,6700.0,5.0,21.0,0.0
20260213,PF2602,0.0,0.0,0.0,0.0
20260213,PF2603,6550.0,12907.0,10870.0,0.14290076335877977
20260213,PF2604,6628.0,132676.0,131047.0,-0.014484007242003827
20260213,PF2605,6620.0,15254.0,14455.0,-0.025377643504531644
20260213,PF2606,6606.0,25568.0,26253.0,0.09082652134423341
20260213,PF2607,6656.0,19050.0,18072.0,0.025240384615385025
20260213,PF2608,6670.0,6.0,21.0,-0.06476761619190441
20260213,PF2609,6634.0,25.0,126.0,0.0
20260213,PF2610,0.0,0.0,12.0,0.0
20260213,PF2611,0.0,0.0,4.0,0.0
20260213,PF2612,6650.0,1.0,8.0,0.00024330489144208656
20260213,PF2701,6662.0,1.0,21.0,0.0
20260224,PF2603,6724.0,7750.0,5764.0,0.1177870315288514
20260224,PF2604,6790.0,136854.0,139057.0,-0.01767304860088359
20260224,PF2605,6780.0,19001.0,14789.0,-0.021238938053096845
20260224,PF2606,6768.0,37465.0,29550.0,0.0851063829787222
20260224,PF2607,6816.0,18934.0,20986.0,0.0633802816901401
20260224,PF2608,6852.0,5.0,17.0,-0.06654991243432562
20260224,PF2609,6814.0,30.0,121.0,0.06339888464925192
20260224,PF2610,6850.0,14.0,13.0,0.09459854014598523
20260224,PF2611,6904.0,10.0,4.0,0.0
20260224,PF2612,0.0,0.0,8.0,0.0
20260224,PF2701,6842.0,6.0,19.0,-0.40339082139725235
20260224,PF2702,6612.0,9.0,9.0,0.0
20260225,PF2603,6624.0,2482.0,4772.0,0.17753623188405676
20260225,PF2604,6722.0,162016.0,140088.0,0.0035703659625117012
20260225,PF2605,6724.0,22530.0,16616.0,-0.0071386079714450545
20260225,PF2606,6720.0,46519.0,35900.0,0.09999999999999964
20260225,PF2607,6776.0,23438.0,24362.0,0.024793388429751317
20260225,PF2608,6790.0,86.0,88.0,0.028276877761413743
20260225,PF2609,6806.0,161.0,234.0,0.0846312077578606
20260225,PF2610,6854.0,9.0,15.0,0.04902246863145532
20260225,PF2611,6882.0,2.0,6.0,-0.12554489973844873
20260225,PF2612,6810.0,1.0,7.0,-0.00023758847695886336
20260225,PF2701,6798.0,10.0,24.0,-0.09179170344218912
20260225,PF2702,6746.0,7.0,11.0,0.0
20260226,PF2603,6572.0,3050.0,3520.0,0.15702982349360806
20260226,PF2604,6658.0,145186.0,118806.0,0.01081405827575832
20260226,PF2605,6664.0,17707.0,18645.0,-0.007202881152461149
20260226,PF2606,6660.0,44291.0,39257.0,0.10450450450450521
20260226,PF2607,6718.0,27417.0,26170.0,0.06073236082167366
20260226,PF2608,6752.0,106.0,64.0,-0.024881516587677233
20260226,PF2609,6738.0,272.0,275.0,0.1816562778272477
20260226,PF2610,6840.0,17.0,14.0,-0.045614035087718996
20260226,PF2611,6814.0,13.0,5.0,-0.13031992955679517
20260226,PF2612,6740.0,1.0,7.0,0.0009602240522788743
20260226,PF2701,6788.0,9.0,26.0,-0.08839127872716501
20260226,PF2702,6738.0,6.0,11.0,0.0
20260227,PF2603,6590.0,972.0,2881.0,0.11289833080424927
20260227,PF2604,6652.0,111700.0,106700.0,0.018039687312085384
20260227,PF2605,6662.0,17006.0,20102.0,-0.0072050435304711336
20260227,PF2606,6658.0,27211.0,43460.0,0.10093121057374699
20260227,PF2607,6714.0,15966.0,21598.0,0.014298480786416157
20260227,PF2608,6722.0,12.0,68.0,0.0
20260227,PF2609,6722.0,123.0,308.0,0.0
20260227,PF2610,0.0,0.0,14.0,0.0
20260227,PF2611,0.0,0.0,5.0,0.0
20260227,PF2612,0.0,0.0,7.0,0.0
20260227,PF2701,6716.0,1.0,25.0,0.0
20260227,PF2702,0.0,0.0,11.0,0.0
20260302,PF2603,6748.0,449.0,2480.0,0.4516893894487266
20260302,PF2604,7002.0,201161.0,107051.0,-0.02056555269922855
20260302,PF2605,6990.0,45315.0,22570.0,-0.006866952789699621
20260302,PF2606,6986.0,82492.0,66731.0,0.10649871170913361
20260302,PF2607,7048.0,44735.0,34532.0,-0.01021566401816143
20260302,PF2608,7042.0,18141.0,10112.0,-0.06475433115592111
20260302,PF2609,7004.0,872.0,287.0,0.15419760137064653
20260302,PF2610,7094.0,15.0,18.0,-0.08796165773893483
20260302,PF2611,7042.0,12.0,6.0,-0.037489349616586676
20260302,PF2612,7020.0,3.0,7.0,0.0008835109958705333
20260302,PF2701,7066.0,13.0,28.0,-0.3498443249363148
20260302,PF2702,6860.0,3.0,11.0,0.0
20260303,PF2603,6930.0,48.0,2480.0,0.25627705627705755
20260303,PF2604,7078.0,164644.0,103803.0,-0.01695394179146703
20260303,PF2605,7068.0,40022.0,26166.0,0.0
20260303,PF2606,7068.0,101374.0,79753.0,0.08149405772495832
20260303,PF2607,7116.0,34041.0,37556.0,-0.023608768971331795
20260303,PF2608,7102.0,35755.0,20736.0,-0.020275978597577904
20260303,PF2609,7090.0,576.0,548.0,0.06770098730606477
20260303,PF2610,7130.0,43.0,41.0,-0.04039270687236973
20260303,PF2611,7106.0,7.0,3.0,-0.11483253588516806
20260303,PF2612,7038.0,2.0,7.0,0.0011494583177677517
20260303,PF2701,7098.0,12.0,29.0,0.0
20260303,PF2702,0.0,0.0,11.0,0.0
20260304,PF2603,0.0,0.0,2480.0,0.0
20260304,PF2604,7158.0,207401.0,102494.0,-0.003352891869236707
20260304,PF2605,7156.0,61662.0,24819.0,-0.010061486864169744
20260304,PF2606,7150.0,110586.0,92340.0,0.050349650349649444
20260304,PF2607,7180.0,47785.0,40694.0,-0.0367688022284125
20260304,PF2608,7158.0,34250.0,26611.0,-0.04694048616932056
20260304,PF2609,7130.0,675.0,669.0,0.0302945301542783
20260304,PF2610,7148.0,14.0,39.0,0.0
20260304,PF2611,7148.0,19.0,10.0,0.00671516508114145
20260304,PF2612,7152.0,22.0,17.0,0.0006409773018625994
20260304,PF2701,7186.0,21.0,34.0,-0.013359309768995242
20260304,PF2702,7178.0,2.0,12.0,0.0
20260305,PF2603,7092.0,271.0,2480.0,0.31810490693739535
20260305,PF2604,7280.0,245985.0,97544.0,-0.01978021978021971
20260305,PF2605,7268.0,88430.0,29517.0,-0.036323610346725044
20260305,PF2606,7246.0,115189.0,93676.0,0.02980955009660491
20260305,PF2607,7264.0,42226.0,41804.0,-0.07268722466960309
20260305,PF2608,7220.0,29807.0,24758.0,-0.05650969529085925
20260305,PF2609,7186.0,1451.0,919.0,0.29056498747564685
20260305,PF2610,7360.0,22.0,42.0,-0.23478260869565215
20260305,PF2611,7216.0,28.0,17.0,0.11973392461197374
20260305,PF2612,7288.0,21.0,22.0,-0.000185004748455209
20260305,PF2701,7278.0,19.0,42.0,-0.056059356966200014
20260305,PF2702,7244.0,2.0,12.0,0.0
20260306,PF2603,0.0,0.0,2480.0,0.0
20260306,PF2604,7508.0,181766.0,89387.0,0.0
20260306,PF2605,7508.0,77124.0,35244.0,-0.031965903036760945
20260306,PF2606,7488.0,91511.0,106550.0,0.04807692307692424
20260306,PF2607,7518.0,34835.0,43852.0,-0.04469273743016755
20260306,PF2608,7490.0,9536.0,25303.0,-0.08010680907877132
20260306,PF2609,7440.0,819.0,953.0,-0.09032258064516174
20260306,PF2610,7384.0,8.0,41.0,0.07150595882990363
20260306,PF2611,7428.0,7.0,14.0,-0.019386106623585864
20260306,PF2612,7416.0,8.0,21.0,-0.0005090723973673649
20260306,PF2701,7388.0,2.0,42.0,-0.09095831077422911
20260306,PF2702,7332.0,1.0,12.0,0.0
20260309,PF2603,0.0,60.0,2420.0,0.0
20260309,PF2604,7864.0,110642.0,79668.0,0.003051881993896721
20260309,PF2605,7866.0,42468.0,35833.0,-0.13119755911517927
20260309,PF2606,7780.0,45631.0,108871.0,0.052442159383032205
20260309,PF2607,7814.0,11221.0,43487.0,-0.05835679549526507
20260309,PF2608,7776.0,2131.0,25433.0,-0.07098765432098775
20260309,PF2609,7730.0,520.0,1107.0,-0.0031047865459252755
20260309,PF2610,7728.0,11.0,46.0,0.006211180124224391
20260309,PF2611,7732.0,7.0,20.0,0.006207966890843686
20260309,PF2612,7736.0,10.0,28.0,0.001742909264143711
20260309,PF2701,7836.0,26.0,62.0,-0.37059724349157763
20260309,PF2702,7594.0,3.0,13.0,0.0
20260310,PF2603,0.0,0.0,2420.0,0.0
20260310,PF2604,7770.0,230997.0,48771.0,-0.157528957528958
20260310,PF2605,7668.0,104638.0,30380.0,-0.07511737089201853
20260310,PF2606,7620.0,137444.0,111729.0,-0.06929133858267766
20260310,PF2607,7576.0,15375.0,41730.0,-0.09820485744456242
20260310,PF2608,7514.0,1549.0,25483.0,-0.1309555496406709
20260310,PF2609,7432.0,626.0,992.0,0.05812701829924549
20260310,PF2610,7468.0,133.0,51.0,-0.08998393144081351
20260310,PF2611,7412.0,65.0,21.0,0.0
20260310,PF2612,7412.0,154.0,83.0,-0.00036381937580722733
20260310,PF2701,7392.0,153.0,95.0,-0.03571428571428559
20260310,PF2702,7370.0,11.0,12.0,0.0
20260311,PF2603,0.0,0.0,2420.0,0.0
20260311,PF2604,8130.0,157572.0,40925.0,-0.07675276752767557
20260311,PF2605,8078.0,93068.0,32446.0,-0.1307254270859124
20260311,PF2606,7990.0,140294.0,116547.0,-0.0750938673341679
20260311,PF2607,7940.0,35065.0,42512.0,-0.09370277078085643
20260311,PF2608,7878.0,9042.0,24693.0,-0.11271896420411265
20260311,PF2609,7804.0,569.0,842.0,-0.15991799077396163
20260311,PF2610,7700.0,54.0,83.0,-0.0405194805194804
20260311,PF2611,7674.0,18.0,19.0,-0.09695074276778692
20260311,PF2612,7612.0,7.0,81.0,-0.0006376684950433073
20260311,PF2701,7576.0,27.0,103.0,-0.03167898627243915
20260311,PF2702,7556.0,14.0,18.0,0.0
20260312,PF2603,8290.0,300.0,2420.0,0.2402895054282279
20260312,PF2604,8456.0,167015.0,33804.0,-0.09649952696310304
20260312,PF2605,8388.0,94952.0,33319.0,-0.09442060085836879
20260312,PF2606,8322.0,148043.0,118540.0,-0.06056236481615063
20260312,PF2607,8280.0,23905.0,43220.0,-0.07536231884058031
20260312,PF2608,8228.0,7844.0,26707.0,-0.2304326689353422
20260312,PF2609,8070.0,765.0,844.0,-0.19330855018587334
20260312,PF2610,7940.0,84.0,131.0,-0.08161209068010011
20260312,PF2611,7886.0,41.0,42.0,-0.04869388790261242
20260312,PF2612,7854.0,79.0,56.0,3.433446923201819e-05
20260312,PF2701,7856.0,110.0,73.0,-0.18329938900203624
20260312,PF2702,7736.0,5.0,18.0,0.0
20260313,PF2603,0.0,6.0,0.0,0.0
20260313,PF2604,8382.0,103287.0,24412.0,-0.06012884753042247
20260313,PF2605,8340.0,129629.0,32511.0,-0.09208633093525176
20260313,PF2606,8276.0,153222.0,116947.0,-0.026099565007249304
20260313,PF2607,8258.0,22131.0,42392.0,-0.08428190845241001
20260313,PF2608,8200.0,7306.0,27468.0,-0.11121951219512205
20260313,PF2609,8124.0,646.0,826.0,-0.25701624815361956
20260313,PF2610,7950.0,77.0,128.0,-0.2415094339622641
20260313,PF2611,7790.0,20.0,41.0,-0.030808729139923496
20260313,PF2612,7770.0,28.0,47.0,-0.0005552904429308953
20260313,PF2701,7738.0,28.0,57.0,0.07443783923494518
20260313,PF2702,7786.0,4.0,16.0,0.0
20260316,PF2604,8418.0,40539.0,17218.0,0.07697790449037889
20260316,PF2605,8472.0,141029.0,32480.0,-0.14730878186968788
20260316,PF2606,8368.0,173227.0,126809.0,-0.0860420650095608
20260316,PF2607,8308.0,24273.0,41626.0,-0.12710640346653834
20260316,PF2608,8220.0,11412.0,28031.0,-0.10218978102189835
20260316,PF2609,8150.0,994.0,1191.0,-0.21496932515337486
20260316,PF2610,8004.0,215.0,234.0,-0.2818590704647672
20260316,PF2611,7816.0,17.0,39.0,0.0245649948822928
20260316,PF2612,7832.0,20.0,43.0,-0.000929634687998527
20260316,PF2701,7778.0,38.0,54.0,0.033941887374647095
20260316,PF2702,7800.0,7.0,15.0,0.0
20260316,PF2703,0.0,0.0,0.0,0.0
20260317,PF2604,8398.0,18329.0,13893.0,-0.05429864253393646
20260317,PF2605,8360.0,119848.0,30005.0,-0.11770334928229653
20260317,PF2606,8278.0,143074.0,130621.0,-0.05218651848272504
20260317,PF2607,8242.0,25611.0,41310.0,-0.09900509585052131
20260317,PF2608,8174.0,13100.0,27743.0,-0.08808416931734753
20260317,PF2609,8114.0,1398.0,1757.0,-0.07690411634212468
20260317,PF2610,8062.0,221.0,245.0,-0.2738774497643264
20260317,PF2611,7878.0,36.0,30.0,-0.06092916984006136
20260317,PF2612,7838.0,39.0,50.0,0.0001720227872852284
20260317,PF2701,7848.0,63.0,67.0,-0.25076452599388377
20260317,PF2702,7684.0,4.0,14.0,0.0
20260317,PF2703,0.0,0.0,0.0,0.0
20260318,PF2604,8302.0,13121.0,9309.0,-0.07516261141893521
20260318,PF2605,8250.0,102289.0,28872.0,-0.09890909090909128
20260318,PF2606,8182.0,160493.0,132670.0,-0.05573209484233699
20260318,PF2607,8144.0,37528.0,43783.0,-0.07956777996070663
20260318,PF2608,8090.0,14623.0,27019.0,-0.10086526576019716
20260318,PF2609,8022.0,1274.0,2206.0,-0.06581899775617028
20260318,PF2610,7978.0,359.0,461.0,-0.2436700927550759
20260318,PF2611,7816.0,31.0,27.0,-0.021494370522006534
20260318,PF2612,7802.0,30.0,46.0,-0.0004147596842065795
20260318,PF2701,7778.0,24.0,60.0,0.012342504499872398
20260318,PF2702,7786.0,2.0,13.0,0.0
20260318,PF2703,0.0,0.0,0.0,0.0
20260319,PF2604,8396.0,7503.0,6839.0,0.0028585040495485714
20260319,PF2605,8398.0,89255.0,29185.0,-0.05715646582519662
20260319,PF2606,8358.0,176822.0,136015.0,-0.00574300071787448
20260319,PF2607,8354.0,47371.0,45800.0,-0.09193200861862616
20260319,PF2608,8290.0,16081.0,27071.0,-0.04342581423401626
20260319,PF2609,8260.0,1797.0,3097.0,0.02905569007263953
20260319,PF2610,8280.0,283.0,534.0,-0.33623188405797144
20260319,PF2611,8048.0,21.0,33.0,-0.21769383697813183
20260319,PF2612,7902.0,12.0,45.0,-0.00023888135275098113
20260319,PF2701,7888.0,29.0,68.0,-0.04259634888438146
20260319,PF2702,7860.0,4.0,13.0,0.0
20260319,PF2703,0.0,0.0,0.0,0.0
20260320,PF2604,8290.0,5808.0,4932.0,-0.017370325693607302
20260320,PF2605,8278.0,116068.0,27609.0,-0.043488765402270424
20260320,PF2606,8248.0,216088.0,131293.0,-0.005819592628516279
20260320,PF2607,8244.0,87011.0,45927.0,-0.09024745269286782
20260320,PF2608,8182.0,38889.0,26631.0,-0.08213150818870707
20260320,PF2609,8126.0,1118.0,3346.0,-0.008860447944868621
20260320,PF2610,8120.0,155.0,546.0,-0.19211822660098532
20260320,PF2611,7990.0,31.0,34.0,-0.34543178973717126
20260320,PF2612,7760.0,15.0,43.0,0.0007992586586354658
20260320,PF2701,7806.0,39.0,66.0,-0.1475787855495767
20260320,PF2702,7710.0,5.0,12.0,-0.14007782101167265
20260320,PF2703,7620.0,1.0,1.0,0.0
20260323,PF2604,8654.0,4674.0,3784.0,0.07210538479315876
20260323,PF2605,8706.0,84111.0,34394.0,-0.03583735354927642
20260323,PF2606,8680.0,204112.0,142270.0,0.0
20260323,PF2607,8680.0,102294.0,54838.0,-0.05806451612903274
20260323,PF2608,8638.0,54610.0,26080.0,-0.047233155823107165
20260323,PF2609,8604.0,2847.0,4070.0,-0.06694560669456084
20260323,PF2610,8556.0,299.0,657.0,-0.23562412342216055
20260323,PF2611,8388.0,47.0,51.0,-0.2832618025751077
20260323,PF2612,8190.0,33.0,56.0,-0.0014816644030127123
20260323,PF2701,8100.0,46.0,77.0,-0.014814814814814614
20260323,PF2702,8090.0,8.0,12.0,-0.531025957972806
20260323,PF2703,7732.0,1.0,0.0,0.0
20260324,PF2604,8216.0,1662.0,3129.0,0.0642648490749762
20260324,PF2605,8260.0,79504.0,28014.0,-0.008716707021792391
20260324,PF2606,8254.0,188186.0,134256.0,0.03779985461594304
20260324,PF2607,8280.0,78784.0,54227.0,-0.04347826086956541
20260324,PF2608,8250.0,30383.0,26754.0,-0.03781818181818153
20260324,PF2609,8224.0,3839.0,5960.0,-0.023346303501945442
20260324,PF2610,8208.0,223.0,642.0,-0.12280701754385914
20260324,PF2611,8124.0,55.0,60.0,-0.3190546528803542
20260324,PF2612,7908.0,40.0,67.0,-0.0013640006138002697
20260324,PF2701,7828.0,37.0,81.0,0.08584568216658273
20260324,PF2702,7884.0,2.0,10.0,0.0
20260324,PF2703,0.0,0.0,0.0,0.0
20260325,PF2604,8028.0,2176.0,2112.0,0.10463378176382676
20260325,PF2605,8098.0,72647.0,23134.0,0.017782168436650814
20260325,PF2606,8110.0,170124.0,129851.0,-0.014796547472256005
20260325,PF2607,8100.0,78320.0,55171.0,-0.02666666666666684
20260325,PF2608,8082.0,34611.0,27703.0,-0.07720861172977012
20260325,PF2609,8030.0,1886.0,6146.0,0.10460772104607763
20260325,PF2610,8100.0,441.0,600.0,-0.10666666666666602
20260325,PF2611,8028.0,63.0,75.0,-0.18834080717488844
20260325,PF2612,7902.0,59.0,67.0,-0.0011944067637548758
20260325,PF2701,7832.0,54.0,63.0,-0.10725229826353466
20260325,PF2702,7762.0,3.0,11.0,0.0
20260325,PF2703,0.0,0.0,0.0,0.0
20260326,PF2604,8220.0,1004.0,1961.0,0.09051094890510925
20260326,PF2605,8282.0,32307.0,24001.0,-0.0318763583675441
20260326,PF2606,8260.0,133895.0,134923.0,0.0348668280871669
20260326,PF2607,8284.0,58499.0,56805.0,-0.046354418155480026
20260326,PF2608,8252.0,22104.0,28441.0,-0.029083858458555323
20260326,PF2609,8232.0,937.0,6075.0,-0.04664723032069995
20260326,PF2610,8200.0,258.0,666.0,-0.15804878048780502
20260326,PF2611,8092.0,20.0,69.0,-0.3292140385565996
20260326,PF2612,7870.0,16.0,72.0,0.0007880873177905121
20260326,PF2701,7916.0,19.0,69.0,-0.17584638706417444
20260326,PF2702,7800.0,1.0,11.0,0.0
20260326,PF2703,0.0,0.0,0.0,0.0
20260327,PF2604,8392.0,654.0,1769.0,0.06291706387035312
20260327,PF2605,8436.0,36233.0,25065.0,-0.06258890469416833
20260327,PF2606,8392.0,169526.0,136530.0,0.011439466158245537
20260327,PF2607,8400.0,83103.0,57992.0,-0.05714285714285694
20260327,PF2608,8360.0,29049.0,29150.0,-0.04593301435406749
20260327,PF2609,8328.0,1079.0,5954.0,-0.1008645533141217
20260327,PF2610,8258.0,177.0,690.0,-0.15693872608379777
20260327,PF2611,8150.0,18.0,67.0,-0.18257668711656416
20260327,PF2612,8026.0,24.0,70.0,-0.0012095521017367657
20260327,PF2701,7954.0,32.0,83.0,0.0
20260327,PF2702,0.0,0.0,11.0,0.0
20260327,PF2703,0.0,0.0,0.0,0.0
20260330,PF2604,8278.0,622.0,1548.0,0.11597004107272291
20260330,PF2605,8358.0,46134.0,24511.0,-0.022972002871500585
20260330,PF2606,8342.0,175788.0,132248.0,0.023016063294173605
20260330,PF2607,8358.0,102851.0,57690.0,0.14070351758794075
20260330,PF2608,8456.0,35969.0,28031.0,-0.045411542100283864
20260330,PF2609,8424.0,1337.0,5920.0,-0.21082621082621023
20260330,PF2610,8276.0,325.0,821.0,-0.12469792170130445
20260330,PF2611,8190.0,31.0,77.0,-0.23443223443223493
20260330,PF2612,8030.0,24.0,76.0,-0.0013096953838834641
20260330,PF2701,7952.0,37.0,91.0,-0.04828973843058382
20260330,PF2702,7920.0,7.0,10.0,0.0
20260330,PF2703,0.0,0.0,0.0,0.0
20260331,PF2604,8216.0,1094.0,1211.0,0.058422590068158975
20260331,PF2605,8256.0,42287.0,23260.0,-0.014534883720929592
20260331,PF2606,8246.0,181011.0,126198.0,0.02619451855445032
20260331,PF2607,8264.0,119767.0,56526.0,-0.04356243949661165
20260331,PF2608,8234.0,52565.0,29322.0,-0.07869808112703414
20260331,PF2609,8180.0,1238.0,5901.0,0.00880195599021949
20260331,PF2610,8186.0,357.0,831.0,-0.11140972391888582
20260331,PF2611,8110.0,39.0,76.0,-0.24562268803945742
20260331,PF2612,7944.0,48.0,70.0,-0.0009504735394955672
20260331,PF2701,7888.0,92.0,87.0,0.0
20260331,PF2702,0.0,0.0,10.0,0.0
20260331,PF2703,0.0,0.0,0.0,0.0
20260401,PF2604,8158.0,31.0,1192.0,-0.3795047805834759
20260401,PF2605,7900.0,33138.0,20048.0,-0.009113924050633493
20260401,PF2606,7894.0,235026.0,131946.0,0.02128198631872369
20260401,PF2607,7908.0,127509.0,63225.0,-0.04552352048558417
20260401,PF2608,7878.0,37855.0,31520.0,-0.05178979436405129
20260401,PF2609,7844.0,1904.0,6278.0,0.03977562468128415
20260401,PF2610,7870.0,721.0,730.0,-0.07928843710292277
20260401,PF2611,7818.0,35.0,77.0,-0.14428242517267797
20260401,PF2612,7724.0,36.0,67.0,-3.491234093064569e-05
20260401,PF2701,7722.0,63.0,93.0,0.0
20260401,PF2702,0.0,0.0,10.0,0.0
20260401,PF2703,0.0,0.0,0.0,0.0
20260402,PF2604,8310.0,353.0,970.0,0.07220216606498209
20260402,PF2605,8360.0,20634.0,18848.0,-0.04880382775119596
20260402,PF2606,8326.0,207141.0,143668.0,-0.011530146528945906
20260402,PF2607,8318.0,110534.0,66167.0,-0.07790334214955452
20260402,PF2608,8264.0,42783.0,32156.0,-0.04937076476282609
20260402,PF2609,8230.0,1895.0,6038.0,-0.0729040097205349
20260402,PF2610,8180.0,524.0,698.0,-0.15843520782396148
20260402,PF2611,8072.0,48.0,86.0,-0.1724479682854314
20260402,PF2612,7956.0,42.0,69.0,-0.0007456742420390775
20260402,PF2701,7912.0,47.0,99.0,0.0
20260402,PF2702,0.0,0.0,10.0,0.0
20260402,PF2703,0.0,0.0,0.0,0.0
20260403,PF2604,8292.0,41.0,970.0,0.1476121562952235
20260403,PF2605,8394.0,23884.0,20014.0,0.01143674052894994
20260403,PF2606,8402.0,224132.0,149203.0,0.0
20260403,PF2607,8402.0,99193.0,64052.0,-0.07998095691501961
20260403,PF2608,8346.0,49589.0,32365.0,-0.07764198418404078
20260403,PF2609,8292.0,1887.0,5877.0,-0.083936324167873
20260403,PF2610,8234.0,479.0,813.0,-0.25649744959922316
20260403,PF2611,8058.0,127.0,177.0,-0.16679076693968664
20260403,PF2612,7946.0,30.0,68.0,0.0010520451248172491
20260403,PF2701,8008.0,41.0,92.0,0.0
20260403,PF2702,0.0,0.0,10.0,0.0
20260403,PF2703,0.0,0.0,0.0,0.0
20260407,PF2604,8350.0,19.0,970.0,0.22131736526946
20260407,PF2605,8504.0,6861.0,19623.0,0.014111006585135755
20260407,PF2606,8514.0,152641.0,154001.0,-0.02818886539816834
20260407,PF2607,8494.0,93371.0,66625.0,-0.10171886037202693
20260407,PF2608,8422.0,42092.0,32341.0,-0.05129422939919248
20260407,PF2609,8386.0,760.0,6060.0,-0.07154781779155783
20260407,PF2610,8336.0,259.0,904.0,-0.23608445297504854
20260407,PF2611,8172.0,33.0,188.0,-0.2878120411160059
20260407,PF2612,7976.0,10.0,70.0,0.0012847531358119253
20260407,PF2701,8052.0,28.0,102.0,-0.17287630402384435
20260407,PF2702,7936.0,1.0,10.0,0.05141129032258185
20260407,PF2703,7970.0,1.0,1.0,0.0
20260408,PF2604,0.0,0.0,970.0,0.0
20260408,PF2605,7976.0,14606.0,14163.0,-0.027081243731192917
20260408,PF2606,7958.0,219318.0,140674.0,-0.02714249811510472
20260408,PF2607,7940.0,100074.0,59896.0,-0.09672544080604517
20260408,PF2608,7876.0,43961.0,33708.0,-0.06399187404774054
20260408,PF2609,7834.0,2400.0,6086.0,-0.052080673985193116
20260408,PF2610,7800.0,808.0,836.0,-0.08923076923076945
20260408,PF2611,7742.0,134.0,201.0,-0.1828984758460348
20260408,PF2612,7624.0,61.0,66.0,0.0007781458905643886
20260408,PF2701,7668.0,92.0,100.0,-0.0125195618153362
20260408,PF2702,7660.0,4.0,12.0,-0.1347258485639684
20260408,PF2703,7574.0,2.0,2.0,0.0
20260409,PF2604,8200.0,24.0,958.0,-0.12878048780487816
20260409,PF2605,8112.0,4857.0,12696.0,-0.008875739644970793
20260409,PF2606,8106.0,134833.0,137662.0,-0.02664692820133263
20260409,PF2607,8088.0,60448.0,57704.0,-0.05637982195845748
20260409,PF2608,8050.0,41421.0,32992.0,-0.09540372670807429
20260409,PF2609,7986.0,1926.0,6354.0,-0.03906836964688232
20260409,PF2610,7960.0,407.0,824.0,-0.15979899497487393
20260409,PF2611,7854.0,30.0,206.0,-0.213903743315508
20260409,PF2612,7714.0,14.0,68.0,0.0006991519869025394
20260409,PF2701,7754.0,33.0,106.0,-0.08047459375806021
20260409,PF2702,7702.0,3.0,13.0,0.08101791742404618
20260409,PF2703,7754.0,8.0,3.0,0.0
20260410,PF2604,0.0,0.0,958.0,0.0
20260410,PF2605,7884.0,6602.0,10636.0,-0.03957382039573787
20260410,PF2606,7858.0,166477.0,144205.0,-0.030542122677525985
20260410,PF2607,7838.0,103655.0,58715.0,-0.09492217402398584
20260410,PF2608,7776.0,42617.0,32113.0,-0.07098765432098775
20260410,PF2609,7730.0,2039.0,6665.0,-0.015523932729625045
20260410,PF2610,7720.0,676.0,605.0,-0.015544041450777257
20260410,PF2611,7710.0,58.0,182.0,-0.1431906614785987
20260410,PF2612,7618.0,21.0,68.0,0.0
20260410,PF2701,7618.0,33.0,104.0,-0.01575216592281503
20260410,PF2702,7608.0,1.0,13.0,0.0
20260410,PF2703,0.0,0.0,3.0,0.0
20260413,PF2604,7808.0,101.0,914.0,0.17213114754098413
20260413,PF2605,7920.0,13431.0,9119.0,-0.021212121212121016
20260413,PF2606,7906.0,106379.0,138751.0,-0.00910700733620029
20260413,PF2607,7900.0,64793.0,56137.0,-0.09417721518987365
20260413,PF2608,7838.0,22203.0,33864.0,-0.06124011227353865
20260413,PF2609,7798.0,1535.0,6925.0,0.07694280584765334
20260413,PF2610,7848.0,437.0,576.0,-0.10397553516819613
20260413,PF2611,7780.0,155.0,119.0,-0.12030848329048816
20260413,PF2612,7702.0,69.0,70.0,-0.0014705067121045501
20260413,PF2701,7618.0,82.0,83.0,-0.10711472827513768
20260413,PF2702,7550.0,1.0,13.0,-0.019072847682119143
20260413,PF2703,7538.0,29.0,3.0,0.0
20260414,PF2604,0.0,163.0,751.0,0.0
20260414,PF2605,7970.0,4611.0,7765.0,-0.03011292346298644
20260414,PF2606,7950.0,116969.0,143865.0,0.015094339622641506
20260414,PF2607,7960.0,72033.0,55856.0,-0.09346733668341756
20260414,PF2608,7898.0,35181.0,31782.0,-0.04558115978728772
20260414,PF2609,7868.0,1510.0,6863.0,0.0
20260414,PF2610,7868.0,244.0,588.0,-0.1281138790035583
20260414,PF2611,7784.0,2.0,119.0,-0.17266187050359738
20260414,PF2612,7672.0,3.0,71.0,-0.00021089383838502907
20260414,PF2701,7660.0,15.0,85.0,0.0
20260414,PF2702,0.0,0.0,13.0,0.0
20260414,PF2703,7640.0,2.0,3.0,0.0
20260415,PF2604,8000.0,11.0,0.0,0.12300000000000111
20260415,PF2605,8082.0,1835.0,6679.0,-0.01781737193763977
20260415,PF2606,8070.0,137871.0,147292.0,-0.014869888475836923
20260415,PF2607,8060.0,78871.0,59289.0,-0.09230769230769198
20260415,PF2608,7998.0,33076.0,32460.0,-0.08402100525131306
20260415,PF2609,7942.0,2184.0,6909.0,-0.04532863258625097
20260415,PF2610,7912.0,411.0,702.0,-0.2032355915065729
20260415,PF2611,7778.0,169.0,198.0,-0.13576754949858572
20260415,PF2612,7690.0,55.0,89.0,-0.00014026679914086647
20260415,PF2701,7682.0,46.0,100.0,-0.06873210101536031
20260415,PF2702,7638.0,3.0,13.0,0.0
20260415,PF2703,0.0,0.0,3.0,0.0
20260416,PF2605,8144.0,351.0,6465.0,-0.0383104125736744
20260416,PF2606,8118.0,115130.0,145501.0,-0.01773835920177369
20260416,PF2607,8106.0,62322.0,63133.0,-0.10362694300518083
20260416,PF2608,8036.0,25713.0,31724.0,-0.11348929815828734
20260416,PF2609,7960.0,660.0,6882.0,-0.024120603015076014
20260416,PF2610,7944.0,216.0,735.0,-0.12990936555891208
20260416,PF2611,7858.0,10.0,198.0,-0.15271061338762992
20260416,PF2612,7758.0,11.0,92.0,-0.0004171120206470475
20260416,PF2701,7734.0,24.0,106.0,0.0
20260416,PF2702,0.0,0.0,13.0,0.0
20260416,PF2703,0.0,0.0,3.0,0.0
20260416,PF2704,0.0,0.0,0.0,0.0
20260417,PF2605,8084.0,986.0,5748.0,-0.01484413656605632
20260417,PF2606,8074.0,95512.0,140425.0,-0.014862521674510631
20260417,PF2607,8064.0,50496.0,63111.0,-0.09821428571428603
20260417,PF2608,7998.0,17502.0,31760.0,-0.08402100525131306
20260417,PF2609,7942.0,922.0,6937.0,-0.06950390329891709
20260417,PF2610,7896.0,149.0,747.0,-0.15501519756838933
20260417,PF2611,7794.0,34.0,217.0,-0.18783679753656646
20260417,PF2612,7672.0,2.0,93.0,-0.00024604281144918814
20260417,PF2701,7658.0,6.0,107.0,0.0
20260417,PF2702,0.0,0.0,13.0,0.0
20260417,PF2703,0.0,0.0,3.0,0.0
20260417,PF2704,0.0,0.0,0.0,0.0
20260420,PF2605,8046.0,1428.0,4918.0,-0.0507084265473523
20260420,PF2606,8012.0,164737.0,134792.0,-0.02695956065901184
20260420,PF2607,7994.0,119057.0,65154.0,-0.09907430572929732
20260420,PF2608,7928.0,58678.0,30527.0,-0.09081735620585318
20260420,PF2609,7868.0,1615.0,6862.0,-0.06405693950177982
20260420,PF2610,7826.0,496.0,690.0,-0.17173524150268316
20260420,PF2611,7714.0,27.0,217.0,-0.10889292196007316
20260420,PF2612,7644.0,27.0,85.0,-0.0005291658582188238
20260420,PF2701,7614.0,44.0,106.0,-0.16706067769897492
20260420,PF2702,7508.0,1.0,14.0,0.10548748002130992
20260420,PF2703,7574.0,1.0,4.0,0.0
20260420,PF2704,0.0,0.0,0.0,0.0
20260421,PF2605,8024.0,991.0,4234.0,-0.020937188434695386
20260421,PF2606,8010.0,99896.0,136049.0,-0.005992509363296428
20260421,PF2607,8006.0,52332.0,69378.0,-0.11091681239070672
20260421,PF2608,7932.0,18266.0,30881.0,-0.09379727685325223
20260421,PF2609,7870.0,397.0,6903.0,0.0030495552731899522
20260421,PF2610,7872.0,176.0,724.0,-0.1981707317073167
20260421,PF2611,7742.0,23.0,214.0,-0.22319814001549965
20260421,PF2612,7598.0,18.0,83.0,-0.00028393042521538314
20260421,PF2701,7582.0,31.0,112.0,0.04431548404115038
20260421,PF2702,7610.0,3.0,14.0,-0.1576872536136662
20260421,PF2703,7510.0,4.0,5.0,0.0
20260421,PF2704,0.0,0.0,0.0,0.0
20260422,PF2605,8080.0,333.0,4067.0,-0.02970297029702973
20260422,PF2606,8060.0,92710.0,131853.0,-0.005955334987593375
20260422,PF2607,8056.0,58923.0,71352.0,-0.11022840119165833
20260422,PF2608,7982.0,25635.0,31342.0,-0.08418942620897063
20260422,PF2609,7926.0,753.0,7073.0,-0.039364118092354516
20260422,PF2610,7900.0,269.0,782.0,-0.1883544303797473
20260422,PF2611,7776.0,54.0,227.0,-0.14506172839506215
20260422,PF2612,7682.0,3.0,84.0,-3.5103218087512594e-05
20260422,PF2701,7680.0,16.0,117.0,-0.06562500000000027
20260422,PF2702,7638.0,3.0,14.0,-0.14139827179890085
20260422,PF2703,7548.0,3.0,3.0,0.0
20260422,PF2704,0.0,0.0,0.0,0.0
20260423,PF2605,8210.0,447.0,3864.0,-0.04677222898903732
20260423,PF2606,8178.0,143869.0,131397.0,-0.005869405722671139
20260423,PF2607,8174.0,91368.0,79888.0,-0.09102030829459196
20260423,PF2608,8112.0,34820.0,31834.0,-0.09171597633136042
20260423,PF2609,8050.0,1016.0,7290.0,-0.020869565217390917
20260423,PF2610,8036.0,324.0,968.0,-0.23593827775012421
20260423,PF2611,7878.0,117.0,329.0,-0.16755521706016774
20260423,PF2612,7768.0,23.0,95.0,0.00017357294113563458
20260423,PF2701,7778.0,38.0,127.0,-0.08022627924916392
20260423,PF2702,7726.0,5.0,15.0,-0.083872637846234
20260423,PF2703,7672.0,1.0,4.0,0.0
20260423,PF2704,0.0,0.0,0.0,0.0
20260424,PF2605,8144.0,415.0,3701.0,-0.04715127701375188
20260424,PF2606,8112.0,118395.0,121840.0,-0.014792899408283766
20260424,PF2607,8102.0,70305.0,78554.0,-0.07405578869414953
20260424,PF2608,8052.0,24165.0,30326.0,-0.08941877794336772
20260424,PF2609,7992.0,661.0,7203.0,-0.07207207207207178
20260424,PF2610,7944.0,133.0,960.0,-0.15105740181268912
20260424,PF2611,7844.0,29.0,327.0,-0.16216216216216184
20260424,PF2612,7738.0,11.0,95.0,-0.0003484917567179006
20260424,PF2701,7718.0,32.0,132.0,-0.07152111946100081
20260424,PF2702,7672.0,1.0,14.0,0.03441084462982236
20260424,PF2703,7694.0,1.0,3.0,0.0
20260424,PF2704,0.0,0.0,0.0,0.0
20260427,PF2605,8270.0,424.0,3359.0,-0.04062877871825865
20260427,PF2606,8242.0,119972.0,114838.0,0.008735743751516978
20260427,PF2607,8248.0,80772.0,81395.0,-0.07856450048496644
20260427,PF2608,8194.0,26912.0,29980.0,-0.05272150353917482
20260427,PF2609,8158.0,1413.0,7675.0,-0.07648933562147597
20260427,PF2610,8106.0,429.0,1236.0,-0.14507772020725396
20260427,PF2611,8008.0,109.0,426.0,-0.16783216783216748
20260427,PF2612,7896.0,11.0,98.0,-0.0006830367815306843
20260427,PF2701,7856.0,47.0,140.0,0.0
20260427,PF2702,0.0,0.0,14.0,0.0
20260427,PF2703,0.0,0.0,3.0,0.0
20260427,PF2704,0.0,0.0,0.0,0.0
20260428,PF2605,8430.0,372.0,3145.0,-0.017081850533807508
20260428,PF2606,8418.0,151870.0,100762.0,0.03421240199572395
20260428,PF2607,8442.0,145687.0,95006.0,-0.07107320540156348
20260428,PF2608,8392.0,30988.0,32408.0,-0.07721639656816004
20260428,PF2609,8338.0,3117.0,7940.0,-0.048932597745262374
20260428,PF2610,8304.0,434.0,1477.0,-0.23121387283236938
20260428,PF2611,8144.0,104.0,505.0,-0.16502946954813424
20260428,PF2612,8032.0,13.0,102.0,-0.00043645642150499833
20260428,PF2701,8006.0,41.0,149.0,-0.25181114164376783
20260428,PF2702,7838.0,2.0,14.0,0.0
20260428,PF2703,0.0,0.0,3.0,0.0
20260428,PF2704,0.0,0.0,0.0,0.0
20260429,PF2605,8450.0,564.0,3029.0,-0.11076923076923118
20260429,PF2606,8372.0,139203.0,92885.0,0.03440038222646802
20260429,PF2607,8396.0,125082.0,110443.0,-0.0657455931395905
20260429,PF2608,8350.0,27718.0,36394.0,-0.08335329341317399
20260429,PF2609,8292.0,2800.0,7993.0,-0.046309696092619035
20260429,PF2610,8260.0,366.0,1572.0,-0.18595641646489058
20260429,PF2611,8132.0,137.0,558.0,-0.18298081652730014
20260429,PF2612,8008.0,135.0,163.0,-0.0004040902917307425
20260429,PF2701,7984.0,48.0,144.0,-0.027054108216432393
20260429,PF2702,7966.0,3.0,15.0,0.0
20260429,PF2703,0.0,0.0,3.0,0.0
20260429,PF2704,7920.0,1.0,1.0,0.0
20260430,PF2605,8458.0,221.0,2905.0,-0.14471506266256862
20260430,PF2606,8356.0,137860.0,73866.0,0.06893250359023373
20260430,PF2607,8404.0,143639.0,118654.0,-0.06282722513088945
20260430,PF2608,8360.0,28570.0,36391.0,-0.09760765550239192
20260430,PF2609,8292.0,2548.0,7872.0,-0.03762662807525263
20260430,PF2610,8266.0,431.0,1535.0,-0.11033147834502843
20260430,PF2611,8190.0,135.0,585.0,-0.16703296703296644
20260430,PF2612,8076.0,95.0,228.0,-0.0013022355042823467
20260430,PF2701,7998.0,40.0,138.0,-0.08702175543885948
20260430,PF2702,7940.0,3.0,16.0,0.0
20260430,PF2703,0.0,0.0,3.0,0.0
20260430,PF2704,0.0,0.0,1.0,0.0
20260506,PF2605,8460.0,65.0,2905.0,-0.025531914893616392
20260506,PF2606,8442.0,56045.0,62587.0,0.0767590618336893
20260506,PF2607,8496.0,141129.0,149671.0,-0.05649717514124353
20260506,PF2608,8456.0,30162.0,43197.0,-0.0794701986754971
20260506,PF2609,8400.0,4657.0,8516.0,-0.06571428571428628
20260506,PF2610,8354.0,11668.0,10690.0,-0.20110126885324364
20260506,PF2611,8214.0,317.0,774.0,-0.13732651570489463
20260506,PF2612,8120.0,32.0,231.0,-0.0008302429844467841
20260506,PF2701,8070.0,18.0,140.0,-0.15762081784386606
20260506,PF2702,7964.0,3.0,17.0,-0.09342039176293326
20260506,PF2703,7902.0,1.0,3.0,0.0
20260506,PF2704,0.0,0.0,1.0,0.0
20260507,PF2605,8160.0,13.0,2905.0,-0.05294117647058805
20260507,PF2606,8124.0,52456.0,46491.0,0.04431314623338167
20260507,PF2607,8154.0,242327.0,167092.0,-0.07064017660044142
20260507,PF2608,8106.0,48682.0,53198.0,-0.05921539600296066
20260507,PF2609,8066.0,6946.0,9444.0,-0.04165633523431689
20260507,PF2610,8038.0,74199.0,20752.0,-0.15824832047773096
20260507,PF2611,7932.0,271.0,718.0,-0.13313161875945534
20260507,PF2612,7844.0,17.0,224.0,-0.0007219430581737163
20260507,PF2701,7802.0,48.0,135.0,-0.07997949243783609
20260507,PF2702,7750.0,2.0,18.0,-0.09600000000000009
20260507,PF2703,7688.0,1.0,3.0,0.0
20260507,PF2704,0.0,0.0,1.0,0.0
20260508,PF2605,0.0,0.0,2905.0,0.0
20260508,PF2606,8000.0,31206.0,35969.0,0.0359999999999987
20260508,PF2607,8024.0,177561.0,170157.0,-0.08673978065802546
20260508,PF2608,7966.0,31583.0,52834.0,-0.05724328395681644
20260508,PF2609,7928.0,6110.0,9824.0,-0.00605449041372319
20260508,PF2610,7924.0,31824.0,22595.0,-0.1272084805653706
20260508,PF2611,7840.0,367.0,566.0,-0.14999999999999947
20260508,PF2612,7742.0,20.0,218.0,-0.0009752727716033152
20260508,PF2701,7686.0,33.0,133.0,-0.09055425448868037
20260508,PF2702,7628.0,3.0,17.0,-0.053487152595699694
20260508,PF2703,7594.0,2.0,2.0,0.0
20260508,PF2704,0.0,0.0,1.0,0.0
20260511,PF2605,8114.0,194.0,2905.0,0.0739462657135821
20260511,PF2606,8164.0,24141.0,28773.0,0.023517883390495875
20260511,PF2607,8180.0,203896.0,179987.0,-0.0821515892420539
20260511,PF2608,8124.0,48016.0,54505.0,-0.07385524372230456
20260511,PF2609,8074.0,6988.0,10145.0,-0.005945008669804519
20260511,PF2610,8070.0,28024.0,25667.0,-0.14572490706319652
20260511,PF2611,7972.0,141.0,568.0,-0.1113898645258411
20260511,PF2612,7898.0,38.0,229.0,-0.0009901525347051254
20260511,PF2701,7840.0,72.0,155.0,-0.1040816326530618
20260511,PF2702,7772.0,5.0,17.0,-0.06176016469377288
20260511,PF2703,7732.0,2.0,2.0,0.0
20260511,PF2704,0.0,0.0,1.0,0.0
20260512,PF2605,8176.0,223.0,2692.0,-0.05577299412915826
20260512,PF2606,8138.0,16934.0,21244.0,-0.0176947652985997
20260512,PF2607,8126.0,139117.0,181365.0,-0.05611617031749949
20260512,PF2608,8088.0,39414.0,59995.0,-0.07715133531157248
20260512,PF2609,8036.0,5650.0,10626.0,-0.0059731209556996845
20260512,PF2610,8032.0,19330.0,26590.0,-0.143426294820717
20260512,PF2611,7936.0,171.0,587.0,-0.11189516129032206
20260512,PF2612,7862.0,50.0,251.0,-0.0008231887703331908
20260512,PF2701,7814.0,27.0,155.0,-0.0952137189659581
20260512,PF2702,7752.0,3.0,16.0,-0.04643962848297267
20260512,PF2703,7722.0,2.0,2.0,0.0
20260512,PF2704,0.0,0.0,1.0,0.0
20260513,PF2605,8134.0,457.0,2235.0,-0.11212195721662122
20260513,PF2606,8058.0,18631.0,16723.0,0.0029784065524935954
20260513,PF2607,8060.0,149845.0,182679.0,-0.06550868486352313
20260513,PF2608,8016.0,42399.0,60946.0,-0.07784431137724557
20260513,PF2609,7964.0,7444.0,11841.0,-0.021094927172275124
20260513,PF2610,7950.0,35758.0,29899.0,-0.12679245283018892
20260513,PF2611,7866.0,111.0,576.0,-0.0854309687261634
20260513,PF2612,7810.0,23.0,252.0,-0.0010358370858449917
20260513,PF2701,7750.0,33.0,151.0,-0.11767741935483933
20260513,PF2702,7674.0,1.0,17.0,0.0
20260513,PF2703,0.0,0.0,2.0,0.0
20260513,PF2704,0.0,0.0,1.0,0.0
20260514,PF2605,8170.0,40.0,2235.0,-0.33194614443084447
20260514,PF2606,7944.0,8988.0,12937.0,-0.015105740181269312
20260514,PF2607,7934.0,187601.0,182727.0,-0.05747416183513998
20260514,PF2608,7896.0,69930.0,60989.0,-0.06686930091185372
20260514,PF2609,7852.0,8074.0,11562.0,0.024452368823229875
20260514,PF2610,7868.0,28593.0,27774.0,-0.08540925266903887
20260514,PF2611,7812.0,265.0,488.0,-0.036866359447004005
20260514,PF2612,7788.0,17.0,250.0,-0.0015235193296514959
20260514,PF2701,7700.0,31.0,149.0,-0.024935064935065476
20260514,PF2702,7684.0,5.0,19.0,-0.09682457053617899
20260514,PF2703,7622.0,3.0,3.0,0.03463657832589906
20260514,PF2704,7644.0,1.0,0.0,0.0
20260515,PF2605,0.0,0.0,2235.0,0.0
20260515,PF2606,8042.0,5831.0,9692.0,-0.02387465804526201
20260515,PF2607,8026.0,157862.0,183615.0,-0.06578619486668291
20260515,PF2608,7982.0,57899.0,58109.0,-0.06013530443497883
20260515,PF2609,7942.0,4831.0,11091.0,0.027197179551751383
20260515,PF2610,7960.0,21490.0,26048.0,-0.1206030150753774
20260515,PF2611,7880.0,61.0,487.0,-0.09441624365482282
20260515,PF2612,7818.0,19.0,250.0,-0.0007588365655746851
20260515,PF2701,7774.0,43.0,150.0,-0.09261641368664764
20260515,PF2702,7714.0,5.0,17.0,-0.0560020741508942
20260515,PF2703,7678.0,3.0,4.0,0.0062516280281332826
20260515,PF2704,7682.0,3.0,2.0,0.0
20260518,PF2605,0.0,0.0,2235.0,0.0
20260518,PF2606,8108.0,4526.0,8141.0,0.03552047360631505
20260518,PF2607,8132.0,156840.0,183964.0,-0.047220855878012724
20260518,PF2608,8100.0,45228.0,58258.0,-0.0740740740740744
20260518,PF2609,8050.0,4777.0,11087.0,0.005962732919255309
20260518,PF2610,8054.0,25961.0,26231.0,-0.07747703004718165
20260518,PF2611,8002.0,83.0,487.0,-0.14096475881029802
20260518,PF2612,7908.0,28.0,253.0,-0.0007502003375901461
20260518,PF2701,7864.0,37.0,166.0,-0.033570701932858604
20260518,PF2702,7842.0,1.0,17.0,0.0
20260518,PF2703,0.0,0.0,4.0,0.0
20260518,PF2704,0.0,0.0,2.0,0.0
20260519,PF2605,0.0,122.0,0.0,0.0
20260519,PF2606,8008.0,2178.0,7338.0,0.03596403596403608
20260519,PF2607,8032.0,161290.0,178342.0,-0.03585657370517925
20260519,PF2608,8008.0,58670.0,58521.0,-0.0659340659340657
20260519,PF2609,7964.0,6255.0,10417.0,0.0030135610246109223
20260519,PF2610,7966.0,28461.0,26958.0,-0.10243535023851313
20260519,PF2611,7898.0,141.0,457.0,-0.06989111167384188
20260519,PF2612,7852.0,24.0,252.0,-0.0012706989416566086
20260519,PF2701,7778.0,14.0,165.0,-0.12651067112368208
20260519,PF2702,7696.0,5.0,20.0,-0.031185031185031686
20260519,PF2703,7676.0,11.0,6.0,0.03126628452318947
20260519,PF2704,7696.0,184.0,3.0,0.0
20260520,PF2606,7960.0,2315.0,6375.0,0.02110552763819218
20260520,PF2607,7974.0,186439.0,186106.0,-0.03310759969902177
20260520,PF2608,7952.0,71597.0,62242.0,-0.04828973843058382
20260520,PF2609,7920.0,6533.0,10945.0,0.030303030303031164
20260520,PF2610,7940.0,33154.0,28904.0,-0.05138539042821133
20260520,PF2611,7906.0,51.0,460.0,-0.1487477864912723
20260520,PF2612,7808.0,19.0,251.0,-0.000518051206483696
20260520,PF2701,7778.0,28.0,153.0,-0.09874003599897119
20260520,PF2702,7714.0,4.0,19.0,-0.1057816956183566
20260520,PF2703,7646.0,2.0,7.0,0.0
20260520,PF2704,0.0,0.0,3.0,0.0
20260520,PF2705,0.0,0.0,0.0,0.0
20260521,PF2606,7980.0,3067.0,4952.0,0.021052631578947434
20260521,PF2607,7994.0,257745.0,168458.0,-0.06004503377533155
20260521,PF2608,7954.0,110696.0,57208.0,-0.060346995222530175
20260521,PF2609,7914.0,11223.0,10817.0,0.03942380591357075
20260521,PF2610,7940.0,39274.0,28164.0,-0.08765743073047894
20260521,PF2611,7882.0,375.0,463.0,-0.03349403704643539
20260521,PF2612,7860.0,27.0,253.0,-0.001612488206535727
20260521,PF2701,7766.0,43.0,167.0,-0.07416945660571672
20260521,PF2702,7718.0,19.0,22.0,-0.03109613889608731
20260521,PF2703,7698.0,23.0,12.0,0.1683554169914272
20260521,PF2704,7806.0,22.0,12.0,0.03074558032282937
20260521,PF2705,7826.0,41.0,28.0,0.0
20260522,PF2606,7718.0,2530.0,3910.0,-0.012438455558434924
20260522,PF2607,7710.0,249789.0,160232.0,-0.052918287937743
20260522,PF2608,7676.0,85841.0,60683.0,-0.06565919749869709
20260522,PF2609,7634.0,10462.0,11120.0,0.03772596279800933
20260522,PF2610,7658.0,34719.0,29450.0,-0.04074170801775967
20260522,PF2611,7632.0,380.0,371.0,-0.06918238993710712
20260522,PF2612,7588.0,181.0,226.0,-0.0003909188369572268
20260522,PF2701,7566.0,168.0,191.0,-0.08564631245043586
20260522,PF2702,7512.0,24.0,26.0,-0.06709265175718837
20260522,PF2703,7470.0,20.0,19.0,0.0963855421686759
20260522,PF2704,7530.0,19.0,19.0,0.0127490039840632
20260522,PF2705,7538.0,12.0,29.0,0.0
20260525,PF2606,7546.0,1384.0,3491.0,-0.022263450834879794
20260525,PF2607,7532.0,259382.0,144124.0,-0.07647371216144494
20260525,PF2608,7484.0,77505.0,59061.0,-0.05772314270443646
20260525,PF2609,7448.0,11453.0,12705.0,0.03866809881847466
20260525,PF2610,7472.0,37416.0,29732.0,-0.02890792291220512
20260525,PF2611,7454.0,615.0,366.0,-0.06117520794204401
20260525,PF2612,7416.0,39.0,211.0,-0.0006181593396603824
20260525,PF2701,7382.0,164.0,185.0,-0.0812787862367923
20260525,PF2702,7332.0,24.0,32.0,-0.14402618657937838
20260525,PF2703,7244.0,20.0,17.0,0.18884594146880307
20260525,PF2704,7358.0,25.0,13.0,0.16634955150856268
20260525,PF2705,7460.0,31.0,13.0,0.0
20260526,PF2606,7580.0,939.0,3162.0,-0.018997361477572028
20260526,PF2607,7568.0,141197.0,129155.0,-0.07610993657505238
20260526,PF2608,7520.0,44177.0,57324.0,-0.06702127659574453
20260526,PF2609,7478.0,6072.0,12705.0,0.038512971382721695
20260526,PF2610,7502.0,24788.0,28932.0,-0.07358037856571586
20260526,PF2611,7456.0,646.0,350.0,-0.09012875536480669
20260526,PF2612,7400.0,1.0,210.0,-7.288187063467888e-05
20260526,PF2701,7396.0,59.0,187.0,-0.14926987560843763
20260526,PF2702,7304.0,2.0,32.0,-0.0887185104052568
20260526,PF2703,7250.0,2.0,17.0,0.0
20260526,PF2704,0.0,0.0,13.0,0.0
20260526,PF2705,0.0,0.0,13.0,0.0
20260527,PF2606,7650.0,742.0,2712.0,-0.04078431372549085
20260527,PF2607,7624.0,154325.0,113462.0,-0.08184679958027274
20260527,PF2608,7572.0,51946.0,63609.0,-0.07290015847860554
20260527,PF2609,7526.0,6169.0,13083.0,0.012755779962795977
20260527,PF2610,7534.0,21711.0,28520.0,-0.057340058401911254
20260527,PF2611,7498.0,554.0,347.0,-0.09282475326753747
20260527,PF2612,7440.0,5.0,212.0,-0.00036245016310257306
20260527,PF2701,7420.0,51.0,198.0,-0.11967654986522946
20260527,PF2702,7346.0,2.0,34.0,-0.08821127144023944
20260527,PF2703,7292.0,3.0,19.0,0.10202962150301786
20260527,PF2704,7354.0,3.0,14.0,-0.02937177046505246
20260527,PF2705,7336.0,3.0,13.0,0.0
20260528,PF2606,7776.0,1010.0,2389.0,-0.009259259259258634
20260528,PF2607,7770.0,201764.0,99509.0,-0.10193050193050146
20260528,PF2608,7704.0,66936.0,66467.0,-0.09034267912772531
20260528,PF2609,7646.0,7321.0,13323.0,0.0
20260528,PF2610,7646.0,42938.0,26900.0,-0.0816113000261578
20260528,PF2611,7594.0,234.0,330.0,-0.1264155912562548
20260528,PF2612,7514.0,1.0,213.0,7.177613024976133e-05
20260528,PF2701,7518.0,63.0,199.0,-0.08300079808459726
20260528,PF2702,7466.0,5.0,36.0,-0.141441200107153
20260528,PF2703,7378.0,4.0,21.0,0.13987530496069311
20260528,PF2704,7464.0,2.0,15.0,-0.08038585209003157
20260528,PF2705,7414.0,2.0,14.0,0.0
20260529,PF2606,7672.0,789.0,1954.0,0.0031282586027101544
20260529,PF2607,7674.0,178811.0,85276.0,-0.09069585613760811
20260529,PF2608,7616.0,70375.0,70586.0,-0.07563025210084007
20260529,PF2609,7568.0,7834.0,14164.0,0.019027484143762763
20260529,PF2610,7580.0,38373.0,33751.0,-0.11081794195250616
20260529,PF2611,7510.0,223.0,310.0,-0.11824234354194374
20260529,PF2612,7436.0,25.0,198.0,0.00018132256680224434
20260529,PF2701,7446.0,69.0,188.0,-0.0934730056406119
20260529,PF2702,7388.0,4.0,36.0,-0.03573362208987563
20260529,PF2703,7366.0,5.0,23.0,0.17594352430084204
20260529,PF2704,7474.0,4.0,12.0,-0.13486754080813546
20260529,PF2705,7390.0,5.0,11.0,0.0
20260601,PF2606,7732.0,92.0,1942.0,0.04655975168132365
20260601,PF2607,7762.0,96178.0,80411.0,-0.08039165163617623
20260601,PF2608,7710.0,86027.0,95566.0,-0.0684824902723733
20260601,PF2609,7666.0,59733.0,38145.0,0.006261414036003998
20260601,PF2610,7670.0,35927.0,42561.0,-0.10638852672750954
20260601,PF2611,7602.0,951.0,523.0,-0.0662983425414363
20260601,PF2612,7560.0,9.0,194.0,-0.0006777242732298938
20260601,PF2701,7522.0,47.0,191.0,-0.10210050518479141
20260601,PF2702,7458.0,4.0,36.0,-0.09332260659694347
20260601,PF2703,7400.0,3.0,21.0,0.0
20260601,PF2704,0.0,0.0,12.0,0.0
20260601,PF2705,0.0,0.0,11.0,0.0
20260602,PF2606,0.0,0.0,1942.0,0.0
20260602,PF2607,7760.0,134774.0,68391.0,-0.06804123711340182
20260602,PF2608,7716.0,128101.0,111564.0,-0.06220839813374823
20260602,PF2609,7676.0,63754.0,38027.0,0.015633142261594735
20260602,PF2610,7686.0,47543.0,40762.0,-0.08743169398907158
20260602,PF2611,7630.0,1001.0,792.0,-0.08807339449541285
20260602,PF2612,7574.0,18.0,199.0,-0.00042724518829941906
20260602,PF2701,7550.0,64.0,200.0,-0.11761589403973538
20260602,PF2702,7476.0,6.0,37.0,-0.0642054574638844
20260602,PF2703,7436.0,7.0,22.0,0.061323292092523296
20260602,PF2704,7474.0,2.0,13.0,0.0
20260602,PF2705,7474.0,5.0,13.0,0.0
20260603,PF2606,0.0,0.0,1942.0,0.0
20260603,PF2607,7826.0,94937.0,54188.0,-0.03680040889343239
20260603,PF2608,7802.0,146296.0,132473.0,-0.06152268649064396
20260603,PF2609,7762.0,78384.0,42747.0,0.018551919608347234
20260603,PF2610,7774.0,55564.0,41925.0,-0.0864419861075385
20260603,PF2611,7718.0,563.0,893.0,-0.09950764446747806
20260603,PF2612,7654.0,19.0,202.0,-0.0007750959328015329
20260603,PF2701,7610.0,46.0,205.0,-0.04415243101182664
20260603,PF2702,7582.0,6.0,39.0,-0.12661566868900032
20260603,PF2703,7502.0,3.0,25.0,0.0
20260603,PF2704,0.0,0.0,13.0,0.0
20260603,PF2705,7512.0,1.0,14.0,0.0
20260604,PF2606,0.0,300.0,1642.0,0.0
20260604,PF2607,7714.0,49096.0,41300.0,-0.0497796214674624
20260604,PF2608,7682.0,186576.0,137864.0,-0.07185628742515027
20260604,PF2609,7636.0,85228.0,33542.0,0.01571503404923913
20260604,PF2610,7646.0,47064.0,44696.0,-0.08475019618100976
20260604,PF2611,7592.0,285.0,898.0,-0.10748155953635408
20260604,PF2612,7524.0,20.0,202.0,-0.0007168073401071681
20260604,PF2701,7484.0,62.0,211.0,-0.06092998396579352
20260604,PF2702,7446.0,5.0,40.0,-0.05157131345688937
20260604,PF2703,7414.0,6.0,25.0,0.07769085513892637
20260604,PF2704,7462.0,2.0,13.0,-0.07075850978289955
20260604,PF2705,7418.0,4.0,14.0,0.0
20260605,PF2606,0.0,521.0,1121.0,0.0
20260605,PF2607,7786.0,27001.0,35704.0,-0.05856665810428918
20260605,PF2608,7748.0,163430.0,146405.0,-0.06195147134744472
20260605,PF2609,7708.0,58946.0,37118.0,0.01556824078879071
20260605,PF2610,7718.0,36359.0,42142.0,-0.09950764446747806
20260605,PF2611,7654.0,527.0,903.0,-0.0752547687483669
20260605,PF2612,7606.0,24.0,198.0,-0.0015599748276789141
20260605,PF2701,7518.0,51.0,210.0,-0.07661612130885809
20260605,PF2702,7470.0,9.0,41.0,0.0610441767068286
20260605,PF2703,7508.0,3.0,26.0,-0.153436334576452
20260605,PF2704,7412.0,2.0,12.0,0.12304371289800375
20260605,PF2705,7488.0,3.0,14.0,0.0
20260608,PF2606,0.0,0.0,1121.0,0.0
20260608,PF2607,7968.0,29665.0,27139.0,-0.01807228915662673
20260608,PF2608,7956.0,257201.0,166220.0,-0.04524886877828038
20260608,PF2609,7926.0,120182.0,41788.0,0.018168054504164033
20260608,PF2610,7938.0,67863.0,42854.0,-0.13000755857898705
20260608,PF2611,7852.0,652.0,1051.0,-0.18644931227712647
20260608,PF2612,7730.0,122.0,272.0,0.00013954096835619214
20260608,PF2701,7738.0,57.0,213.0,-0.07753941586973356
20260608,PF2702,7688.0,17.0,40.0,-0.1529656607700316
20260608,PF2703,7590.0,12.0,29.0,0.12015810276679861
20260608,PF2704,7666.0,8.0,13.0,-0.06887555439603466
20260608,PF2705,7622.0,6.0,15.0,0.0
20260609,PF2606,0.0,0.0,1121.0,0.0
20260609,PF2607,7700.0,17346.0,21712.0,-0.03740259740259688
20260609,PF2608,7676.0,261237.0,167902.0,-0.03126628452318947
20260609,PF2609,7656.0,113285.0,44766.0,0.028213166144199775
20260609,PF2610,7674.0,68999.0,41713.0,-0.13448006254886646
20260609,PF2611,7588.0,479.0,1132.0,-0.1581444385872426
20260609,PF2612,7488.0,72.0,269.0,-0.00014405070584845814
20260609,PF2701,7480.0,79.0,202.0,-0.0481283422459895
20260609,PF2702,7450.0,11.0,43.0,-0.08053691275167774
20260609,PF2703,7400.0,11.0,34.0,0.3308108108108101
20260609,PF2704,7604.0,1.0,13.0,-0.10415570752235626
20260609,PF2705,7538.0,1.0,15.0,0.0
20260610,PF2606,0.0,61.0,1060.0,0.0
20260610,PF2607,7760.0,14660.0,18349.0,-0.030927835051546282
20260610,PF2608,7740.0,265311.0,165451.0,-0.052713178294573115
20260610,PF2609,7706.0,129653.0,45805.0,-0.0031144562678431242
20260610,PF2610,7704.0,74373.0,43934.0,-0.12149532710280342
20260610,PF2611,7626.0,978.0,1228.0,-0.14162077104642057
20260610,PF2612,7536.0,44.0,279.0,0.0002504830745008267
20260610,PF2701,7550.0,58.0,202.0,0.0794701986754971
20260610,PF2702,7600.0,14.0,49.0,-0.14526315789473676
20260610,PF2703,7508.0,12.0,36.0,0.025572722429408223
20260610,PF2704,7524.0,4.0,13.0,-0.13397129186602852
20260610,PF2705,7440.0,3.0,16.0,0.0
20260611,PF2606,7650.0,50.0,1035.0,0.2666666666666657
20260611,PF2607,7820.0,13854.0,14793.0,-0.021483375959079787
20260611,PF2608,7806.0,222172.0,170020.0,-0.027671022290545633
20260611,PF2609,7788.0,105619.0,48886.0,0.0061633281972275356
20260611,PF2610,7792.0,47810.0,46591.0,-0.1262833675564683
20260611,PF2611,7710.0,627.0,1424.0,-0.21789883268482546
20260611,PF2612,7570.0,28.0,277.0,0.0004987161028898871
20260611,PF2701,7598.0,73.0,204.0,-0.08844432745459319
20260611,PF2702,7542.0,10.0,50.0,-0.1463802704852819
20260611,PF2703,7450.0,7.0,37.0,0.0
20260611,PF2704,0.0,0.0,13.0,0.0
20260611,PF2705,7482.0,1.0,15.0,0.0
20260612,PF2606,0.0,10.0,0.0,0.0
20260612,PF2607,7868.0,11982.0,11633.0,-0.03050330452465655
20260612,PF2608,7848.0,243098.0,173414.0,-0.051987767584098066
20260612,PF2609,7814.0,99533.0,47628.0,-0.003071410289224197
20260612,PF2610,7812.0,50773.0,46037.0,-0.1259600614439318
20260612,PF2611,7730.0,573.0,1500.0,-0.1738680465717981
20260612,PF2612,7618.0,30.0,281.0,-0.0005663700107079322
20260612,PF2701,7586.0,76.0,216.0,-0.047455839704718894
20260612,PF2702,7556.0,13.0,51.0,-0.25410269984118594
20260612,PF2703,7396.0,5.0,39.0,0.15575987020010906
20260612,PF2704,7492.0,2.0,15.0,0.028830752802988968
20260612,PF2705,7510.0,5.0,16.0,0.0
20260615,PF2607,7446.0,12812.0,6769.0,-0.07091055600322305
20260615,PF2608,7402.0,320690.0,172745.0,-0.05187787084571793
20260615,PF2609,7370.0,151269.0,41326.0,0.0032564450474890094
20260615,PF2610,7372.0,79665.0,41684.0,-0.12696690179055947
20260615,PF2611,7294.0,1212.0,1008.0,-0.0987112695366057
20260615,PF2612,7234.0,101.0,230.0,-0.0005591572878386449
20260615,PF2701,7204.0,99.0,201.0,-0.07662409772348688
20260615,PF2702,7158.0,23.0,45.0,-0.0502933780385586
20260615,PF2703,7128.0,15.0,34.0,0.06734006734006837
20260615,PF2704,7168.0,7.0,14.0,-0.01674107142857162
20260615,PF2705,7158.0,5.0,15.0,0.0
20260615,PF2706,0.0,0.0,0.0,0.0
20260616,PF2607,7380.0,5489.0,4395.0,-0.08130081300812986
20260616,PF2608,7330.0,194016.0,161433.0,-0.09167803547066855
20260616,PF2609,7274.0,82333.0,41684.0,-0.009898267803134964
20260616,PF2610,7268.0,45735.0,43759.0,-0.09906439185470539
20260616,PF2611,7208.0,686.0,809.0,-0.07658157602663662
20260616,PF2612,7162.0,124.0,209.0,-0.0012048608605342212
20260616,PF2701,7098.0,107.0,221.0,-0.09805579036348222
20260616,PF2702,7040.0,3.0,45.0,-0.10227272727272751
20260616,PF2703,6980.0,1.0,34.0,0.0
20260616,PF2704,0.0,0.0,14.0,0.0
20260616,PF2705,7078.0,4.0,16.0,0.0
20260616,PF2706,0.0,0.0,0.0,0.0
20260617,PF2607,7308.0,2268.0,3796.0,-0.06568144499179018
20260617,PF2608,7268.0,170764.0,156338.0,-0.08255365987892116
20260617,PF2609,7218.0,78507.0,41292.0,-0.019950124688279836
20260617,PF2610,7206.0,48449.0,43678.0,-0.1265611990008324
20260617,PF2611,7130.0,311.0,810.0,-0.07405329593267895
20260617,PF2612,7086.0,61.0,223.0,-0.0010655605133718304
20260617,PF2701,7030.0,103.0,250.0,-0.010241820768136733
20260617,PF2702,7024.0,17.0,46.0,-0.05808656036446447
20260617,PF2703,6990.0,17.0,40.0,0.03433476394849677
20260617,PF2704,7010.0,6.0,19.0,-0.01711840228245398
20260617,PF2705,7000.0,1.0,17.0,0.0
20260617,PF2706,0.0,0.0,0.0,0.0
20260618,PF2607,7382.0,1596.0,3013.0,-0.05526957464101834
20260618,PF2608,7348.0,210261.0,142718.0,-0.08818726183995684
20260618,PF2609,7294.0,99744.0,37406.0,-0.02961338086098131
20260618,PF2610,7276.0,59191.0,39583.0,-0.15503023639362246
20260618,PF2611,7182.0,461.0,974.0,-0.09690893901420283
20260618,PF2612,7124.0,82.0,236.0,-0.0004920856228983912
20260618,PF2701,7098.0,51.0,246.0,-0.0371935756551145
20260618,PF2702,7076.0,16.0,47.0,-0.08818541548897674
20260618,PF2703,7024.0,12.0,39.0,0.0
20260618,PF2704,0.0,0.0,19.0,0.0
20260618,PF2705,7040.0,2.0,17.0,0.0
20260618,PF2706,0.0,0.0,0.0,0.0
20260622,PF2607,7314.0,646.0,2699.0,-0.08859721082854843
20260622,PF2608,7260.0,163442.0,141919.0,-0.06942148760330635
20260622,PF2609,7218.0,88255.0,38529.0,-0.009975062344139918
20260622,PF2610,7212.0,45642.0,40957.0,-0.11980033277870206
20260622,PF2611,7140.0,187.0,1008.0,-0.08403361344537785
20260622,PF2612,7090.0,18.0,239.0,-0.0004564111503779678
20260622,PF2701,7066.0,15.0,249.0,-0.108689499009341
20260622,PF2702,7002.0,16.0,50.0,-0.013710368466152811
20260622,PF2703,6994.0,14.0,44.0,-0.006863025450385862
20260622,PF2704,6990.0,1.0,20.0,-0.0034334763948491442
20260622,PF2705,6988.0,2.0,19.0,0.0
20260622,PF2706,0.0,0.0,0.0,0.0
20260623,PF2607,7312.0,1074.0,2118.0,-0.0623632385120354
20260623,PF2608,7274.0,192330.0,131588.0,-0.1187792136376129
20260623,PF2609,7202.0,85228.0,38879.0,-0.03332407664537573
20260623,PF2610,7182.0,49344.0,43082.0,-0.12698412698412698
20260623,PF2611,7106.0,119.0,1027.0,-0.189135941457923
20260623,PF2612,6994.0,65.0,244.0,-0.0006940138095895966
20260623,PF2701,6958.0,78.0,262.0,-0.003449267030755987
20260623,PF2702,6956.0,24.0,55.0,-0.10005750431282312
20260623,PF2703,6898.0,10.0,48.0,0.12177442737025146
20260623,PF2704,6968.0,2.0,20.0,0.01722158438576482
20260623,PF2705,6978.0,1.0,18.0,0.0
20260623,PF2706,0.0,0.0,0.0,0.0
20260624,PF2607,7198.0,899.0,1529.0,-0.06335093081411447
20260624,PF2608,7160.0,207691.0,124628.0,-0.08379888268156366
20260624,PF2609,7110.0,101414.0,38959.0,-0.037130801687763615
20260624,PF2610,7088.0,52144.0,44672.0,-0.12866817155756216
20260624,PF2611,7012.0,151.0,1038.0,-0.06845407872219011
20260624,PF2612,6972.0,77.0,231.0,-0.00023206791854415705
20260624,PF2701,6960.0,129.0,226.0,-0.055172413793103114
20260624,PF2702,6928.0,16.0,57.0,-0.12124711316397274
20260624,PF2703,6858.0,9.0,48.0,0.2554680664916882
20260624,PF2704,7004.0,2.0,20.0,-0.1610508280982299
20260624,PF2705,6910.0,6.0,20.0,0.0
20260624,PF2706,0.0,0.0,0.0,0.0
20260625,PF2607,7050.0,315.0,1478.0,-0.0714893617021275
20260625,PF2608,7008.0,250484.0,118663.0,-0.1472602739726021
20260625,PF2609,6922.0,117606.0,43442.0,-0.052008090147355635
20260625,PF2610,6892.0,70932.0,48405.0,-0.11839814277423111
20260625,PF2611,6824.0,434.0,1087.0,-0.09144196951934314
20260625,PF2612,6772.0,175.0,350.0,-0.000477843333753663
20260625,PF2701,6748.0,60.0,232.0,-0.07468879668049766
20260625,PF2702,6706.0,19.0,58.0,-0.06084103787652895
20260625,PF2703,6672.0,28.0,50.0,0.16187050359712263
20260625,PF2704,6762.0,11.0,20.0,-0.1597160603371779
20260625,PF2705,6672.0,16.0,20.0,0.0827338129496411
20260625,PF2706,6718.0,6.0,5.0,0.0
20260626,PF2607,6956.0,544.0,1334.0,-0.06210465784933872
20260626,PF2608,6920.0,221983.0,99698.0,-0.08323699421965314
20260626,PF2609,6872.0,114921.0,44354.0,-0.020954598370197974
20260626,PF2610,6860.0,47879.0,50553.0,-0.13994169096209852
20260626,PF2611,6780.0,452.0,1167.0,-0.04955752212389397
20260626,PF2612,6752.0,83.0,391.0,-0.00019969114436339138
20260626,PF2701,6742.0,152.0,321.0,-0.01779887273805958
20260626,PF2702,6732.0,2.0,59.0,-0.049910873440284664
20260626,PF2703,6704.0,7.0,53.0,0.12529832935560936
20260626,PF2704,6774.0,2.0,21.0,-0.007085916740478648
20260626,PF2705,6770.0,2.0,21.0,-0.13825701624815423
20260626,PF2706,6692.0,2.0,7.0,0.0
