date,symbol,close,volume,open_interest,roll_yield
20250526,AO2506,3150.0,57030.0,14592.0,-0.0802678578095598
20250526,AO2507,3129.0,92159.0,27909.0,-0.1272301075111734
20250526,AO2508,3096.0,7952.0,3624.0,-0.1403524771582955
20250526,AO2509,3060.0,1383581.0,390988.0,-0.1142678146634792
20250526,AO2510,3031.0,23021.0,41735.0,-0.083430231778581
20250526,AO2511,3010.0,6753.0,4072.0,-0.0960645557254287
20250526,AO2512,2986.0,1250.0,952.0,-0.0806454648150999
20250526,AO2601,2966.0,56518.0,39338.0,-0.0649088803681423
20250526,AO2602,2950.0,214.0,593.0,-0.0203562389781408
20250526,AO2603,2945.0,289.0,618.0,-0.0081521742265714
20250526,AO2604,2943.0,263.0,596.0,-0.1311936538541943
20250526,AO2605,2911.0,1633.0,1517.0,0.0
20250527,AO2506,3120.0,21078.0,6324.0,-0.1198270546193555
20250527,AO2507,3089.0,77198.0,26189.0,-0.1446036061708089
20250527,AO2508,3052.0,6830.0,3729.0,-0.1344330369186407
20250527,AO2509,3018.0,1127965.0,380776.0,-0.0998175777011439
20250527,AO2510,2993.0,32345.0,45409.0,-0.0643217620430703
20250527,AO2511,2977.0,5234.0,6450.0,-0.016134456212145
20250527,AO2512,2973.0,1174.0,1016.0,-0.0769363188812703
20250527,AO2601,2954.0,65033.0,39157.0,-0.0529262944479614
20250527,AO2602,2941.0,277.0,652.0,-0.044966838514584
20250527,AO2603,2930.0,771.0,541.0,-0.0451359738839792
20250527,AO2604,2919.0,276.0,646.0,-0.0453063864084575
20250527,AO2605,2908.0,910.0,1603.0,0.0
20250528,AO2506,3123.0,5355.0,4730.0,-0.2327910054036395
20250528,AO2507,3063.0,79664.0,24831.0,-0.1379099073052308
20250528,AO2508,3028.0,5879.0,3649.0,-0.1475346711286966
20250528,AO2509,2991.0,1043328.0,371308.0,-0.116916765626447
20250528,AO2510,2962.0,32445.0,47662.0,-0.0690707849046838
20250528,AO2511,2945.0,4573.0,8099.0,-0.0694706520538192
20250528,AO2512,2928.0,796.0,984.0,-0.069875176026947
20250528,AO2601,2911.0,56834.0,39425.0,-0.0495697778876129
20250528,AO2602,2899.0,157.0,687.0,-0.0580913997534665
20250528,AO2603,2885.0,269.0,607.0,-0.0291514979386412
20250528,AO2604,2878.0,181.0,678.0,-0.0752878036009782
20250528,AO2605,2860.0,866.0,1735.0,0.0
20250529,AO2506,3082.0,3855.0,3865.0,-0.3116033747607696
20250529,AO2507,3003.0,92997.0,29235.0,-0.0761652799161457
20250529,AO2508,2984.0,7075.0,4116.0,-0.0806996988920876
20250529,AO2509,2964.0,798647.0,352989.0,-0.1098126626082892
20250529,AO2510,2937.0,30372.0,49842.0,-0.0532333239474117
20250529,AO2511,2924.0,3435.0,9512.0,-0.0411100093742276
20250529,AO2512,2914.0,599.0,1096.0,-0.0495186397322037
20250529,AO2601,2902.0,35853.0,38775.0,-0.0372735416159772
20250529,AO2602,2893.0,103.0,706.0,-0.0665512970950462
20250529,AO2603,2877.0,113.0,615.0,-0.012519562950932
20250529,AO2604,2874.0,87.0,687.0,-0.0627944917999006
20250529,AO2605,2859.0,433.0,1742.0,0.0
20250530,AO2506,3090.0,1768.0,2730.0,-0.2789452822194281
20250530,AO2507,3019.0,49161.0,24987.0,-0.107803087349651
20250530,AO2508,2992.0,3046.0,3588.0,-0.120928131199485
20250530,AO2509,2962.0,539959.0,320269.0,-0.0813011239963349
20250530,AO2510,2942.0,21225.0,50731.0,-0.0777496326016426
20250530,AO2511,2923.0,2065.0,10332.0,-0.0493658563874727
20250530,AO2512,2911.0,270.0,1081.0,-0.0661386448623311
20250530,AO2601,2895.0,24635.0,36595.0,-0.0290506799325452
20250530,AO2602,2888.0,45.0,707.0,-0.0541385613751928
20250530,AO2603,2875.0,149.0,625.0,-0.0208877337334078
20250530,AO2604,2870.0,73.0,695.0,-0.067086128602621
20250530,AO2605,2854.0,405.0,1762.0,0.0
20250603,AO2506,3120.0,390.0,2505.0,-0.2487135662054036
20250603,AO2507,3056.0,35935.0,23232.0,-0.1302858660834362
20250603,AO2508,3023.0,3228.0,3634.0,-0.0996517934029803
20250603,AO2509,2998.0,423143.0,311224.0,-0.0843518117611998
20250603,AO2510,2977.0,18240.0,51866.0,-0.0646683949702212
20250603,AO2511,2961.0,3017.0,11269.0,-0.06501878419085
20250603,AO2512,2945.0,640.0,1097.0,-0.0571818644975357
20250603,AO2601,2931.0,21257.0,35781.0,-0.0451205453827801
20250603,AO2602,2920.0,50.0,699.0,-0.05767261358519
20250603,AO2603,2906.0,90.0,622.0,-0.0496552432655886
20250603,AO2604,2894.0,48.0,690.0,-0.0207504807023271
20250603,AO2605,2889.0,339.0,1740.0,0.0
20250604,AO2506,3110.0,1155.0,1920.0,-0.0968528260054999
20250604,AO2507,3085.0,48986.0,24517.0,-0.0350592685674427
20250604,AO2508,3076.0,4218.0,3897.0,-0.0508226855131116
20250604,AO2509,3063.0,610813.0,299898.0,-0.0865010298649277
20250604,AO2510,3041.0,26555.0,51856.0,-0.0712403147748786
20250604,AO2511,3023.0,3917.0,12583.0,-0.0357793871162079
20250604,AO2512,3014.0,734.0,1127.0,-0.0518704049528837
20250604,AO2601,3001.0,28849.0,33699.0,-0.0480801978771505
20250604,AO2602,2989.0,88.0,710.0,-0.0563381316504927
20250604,AO2603,2975.0,87.0,618.0,-0.0282685643095084
20250604,AO2604,2968.0,66.0,687.0,-0.0648650228028952
20250604,AO2605,2952.0,556.0,1608.0,0.0
20250605,AO2506,3055.0,510.0,1755.0,-0.330533589216551
20250605,AO2507,2972.0,54340.0,24434.0,-0.068837711969414
20250605,AO2508,2955.0,3635.0,3672.0,-0.0488301792807089
20250605,AO2509,2943.0,676085.0,319472.0,-0.0654175384990436
20250605,AO2510,2927.0,30882.0,53463.0,-0.0205163325748927
20250605,AO2511,2922.0,5418.0,14610.0,-0.0328992666659353
20250605,AO2512,2914.0,541.0,1219.0,-0.037119809629663
20250605,AO2601,2905.0,39873.0,33867.0,-0.0289505568646065
20250605,AO2602,2898.0,131.0,724.0,-0.0207218148539106
20250605,AO2603,2893.0,124.0,631.0,-0.0332295124072219
20250605,AO2604,2885.0,94.0,707.0,-0.0500174395549252
20250605,AO2605,2873.0,577.0,1730.0,0.0
20250606,AO2506,3027.0,570.0,1665.0,-0.3499493842678968
20250606,AO2507,2940.0,48262.0,22784.0,-0.0942466855800707
20250606,AO2508,2917.0,3089.0,3741.0,-0.0660022289558093
20250606,AO2509,2901.0,696379.0,298435.0,-0.0580512535016267
20250606,AO2510,2887.0,29332.0,55339.0,-0.0166377842943946
20250606,AO2511,2883.0,4448.0,16071.0,-0.0124934941009273
20250606,AO2512,2880.0,1093.0,1478.0,-0.0166782514686516
20250606,AO2601,2876.0,39083.0,32956.0,-0.025060921047246
20250606,AO2602,2870.0,51.0,720.0,-0.0418848592772218
20250606,AO2603,2860.0,136.0,643.0,-0.0167949642530789
20250606,AO2604,2856.0,106.0,707.0,-0.0252366023613454
20250606,AO2605,2850.0,799.0,1606.0,0.0
20250609,AO2506,3024.0,465.0,1485.0,-0.3135856833221767
20250609,AO2507,2946.0,37540.0,21769.0,-0.131059323209105
20250609,AO2508,2914.0,3343.0,3921.0,-0.0909408417179383
20250609,AO2509,2892.0,515561.0,301043.0,-0.0707475605664536
20250609,AO2510,2875.0,23597.0,56842.0,-0.0167072773246422
20250609,AO2511,2871.0,3248.0,16691.0,-0.0292938244863326
20250609,AO2512,2864.0,369.0,1508.0,-0.0167714911996556
20250609,AO2601,2860.0,24585.0,34073.0,-0.0083945438890265
20250609,AO2602,2858.0,87.0,725.0,-0.0294272349256887
20250609,AO2603,2851.0,140.0,669.0,-0.0084210529771644
20250609,AO2604,2849.0,63.0,715.0,-0.0379680401118792
20250609,AO2605,2840.0,619.0,1614.0,0.0
20250610,AO2506,3050.0,15.0,1485.0,-0.4489501544116159
20250610,AO2507,2938.0,17699.0,20197.0,-0.1272894740993597
20250610,AO2508,2907.0,1515.0,3866.0,-0.087001934700717
20250610,AO2509,2886.0,354185.0,294852.0,-0.0750784513716617
20250610,AO2510,2868.0,18777.0,57514.0,-0.0209387594567513
20250610,AO2511,2863.0,3239.0,17507.0,-0.02937577966368
20250610,AO2512,2856.0,318.0,1579.0,-0.0252366023613454
20250610,AO2601,2850.0,20776.0,34154.0,0.0084180992578836
20250610,AO2602,2852.0,75.0,762.0,-0.0505974045472176
20250610,AO2603,2840.0,98.0,697.0,-0.0042260961873671
20250610,AO2604,2839.0,94.0,739.0,-0.0211528346681451
20250610,AO2605,2834.0,288.0,1674.0,0.0
20250611,AO2506,3018.0,255.0,1320.0,-0.3305549951206562
20250611,AO2507,2936.0,14112.0,20148.0,-0.1026173518653953
20250611,AO2508,2911.0,1505.0,3689.0,-0.0661386448623311
20250611,AO2509,2895.0,327631.0,293094.0,-0.0790160539938993
20250611,AO2510,2876.0,15768.0,58561.0,-0.0208804646384807
20250611,AO2511,2871.0,1944.0,18047.0,-0.037676640056013
20250611,AO2512,2862.0,272.0,1615.0,-0.0125852135290125
20250611,AO2601,2859.0,16955.0,35018.0,-0.0294169294575029
20250611,AO2602,2852.0,26.0,774.0,-0.0126293644353387
20250611,AO2603,2849.0,87.0,717.0,-0.0042127435925026
20250611,AO2604,2848.0,63.0,756.0,-0.0042142230459457
20250611,AO2605,2847.0,289.0,1783.0,0.0
20250612,AO2506,2980.0,60.0,1320.0,-0.1703306731875298
20250612,AO2507,2938.0,12541.0,19167.0,-0.1025471972926567
20250612,AO2508,2913.0,1143.0,3631.0,-0.0743804034280682
20250612,AO2509,2895.0,332257.0,295060.0,-0.0831892413077374
20250612,AO2510,2875.0,15286.0,58520.0,-0.0460011018109751
20250612,AO2511,2864.0,1782.0,18656.0,-0.033566455452735
20250612,AO2512,2856.0,264.0,1599.0,-0.0294478675388004
20250612,AO2601,2849.0,18346.0,36283.0,-0.0252986741629019
20250612,AO2602,2843.0,39.0,783.0,0.0
20250612,AO2603,2843.0,71.0,741.0,-0.0380482968044879
20250612,AO2604,2834.0,67.0,784.0,-0.0169491553601092
20250612,AO2605,2830.0,561.0,2026.0,0.0
20250613,AO2506,3000.0,240.0,1380.0,-0.3737607479620405
20250613,AO2507,2908.0,32940.0,17933.0,-0.1453053560894449
20250613,AO2508,2873.0,5086.0,3358.0,-0.0880353293412355
20250613,AO2509,2852.0,665173.0,298032.0,-0.0717427844680087
20250613,AO2510,2835.0,36582.0,58563.0,-0.0339103016191449
20250613,AO2511,2827.0,4939.0,19359.0,-0.0467836849878877
20250613,AO2512,2816.0,712.0,1557.0,-0.0213257564568142
20250613,AO2601,2811.0,45128.0,37774.0,0.0255863636380876
20250613,AO2602,2817.0,146.0,818.0,-0.0426742981738815
20250613,AO2603,2807.0,258.0,826.0,-0.0213941935791627
20250613,AO2604,2802.0,191.0,817.0,-0.0085683688038847
20250613,AO2605,2800.0,2163.0,3239.0,0.0
20250616,AO2506,3000.0,75.0,1410.0,-0.3696349098605412
20250616,AO2507,2909.0,11552.0,17180.0,-0.1452551022747762
20250616,AO2508,2874.0,1910.0,3296.0,-0.0922114212574038
20250616,AO2509,2852.0,294017.0,298925.0,-0.0844479206469144
20250616,AO2510,2832.0,15627.0,58423.0,-0.0424478688102122
20250616,AO2511,2822.0,2075.0,19721.0,-0.0170212794496049
20250616,AO2512,2818.0,394.0,1507.0,-0.042659127755086
20250616,AO2601,2808.0,17725.0,38488.0,-0.0042742654058314
20250616,AO2602,2807.0,138.0,864.0,0.0042742654058297
20250616,AO2603,2808.0,171.0,920.0,-0.0128273662668605
20250616,AO2604,2805.0,133.0,824.0,-0.0128410927181328
20250616,AO2605,2802.0,282.0,3332.0,0.0
20250617,AO2507,2912.0,8314.0,16011.0,-0.1367654244528081
20250617,AO2508,2879.0,1012.0,3197.0,-0.0794566415793306
20250617,AO2509,2860.0,227340.0,298924.0,-0.0842108719037584
20250617,AO2510,2840.0,11740.0,58579.0,-0.0423280862156209
20250617,AO2511,2830.0,1081.0,19940.0,-0.021220164680904
20250617,AO2512,2825.0,197.0,1499.0,-0.0468168708744831
20250617,AO2601,2814.0,13042.0,39237.0,0.0042636347934779
20250617,AO2602,2815.0,39.0,868.0,-0.0085287850072072
20250617,AO2603,2813.0,40.0,934.0,0.0
20250617,AO2604,2813.0,34.0,835.0,0.004265150213729
20250617,AO2605,2814.0,190.0,3379.0,-0.042719874238244
20250617,AO2606,2804.0,15.0,14.0,0.0
20250618,AO2507,3013.0,31570.0,13747.0,-0.2454402409192578
20250618,AO2508,2952.0,4190.0,3487.0,-0.1307914854964275
20250618,AO2509,2920.0,459787.0,300069.0,-0.107327856850779
20250618,AO2510,2894.0,24803.0,59137.0,-0.0581920087372511
20250618,AO2511,2880.0,3037.0,20466.0,-0.0668525405934643
20250618,AO2512,2864.0,339.0,1475.0,-0.0125764203651118
20250618,AO2601,2861.0,26046.0,40365.0,-0.0378085381910843
20250618,AO2602,2852.0,52.0,896.0,-0.0084180992578843
20250618,AO2603,2850.0,164.0,952.0,0.0
20250618,AO2604,2850.0,85.0,838.0,-0.0337315752678037
20250618,AO2605,2842.0,538.0,3310.0,0.0126604548406236
20250618,AO2606,2845.0,43.0,29.0,0.0
20250619,AO2507,3001.0,16364.0,14397.0,-0.2791293892058996
20250619,AO2508,2932.0,1985.0,3509.0,-0.1275513466216572
20250619,AO2509,2901.0,250405.0,300995.0,-0.1205622474394703
20250619,AO2510,2872.0,13644.0,58531.0,-0.0418556406206223
20250619,AO2511,2862.0,1214.0,20766.0,-0.0504202422443996
20250619,AO2512,2850.0,203.0,1449.0,-0.0337315752678037
20250619,AO2601,2842.0,13789.0,41199.0,-0.0380617059183526
20250619,AO2602,2833.0,29.0,902.0,0.0
20250619,AO2603,2833.0,52.0,986.0,-0.0211976737686383
20250619,AO2604,2828.0,50.0,842.0,0.0127230971452354
20250619,AO2605,2831.0,270.0,3328.0,-0.0254596983762989
20250619,AO2606,2825.0,24.0,41.0,0.0
20250620,AO2507,2995.0,15115.0,13519.0,-0.246930622159473
20250620,AO2508,2934.0,2784.0,3781.0,-0.1813221311573903
20250620,AO2509,2890.0,323616.0,290750.0,-0.1126377121003539
20250620,AO2510,2863.0,21058.0,57285.0,-0.02937577966368
20250620,AO2511,2856.0,2781.0,21376.0,-0.0505263904361219
20250620,AO2512,2844.0,531.0,1378.0,-0.0168895172145566
20250620,AO2601,2840.0,20968.0,40604.0,-0.0126827561568051
20250620,AO2602,2837.0,135.0,909.0,0.0084566599694379
20250620,AO2603,2839.0,411.0,1178.0,-0.0169192837334242
20250620,AO2604,2835.0,64.0,870.0,0.0084626237639871
20250620,AO2605,2837.0,461.0,3301.0,-0.0338863620874096
20250620,AO2606,2829.0,37.0,43.0,0.0
20250623,AO2507,3000.0,13128.0,12148.0,-0.2342719978663667
20250623,AO2508,2942.0,2859.0,3466.0,-0.1477446843738555
20250623,AO2509,2906.0,335270.0,286561.0,-0.1161834801949813
20250623,AO2510,2878.0,26195.0,57729.0,-0.0292224879149896
20250623,AO2511,2871.0,2693.0,21929.0,-0.0418702448514439
20250623,AO2512,2861.0,131.0,1356.0,-0.0293963401599417
20250623,AO2601,2854.0,21236.0,40636.0,-0.0084121980311422
20250623,AO2602,2852.0,839.0,1051.0,-0.0337078873326613
20250623,AO2603,2844.0,151.0,1174.0,-0.0084417871930269
20250623,AO2604,2842.0,59.0,878.0,0.0042216359274449
20250623,AO2605,2843.0,410.0,3353.0,-0.0126693659489765
20250623,AO2606,2840.0,58.0,81.0,0.0
20250624,AO2507,2998.0,16041.0,12113.0,-0.2425958631446447
20250624,AO2508,2938.0,2018.0,3424.0,-0.1438127125103132
20250624,AO2509,2903.0,249868.0,281931.0,-0.1037889189278006
20250624,AO2510,2878.0,21138.0,58179.0,-0.0292224879149896
20250624,AO2511,2871.0,1635.0,22225.0,-0.0334845002753862
20250624,AO2512,2863.0,67.0,1350.0,-0.02937577966368
20250624,AO2601,2856.0,14707.0,40657.0,0.0293757796636804
20250624,AO2602,2863.0,121.0,1087.0,-0.0461942827671414
20250624,AO2603,2852.0,337.0,1319.0,-0.0421496745256868
20250624,AO2604,2842.0,40.0,865.0,0.0337315752678027
20250624,AO2605,2850.0,189.0,3344.0,-0.021071120427179
20250624,AO2606,2845.0,14.0,76.0,0.0
20250625,AO2507,3019.0,6864.0,8841.0,-0.244947437233124
20250625,AO2508,2958.0,2270.0,3717.0,-0.1592672689995643
20250625,AO2509,2919.0,232801.0,284544.0,-0.1198150769716433
20250625,AO2510,2890.0,20429.0,59398.0,-0.0374285522633929
20250625,AO2511,2881.0,1599.0,22485.0,-0.0291920213466995
20250625,AO2512,2874.0,109.0,1345.0,-0.0334494990102375
20250625,AO2601,2866.0,10666.0,40403.0,-0.0125676394800259
20250625,AO2602,2863.0,371.0,884.0,-0.0335781960960536
20250625,AO2603,2855.0,121.0,1251.0,0.0042024164323742
20250625,AO2604,2856.0,28.0,871.0,-0.0168185031034613
20250625,AO2605,2852.0,168.0,3307.0,-0.0042083114581741
20250625,AO2606,2851.0,12.0,82.0,0.0
20250626,AO2507,3034.0,5775.0,6392.0,-0.2074519750055253
20250626,AO2508,2982.0,3631.0,3768.0,-0.1376069041854785
20250626,AO2509,2948.0,325494.0,290722.0,-0.12685540129807
20250626,AO2510,2917.0,26310.0,62935.0,-0.0288313164261987
20250626,AO2511,2910.0,2603.0,23097.0,-0.0289007536908995
20250626,AO2512,2903.0,1192.0,1987.0,-0.0455565689516952
20250626,AO2601,2892.0,15883.0,38867.0,0.0082958869532863
20250626,AO2602,2894.0,19.0,880.0,-0.0207504807023271
20250626,AO2603,2889.0,390.0,1118.0,-0.016626258288424
20250626,AO2604,2885.0,30.0,867.0,-0.0041601664483233
20250626,AO2605,2884.0,430.0,3198.0,-0.0249913314903188
20250626,AO2606,2878.0,15.0,83.0,0.0
20250627,AO2507,3086.0,4055.0,5028.0,-0.2793110851418435
20250627,AO2508,3015.0,7256.0,3970.0,-0.1159815727458014
20250627,AO2509,2986.0,374318.0,288960.0,-0.1252325791072454
20250627,AO2510,2955.0,28523.0,66121.0,-0.0366039938114757
20250627,AO2511,2946.0,4725.0,24078.0,-0.0326308834650352
20250627,AO2512,2938.0,2377.0,3213.0,-0.0245315247273662
20250627,AO2601,2932.0,23492.0,36592.0,-0.0409976483507676
20250627,AO2602,2922.0,54.0,887.0,-0.0082163645798082
20250627,AO2603,2920.0,128.0,1116.0,-0.0164496256053445
20250627,AO2604,2916.0,25.0,867.0,-0.004115932127472
20250627,AO2605,2915.0,464.0,3130.0,-0.0123562736161944
20250627,AO2606,2912.0,46.0,86.0,0.0
20250630,AO2507,3106.0,3624.0,2925.0,-0.3290023305113703
20250630,AO2508,3022.0,5562.0,4073.0,-0.1478294040717885
20250630,AO2509,2985.0,253492.0,288909.0,-0.0968723727013341
20250630,AO2510,2961.0,16369.0,67020.0,-0.0405954379038218
20250630,AO2511,2951.0,3178.0,24459.0,-0.0325755205135992
20250630,AO2512,2943.0,1882.0,4371.0,-0.0367534743665492
20250630,AO2601,2934.0,15496.0,36463.0,-0.0286640641324936
20250630,AO2602,2927.0,41.0,878.0,0.0
20250630,AO2603,2927.0,48.0,1097.0,-0.0164102589676789
20250630,AO2604,2923.0,36.0,869.0,-0.0123224381870217
20250630,AO2605,2920.0,257.0,3114.0,0.0082163645798086
20250630,AO2606,2922.0,39.0,101.0,0.0
20250701,AO2507,3065.0,915.0,2610.0,-0.3213946445599233
20250701,AO2508,2984.0,4128.0,3715.0,-0.1578703828555724
20250701,AO2509,2945.0,292868.0,280309.0,-0.1064127027788681
20250701,AO2510,2919.0,19417.0,68656.0,-0.0411805483069579
20250701,AO2511,2909.0,2682.0,24832.0,-0.020643390606179
20250701,AO2512,2904.0,1598.0,5289.0,-0.0372478312510932
20250701,AO2601,2895.0,18114.0,37986.0,-0.0124416807412843
20250701,AO2602,2892.0,80.0,874.0,-0.0083016260661295
20250701,AO2603,2890.0,80.0,1119.0,-0.0207792259713352
20250701,AO2604,2885.0,62.0,888.0,0.0249307568897538
20250701,AO2605,2891.0,616.0,3346.0,-0.0374155854825441
20250701,AO2606,2882.0,46.0,123.0,0.0
20250702,AO2507,3169.0,675.0,2160.0,-0.2448283838800998
20250702,AO2508,3105.0,5711.0,3802.0,-0.132125687121081
20250702,AO2509,3071.0,386359.0,275495.0,-0.1059696175109515
20250702,AO2510,3044.0,30323.0,67676.0,-0.055317845737939
20250702,AO2511,3030.0,3595.0,24924.0,-0.0436436255589118
20250702,AO2512,3019.0,2799.0,6651.0,-0.0477929606197162
20250702,AO2601,3007.0,29090.0,36428.0,-0.0239680505779435
20250702,AO2602,3001.0,91.0,857.0,-0.0200100096390845
20250702,AO2603,2996.0,95.0,1110.0,-0.0040060090507245
20250702,AO2604,2995.0,59.0,882.0,-0.01603742303522
20250702,AO2605,2991.0,560.0,3273.0,-0.0120421485268816
20250702,AO2606,2988.0,111.0,93.0,0.0
20250703,AO2507,3150.0,360.0,2025.0,-0.2930736926536507
20250703,AO2508,3074.0,4379.0,4121.0,-0.1888563570028788
20250703,AO2509,3026.0,336450.0,279051.0,-0.0955545858587271
20250703,AO2510,3002.0,26931.0,70222.0,-0.0400400771884724
20250703,AO2511,2992.0,2832.0,25440.0,-0.0361506549554326
20250703,AO2512,2983.0,2054.0,7807.0,-0.0281926627411926
20250703,AO2601,2976.0,23509.0,38777.0,-0.0484849144440596
20250703,AO2602,2964.0,124.0,855.0,-0.0162052691744575
20250703,AO2603,2960.0,311.0,1025.0,-0.0040547390147565
20250703,AO2604,2959.0,89.0,862.0,-0.0243572478754443
20250703,AO2605,2953.0,2033.0,1933.0,0.0324653562920219
20250703,AO2606,2961.0,68.0,100.0,0.0
20250704,AO2507,3150.0,315.0,1890.0,-0.3635469783992122
20250704,AO2508,3056.0,3324.0,3845.0,-0.12631695584385
20250704,AO2509,3024.0,263778.0,267551.0,-0.1076240397931245
20250704,AO2510,2997.0,21404.0,71194.0,-0.0360902527674639
20250704,AO2511,2988.0,2408.0,25906.0,-0.044258222843179
20250704,AO2512,2977.0,2614.0,9232.0,-0.0322906350241989
20250704,AO2601,2969.0,16934.0,38070.0,0.0040410843958246
20250704,AO2602,2970.0,13.0,850.0,-0.0040410843958255
20250704,AO2603,2969.0,71.0,1010.0,-0.0445419779161764
20250704,AO2604,2958.0,49.0,859.0,-0.0121765611665588
20250704,AO2605,2955.0,274.0,1929.0,0.0162326707201331
20250704,AO2606,2959.0,19.0,111.0,0.0
20250707,AO2507,3264.0,585.0,1725.0,-0.6302344333295378
20250707,AO2508,3097.0,6350.0,4496.0,-0.2150244858475757
20250707,AO2509,3042.0,341853.0,252718.0,-0.1189306067934482
20250707,AO2510,3012.0,37053.0,73292.0,-0.0519049220493012
20250707,AO2511,2999.0,3236.0,26749.0,-0.0320534414287329
20250707,AO2512,2991.0,2832.0,10885.0,-0.0240963936389462
20250707,AO2601,2985.0,27055.0,38974.0,-0.0160911857835726
20250707,AO2602,2981.0,51.0,862.0,-0.0161127919475413
20250707,AO2603,2977.0,105.0,1014.0,-0.0040315807535262
20250707,AO2604,2976.0,60.0,850.0,-0.0444370142538795
20250707,AO2605,2965.0,420.0,1976.0,-0.0121477992489808
20250707,AO2606,2962.0,46.0,135.0,0.0
20250708,AO2507,3352.0,765.0,1380.0,-0.6472156708193676
20250708,AO2508,3176.0,13362.0,6132.0,-0.2519978063249588
20250708,AO2509,3110.0,439969.0,267754.0,-0.1592514066425232
20250708,AO2510,3069.0,47013.0,76247.0,-0.078457291577777
20250708,AO2511,3049.0,6206.0,28145.0,-0.0552269219358743
20250708,AO2512,3035.0,3777.0,12974.0,-0.0475405045696867
20250708,AO2601,3023.0,39095.0,36855.0,-0.0437448703160858
20250708,AO2602,3012.0,66.0,875.0,-0.0439049217530049
20250708,AO2603,3001.0,131.0,1012.0,-0.0160053374844471
20250708,AO2604,2997.0,129.0,870.0,-0.0200367386675437
20250708,AO2605,2992.0,646.0,2087.0,-0.0160535140999193
20250708,AO2606,2988.0,123.0,122.0,0.0
20250709,AO2507,3271.0,135.0,1275.0,-0.357457394539103
20250709,AO2508,3175.0,6433.0,5130.0,-0.1712955335111179
20250709,AO2509,3130.0,351714.0,248656.0,-0.138819028814249
20250709,AO2510,3094.0,32519.0,75103.0,-0.066115869731635
20250709,AO2511,3077.0,4005.0,28932.0,-0.0664821645073842
20250709,AO2512,3060.0,3274.0,14499.0,-0.0471513376786746
20250709,AO2601,3048.0,25214.0,34956.0,-0.0118168399504739
20250709,AO2602,3045.0,32.0,880.0,-0.039473719804785
20250709,AO2603,3035.0,51.0,1000.0,-0.0356377097435693
20250709,AO2604,3026.0,73.0,860.0,-0.0397219826454539
20250709,AO2605,3016.0,635.0,2025.0,-0.0358625536718116
20250709,AO2606,3007.0,79.0,136.0,0.0
20250710,AO2507,3256.0,30.0,1260.0,-0.0665231146182057
20250710,AO2508,3238.0,9824.0,5815.0,-0.1116979830141042
20250710,AO2509,3208.0,513954.0,244546.0,-0.1354246347799984
20250710,AO2510,3172.0,46556.0,75043.0,-0.0873283398445679
20250710,AO2511,3149.0,4941.0,29626.0,-0.0572975782207023
20250710,AO2512,3134.0,4271.0,16122.0,-0.0383509434766747
20250710,AO2601,3124.0,37814.0,33961.0,-0.06934208701133
20250710,AO2602,3106.0,188.0,832.0,0.0077244933468683
20250710,AO2603,3108.0,286.0,882.0,-0.1008083472897233
20250710,AO2604,3082.0,346.0,763.0,-0.0507235351238981
20250710,AO2605,3069.0,2401.0,2314.0,-0.023483373443531
20250710,AO2606,3063.0,125.0,156.0,0.0
20250711,AO2507,3190.0,30.0,1245.0,-0.1361931390708786
20250711,AO2508,3154.0,7492.0,4559.0,-0.1416058530677588
20250711,AO2509,3117.0,545705.0,252827.0,-0.1316142225742406
20250711,AO2510,3083.0,57646.0,78575.0,-0.0350820454513096
20250711,AO2511,3074.0,5320.0,31753.0,-0.0351849087387532
20250711,AO2512,3065.0,5917.0,18307.0,-0.0392157211753933
20250711,AO2601,3055.0,47640.0,38197.0,-0.055118207139972
20250711,AO2602,3041.0,243.0,737.0,-0.0039467193251674
20250711,AO2603,3040.0,229.0,854.0,-0.0237076139014782
20250711,AO2604,3034.0,199.0,726.0,-0.0237545442136579
20250711,AO2605,3028.0,902.0,2294.0,-0.0238016606958543
20250711,AO2606,3022.0,79.0,175.0,0.0
20250714,AO2507,3195.0,0.0,1245.0,-0.0942659992837066
20250714,AO2508,3170.0,5808.0,4498.0,-0.0950123728414241
20250714,AO2509,3145.0,350246.0,242115.0,-0.1420134917640335
20250714,AO2510,3108.0,31639.0,77683.0,-0.0658172322650611
20250714,AO2511,3091.0,3511.0,32436.0,-0.0388853224253807
20250714,AO2512,3081.0,5791.0,20253.0,-0.0390117378701461
20250714,AO2601,3071.0,30844.0,39181.0,-0.0195535321087557
20250714,AO2602,3066.0,56.0,737.0,0.0
20250714,AO2603,3066.0,35.0,855.0,-0.0470588838381803
20250714,AO2604,3054.0,84.0,717.0,-0.0078611204907613
20250714,AO2605,3052.0,705.0,2301.0,-0.0393830350213129
20250714,AO2606,3042.0,34.0,187.0,0.0
20250715,AO2507,3290.0,15.0,1245.0,-0.3628786222766188
20250715,AO2508,3192.0,7018.0,4366.0,-0.1019354878970742
20250715,AO2509,3165.0,383948.0,232632.0,-0.1449477254452239
20250715,AO2510,3127.0,37399.0,77652.0,-0.0499920607667723
20250715,AO2511,3114.0,2244.0,32387.0,-0.0463321038895145
20250715,AO2512,3102.0,2981.0,21152.0,-0.038747208350059
20250715,AO2601,3092.0,35618.0,39677.0,-0.0895962610509167
20250715,AO2602,3069.0,33.0,743.0,0.0117244757739193
20250715,AO2603,3072.0,32.0,850.0,-0.0117244757739193
20250715,AO2604,3069.0,70.0,693.0,-0.0470127927468199
20250715,AO2605,3057.0,435.0,2278.0,-0.031444498830957
20250715,AO2606,3049.0,67.0,203.0,0.0
20250716,AO2508,3121.0,7820.0,4434.0,-0.0385109444777086
20250716,AO2509,3111.0,362485.0,239364.0,-0.0968215676943704
20250716,AO2510,3086.0,37345.0,77858.0,-0.0584701497874054
20250716,AO2511,3071.0,2223.0,32444.0,-0.0430599059327509
20250716,AO2512,3060.0,2069.0,21487.0,-0.0235525100141844
20250716,AO2601,3054.0,34727.0,41670.0,-0.0472441555120743
20250716,AO2602,3042.0,41.0,748.0,-0.0434711491372208
20250716,AO2603,3031.0,97.0,847.0,-0.0039597426526604
20250716,AO2604,3030.0,66.0,694.0,-0.0237859344478945
20250716,AO2605,3024.0,619.0,2456.0,-0.0397482973557935
20250716,AO2606,3014.0,66.0,223.0,-0.0159362573222321
20250716,AO2607,3010.0,33.0,25.0,0.0
20250717,AO2508,3101.0,7270.0,4685.0,-0.0465267141824067
20250717,AO2509,3089.0,363578.0,223893.0,-0.0584132258404862
20250717,AO2510,3074.0,39098.0,78725.0,-0.0351849087387532
20250717,AO2511,3065.0,4263.0,32605.0,-0.0039158101179585
20250717,AO2512,3064.0,2726.0,21894.0,-0.0235217324576914
20250717,AO2601,3058.0,39497.0,40903.0,-0.0511224761401221
20250717,AO2602,3045.0,69.0,749.0,0.0039402397333169
20250717,AO2603,3046.0,193.0,850.0,-0.0236608686580764
20250717,AO2604,3040.0,129.0,647.0,-0.0316205716560613
20250717,AO2605,3032.0,805.0,2340.0,-0.0277365155678451
20250717,AO2606,3025.0,60.0,224.0,-0.0158782689392388
20250717,AO2607,3021.0,18.0,35.0,0.0
20250718,AO2508,3151.0,9042.0,4755.0,-0.0687462096609945
20250718,AO2509,3133.0,335962.0,210359.0,-0.0807048678469138
20250718,AO2510,3112.0,38958.0,77763.0,-0.0347546501988237
20250718,AO2511,3103.0,3392.0,32825.0,-0.0154788799275829
20250718,AO2512,3099.0,2444.0,22368.0,-0.0154988720286212
20250718,AO2601,3095.0,44163.0,40013.0,-0.0427254052257162
20250718,AO2602,3084.0,82.0,722.0,-0.0272683123341392
20250718,AO2603,3077.0,210.0,779.0,-0.0508061335387183
20250718,AO2604,3064.0,101.0,620.0,-0.0156760309686649
20250718,AO2605,3060.0,668.0,2258.0,-0.0235525100141844
20250718,AO2606,3054.0,47.0,210.0,-0.031475427881647
20250718,AO2607,3046.0,29.0,44.0,0.0
20250721,AO2508,3410.0,29025.0,5959.0,-0.0847560910137826
20250721,AO2509,3386.0,993037.0,221548.0,-0.164141720668014
20250721,AO2510,3340.0,89537.0,74816.0,-0.090158200209399
20250721,AO2511,3315.0,13071.0,32833.0,-0.0326234908679206
20250721,AO2512,3306.0,6903.0,23414.0,-0.0363526482192857
20250721,AO2601,3296.0,114193.0,42122.0,-0.0693749079665721
20250721,AO2602,3277.0,744.0,813.0,0.0109806321524976
20250721,AO2603,3280.0,654.0,698.0,-0.0844427532234705
20250721,AO2604,3257.0,585.0,361.0,-0.0553932357673449
20250721,AO2605,3242.0,2210.0,2144.0,-0.0185213804325245
20250721,AO2606,3237.0,191.0,178.0,-0.0445682963564577
20250721,AO2607,3225.0,84.0,79.0,0.0
20250722,AO2508,3513.0,26224.0,8468.0,0.0
20250722,AO2509,3513.0,988129.0,211644.0,-0.1858901199438995
20250722,AO2510,3459.0,85191.0,78059.0,-0.0800583099962729
20250722,AO2511,3436.0,14013.0,35076.0,-0.0069868997607018
20250722,AO2512,3434.0,8163.0,24807.0,-0.0174850679340057
20250722,AO2601,3429.0,116816.0,45106.0,-0.1089798027725159
20250722,AO2602,3398.0,917.0,1176.0,0.0070609004685042
20250722,AO2603,3400.0,673.0,733.0,-0.0636981737487253
20250722,AO2604,3382.0,455.0,265.0,-0.003548721007676
20250722,AO2605,3381.0,1561.0,2168.0,-0.0355450496859029
20250722,AO2606,3371.0,107.0,161.0,-0.0821554034963372
20250722,AO2607,3348.0,97.0,91.0,0.0
20250723,AO2508,3354.0,26659.0,6097.0,0.0035772842715358
20250723,AO2509,3355.0,939311.0,193944.0,-0.1620429724160825
20250723,AO2510,3310.0,91585.0,75031.0,-0.0435835830187729
20250723,AO2511,3298.0,15829.0,34350.0,-0.0364409633216839
20250723,AO2512,3288.0,11620.0,26442.0,0.0072970510001648
20250723,AO2601,3290.0,126893.0,48305.0,-0.0255591150938982
20250723,AO2602,3283.0,743.0,878.0,-0.0696504170111405
20250723,AO2603,3264.0,768.0,678.0,-0.0036770338881247
20250723,AO2604,3263.0,533.0,243.0,-0.0331441057720499
20250723,AO2605,3254.0,2569.0,2131.0,0.0
20250723,AO2606,3254.0,133.0,159.0,0.0073732721213736
20250723,AO2607,3256.0,143.0,103.0,0.0
20250724,AO2508,3427.0,21945.0,6166.0,0.0
20250724,AO2509,3427.0,786570.0,189037.0,-0.1267245569876425
20250724,AO2510,3391.0,82230.0,77440.0,-0.0141634716944027
20250724,AO2511,3387.0,11337.0,35240.0,-0.0141802084447581
20250724,AO2512,3383.0,6510.0,26149.0,-0.0141969847970223
20250724,AO2601,3379.0,125859.0,50781.0,-0.0569564996882444
20250724,AO2602,3363.0,281.0,845.0,-0.0608139623220033
20250724,AO2603,3346.0,261.0,609.0,-0.0323208335447431
20250724,AO2604,3337.0,279.0,238.0,-0.0035965832728396
20250724,AO2605,3336.0,1587.0,2145.0,-0.0107962220507722
20250724,AO2606,3333.0,117.0,199.0,0.1253555646537313
20250724,AO2607,3368.0,114.0,121.0,0.0
20250725,AO2508,3427.0,56228.0,12163.0,0.0035010941167394
20250725,AO2509,3428.0,905021.0,193086.0,-0.1090117386850374
20250725,AO2510,3397.0,86358.0,82535.0,-0.021213912419344
20250725,AO2511,3391.0,11835.0,35900.0,0.0106116440223953
20250725,AO2512,3394.0,6827.0,24947.0,-0.0212326802667199
20250725,AO2601,3388.0,147531.0,56430.0,-0.0141760205499731
20250725,AO2602,3384.0,434.0,901.0,-0.0604356187804725
20250725,AO2603,3367.0,551.0,591.0,0.0071258909457408
20250725,AO2604,3369.0,212.0,239.0,-0.0213903799953996
20250725,AO2605,3363.0,1932.0,2215.0,-0.0214285771228157
20250725,AO2606,3357.0,127.0,187.0,-0.0071513708910329
20250725,AO2607,3355.0,69.0,131.0,0.0
20250728,AO2508,3251.0,16383.0,4608.0,-0.0295657679590486
20250728,AO2509,3243.0,1003218.0,170310.0,-0.0630701714659652
20250728,AO2510,3226.0,96309.0,76344.0,-0.0223394417604021
20250728,AO2511,3220.0,15485.0,35165.0,0.0074511023815872
20250728,AO2512,3222.0,6857.0,25015.0,-0.014906834215094
20250728,AO2601,3218.0,181635.0,50937.0,-0.0298693371392037
20250728,AO2602,3210.0,208.0,872.0,-0.0374415280349236
20250728,AO2603,3200.0,446.0,581.0,-0.0450845865325474
20250728,AO2604,3188.0,200.0,245.0,0.0150470239151241
20250728,AO2605,3192.0,2191.0,2382.0,-0.0225776171964661
20250728,AO2606,3186.0,150.0,166.0,-0.0452830726036738
20250728,AO2607,3174.0,59.0,136.0,0.0
20250729,AO2508,3309.0,4637.0,3144.0,-0.0072551392778329
20250729,AO2509,3307.0,472199.0,158124.0,-0.0947181602482937
20250729,AO2510,3281.0,42127.0,77024.0,-0.0292951015190531
20250729,AO2511,3273.0,6728.0,35747.0,0.0073304828180617
20250729,AO2512,3275.0,2735.0,24774.0,-0.0073304828180617
20250729,AO2601,3273.0,84243.0,56417.0,-0.033042701006195
20250729,AO2602,3264.0,64.0,893.0,-0.0478895493611079
20250729,AO2603,3251.0,171.0,574.0,0.0110684097009322
20250729,AO2604,3254.0,53.0,266.0,0.040497047178581
20250729,AO2605,3265.0,1239.0,2193.0,-0.0552571966409794
20250729,AO2606,3250.0,59.0,170.0,-0.0036928758561948
20250729,AO2607,3249.0,19.0,139.0,0.0
20250730,AO2508,3326.0,2153.0,2793.0,0.0
20250730,AO2509,3326.0,567566.0,148574.0,-0.0760068896050353
20250730,AO2510,3305.0,57086.0,78378.0,0.0
20250730,AO2511,3305.0,10547.0,37692.0,0.0108876462935433
20250730,AO2512,3308.0,4094.0,24971.0,0.0
20250730,AO2601,3308.0,135275.0,60146.0,-0.029055704268124
20250730,AO2602,3300.0,473.0,1080.0,0.0072705243060192
20250730,AO2603,3302.0,835.0,837.0,-0.0327521052445081
20250730,AO2604,3293.0,101.0,282.0,-0.0182343144035249
20250730,AO2605,3288.0,1721.0,2358.0,-0.0402132897270717
20250730,AO2606,3277.0,70.0,161.0,-0.0624140920567347
20250730,AO2607,3260.0,28.0,139.0,0.0
20250731,AO2508,3215.0,1184.0,2280.0,0.0260991247823985
20250731,AO2509,3222.0,381169.0,135096.0,-0.0709729695331381
20250731,AO2510,3203.0,42593.0,75550.0,-0.0225000065918007
20250731,AO2511,3197.0,8537.0,37359.0,-0.011265843418605
20250731,AO2512,3194.0,3004.0,24894.0,-0.0187999411788011
20250731,AO2601,3189.0,108251.0,60473.0,-0.0112941184807649
20250731,AO2602,3186.0,128.0,1074.0,-0.0339462744057325
20250731,AO2603,3177.0,294.0,785.0,0.0188708955385919
20250731,AO2604,3182.0,77.0,288.0,-0.0264275708512823
20250731,AO2605,3175.0,2539.0,2380.0,-0.0075614369231573
20250731,AO2606,3173.0,85.0,157.0,-0.0378788193305612
20250731,AO2607,3163.0,34.0,147.0,0.0
20250801,AO2508,3201.0,135.0,2220.0,-0.1471022664053493
20250801,AO2509,3162.0,275347.0,136978.0,-0.0532488987854814
20250801,AO2510,3148.0,40400.0,76762.0,0.0
20250801,AO2511,3148.0,9960.0,38799.0,-0.0076263110288487
20250801,AO2512,3146.0,3215.0,25046.0,-0.0114485618478659
20250801,AO2601,3143.0,88666.0,65097.0,-0.0076384471070532
20250801,AO2602,3141.0,109.0,1077.0,-0.030602503037458
20250801,AO2603,3133.0,224.0,792.0,0.0344223343604966
20250801,AO2604,3142.0,57.0,291.0,-0.0229372481432164
20250801,AO2605,3136.0,1525.0,2772.0,-0.0038271408393292
20250801,AO2606,3135.0,36.0,165.0,-0.0344993050271891
20250801,AO2607,3126.0,34.0,143.0,0.0
20250804,AO2508,3203.0,60.0,2205.0,0.0821409554485754
20250804,AO2509,3225.0,246438.0,129682.0,-0.014892958784088
20250804,AO2510,3221.0,40293.0,79272.0,0.0
20250804,AO2511,3221.0,8206.0,39420.0,0.0037249728686509
20250804,AO2512,3222.0,2818.0,25076.0,0.0260424842562659
20250804,AO2601,3229.0,95743.0,70170.0,-0.0297674571249162
20250804,AO2602,3221.0,115.0,1114.0,0.0074487898108694
20250804,AO2603,3223.0,105.0,801.0,-0.067206149528009
20250804,AO2604,3205.0,37.0,279.0,0.0261804685425835
20250804,AO2605,3212.0,1311.0,2805.0,-0.0449158353460127
20250804,AO2606,3200.0,46.0,165.0,0.0187353668034289
20250804,AO2607,3205.0,36.0,154.0,0.0
20250805,AO2508,3235.0,30.0,2190.0,-0.029712178596469
20250805,AO2509,3227.0,242539.0,124750.0,-0.0148837228382872
20250805,AO2510,3223.0,39586.0,80229.0,0.0037226617329737
20250805,AO2511,3224.0,7465.0,40273.0,0.0037215072402463
20250805,AO2512,3225.0,2227.0,25377.0,0.0148744983408278
20250805,AO2601,3229.0,100093.0,73869.0,-0.0148744983408286
20250805,AO2602,3225.0,125.0,1153.0,0.0037203534633755
20250805,AO2603,3226.0,117.0,844.0,0.0371402339187376
20250805,AO2604,3236.0,43.0,283.0,-0.0632069625548902
20250805,AO2605,3219.0,925.0,2947.0,-0.0261234747858711
20250805,AO2606,3212.0,59.0,150.0,0.0670600938005994
20250805,AO2607,3230.0,16.0,149.0,0.0
20250806,AO2508,3246.0,30.0,2175.0,-0.018498539195869
20250806,AO2509,3241.0,174314.0,118314.0,-0.0074074076426166
20250806,AO2510,3239.0,35997.0,80508.0,0.0185099527676913
20250806,AO2511,3244.0,7190.0,40896.0,0.0332461348565762
20250806,AO2512,3253.0,2499.0,24489.0,0.0184303522636671
20250806,AO2601,3258.0,86557.0,76215.0,-0.0516764871202426
20250806,AO2602,3244.0,247.0,1145.0,0.0258660608232211
20250806,AO2603,3251.0,54.0,849.0,-0.0184700667524256
20250806,AO2604,3246.0,28.0,285.0,0.0221606711179765
20250806,AO2605,3252.0,711.0,3044.0,0.0184360153023877
20250806,AO2606,3257.0,32.0,151.0,-0.0258183594294042
20250806,AO2607,3250.0,17.0,157.0,0.0
20250807,AO2508,3203.0,90.0,2130.0,0.0299345337642699
20250807,AO2509,3211.0,280531.0,122006.0,0.0335873333872798
20250807,AO2510,3220.0,44835.0,82640.0,0.0186190882970262
20250807,AO2511,3225.0,11205.0,42419.0,0.0556845546780276
20250807,AO2512,3240.0,3382.0,25102.0,0.0295931099423216
20250807,AO2601,3248.0,154390.0,82787.0,0.0
20250807,AO2602,3248.0,141.0,1193.0,-0.0407093682638901
20250807,AO2603,3237.0,162.0,934.0,0.0148193905836363
20250807,AO2604,3241.0,38.0,299.0,0.0111025451250734
20250807,AO2605,3244.0,1755.0,3097.0,0.0036985668346415
20250807,AO2606,3245.0,80.0,147.0,-0.018504244221784
20250807,AO2607,3240.0,48.0,171.0,0.0
20250808,AO2508,3160.0,105.0,2070.0,0.0379147234844222
20250808,AO2509,3170.0,188952.0,121966.0,0.0151324105803379
20250808,AO2510,3174.0,35959.0,84155.0,0.0302076937365347
20250808,AO2511,3182.0,6292.0,42525.0,0.0489258949668358
20250808,AO2512,3195.0,1962.0,25229.0,0.0225140778987354
20250808,AO2601,3201.0,112347.0,88648.0,0.0262131481985038
20250808,AO2602,3208.0,125.0,1211.0,-0.0112271955796161
20250808,AO2603,3205.0,121.0,946.0,0.0037435657767335
20250808,AO2604,3206.0,57.0,291.0,0.0
20250808,AO2605,3206.0,934.0,3276.0,0.0261723113563217
20250808,AO2606,3213.0,35.0,150.0,-0.0299158771330559
20250808,AO2607,3205.0,39.0,175.0,0.0
20250811,AO2508,3172.0,15.0,2055.0,0.0377715137159226
20250811,AO2509,3182.0,172884.0,114892.0,0.0338930085661371
20250811,AO2510,3191.0,35504.0,84575.0,0.0487881829200769
20250811,AO2511,3204.0,8460.0,43668.0,0.0411279418016385
20250811,AO2512,3215.0,2005.0,25038.0,0.0558573545397902
20250811,AO2601,3230.0,119356.0,97239.0,-0.0334832026260414
20250811,AO2602,3221.0,153.0,1190.0,0.040911243717447
20250811,AO2603,3232.0,82.0,956.0,-0.029739792173605
20250811,AO2604,3224.0,39.0,292.0,0.0519963673327385
20250811,AO2605,3238.0,802.0,3312.0,-0.0445545066291145
20250811,AO2606,3226.0,60.0,159.0,0.0297213774227758
20250811,AO2607,3234.0,18.0,171.0,0.0
20250812,AO2508,3280.0,75.0,2040.0,0.1020042571847103
20250812,AO2509,3308.0,296358.0,96168.0,0.0470659827979749
20250812,AO2510,3321.0,78971.0,86862.0,0.0360794018031969
20250812,AO2511,3331.0,21649.0,44121.0,0.0467416321309504
20250812,AO2512,3344.0,5605.0,25713.0,0.0644200771676232
20250812,AO2601,3362.0,289842.0,122577.0,-0.0715992577586629
20250812,AO2602,3342.0,386.0,1239.0,0.0179399046718504
20250812,AO2603,3347.0,315.0,988.0,-0.0107607240808122
20250812,AO2604,3344.0,234.0,257.0,0.0071748881061246
20250812,AO2605,3346.0,2494.0,3632.0,-0.0395150783645422
20250812,AO2606,3335.0,233.0,185.0,-0.0540947572702778
20250812,AO2607,3320.0,56.0,168.0,0.0
20250813,AO2508,3216.0,0.0,2040.0,0.0521254310141437
20250813,AO2509,3230.0,170742.0,89264.0,0.0444994329470302
20250813,AO2510,3242.0,49529.0,89421.0,0.0295748763379412
20250813,AO2511,3250.0,10967.0,44562.0,0.0479042552344494
20250813,AO2512,3263.0,3336.0,26479.0,0.047713780555673
20250813,AO2601,3276.0,295940.0,149127.0,-0.0036635628432929
20250813,AO2602,3275.0,130.0,1251.0,0.0
20250813,AO2603,3275.0,272.0,964.0,-0.0330224944673026
20250813,AO2604,3266.0,112.0,259.0,0.0513291341733477
20250813,AO2605,3280.0,2549.0,4086.0,-0.0109806321524971
20250813,AO2606,3277.0,95.0,182.0,-0.0256606176901867
20250813,AO2607,3270.0,77.0,168.0,0.0
20250814,AO2508,3215.0,30.0,2070.0,-0.0448738447507399
20250814,AO2509,3203.0,102037.0,70427.0,0.0112342027240816
20250814,AO2510,3206.0,53609.0,82903.0,0.0224369027658482
20250814,AO2511,3212.0,12603.0,44655.0,0.0596274518782457
20250814,AO2512,3228.0,3355.0,26581.0,0.0445269527584266
20250814,AO2601,3240.0,381819.0,158619.0,-0.0482450008129586
20250814,AO2602,3227.0,109.0,1242.0,-0.0260586421620935
20250814,AO2603,3220.0,256.0,960.0,0.0483496702437494
20250814,AO2604,3233.0,45.0,255.0,0.0074211505148155
20250814,AO2605,3235.0,2873.0,4210.0,-0.029712178596469
20250814,AO2606,3227.0,96.0,178.0,0.0297121785964684
20250814,AO2607,3235.0,50.0,164.0,0.0
20250815,AO2508,3163.0,15.0,2070.0,0.0718678271049998
20250815,AO2509,3182.0,73970.0,64153.0,0.0075400567984968
20250815,AO2510,3184.0,46385.0,74820.0,0.0188294405494075
20250815,AO2511,3189.0,11400.0,41863.0,0.0300657845974072
20250815,AO2512,3197.0,3996.0,25811.0,0.0299906435391466
20250815,AO2601,3205.0,398175.0,173509.0,-0.029990643539148
20250815,AO2602,3197.0,122.0,1251.0,0.0225000065918015
20250815,AO2603,3203.0,187.0,975.0,-0.0940296301499626
20250815,AO2604,3178.0,65.0,258.0,0.0827849002938782
20250815,AO2605,3200.0,3257.0,4243.0,-0.0225211201543215
20250815,AO2606,3194.0,88.0,172.0,-0.0376293817282086
20250815,AO2607,3184.0,34.0,168.0,0.0
20250818,AO2509,3159.0,45237.0,56757.0,-0.0266201978917859
20250818,AO2510,3152.0,34310.0,72433.0,0.0038065028074929
20250818,AO2511,3153.0,7607.0,41269.0,0.0342042986922793
20250818,AO2512,3162.0,2682.0,25613.0,0.0341070812271608
20250818,AO2601,3171.0,332334.0,177575.0,0.0
20250818,AO2602,3171.0,118.0,1246.0,-0.0037848920042517
20250818,AO2603,3170.0,157.0,978.0,0.0113510965424306
20250818,AO2604,3173.0,102.0,258.0,0.0037813140379049
20250818,AO2605,3174.0,3663.0,4444.0,0.0188887178933796
20250818,AO2606,3179.0,112.0,187.0,0.0113189758431548
20250818,AO2607,3182.0,31.0,178.0,-0.0264275708512823
20250818,AO2608,3175.0,2.0,2.0,0.0
20250819,AO2509,3113.0,31892.0,51868.0,-0.0231511325827294
20250819,AO2510,3107.0,25676.0,70721.0,0.0192957108628188
20250819,AO2511,3112.0,6293.0,41627.0,0.019264733628657
20250819,AO2512,3117.0,2518.0,25750.0,0.0115440124342927
20250819,AO2601,3120.0,273457.0,192727.0,-0.0153944857546698
20250819,AO2602,3116.0,112.0,1247.0,-0.0077046551603427
20250819,AO2603,3114.0,182.0,1011.0,0.0499920607667726
20250819,AO2604,3127.0,16.0,257.0,-0.0076775434480735
20250819,AO2605,3125.0,2030.0,4494.0,0.0191846563643648
20250819,AO2606,3130.0,41.0,208.0,0.0344552796930566
20250819,AO2607,3139.0,35.0,190.0,0.0190991604857224
20250819,AO2608,3144.0,7.0,5.0,0.0
20250820,AO2509,3128.0,41998.0,43891.0,-0.0307298503400844
20250820,AO2510,3120.0,35011.0,68603.0,0.0268929198517588
20250820,AO2511,3127.0,11213.0,41263.0,0.0459623926093481
20250820,AO2512,3139.0,4126.0,25129.0,0.0305440826694388
20250820,AO2601,3147.0,441227.0,176803.0,-0.0305440826694391
20250820,AO2602,3139.0,281.0,1180.0,-0.011474104459861
20250820,AO2603,3136.0,229.0,996.0,0.0267558639272288
20250820,AO2604,3143.0,46.0,260.0,-0.0038186157840138
20250820,AO2605,3142.0,3329.0,4554.0,0.0114522038276934
20250820,AO2606,3145.0,90.0,198.0,-0.015272035150732
20250820,AO2607,3141.0,41.0,194.0,-0.0229445576595052
20250820,AO2608,3135.0,3.0,6.0,0.0
20250821,AO2509,3114.0,30219.0,41662.0,-0.0463321038895145
20250821,AO2510,3102.0,24743.0,69138.0,0.030907937241548
20250821,AO2511,3110.0,6124.0,41836.0,0.0308285333333043
20250821,AO2512,3118.0,971.0,25139.0,0.0230695361022562
20250821,AO2601,3124.0,326961.0,185979.0,-0.0384739027875955
20250821,AO2602,3114.0,154.0,1212.0,0.023099140915013
20250821,AO2603,3120.0,153.0,986.0,-0.0192461949836941
20250821,AO2604,3115.0,96.0,256.0,0.0115514207540209
20250821,AO2605,3118.0,2511.0,4480.0,0.0269101506333618
20250821,AO2606,3125.0,105.0,211.0,0.0689216955247885
20250821,AO2607,3143.0,20.0,194.0,-0.068921695524789
20250821,AO2608,3125.0,5.0,7.0,0.0
20250822,AO2509,3129.0,20226.0,38242.0,-0.0499600401389184
20250822,AO2510,3116.0,15245.0,67059.0,0.0192400233616867
20250822,AO2511,3121.0,3338.0,41826.0,0.0422197780789716
20250822,AO2512,3132.0,989.0,25223.0,0.0229665141874103
20250822,AO2601,3138.0,272174.0,182975.0,-0.0114777627114818
20250822,AO2602,3135.0,132.0,1193.0,-0.0114887514759279
20250822,AO2603,3132.0,55.0,985.0,-0.011499761301739
20250822,AO2604,3129.0,51.0,249.0,0.0268156536169963
20250822,AO2605,3136.0,1172.0,4490.0,-0.0038271408393292
20250822,AO2606,3135.0,32.0,208.0,0.0458453279686287
20250822,AO2607,3147.0,17.0,197.0,-0.011444922183716
20250822,AO2608,3144.0,7.0,11.0,0.0
20250825,AO2509,3150.0,50029.0,31349.0,0.0228354017530327
20250825,AO2510,3156.0,40897.0,62418.0,0.0189963629982337
20250825,AO2511,3161.0,9306.0,41782.0,0.0530303893340925
20250825,AO2512,3175.0,3058.0,24937.0,0.0339676276497796
20250825,AO2601,3184.0,455135.0,193845.0,0.0113012094367531
20250825,AO2602,3187.0,139.0,1200.0,-0.0226130720183073
20250825,AO2603,3181.0,248.0,980.0,0.0
20250825,AO2604,3181.0,100.0,250.0,-0.0075471700600969
20250825,AO2605,3179.0,3156.0,4611.0,0.0
20250825,AO2606,3179.0,73.0,211.0,0.0113189758431548
20250825,AO2607,3182.0,86.0,206.0,-0.0264275708512823
20250825,AO2608,3175.0,14.0,19.0,0.0
20250826,AO2509,3046.0,23616.0,22125.0,0.0039389463672221
20250826,AO2510,3047.0,63928.0,38472.0,0.019675361023662
20250826,AO2511,3052.0,9972.0,40798.0,0.0235679290159202
20250826,AO2512,3058.0,15575.0,11880.0,0.0430880175687424
20250826,AO2601,3069.0,421870.0,228725.0,-0.0117359422557208
20250826,AO2602,3066.0,2008.0,2052.0,0.0390752543253025
20250826,AO2603,3076.0,382.0,1087.0,0.003900536358087
20250826,AO2604,3077.0,133.0,249.0,-0.0039005363580862
20250826,AO2605,3076.0,3822.0,5612.0,0.0389484275708586
20250826,AO2606,3086.0,98.0,249.0,0.0
20250826,AO2607,3086.0,141.0,230.0,0.0155440436242206
20250826,AO2608,3090.0,6.0,23.0,0.0
20250827,AO2509,3041.0,15662.0,15216.0,0.0157739095995941
20250827,AO2510,3045.0,33621.0,31902.0,-0.0078843629643163
20250827,AO2511,3043.0,8689.0,40687.0,0.0
20250827,AO2512,3043.0,5440.0,9284.0,0.0118246026976332
20250827,AO2601,3046.0,318098.0,237684.0,-0.0118246026976323
20250827,AO2602,3043.0,3355.0,3815.0,-0.0118362659604437
20250827,AO2603,3040.0,785.0,1117.0,0.0590649264651388
20250827,AO2604,3055.0,48.0,256.0,0.0078534034216644
20250827,AO2605,3057.0,3452.0,6199.0,0.0117704766671027
20250827,AO2606,3060.0,87.0,260.0,0.0391517476177964
20250827,AO2607,3070.0,55.0,230.0,-0.0117321176038951
20250827,AO2608,3067.0,22.0,34.0,0.0
20250828,AO2509,3042.0,7391.0,11477.0,0.0393830350213146
20250828,AO2510,3052.0,22887.0,30525.0,0.0
20250828,AO2511,3052.0,8604.0,40842.0,0.0235679290159202
20250828,AO2512,3058.0,2043.0,8657.0,0.0196046441252105
20250828,AO2601,3063.0,242901.0,240777.0,-0.0196046441252122
20250828,AO2602,3058.0,2845.0,5107.0,-0.015706808525158
20250828,AO2603,3054.0,455.0,1122.0,0.0313930852686154
20250828,AO2604,3062.0,29.0,253.0,0.0508392482758699
20250828,AO2605,3075.0,1295.0,6313.0,-0.0078074173216026
20250828,AO2606,3073.0,42.0,251.0,0.0234070295281897
20250828,AO2607,3079.0,49.0,242.0,0.0077922080660111
20250828,AO2608,3081.0,10.0,38.0,0.0
20250829,AO2509,2985.0,9550.0,5766.0,0.096096609640113
20250829,AO2510,3009.0,23944.0,29482.0,0.0398142369215225
20250829,AO2511,3019.0,8034.0,41114.0,0.0238252890972354
20250829,AO2512,3025.0,2792.0,7852.0,0.0435572166069447
20250829,AO2601,3036.0,291076.0,240727.0,-0.0039532202630624
20250829,AO2602,3035.0,4289.0,7210.0,-0.0118674807760369
20250829,AO2603,3032.0,386.0,1221.0,-0.0118792288203
20250829,AO2604,3029.0,84.0,289.0,0.0553360664368043
20250829,AO2605,3043.0,1360.0,6466.0,0.0
20250829,AO2606,3043.0,40.0,251.0,0.0354389100885181
20250829,AO2607,3052.0,70.0,260.0,-0.015737707173729
20250829,AO2608,3048.0,6.0,41.0,0.0
20250901,AO2509,2975.0,1911.0,4710.0,0.0763949639981215
20250901,AO2510,2994.0,23534.0,30113.0,0.0080133558904376
20250901,AO2511,2996.0,8559.0,41564.0,0.0439780602170268
20250901,AO2512,3007.0,2924.0,7945.0,0.0039900249744167
20250901,AO2601,3008.0,356281.0,247805.0,0.0
20250901,AO2602,3008.0,5088.0,9743.0,0.0119621209440404
20250901,AO2603,3011.0,431.0,1321.0,0.0278653301527249
20250901,AO2604,3018.0,49.0,304.0,0.0357320363270944
20250901,AO2605,3027.0,2801.0,6924.0,0.0316727336625587
20250901,AO2606,3035.0,39.0,252.0,0.0039532202630617
20250901,AO2607,3036.0,58.0,269.0,-0.1032093692711894
20250901,AO2608,3010.0,25.0,35.0,0.0
20250902,AO2509,2991.0,840.0,4365.0,0.0759875893556812
20250902,AO2510,3010.0,21912.0,27559.0,0.0159362573222318
20250902,AO2511,3014.0,5609.0,41687.0,0.0238647741896937
20250902,AO2512,3020.0,1732.0,7711.0,0.0079443895652349
20250902,AO2601,3022.0,310480.0,242297.0,-0.0119185575101525
20250902,AO2602,3019.0,3842.0,11377.0,0.035720218206007
20250902,AO2603,3028.0,262.0,1337.0,0.0158415864590737
20250902,AO2604,3032.0,38.0,314.0,0.019772619401838
20250902,AO2605,3037.0,1454.0,7031.0,0.0118479522542241
20250902,AO2606,3040.0,30.0,253.0,0.0118362659604452
20250902,AO2607,3043.0,48.0,276.0,0.0354389100885181
20250902,AO2608,3052.0,10.0,39.0,0.0
20250903,AO2509,2965.0,390.0,4260.0,0.0686062067142946
20250903,AO2510,2982.0,14553.0,26650.0,0.0040234702807777
20250903,AO2511,2983.0,5319.0,41619.0,0.0241125332302719
20250903,AO2512,2989.0,2698.0,7188.0,0.01203812172516
20250903,AO2601,2992.0,244775.0,248040.0,-0.0120381217251597
20250903,AO2602,2989.0,3647.0,12868.0,0.0320748603927042
20250903,AO2603,2997.0,171.0,1387.0,0.0200033385209295
20250903,AO2604,3002.0,34.0,315.0,0.0518531636145416
20250903,AO2605,3015.0,1487.0,7041.0,0.0238568667046333
20250903,AO2606,3021.0,20.0,251.0,-0.0119225047065334
20250903,AO2607,3018.0,74.0,272.0,0.047619110107448
20250903,AO2608,3030.0,16.0,38.0,0.0
20250904,AO2509,2948.0,405.0,3930.0,0.0609035311720556
20250904,AO2510,2963.0,16556.0,25060.0,0.0161888726070776
20250904,AO2511,2967.0,5877.0,41686.0,0.0524635105035398
20250904,AO2512,2980.0,3034.0,6098.0,0.0
20250904,AO2601,2980.0,279608.0,251793.0,-0.0080563950659499
20250904,AO2602,2978.0,4044.0,14400.0,0.040227996105044
20250904,AO2603,2988.0,426.0,1407.0,0.0560935912883927
20250904,AO2604,3002.0,88.0,358.0,0.0239600745158768
20250904,AO2605,3008.0,2504.0,7403.0,0.0318725286973945
20250904,AO2606,3016.0,21.0,260.0,0.0
20250904,AO2607,3016.0,97.0,285.0,-0.0478405949258561
20250904,AO2608,3004.0,31.0,40.0,0.0
20250905,AO2509,2964.0,810.0,3630.0,0.0766775771852518
20250905,AO2510,2983.0,20222.0,24613.0,0.0200971408555123
20250905,AO2511,2988.0,10181.0,40966.0,0.0280795715621019
20250905,AO2512,2995.0,4690.0,5503.0,0.0439927171604396
20250905,AO2601,3006.0,395159.0,244512.0,0.011970075805504
20250905,AO2602,3009.0,12924.0,18937.0,0.2056063477844081
20250905,AO2603,3061.0,13269.0,5719.0,0.0313213880918829
20250905,AO2604,3069.0,784.0,372.0,0.0507235351238994
20250905,AO2605,3082.0,18573.0,10237.0,0.0388727259270176
20250905,AO2606,3092.0,125.0,237.0,0.046481659149562
20250905,AO2607,3104.0,212.0,278.0,0.007729468866276
20250905,AO2608,3106.0,58.0,60.0,0.0
20250908,AO2509,2913.0,1170.0,3390.0,0.0821077442161976
20250908,AO2510,2933.0,16336.0,24576.0,0.0367659862071816
20250908,AO2511,2942.0,5674.0,39998.0,0.0325865780697913
20250908,AO2512,2950.0,1534.0,5538.0,0.0406091758108859
20250908,AO2601,2960.0,304758.0,272730.0,0.020253169364638
20250908,AO2602,2965.0,3168.0,19854.0,0.2483399710787132
20250908,AO2603,3027.0,1347.0,5980.0,0.0316727336625587
20250908,AO2604,3035.0,155.0,372.0,0.0473529059053246
20250908,AO2605,3047.0,5642.0,10380.0,0.0393185148615063
20250908,AO2606,3057.0,74.0,240.0,0.0509222242848986
20250908,AO2607,3070.0,106.0,299.0,0.0701528467610869
20250908,AO2608,3088.0,34.0,74.0,0.0
20250909,AO2509,2883.0,150.0,3345.0,0.1077355302815945
20250909,AO2510,2909.0,10548.0,24518.0,0.0247252834726944
20250909,AO2511,2915.0,5343.0,41136.0,0.0246744432377794
20250909,AO2512,2921.0,1284.0,5675.0,0.0328205332799113
20250909,AO2601,2929.0,226938.0,281112.0,0.0368161188730693
20250909,AO2602,2938.0,3587.0,21108.0,0.2545978644785339
20250909,AO2603,3001.0,1135.0,6182.0,0.0399201964964012
20250909,AO2604,3011.0,155.0,464.0,0.0358149826461772
20250909,AO2605,3020.0,2695.0,10468.0,0.0555005944747463
20250909,AO2606,3034.0,47.0,240.0,0.0434282428262378
20250909,AO2607,3045.0,72.0,304.0,0.0550459680828736
20250909,AO2608,3059.0,37.0,85.0,0.0
20250910,AO2509,2874.0,330.0,3315.0,0.1699803857474697
20250910,AO2510,2915.0,12299.0,24093.0,0.0164552648342637
20250910,AO2511,2919.0,6288.0,41089.0,0.0410397116834252
20250910,AO2512,2929.0,1461.0,5532.0,0.0163766657966097
20250910,AO2601,2933.0,231575.0,276136.0,0.0326864349185289
20250910,AO2602,2941.0,4595.0,22559.0,0.2543408919603652
20250910,AO2603,3004.0,1210.0,6090.0,0.0518187153004296
20250910,AO2604,3017.0,137.0,511.0,0.0119264545182497
20250910,AO2605,3020.0,2550.0,10599.0,0.0238174077526317
20250910,AO2606,3026.0,32.0,243.0,0.0711698955993033
20250910,AO2607,3044.0,49.0,312.0,0.0275635888211193
20250910,AO2608,3051.0,16.0,83.0,0.0
20250911,AO2509,2908.0,60.0,3300.0,0.0658437865951103
20250911,AO2510,2924.0,12527.0,23778.0,0.0041032655554537
20250911,AO2511,2925.0,8888.0,41418.0,0.0450435608213928
20250911,AO2512,2936.0,1609.0,5716.0,0.0367284762153706
20250911,AO2601,2945.0,249216.0,273311.0,0.0325534278988263
20250911,AO2602,2953.0,3658.0,23596.0,0.261273091006458
20250911,AO2603,3018.0,857.0,6122.0,0.0278007736457712
20250911,AO2604,3025.0,118.0,539.0,0.0316936466836724
20250911,AO2605,3033.0,2483.0,10869.0,0.0079103496602112
20250911,AO2606,3035.0,98.0,234.0,0.0630957746768525
20250911,AO2607,3051.0,104.0,348.0,0.0705884388367993
20250911,AO2608,3069.0,8.0,84.0,0.0
20250912,AO2509,2875.0,15.0,3300.0,0.079043447519739
20250912,AO2510,2894.0,8569.0,23791.0,0.0165745882703811
20250912,AO2511,2898.0,6522.0,40714.0,0.0372093321389782
20250912,AO2512,2907.0,1599.0,5996.0,0.0288610343552906
20250912,AO2601,2914.0,241200.0,290943.0,0.0328992666659366
20250912,AO2602,2922.0,2808.0,24378.0,0.2640147108655808
20250912,AO2603,2987.0,845.0,6155.0,0.0401069892066405
20250912,AO2604,2997.0,81.0,559.0,0.0160053374844464
20250912,AO2605,3001.0,2055.0,11054.0,0.0399201964964012
20250912,AO2606,3011.0,47.0,242.0,0.0596323903988077
20250912,AO2607,3026.0,51.0,347.0,0.0356377097435692
20250912,AO2608,3035.0,55.0,91.0,0.0
20250915,AO2509,2875.0,0.0,3300.0,0.1493278861700698
20250915,AO2510,2911.0,10966.0,23053.0,0.0205937925951057
20250915,AO2511,2916.0,7576.0,41337.0,0.0369799984488973
20250915,AO2512,2925.0,1234.0,6163.0,0.0409556711548793
20250915,AO2601,2935.0,262332.0,291186.0,0.0326641916553125
20250915,AO2602,2943.0,3551.0,24884.0,0.2541698649533645
20250915,AO2603,3006.0,822.0,6039.0,0.0159574491600197
20250915,AO2604,3010.0,99.0,592.0,0.0159362573222318
20250915,AO2605,3014.0,2515.0,11276.0,0.0437158953420121
20250915,AO2606,3025.0,46.0,242.0,0.0277365155678449
20250915,AO2607,3032.0,83.0,352.0,0.0316205716560603
20250915,AO2608,3040.0,18.0,75.0,0.0
20250916,AO2510,2951.0,24424.0,21301.0,0.016254658767111
20250916,AO2511,2955.0,18129.0,44532.0,0.05267609336487
20250916,AO2512,2968.0,3632.0,6928.0,0.0443921811121345
20250916,AO2601,2979.0,579059.0,287402.0,0.0201241033244308
20250916,AO2602,2984.0,6839.0,25905.0,0.2625228993336709
20250916,AO2603,3050.0,2085.0,5698.0,0.0314342026506048
20250916,AO2604,3058.0,420.0,765.0,0.0078457014890273
20250916,AO2605,3060.0,5870.0,11275.0,0.0391517476177964
20250916,AO2606,3070.0,144.0,264.0,0.0507070476588897
20250916,AO2607,3083.0,201.0,396.0,0.0116712604434688
20250916,AO2608,3086.0,24.0,69.0,0.0891045256277721
20250916,AO2609,3109.0,20.0,18.0,0.0
20250917,AO2510,2913.0,16044.0,23095.0,0.0123520340293687
20250917,AO2511,2916.0,13355.0,44133.0,0.0451823227600448
20250917,AO2512,2927.0,1737.0,6938.0,0.0409277340808107
20250917,AO2601,2937.0,449168.0,325809.0,0.0204116395531523
20250917,AO2602,2942.0,4563.0,26191.0,0.2941224959988366
20250917,AO2603,3015.0,901.0,5815.0,0.0198840144915553
20250917,AO2604,3020.0,210.0,817.0,0.0158835231661001
20250917,AO2605,3024.0,4076.0,12104.0,0.0475248145931629
20250917,AO2606,3036.0,109.0,261.0,-0.0039532202630624
20250917,AO2607,3035.0,155.0,421.0,0.0394737198047844
20250917,AO2608,3045.0,23.0,64.0,0.0354156676149638
20250917,AO2609,3054.0,67.0,67.0,0.0
20250918,AO2510,2909.0,15527.0,22575.0,0.0123690098564986
20250918,AO2511,2912.0,9782.0,42663.0,0.0411381959288182
20250918,AO2512,2922.0,2095.0,6734.0,0.0369041808029725
20250918,AO2601,2931.0,433801.0,306866.0,0.0408719741172312
20250918,AO2602,2941.0,3821.0,26167.0,0.2703089581888251
20250918,AO2603,3008.0,486.0,5759.0,0.0
20250918,AO2604,3008.0,86.0,829.0,0.0596917165167304
20250918,AO2605,3023.0,4103.0,12413.0,0.0079365082258058
20250918,AO2606,3025.0,63.0,257.0,0.0356494733224286
20250918,AO2607,3034.0,101.0,428.0,0.0276543332266439
20250918,AO2608,3041.0,12.0,61.0,0.1334219107590443
20250918,AO2609,3075.0,12.0,65.0,0.0
20250919,AO2510,2928.0,10620.0,23189.0,0.0163822551040798
20250919,AO2511,2932.0,5796.0,42852.0,0.0286152409485016
20250919,AO2512,2939.0,1547.0,6778.0,0.0570265839000638
20250919,AO2601,2953.0,316616.0,306417.0,0.0405679899557112
20250919,AO2602,2963.0,2429.0,26075.0,0.2524721612968327
20250919,AO2603,3026.0,470.0,5738.0,0.0593375199487615
20250919,AO2604,3041.0,138.0,827.0,0.0
20250919,AO2605,3041.0,2936.0,12717.0,0.0078895466352777
20250919,AO2606,3043.0,44.0,247.0,0.0157635490648548
20250919,AO2607,3047.0,75.0,411.0,0.070680832615232
20250919,AO2608,3065.0,10.0,60.0,0.0546875946502621
20250919,AO2609,3079.0,33.0,76.0,0.0
20251027,AO2511,2789.0,18358.0,13754.0,0.0731444962352103
20251027,AO2512,2806.0,4484.0,13400.0,0.0011051759071652
20251027,AO2601,2829.0,278561.0,372484.0,0.1060445387062554
20251027,AO2602,2854.0,3961.0,38411.0,0.294323756131746
20251027,AO2603,2924.0,2544.0,26479.0,0.0451436388508899
20251027,AO2604,2935.0,2027.0,2503.0,0.0408858603066439
20251027,AO2605,2945.0,4239.0,20396.0,0.024448217317488
20251027,AO2606,2951.0,62.0,350.0,0.0447305997966802
20251027,AO2607,2962.0,153.0,612.0,0.0769750168804863
20251027,AO2608,2981.0,87.0,137.0,0.1127138544112718
20251027,AO2609,3009.0,176.0,423.0,0.0558325024925219
20251027,AO2610,3023.0,17.0,23.0,0.0
20251028,AO2511,2775.0,9679.0,8790.0,0.0908108108108098
20251028,AO2512,2796.0,8614.0,15602.0,0.0010126826445484
20251028,AO2601,2817.0,314332.0,389764.0,0.1064962726304585
20251028,AO2602,2842.0,5120.0,38510.0,0.2786769880365938
20251028,AO2603,2908.0,2587.0,27034.0,0.0825309491059149
20251028,AO2604,2928.0,1911.0,3494.0,0.0368852459016402
20251028,AO2605,2937.0,5490.0,21106.0,0.0326864147088876
20251028,AO2606,2945.0,63.0,359.0,0.0774193548387085
20251028,AO2607,2964.0,156.0,623.0,0.0728744939271255
20251028,AO2608,2982.0,55.0,138.0,0.0885311871227365
20251028,AO2609,3004.0,173.0,410.0,0.0599201065246326
20251028,AO2610,3019.0,20.0,22.0,0.0
20251029,AO2511,2824.0,6380.0,6623.0,0.0892351274787532
20251029,AO2512,2845.0,11233.0,15958.0,0.0016113425880215
20251029,AO2601,2879.0,339807.0,377474.0,0.0875303924973938
20251029,AO2602,2900.0,6590.0,39116.0,0.2731034482758607
20251029,AO2603,2966.0,3242.0,27698.0,0.0445043830074167
20251029,AO2604,2977.0,1917.0,4661.0,0.060463553913336
20251029,AO2605,2992.0,5509.0,21543.0,0.0641711229946526
20251029,AO2606,3008.0,138.0,428.0,0.0279255319148932
20251029,AO2607,3015.0,151.0,639.0,0.0557213930348261
20251029,AO2608,3029.0,83.0,134.0,0.0673489600528238
20251029,AO2609,3046.0,183.0,433.0,0.098489822718319
20251029,AO2610,3071.0,23.0,29.0,0.0
20251030,AO2511,2771.0,2086.0,6008.0,0.086611331649224
20251030,AO2512,2791.0,13849.0,15705.0,0.0012077343306534
20251030,AO2601,2816.0,436078.0,392755.0,0.140625
20251030,AO2602,2849.0,7283.0,40070.0,0.2779922779922774
20251030,AO2603,2915.0,4733.0,28724.0,0.0864493996569475
20251030,AO2604,2936.0,2866.0,6288.0,0.0490463215258856
20251030,AO2605,2948.0,9148.0,23351.0,0.0773405698778839
20251030,AO2606,2967.0,234.0,514.0,0.0444893832153683
20251030,AO2607,2978.0,169.0,654.0,0.0805910006715926
20251030,AO2608,2998.0,85.0,115.0,0.0560373582388269
20251030,AO2609,3012.0,198.0,442.0,0.1075697211155377
20251030,AO2610,3039.0,20.0,38.0,0.0
20251031,AO2511,2788.0,3284.0,4399.0,-0.0645624103299855
20251031,AO2512,2773.0,8389.0,15457.0,0.000972459146586
20251031,AO2601,2793.0,296714.0,402034.0,0.1417830290010728
20251031,AO2602,2826.0,4446.0,40293.0,0.2845010615711256
20251031,AO2603,2893.0,3494.0,28774.0,0.0829588662288269
20251031,AO2604,2913.0,3103.0,8224.0,0.0535530381050453
20251031,AO2605,2926.0,7871.0,24246.0,0.0451127819548862
20251031,AO2606,2937.0,248.0,625.0,0.0858018386108261
20251031,AO2607,2958.0,82.0,666.0,0.0486815415821491
20251031,AO2608,2970.0,38.0,115.0,0.0808080808080804
20251031,AO2609,2990.0,184.0,484.0,0.1565217391304338
20251031,AO2610,3029.0,12.0,37.0,0.0
20251103,AO2511,2751.0,1009.0,3540.0,0.0916030534351133
20251103,AO2512,2772.0,7062.0,15151.0,0.0008268884673379
20251103,AO2601,2789.0,266130.0,409464.0,0.1118680530656144
20251103,AO2602,2815.0,4803.0,40522.0,0.3282415630550614
20251103,AO2603,2892.0,3145.0,29264.0,0.0746887966804976
20251103,AO2604,2910.0,2409.0,9420.0,0.0618556701030925
20251103,AO2605,2925.0,8133.0,25024.0,0.045128205128206
20251103,AO2606,2936.0,128.0,667.0,0.061307901907357
20251103,AO2607,2951.0,124.0,688.0,0.0935276177566919
20251103,AO2608,2974.0,63.0,113.0,0.056489576328178
20251103,AO2609,2988.0,258.0,545.0,0.0682730923694787
20251103,AO2610,3005.0,66.0,82.0,0.0
20251104,AO2511,2738.0,615.0,3195.0,0.0525931336742155
20251104,AO2512,2750.0,5241.0,15097.0,0.0009805924412666
20251104,AO2601,2770.0,193593.0,420282.0,0.1299638989169667
20251104,AO2602,2800.0,6152.0,42265.0,0.3342857142857136
20251104,AO2603,2878.0,3378.0,29908.0,0.0667129951355116
20251104,AO2604,2894.0,3017.0,11105.0,0.0746371803731866
20251104,AO2605,2912.0,5646.0,26140.0,0.0576923076923074
20251104,AO2606,2926.0,135.0,743.0,0.0451127819548862
20251104,AO2607,2937.0,97.0,723.0,0.0858018386108261
20251104,AO2608,2958.0,44.0,130.0,0.0405679513184589
20251104,AO2609,2968.0,117.0,591.0,0.0525606469002699
20251104,AO2610,2981.0,27.0,87.0,0.0
20251105,AO2511,2731.0,240.0,3120.0,0.0834859025997802
20251105,AO2512,2750.0,4628.0,14712.0,0.0010786516853932
20251105,AO2601,2772.0,216397.0,421899.0,0.1558441558441545
20251105,AO2602,2808.0,8694.0,43183.0,0.3247863247863254
20251105,AO2603,2884.0,3350.0,30079.0,0.0665742024965325
20251105,AO2604,2900.0,2171.0,12293.0,0.0703448275862079
20251105,AO2605,2917.0,7581.0,26566.0,0.0534796023311621
20251105,AO2606,2930.0,267.0,740.0,0.0286689419795234
20251105,AO2607,2937.0,422.0,981.0,0.0858018386108261
20251105,AO2608,2958.0,62.0,109.0,0.044624746450304
20251105,AO2609,2969.0,176.0,584.0,0.0808352980801618
20251105,AO2610,2989.0,30.0,92.0,0.0
20251106,AO2511,2747.0,105.0,3090.0,0.0524208227156899
20251106,AO2512,2759.0,3376.0,14715.0,0.0013683511775557
20251106,AO2601,2787.0,204250.0,423108.0,0.129171151776104
20251106,AO2602,2817.0,7007.0,44251.0,0.319488817891373
20251106,AO2603,2892.0,2774.0,30676.0,0.0746887966804976
20251106,AO2604,2910.0,1545.0,12983.0,0.0783505154639172
20251106,AO2605,2929.0,5660.0,27035.0,0.0491635370433591
20251106,AO2606,2941.0,92.0,763.0,0.0408024481468887
20251106,AO2607,2951.0,79.0,1001.0,0.0365977634700094
20251106,AO2608,2960.0,69.0,130.0,0.0932432432432426
20251106,AO2609,2983.0,197.0,624.0,0.0201139792155542
20251106,AO2610,2988.0,41.0,118.0,0.0
20251107,AO2511,2735.0,165.0,2985.0,0.087751371115174
20251107,AO2512,2755.0,2539.0,14680.0,0.001370337894329
20251107,AO2601,2783.0,177560.0,419574.0,0.1293568091987076
20251107,AO2602,2813.0,3212.0,44589.0,0.3242090295058659
20251107,AO2603,2889.0,1607.0,30856.0,0.0913811007268954
20251107,AO2604,2911.0,1124.0,13412.0,0.0577121264170381
20251107,AO2605,2925.0,3419.0,27184.0,0.0492307692307685
20251107,AO2606,2937.0,49.0,762.0,0.0286006128702753
20251107,AO2607,2944.0,38.0,993.0,0.0448369565217392
20251107,AO2608,2955.0,15.0,129.0,0.0812182741116762
20251107,AO2609,2975.0,108.0,584.0,0.0403361344537813
20251107,AO2610,2985.0,7.0,119.0,0.0
20251110,AO2511,2779.0,345.0,2925.0,0.0949982007916512
20251110,AO2512,2801.0,9161.0,14021.0,0.0013478332377281
20251110,AO2601,2829.0,497030.0,407979.0,0.1018027571580066
20251110,AO2602,2853.0,14387.0,44599.0,0.2902208201892753
20251110,AO2603,2922.0,6326.0,31995.0,0.0533880903490766
20251110,AO2604,2935.0,2833.0,14652.0,0.0817717206132879
20251110,AO2605,2955.0,18129.0,28895.0,0.0243654822335015
20251110,AO2606,2961.0,138.0,766.0,0.0729483282674765
20251110,AO2607,2979.0,141.0,1014.0,0.0402819738167181
20251110,AO2608,2989.0,85.0,144.0,0.0843091334894614
20251110,AO2609,3010.0,352.0,648.0,0.0637873754152833
20251110,AO2610,3026.0,90.0,130.0,0.0
20251111,AO2511,2765.0,30.0,2955.0,0.0911392405063296
20251111,AO2512,2786.0,4106.0,13574.0,0.0014518822039571
20251111,AO2601,2816.0,221905.0,405788.0,0.1150568181818174
20251111,AO2602,2843.0,6332.0,45447.0,0.3123461132606389
20251111,AO2603,2917.0,2919.0,32891.0,0.0822763112787097
20251111,AO2604,2937.0,1720.0,15035.0,0.0735444330949945
20251111,AO2605,2955.0,9608.0,30582.0,0.0690355329949241
20251111,AO2606,2972.0,84.0,795.0,0.0363391655450877
20251111,AO2607,2981.0,92.0,1044.0,0.0644079168064406
20251111,AO2608,2997.0,49.0,158.0,0.0680680680680678
20251111,AO2609,3014.0,117.0,647.0,0.0597213005972134
20251111,AO2610,3029.0,31.0,129.0,0.0
20251112,AO2511,2775.0,90.0,2895.0,0.0518918918918913
20251112,AO2512,2787.0,4559.0,13298.0,0.0016448760900327
20251112,AO2601,2821.0,267963.0,412758.0,0.1318681318681314
20251112,AO2602,2852.0,8198.0,44856.0,0.3239831697054702
20251112,AO2603,2929.0,4384.0,33843.0,0.065551382724478
20251112,AO2604,2945.0,2526.0,16162.0,0.0611205432937174
20251112,AO2605,2960.0,10003.0,32583.0,0.0445945945945958
20251112,AO2606,2971.0,115.0,799.0,0.0525075732076745
20251112,AO2607,2984.0,72.0,1042.0,0.0522788203753341
20251112,AO2608,2997.0,32.0,163.0,0.0840840840840835
20251112,AO2609,3018.0,179.0,645.0,0.0556660039761425
20251112,AO2610,3032.0,41.0,141.0,0.0
20251113,AO2511,2786.0,330.0,2850.0,0.0904522613065337
20251113,AO2512,2807.0,5656.0,12443.0,0.0015851222665647
20251113,AO2601,2840.0,299017.0,407444.0,0.1140845070422527
20251113,AO2602,2867.0,6668.0,44530.0,0.3055458667596786
20251113,AO2603,2940.0,4085.0,34080.0,0.0571428571428569
20251113,AO2604,2954.0,1583.0,16749.0,0.0609343263371693
20251113,AO2605,2969.0,12825.0,34110.0,0.0525429437521038
20251113,AO2606,2982.0,60.0,794.0,0.0523138832997993
20251113,AO2607,2995.0,76.0,1042.0,0.0280467445742909
20251113,AO2608,3002.0,49.0,162.0,0.1039307128580953
20251113,AO2609,3028.0,195.0,611.0,-0.011889035667107
20251113,AO2610,3025.0,45.0,149.0,0.0
20251114,AO2511,2790.0,15.0,2850.0,0.0215053763440868
20251114,AO2512,2795.0,5897.0,12058.0,0.0013024863821832
20251114,AO2601,2822.0,336945.0,421339.0,0.1275690999291292
20251114,AO2602,2852.0,5733.0,45217.0,0.3239831697054702
20251114,AO2603,2929.0,3942.0,34760.0,0.0737453055650387
20251114,AO2604,2947.0,1782.0,17258.0,0.0692229385816078
20251114,AO2605,2964.0,14649.0,35639.0,0.0364372469635627
20251114,AO2606,2973.0,65.0,785.0,0.0282542885973757
20251114,AO2607,2980.0,116.0,1041.0,0.0885906040268453
20251114,AO2608,3002.0,49.0,161.0,0.0719520319786797
20251114,AO2609,3020.0,168.0,620.0,0.0437086092715235
20251114,AO2610,3031.0,27.0,154.0,0.0
20251117,AO2511,2735.0,15.0,2865.0,0.23692870201096916
20251117,AO2512,2789.0,10677.0,11733.0,0.001353632448503543
20251117,AO2601,2817.0,505612.0,390494.0,0.10649627263045858
20251117,AO2602,2842.0,11913.0,46306.0,0.3420126671358199
20251117,AO2603,2923.0,4997.0,34909.0,0.0738966814916191
20251117,AO2604,2941.0,2307.0,17652.0,0.05304318259095453
20251117,AO2605,2954.0,19265.0,35549.0,0.06499661475964746
20251117,AO2606,2970.0,70.0,774.0,0.03232323232323164
20251117,AO2607,2978.0,134.0,1029.0,0.05641370047011485
20251117,AO2608,2992.0,58.0,170.0,0.056149732620320414
20251117,AO2609,3006.0,357.0,608.0,0.023952095808383866
20251117,AO2610,3012.0,36.0,148.0,0.0
20251118,AO2512,2750.0,4606.0,12009.0,0.0014708886618999073
20251118,AO2601,2780.0,264359.0,405010.0,0.133812949640288
20251118,AO2602,2811.0,7668.0,47898.0,0.3329775880469592
20251118,AO2603,2889.0,3500.0,34986.0,0.07892004153686472
20251118,AO2604,2908.0,829.0,17900.0,0.045392022008251764
20251118,AO2605,2919.0,12493.0,36802.0,0.06988694758478964
20251118,AO2606,2936.0,66.0,775.0,0.04087193460490557
20251118,AO2607,2946.0,93.0,1025.0,0.07739307535641426
20251118,AO2608,2965.0,18.0,177.0,0.040472175379425934
20251118,AO2609,2975.0,127.0,622.0,0.052436974789914714
20251118,AO2610,2988.0,25.0,147.0,0.060240963855422436
20251118,AO2611,3003.0,19.0,13.0,0.0
20251119,AO2512,2713.0,5036.0,11974.0,0.001341853829046174
20251119,AO2601,2740.0,302092.0,426124.0,0.1620437956204377
20251119,AO2602,2777.0,11616.0,48349.0,0.31112711559236583
20251119,AO2603,2849.0,6264.0,36005.0,0.0800280800280806
20251119,AO2604,2868.0,1617.0,18591.0,0.05439330543933085
20251119,AO2605,2881.0,21129.0,39302.0,0.07497396737244078
20251119,AO2606,2899.0,117.0,759.0,0.03725422559503144
20251119,AO2607,2908.0,158.0,1031.0,0.0660247592847325
20251119,AO2608,2924.0,23.0,183.0,0.06976744186046524
20251119,AO2609,2941.0,255.0,630.0,0.040802448146888715
20251119,AO2610,2951.0,38.0,137.0,0.036597763470009426
20251119,AO2611,2960.0,35.0,17.0,0.0
20251120,AO2512,2705.0,4688.0,12075.0,0.0013458223431431708
20251120,AO2601,2732.0,266933.0,411305.0,0.14055636896046853
20251120,AO2602,2764.0,10802.0,50712.0,0.31693198263386435
20251120,AO2603,2837.0,6526.0,37427.0,0.05921748325696097
20251120,AO2604,2851.0,1686.0,19336.0,0.04629954401964209
20251120,AO2605,2862.0,22284.0,40207.0,0.04192872117400448
20251120,AO2606,2872.0,76.0,753.0,0.058495821727018615
20251120,AO2607,2886.0,206.0,1049.0,0.07900207900207779
20251120,AO2608,2905.0,42.0,190.0,0.045438898450947285
20251120,AO2609,2916.0,198.0,650.0,0.03292181069958744
20251120,AO2610,2924.0,56.0,142.0,0.04924760601915068
20251120,AO2611,2936.0,3.0,19.0,0.0
20251121,AO2512,2694.0,5109.0,12610.0,0.0009509271539751189
20251121,AO2601,2713.0,218768.0,407203.0,0.11942499078510949
20251121,AO2602,2740.0,11793.0,52557.0,0.3503649635036492
20251121,AO2603,2820.0,5629.0,37582.0,0.07659574468085051
20251121,AO2604,2838.0,1311.0,19896.0,0.05073995771670248
20251121,AO2605,2850.0,15870.0,40489.0,0.06736842105263285
20251121,AO2606,2866.0,41.0,746.0,0.05861828332170216
20251121,AO2607,2880.0,69.0,1025.0,0.08333333333333304
20251121,AO2608,2900.0,10.0,189.0,0.07448275862068954
20251121,AO2609,2918.0,81.0,665.0,0.08224811514735997
20251121,AO2610,2938.0,14.0,141.0,0.028590878148401444
20251121,AO2611,2945.0,8.0,20.0,0.0
20251124,AO2512,2702.0,12580.0,9922.0,0.0016966208967140377
20251124,AO2601,2736.0,252047.0,388713.0,0.11403508771929882
20251124,AO2602,2762.0,14527.0,55824.0,0.32585083272990545
20251124,AO2603,2837.0,6480.0,37989.0,0.08036658442016265
20251124,AO2604,2856.0,1635.0,20202.0,0.06302521008403339
20251124,AO2605,2871.0,19199.0,41672.0,0.03761755485893303
20251124,AO2606,2880.0,263.0,626.0,0.07083333333333375
20251124,AO2607,2897.0,409.0,859.0,0.07870210562650914
20251124,AO2608,2916.0,69.0,205.0,0.0781893004115215
20251124,AO2609,2935.0,210.0,689.0,0.06541737649062984
20251124,AO2610,2951.0,20.0,135.0,0.028464927143341257
20251124,AO2611,2958.0,130.0,64.0,0.0
20251125,AO2512,2692.0,3586.0,8044.0,0.0017530093326877745
20251125,AO2601,2727.0,165823.0,390129.0,0.12321232123212233
20251125,AO2602,2755.0,12116.0,60519.0,0.33103448275862135
20251125,AO2603,2831.0,4217.0,39221.0,0.05510420346167333
20251125,AO2604,2844.0,1106.0,20501.0,0.06329113924050755
20251125,AO2605,2859.0,19685.0,48904.0,0.05876180482686255
20251125,AO2606,2873.0,164.0,568.0,0.04594500522102418
20251125,AO2607,2884.0,186.0,791.0,0.0832177531206657
20251125,AO2608,2904.0,57.0,217.0,0.10330578512396649
20251125,AO2609,2929.0,98.0,716.0,0.06145442130419898
20251125,AO2610,2944.0,8.0,136.0,0.048913043478260754
20251125,AO2611,2956.0,10.0,60.0,0.0
20251126,AO2512,2669.0,4257.0,5564.0,0.0025763973377227506
20251126,AO2601,2720.0,190375.0,377215.0,0.10147058823529509
20251126,AO2602,2743.0,25128.0,74742.0,0.33685745534086653
20251126,AO2603,2820.0,7004.0,40851.0,0.08085106382978768
20251126,AO2604,2839.0,1335.0,20993.0,0.050722085241282855
20251126,AO2605,2851.0,22331.0,56055.0,0.07997193967029137
20251126,AO2606,2870.0,257.0,562.0,0.0752613240418123
20251126,AO2607,2888.0,191.0,841.0,0.0747922437673143
20251126,AO2608,2906.0,64.0,217.0,0.07432897453544474
20251126,AO2609,2924.0,481.0,982.0,0.061559507523941015
20251126,AO2610,2939.0,7.0,140.0,0.1061585573324253
20251126,AO2611,2965.0,82.0,88.0,0.0
20251127,AO2512,2679.0,1809.0,4677.0,0.0022648061703385816
20251127,AO2601,2724.0,218818.0,355202.0,0.05286343612334843
20251127,AO2602,2736.0,40233.0,97061.0,0.36842105263157876
20251127,AO2603,2820.0,7183.0,41608.0,0.06808510638297882
20251127,AO2604,2836.0,2037.0,22040.0,0.0465444287729202
20251127,AO2605,2847.0,22958.0,61451.0,0.05900948366701719
20251127,AO2606,2861.0,85.0,551.0,0.03774903879762448
20251127,AO2607,2870.0,166.0,827.0,0.09198606271777088
20251127,AO2608,2892.0,81.0,218.0,0.08298755186721962
20251127,AO2609,2912.0,385.0,1074.0,0.061813186813187926
20251127,AO2610,2927.0,9.0,134.0,0.07789545609839443
20251127,AO2611,2946.0,66.0,69.0,0.0
20251128,AO2512,2673.0,3190.0,2951.0,0.0017150279322563889
20251128,AO2601,2707.0,186853.0,360240.0,0.1108237901736242
20251128,AO2602,2732.0,33601.0,112658.0,0.3821376281112734
20251128,AO2603,2819.0,9809.0,43136.0,0.05959560127704755
20251128,AO2604,2833.0,1450.0,22463.0,0.046593716907872285
20251128,AO2605,2844.0,13579.0,63602.0,0.07172995780590607
20251128,AO2606,2861.0,63.0,555.0,0.05872072701852371
20251128,AO2607,2875.0,178.0,838.0,0.09182608695652217
20251128,AO2608,2897.0,83.0,258.0,0.05799102519848098
20251128,AO2609,2911.0,524.0,1386.0,0.06595671590518837
20251128,AO2610,2927.0,7.0,140.0,0.07379569525111052
20251128,AO2611,2945.0,11.0,65.0,0.0
20251201,AO2512,2622.0,686.0,2760.0,0.002828272439770651
20251201,AO2601,2677.0,242094.0,359920.0,0.1389615240941353
20251201,AO2602,2708.0,42129.0,124373.0,0.4165435745937973
20251201,AO2603,2802.0,7084.0,43848.0,0.07708779443254876
20251201,AO2604,2820.0,1143.0,22762.0,0.06382978723404165
20251201,AO2605,2835.0,25129.0,66964.0,0.12275132275132261
20251201,AO2606,2864.0,331.0,651.0,0.11731843575419099
20251201,AO2607,2892.0,454.0,906.0,0.07468879668049766
20251201,AO2608,2910.0,179.0,309.0,0.07422680412371108
20251201,AO2609,2928.0,2777.0,3324.0,-0.04098360655737743
20251201,AO2610,2918.0,119.0,180.0,0.17272104180945913
20251201,AO2611,2960.0,149.0,115.0,0.0
20251202,AO2512,2611.0,195.0,2565.0,0.003046746909144129
20251202,AO2601,2670.0,177845.0,358708.0,0.11685393258426835
20251202,AO2602,2696.0,26448.0,129877.0,0.4540059347181016
20251202,AO2603,2798.0,9447.0,45331.0,0.09006433166547545
20251202,AO2604,2819.0,1519.0,23229.0,0.07236608726498783
20251202,AO2605,2836.0,19777.0,71093.0,0.06770098730606477
20251202,AO2606,2852.0,109.0,657.0,0.17251051893408142
20251202,AO2607,2893.0,244.0,967.0,0.04562737642585457
20251202,AO2608,2904.0,49.0,316.0,0.09090909090909083
20251202,AO2609,2926.0,920.0,3913.0,0.06971975393027918
20251202,AO2610,2943.0,20.0,187.0,0.08562691131498568
20251202,AO2611,2964.0,62.0,141.0,0.0
20251203,AO2512,2585.0,270.0,2415.0,0.00266011779279769
20251203,AO2601,2636.0,204508.0,344387.0,0.13201820940819342
20251203,AO2602,2665.0,48621.0,145691.0,0.5268292682926834
20251203,AO2603,2782.0,14544.0,48377.0,0.0992092020129407
20251203,AO2604,2805.0,1958.0,23664.0,0.0684491978609616
20251203,AO2605,2821.0,28669.0,76002.0,0.08507621410847221
20251203,AO2606,2841.0,159.0,693.0,0.14783526927138446
20251203,AO2607,2876.0,243.0,1000.0,0.0625869262865093
20251203,AO2608,2891.0,88.0,315.0,0.11622276029055811
20251203,AO2609,2919.0,1969.0,5395.0,0.06577595066803621
20251203,AO2610,2935.0,74.0,191.0,0.11039182282793902
20251203,AO2611,2962.0,84.0,159.0,0.0
20251204,AO2512,2567.0,180.0,2295.0,0.0025211959923488853
20251204,AO2601,2615.0,184384.0,329329.0,0.09177820267686343
20251204,AO2602,2635.0,42930.0,153974.0,0.5100569259962047
20251204,AO2603,2747.0,17954.0,50247.0,0.09173643975245671
20251204,AO2604,2768.0,2601.0,24479.0,0.06936416184971161
20251204,AO2605,2784.0,38491.0,82375.0,0.0862068965517242
20251204,AO2606,2804.0,151.0,715.0,0.11982881597717654
20251204,AO2607,2832.0,167.0,1021.0,0.11016949152542388
20251204,AO2608,2858.0,55.0,322.0,0.09237228831350563
20251204,AO2609,2880.0,2413.0,6660.0,0.10833333333333428
20251204,AO2610,2906.0,325.0,225.0,0.0991052993805921
20251204,AO2611,2930.0,235.0,191.0,0.0
20251205,AO2512,2540.0,360.0,2370.0,0.0007962487835088015
20251205,AO2601,2555.0,268164.0,327290.0,0.13150684931506795
20251205,AO2602,2583.0,62435.0,165763.0,0.543554006968642
20251205,AO2603,2700.0,14689.0,53831.0,0.08444444444444343
20251205,AO2604,2719.0,1559.0,24604.0,0.07061419639573252
20251205,AO2605,2735.0,38519.0,89771.0,0.09213893967093156
20251205,AO2606,2756.0,309.0,830.0,0.13933236574745944
20251205,AO2607,2788.0,84.0,1036.0,0.09038737446198031
20251205,AO2608,2809.0,35.0,325.0,0.10252758988963961
20251205,AO2609,2833.0,1033.0,7033.0,0.13554535827744374
20251205,AO2610,2865.0,84.0,226.0,0.10471204188481575
20251205,AO2611,2890.0,75.0,195.0,0.0
20251208,AO2512,2547.0,165.0,2025.0,0.002011619750929707
20251208,AO2601,2585.0,265037.0,292245.0,0.11605415860735135
20251208,AO2602,2610.0,58697.0,163265.0,0.48735632183908084
20251208,AO2603,2716.0,10655.0,51868.0,0.08394698085419705
20251208,AO2604,2735.0,1425.0,24817.0,0.0438756855575857
20251208,AO2605,2745.0,39509.0,97129.0,0.08743169398907025
20251208,AO2606,2765.0,128.0,850.0,0.1215189873417728
20251208,AO2607,2793.0,68.0,1032.0,0.09881847475832561
20251208,AO2608,2816.0,43.0,328.0,0.10653409090908994
20251208,AO2609,2841.0,621.0,7128.0,0.1267159450897566
20251208,AO2610,2871.0,69.0,243.0,0.11703239289446188
20251208,AO2611,2899.0,56.0,213.0,0.0
20251209,AO2512,2530.0,45.0,2040.0,0.0008526890793622546
20251209,AO2601,2546.0,214102.0,282080.0,0.0989787902592294
20251209,AO2602,2567.0,66881.0,172754.0,0.5142189326061555
20251209,AO2603,2677.0,10928.0,52786.0,0.09861785580874205
20251209,AO2604,2699.0,3899.0,26154.0,0.03556872915894882
20251209,AO2605,2707.0,32661.0,100432.0,0.08422608053195546
20251209,AO2606,2726.0,267.0,841.0,0.11445341159207523
20251209,AO2607,2752.0,328.0,1222.0,0.09156976744186096
20251209,AO2608,2773.0,93.0,349.0,0.11251352326000674
20251209,AO2609,2799.0,726.0,7273.0,0.09431939978563886
20251209,AO2610,2821.0,64.0,239.0,0.08933002481389529
20251209,AO2611,2842.0,96.0,221.0,0.0
20251210,AO2512,2460.0,495.0,2160.0,0.000931762126610021
20251210,AO2601,2477.0,283517.0,278854.0,0.1647153815098923
20251210,AO2602,2511.0,83604.0,180008.0,0.5591397849462378
20251210,AO2603,2628.0,15027.0,55097.0,0.11415525114155134
20251210,AO2604,2653.0,3178.0,26868.0,0.04523181304183854
20251210,AO2605,2663.0,66537.0,108844.0,0.0811115283514825
20251210,AO2606,2681.0,425.0,972.0,0.10742260350615496
20251210,AO2607,2705.0,878.0,1827.0,0.14639556377079455
20251210,AO2608,2738.0,115.0,396.0,0.06135865595325107
20251210,AO2609,2752.0,2327.0,7534.0,0.15261627906976738
20251210,AO2610,2787.0,69.0,237.0,0.06458557588805203
20251210,AO2611,2802.0,84.0,238.0,0.0
20251211,AO2512,2450.0,15.0,2145.0,0.0010456317358404162
20251211,AO2601,2469.0,242299.0,257111.0,0.1846901579586877
20251211,AO2602,2507.0,77904.0,182773.0,0.512165935380934
20251211,AO2603,2614.0,13602.0,53647.0,0.09181331293037598
20251211,AO2604,2634.0,4126.0,27790.0,0.04100227790432864
20251211,AO2605,2643.0,53819.0,114919.0,0.09080590238365449
20251211,AO2606,2663.0,289.0,1027.0,0.07660533233195554
20251211,AO2607,2680.0,1150.0,2827.0,0.1298507462686569
20251211,AO2608,2709.0,115.0,414.0,0.11074197120708629
20251211,AO2609,2734.0,2424.0,7704.0,0.043891733723483206
20251211,AO2610,2744.0,159.0,214.0,0.074344023323615
20251211,AO2611,2761.0,101.0,232.0,0.0
20251212,AO2512,2446.0,15.0,2145.0,0.00132295791340137
20251212,AO2601,2470.0,275022.0,241567.0,0.2283400809716598
20251212,AO2602,2517.0,81695.0,181373.0,0.514898688915375
20251212,AO2603,2625.0,12065.0,53666.0,0.09600000000000009
20251212,AO2604,2646.0,3389.0,28232.0,0.049886621315193835
20251212,AO2605,2657.0,65453.0,118092.0,0.09032743695897683
20251212,AO2606,2677.0,184.0,1079.0,0.07172207695181143
20251212,AO2607,2693.0,1076.0,2896.0,0.08020794652803609
20251212,AO2608,2711.0,136.0,418.0,0.11951309479896732
20251212,AO2609,2738.0,2469.0,8212.0,0.056975894813732
20251212,AO2610,2751.0,46.0,219.0,0.0523446019629219
20251212,AO2611,2763.0,98.0,259.0,0.0
20251215,AO2512,2550.0,30.0,2130.0,-0.0006873760740251192
20251215,AO2601,2537.0,599438.0,205975.0,0.13243988963342446
20251215,AO2602,2565.0,199005.0,180874.0,0.48187134502924067
20251215,AO2603,2668.0,24605.0,54330.0,0.08995502248875464
20251215,AO2604,2688.0,4744.0,28520.0,0.04464285714285765
20251215,AO2605,2698.0,188241.0,127091.0,0.08450704225352101
20251215,AO2606,2717.0,484.0,1060.0,0.06624953993374927
20251215,AO2607,2732.0,552.0,2846.0,0.017569546120057566
20251215,AO2608,2736.0,63.0,405.0,0.14912280701754277
20251215,AO2609,2770.0,3879.0,8530.0,0.09530685920577486
20251215,AO2610,2792.0,304.0,265.0,0.09455587392550058
20251215,AO2611,2814.0,264.0,286.0,0.0
20251216,AO2601,2541.0,283896.0,190885.0,0.11806375442739103
20251216,AO2602,2566.0,113811.0,183824.0,0.4816835541699138
20251216,AO2603,2669.0,17477.0,55286.0,0.07643312101910826
20251216,AO2604,2686.0,5222.0,30228.0,0.040208488458674196
20251216,AO2605,2695.0,109989.0,132358.0,0.053432282003710974
20251216,AO2606,2707.0,130.0,1030.0,0.1063908385666803
20251216,AO2607,2731.0,164.0,2804.0,0.07469791285243499
20251216,AO2608,2748.0,73.0,416.0,0.10043668122270688
20251216,AO2609,2771.0,1890.0,8759.0,0.09960303139660809
20251216,AO2610,2794.0,117.0,244.0,0.02147458840372174
20251216,AO2611,2799.0,77.0,292.0,0.08145766345123295
20251216,AO2612,2818.0,42.0,33.0,0.0
20251217,AO2601,2558.0,193013.0,180426.0,0.07974980453479219
20251217,AO2602,2575.0,80502.0,187695.0,0.47067961165048544
20251217,AO2603,2676.0,13064.0,54209.0,0.08520179372197223
20251217,AO2604,2695.0,1768.0,30705.0,0.040074211502783896
20251217,AO2605,2704.0,80597.0,135454.0,0.09763313609467339
20251217,AO2606,2726.0,151.0,1017.0,0.08363903154805641
20251217,AO2607,2745.0,515.0,3066.0,0.10054644808743252
20251217,AO2608,2768.0,80.0,433.0,0.10404624277456609
20251217,AO2609,2792.0,2273.0,9595.0,0.034383954154727725
20251217,AO2610,2800.0,67.0,242.0,0.05142857142857071
20251217,AO2611,2812.0,64.0,278.0,0.06827880512091067
20251217,AO2612,2828.0,11.0,27.0,0.0
20251218,AO2601,2553.0,259578.0,170112.0,0.07520564042303235
20251218,AO2602,2569.0,133509.0,210409.0,0.523160762942779
20251218,AO2603,2681.0,18282.0,57577.0,0.06713912719134552
20251218,AO2604,2696.0,3511.0,31288.0,0.05786350148367969
20251218,AO2605,2709.0,133900.0,147397.0,0.084163898117386
20251218,AO2606,2728.0,266.0,1029.0,0.10557184750733128
20251218,AO2607,2752.0,842.0,3521.0,0.10465116279069786
20251218,AO2608,2776.0,53.0,433.0,0.09077809798271019
20251218,AO2609,2797.0,3107.0,10340.0,0.0858062209510182
20251218,AO2610,2817.0,81.0,259.0,0.05537806176783899
20251218,AO2611,2830.0,74.0,271.0,0.046643109540634775
20251218,AO2612,2841.0,32.0,34.0,0.0
20251219,AO2601,2500.0,198046.0,162354.0,0.07679999999999954
20251219,AO2602,2516.0,121368.0,218836.0,0.5294117647058831
20251219,AO2603,2627.0,11233.0,57701.0,0.08222306813856228
20251219,AO2604,2645.0,2486.0,31580.0,0.036294896030244495
20251219,AO2605,2653.0,113773.0,163779.0,0.11760271390878341
20251219,AO2606,2679.0,233.0,1126.0,0.05375139977603549
20251219,AO2607,2691.0,407.0,3832.0,0.12040133779264206
20251219,AO2608,2718.0,42.0,450.0,0.12362030905077148
20251219,AO2609,2746.0,2898.0,11445.0,0.07865986890021937
20251219,AO2610,2764.0,110.0,243.0,0.03907380607814748
20251219,AO2611,2773.0,87.0,273.0,0.06923909123692784
20251219,AO2612,2789.0,47.0,27.0,0.0
20251222,AO2601,2498.0,170083.0,151207.0,0.048038430744594685
20251222,AO2602,2508.0,122453.0,221195.0,0.4832535885167468
20251222,AO2603,2609.0,11814.0,57712.0,0.09658873131468049
20251222,AO2604,2630.0,2804.0,31544.0,0.031939163498099
20251222,AO2605,2637.0,131780.0,179609.0,0.10466439135381211
20251222,AO2606,2660.0,263.0,1191.0,0.06766917293233199
20251222,AO2607,2675.0,377.0,3897.0,0.10766355140187045
20251222,AO2608,2699.0,132.0,440.0,0.08447573175249978
20251222,AO2609,2718.0,4495.0,12943.0,0.048565121412804224
20251222,AO2610,2729.0,296.0,412.0,0.09234151703920901
20251222,AO2611,2750.0,163.0,298.0,0.026181818181819416
20251222,AO2612,2756.0,134.0,128.0,0.0
20251223,AO2601,2520.0,168096.0,135956.0,0.04761904761904745
20251223,AO2602,2530.0,146632.0,217386.0,0.4695652173913043
20251223,AO2603,2629.0,20189.0,57164.0,0.08216051730695995
20251223,AO2604,2647.0,3048.0,31353.0,0.018133736305252057
20251223,AO2605,2651.0,162385.0,189057.0,0.03621274990569656
20251223,AO2606,2659.0,208.0,1234.0,0.13990221887927756
20251223,AO2607,2690.0,271.0,3858.0,0.10260223048327077
20251223,AO2608,2713.0,57.0,460.0,0.07961666052340544
20251223,AO2609,2731.0,2675.0,13285.0,0.0571219333577444
20251223,AO2610,2744.0,61.0,436.0,0.10932944606414097
20251223,AO2611,2769.0,62.0,313.0,-0.02600216684723744
20251223,AO2612,2763.0,45.0,150.0,0.0
20251224,AO2601,2554.0,171600.0,110145.0,0.0751761942051683
20251224,AO2602,2570.0,196575.0,197072.0,0.41089494163424245
20251224,AO2603,2658.0,39960.0,57203.0,0.0316027088036126
20251224,AO2604,2665.0,14233.0,33268.0,0.02701688555347115
20251224,AO2605,2671.0,216202.0,199817.0,0.06289779108948057
20251224,AO2606,2685.0,618.0,1237.0,0.0625698324022359
20251224,AO2607,2699.0,853.0,3737.0,0.10226009633197553
20251224,AO2608,2722.0,217.0,507.0,0.07935341660543749
20251224,AO2609,2740.0,8059.0,13984.0,0.0481751824817529
20251224,AO2610,2751.0,133.0,460.0,0.06543075245365237
20251224,AO2611,2766.0,101.0,298.0,0.07375271149674667
20251224,AO2612,2783.0,93.0,162.0,0.0
20251225,AO2601,2557.0,102931.0,89044.0,0.03285099726241736
20251225,AO2602,2564.0,132636.0,175983.0,0.35569422776911086
20251225,AO2603,2640.0,20683.0,55559.0,0.045454545454546746
20251225,AO2604,2650.0,7976.0,32110.0,-0.018113207547169274
20251225,AO2605,2646.0,279750.0,245088.0,0.08616780045351469
20251225,AO2606,2665.0,758.0,1357.0,0.09455909943714769
20251225,AO2607,2686.0,844.0,3622.0,0.06254653760238149
20251225,AO2608,2700.0,126.0,512.0,0.06666666666666643
20251225,AO2609,2715.0,7892.0,15506.0,0.008839779005525905
20251225,AO2610,2717.0,89.0,424.0,0.08833271991166836
20251225,AO2611,2737.0,93.0,296.0,0.035074899525027625
20251225,AO2612,2745.0,54.0,151.0,0.0
20251226,AO2601,2636.0,193629.0,54337.0,0.06373292867981917
20251226,AO2602,2650.0,382357.0,134786.0,0.4981132075471697
20251226,AO2603,2760.0,91546.0,67971.0,0.06956521739130306
20251226,AO2604,2776.0,24678.0,32971.0,0.07348703170028781
20251226,AO2605,2793.0,1234611.0,328616.0,0.10741138560687347
20251226,AO2606,2818.0,4431.0,2563.0,0.06813342796309474
20251226,AO2607,2834.0,3331.0,3866.0,0.15243472124205937
20251226,AO2608,2870.0,416.0,650.0,0.00836236933797796
20251226,AO2609,2872.0,31710.0,18042.0,0.02924791086351064
20251226,AO2610,2879.0,388.0,443.0,0.12087530392497303
20251226,AO2611,2908.0,414.0,438.0,0.012379642365886845
20251226,AO2612,2911.0,215.0,200.0,0.0
20251229,AO2601,2601.0,76761.0,39452.0,0.09227220299884564
20251229,AO2602,2621.0,221371.0,116707.0,0.46699732926364046
20251229,AO2603,2723.0,58949.0,70669.0,0.0837311788468611
20251229,AO2604,2742.0,10084.0,32256.0,0.039387308533916254
20251229,AO2605,2751.0,1308863.0,396675.0,0.10905125408942329
20251229,AO2606,2776.0,4972.0,4832.0,0.0389048991354457
20251229,AO2607,2785.0,2227.0,3943.0,0.060323159784560154
20251229,AO2608,2799.0,381.0,761.0,0.1071811361200421
20251229,AO2609,2824.0,18561.0,21223.0,0.05099150141643083
20251229,AO2610,2836.0,207.0,492.0,0.029619181946404005
20251229,AO2611,2843.0,185.0,428.0,0.09708054871614369
20251229,AO2612,2866.0,188.0,196.0,0.0
20251230,AO2601,2595.0,25521.0,30075.0,0.11098265895953752
20251230,AO2602,2619.0,90244.0,99697.0,0.4627720504009165
20251230,AO2603,2720.0,23030.0,69179.0,0.09705882352941142
20251230,AO2604,2742.0,3230.0,31505.0,0.039387308533916254
20251230,AO2605,2751.0,699429.0,404205.0,0.0872410032715365
20251230,AO2606,2771.0,1716.0,5287.0,0.08228076506676274
20251230,AO2607,2790.0,539.0,3919.0,0.10752688172042912
20251230,AO2608,2815.0,153.0,756.0,0.07246891651864917
20251230,AO2609,2832.0,14300.0,23861.0,0.05508474576271194
20251230,AO2610,2845.0,84.0,470.0,0.06748681898066788
20251230,AO2611,2861.0,119.0,420.0,0.067109402306885
20251230,AO2612,2877.0,102.0,197.0,0.0
20251231,AO2601,2622.0,27411.0,12718.0,0.10068649885583625
20251231,AO2602,2644.0,89543.0,88795.0,0.45839636913766935
20251231,AO2603,2745.0,31245.0,75150.0,0.10928961748633981
20251231,AO2604,2770.0,3606.0,31985.0,0.03465703971119183
20251231,AO2605,2778.0,742567.0,373339.0,0.10367170626349953
20251231,AO2606,2802.0,2915.0,6437.0,0.06423982869379063
20251231,AO2607,2817.0,657.0,3860.0,0.07667731629393071
20251231,AO2608,2835.0,90.0,740.0,0.07195767195767289
20251231,AO2609,2852.0,13024.0,24046.0,0.06732117812061844
20251231,AO2610,2868.0,120.0,465.0,0.02928870292887087
20251231,AO2611,2875.0,100.0,411.0,0.08347826086956633
20251231,AO2612,2895.0,64.0,208.0,0.0
20260105,AO2601,2620.0,4033.0,10245.0,0.05496183206106853
20260105,AO2602,2632.0,51332.0,85421.0,0.46960486322188544
20260105,AO2603,2735.0,20321.0,77221.0,0.09652650822669173
20260105,AO2604,2757.0,2374.0,32011.0,0.05658324265505943
20260105,AO2605,2770.0,518543.0,409991.0,0.08664259927797957
20260105,AO2606,2790.0,2435.0,7345.0,0.06451612903225801
20260105,AO2607,2805.0,369.0,3911.0,0.0983957219251348
20260105,AO2608,2828.0,188.0,713.0,0.09335219236209458
20260105,AO2609,2850.0,9551.0,24861.0,0.08842105263157762
20260105,AO2610,2871.0,124.0,466.0,0.025078369905955356
20260105,AO2611,2877.0,211.0,433.0,0.12095933263816594
20260105,AO2612,2906.0,145.0,228.0,0.0
20260106,AO2601,2650.0,3660.0,7245.0,0.10415094339622666
20260106,AO2602,2673.0,56229.0,79280.0,0.48035914702581284
20260106,AO2603,2780.0,23401.0,81305.0,0.08633093525179802
20260106,AO2604,2800.0,2392.0,32063.0,0.0771428571428574
20260106,AO2605,2818.0,717654.0,429905.0,0.08516678495386909
20260106,AO2606,2838.0,3588.0,8356.0,0.0803382663847767
20260106,AO2607,2857.0,698.0,4116.0,0.046202310115505796
20260106,AO2608,2868.0,269.0,712.0,0.09623430962343171
20260106,AO2609,2891.0,13040.0,26740.0,0.03735731580767787
20260106,AO2610,2900.0,112.0,442.0,0.07034482758620797
20260106,AO2611,2917.0,131.0,447.0,0.11107302022625998
20260106,AO2612,2944.0,249.0,250.0,0.0
20260107,AO2601,2753.0,5310.0,3930.0,0.15256084271703507
20260107,AO2602,2788.0,154031.0,67634.0,0.48206599713056075
20260107,AO2603,2900.0,65426.0,87195.0,0.08275862068965534
20260107,AO2604,2920.0,11776.0,33816.0,0.07397260273972606
20260107,AO2605,2938.0,1854026.0,494082.0,0.07760381211708545
20260107,AO2606,2957.0,12135.0,12565.0,0.07710517416300355
20260107,AO2607,2976.0,3196.0,4122.0,0.08467741935483897
20260107,AO2608,2997.0,1190.0,1104.0,0.06006006006006004
20260107,AO2609,3012.0,34065.0,30200.0,0.0717131474103585
20260107,AO2610,3030.0,623.0,601.0,0.11881188118811892
20260107,AO2611,3060.0,757.0,661.0,0.0470588235294116
20260107,AO2612,3072.0,487.0,382.0,0.0
20260108,AO2601,2633.0,2880.0,3120.0,0.33725788074439755
20260108,AO2602,2707.0,75393.0,63932.0,0.5097894347986713
20260108,AO2603,2822.0,43893.0,87095.0,0.10630758327427348
20260108,AO2604,2847.0,9121.0,33104.0,0.0674394099051625
20260108,AO2605,2863.0,1368469.0,555607.0,0.07125392944463815
20260108,AO2606,2880.0,7434.0,12538.0,0.05833333333333446
20260108,AO2607,2894.0,2796.0,4540.0,0.04561161022805926
20260108,AO2608,2905.0,1841.0,1432.0,0.1487091222030985
20260108,AO2609,2941.0,27005.0,35214.0,0.032641958517511505
20260108,AO2610,2949.0,674.0,726.0,0.10172939979654139
20260108,AO2611,2974.0,406.0,690.0,0.11297915265635616
20260108,AO2612,3002.0,260.0,400.0,0.0
20260109,AO2601,2586.0,255.0,3120.0,0.5058004640371223
20260109,AO2602,2695.0,46388.0,58501.0,0.4719851576994447
20260109,AO2603,2801.0,27080.0,85949.0,0.09425205283827331
20260109,AO2604,2823.0,6115.0,33370.0,0.08501594048884087
20260109,AO2605,2843.0,1036420.0,537662.0,0.08863876187126163
20260109,AO2606,2864.0,4030.0,13738.0,0.08379888268156499
20260109,AO2607,2884.0,1052.0,4544.0,0.09986130374479885
20260109,AO2608,2908.0,387.0,1422.0,0.05364511691884566
20260109,AO2609,2921.0,18019.0,37145.0,0.12324546388223201
20260109,AO2610,2951.0,341.0,737.0,0.10166045408336277
20260109,AO2611,2976.0,286.0,747.0,0.0887096774193541
20260109,AO2612,2998.0,185.0,436.0,0.0
20260112,AO2601,2625.0,435.0,3255.0,0.42057142857142793
20260112,AO2602,2717.0,40463.0,55339.0,0.4637467795362529
20260112,AO2603,2822.0,21219.0,85560.0,0.09780297661233117
20260112,AO2604,2845.0,3710.0,33571.0,0.08857644991212776
20260112,AO2605,2866.0,867018.0,545795.0,0.06280530355896641
20260112,AO2606,2881.0,5249.0,15467.0,0.07913918778202067
20260112,AO2607,2900.0,943.0,4585.0,0.06206896551724217
20260112,AO2608,2915.0,338.0,1399.0,0.0987993138936547
20260112,AO2609,2939.0,15856.0,38017.0,0.08982647158897628
20260112,AO2610,2961.0,503.0,699.0,0.0972644376899705
20260112,AO2611,2985.0,571.0,659.0,0.08040201005025072
20260112,AO2612,3005.0,159.0,461.0,0.0
20260113,AO2601,2533.0,45.0,3255.0,0.5163837347019333
20260113,AO2602,2642.0,38117.0,47687.0,0.47236941710825153
20260113,AO2603,2746.0,32803.0,79616.0,0.09176984705025415
20260113,AO2604,2767.0,6744.0,33005.0,0.056378749548246176
20260113,AO2605,2780.0,964869.0,553364.0,0.06906474820143949
20260113,AO2606,2796.0,4970.0,17433.0,0.0858369098712446
20260113,AO2607,2816.0,1674.0,4880.0,0.12357954545454497
20260113,AO2608,2845.0,454.0,1329.0,0.06748681898066788
20260113,AO2609,2861.0,20841.0,39998.0,0.067109402306885
20260113,AO2610,2877.0,393.0,783.0,0.09176225234619384
20260113,AO2611,2899.0,221.0,620.0,0.10762331838565053
20260113,AO2612,2925.0,294.0,499.0,0.0
20260114,AO2601,2543.0,15.0,3240.0,0.566260322453795
20260114,AO2602,2663.0,30104.0,41582.0,0.45512579797221164
20260114,AO2603,2764.0,27641.0,74995.0,0.10419681620839416
20260114,AO2604,2788.0,4372.0,33102.0,0.05164992826398951
20260114,AO2605,2800.0,691294.0,518021.0,0.06428571428571406
20260114,AO2606,2815.0,3697.0,18436.0,0.1065719360568389
20260114,AO2607,2840.0,700.0,4762.0,0.054929577464789325
20260114,AO2608,2853.0,362.0,1251.0,0.11356466876971538
20260114,AO2609,2880.0,13244.0,39563.0,0.07916666666666572
20260114,AO2610,2899.0,117.0,735.0,0.09520524318730583
20260114,AO2611,2922.0,101.0,634.0,0.04517453798768045
20260114,AO2612,2933.0,206.0,500.0,0.0
20260115,AO2601,2477.0,90.0,3180.0,0.794509487283003
20260115,AO2602,2641.0,21586.0,38615.0,0.4861794774706558
20260115,AO2603,2748.0,23357.0,73015.0,0.10043668122270688
20260115,AO2604,2771.0,4312.0,32720.0,0.0779501984843014
20260115,AO2605,2789.0,618962.0,508785.0,0.060236643958409
20260115,AO2606,2803.0,5194.0,18926.0,0.08990367463431959
20260115,AO2607,2824.0,480.0,4702.0,0.0637393767705392
20260115,AO2608,2839.0,253.0,1199.0,0.1183515322296591
20260115,AO2609,2867.0,15506.0,40275.0,0.09626787582839125
20260115,AO2610,2890.0,88.0,707.0,0.07889273356401372
20260115,AO2611,2909.0,101.0,617.0,0.0948779649364031
20260115,AO2612,2932.0,150.0,510.0,0.0
20260116,AO2602,2617.0,22084.0,36470.0,0.44478410393580337
20260116,AO2603,2714.0,28569.0,75141.0,0.1105379513633018
20260116,AO2604,2739.0,4034.0,32654.0,0.05257393209200334
20260116,AO2605,2751.0,793272.0,490116.0,0.047982551799345075
20260116,AO2606,2762.0,3693.0,19780.0,0.11730629978276585
20260116,AO2607,2789.0,1214.0,5053.0,0.12047328791681533
20260116,AO2608,2817.0,473.0,1045.0,0.06389776357827515
20260116,AO2609,2832.0,20574.0,41036.0,0.10169491525423702
20260116,AO2610,2856.0,93.0,705.0,0.07142857142857117
20260116,AO2611,2873.0,193.0,617.0,0.09606682909850317
20260116,AO2612,2896.0,182.0,533.0,0.0006518095474579355
20260116,AO2701,2910.0,79.0,47.0,0.0
20260119,AO2602,2594.0,13795.0,35755.0,0.45797995373939937
20260119,AO2603,2693.0,17434.0,74475.0,0.09803193464537596
20260119,AO2604,2715.0,2502.0,32551.0,0.07955801104972249
20260119,AO2605,2733.0,471357.0,490989.0,0.05268935236004513
20260119,AO2606,2745.0,2549.0,20381.0,0.10928961748633981
20260119,AO2607,2770.0,511.0,5119.0,0.09097472924187855
20260119,AO2608,2791.0,188.0,995.0,0.07739161590827592
20260119,AO2609,2809.0,12064.0,42121.0,0.09825560697757307
20260119,AO2610,2832.0,68.0,716.0,0.10169491525423702
20260119,AO2611,2856.0,97.0,626.0,0.07563025210084007
20260119,AO2612,2874.0,112.0,558.0,0.0010321127817785297
20260119,AO2701,2896.0,51.0,67.0,0.0
20260120,AO2602,2530.0,16270.0,32648.0,0.47430830039525684
20260120,AO2603,2630.0,21880.0,78031.0,0.127756653992396
20260120,AO2604,2658.0,6484.0,33156.0,0.05869074492099369
20260120,AO2605,2671.0,554847.0,502994.0,0.07188318981654884
20260120,AO2606,2687.0,3209.0,21194.0,0.10718273167100811
20260120,AO2607,2711.0,652.0,5240.0,0.11066027296200787
20260120,AO2608,2736.0,151.0,958.0,0.08333333333333304
20260120,AO2609,2755.0,15389.0,45699.0,0.11324863883847502
20260120,AO2610,2781.0,100.0,742.0,0.09492988133764779
20260120,AO2611,2803.0,190.0,638.0,0.10702818408847659
20260120,AO2612,2828.0,201.0,597.0,0.0011919329974730947
20260120,AO2701,2853.0,95.0,102.0,0.0
20260121,AO2602,2537.0,7935.0,31841.0,0.44461962948364153
20260121,AO2603,2631.0,17509.0,78260.0,0.10490307867731019
20260121,AO2604,2654.0,3326.0,32811.0,0.08138658628485373
20260121,AO2605,2672.0,371676.0,486425.0,0.07185628742514893
20260121,AO2606,2688.0,2015.0,21972.0,0.0982142857142847
20260121,AO2607,2710.0,456.0,5398.0,0.10184501845018445
20260121,AO2608,2733.0,119.0,983.0,0.09220636663007564
20260121,AO2609,2754.0,12816.0,45873.0,0.15686274509803866
20260121,AO2610,2790.0,44.0,746.0,0.05591397849462432
20260121,AO2611,2803.0,62.0,651.0,0.08562254727078233
20260121,AO2612,2823.0,74.0,610.0,0.0012418058723089294
20260121,AO2701,2849.0,124.0,138.0,0.0
20260122,AO2602,2574.0,16804.0,29239.0,0.4708624708624711
20260122,AO2603,2675.0,26516.0,75794.0,0.09869158878504791
20260122,AO2604,2697.0,2684.0,32745.0,0.08898776418242438
20260122,AO2605,2717.0,564157.0,489138.0,0.044166359955832846
20260122,AO2606,2727.0,5314.0,24956.0,0.12761276127612842
20260122,AO2607,2756.0,618.0,5426.0,0.08708272859216315
20260122,AO2608,2776.0,196.0,1012.0,0.09510086455331379
20260122,AO2609,2798.0,15734.0,48687.0,0.12008577555396638
20260122,AO2610,2826.0,47.0,757.0,0.05944798301486287
20260122,AO2611,2840.0,115.0,656.0,0.054929577464789325
20260122,AO2612,2853.0,84.0,610.0,0.0009924502888739172
20260122,AO2701,2874.0,92.0,178.0,0.0
20260123,AO2602,2577.0,7247.0,28058.0,0.46100116414435277
20260123,AO2603,2676.0,20467.0,75576.0,0.10762331838565053
20260123,AO2604,2700.0,10265.0,34664.0,0.10666666666666735
20260123,AO2605,2724.0,455997.0,494765.0,0.061674008810571834
20260123,AO2606,2738.0,5247.0,26146.0,0.10956902848794758
20260123,AO2607,2763.0,1001.0,5170.0,0.06948968512486431
20260123,AO2608,2779.0,162.0,1062.0,0.11658870097157159
20260123,AO2609,2806.0,11247.0,49151.0,0.10263720598716919
20260123,AO2610,2830.0,55.0,736.0,0.10600706713780994
20260123,AO2611,2855.0,139.0,660.0,0.11348511383537652
20260123,AO2612,2882.0,79.0,627.0,9.356798103689069e-05
20260123,AO2701,2884.0,54.0,192.0,0.0
20260126,AO2602,2571.0,16571.0,24104.0,0.5320886814469086
20260126,AO2603,2685.0,45044.0,54535.0,0.10726256983240212
20260126,AO2604,2709.0,18573.0,24512.0,0.1018826135105213
20260126,AO2605,2732.0,590668.0,488440.0,0.04831625183016097
20260126,AO2606,2743.0,9691.0,28310.0,0.09187021509296311
20260126,AO2607,2764.0,1738.0,6131.0,0.09985528219970963
20260126,AO2608,2787.0,157.0,1077.0,0.10764262648008582
20260126,AO2609,2812.0,15615.0,49955.0,0.11522048364153559
20260126,AO2610,2839.0,75.0,733.0,0.10144417048256305
20260126,AO2611,2863.0,94.0,676.0,0.09221096751659008
20260126,AO2612,2885.0,79.0,632.0,0.0007010301248223025
20260126,AO2701,2900.0,115.0,205.0,0.0
20260127,AO2602,2565.0,8245.0,19913.0,0.5520467836257312
20260127,AO2603,2683.0,15594.0,51819.0,0.12523294819232333
20260127,AO2604,2711.0,8114.0,20291.0,0.10180745112504574
20260127,AO2605,2734.0,405821.0,481235.0,0.039502560351134086
20260127,AO2606,2743.0,5235.0,29108.0,0.10061975938753243
20260127,AO2607,2766.0,2107.0,7053.0,0.08676789587852518
20260127,AO2608,2786.0,256.0,1074.0,0.1206030150753774
20260127,AO2609,2814.0,7782.0,49555.0,0.07249466950959427
20260127,AO2610,2831.0,27.0,728.0,0.1144471918050165
20260127,AO2611,2858.0,91.0,659.0,0.12176347095871343
20260127,AO2612,2887.0,88.0,634.0,0.00042032668724192965
20260127,AO2701,2896.0,49.0,208.0,0.0
20260128,AO2602,2628.0,11921.0,14428.0,0.570776255707762
20260128,AO2603,2753.0,33202.0,51137.0,0.11333091173265508
20260128,AO2604,2779.0,9962.0,22041.0,0.13817920115149462
20260128,AO2605,2811.0,873641.0,466716.0,0.025613660618995837
20260128,AO2606,2817.0,9668.0,32745.0,0.10649627263045858
20260128,AO2607,2842.0,3024.0,7999.0,0.08866995073891548
20260128,AO2608,2863.0,444.0,1084.0,0.09221096751659008
20260128,AO2609,2885.0,19218.0,49000.0,0.10398613518197486
20260128,AO2610,2910.0,120.0,688.0,0.09072164948453576
20260128,AO2611,2932.0,209.0,624.0,0.045020463847202485
20260128,AO2612,2943.0,229.0,633.0,0.0009162858353663314
20260128,AO2701,2963.0,123.0,251.0,0.0
20260129,AO2602,2630.0,7729.0,10748.0,0.5703422053231941
20260129,AO2603,2755.0,31388.0,50440.0,0.10889292196007183
20260129,AO2604,2780.0,5858.0,22654.0,0.1553956834532375
20260129,AO2605,2816.0,833895.0,468246.0,0.02982954545454497
20260129,AO2606,2823.0,6357.0,33835.0,0.08926673751328451
20260129,AO2607,2844.0,3658.0,9640.0,0.12658227848101244
20260129,AO2608,2874.0,362.0,1070.0,0.08350730688935304
20260129,AO2609,2894.0,21842.0,47609.0,0.1326883206634415
20260129,AO2610,2926.0,209.0,626.0,0.024606971975392966
20260129,AO2611,2932.0,101.0,610.0,0.06957708049113354
20260129,AO2612,2949.0,89.0,640.0,0.001234469121126554
20260129,AO2701,2976.0,139.0,266.0,0.0
20260130,AO2602,2580.0,5163.0,7455.0,0.6093023255813943
20260130,AO2603,2711.0,46962.0,44842.0,0.11951309479896732
20260130,AO2604,2738.0,10275.0,23357.0,0.13148283418553763
20260130,AO2605,2768.0,981637.0,442916.0,0.0476878612716769
20260130,AO2606,2779.0,10239.0,34698.0,0.09068010075566768
20260130,AO2607,2800.0,3493.0,10818.0,0.02571428571428669
20260130,AO2608,2806.0,665.0,1080.0,0.1582323592302206
20260130,AO2609,2843.0,28050.0,46250.0,0.10974322898346944
20260130,AO2610,2869.0,116.0,590.0,0.08783548274660191
20260130,AO2611,2890.0,139.0,583.0,0.041522491349481605
20260130,AO2612,2900.0,167.0,620.0,0.001580782642386666
20260130,AO2701,2934.0,174.0,297.0,0.0
20260202,AO2602,2576.0,915.0,6660.0,0.6381987577639743
20260202,AO2603,2713.0,34770.0,40382.0,0.13711758201253144
20260202,AO2604,2744.0,11718.0,20074.0,0.12244897959183554
20260202,AO2605,2772.0,983744.0,375783.0,0.03896103896103931
20260202,AO2606,2781.0,14836.0,34024.0,0.09492988133764779
20260202,AO2607,2803.0,3387.0,11841.0,0.08134141990724242
20260202,AO2608,2822.0,512.0,1127.0,0.11055988660524463
20260202,AO2609,2848.0,30225.0,42471.0,0.054775280898875955
20260202,AO2610,2861.0,323.0,547.0,0.04194337644180379
20260202,AO2611,2871.0,135.0,555.0,0.11703239289446188
20260202,AO2612,2899.0,148.0,575.0,0.001069721833565234
20260202,AO2701,2922.0,143.0,293.0,0.0
20260203,AO2602,2588.0,1275.0,5805.0,0.7372488408037094
20260203,AO2603,2747.0,26599.0,36452.0,0.12231525300327561
20260203,AO2604,2775.0,6258.0,20110.0,0.1470270270270282
20260203,AO2605,2809.0,724781.0,376954.0,0.02990388038447911
20260203,AO2606,2816.0,8931.0,34673.0,0.08522727272727249
20260203,AO2607,2836.0,3364.0,13038.0,0.06770098730606477
20260203,AO2608,2852.0,378.0,1098.0,0.1220196353436176
20260203,AO2609,2881.0,17879.0,41651.0,0.02499132245747937
20260203,AO2610,2887.0,232.0,509.0,0.11638378940076155
20260203,AO2611,2915.0,250.0,485.0,0.08644939965694753
20260203,AO2612,2936.0,84.0,549.0,0.0010103174846156312
20260203,AO2701,2958.0,124.0,260.0,0.0
20260204,AO2602,2593.0,165.0,5700.0,0.7635942923254921
20260204,AO2603,2758.0,10786.0,37179.0,0.13052936910804913
20260204,AO2604,2788.0,3709.0,20563.0,0.15494978479196586
20260204,AO2605,2824.0,420118.0,375698.0,0.021246458923513956
20260204,AO2606,2829.0,6491.0,35680.0,0.10180275715800668
20260204,AO2607,2853.0,2329.0,13584.0,0.0462670872765516
20260204,AO2608,2864.0,149.0,1096.0,0.14245810055866048
20260204,AO2609,2898.0,7667.0,41627.0,0.06211180124223592
20260204,AO2610,2913.0,57.0,517.0,0.08238928939237944
20260204,AO2611,2933.0,54.0,481.0,0.024548244118649976
20260204,AO2612,2939.0,42.0,547.0,0.0013304227150563227
20260204,AO2701,2968.0,96.0,296.0,0.0
20260205,AO2602,2565.0,435.0,5565.0,0.7438596491228058
20260205,AO2603,2724.0,11154.0,36206.0,0.17180616740088173
20260205,AO2604,2763.0,5210.0,18683.0,0.11726384364820852
20260205,AO2605,2790.0,435829.0,359707.0,0.05591397849462432
20260205,AO2606,2803.0,9937.0,33174.0,0.08562254727078233
20260205,AO2607,2823.0,2544.0,14130.0,0.05526036131774603
20260205,AO2608,2836.0,219.0,1088.0,0.12693935119887279
20260205,AO2609,2866.0,11321.0,42158.0,0.03349616189811666
20260205,AO2610,2874.0,34.0,521.0,0.1210855949895615
20260205,AO2611,2903.0,38.0,480.0,0.041336548398207995
20260205,AO2612,2913.0,48.0,538.0,0.0014348696467212
20260205,AO2701,2944.0,134.0,331.0,0.0
20260206,AO2602,2620.0,1215.0,5565.0,0.6229007633587775
20260206,AO2603,2756.0,28897.0,36229.0,0.18722786647314837
20260206,AO2604,2799.0,10833.0,17394.0,0.1071811361200421
20260206,AO2605,2824.0,1110558.0,341800.0,0.05099150141643083
20260206,AO2606,2836.0,14343.0,33333.0,0.05077574047954858
20260206,AO2607,2848.0,4251.0,14542.0,0.0926966292134832
20260206,AO2608,2870.0,345.0,1073.0,0.09616724738675853
20260206,AO2609,2893.0,32153.0,40691.0,0.004147943311441082
20260206,AO2610,2894.0,475.0,831.0,0.12024879060124327
20260206,AO2611,2923.0,77.0,492.0,0.020526855969894342
20260206,AO2612,2928.0,168.0,513.0,0.0015196168723521789
20260206,AO2701,2961.0,334.0,294.0,0.0
20260209,AO2602,2738.0,750.0,5205.0,0.28926223520818173
20260209,AO2603,2804.0,35883.0,34576.0,0.17974322396576348
20260209,AO2604,2846.0,9522.0,16643.0,0.09276177090653626
20260209,AO2605,2868.0,1076076.0,333870.0,0.05020920502091997
20260209,AO2606,2880.0,9964.0,33802.0,0.07916666666666572
20260209,AO2607,2899.0,4632.0,15030.0,0.04553294239392969
20260209,AO2608,2910.0,707.0,1291.0,0.11134020618556661
20260209,AO2609,2937.0,36068.0,40408.0,0.057201225740550754
20260209,AO2610,2951.0,847.0,734.0,0.07319552694002152
20260209,AO2611,2969.0,532.0,427.0,0.07679353317615245
20260209,AO2612,2988.0,487.0,450.0,0.001398853842335622
20260209,AO2701,3019.0,339.0,373.0,0.0
20260210,AO2602,2673.0,30.0,4650.0,0.453423120089786
20260210,AO2603,2774.0,11986.0,30906.0,0.16870944484498818
20260210,AO2604,2813.0,4948.0,16416.0,0.09384998222538155
20260210,AO2605,2835.0,363248.0,321540.0,0.05925925925925846
20260210,AO2606,2849.0,9425.0,35246.0,0.0800280800280806
20260210,AO2607,2868.0,2243.0,14918.0,0.06276150627614996
20260210,AO2608,2883.0,1179.0,1335.0,0.09157127991675296
20260210,AO2609,2905.0,15502.0,41354.0,0.06196213425129127
20260210,AO2610,2920.0,872.0,638.0,0.10684931506849438
20260210,AO2611,2946.0,420.0,429.0,0.028513238289206377
20260210,AO2612,2953.0,323.0,433.0,0.0003196140280118774
20260210,AO2701,2960.0,302.0,346.0,0.0
20260211,AO2602,2686.0,285.0,4485.0,0.4065524944154877
20260211,AO2603,2777.0,13210.0,28848.0,0.18149081742888118
20260211,AO2604,2819.0,4532.0,16473.0,0.09790705924086573
20260211,AO2605,2842.0,438077.0,312145.0,0.0591133004926121
20260211,AO2606,2856.0,4279.0,35079.0,0.06722689075630228
20260211,AO2607,2872.0,1847.0,15044.0,0.05431754874651862
20260211,AO2608,2885.0,214.0,1317.0,0.10814558058925439
20260211,AO2609,2911.0,14758.0,42476.0,-0.004122294744073773
20260211,AO2610,2910.0,817.0,656.0,0.13608247422680364
20260211,AO2611,2943.0,186.0,454.0,0.0
20260211,AO2612,2943.0,50.0,426.0,0.00032070004237822353
20260211,AO2701,2950.0,140.0,380.0,0.0
20260212,AO2602,2650.0,105.0,4455.0,0.4211320754716983
20260212,AO2603,2743.0,9676.0,26349.0,0.19686474662777886
20260212,AO2604,2788.0,2669.0,16954.0,0.08608321377331318
20260212,AO2605,2808.0,261414.0,296788.0,0.059829059829060505
20260212,AO2606,2822.0,5136.0,33634.0,0.08929836995038887
20260212,AO2607,2843.0,2486.0,15835.0,0.08863876187126163
20260212,AO2608,2864.0,133.0,1341.0,0.08379888268156499
20260212,AO2609,2884.0,12885.0,44623.0,0.07489597780859913
20260212,AO2610,2902.0,108.0,658.0,0.037215713301170794
20260212,AO2611,2911.0,44.0,435.0,0.09481277911370611
20260212,AO2612,2934.0,39.0,415.0,0.00036763861124515724
20260212,AO2701,2942.0,68.0,359.0,0.0
20260213,AO2602,2650.0,30.0,4455.0,0.525283018867925
20260213,AO2603,2766.0,15269.0,25635.0,0.18655097613882887
20260213,AO2604,2809.0,2583.0,16918.0,0.13670345318618793
20260213,AO2605,2841.0,339386.0,265266.0,0.0506863780359037
20260213,AO2606,2853.0,3462.0,33441.0,0.07150368033648835
20260213,AO2607,2870.0,2138.0,16216.0,0.09198606271777088
20260213,AO2608,2892.0,120.0,1307.0,0.08298755186721962
20260213,AO2609,2912.0,10943.0,44061.0,0.0041208791208804385
20260213,AO2610,2913.0,180.0,658.0,0.08238928939237944
20260213,AO2611,2933.0,50.0,420.0,0.00818274803955088
20260213,AO2612,2935.0,58.0,432.0,0.00018375667553548457
20260213,AO2701,2939.0,179.0,478.0,0.0
20260224,AO2602,2625.0,0.0,4455.0,0.6582857142857153
20260224,AO2603,2769.0,9498.0,21432.0,0.164680390032502
20260224,AO2604,2807.0,3899.0,16722.0,0.0940505878161737
20260224,AO2605,2829.0,252117.0,286192.0,0.08483563096500646
20260224,AO2606,2849.0,3372.0,34138.0,0.1010881010881004
20260224,AO2607,2873.0,2158.0,16948.0,0.05429864253393646
20260224,AO2608,2886.0,329.0,1372.0,0.09147609147609259
20260224,AO2609,2908.0,10348.0,45003.0,0.07015130674002812
20260224,AO2610,2925.0,92.0,655.0,0.057435897435896166
20260224,AO2611,2939.0,41.0,425.0,-0.028581150051037785
20260224,AO2612,2932.0,40.0,429.0,0.0009657096433005694
20260224,AO2701,2953.0,50.0,490.0,0.0
20260225,AO2603,2804.0,6780.0,18498.0,0.166904422253924
20260225,AO2604,2843.0,5202.0,16796.0,0.11396412240591047
20260225,AO2605,2870.0,279049.0,305007.0,0.08780487804878057
20260225,AO2606,2891.0,3838.0,35132.0,0.07886544448287758
20260225,AO2607,2910.0,2674.0,17522.0,0.04536082474226788
20260225,AO2608,2921.0,183.0,1362.0,0.09448818897637778
20260225,AO2609,2944.0,12409.0,47078.0,-0.008152173913043015
20260225,AO2610,2942.0,35.0,652.0,0.05302515295717125
20260225,AO2611,2955.0,20.0,428.0,0.008121827411166294
20260225,AO2612,2957.0,23.0,434.0,0.0005015712098125459
20260225,AO2701,2968.0,155.0,546.0,0.028301886792451825
20260225,AO2702,2975.0,14.0,6.0,0.0
20260226,AO2603,2755.0,9274.0,13399.0,0.16551724137931068
20260226,AO2604,2793.0,8083.0,15873.0,0.11600429645542398
20260226,AO2605,2820.0,448156.0,340118.0,0.10638297872340541
20260226,AO2606,2845.0,8240.0,38668.0,0.07592267135325237
20260226,AO2607,2863.0,3237.0,18387.0,0.07125392944463815
20260226,AO2608,2880.0,388.0,1334.0,0.08750000000000036
20260226,AO2609,2901.0,22283.0,51358.0,0.012409513960703222
20260226,AO2610,2904.0,87.0,662.0,0.13223140495867636
20260226,AO2611,2936.0,49.0,414.0,-0.00817438692098138
20260226,AO2612,2934.0,74.0,436.0,-4.5954826405644655e-05
20260226,AO2701,2933.0,151.0,521.0,0.03682236617797496
20260226,AO2702,2942.0,11.0,9.0,0.0
20260227,AO2603,2729.0,10387.0,7096.0,-0.026383290582631336
20260227,AO2604,2723.0,11749.0,14599.0,0.09254498714652915
20260227,AO2605,2744.0,546912.0,377896.0,0.10932944606414097
20260227,AO2606,2769.0,14861.0,45678.0,0.10834236186348978
20260227,AO2607,2794.0,5398.0,20650.0,0.09019327129563237
20260227,AO2608,2815.0,302.0,1404.0,0.08952042628774404
20260227,AO2609,2836.0,26693.0,55648.0,0.05077574047954858
20260227,AO2610,2848.0,134.0,672.0,0.08848314606741603
20260227,AO2611,2869.0,87.0,419.0,0.046009062391077826
20260227,AO2612,2880.0,71.0,431.0,0.00028089887640450834
20260227,AO2701,2886.0,259.0,487.0,0.016632016632017077
20260227,AO2702,2890.0,18.0,18.0,0.0
20260302,AO2603,2730.0,1666.0,6240.0,0.12307692307692264
20260302,AO2604,2758.0,6568.0,13417.0,0.0652646845540259
20260302,AO2605,2773.0,365789.0,344019.0,0.08654886404616047
20260302,AO2606,2793.0,9095.0,46532.0,0.08592910848549984
20260302,AO2607,2813.0,4747.0,21940.0,0.08105225737646649
20260302,AO2608,2832.0,266.0,1407.0,0.10593220338983045
20260302,AO2609,2857.0,19751.0,53568.0,0.05040252012600632
20260302,AO2610,2869.0,78.0,653.0,0.07110491460439228
20260302,AO2611,2886.0,37.0,431.0,0.02910602910602922
20260302,AO2612,2893.0,57.0,435.0,-9.321220924586701e-05
20260302,AO2701,2891.0,326.0,598.0,0.07056381874783924
20260302,AO2702,2908.0,19.0,26.0,0.0
20260303,AO2603,2770.0,1140.0,5430.0,0.09530685920577486
20260303,AO2604,2792.0,8233.0,12079.0,0.06446991404011548
20260303,AO2605,2807.0,454604.0,307019.0,0.08122550765942371
20260303,AO2606,2826.0,11346.0,47650.0,0.08492569002123229
20260303,AO2607,2846.0,6983.0,23166.0,0.08011243851018968
20260303,AO2608,2865.0,249.0,1418.0,0.09633507853403156
20260303,AO2609,2888.0,24520.0,51897.0,0.0498614958448762
20260303,AO2610,2900.0,75.0,642.0,-0.0165517241379316
20260303,AO2611,2896.0,65.0,426.0,0.016574585635360073
20260303,AO2612,2900.0,62.0,425.0,0.0013483146067415743
20260303,AO2701,2929.0,214.0,627.0,0.08603618982587857
20260303,AO2702,2950.0,10.0,23.0,0.0
20260304,AO2603,2738.0,360.0,5175.0,0.09642074506939302
20260304,AO2604,2760.0,8393.0,12054.0,0.09565217391304337
20260304,AO2605,2782.0,383264.0,307900.0,0.10352264557872015
20260304,AO2606,2806.0,7702.0,47705.0,0.08980755523877537
20260304,AO2607,2827.0,4628.0,23909.0,0.06367173682348781
20260304,AO2608,2842.0,387.0,1496.0,0.08866995073891548
20260304,AO2609,2863.0,24201.0,50875.0,0.04610548375829637
20260304,AO2610,2874.0,39.0,630.0,0.0668058455114835
20260304,AO2611,2890.0,48.0,428.0,0.01245674740484315
20260304,AO2612,2893.0,38.0,429.0,0.0005126671508522986
20260304,AO2701,2904.0,143.0,686.0,0.024793388429751317
20260304,AO2702,2910.0,9.0,24.0,0.0
20260305,AO2603,2773.0,540.0,4785.0,0.030292102416155764
20260305,AO2604,2780.0,6273.0,12151.0,0.08633093525179802
20260305,AO2605,2800.0,488920.0,308472.0,0.06428571428571406
20260305,AO2606,2815.0,9730.0,48904.0,0.09378330373001909
20260305,AO2607,2837.0,8369.0,27270.0,0.06344730348960237
20260305,AO2608,2852.0,269.0,1490.0,0.12622720897615824
20260305,AO2609,2882.0,36779.0,54936.0,0.012491325468423575
20260305,AO2610,2885.0,58.0,630.0,0.033275563258233554
20260305,AO2611,2893.0,54.0,417.0,0.05807120636018048
20260305,AO2612,2907.0,77.0,451.0,0.0006029614684430975
20260305,AO2701,2920.0,298.0,793.0,0.07808219178082076
20260305,AO2702,2939.0,35.0,29.0,0.0
20260306,AO2603,2791.0,960.0,4380.0,0.08169115012540384
20260306,AO2604,2810.0,3801.0,12312.0,0.09395017793594196
20260306,AO2605,2832.0,407826.0,303314.0,0.05084745762711851
20260306,AO2606,2844.0,7176.0,49816.0,0.09282700421941037
20260306,AO2607,2866.0,3392.0,27794.0,0.07536636427076182
20260306,AO2608,2884.0,170.0,1498.0,0.10818307905686542
20260306,AO2609,2910.0,25215.0,56257.0,0.016494845360824684
20260306,AO2610,2914.0,60.0,633.0,0.028826355525052527
20260306,AO2611,2921.0,66.0,435.0,0.06162273194111734
20260306,AO2612,2936.0,54.0,455.0,0.0
20260306,AO2701,2936.0,209.0,815.0,0.08583106267029983
20260306,AO2702,2957.0,5.0,29.0,0.0
20260309,AO2603,2850.0,1500.0,3660.0,0.15578947368421048
20260309,AO2604,2887.0,19972.0,11013.0,0.0748181503290608
20260309,AO2605,2905.0,1353816.0,303984.0,-0.02065404475042998
20260309,AO2606,2900.0,34666.0,49502.0,0.06206896551724217
20260309,AO2607,2915.0,19858.0,29048.0,0.07821612349914187
20260309,AO2608,2934.0,1451.0,1505.0,0.0940695296523506
20260309,AO2609,2957.0,133548.0,58024.0,-0.06898884004058115
20260309,AO2610,2940.0,452.0,646.0,0.08979591836734624
20260309,AO2611,2962.0,433.0,448.0,0.004051316677919914
20260309,AO2612,2963.0,324.0,495.0,0.0010011110816170877
20260309,AO2701,2985.0,943.0,956.0,0.08442211055276339
20260309,AO2702,3006.0,63.0,44.0,0.0
20260310,AO2603,2795.0,420.0,3615.0,0.12450805008944599
20260310,AO2604,2824.0,5069.0,10498.0,0.0637393767705392
20260310,AO2605,2839.0,620429.0,292736.0,0.02958788305741411
20260310,AO2606,2846.0,12792.0,49751.0,0.08011243851018968
20260310,AO2607,2865.0,7280.0,28772.0,0.11727748691099471
20260310,AO2608,2893.0,665.0,1590.0,0.0912547528517118
20260310,AO2609,2915.0,46808.0,62577.0,-0.012349914236707171
20260310,AO2610,2912.0,166.0,650.0,0.03296703296703285
20260310,AO2611,2920.0,90.0,438.0,0.05342465753424719
20260310,AO2612,2933.0,65.0,489.0,0.0006895574190632015
20260310,AO2701,2948.0,429.0,1064.0,0.07734056987788396
20260310,AO2702,2967.0,26.0,47.0,0.0
20260311,AO2603,2824.0,90.0,3570.0,0.1402266288951841
20260311,AO2604,2857.0,2939.0,10391.0,0.05040252012600632
20260311,AO2605,2869.0,354506.0,288252.0,0.020913210177763375
20260311,AO2606,2874.0,6783.0,50035.0,0.08350730688935304
20260311,AO2607,2894.0,4379.0,29699.0,0.1326883206634415
20260311,AO2608,2926.0,310.0,1628.0,0.08202323991797567
20260311,AO2609,2946.0,32507.0,65080.0,-0.05702647657841142
20260311,AO2610,2932.0,81.0,652.0,0.06957708049113354
20260311,AO2611,2949.0,41.0,444.0,-0.02034587995930881
20260311,AO2612,2944.0,22.0,478.0,0.0015571568148510027
20260311,AO2701,2978.0,147.0,1090.0,0.076561450638013
20260311,AO2702,2997.0,11.0,45.0,0.0
20260312,AO2603,2830.0,225.0,3030.0,0.09752650176678568
20260312,AO2604,2853.0,6145.0,10221.0,0.0504731861198735
20260312,AO2605,2865.0,585975.0,295463.0,0.03350785340314211
20260312,AO2606,2873.0,12728.0,50856.0,0.0877131917855909
20260312,AO2607,2894.0,5725.0,30497.0,0.1243953006219769
20260312,AO2608,2924.0,499.0,1626.0,0.08207934336525291
20260312,AO2609,2944.0,52423.0,67715.0,0.008152173913043015
20260312,AO2610,2946.0,143.0,667.0,0.020366598778004175
20260312,AO2611,2951.0,134.0,456.0,0.14639105388004037
20260312,AO2612,2987.0,48.0,482.0,0.0006319519415594979
20260312,AO2701,3001.0,366.0,1166.0,0.0
20260312,AO2702,3001.0,25.0,55.0,0.0
20260313,AO2603,2830.0,195.0,3030.0,0.4070671378091886
20260313,AO2604,2926.0,9566.0,9695.0,0.12303485987696483
20260313,AO2605,2956.0,726388.0,279760.0,-0.040595399188092074
20260313,AO2606,2946.0,21569.0,54315.0,0.05702647657841009
20260313,AO2607,2960.0,9687.0,33066.0,0.10540540540540633
20260313,AO2608,2986.0,1885.0,2375.0,0.10448760884125807
20260313,AO2609,3012.0,62514.0,64618.0,0.07569721115537842
20260313,AO2610,3031.0,817.0,969.0,-0.03167271527548676
20260313,AO2611,3023.0,197.0,481.0,-0.035726099900761366
20260313,AO2612,3014.0,80.0,490.0,0.0013420516988137858
20260313,AO2701,3044.0,460.0,1189.0,0.07490144546649091
20260313,AO2702,3063.0,20.0,56.0,0.0
20260316,AO2603,2870.0,675.0,2535.0,0.29686411149825886
20260316,AO2604,2941.0,8022.0,10347.0,0.09792587555253185
20260316,AO2605,2965.0,808529.0,267270.0,0.004047217537943126
20260316,AO2606,2966.0,20728.0,55073.0,0.05664194200943928
20260316,AO2607,2980.0,8280.0,33017.0,0.10067114093959617
20260316,AO2608,3005.0,1127.0,2674.0,0.10782029950083238
20260316,AO2609,3032.0,62392.0,66110.0,0.06332453825857609
20260316,AO2610,3048.0,134.0,956.0,-0.031496062992125484
20260316,AO2611,3040.0,135.0,499.0,0.011842105263158764
20260316,AO2612,3043.0,48.0,483.0,0.0007975571121047648
20260316,AO2701,3061.0,322.0,1189.0,0.027442012414244488
20260316,AO2702,3068.0,31.0,69.0,0.0
20260317,AO2604,3022.0,13720.0,8895.0,0.20251489080079477
20260317,AO2605,3073.0,1392393.0,280554.0,0.0
20260317,AO2606,3073.0,40826.0,59360.0,0.04685974617637445
20260317,AO2607,3085.0,19858.0,35522.0,0.09335494327390492
20260317,AO2608,3109.0,4521.0,4529.0,0.11965262142167887
20260317,AO2609,3140.0,108515.0,73080.0,0.05732484076433053
20260317,AO2610,3155.0,445.0,926.0,-0.03803486529318567
20260317,AO2611,3145.0,259.0,522.0,-0.022893481717011444
20260317,AO2612,3139.0,202.0,499.0,0.001202701783649707
20260317,AO2701,3167.0,1134.0,1254.0,0.07957057151878733
20260317,AO2702,3188.0,39.0,64.0,0.0
20260317,AO2703,3188.0,26.0,13.0,0.0
20260318,AO2604,3011.0,6406.0,8287.0,0.14745931584191396
20260318,AO2605,3048.0,1015496.0,273934.0,0.003937007874014853
20260318,AO2606,3049.0,27282.0,61243.0,0.06690718268284712
20260318,AO2607,3066.0,11513.0,35263.0,0.07045009784735878
20260318,AO2608,3084.0,1912.0,4500.0,0.11673151750972721
20260318,AO2609,3114.0,74195.0,76409.0,0.04624277456647441
20260318,AO2610,3126.0,874.0,1204.0,-0.0038387715930903177
20260318,AO2611,3125.0,283.0,571.0,-0.046079999999999455
20260318,AO2612,3113.0,169.0,493.0,0.0003031867088721728
20260318,AO2701,3120.0,533.0,1306.0,0.14615384615384563
20260318,AO2702,3158.0,24.0,70.0,-0.030398986700443054
20260318,AO2703,3150.0,21.0,22.0,0.0
20260319,AO2604,2979.0,7775.0,7518.0,0.19335347432024186
20260319,AO2605,3027.0,980719.0,268233.0,-0.003964321110010438
20260319,AO2606,3026.0,25537.0,63901.0,0.06345009914077959
20260319,AO2607,3042.0,12756.0,37582.0,0.07889546351084764
20260319,AO2608,3062.0,1475.0,4750.0,0.09797517962116231
20260319,AO2609,3087.0,84792.0,78234.0,0.015549076773565318
20260319,AO2610,3091.0,771.0,1408.0,-0.08929149142672221
20260319,AO2611,3068.0,525.0,787.0,-0.0860495436766624
20260319,AO2612,3046.0,560.0,725.0,0.0013722177547271374
20260319,AO2701,3077.0,811.0,1400.0,0.0857978550536247
20260319,AO2702,3099.0,49.0,74.0,0.04259438528557524
20260319,AO2703,3110.0,20.0,20.0,0.0
20260320,AO2604,2998.0,4827.0,7028.0,0.1721147431621075
20260320,AO2605,3041.0,707158.0,245836.0,-0.011838211114764352
20260320,AO2606,3038.0,17103.0,64705.0,0.059249506254113626
20260320,AO2607,3053.0,8756.0,38041.0,0.06681952178185302
20260320,AO2608,3070.0,707.0,4738.0,0.1250814332247563
20260320,AO2609,3102.0,62273.0,78799.0,-0.015473887814313247
20260320,AO2610,3098.0,97.0,1388.0,-0.06972240154938714
20260320,AO2611,3080.0,108.0,782.0,0.0
20260320,AO2612,3080.0,125.0,723.0,0.0007441996206041096
20260320,AO2701,3097.0,487.0,1444.0,0.04262189215369716
20260320,AO2702,3108.0,31.0,65.0,-0.01930501930501949
20260320,AO2703,3103.0,31.0,26.0,0.0
20260323,AO2604,3054.0,4649.0,7054.0,0.15324165029469494
20260323,AO2605,3093.0,740278.0,246810.0,-0.011639185257032558
20260323,AO2606,3090.0,16430.0,65325.0,0.06601941747572937
20260323,AO2607,3107.0,6396.0,38316.0,0.06565819118120242
20260323,AO2608,3124.0,373.0,4716.0,0.12676056338028285
20260323,AO2609,3157.0,57565.0,79581.0,-0.03801076971808648
20260323,AO2610,3147.0,132.0,1385.0,-0.11058150619637797
20260323,AO2611,3118.0,66.0,781.0,-0.05772931366260359
20260323,AO2612,3103.0,132.0,726.0,0.0010862992319864355
20260323,AO2701,3128.0,416.0,1467.0,0.09590792838874762
20260323,AO2702,3153.0,20.0,64.0,-0.06850618458610835
20260323,AO2703,3135.0,12.0,31.0,0.0
20260324,AO2604,2981.0,3721.0,6337.0,0.132841328413285
20260324,AO2605,3014.0,525678.0,231479.0,0.023888520238884325
20260324,AO2606,3020.0,16242.0,66341.0,0.07549668874172077
20260324,AO2607,3039.0,9114.0,37387.0,0.09081934846989093
20260324,AO2608,3062.0,529.0,4773.0,0.09013716525146975
20260324,AO2609,3085.0,51285.0,80632.0,0.015559157212318375
20260324,AO2610,3089.0,94.0,1406.0,-0.038847523470378675
20260324,AO2611,3079.0,93.0,795.0,-0.007794738551478275
20260324,AO2612,3077.0,63.0,725.0,0.0008763825848173963
20260324,AO2701,3097.0,371.0,1469.0,0.05037132709073422
20260324,AO2702,3110.0,32.0,55.0,-0.023151125401928763
20260324,AO2703,3104.0,17.0,32.0,0.0
20260325,AO2604,2929.0,8338.0,6340.0,0.13929668828951947
20260325,AO2605,2963.0,568924.0,220782.0,0.04454944313196041
20260325,AO2606,2974.0,17720.0,66219.0,0.09280430396772132
20260325,AO2607,2997.0,9136.0,38032.0,0.11211211211211225
20260325,AO2608,3025.0,2307.0,5307.0,0.11107438016528803
20260325,AO2609,3053.0,63144.0,84944.0,0.015722240419259847
20260325,AO2610,3057.0,159.0,1413.0,-0.027477919528950068
20260325,AO2611,3050.0,104.0,802.0,-0.003934426229508681
20260325,AO2612,3049.0,98.0,740.0,0.0008844307030118695
20260325,AO2701,3069.0,447.0,1504.0,0.06647116324535585
20260325,AO2702,3086.0,12.0,55.0,0.0
20260325,AO2703,3086.0,16.0,39.0,0.0
20260326,AO2604,2895.0,4870.0,3138.0,0.14922279792746007
20260326,AO2605,2931.0,308000.0,223006.0,0.0450358239508688
20260326,AO2606,2942.0,7217.0,67082.0,0.10605030591434517
20260326,AO2607,2968.0,4029.0,38797.0,0.0970350404312672
20260326,AO2608,2992.0,3283.0,7178.0,0.12433155080213787
20260326,AO2609,3023.0,36291.0,87592.0,0.0198478332782015
20260326,AO2610,3028.0,1225.0,1723.0,-0.003963011889036139
20260326,AO2611,3027.0,1476.0,1150.0,0.003964321110010438
20260326,AO2612,3028.0,475.0,974.0,0.0006679233520846526
20260326,AO2701,3043.0,548.0,1580.0,0.03943476832073678
20260326,AO2702,3053.0,30.0,53.0,0.07075008188666931
20260326,AO2703,3071.0,35.0,46.0,0.0
20260327,AO2604,2902.0,1320.0,2576.0,0.1157822191591995
20260327,AO2605,2930.0,345552.0,208811.0,0.06552901023890723
20260327,AO2606,2946.0,21350.0,67739.0,0.146639511201629
20260327,AO2607,2982.0,11953.0,37215.0,0.10865191146881159
20260327,AO2608,3009.0,5768.0,9437.0,0.1555333998005981
20260327,AO2609,3048.0,70417.0,89561.0,-0.015748031496063408
20260327,AO2610,3044.0,781.0,2011.0,0.03547963206307436
20260327,AO2611,3053.0,86.0,1143.0,-0.007861120209629924
20260327,AO2612,3051.0,156.0,988.0,0.0008396583916122449
20260327,AO2701,3070.0,308.0,1597.0,-0.019543973941368087
20260327,AO2702,3065.0,11.0,57.0,0.09004893964110838
20260327,AO2703,3088.0,21.0,47.0,0.0
20260330,AO2604,2908.0,1370.0,1763.0,0.13617606602475796
20260330,AO2605,2941.0,353124.0,202711.0,0.032641958517511505
20260330,AO2606,2949.0,19878.0,71057.0,0.1383519837232967
20260330,AO2607,2983.0,7028.0,38480.0,0.10861548776399665
20260330,AO2608,3010.0,2862.0,10752.0,0.13953488372093048
20260330,AO2609,3045.0,74930.0,99114.0,-0.019704433497536922
20260330,AO2610,3040.0,519.0,2149.0,0.00394736842105381
20260330,AO2611,3041.0,43.0,1133.0,0.011838211114765684
20260330,AO2612,3044.0,61.0,980.0,0.0010187659643579438
20260330,AO2701,3067.0,301.0,1589.0,0.031300945549396
20260330,AO2702,3075.0,11.0,58.0,0.015609756097560101
20260330,AO2703,3079.0,15.0,45.0,0.0
20260331,AO2604,2823.0,1203.0,1335.0,0.01700318809776924
20260331,AO2605,2827.0,399634.0,199275.0,0.029713477184293957
20260331,AO2606,2834.0,28499.0,77975.0,0.12279463655610545
20260331,AO2607,2863.0,13054.0,42086.0,0.11316800558854467
20260331,AO2608,2890.0,6182.0,12988.0,0.09965397923875319
20260331,AO2609,2914.0,119123.0,118536.0,0.0700068634179809
20260331,AO2610,2931.0,977.0,1727.0,0.012282497441145068
20260331,AO2611,2934.0,122.0,1132.0,-0.008179959100204748
20260331,AO2612,2932.0,93.0,987.0,0.0003678893879240407
20260331,AO2701,2940.0,552.0,1657.0,0.07346938775510292
20260331,AO2702,2958.0,41.0,70.0,0.09330628803245311
20260331,AO2703,2981.0,70.0,68.0,0.0
20260401,AO2604,2765.0,75.0,1320.0,-0.0303797468354432
20260401,AO2605,2758.0,334088.0,192640.0,0.05221174764321912
20260401,AO2606,2770.0,30631.0,81398.0,0.17328519855595648
20260401,AO2607,2810.0,9611.0,44100.0,0.10249110320284771
20260401,AO2608,2834.0,5750.0,15666.0,0.14820042342978024
20260401,AO2609,2869.0,107788.0,122996.0,0.004182642035553741
20260401,AO2610,2870.0,2488.0,2806.0,0.004181184668990312
20260401,AO2611,2871.0,1131.0,1219.0,0.17972831765935293
20260401,AO2612,2914.0,890.0,698.0,0.001203026073276619
20260401,AO2701,2940.0,946.0,1758.0,0.04489795918367445
20260401,AO2702,2951.0,41.0,84.0,0.020332090816673087
20260401,AO2703,2956.0,53.0,96.0,0.0
20260402,AO2604,2733.0,15.0,1305.0,0.14928649835345809
20260402,AO2605,2767.0,250126.0,188488.0,0.060715576436573215
20260402,AO2606,2781.0,19037.0,80122.0,0.16828478964401405
20260402,AO2607,2820.0,8576.0,46150.0,0.13191489361702047
20260402,AO2608,2851.0,3405.0,17165.0,0.15994387934058274
20260402,AO2609,2889.0,80567.0,125511.0,0.020768431983386293
20260402,AO2610,2894.0,785.0,3239.0,0.08707671043538223
20260402,AO2611,2915.0,59.0,1190.0,0.06998284734133886
20260402,AO2612,2932.0,60.0,673.0,0.0010576819902815946
20260402,AO2701,2955.0,315.0,1787.0,-0.028426395939086024
20260402,AO2702,2948.0,16.0,89.0,0.08141112618724655
20260402,AO2703,2968.0,29.0,94.0,0.0
20260403,AO2604,2733.0,0.0,1305.0,0.03512623490669586
20260403,AO2605,2741.0,256357.0,177637.0,0.08755928493250753
20260403,AO2606,2761.0,21244.0,78167.0,0.17385005432814182
20260403,AO2607,2801.0,9193.0,47671.0,0.13709389503748604
20260403,AO2608,2833.0,3026.0,18152.0,0.14401694316978464
20260403,AO2609,2867.0,75393.0,125399.0,0.03348447854900716
20260403,AO2610,2875.0,442.0,3330.0,0.08765217391304425
20260403,AO2611,2896.0,64.0,1199.0,0.020718232044199425
20260403,AO2612,2901.0,39.0,674.0,0.0009295516075433225
20260403,AO2701,2921.0,413.0,1740.0,-0.016432728517631556
20260403,AO2702,2917.0,12.0,91.0,0.06170723345903362
20260403,AO2703,2932.0,33.0,102.0,0.0
20260407,AO2604,2695.0,0.0,1305.0,-0.08905380333951785
20260407,AO2605,2675.0,163204.0,184610.0,0.026915887850467612
20260407,AO2606,2681.0,25848.0,85315.0,0.17008578888474535
20260407,AO2607,2719.0,10582.0,50084.0,0.14564178006620132
20260407,AO2608,2752.0,5068.0,19460.0,0.09593023255813904
20260407,AO2609,2774.0,75237.0,139969.0,0.06056236481615063
20260407,AO2610,2788.0,483.0,3336.0,0.08608321377331318
20260407,AO2611,2808.0,134.0,1175.0,0.1025641025641022
20260407,AO2612,2832.0,223.0,599.0,0.00023804989525805792
20260407,AO2701,2837.0,469.0,1779.0,0.11843496651392194
20260407,AO2702,2865.0,29.0,101.0,0.06282722513088945
20260407,AO2703,2880.0,30.0,115.0,0.0
20260408,AO2604,2638.0,15.0,1305.0,0.23654283548142452
20260408,AO2605,2690.0,231139.0,175839.0,0.06245353159851241
20260408,AO2606,2704.0,24865.0,85978.0,0.18195266272189325
20260408,AO2607,2745.0,7597.0,50859.0,0.139890710382514
20260408,AO2608,2777.0,3772.0,20748.0,0.12099387828591901
20260408,AO2609,2805.0,94781.0,143775.0,0.025668449197861598
20260408,AO2610,2811.0,732.0,3423.0,0.10672358591248798
20260408,AO2611,2836.0,244.0,1284.0,0.10578279266572554
20260408,AO2612,2861.0,90.0,598.0,0.00032989172482318185
20260408,AO2701,2868.0,419.0,1823.0,0.05857740585774174
20260408,AO2702,2882.0,12.0,101.0,0.07078417765440648
20260408,AO2703,2899.0,48.0,122.0,0.0
20260409,AO2604,2659.0,90.0,1350.0,-0.04061677322301671
20260409,AO2605,2650.0,183258.0,178278.0,0.07698113207547141
20260409,AO2606,2667.0,16519.0,87667.0,0.2024746906636663
20260409,AO2607,2712.0,6830.0,51588.0,0.159292035398229
20260409,AO2608,2748.0,2388.0,21704.0,0.13537117903930174
20260409,AO2609,2779.0,67065.0,150437.0,0.0388629003238572
20260409,AO2610,2788.0,199.0,3431.0,0.12051649928263952
20260409,AO2611,2816.0,51.0,1292.0,0.038352272727272485
20260409,AO2612,2825.0,46.0,601.0,0.0009068310629412495
20260409,AO2701,2844.0,356.0,1869.0,0.046413502109705185
20260409,AO2702,2855.0,14.0,93.0,0.1050788091068302
20260409,AO2703,2880.0,38.0,127.0,0.0
20260410,AO2604,2620.0,120.0,1290.0,0.09618320610686926
20260410,AO2605,2641.0,200474.0,174910.0,0.08633093525179802
20260410,AO2606,2660.0,24643.0,89280.0,0.20751879699248033
20260410,AO2607,2706.0,7688.0,53257.0,0.1729490022172948
20260410,AO2608,2745.0,2640.0,22539.0,0.1442622950819663
20260410,AO2609,2778.0,75419.0,154973.0,0.07343412526997906
20260410,AO2610,2795.0,402.0,3420.0,0.1030411449016091
20260410,AO2611,2819.0,47.0,1296.0,0.08087974459027958
20260410,AO2612,2838.0,35.0,604.0,9.501864740956518e-05
20260410,AO2701,2840.0,363.0,1942.0,0.08450704225352101
20260410,AO2702,2860.0,8.0,93.0,0.104895104895105
20260410,AO2703,2885.0,32.0,140.0,0.0
20260413,AO2604,2626.0,240.0,1185.0,0.0685453160700682
20260413,AO2605,2641.0,295090.0,171953.0,0.08633093525179802
20260413,AO2606,2660.0,31198.0,93129.0,0.23458646616541312
20260413,AO2607,2712.0,11046.0,54774.0,0.1946902654867264
20260413,AO2608,2756.0,2790.0,23002.0,0.15239477503628418
20260413,AO2609,2791.0,106233.0,165155.0,0.0859906843425291
20260413,AO2610,2811.0,459.0,3412.0,0.05976520811099295
20260413,AO2611,2825.0,159.0,1263.0,0.0637168141592932
20260413,AO2612,2840.0,41.0,609.0,0.0005222345307801786
20260413,AO2701,2851.0,936.0,1999.0,0.10101718695194783
20260413,AO2702,2875.0,24.0,103.0,0.10852173913043384
20260413,AO2703,2901.0,25.0,146.0,0.0
20260414,AO2604,2609.0,0.0,1185.0,0.14718282866998855
20260414,AO2605,2641.0,136773.0,170634.0,0.07724346838318841
20260414,AO2606,2658.0,16229.0,94146.0,0.2528216704288928
20260414,AO2607,2714.0,5168.0,54643.0,0.17686072218128235
20260414,AO2608,2754.0,1752.0,23460.0,0.17429193899782103
20260414,AO2609,2794.0,82678.0,174203.0,0.04294917680744348
20260414,AO2610,2804.0,274.0,3386.0,0.11982881597717654
20260414,AO2611,2832.0,80.0,1247.0,0.10169491525423702
20260414,AO2612,2856.0,17.0,611.0,4.72098951940325e-05
20260414,AO2701,2857.0,210.0,2066.0,0.11760588029401475
20260414,AO2702,2885.0,18.0,111.0,0.11646447140381344
20260414,AO2703,2913.0,78.0,184.0,0.0
20260415,AO2604,2609.0,0.0,1185.0,0.10578765810655444
20260415,AO2605,2632.0,190825.0,163069.0,0.06382978723404165
20260415,AO2606,2646.0,30107.0,99029.0,0.2176870748299331
20260415,AO2607,2694.0,7043.0,54729.0,0.1648106904231632
20260415,AO2608,2731.0,2842.0,23984.0,0.14060783595752468
20260415,AO2609,2763.0,153806.0,198963.0,0.07817589576547235
20260415,AO2610,2781.0,528.0,3455.0,0.16396979503775722
20260415,AO2611,2819.0,97.0,1279.0,0.06385242993969609
20260415,AO2612,2834.0,40.0,620.0,0.00028545827947952187
20260415,AO2701,2840.0,593.0,2264.0,0.0633802816901401
20260415,AO2702,2855.0,15.0,114.0,0.15131348511383624
20260415,AO2703,2891.0,50.0,189.0,0.0
20260416,AO2605,2673.0,197733.0,146779.0,0.026936026936026813
20260416,AO2606,2679.0,48384.0,106659.0,0.19708846584546347
20260416,AO2607,2723.0,9300.0,55681.0,0.13220712449504202
20260416,AO2608,2753.0,2814.0,24080.0,0.12640755539411508
20260416,AO2609,2782.0,188725.0,227166.0,0.09489575844716125
20260416,AO2610,2804.0,1083.0,3521.0,0.0941512125534949
20260416,AO2611,2826.0,432.0,1514.0,0.08067940552017028
20260416,AO2612,2845.0,98.0,617.0,0.0004739242905945741
20260416,AO2701,2855.0,683.0,2458.0,-0.012609457092819465
20260416,AO2702,2852.0,2.0,114.0,0.1809256661991574
20260416,AO2703,2895.0,65.0,205.0,-0.045595854922279244
20260416,AO2704,2884.0,16.0,9.0,0.0
20260417,AO2605,2666.0,156698.0,139690.0,0.0
20260417,AO2606,2666.0,37183.0,110690.0,0.2115528882220552
20260417,AO2607,2713.0,6181.0,56553.0,0.13711758201253144
20260417,AO2608,2744.0,2121.0,24481.0,0.12244897959183554
20260417,AO2609,2772.0,181689.0,250386.0,0.11688311688311792
20260417,AO2610,2799.0,353.0,3540.0,0.09431939978563886
20260417,AO2611,2821.0,96.0,1505.0,0.04253810705423611
20260417,AO2612,2831.0,70.0,622.0,0.0011906699105806982
20260417,AO2701,2856.0,512.0,2512.0,0.07983193277310896
20260417,AO2702,2875.0,11.0,114.0,0.15026086956521834
20260417,AO2703,2911.0,24.0,214.0,0.012366884232222652
20260417,AO2704,2914.0,5.0,13.0,0.0
20260420,AO2605,2664.0,136167.0,112674.0,0.036036036036036556
20260420,AO2606,2672.0,49167.0,111437.0,0.2290419161676649
20260420,AO2607,2723.0,11127.0,56667.0,0.14102093279471273
20260420,AO2608,2755.0,2827.0,24984.0,0.1524500907441011
20260420,AO2609,2790.0,310108.0,270849.0,0.12473118279569917
20260420,AO2610,2819.0,634.0,3515.0,0.06385242993969609
20260420,AO2611,2834.0,197.0,1437.0,0.050811573747352234
20260420,AO2612,2846.0,118.0,603.0,0.0016581521867868852
20260420,AO2701,2881.0,1296.0,2696.0,0.02499132245747937
20260420,AO2702,2887.0,14.0,112.0,0.049878766886041426
20260420,AO2703,2899.0,121.0,259.0,0.07036909279061643
20260420,AO2704,2916.0,22.0,20.0,0.0
20260421,AO2605,2689.0,98040.0,90837.0,0.031238378579396375
20260421,AO2606,2696.0,44742.0,109242.0,0.23145400593471877
20260421,AO2607,2748.0,11151.0,56720.0,0.17467248908296895
20260421,AO2608,2788.0,3472.0,25725.0,0.16355810616929745
20260421,AO2609,2826.0,437947.0,270232.0,0.09341825902335366
20260421,AO2610,2848.0,869.0,3502.0,0.0758426966292145
20260421,AO2611,2866.0,224.0,1407.0,0.05861828332170216
20260421,AO2612,2880.0,118.0,628.0,0.0006554307116104995
20260421,AO2701,2894.0,2071.0,3093.0,0.0
20260421,AO2702,2894.0,246.0,162.0,0.004146510020733629
20260421,AO2703,2895.0,397.0,315.0,0.1284974093264255
20260421,AO2704,2926.0,25.0,24.0,0.0
20260422,AO2605,2697.0,36162.0,80385.0,0.03559510567296975
20260422,AO2606,2705.0,21647.0,108079.0,0.23512014787430768
20260422,AO2607,2758.0,6180.0,56193.0,0.17403915881073218
20260422,AO2608,2798.0,1807.0,26132.0,0.16726233023588222
20260422,AO2609,2837.0,252363.0,283485.0,0.07190694395488251
20260422,AO2610,2854.0,361.0,3511.0,0.10511562718990852
20260422,AO2611,2879.0,95.0,1431.0,0.10003473428273768
20260422,AO2612,2903.0,76.0,648.0,0.0006502378399718291
20260422,AO2701,2917.0,1942.0,4202.0,0.012341446691807256
20260422,AO2702,2920.0,6.0,160.0,0.03287671232876832
20260422,AO2703,2928.0,60.0,333.0,0.04918032786885185
20260422,AO2704,2940.0,6.0,25.0,0.0
20260423,AO2605,2683.0,39919.0,70167.0,0.02236302646291488
20260423,AO2606,2688.0,29871.0,105547.0,0.2499999999999991
20260423,AO2607,2744.0,7118.0,55757.0,0.17055393586005874
20260423,AO2608,2783.0,2262.0,26884.0,0.16816385195831884
20260423,AO2609,2822.0,297730.0,286166.0,0.11055988660524463
20260423,AO2610,2848.0,536.0,3501.0,0.08848314606741603
20260423,AO2611,2869.0,185.0,1373.0,0.05437434646218264
20260423,AO2612,2882.0,68.0,659.0,0.0008421118293320162
20260423,AO2701,2900.0,2076.0,5236.0,0.07448275862068954
20260423,AO2702,2918.0,12.0,162.0,-0.057573680603153043
20260423,AO2703,2904.0,90.0,380.0,0.09090909090909083
20260423,AO2704,2926.0,13.0,32.0,0.0
20260424,AO2605,2654.0,38034.0,60163.0,0.05425772418990071
20260424,AO2606,2666.0,45621.0,88786.0,0.26556639159789874
20260424,AO2607,2725.0,6497.0,55739.0,0.1761467889908257
20260424,AO2608,2765.0,2072.0,27107.0,0.1822784810126592
20260424,AO2609,2807.0,246417.0,287256.0,0.15817598859992898
20260424,AO2610,2844.0,958.0,3945.0,0.05907172995780563
20260424,AO2611,2858.0,91.0,1363.0,0.050384884534640406
20260424,AO2612,2870.0,30.0,663.0,0.0005637552362682669
20260424,AO2701,2882.0,719.0,5321.0,0.07494795281054945
20260424,AO2702,2900.0,22.0,172.0,-0.0082758620689658
20260424,AO2703,2898.0,57.0,401.0,0.11180124223602572
20260424,AO2704,2925.0,13.0,24.0,0.0
20260427,AO2605,2742.0,64943.0,33243.0,0.04814004376367631
20260427,AO2606,2753.0,102877.0,65820.0,0.2223029422448226
20260427,AO2607,2804.0,26305.0,55295.0,0.19686162624821613
20260427,AO2608,2850.0,7967.0,27802.0,0.20631578947368379
20260427,AO2609,2899.0,740168.0,282512.0,0.10762331838565053
20260427,AO2610,2925.0,5510.0,6639.0,0.114871794871795
20260427,AO2611,2953.0,516.0,1348.0,0.08127328140873757
20260427,AO2612,2973.0,304.0,706.0,0.0012245036791800308
20260427,AO2701,3000.0,3676.0,5819.0,0.04400000000000048
20260427,AO2702,3011.0,27.0,171.0,0.0039853869146471155
20260427,AO2703,3012.0,169.0,421.0,0.0717131474103585
20260427,AO2704,3030.0,52.0,45.0,0.0
20260428,AO2605,2714.0,20258.0,25609.0,0.04421518054532125
20260428,AO2606,2724.0,53359.0,56203.0,0.22466960352423015
20260428,AO2607,2775.0,15739.0,57889.0,0.2118918918918924
20260428,AO2608,2824.0,4312.0,29320.0,0.21671388101982902
20260428,AO2609,2875.0,379167.0,283315.0,0.11269565217391175
20260428,AO2610,2902.0,4361.0,9195.0,0.1364576154376298
20260428,AO2611,2935.0,244.0,1336.0,0.11448040885860422
20260428,AO2612,2963.0,166.0,754.0,0.0009101009832882672
20260428,AO2701,2983.0,1575.0,5988.0,0.04425075427421987
20260428,AO2702,2994.0,16.0,166.0,0.04408817635270523
20260428,AO2703,3005.0,124.0,459.0,0.003993344425955669
20260428,AO2704,3006.0,43.0,42.0,0.0
20260429,AO2605,2691.0,12244.0,19395.0,0.05351170568561958
20260429,AO2606,2703.0,29764.0,50949.0,0.24417314095449605
20260429,AO2607,2758.0,14400.0,59631.0,0.2262509064539513
20260429,AO2608,2810.0,4656.0,30281.0,0.2220640569395016
20260429,AO2609,2862.0,261771.0,281047.0,0.09643605870020977
20260429,AO2610,2885.0,3539.0,11291.0,0.12062391681109297
20260429,AO2611,2914.0,65.0,1354.0,0.16060398078242866
20260429,AO2612,2953.0,62.0,723.0,0.000958842084035662
20260429,AO2701,2974.0,777.0,6055.0,0.07262945527908649
20260429,AO2702,2992.0,6.0,166.0,0.02807486631016154
20260429,AO2703,2999.0,72.0,478.0,0.06802267422474095
20260429,AO2704,3016.0,14.0,47.0,0.0
20260430,AO2605,2610.0,20362.0,7132.0,0.3080459770114947
20260430,AO2606,2677.0,36690.0,51950.0,0.2824056779977582
20260430,AO2607,2740.0,17143.0,57743.0,0.22773722627737225
20260430,AO2608,2792.0,3293.0,30510.0,0.2277936962750715
20260430,AO2609,2845.0,300313.0,281561.0,0.12653778558875128
20260430,AO2610,2875.0,4661.0,14102.0,0.09182608695652217
20260430,AO2611,2897.0,278.0,1359.0,0.10769761822574964
20260430,AO2612,2923.0,170.0,722.0,0.0017528551165302674
20260430,AO2701,2961.0,1146.0,5983.0,0.06484295845997945
20260430,AO2702,2977.0,25.0,180.0,-0.04433993953644588
20260430,AO2703,2966.0,183.0,540.0,0.15374241402562472
20260430,AO2704,3004.0,24.0,49.0,0.0
20260506,AO2605,2659.0,2977.0,5535.0,0.13087626927416451
20260506,AO2606,2688.0,20403.0,52247.0,0.3035714285714288
20260506,AO2607,2756.0,8785.0,57682.0,0.24818577648766205
20260506,AO2608,2813.0,2505.0,30909.0,0.2644863135442588
20260506,AO2609,2875.0,234617.0,290942.0,0.1627826086956521
20260506,AO2610,2914.0,4394.0,16530.0,0.1647220315717215
20260506,AO2611,2954.0,572.0,1600.0,0.08124576844956
20260506,AO2612,2974.0,201.0,771.0,0.0012694286815320918
20260506,AO2701,3002.0,964.0,6149.0,0.003997335109925615
20260506,AO2702,3003.0,12.0,179.0,0.07192807192807216
20260506,AO2703,3021.0,84.0,568.0,0.05163853028798382
20260506,AO2704,3034.0,11.0,52.0,0.0
20260507,AO2605,2641.0,2730.0,4290.0,0.1772056039379022
20260507,AO2606,2680.0,24365.0,52498.0,0.27761194029850866
20260507,AO2607,2742.0,17694.0,60156.0,0.2844638949671765
20260507,AO2608,2807.0,3280.0,31374.0,0.2650516565728527
20260507,AO2609,2869.0,330472.0,299359.0,0.17148832345765008
20260507,AO2610,2910.0,4226.0,19003.0,0.12371134020618513
20260507,AO2611,2940.0,340.0,1613.0,0.07346938775510292
20260507,AO2612,2958.0,159.0,819.0,0.0017776967431684036
20260507,AO2701,2997.0,1308.0,6208.0,0.0760760760760757
20260507,AO2702,3016.0,60.0,167.0,0.0
20260507,AO2703,3016.0,80.0,590.0,0.051724137931035585
20260507,AO2704,3029.0,110.0,128.0,0.0
20260508,AO2605,2601.0,3420.0,2955.0,0.22145328719723167
20260508,AO2606,2649.0,18460.0,53559.0,0.27633069082672623
20260508,AO2607,2710.0,11105.0,61215.0,0.2612546125461259
20260508,AO2608,2769.0,4416.0,32380.0,0.25135427952329437
20260508,AO2609,2827.0,313989.0,325984.0,0.18677042801556354
20260508,AO2610,2871.0,3862.0,21033.0,0.13375130616509967
20260508,AO2611,2903.0,271.0,1664.0,0.11160868067516372
20260508,AO2612,2930.0,2258.0,1821.0,0.002070790351650866
20260508,AO2701,2975.0,1084.0,6401.0,0.00403361344537867
20260508,AO2702,2976.0,34.0,174.0,0.1209677419354831
20260508,AO2703,3006.0,96.0,616.0,0.04391217564870242
20260508,AO2704,3017.0,23.0,126.0,0.0
20260511,AO2605,2626.0,330.0,3045.0,0.07768469154607693
20260511,AO2606,2643.0,17366.0,54290.0,0.27241770715096614
20260511,AO2607,2703.0,12834.0,63442.0,0.27081021087680224
20260511,AO2608,2764.0,3955.0,33205.0,0.26917510853835047
20260511,AO2609,2826.0,280651.0,334087.0,0.1443736730360925
20260511,AO2610,2860.0,5066.0,23265.0,0.12587412587412494
20260511,AO2611,2890.0,301.0,1732.0,0.16193771626297693
20260511,AO2612,2929.0,133.0,1870.0,0.001427031505940221
20260511,AO2701,2960.0,1469.0,6181.0,0.04054054054053946
20260511,AO2702,2970.0,16.0,175.0,0.036363636363635266
20260511,AO2703,2979.0,60.0,616.0,0.12084592145015183
20260511,AO2704,3009.0,47.0,132.0,0.0
20260512,AO2605,2545.0,390.0,3060.0,0.3111984282907656
20260512,AO2606,2611.0,23322.0,53534.0,0.26656453466105035
20260512,AO2607,2669.0,16019.0,63490.0,0.2607718246534274
20260512,AO2608,2727.0,5623.0,34838.0,0.25522552255225417
20260512,AO2609,2785.0,370644.0,347660.0,0.14219030520646303
20260512,AO2610,2818.0,7016.0,25922.0,0.1277501774308023
20260512,AO2611,2848.0,466.0,1767.0,0.13061797752809046
20260512,AO2612,2879.0,542.0,2156.0,0.0019669751123010146
20260512,AO2701,2921.0,2204.0,6291.0,0.0903800068469689
20260512,AO2702,2943.0,37.0,178.0,0.06116207951070329
20260512,AO2703,2958.0,123.0,655.0,0.10953346855983881
20260512,AO2704,2985.0,82.0,145.0,0.0
20260513,AO2605,2572.0,0.0,3060.0,0.24261275272161864
20260513,AO2606,2624.0,12944.0,51506.0,0.27439024390243993
20260513,AO2607,2684.0,8243.0,63168.0,0.2548435171385979
20260513,AO2608,2741.0,1679.0,34895.0,0.2539219263042689
20260513,AO2609,2799.0,184864.0,349389.0,0.1629153269024659
20260513,AO2610,2837.0,4328.0,27916.0,0.14381388790976501
20260513,AO2611,2871.0,86.0,1763.0,0.09195402298850652
20260513,AO2612,2893.0,114.0,2201.0,0.0019108502895404237
20260513,AO2701,2934.0,862.0,6293.0,0.09815950920245431
20260513,AO2702,2958.0,10.0,181.0,0.028397565922920975
20260513,AO2703,2965.0,49.0,671.0,0.10522765598650796
20260513,AO2704,2991.0,59.0,166.0,0.0
20260514,AO2605,2589.0,240.0,3015.0,0.1344148319814602
20260514,AO2606,2618.0,18146.0,50992.0,0.24751718869365913
20260514,AO2607,2672.0,13394.0,63655.0,0.273952095808383
20260514,AO2608,2733.0,2861.0,35405.0,0.25027442371020836
20260514,AO2609,2790.0,283024.0,346803.0,0.17204301075268713
20260514,AO2610,2830.0,5379.0,30743.0,0.16113074204946898
20260514,AO2611,2868.0,203.0,1740.0,0.07112970711297173
20260514,AO2612,2885.0,245.0,2268.0,0.0016357369579187058
20260514,AO2701,2920.0,1699.0,6568.0,0.01643835616438416
20260514,AO2702,2924.0,184.0,307.0,0.053351573187414125
20260514,AO2703,2937.0,260.0,779.0,0.13483146067415763
20260514,AO2704,2970.0,145.0,237.0,0.0
20260515,AO2605,2564.0,240.0,2805.0,-0.009360374414976391
20260515,AO2606,2562.0,23487.0,51855.0,0.2669789227166266
20260515,AO2607,2619.0,14619.0,62788.0,0.22909507445590016
20260515,AO2608,2669.0,2785.0,35715.0,0.2607718246534274
20260515,AO2609,2727.0,290995.0,377273.0,0.15841584158415767
20260515,AO2610,2763.0,5003.0,32698.0,0.2041259500542889
20260515,AO2611,2810.0,812.0,2103.0,0.12811387900355964
20260515,AO2612,2840.0,432.0,2370.0,0.0009969931951258173
20260515,AO2701,2861.0,2183.0,6589.0,0.1635791681230332
20260515,AO2702,2900.0,277.0,550.0,0.02896551724137897
20260515,AO2703,2907.0,431.0,979.0,0.15686274509803866
20260515,AO2704,2945.0,287.0,395.0,0.0
20260518,AO2606,2573.0,19225.0,49250.0,0.289156626506025
20260518,AO2607,2635.0,15890.0,63281.0,0.24592030360531325
20260518,AO2608,2689.0,4090.0,36642.0,0.25436965414652324
20260518,AO2609,2746.0,234027.0,374590.0,0.13983976693372124
20260518,AO2610,2778.0,6547.0,35684.0,0.16414686825054048
20260518,AO2611,2816.0,102.0,2108.0,0.13636363636363757
20260518,AO2612,2848.0,184.0,2401.0,0.001136220174220422
20260518,AO2701,2872.0,930.0,6510.0,0.09192200557103192
20260518,AO2702,2894.0,29.0,556.0,0.08707671043538223
20260518,AO2703,2915.0,88.0,993.0,0.13584905660377355
20260518,AO2704,2948.0,30.0,405.0,0.04477611940298587
20260518,AO2705,2959.0,85.0,46.0,0.0
20260519,AO2606,2564.0,17116.0,48883.0,0.2620904836193443
20260519,AO2607,2620.0,19143.0,59563.0,0.2335877862595419
20260519,AO2608,2671.0,6997.0,37360.0,0.23811306626731454
20260519,AO2609,2724.0,218656.0,393435.0,0.20264317180616764
20260519,AO2610,2770.0,7981.0,40579.0,0.13862815884476465
20260519,AO2611,2802.0,542.0,2121.0,0.055674518201286105
20260519,AO2612,2815.0,386.0,2354.0,0.0015806174785957974
20260519,AO2701,2848.0,1349.0,6684.0,0.0463483146067416
20260519,AO2702,2859.0,16.0,555.0,0.12172088142707338
20260519,AO2703,2888.0,38.0,1002.0,0.10803324099723088
20260519,AO2704,2914.0,31.0,405.0,0.09059711736444775
20260519,AO2705,2936.0,43.0,54.0,0.0
20260520,AO2606,2560.0,12004.0,47249.0,0.29062499999999947
20260520,AO2607,2622.0,21301.0,58422.0,0.18306636155606348
20260520,AO2608,2662.0,8038.0,38920.0,0.22990232907588215
20260520,AO2609,2713.0,189516.0,404520.0,0.20788794692222723
20260520,AO2610,2760.0,4848.0,43054.0,0.11304347826086847
20260520,AO2611,2786.0,798.0,2135.0,0.14213926776740937
20260520,AO2612,2819.0,468.0,2576.0,0.0010044202462424043
20260520,AO2701,2840.0,1345.0,7137.0,0.10140845070422522
20260520,AO2702,2864.0,103.0,539.0,0.14245810055866048
20260520,AO2703,2898.0,97.0,991.0,0.06625258799171796
20260520,AO2704,2914.0,5.0,404.0,0.06177076183939523
20260520,AO2705,2929.0,33.0,57.0,0.0
20260521,AO2606,2553.0,12019.0,45504.0,0.27262044653349093
20260521,AO2607,2611.0,19982.0,59595.0,0.22520107238605913
20260521,AO2608,2660.0,5247.0,39931.0,0.22105263157894672
20260521,AO2609,2709.0,223211.0,413992.0,0.19490586932447496
20260521,AO2610,2753.0,7521.0,47341.0,0.11768979295314264
20260521,AO2611,2780.0,174.0,2189.0,0.0949640287769773
20260521,AO2612,2802.0,144.0,2556.0,0.001299232490436215
20260521,AO2701,2829.0,1563.0,7531.0,0.10180275715800668
20260521,AO2702,2853.0,49.0,535.0,0.11356466876971538
20260521,AO2703,2880.0,149.0,976.0,0.12916666666666554
20260521,AO2704,2911.0,77.0,375.0,0.07007901064926081
20260521,AO2705,2928.0,46.0,65.0,0.0
20260522,AO2606,2554.0,15315.0,43704.0,0.3101018010963186
20260522,AO2607,2620.0,20145.0,57516.0,0.1969465648854971
20260522,AO2608,2663.0,4675.0,41246.0,0.24333458505445016
20260522,AO2609,2717.0,257180.0,411515.0,0.1899153478100839
20260522,AO2610,2760.0,5449.0,49394.0,0.16956521739130537
20260522,AO2611,2799.0,517.0,2176.0,0.06430868167202686
20260522,AO2612,2814.0,62.0,2557.0,0.001245777532881336
20260522,AO2701,2840.0,1639.0,7804.0,0.06760563380281681
20260522,AO2702,2856.0,108.0,527.0,0.18487394957983128
20260522,AO2703,2900.0,170.0,888.0,0.09931034482758694
20260522,AO2704,2924.0,18.0,372.0,0.028727770177838785
20260522,AO2705,2931.0,25.0,75.0,0.0
20260525,AO2606,2571.0,41636.0,36555.0,0.30338389731621884
20260525,AO2607,2636.0,27050.0,55776.0,0.2503793626707136
20260525,AO2608,2691.0,7078.0,42194.0,0.24526198439241842
20260525,AO2609,2746.0,350635.0,407351.0,0.17479970866715355
20260525,AO2610,2786.0,7168.0,51644.0,0.10768126346015716
20260525,AO2611,2811.0,1581.0,2733.0,0.10672358591248798
20260525,AO2612,2836.0,1023.0,2391.0,0.001996798782903611
20260525,AO2701,2878.0,9295.0,11116.0,0.08339124391938757
20260525,AO2702,2898.0,458.0,233.0,0.11180124223602572
20260525,AO2703,2925.0,171.0,856.0,0.08615384615384691
20260525,AO2704,2946.0,70.0,366.0,0.061099796334012524
20260525,AO2705,2961.0,73.0,103.0,0.0
20260526,AO2606,2660.0,37138.0,19492.0,0.32030075187969853
20260526,AO2607,2731.0,71056.0,30764.0,0.29000366166239466
20260526,AO2608,2797.0,11032.0,43363.0,0.24025741866285255
20260526,AO2609,2853.0,898550.0,357171.0,0.16824395373291345
20260526,AO2610,2893.0,15939.0,53505.0,0.14517801590044854
20260526,AO2611,2928.0,2365.0,3278.0,0.11065573770491799
20260526,AO2612,2955.0,838.0,2383.0,0.0014601038042548241
20260526,AO2701,2987.0,14837.0,14260.0,0.012052226314026804
20260526,AO2702,2990.0,197.0,256.0,0.09230769230769198
20260526,AO2703,3013.0,563.0,1003.0,0.015930965814803244
20260526,AO2704,3017.0,188.0,362.0,0.03977461054027298
20260526,AO2705,3027.0,390.0,334.0,0.0
20260527,AO2606,2664.0,9278.0,16824.0,0.31981981981982077
20260527,AO2607,2735.0,25504.0,29773.0,0.27641681901279735
20260527,AO2608,2798.0,9451.0,44266.0,0.24017155110793542
20260527,AO2609,2854.0,630366.0,342127.0,0.1555711282410659
20260527,AO2610,2891.0,13141.0,54267.0,0.08301625735039675
20260527,AO2611,2911.0,1450.0,3465.0,0.15252490553074427
20260527,AO2612,2948.0,537.0,2524.0,0.0013263610446236768
20260527,AO2701,2977.0,10229.0,15187.0,0.01209271078266827
20260527,AO2702,2980.0,68.0,268.0,0.08053691275167907
20260527,AO2703,3000.0,124.0,1028.0,0.07200000000000006
20260527,AO2704,3018.0,50.0,364.0,0.019880715705766328
20260527,AO2705,3023.0,181.0,372.0,0.0
20260528,AO2606,2692.0,5874.0,13857.0,0.28083209509658147
20260528,AO2607,2755.0,20134.0,27340.0,0.23956442831215963
20260528,AO2608,2810.0,5651.0,44248.0,0.24768683274021353
20260528,AO2609,2868.0,358377.0,329634.0,0.1422594142259408
20260528,AO2610,2902.0,8687.0,55477.0,0.10751206064782792
20260528,AO2611,2928.0,414.0,3466.0,0.11885245901639241
20260528,AO2612,2957.0,108.0,2513.0,0.0009575450369148685
20260528,AO2701,2978.0,4968.0,15289.0,0.03626595030221669
20260528,AO2702,2987.0,60.0,270.0,0.07231335788416349
20260528,AO2703,3005.0,31.0,1033.0,0.09184692179700438
20260528,AO2704,3028.0,49.0,360.0,-0.01981505944517803
20260528,AO2705,3023.0,63.0,380.0,0.0
20260529,AO2606,2748.0,10693.0,8959.0,0.21397379912663883
20260529,AO2607,2797.0,23296.0,25355.0,0.21022524132999632
20260529,AO2608,2846.0,7772.0,45358.0,0.21503865073787853
20260529,AO2609,2897.0,457783.0,329430.0,0.1242664825681743
20260529,AO2610,2927.0,10348.0,56327.0,0.09839426033481402
20260529,AO2611,2951.0,873.0,3570.0,0.1382582175533722
20260529,AO2612,2985.0,398.0,2343.0,0.0008582237027835736
20260529,AO2701,3004.0,4234.0,15231.0,0.06391478029294184
20260529,AO2702,3020.0,78.0,305.0,0.0
20260529,AO2703,3020.0,83.0,1047.0,0.1311258278145706
20260529,AO2704,3053.0,33.0,367.0,0.00393056010481363
20260529,AO2705,3054.0,152.0,433.0,0.0
20260601,AO2606,2746.0,1639.0,8445.0,0.18353969410051096
20260601,AO2607,2788.0,15483.0,24234.0,0.21951219512195141
20260601,AO2608,2839.0,6178.0,44373.0,0.22402254314899483
20260601,AO2609,2892.0,404967.0,311559.0,0.12448132780082943
20260601,AO2610,2922.0,8643.0,56348.0,0.09856262833675444
20260601,AO2611,2946.0,930.0,3428.0,0.11812627291242261
20260601,AO2612,2975.0,116.0,2348.0,0.001359644981588136
20260601,AO2701,3005.0,2905.0,15368.0,0.019966722129783676
20260601,AO2702,3010.0,26.0,320.0,0.07574750830564714
20260601,AO2703,3029.0,166.0,1112.0,0.07527236711786056
20260601,AO2704,3048.0,56.0,357.0,0.08661417322834541
20260601,AO2705,3070.0,129.0,444.0,0.0
20260602,AO2606,2719.0,1260.0,7500.0,0.15446855461566855
20260602,AO2607,2754.0,13492.0,24834.0,0.20915032679738577
20260602,AO2608,2802.0,5559.0,43274.0,0.20985010706638096
20260602,AO2609,2851.0,372220.0,308963.0,0.105226236408277
20260602,AO2610,2876.0,6730.0,56592.0,0.137691237830321
20260602,AO2611,2909.0,624.0,3512.0,0.12787899621863108
20260602,AO2612,2940.0,284.0,2323.0,0.0010548039440495176
20260602,AO2701,2963.0,3743.0,15713.0,0.04049949375632789
20260602,AO2702,2973.0,51.0,298.0,0.09283551967709336
20260602,AO2703,2996.0,295.0,1018.0,0.06809078771695543
20260602,AO2704,3013.0,80.0,322.0,0.027879190175905677
20260602,AO2705,3020.0,162.0,439.0,0.0
20260603,AO2606,2683.0,1800.0,6690.0,0.18337681699589936
20260603,AO2607,2724.0,11320.0,25401.0,0.21145374449339105
20260603,AO2608,2772.0,8089.0,42710.0,0.17748917748917759
20260603,AO2609,2813.0,291880.0,314164.0,0.09811589050835501
20260603,AO2610,2836.0,9943.0,56228.0,0.08885754583920935
20260603,AO2611,2857.0,1089.0,3430.0,0.11340567028351423
20260603,AO2612,2884.0,239.0,2307.0,0.0016363041343951273
20260603,AO2701,2919.0,3119.0,15784.0,0.06988694758478964
20260603,AO2702,2936.0,39.0,306.0,0.08174386920980847
20260603,AO2703,2956.0,181.0,1006.0,0.1339648173207033
20260603,AO2704,2989.0,38.0,321.0,0.0562060889929743
20260603,AO2705,3003.0,202.0,416.0,0.0
20260604,AO2606,2639.0,1410.0,5880.0,0.18188707843880358
20260604,AO2607,2679.0,14585.0,26102.0,0.21052631578947434
20260604,AO2608,2726.0,7801.0,42212.0,0.1496698459280994
20260604,AO2609,2760.0,327757.0,322129.0,0.0913043478260871
20260604,AO2610,2781.0,8310.0,57699.0,0.13807982740021618
20260604,AO2611,2813.0,944.0,3454.0,0.1365090650551002
20260604,AO2612,2845.0,191.0,2359.0,0.0014217728717837222
20260604,AO2701,2875.0,2720.0,15845.0,0.07930434782608575
20260604,AO2702,2894.0,89.0,283.0,0.05390463026952386
20260604,AO2703,2907.0,177.0,918.0,0.09081527347781115
20260604,AO2704,2929.0,49.0,318.0,0.049163537043359185
20260604,AO2705,2941.0,289.0,408.0,0.0
20260605,AO2606,2660.0,1215.0,5175.0,0.11729323308270789
20260605,AO2607,2686.0,8651.0,25893.0,0.1965748324646306
20260605,AO2608,2730.0,3733.0,41610.0,0.15824175824175768
20260605,AO2609,2766.0,227446.0,319656.0,0.10845986984815514
20260605,AO2610,2791.0,6411.0,58314.0,0.12898602651379498
20260605,AO2611,2821.0,534.0,3393.0,0.11059907834101335
20260605,AO2612,2847.0,81.0,2343.0,0.0014681332212500564
20260605,AO2701,2878.0,3079.0,16146.0,0.06671299513551165
20260605,AO2702,2894.0,34.0,291.0,0.09536973047684949
20260605,AO2703,2917.0,74.0,910.0,0.04525197120329061
20260605,AO2704,2928.0,56.0,324.0,0.05737704918032893
20260605,AO2705,2942.0,225.0,501.0,0.0
20260608,AO2606,2655.0,405.0,5040.0,0.1717514124293782
20260608,AO2607,2693.0,12674.0,26109.0,0.22279985146676573
20260608,AO2608,2743.0,5410.0,41026.0,0.16186656944950695
20260608,AO2609,2780.0,276979.0,309455.0,0.08201438848920972
20260608,AO2610,2799.0,7910.0,59445.0,0.090032154340836
20260608,AO2611,2820.0,747.0,3322.0,0.12340425531914878
20260608,AO2612,2849.0,754.0,2268.0,0.001372450810653066
20260608,AO2701,2878.0,3305.0,15974.0,0.07505211952744961
20260608,AO2702,2896.0,36.0,300.0,0.05801104972375626
20260608,AO2703,2910.0,87.0,923.0,0.09484536082474193
20260608,AO2704,2933.0,14.0,327.0,0.05727923627685083
20260608,AO2705,2947.0,94.0,506.0,0.0
20260609,AO2606,2745.0,450.0,4740.0,0.043715846994536456
20260609,AO2607,2755.0,19502.0,24819.0,0.21343012704174313
20260609,AO2608,2804.0,10075.0,39213.0,0.1455064194008555
20260609,AO2609,2838.0,403248.0,302391.0,0.09302325581395365
20260609,AO2610,2860.0,10299.0,59667.0,0.10069930069930155
20260609,AO2611,2884.0,1344.0,3443.0,0.06657420249653256
20260609,AO2612,2900.0,1541.0,2171.0,0.0018132506780317579
20260609,AO2701,2939.0,5869.0,16197.0,0.11024157876828955
20260609,AO2702,2966.0,27.0,304.0,0.06473364801078851
20260609,AO2703,2982.0,440.0,727.0,0.0201207243460777
20260609,AO2704,2987.0,45.0,339.0,0.028121861399397652
20260609,AO2705,2994.0,280.0,580.0,0.0
20260610,AO2606,2800.0,420.0,4515.0,0.04714285714285804
20260610,AO2607,2811.0,28419.0,22130.0,0.18783351120597747
20260610,AO2608,2855.0,11860.0,37571.0,0.16392294220665438
20260610,AO2609,2894.0,550091.0,286157.0,0.09122322045611586
20260610,AO2610,2916.0,12966.0,59160.0,0.0781893004115215
20260610,AO2611,2935.0,1201.0,3498.0,0.0940374787052809
20260610,AO2612,2958.0,897.0,2137.0,0.0010939672265651782
20260610,AO2701,2982.0,6846.0,14927.0,0.04828973843058382
20260610,AO2702,2994.0,58.0,332.0,0.04809619238476959
20260610,AO2703,3006.0,355.0,797.0,0.055888223552893024
20260610,AO2704,3020.0,114.0,402.0,0.015894039735099952
20260610,AO2705,3024.0,399.0,718.0,0.0
20260611,AO2606,2779.0,0.0,4515.0,0.16408780136739853
20260611,AO2607,2817.0,22569.0,21938.0,0.18317358892438662
20260611,AO2608,2860.0,7431.0,37519.0,0.16363636363636402
20260611,AO2609,2899.0,480569.0,277350.0,0.08278716798896113
20260611,AO2610,2919.0,10458.0,58749.0,0.06577595066803621
20260611,AO2611,2935.0,1775.0,3675.0,0.06950596252129504
20260611,AO2612,2952.0,1399.0,2329.0,0.0009591668950397327
20260611,AO2701,2973.0,8257.0,14321.0,0.07669021190716396
20260611,AO2702,2992.0,28.0,330.0,0.0762032085561497
20260611,AO2703,3011.0,317.0,933.0,-0.01992693457323158
20260611,AO2704,3006.0,184.0,361.0,0.059880239520958334
20260611,AO2705,3021.0,143.0,726.0,0.0
20260612,AO2606,2779.0,0.0,4515.0,0.2806765023389701
20260612,AO2607,2844.0,23592.0,22758.0,0.18143459915611881
20260612,AO2608,2887.0,7256.0,37637.0,0.1496363006581216
20260612,AO2609,2923.0,449055.0,279615.0,0.06568593910366083
20260612,AO2610,2939.0,11876.0,58544.0,0.069411364409663
20260612,AO2611,2956.0,1231.0,3675.0,0.05277401894451916
20260612,AO2612,2969.0,542.0,2364.0,0.0013169795754632964
20260612,AO2701,2998.0,4403.0,14154.0,0.020013342228152098
20260612,AO2702,3003.0,56.0,321.0,0.11188811188811076
20260612,AO2703,3031.0,273.0,1082.0,-0.003959089409436345
20260612,AO2704,3030.0,170.0,297.0,0.007920792079208816
20260612,AO2705,3032.0,144.0,758.0,0.0
20260615,AO2606,2779.0,0.0,4515.0,0.27204030226700304
20260615,AO2607,2842.0,16555.0,23004.0,0.11400422237860752
20260615,AO2608,2869.0,9180.0,36816.0,0.16312303938654527
20260615,AO2609,2908.0,396888.0,276633.0,0.05364511691884566
20260615,AO2610,2921.0,12592.0,57772.0,0.07394727832933867
20260615,AO2611,2939.0,605.0,3642.0,0.08982647158897628
20260615,AO2612,2961.0,693.0,2347.0,0.0014116093484967454
20260615,AO2701,2992.0,4416.0,13902.0,0.14037433155080237
20260615,AO2702,3027.0,43.0,342.0,-0.051536174430129034
20260615,AO2703,3014.0,174.0,1111.0,0.05573988055739765
20260615,AO2704,3028.0,82.0,292.0,0.023778071334214168
20260615,AO2705,3034.0,142.0,782.0,0.0
20260616,AO2607,2840.0,10584.0,21876.0,0.0971830985915485
20260616,AO2608,2863.0,7058.0,35768.0,0.18442193503318283
20260616,AO2609,2907.0,340094.0,272998.0,0.0660474716202275
20260616,AO2610,2923.0,6905.0,57728.0,0.06979131029763863
20260616,AO2611,2940.0,697.0,3573.0,0.09795918367347056
20260616,AO2612,2964.0,220.0,2357.0,0.0009097939316744694
20260616,AO2701,2984.0,2906.0,13669.0,0.02815013404825706
20260616,AO2702,2991.0,34.0,363.0,0.1003009027081232
20260616,AO2703,3016.0,110.0,1150.0,0.019893899204243226
20260616,AO2704,3021.0,15.0,296.0,0.011916583912611856
20260616,AO2705,3024.0,89.0,800.0,0.07539682539682602
20260616,AO2706,3043.0,0.0,0.0,0.0
20260617,AO2607,2850.0,15827.0,21530.0,0.10105263157894662
20260617,AO2608,2874.0,7001.0,36218.0,0.16701461377870608
20260617,AO2609,2914.0,355473.0,280005.0,0.04529855868222388
20260617,AO2610,2925.0,6084.0,57605.0,0.07384615384615412
20260617,AO2611,2943.0,523.0,3581.0,0.06931702344546498
20260617,AO2612,2960.0,219.0,2249.0,0.0010021257212268421
20260617,AO2701,2982.0,3779.0,13374.0,0.0724346076458744
20260617,AO2702,3000.0,40.0,364.0,0.05999999999999872
20260617,AO2703,3015.0,95.0,1158.0,0.0
20260617,AO2704,3015.0,8.0,296.0,0.043781094527363784
20260617,AO2705,3026.0,112.0,818.0,0.06345009914077959
20260617,AO2706,3042.0,12.0,5.0,0.0
20260618,AO2607,2830.0,14972.0,21935.0,0.12720848056537193
20260618,AO2608,2860.0,6849.0,36231.0,0.15944055944056057
20260618,AO2609,2898.0,434946.0,275843.0,0.05383022774327184
20260618,AO2610,2911.0,8281.0,58257.0,0.08244589488148346
20260618,AO2611,2931.0,778.0,3585.0,0.0696008188331616
20260618,AO2612,2948.0,441.0,2333.0,0.0010976781058954412
20260618,AO2701,2972.0,4786.0,13568.0,0.04441453566621778
20260618,AO2702,2983.0,39.0,348.0,0.06436473348977412
20260618,AO2703,2999.0,101.0,1186.0,0.044014671557185636
20260618,AO2704,3010.0,20.0,299.0,0.04784053156146051
20260618,AO2705,3022.0,191.0,875.0,-0.007941760423560318
20260618,AO2706,3020.0,18.0,9.0,0.0
20260622,AO2607,2861.0,17269.0,22376.0,0.1006641034603275
20260622,AO2608,2885.0,8638.0,35574.0,0.13310225303292889
20260622,AO2609,2917.0,384184.0,289422.0,0.057593417895097865
20260622,AO2610,2931.0,8970.0,58799.0,0.057318321392016536
20260622,AO2611,2945.0,1193.0,3590.0,0.08964346349745256
20260622,AO2612,2967.0,514.0,2303.0,0.0014541984299201198
20260622,AO2701,2999.0,5193.0,13646.0,0.02800933644548298
20260622,AO2702,3006.0,20.0,351.0,0.06387225548902098
20260622,AO2703,3022.0,170.0,1211.0,0.011912640635341809
20260622,AO2704,3025.0,32.0,291.0,0.019834710743801054
20260622,AO2705,3030.0,204.0,900.0,-0.023762376237623783
20260622,AO2706,3024.0,10.0,11.0,0.0
20260623,AO2607,2787.0,20349.0,17708.0,0.13347685683530663
20260623,AO2608,2818.0,7074.0,34459.0,0.1064584811923357
20260623,AO2609,2843.0,433901.0,284194.0,0.06753429475905648
20260623,AO2610,2859.0,12717.0,58792.0,0.0797481636935986
20260623,AO2611,2878.0,860.0,3603.0,0.12091730368311371
20260623,AO2612,2907.0,192.0,2337.0,0.0008812513769552733
20260623,AO2701,2926.0,4877.0,13601.0,0.04921394395078593
20260623,AO2702,2938.0,67.0,324.0,0.10211027910142878
20260623,AO2703,2963.0,53.0,1216.0,0.0688491393857582
20260623,AO2704,2980.0,45.0,275.0,-0.004026845637584486
20260623,AO2705,2979.0,270.0,825.0,0.008056394763343633
20260623,AO2706,2981.0,23.0,16.0,0.0
20260624,AO2607,2812.0,25148.0,16954.0,0.13655761024182134
20260624,AO2608,2844.0,6223.0,33747.0,0.12658227848101244
20260624,AO2609,2874.0,262094.0,281517.0,0.09185803757828914
20260624,AO2610,2896.0,9482.0,60318.0,0.05801104972375626
20260624,AO2611,2910.0,936.0,3848.0,0.11546391752577279
20260624,AO2612,2938.0,465.0,2463.0,0.0008719529451357915
20260624,AO2701,2957.0,2898.0,13758.0,-0.004058167061211204
20260624,AO2702,2956.0,11.0,324.0,0.11772665764546808
20260624,AO2703,2985.0,60.0,1221.0,0.03618090452261402
20260624,AO2704,2994.0,18.0,271.0,0.056112224448898296
20260624,AO2705,3008.0,149.0,865.0,-0.019946808510638014
20260624,AO2706,3003.0,8.0,21.0,0.0
20260625,AO2607,2775.0,14884.0,11893.0,0.07783783783783704
20260625,AO2608,2793.0,6992.0,32196.0,0.1245972073039745
20260625,AO2609,2822.0,328201.0,273320.0,0.08929836995038887
20260625,AO2610,2843.0,9748.0,60844.0,0.07597608160393854
20260625,AO2611,2861.0,1575.0,4265.0,0.05872072701852371
20260625,AO2612,2875.0,228.0,2419.0,0.0011255495847581798
20260625,AO2701,2899.0,4625.0,13393.0,0.03725422559503144
20260625,AO2702,2908.0,19.0,322.0,0.15268225584594308
20260625,AO2703,2945.0,90.0,1228.0,0.0
20260625,AO2704,2945.0,29.0,271.0,-0.008149405772495566
20260625,AO2705,2943.0,244.0,843.0,0.06931702344546498
20260625,AO2706,2960.0,25.0,17.0,0.0
20260626,AO2607,2738.0,7794.0,8612.0,0.14024835646457312
20260626,AO2608,2770.0,23674.0,13988.0,0.13429602888086567
20260626,AO2609,2801.0,247102.0,270844.0,0.07711531595858556
20260626,AO2610,2819.0,11203.0,63808.0,0.08087974459027958
20260626,AO2611,2838.0,6214.0,7234.0,0.05496828752642813
20260626,AO2612,2851.0,164.0,2444.0,0.0011823172630143482
20260626,AO2701,2876.0,3631.0,13597.0,0.041724617524340424
20260626,AO2702,2886.0,7.0,322.0,0.08316008316008272
20260626,AO2703,2906.0,347.0,986.0,0.10323468685478243
20260626,AO2704,2931.0,17.0,268.0,-0.004094165813715467
20260626,AO2705,2930.0,190.0,789.0,0.05324232081911262
20260626,AO2706,2943.0,9.0,14.0,0.0
