date,symbol,close,volume,open_interest,roll_yield
20250526,AU2506,775.52,44585.0,33499.0,0.0136089503734723
20250526,AU2507,776.4,4361.0,3314.0,0.0139022992958261
20250526,AU2508,777.3,296331.0,216132.0,0.0148022586832796
20250526,AU2510,779.22,158611.0,111536.0,0.0141513127358501
20250526,AU2512,781.06,24473.0,63537.0,0.0154973426138782
20250526,AU2602,783.08,6067.0,14083.0,0.0153045690572186
20250526,AU2604,785.08,3082.0,9170.0,0.0195330555545463
20250526,AU2606,787.64,2038.0,1470.0,0.0
20250527,AU2506,769.72,22432.0,25510.0,0.0090388440787411
20250527,AU2507,770.3,4719.0,1405.0,0.0202347800718479
20250527,AU2508,771.6,228706.0,204795.0,0.0141357458815898
20250527,AU2510,773.42,124634.0,114447.0,0.0145668752784455
20250527,AU2512,775.3,18767.0,64954.0,0.0170015569708558
20250527,AU2602,777.5,4129.0,14365.0,0.0192616537814891
20250527,AU2604,780.0,4509.0,9865.0,0.0179730538787915
20250527,AU2606,782.34,3916.0,4004.0,0.0
20250528,AU2506,770.38,13302.0,22905.0,0.0105875032817848
20250528,AU2507,771.06,2277.0,678.0,0.0189718442461348
20250528,AU2508,772.28,210848.0,199056.0,0.0148983574555915
20250528,AU2510,774.2,120978.0,115698.0,0.0139336922380251
20250528,AU2512,776.0,18977.0,66055.0,0.016677830267797
20250528,AU2602,778.16,4277.0,14690.0,0.017092931857408
20250528,AU2604,780.38,5187.0,9909.0,0.0185775299070099
20250528,AU2606,782.8,1868.0,4755.0,0.0
20250529,AU2506,762.6,15106.0,15842.0,0.0084942392158173
20250529,AU2507,763.14,1205.0,650.0,0.0185405874024436
20250529,AU2508,764.32,250594.0,195076.0,0.0159929015168392
20250529,AU2510,766.36,144246.0,117928.0,0.014232284750106
20250529,AU2512,768.18,24392.0,66708.0,0.0174704400047009
20250529,AU2602,770.42,3940.0,14711.0,0.0163324663048353
20250529,AU2604,772.52,3145.0,9907.0,0.0179919481318637
20250529,AU2606,774.84,1016.0,4895.0,0.0
20250530,AU2506,770.18,8745.0,12864.0,0.0140145092035614
20250530,AU2507,771.08,1547.0,933.0,0.0111998348895315
20250530,AU2508,771.8,236013.0,181246.0,0.0133564624306418
20250530,AU2510,773.52,133141.0,116869.0,0.0145649943692201
20250530,AU2512,775.4,18946.0,67303.0,0.014375336955246
20250530,AU2602,777.26,4026.0,14393.0,0.0191136963181806
20250530,AU2604,779.74,2853.0,9931.0,0.0172118039297019
20250530,AU2606,781.98,2051.0,5607.0,0.0
20250603,AU2506,781.0,1338.0,12420.0,0.0214916265710595
20250603,AU2507,782.4,1053.0,842.0,0.0107313964354147
20250603,AU2508,783.1,131022.0,180833.0,0.0143870279636862
20250603,AU2510,784.98,79253.0,123204.0,0.0138950805843844
20250603,AU2512,786.8,14495.0,67913.0,0.0167534059858211
20250603,AU2602,789.0,3579.0,14067.0,0.0164034124040053
20250603,AU2604,791.16,2091.0,9938.0,0.0186272061168144
20250603,AU2606,793.62,1394.0,6069.0,0.0
20250604,AU2506,781.02,1755.0,11547.0,0.0061442360728932
20250604,AU2507,781.42,3162.0,1902.0,0.0153468406430256
20250604,AU2508,782.42,191944.0,180310.0,0.0142465120868234
20250604,AU2510,784.28,126754.0,123575.0,0.0160442202742739
20250604,AU2512,786.38,21074.0,69319.0,0.0184360027729543
20250604,AU2602,788.8,6778.0,15907.0,0.0165592782570478
20250604,AU2604,790.98,7212.0,10185.0,0.0193875916549794
20250604,AU2606,793.54,5273.0,8722.0,0.0
20250605,AU2506,781.78,1479.0,10929.0,0.0177923239303168
20250605,AU2507,782.94,878.0,1894.0,0.0119489880042665
20250605,AU2508,783.72,198422.0,182808.0,0.013917394053438
20250605,AU2510,785.54,126740.0,124581.0,0.0158661639913908
20250605,AU2512,787.62,17289.0,70117.0,0.0162801707612556
20250605,AU2602,789.76,2891.0,15849.0,0.015023719515755
20250605,AU2604,791.74,3176.0,10537.0,0.019217932975753
20250605,AU2606,794.28,1271.0,8803.0,0.0
20250606,AU2506,781.0,2550.0,10374.0,0.019957786216187
20250606,AU2507,782.3,4227.0,2924.0,0.0144103649290985
20250606,AU2508,783.24,272195.0,178314.0,0.0151486251619074
20250606,AU2510,785.22,176465.0,124748.0,0.0146531401532977
20250606,AU2512,787.14,23676.0,70468.0,0.0153777918346484
20250606,AU2602,789.16,4735.0,15663.0,0.0151868057186395
20250606,AU2604,791.16,3899.0,10299.0,0.0169637110021276
20250606,AU2606,793.4,1827.0,8910.0,0.0
20250609,AU2506,772.04,1779.0,9882.0,0.0263944522823969
20250609,AU2507,773.74,2013.0,3020.0,0.0151892868658408
20250609,AU2508,774.72,255991.0,173184.0,0.0146969789988409
20250609,AU2510,776.62,164195.0,126891.0,0.0138903241376779
20250609,AU2512,778.42,22841.0,70974.0,0.0183168649586163
20250609,AU2602,780.8,4538.0,15780.0,0.0118223613873197
20250609,AU2604,782.34,2311.0,10375.0,0.019448467150197
20250609,AU2606,784.88,842.0,8879.0,0.0
20250610,AU2506,774.0,849.0,9498.0,0.0021703463570211
20250610,AU2507,774.14,1066.0,3071.0,0.0142525191037983
20250610,AU2508,775.06,179960.0,170163.0,0.0145360895840509
20250610,AU2510,776.94,124535.0,130388.0,0.0132681977443045
20250610,AU2512,778.66,14434.0,71332.0,0.0178502863058828
20250610,AU2602,780.98,3030.0,15822.0,0.0151924068023754
20250610,AU2604,782.96,2127.0,10409.0,0.0159183766840439
20250610,AU2606,785.04,478.0,8889.0,0.0
20250611,AU2506,775.24,810.0,8769.0,0.014541518583408
20250611,AU2507,776.18,857.0,3060.0,0.0210076515305656
20250611,AU2508,777.54,165488.0,168745.0,0.0151055929347185
20250611,AU2510,779.5,119166.0,132180.0,0.013839063029204
20250611,AU2512,781.3,15677.0,72029.0,0.0179431933027974
20250611,AU2602,783.64,4891.0,16732.0,0.0148354034873138
20250611,AU2604,785.58,5741.0,11576.0,0.0176932787035526
20250611,AU2606,787.9,1470.0,8884.0,0.0
20250612,AU2506,782.6,117.0,8703.0,0.0229782415267695
20250612,AU2507,784.1,972.0,3120.0,0.0162114651932574
20250612,AU2508,785.16,218198.0,172351.0,0.0143493262642924
20250612,AU2510,787.04,167868.0,137137.0,0.0140108698622642
20250612,AU2512,788.88,24266.0,73303.0,0.0174677034377281
20250612,AU2602,791.18,5146.0,16682.0,0.0162070152187524
20250612,AU2604,793.32,9363.0,13886.0,0.0185765676049767
20250612,AU2606,795.78,1972.0,9240.0,0.0
20250613,AU2506,794.0,12.0,8697.0,-0.0051396395479773
20250613,AU2507,793.66,2465.0,3136.0,0.0105792125339161
20250613,AU2508,794.36,294538.0,176354.0,0.0146354416046114
20250613,AU2510,796.3,218765.0,138633.0,0.0144494964850591
20250613,AU2512,798.22,37183.0,75261.0,0.0162141972813768
20250613,AU2602,800.38,6398.0,17147.0,0.016020971525169
20250613,AU2604,802.52,12124.0,16283.0,0.0171712387159716
20250613,AU2606,804.82,2938.0,9448.0,0.0
20250616,AU2506,791.0,117.0,8796.0,0.0100084673386695
20250616,AU2507,791.66,1736.0,3259.0,0.0096972151038389
20250616,AU2508,792.3,228842.0,176263.0,0.0146734476299486
20250616,AU2510,794.24,173701.0,139601.0,0.013582519571547
20250616,AU2512,796.04,22088.0,76853.0,0.0165592096476893
20250616,AU2602,798.24,3737.0,17210.0,0.0168134617630056
20250616,AU2604,800.48,3620.0,16316.0,0.0173644150937283
20250616,AU2606,802.8,1408.0,9505.0,0.0
20250617,AU2507,784.62,1767.0,3274.0,0.0070331912569479
20250617,AU2508,785.08,192889.0,168935.0,0.0177175909792311
20250617,AU2509,786.24,380.0,109.0,0.0109839824602584
20250617,AU2510,786.96,149584.0,137915.0,0.0140122925035385
20250617,AU2512,788.8,27218.0,79465.0,0.0182278621204608
20250617,AU2602,791.2,5946.0,17175.0,0.0162066060896684
20250617,AU2604,793.34,2932.0,16194.0,0.0179729030719756
20250617,AU2606,795.72,1397.0,9491.0,0.0
20250618,AU2507,785.06,1229.0,3308.0,0.005501502821642
20250618,AU2508,785.42,164233.0,162421.0,0.0265550986542401
20250618,AU2509,787.16,1251.0,612.0,0.0018292218220938
20250618,AU2510,787.28,126021.0,137143.0,0.014614845346382
20250618,AU2512,789.2,17759.0,80873.0,0.016854156923986
20250618,AU2602,791.42,3034.0,17124.0,0.0171093422351344
20250618,AU2604,793.68,2790.0,16696.0,0.0170606926640038
20250618,AU2606,795.94,930.0,9627.0,0.0
20250619,AU2507,781.54,1568.0,3566.0,-0.0046071744509406
20250619,AU2508,781.24,190490.0,161031.0,0.0303747141966795
20250619,AU2509,783.22,1649.0,1134.0,0.000306423400549
20250619,AU2510,783.24,149627.0,137487.0,0.0142316146145014
20250619,AU2512,785.1,26346.0,76817.0,0.0170944634978867
20250619,AU2602,787.34,4009.0,17247.0,0.0175018196616557
20250619,AU2604,789.64,2780.0,16810.0,0.0168447786896637
20250619,AU2606,791.86,761.0,9711.0,0.0
20250620,AU2507,778.52,1717.0,3385.0,0.0009247960957633
20250620,AU2508,778.58,149695.0,156301.0,0.0335526787526637
20250620,AU2509,780.76,3923.0,2848.0,-0.0064569856147633
20250620,AU2510,780.34,122992.0,137113.0,0.0145912601189343
20250620,AU2512,782.24,16181.0,77498.0,0.0144028261913287
20250620,AU2602,784.12,3181.0,17334.0,0.0166579748114802
20250620,AU2604,786.3,3689.0,17003.0,0.0126535689041075
20250620,AU2606,787.96,2494.0,9078.0,0.0
20250623,AU2507,779.02,4917.0,2675.0,0.0350697542468438
20250623,AU2508,781.3,158979.0,152462.0,0.036498897133251
20250623,AU2509,783.68,6779.0,5656.0,-0.0070457593446676
20250623,AU2510,783.22,138392.0,135504.0,0.0136205437839668
20250623,AU2512,785.0,17019.0,78362.0,0.0177063321742692
20250623,AU2602,787.32,3279.0,17216.0,0.0143100060220425
20250623,AU2604,789.2,2868.0,17356.0,0.0135174530968401
20250623,AU2606,790.98,1702.0,8743.0,0.0
20250624,AU2507,770.48,6449.0,2467.0,0.0214738701183075
20250624,AU2508,771.86,248445.0,147344.0,0.0298129083755483
20250624,AU2509,773.78,4090.0,6521.0,0.002170963370914
20250624,AU2510,773.92,195579.0,138130.0,0.0133199156384648
20250624,AU2512,775.64,28907.0,79179.0,0.0146795679657643
20250624,AU2602,777.54,7011.0,17110.0,0.0138739078312171
20250624,AU2604,779.34,6432.0,16164.0,0.0158386498423353
20250624,AU2606,781.4,4767.0,8171.0,0.0
20250625,AU2507,772.48,2019.0,1905.0,0.0226587928318546
20250625,AU2508,773.94,159583.0,145732.0,0.0241635769379238
20250625,AU2509,775.5,7722.0,7858.0,0.0046412686712797
20250625,AU2510,775.8,137107.0,138523.0,0.0139049888421762
20250625,AU2512,777.6,25359.0,79046.0,0.0163357663902901
20250625,AU2602,779.72,7933.0,17650.0,0.0150634125488609
20250625,AU2604,781.68,7315.0,16684.0,0.0154850665363876
20250625,AU2606,783.7,2877.0,9020.0,0.0
20250626,AU2507,773.82,1593.0,1271.0,0.0226195922632765
20250626,AU2508,775.28,128026.0,135267.0,0.0176322774521729
20250626,AU2509,776.42,6827.0,9061.0,0.0132844191979837
20250626,AU2510,777.28,117916.0,142787.0,0.0146486330038567
20250626,AU2512,779.18,18035.0,80132.0,0.015995497925448
20250626,AU2602,781.26,7806.0,17704.0,0.0176378240790454
20250626,AU2604,783.56,8150.0,17373.0,0.0152952055909356
20250626,AU2606,785.56,964.0,9028.0,0.0
20250627,AU2507,765.62,618.0,1084.0,0.0122191626855402
20250627,AU2508,766.4,169217.0,129822.0,0.0209628900742555
20250627,AU2509,767.74,1755.0,8998.0,0.0140590234647029
20250627,AU2510,768.64,174515.0,148475.0,0.0138786074121722
20250627,AU2512,770.42,25321.0,81148.0,0.0178856231046867
20250627,AU2602,772.72,4652.0,17840.0,0.0165936600162832
20250627,AU2604,774.86,3598.0,17472.0,0.01515777254914
20250627,AU2606,776.82,968.0,9280.0,0.0
20250630,AU2507,765.78,442.0,939.0,-0.0050155430316618
20250630,AU2508,765.46,147042.0,119087.0,0.0197365889235122
20250630,AU2509,766.72,2100.0,9130.0,0.0134523901202804
20250630,AU2510,767.58,211285.0,155821.0,0.0135857953810055
20250630,AU2512,769.32,28172.0,80989.0,0.0162002279217658
20250630,AU2602,771.4,4906.0,17966.0,0.0156911574262707
20250630,AU2604,773.42,3163.0,17491.0,0.0164239334037132
20250630,AU2606,775.54,1506.0,9385.0,0.0
20250701,AU2507,772.24,96.0,924.0,0.0257674048326456
20250701,AU2508,773.9,83291.0,110096.0,0.0189022776040238
20250701,AU2509,775.12,797.0,9098.0,0.0151622614001349
20250701,AU2510,776.1,171739.0,167465.0,0.0138996201158117
20250701,AU2512,777.9,18408.0,81240.0,0.016329475006947
20250701,AU2602,780.02,2597.0,17969.0,0.0153645317116936
20250701,AU2604,782.02,1842.0,17647.0,0.014406873173048
20250701,AU2606,783.9,788.0,9435.0,0.0
20250702,AU2507,771.82,879.0,927.0,0.0298144515282723
20250702,AU2508,773.74,73175.0,103401.0,0.0161186189088997
20250702,AU2509,774.78,700.0,9093.0,0.0194993659186378
20250702,AU2510,776.04,202457.0,168596.0,0.0151347535913396
20250702,AU2512,778.0,21045.0,83453.0,0.0155582172129674
20250702,AU2602,780.02,3172.0,18005.0,0.0165919962345784
20250702,AU2604,782.18,1782.0,17582.0,0.0133324874474821
20250702,AU2606,783.92,662.0,9381.0,0.0
20250703,AU2507,775.52,48.0,912.0,0.0524948728357394
20250703,AU2508,778.92,53873.0,98320.0,0.0178576043218344
20250703,AU2509,780.08,577.0,9080.0,0.0184454614378375
20250703,AU2510,781.28,189582.0,175461.0,0.0133478288124302
20250703,AU2512,783.02,19346.0,84854.0,0.0162228442878375
20250703,AU2602,785.14,2294.0,17957.0,0.0154169136529645
20250703,AU2604,787.16,1295.0,17776.0,0.0132482319729304
20250703,AU2606,788.9,527.0,9429.0,0.0
20250704,AU2507,772.52,21.0,906.0,0.0366033630062442
20250704,AU2508,774.88,53073.0,93922.0,0.016404227416291
20250704,AU2509,775.94,386.0,9088.0,0.0173084382872912
20250704,AU2510,777.06,213782.0,175040.0,0.0134202362069624
20250704,AU2512,778.8,24526.0,85287.0,0.0173861878479054
20250704,AU2602,781.06,2563.0,18102.0,0.013504878198098
20250704,AU2604,782.82,1469.0,17919.0,0.0159212197623365
20250704,AU2606,784.9,834.0,9469.0,0.0
20250707,AU2507,768.9,12.0,909.0,0.0034329852901847
20250707,AU2508,769.12,52497.0,81751.0,0.0227576868884266
20250707,AU2509,770.58,379.0,9101.0,0.0112070986432062
20250707,AU2510,771.3,190256.0,175760.0,0.0146068651857966
20250707,AU2512,773.18,17799.0,86042.0,0.0148810368992773
20250707,AU2602,775.1,2914.0,18210.0,0.0163883837200599
20250707,AU2604,777.22,1233.0,17906.0,0.0154198126554689
20250707,AU2606,779.22,644.0,9520.0,0.0
20250708,AU2507,772.8,60.0,879.0,0.0207894346540474
20250708,AU2508,774.14,38707.0,77398.0,0.0120847491911957
20250708,AU2509,774.92,820.0,9118.0,0.0201142432694466
20250708,AU2510,776.22,187574.0,179131.0,0.0154396523786649
20250708,AU2512,778.22,14527.0,86352.0,0.0160152034104348
20250708,AU2602,780.3,2164.0,18297.0,0.0142851724482009
20250708,AU2604,782.16,752.0,17965.0,0.01593463653633
20250708,AU2606,784.24,558.0,9619.0,0.0
20250709,AU2507,764.6,6.0,879.0,0.0015693454544049
20250709,AU2508,764.7,70430.0,75149.0,0.0131744053383279
20250709,AU2509,765.54,1234.0,8926.0,0.0200475130810919
20250709,AU2510,766.82,310838.0,181258.0,0.0132869646702167
20250709,AU2512,768.52,34732.0,87982.0,0.0145038734607316
20250709,AU2602,770.38,9603.0,17370.0,0.0138472969782661
20250709,AU2604,772.16,6915.0,17040.0,0.0159857309476138
20250709,AU2606,774.22,5257.0,7937.0,0.0
20250710,AU2507,770.48,3.0,879.0,0.0093411873213825
20250710,AU2508,771.08,36525.0,71251.0,0.0143090459446259
20250710,AU2509,772.0,339.0,8888.0,0.0201902590825637
20250710,AU2510,773.3,205604.0,184003.0,0.0127112123189142
20250710,AU2512,774.94,16402.0,88429.0,0.0140748920636624
20250710,AU2602,776.76,4023.0,17405.0,0.0174317828202538
20250710,AU2604,779.02,1452.0,16994.0,0.0120030817153148
20250710,AU2606,780.58,1219.0,7764.0,0.0
20250711,AU2507,770.48,0.0,879.0,0.0143201822582233
20250711,AU2508,771.4,39664.0,66712.0,0.0155460573627845
20250711,AU2509,772.4,277.0,8857.0,0.0180082312768609
20250711,AU2510,773.56,217649.0,181932.0,0.0148737358614544
20250711,AU2512,775.48,26330.0,91009.0,0.0136019430709156
20250711,AU2602,777.24,3015.0,17443.0,0.0152654182033676
20250711,AU2604,779.22,1697.0,17139.0,0.0127684170999346
20250711,AU2606,780.88,1519.0,7579.0,0.0
20250714,AU2507,778.5,18.0,879.0,0.0073965639139676
20250714,AU2508,778.98,44116.0,62625.0,0.0150871766060274
20250714,AU2509,779.96,389.0,8848.0,0.0221345556430083
20250714,AU2510,781.4,249578.0,191083.0,0.0159501141934339
20250714,AU2512,783.48,27458.0,91191.0,0.0154495362548005
20250714,AU2602,785.5,6488.0,18370.0,0.0151050951372635
20250714,AU2604,787.48,1631.0,17055.0,0.0120263401802517
20250714,AU2606,789.06,1307.0,7596.0,0.0
20250715,AU2507,773.0,6.0,879.0,0.0761357104840393
20250715,AU2508,777.92,35009.0,58446.0,0.020652723473387
20250715,AU2509,779.26,744.0,9106.0,0.0175422879809828
20250715,AU2510,780.4,216294.0,198270.0,0.0164305834183405
20250715,AU2512,782.54,26611.0,94462.0,0.0147032619846301
20250715,AU2602,784.46,5526.0,18374.0,0.0129885064283209
20250715,AU2604,786.16,2152.0,17205.0,0.0179846198616329
20250715,AU2606,788.52,2035.0,8024.0,0.0
20250716,AU2508,774.26,32930.0,55771.0,0.0232255140178903
20250716,AU2509,775.76,331.0,9141.0,0.0139137620102227
20250716,AU2510,776.66,259450.0,200708.0,0.0154309166142711
20250716,AU2512,778.66,31392.0,95098.0,0.0147764370109573
20250716,AU2602,780.58,3215.0,18452.0,0.0145867792853408
20250716,AU2604,782.48,2019.0,16880.0,0.0168457702736835
20250716,AU2606,784.68,1018.0,8039.0,0.0128322688693264
20250716,AU2608,786.36,137.0,24.0,0.0
20250717,AU2508,773.96,47780.0,53205.0,0.0185912038838463
20250717,AU2509,775.16,443.0,9162.0,0.0173258422301484
20250717,AU2510,776.28,375362.0,203084.0,0.0162093418024904
20250717,AU2512,778.38,43343.0,97403.0,0.0153968623586607
20250717,AU2602,780.38,9869.0,19858.0,0.0158175697244356
20250717,AU2604,782.44,6099.0,18084.0,0.0142461483627724
20250717,AU2606,784.3,5269.0,9626.0,0.0136018092103048
20250717,AU2608,786.08,114.0,62.0,0.0
20250718,AU2508,774.6,22591.0,49928.0,0.0198132236332695
20250718,AU2509,775.88,370.0,9205.0,0.0176186521443329
20250718,AU2510,777.02,221277.0,202287.0,0.0163479434880499
20250718,AU2512,779.14,20697.0,97809.0,0.015842710154382
20250718,AU2602,781.2,3660.0,20358.0,0.0165669686479683
20250718,AU2604,783.36,3651.0,18505.0,0.0148406996218617
20250718,AU2606,785.3,1287.0,9754.0,0.0158710065325284
20250718,AU2608,787.38,1532.0,859.0,0.0
20250721,AU2508,779.32,28534.0,45495.0,0.019385862283931
20250721,AU2509,780.58,3629.0,9094.0,0.017205625499249
20250721,AU2510,781.7,216188.0,211239.0,0.0150253055472
20250721,AU2512,783.66,24789.0,100345.0,0.0165150345112913
20250721,AU2602,785.82,4785.0,21142.0,0.0154035899200044
20250721,AU2604,787.84,3887.0,19630.0,0.0150602870546716
20250721,AU2606,789.82,2571.0,9973.0,0.0194160199769886
20250721,AU2608,792.38,5622.0,3699.0,0.0
20250722,AU2508,782.5,25775.0,42972.0,0.0147130213327974
20250722,AU2509,783.46,2046.0,8691.0,0.021118413918314
20250722,AU2510,784.84,215395.0,216722.0,0.0143551698703698
20250722,AU2512,786.72,31505.0,104970.0,0.0155381303991348
20250722,AU2602,788.76,2917.0,21173.0,0.0159532133336652
20250722,AU2604,790.86,2703.0,19467.0,0.0153055508761423
20250722,AU2606,792.88,4672.0,9977.0,0.0178324187380971
20250722,AU2608,795.24,5010.0,5586.0,0.0
20250723,AU2508,790.3,24843.0,41085.0,0.0206326380193602
20250723,AU2509,791.66,737.0,8618.0,0.0187812427897211
20250723,AU2510,792.9,286795.0,222387.0,0.0164737694642706
20250723,AU2512,795.08,45092.0,111896.0,0.0134175967068959
20250723,AU2602,796.86,5445.0,21479.0,0.0166923676219013
20250723,AU2604,799.08,2794.0,19795.0,0.0178439908095417
20250723,AU2606,801.46,5912.0,10801.0,0.0173432130921549
20250723,AU2608,803.78,809.0,5631.0,0.0
20250724,AU2508,776.24,34329.0,31173.0,0.0194627200361414
20250724,AU2509,777.5,4400.0,6528.0,0.0191230184920018
20250724,AU2510,778.74,331217.0,213456.0,0.0164655596339227
20250724,AU2512,780.88,46395.0,110694.0,0.0177996140975462
20250724,AU2602,783.2,5194.0,21465.0,0.0153022271160317
20250724,AU2604,785.2,6763.0,20816.0,0.0187683735809526
20250724,AU2606,787.66,6576.0,13066.0,0.0174947196119252
20250724,AU2608,789.96,2906.0,7162.0,0.0
20250725,AU2508,774.7,17532.0,30098.0,0.0179548067754996
20250725,AU2509,775.86,1691.0,5979.0,0.0225601735282495
20250725,AU2510,777.32,190255.0,211851.0,0.0155718099044698
20250725,AU2512,779.34,21158.0,111093.0,0.01798825193304
20250725,AU2602,781.68,2815.0,21887.0,0.0148725560083309
20250725,AU2604,783.62,2595.0,21140.0,0.0200272821720284
20250725,AU2606,786.24,1249.0,13284.0,0.0149386525685349
20250725,AU2608,788.2,834.0,7329.0,0.0
20250728,AU2508,772.0,17088.0,24710.0,0.0239139797299611
20250728,AU2509,773.54,4543.0,4390.0,0.0192208370121081
20250728,AU2510,774.78,256019.0,209675.0,0.0171673936861931
20250728,AU2512,777.0,31873.0,112653.0,0.0175803965703169
20250728,AU2602,779.28,5571.0,22248.0,0.017068400392987
20250728,AU2604,781.5,5668.0,22137.0,0.0174793131899734
20250728,AU2606,783.78,4878.0,14619.0,0.0159017447376503
20250728,AU2608,785.86,4452.0,8922.0,0.0
20250729,AU2508,768.68,14652.0,21490.0,0.0258866132018529
20250729,AU2509,770.34,1190.0,4468.0,0.0171230684529821
20250729,AU2510,771.44,219932.0,212407.0,0.0167762756217329
20250729,AU2512,773.6,27357.0,113606.0,0.0170388652006927
20250729,AU2602,775.8,6219.0,23086.0,0.0189954214486194
20250729,AU2604,778.26,3243.0,22148.0,0.0161681585305444
20250729,AU2606,780.36,1627.0,14681.0,0.0171981486435084
20250729,AU2608,782.6,885.0,9042.0,0.0
20250730,AU2508,770.34,10290.0,19971.0,0.0308039529736268
20250730,AU2509,772.32,934.0,4614.0,0.0226634825789684
20250730,AU2510,773.78,206379.0,214105.0,0.0153335912151639
20250730,AU2512,775.76,25383.0,115693.0,0.0172999810926053
20250730,AU2602,778.0,7917.0,23838.0,0.0154043730314744
20250730,AU2604,780.0,1757.0,22182.0,0.019200016384025
20250730,AU2606,782.5,1217.0,14712.0,0.0160806681668635
20250730,AU2608,784.6,359.0,9061.0,0.0
20250731,AU2508,766.8,8570.0,17788.0,0.0396839191453307
20250731,AU2509,769.34,1053.0,4748.0,0.0146529681370391
20250731,AU2510,770.28,260701.0,217080.0,0.0152477845720352
20250731,AU2512,772.24,36959.0,119395.0,0.0186181365774957
20250731,AU2602,774.64,10699.0,24683.0,0.0150075502747567
20250731,AU2604,776.58,3089.0,22195.0,0.0169735737104227
20250731,AU2606,778.78,2410.0,14804.0,0.0203051084701565
20250731,AU2608,781.42,823.0,9069.0,0.0
20250801,AU2508,767.44,1261.0,17340.0,0.0315440353412765
20250801,AU2509,769.46,875.0,4915.0,0.0196340731253449
20250801,AU2510,770.72,189185.0,218768.0,0.0171024447893341
20250801,AU2512,772.92,23352.0,119557.0,0.0162797107510767
20250801,AU2602,775.02,8666.0,25013.0,0.0157723919494302
20250801,AU2604,777.06,1492.0,22136.0,0.0178869860827451
20250801,AU2606,779.38,943.0,14816.0,0.0162985083051383
20250801,AU2608,781.5,584.0,9103.0,0.0
20250804,AU2508,778.28,1857.0,17124.0,0.0258753565705304
20250804,AU2509,779.96,1738.0,5023.0,0.0224416927413473
20250804,AU2510,781.42,271828.0,217696.0,0.0174811000779229
20250804,AU2512,783.7,47075.0,122717.0,0.0172776389410566
20250804,AU2602,785.96,17806.0,26873.0,0.0164667718726322
20250804,AU2604,788.12,3347.0,21803.0,0.0170290520270974
20250804,AU2606,790.36,2623.0,14756.0,0.0159209605553107
20250804,AU2608,792.46,885.0,9121.0,0.0
20250805,AU2508,779.6,1737.0,16572.0,0.0218374808762186
20250805,AU2509,781.02,1553.0,5129.0,0.0227179764946123
20250805,AU2510,782.5,193353.0,218652.0,0.0176099150210694
20250805,AU2512,784.8,29455.0,124100.0,0.0166435612963513
20250805,AU2602,786.98,10757.0,27466.0,0.015685089071157
20250805,AU2604,789.04,2287.0,21904.0,0.0168575697806035
20250805,AU2606,791.26,1108.0,14845.0,0.0184736669259485
20250805,AU2608,793.7,579.0,9108.0,0.0
20250806,AU2508,781.18,2868.0,14763.0,0.0196464703268895
20250806,AU2509,782.46,1314.0,5202.0,0.0186956504032479
20250806,AU2510,783.68,191341.0,215212.0,0.016820011524958
20250806,AU2512,785.88,28193.0,124374.0,0.0163161673709504
20250806,AU2602,788.02,11536.0,27700.0,0.016271918120506
20250806,AU2604,790.16,2775.0,21967.0,0.0181965363894171
20250806,AU2606,792.56,967.0,14837.0,0.0178396079718543
20250806,AU2608,794.92,523.0,9125.0,0.0
20250807,AU2508,782.52,2463.0,13206.0,0.0174692594924841
20250807,AU2509,783.66,941.0,5071.0,0.0208073081685442
20250807,AU2510,785.02,187081.0,217630.0,0.0164864624781861
20250807,AU2512,787.18,28491.0,127337.0,0.0165933098261005
20250807,AU2602,789.36,12629.0,28723.0,0.0166991479907498
20250807,AU2604,791.56,1587.0,21951.0,0.0175598066601303
20250807,AU2606,793.88,934.0,14920.0,0.0172071260798836
20250807,AU2608,796.16,527.0,9113.0,0.0
20250808,AU2508,784.84,3075.0,10932.0,0.0244386826486716
20250808,AU2509,786.44,1593.0,5153.0,0.0207338195701823
20250808,AU2510,787.8,251828.0,220321.0,0.0156687841795268
20250808,AU2512,789.86,43103.0,129464.0,0.0154764398978406
20250808,AU2602,791.9,19878.0,29964.0,0.0181566145363169
20250808,AU2604,794.3,3450.0,21956.0,0.013280017494145
20250808,AU2606,796.06,1532.0,14928.0,0.0203157917224825
20250808,AU2608,798.76,921.0,9222.0,0.0
20250811,AU2508,777.5,1455.0,10065.0,0.0111073980110464
20250811,AU2509,778.22,1662.0,5046.0,0.0194132416994887
20250811,AU2510,779.48,278074.0,211644.0,0.0164499494495638
20250811,AU2512,781.62,47243.0,128396.0,0.0168642792954293
20250811,AU2602,783.82,20950.0,30626.0,0.0159009343121796
20250811,AU2604,785.9,4663.0,22037.0,0.0175338413326449
20250811,AU2606,788.2,1696.0,14942.0,0.0174827513317398
20250811,AU2608,790.5,862.0,9255.0,0.0
20250812,AU2508,774.4,639.0,9816.0,0.0086745498691475
20250812,AU2509,774.96,672.0,5091.0,0.0167118015404648
20250812,AU2510,776.04,194063.0,204736.0,0.0163685598880986
20250812,AU2512,778.16,31935.0,128179.0,0.0164778153691838
20250812,AU2602,780.3,12364.0,31169.0,0.0176594919215802
20250812,AU2604,782.6,2444.0,22111.0,0.016384457716823
20250812,AU2606,784.74,845.0,14948.0,0.0178646541871707
20250812,AU2608,787.08,720.0,9312.0,0.0
20250813,AU2508,774.38,72.0,9756.0,0.032498117691938
20250813,AU2509,776.48,1263.0,5160.0,0.0191481188486275
20250813,AU2510,777.72,206809.0,201477.0,0.0167948646529646
20250813,AU2512,779.9,37948.0,129621.0,0.016134205253153
20250813,AU2602,782.0,16000.0,32159.0,0.0162439759014752
20250813,AU2604,784.12,4512.0,22356.0,0.0183364885747962
20250813,AU2606,786.52,1422.0,14972.0,0.0158464209130236
20250813,AU2608,788.6,806.0,9338.0,0.0
20250814,AU2508,777.02,105.0,9681.0,0.0083366571815211
20250814,AU2509,777.56,607.0,5199.0,0.0175806130683418
20250814,AU2510,778.7,149006.0,199577.0,0.0164664042717157
20250814,AU2512,780.84,23324.0,129835.0,0.0147352338066706
20250814,AU2602,782.76,10686.0,32440.0,0.0165339969907005
20250814,AU2604,784.92,3096.0,22737.0,0.0181654105757995
20250814,AU2606,787.3,1017.0,14882.0,0.0170467631980957
20250814,AU2608,789.54,335.0,9329.0,0.0
20250815,AU2508,776.46,0.0,9681.0,-0.0328088932774621
20250815,AU2509,774.34,697.0,5242.0,0.0226044166082558
20250815,AU2510,775.8,160609.0,197655.0,0.0154480002946801
20250815,AU2512,777.8,30505.0,131073.0,0.0174085084829125
20250815,AU2602,780.06,12064.0,32973.0,0.0153637448554466
20250815,AU2604,782.06,2709.0,22681.0,0.015324504537768
20250815,AU2606,784.06,1046.0,14898.0,0.0212362561751616
20250815,AU2608,786.84,449.0,9375.0,0.0
20250818,AU2509,776.28,788.0,5257.0,0.0213135698333313
20250818,AU2510,777.66,129189.0,194004.0,0.0200434320859452
20250818,AU2511,778.96,38.0,25.0,0.0126255833656993
20250818,AU2512,779.78,21437.0,132127.0,0.0161366848030722
20250818,AU2602,781.88,8900.0,33865.0,0.0139501078439873
20250818,AU2604,783.7,1874.0,22831.0,0.0203304526835205
20250818,AU2606,786.36,751.0,14956.0,0.01539302570282
20250818,AU2608,788.38,285.0,9386.0,0.0
20250819,AU2509,773.64,1714.0,5275.0,0.0220055592111967
20250819,AU2510,775.06,121675.0,191435.0,0.0330872615018761
20250819,AU2511,777.2,3436.0,2044.0,0.0009263667130147
20250819,AU2512,777.26,23609.0,132937.0,0.0157269967208729
20250819,AU2602,779.3,8357.0,34185.0,0.0164537437966205
20250819,AU2604,781.44,1620.0,22775.0,0.0148771180884394
20250819,AU2606,783.38,912.0,14688.0,0.0160626283100252
20250819,AU2608,785.48,2395.0,8411.0,0.0
20250820,AU2509,771.62,629.0,5350.0,0.0164734857186112
20250820,AU2510,772.68,153091.0,191474.0,0.029471467575281
20250820,AU2511,774.58,4351.0,4289.0,0.0030980534069929
20250820,AU2512,774.78,34068.0,132688.0,0.0156227933429999
20250820,AU2602,776.8,11336.0,34614.0,0.0146576736349521
20250820,AU2604,778.7,1563.0,22703.0,0.0153905432598291
20250820,AU2606,780.7,2896.0,13949.0,0.0138178157283782
20250820,AU2608,782.5,2749.0,7241.0,0.0
20250821,AU2509,774.0,781.0,5284.0,0.0173517898442592
20250821,AU2510,775.12,128755.0,183215.0,0.0201090576467235
20250821,AU2511,776.42,1519.0,4567.0,0.0120492794717124
20250821,AU2512,777.2,23298.0,133322.0,0.0148041608979519
20250821,AU2602,779.12,8659.0,34954.0,0.0149213629185108
20250821,AU2604,781.06,1309.0,22455.0,0.0141180146470377
20250821,AU2606,782.9,811.0,13888.0,0.0160724632112394
20250821,AU2608,785.0,610.0,7108.0,0.0
20250822,AU2509,771.92,2831.0,5305.0,0.022985537532821
20250822,AU2510,773.4,139379.0,181769.0,0.0331581808711355
20250822,AU2511,775.54,5255.0,6842.0,0.000618907628175
20250822,AU2512,775.58,23626.0,135761.0,0.0156066995885406
20250822,AU2602,777.6,9632.0,35522.0,0.0164896658170229
20250822,AU2604,779.74,1400.0,22675.0,0.0164444718145274
20250822,AU2606,781.88,1816.0,14173.0,0.0156341894564509
20250822,AU2608,783.92,582.0,6978.0,0.0
20250825,AU2509,778.02,4325.0,5653.0,0.0178782463072318
20250825,AU2510,779.18,226253.0,180151.0,0.0341411756782358
20250825,AU2511,781.4,5762.0,9058.0,0.0012285012295756
20250825,AU2512,781.48,52290.0,140282.0,0.0147231810497774
20250825,AU2602,783.4,18001.0,36111.0,0.0168260148511518
20250825,AU2604,785.6,3019.0,22639.0,0.0157126057532519
20250825,AU2606,787.66,1307.0,14196.0,0.0159754630266925
20250825,AU2608,789.76,867.0,6967.0,0.0
20250826,AU2509,780.12,826.0,5432.0,0.015372398402611
20250826,AU2510,781.12,118442.0,174588.0,0.0285403881098639
20250826,AU2511,782.98,5141.0,7098.0,0.0070479183854619
20250826,AU2512,783.44,33871.0,145307.0,0.016519665766302
20250826,AU2602,785.6,11322.0,37466.0,0.0172359123522757
20250826,AU2604,787.86,1457.0,22758.0,0.0162752181725913
20250826,AU2606,790.0,1028.0,14347.0,0.0172915153679762
20250826,AU2608,792.28,4507.0,9045.0,0.0
20250827,AU2509,780.14,1492.0,5165.0,0.0156792438882437
20250827,AU2510,781.16,135834.0,166596.0,0.0316035928459868
20250827,AU2511,783.22,4645.0,9132.0,0.0021447995052555
20250827,AU2512,783.36,37853.0,144391.0,0.0157574766431019
20250827,AU2602,785.42,9955.0,37668.0,0.0158685848925158
20250827,AU2604,787.5,1056.0,22600.0,0.0188655479106964
20250827,AU2606,789.98,737.0,14337.0,0.0166860602055637
20250827,AU2608,792.18,480.0,9014.0,0.0
20250828,AU2509,781.76,869.0,5093.0,0.0223900689884587
20250828,AU2510,783.22,148309.0,144469.0,0.0260180953124924
20250828,AU2511,784.92,1102.0,9131.0,0.009780449830807
20250828,AU2512,785.56,29346.0,146889.0,0.0146468058291853
20250828,AU2602,787.48,9486.0,38282.0,0.0153711608628616
20250828,AU2604,789.5,770.0,22643.0,0.0189693487123739
20250828,AU2606,792.0,689.0,14393.0,0.014527852134062
20250828,AU2608,793.92,1556.0,9459.0,0.0
20250829,AU2509,783.0,1149.0,5016.0,0.0324465162094811
20250829,AU2510,785.12,145863.0,136691.0,0.0222943373918797
20250829,AU2511,786.58,4930.0,9303.0,0.0128081333633394
20250829,AU2512,787.42,44257.0,152526.0,0.0156763358882735
20250829,AU2602,789.48,11524.0,39463.0,0.0141192610796493
20250829,AU2604,791.34,1253.0,22866.0,0.0175646813137346
20250829,AU2606,793.66,745.0,14485.0,0.017362652243964
20250829,AU2608,795.96,1114.0,9613.0,0.0
20250901,AU2509,799.0,192.0,5001.0,0.0234064441911112
20250901,AU2510,800.56,313792.0,140691.0,0.0116861236528264
20250901,AU2511,801.34,5823.0,9451.0,0.0128715229921972
20250901,AU2512,802.2,132324.0,178201.0,0.015686283444424
20250901,AU2602,804.3,34076.0,41440.0,0.0169845167051589
20250901,AU2604,806.58,4722.0,22957.0,0.0188649038247393
20250901,AU2606,809.12,2315.0,14639.0,0.0145167334115415
20250901,AU2608,811.08,2660.0,9858.0,0.0
20250902,AU2509,803.38,201.0,4968.0,0.0140324703432061
20250902,AU2510,804.32,199052.0,138624.0,0.0166981440322321
20250902,AU2511,805.44,1898.0,9344.0,0.0110199682605872
20250902,AU2512,806.18,82702.0,185302.0,0.0157574046267918
20250902,AU2602,808.3,23565.0,42491.0,0.0166044928190773
20250902,AU2604,810.54,3591.0,22972.0,0.0156727541062004
20250902,AU2606,812.66,1377.0,14756.0,0.0169572863267963
20250902,AU2608,814.96,7604.0,10139.0,0.0
20250903,AU2509,813.3,93.0,4986.0,0.0232898155627809
20250903,AU2510,814.88,265502.0,142330.0,0.0153053736716172
20250903,AU2511,815.92,1306.0,9304.0,0.0108784875572933
20250903,AU2512,816.66,111269.0,193360.0,0.0158485674362413
20250903,AU2602,818.82,30512.0,43511.0,0.0177066821189163
20250903,AU2604,821.24,3451.0,22976.0,0.0164889387187886
20250903,AU2606,823.5,1387.0,14805.0,0.0144089142493688
20250903,AU2608,825.48,3687.0,10605.0,0.0
20250904,AU2509,812.34,15.0,4977.0,0.0094504471697117
20250904,AU2510,812.98,302967.0,136664.0,0.0197628017384067
20250904,AU2511,814.32,1355.0,9336.0,0.0088384772353903
20250904,AU2512,814.92,122987.0,194635.0,0.0157354959734734
20250904,AU2602,817.06,37770.0,45403.0,0.0165731781390541
20250904,AU2604,819.32,4277.0,22935.0,0.0166735840913618
20250904,AU2606,821.6,1796.0,14993.0,0.0153163639971274
20250904,AU2608,823.7,3847.0,10920.0,0.0
20250905,AU2509,814.4,90.0,4953.0,0.0176687148485022
20250905,AU2510,815.6,183319.0,132985.0,0.0199931442338274
20250905,AU2511,816.96,766.0,9376.0,0.0082227990100136
20250905,AU2512,817.52,80168.0,196626.0,0.0161247073668285
20250905,AU2602,819.72,24431.0,45870.0,0.0169574228457668
20250905,AU2604,822.04,4165.0,23187.0,0.0141432125851567
20250905,AU2606,823.98,1175.0,15038.0,0.0183219569450004
20250905,AU2608,826.5,1751.0,11041.0,0.0
20250908,AU2509,827.98,42.0,4947.0,-0.0744350718401184
20250908,AU2510,822.86,258829.0,129838.0,0.0192345096553307
20250908,AU2511,824.18,2312.0,9665.0,0.0145511003909147
20250908,AU2512,825.18,130224.0,203546.0,0.0139443740591361
20250908,AU2602,827.1,37476.0,46902.0,0.0146357440553056
20250908,AU2604,829.12,6610.0,23261.0,0.0169097656156946
20250908,AU2606,831.46,1546.0,15087.0,0.0164304690712737
20250908,AU2608,833.74,2813.0,11153.0,0.0
20250909,AU2509,832.2,60.0,4977.0,0.0328317578264954
20250909,AU2510,834.48,262249.0,124881.0,0.0198283029416748
20250909,AU2511,835.86,2591.0,9749.0,0.0177888326378665
20250909,AU2512,837.1,153993.0,210552.0,0.0164628794008785
20250909,AU2602,839.4,40335.0,49658.0,0.0144215392903659
20250909,AU2604,841.42,6329.0,23732.0,0.0179427674419712
20250909,AU2606,843.94,1719.0,15377.0,0.0137766213134279
20250909,AU2608,845.88,3247.0,11501.0,0.0
20250910,AU2509,837.0,15.0,4971.0,-0.0514362445070163
20250910,AU2510,833.42,297857.0,119424.0,0.0204284753159163
20250910,AU2511,834.84,1744.0,9788.0,0.0175234934485465
20250910,AU2512,836.06,173781.0,210656.0,0.015338127880252
20250910,AU2602,838.2,40698.0,51188.0,0.0162985302880818
20250910,AU2604,840.48,5368.0,23840.0,0.0172510187867095
20250910,AU2606,842.9,2067.0,15596.0,0.0150718122761563
20250910,AU2608,845.02,3470.0,11834.0,0.0
20250911,AU2509,832.5,3.0,4971.0,-0.024818439898561
20250911,AU2510,830.78,165360.0,114423.0,0.0147241053491093
20250911,AU2511,831.8,933.0,9758.0,0.0149942349381862
20250911,AU2512,832.84,107160.0,210404.0,0.0178400284894917
20250911,AU2602,835.32,28451.0,53416.0,0.0166411736362554
20250911,AU2604,837.64,3690.0,24218.0,0.0155950155159486
20250911,AU2606,839.82,1163.0,15568.0,0.0164096324504704
20250911,AU2608,842.12,1681.0,11893.0,0.0
20250912,AU2509,832.5,0.0,4971.0,0.0247672162413614
20250912,AU2510,834.22,170217.0,109267.0,0.0204089014736337
20250912,AU2511,835.64,1777.0,9613.0,0.0152122196484534
20250912,AU2512,836.7,110010.0,213724.0,0.0166137647027962
20250912,AU2602,839.02,24825.0,53865.0,0.0172809945340897
20250912,AU2604,841.44,3070.0,24304.0,0.018368886939753
20250912,AU2606,844.02,1206.0,15673.0,0.0166116600625711
20250912,AU2608,846.36,1994.0,12110.0,0.0
20250915,AU2509,831.0,36.0,4971.0,0.0086611335409161
20250915,AU2510,831.6,131159.0,104349.0,0.0190325178676173
20250915,AU2511,832.92,1192.0,9760.0,0.0169884012968818
20250915,AU2512,834.1,93304.0,216585.0,0.0172393270758747
20250915,AU2602,836.5,22195.0,54821.0,0.0156162411009559
20250915,AU2604,838.68,2770.0,24481.0,0.0201407181229361
20250915,AU2606,841.5,874.0,15831.0,0.0158080342092577
20250915,AU2608,843.72,1415.0,12190.0,0.0
20250916,AU2510,842.08,152819.0,104060.0,0.0202185645666482
20250916,AU2511,843.5,1607.0,9760.0,0.0153547246199919
20250916,AU2512,844.58,128102.0,225325.0,0.0163172744319317
20250916,AU2602,846.88,23950.0,55993.0,0.0178272586169597
20250916,AU2604,849.4,3553.0,24588.0,0.0152384617702008
20250916,AU2606,851.56,2036.0,15947.0,0.0178699286673836
20250916,AU2608,854.1,1752.0,12276.0,0.0148744170851448
20250916,AU2610,856.22,170.0,57.0,0.0
20250917,AU2510,835.08,164311.0,96007.0,0.0189532669166327
20250917,AU2511,836.4,1668.0,9613.0,0.0177773562416752
20250917,AU2512,837.64,160371.0,222304.0,0.018166444126735
20250917,AU2602,840.18,30201.0,57404.0,0.0161177308652516
20250917,AU2604,842.44,4965.0,25115.0,0.0160745499610117
20250917,AU2606,844.7,2565.0,16386.0,0.0184397308258039
20250917,AU2608,847.3,1507.0,12433.0,0.0182420390581178
20250917,AU2610,849.88,739.0,387.0,0.0
20250918,AU2510,824.1,192704.0,87731.0,0.0177516977722951
20250918,AU2511,825.32,4598.0,8487.0,0.0217899269382033
20250918,AU2512,826.82,221255.0,228640.0,0.0173908964535168
20250918,AU2602,829.22,42480.0,59290.0,0.0177735092939578
20250918,AU2604,831.68,7248.0,25287.0,0.0170016683171673
20250918,AU2606,834.04,8904.0,18801.0,0.0188184747549854
20250918,AU2608,836.66,4087.0,12658.0,0.0224759577096519
20250918,AU2610,839.8,4333.0,2804.0,0.0
20250919,AU2510,827.5,101091.0,75295.0,0.0202849601551508
20250919,AU2511,828.9,5249.0,6700.0,0.0240078177772587
20250919,AU2512,830.56,210003.0,240177.0,0.0173126983636911
20250919,AU2602,832.96,36907.0,61427.0,0.0135268075040985
20250919,AU2604,834.84,4740.0,24977.0,0.0160773338935119
20250919,AU2606,837.08,6915.0,20942.0,0.016606233162129
20250919,AU2608,839.4,4705.0,13905.0,0.03108445841321
20250919,AU2610,843.76,5443.0,5478.0,0.0
20251027,AU2511,933.36,6613.0,4840.0,0.0100282849061441
20251027,AU2512,934.14,386272.0,180815.0,0.0001760917871223
20251027,AU2601,935.36,771.0,612.0,0.0212966130687641
20251027,AU2602,937.02,83921.0,84575.0,0.0129346225267341
20251027,AU2604,939.04,21124.0,49256.0,0.0076674050093719
20251027,AU2606,940.24,8914.0,22228.0,0.0171020165064232
20251027,AU2608,942.92,4834.0,8482.0,0.0142535952148645
20251027,AU2610,945.16,4864.0,4749.0,0.0
20251028,AU2511,899.3,3764.0,3636.0,0.0277549204937184
20251028,AU2512,901.38,474483.0,175916.0,0.0001495833729105
20251028,AU2601,902.38,1750.0,697.0,0.0170216538487109
20251028,AU2602,903.66,108413.0,85131.0,0.0169975433238169
20251028,AU2604,906.22,30825.0,49062.0,0.0109907086579417
20251028,AU2606,907.88,11590.0,22563.0,0.0121601973829137
20251028,AU2608,909.72,5635.0,7886.0,0.0130589631974671
20251028,AU2610,911.7,6953.0,4546.0,0.0
20251029,AU2511,909.2,2051.0,3337.0,0.0221733391992957
20251029,AU2512,910.88,363239.0,168691.0,0.0001717070243961
20251029,AU2601,912.04,1123.0,718.0,0.0207885619051797
20251029,AU2602,913.62,78817.0,86045.0,0.0118211072437115
20251029,AU2604,915.42,19449.0,49131.0,0.0163859212164911
20251029,AU2606,917.92,6028.0,22796.0,0.0105891580965664
20251029,AU2608,919.54,2771.0,7699.0,0.0184005046001263
20251029,AU2610,922.36,4377.0,4281.0,0.0
20251030,AU2511,911.14,800.0,3305.0,0.0134337203942314
20251030,AU2512,912.16,412100.0,163611.0,0.0002069418138745
20251030,AU2601,913.56,1583.0,818.0,0.0181268882175231
20251030,AU2602,914.94,98052.0,91595.0,0.0142960194111085
20251030,AU2604,917.12,22267.0,49419.0,0.0112526168876483
20251030,AU2606,918.84,8587.0,23385.0,0.0141047407600889
20251030,AU2608,921.0,4217.0,7341.0,0.0156351791530942
20251030,AU2610,923.4,4981.0,4443.0,0.0
20251031,AU2511,920.48,625.0,3120.0,0.0187728141839036
20251031,AU2512,921.92,395964.0,156891.0,0.0002544762469336
20251031,AU2601,923.66,1560.0,920.0,0.0171491674425654
20251031,AU2602,924.98,111930.0,100735.0,0.0124543233367209
20251031,AU2604,926.9,20608.0,49378.0,0.0146294098608263
20251031,AU2606,929.16,7146.0,23587.0,0.0156270179516981
20251031,AU2608,931.58,3170.0,7230.0,0.0155864230661877
20251031,AU2610,934.0,5407.0,4365.0,0.0
20251103,AU2511,919.54,2847.0,3036.0,0.0396720099180027
20251103,AU2512,922.58,341261.0,151373.0,0.0001812211528929
20251103,AU2601,923.82,1160.0,882.0,0.0205234785997268
20251103,AU2602,925.4,88773.0,102159.0,0.013745407391398
20251103,AU2604,927.52,16785.0,49629.0,0.0128083491461103
20251103,AU2606,929.5,4828.0,23734.0,0.0145884884346427
20251103,AU2608,931.76,2222.0,7294.0,0.0153258349789644
20251103,AU2610,934.14,4023.0,4362.0,0.0
20251104,AU2511,913.82,198.0,3024.0,0.0231117725591483
20251104,AU2512,915.58,332993.0,144602.0,0.0002356215044874
20251104,AU2601,917.18,2941.0,923.0,0.0193637017815468
20251104,AU2602,918.66,90468.0,102883.0,0.0151525047351586
20251104,AU2604,920.98,17806.0,50086.0,0.0118569350040167
20251104,AU2606,922.8,5103.0,23912.0,0.0136540962288682
20251104,AU2608,924.9,1918.0,7261.0,0.0179046383392793
20251104,AU2610,927.66,2630.0,4366.0,0.0
20251105,AU2511,910.96,108.0,3030.0,0.0171247914288219
20251105,AU2512,912.26,338110.0,141428.0,0.0002128311044776
20251105,AU2601,913.7,2355.0,978.0,0.0178614424865912
20251105,AU2602,915.06,92120.0,103084.0,0.0140318667628362
20251105,AU2604,917.2,19208.0,49963.0,0.0172699520279109
20251105,AU2606,919.84,6004.0,24065.0,0.0151330666202809
20251105,AU2608,922.16,2519.0,7289.0,0.0162661577166658
20251105,AU2610,924.66,3176.0,4291.0,0.0
20251106,AU2511,915.78,42.0,3021.0,0.0264692393369596
20251106,AU2512,917.8,238433.0,137883.0,0.0001733505378029
20251106,AU2601,918.98,1180.0,1020.0,0.0224596835622099
20251106,AU2602,920.7,65669.0,107649.0,0.0132942326490717
20251106,AU2604,922.74,11698.0,50633.0,0.0148254112751158
20251106,AU2606,925.02,3939.0,24260.0,0.012842965557501
20251106,AU2608,927.0,1305.0,7333.0,0.0159223300970876
20251106,AU2610,929.46,1639.0,4372.0,0.0
20251107,AU2511,919.02,21.0,3018.0,0.0292485473656709
20251107,AU2512,921.26,274053.0,136660.0,0.0002048976889735
20251107,AU2601,922.66,1176.0,1013.0,0.022370103830231
20251107,AU2602,924.38,86219.0,113064.0,0.0132413076873145
20251107,AU2604,926.42,12706.0,51257.0,0.0155437058785432
20251107,AU2606,928.82,4097.0,24574.0,0.0126612260717897
20251107,AU2608,930.78,1571.0,7354.0,0.0162444401469739
20251107,AU2610,933.3,2083.0,4411.0,0.0
20251110,AU2511,934.84,180.0,2928.0,0.0146335201745744
20251110,AU2512,935.98,320688.0,136657.0,0.0002131996002027
20251110,AU2601,937.46,1550.0,1107.0,0.019968852004351
20251110,AU2602,939.02,126346.0,117815.0,0.0154629294370729
20251110,AU2604,941.44,21850.0,54036.0,0.0155506458191707
20251110,AU2606,943.88,6116.0,25185.0,0.0152561766326226
20251110,AU2608,946.28,2030.0,7460.0,0.0157247326372744
20251110,AU2610,948.76,2972.0,4503.0,0.0
20251111,AU2511,949.24,27.0,2919.0,-0.0045510092284359
20251111,AU2512,948.88,282349.0,131045.0,0.0001591468214685
20251111,AU2601,950.0,2095.0,1273.0,0.0252631578947379
20251111,AU2602,952.0,140396.0,126661.0,0.0144957983193276
20251111,AU2604,954.3,20415.0,55851.0,0.0152153410877091
20251111,AU2606,956.72,6617.0,25687.0,0.0189397106781497
20251111,AU2608,959.74,2106.0,7528.0,0.0147539958738831
20251111,AU2610,962.1,3333.0,4695.0,0.0
20251112,AU2511,942.0,3.0,2916.0,0.0478980891719755
20251112,AU2512,945.76,260377.0,124540.0,0.000179630815904
20251112,AU2601,947.02,2115.0,1421.0,0.0217946822664787
20251112,AU2602,948.74,124708.0,130416.0,0.015430992685034
20251112,AU2604,951.18,18530.0,56442.0,0.0169053176055014
20251112,AU2606,953.86,7568.0,26546.0,0.0157255781770913
20251112,AU2608,956.36,2238.0,7718.0,0.0165628006190132
20251112,AU2610,959.0,3279.0,4959.0,0.0
20251113,AU2511,958.3,6.0,2916.0,0.0365647500782637
20251113,AU2512,961.22,307850.0,124239.0,0.0001627145652212
20251113,AU2601,962.38,2406.0,1458.0,0.0179554853592138
20251113,AU2602,963.82,166257.0,132169.0,0.0128239712809441
20251113,AU2604,965.88,35945.0,52483.0,0.0176419430985217
20251113,AU2606,968.72,9297.0,27143.0,0.0139978528367326
20251113,AU2608,970.98,3210.0,7751.0,0.0180436260273126
20251113,AU2610,973.9,4834.0,5139.0,0.0
20251114,AU2511,950.5,6.0,2913.0,0.0340873224618629
20251114,AU2512,953.2,307687.0,113597.0,0.0002574415216397
20251114,AU2601,955.02,2712.0,1503.0,0.0138217000691094
20251114,AU2602,956.12,172436.0,134671.0,0.0155629000543866
20251114,AU2604,958.6,28123.0,53986.0,0.0157730022950133
20251114,AU2606,961.12,8880.0,27280.0,0.0179790244714506
20251114,AU2608,964.0,3130.0,7875.0,0.0136929460580912
20251114,AU2610,966.2,7155.0,5762.0,0.0
20251117,AU2511,953.24,0.0,2913.0,-0.2993579791028491
20251117,AU2512,929.46,402784.0,101723.0,0.00025241187525341013
20251117,AU2601,931.2,3918.0,1478.0,0.014432989690721598
20251117,AU2602,932.32,248663.0,135298.0,0.0146730736227898
20251117,AU2604,934.6,39407.0,54799.0,0.019901562165632658
20251117,AU2606,937.7,16970.0,29220.0,0.01766023248373738
20251117,AU2608,940.46,4991.0,8008.0,0.016842821597941704
20251117,AU2610,943.1,8139.0,6251.0,0.0
20251118,AU2512,918.52,236915.0,90872.0,0.00023193148528631222
20251118,AU2601,920.1,2046.0,1419.0,0.01617215520052273
20251118,AU2602,921.34,171891.0,141830.0,0.018234310895000494
20251118,AU2604,924.14,21833.0,55992.0,0.01921786742268461
20251118,AU2606,927.1,7351.0,29482.0,0.017085535540933616
20251118,AU2608,929.74,2476.0,8122.0,0.017037021102673577
20251118,AU2610,932.38,3087.0,6468.0,0.016602672730003487
20251118,AU2612,934.96,168.0,60.0,0.0
20251119,AU2512,937.0,239515.0,82838.0,0.00015540872735122027
20251119,AU2601,938.08,2210.0,1382.0,0.025328330206378702
20251119,AU2602,940.06,204359.0,148209.0,0.01582877688658124
20251119,AU2604,942.54,25023.0,58910.0,0.012858870711056625
20251119,AU2606,944.56,7505.0,29715.0,0.020199881426273603
20251119,AU2608,947.74,2907.0,8018.0,0.019119167704222395
20251119,AU2610,950.76,4803.0,6464.0,0.013504985485295773
20251119,AU2612,952.9,387.0,116.0,0.0
20251120,AU2512,932.56,223736.0,73837.0,0.00019373998166698545
20251120,AU2601,933.9,2156.0,1358.0,0.02004497269514971
20251120,AU2602,935.46,261738.0,153257.0,0.015778333654030252
20251120,AU2604,937.92,30584.0,59821.0,0.016760491299897318
20251120,AU2606,940.54,11875.0,28173.0,0.01926552831352124
20251120,AU2608,943.56,3053.0,7994.0,0.014116749332316214
20251120,AU2610,945.78,6728.0,7420.0,0.02017382477954799
20251120,AU2612,948.96,315.0,157.0,0.0
20251121,AU2512,924.0,178915.0,62226.0,0.00021304538158470614
20251121,AU2601,925.46,2365.0,1389.0,0.019190456637780073
20251121,AU2602,926.94,352583.0,160310.0,0.014499320344357969
20251121,AU2604,929.18,32626.0,60994.0,0.019113627069029082
20251121,AU2606,932.14,11631.0,28524.0,0.013646018838371798
20251121,AU2608,934.26,3559.0,8089.0,0.018624365808233012
20251121,AU2610,937.16,5623.0,7561.0,0.01907891928806249
20251121,AU2612,940.14,351.0,201.0,0.0
20251124,AU2512,927.36,117879.0,55629.0,0.00022099704561844588
20251124,AU2601,928.88,1470.0,1383.0,0.01860304883300401
20251124,AU2602,930.32,314958.0,164620.0,0.014704617765930017
20251124,AU2604,932.6,23760.0,62508.0,0.019300879262277526
20251124,AU2606,935.6,8436.0,29331.0,0.01654553227875155
20251124,AU2608,938.18,2440.0,8035.0,0.019441898143214065
20251124,AU2610,941.22,3297.0,7882.0,0.01606425702811265
20251124,AU2612,943.74,255.0,259.0,0.0
20251125,AU2512,943.34,80575.0,38638.0,0.00019438461903114847
20251125,AU2601,944.7,1858.0,1572.0,0.02286440139726853
20251125,AU2602,946.5,299689.0,181169.0,0.014960380348653324
20251125,AU2604,948.86,24485.0,64745.0,0.01783192462534
20251125,AU2606,951.68,8638.0,30140.0,0.017148621385339347
20251125,AU2608,954.4,2102.0,7920.0,0.016974015088013328
20251125,AU2610,957.1,3631.0,8243.0,0.016926131020791324
20251125,AU2612,959.8,328.0,346.0,0.0
20251126,AU2512,943.08,60306.0,30124.0,0.00024018837631225738
20251126,AU2601,944.76,2828.0,1658.0,0.024895211482282242
20251126,AU2602,946.72,341225.0,188763.0,0.013182355923609279
20251126,AU2604,948.8,29794.0,66449.0,0.015430016863406504
20251126,AU2606,951.24,13010.0,32023.0,0.019805727261259065
20251126,AU2608,954.38,2465.0,7913.0,0.01760305119553962
20251126,AU2610,957.18,3327.0,8251.0,0.012662195198395398
20251126,AU2612,959.2,376.0,407.0,0.0
20251127,AU2512,943.5,38030.0,22555.0,0.00026008824422573616
20251127,AU2601,945.32,2050.0,1677.0,0.023357170058815768
20251127,AU2602,947.16,273359.0,195755.0,0.013176232104396224
20251127,AU2604,949.24,21863.0,67103.0,0.015549281530487402
20251127,AU2606,951.7,7277.0,32580.0,0.019543973941368087
20251127,AU2608,954.8,1602.0,7993.0,0.016464180980309884
20251127,AU2610,957.42,1814.0,8203.0,0.01804850535814939
20251127,AU2612,960.3,232.0,436.0,0.0
20251128,AU2512,949.66,17068.0,16588.0,0.00037198410690805794
20251128,AU2601,952.28,1680.0,1816.0,0.020666190616205782
20251128,AU2602,953.92,189713.0,202129.0,0.01383763837638341
20251128,AU2604,956.12,16958.0,68277.0,0.013805798435343686
20251128,AU2606,958.32,6528.0,34029.0,0.016779363886801235
20251128,AU2608,961.0,1212.0,7996.0,0.018480749219563553
20251128,AU2610,963.96,1758.0,8391.0,0.01556081165193568
20251128,AU2612,966.46,374.0,499.0,0.0
20251201,AU2512,959.64,4444.0,15198.0,0.0002472837426394576
20251201,AU2601,961.4,4384.0,2028.0,0.023465779072185278
20251201,AU2602,963.28,342979.0,205325.0,0.011709990864545716
20251201,AU2604,965.16,45741.0,69699.0,0.014671142608480015
20251201,AU2606,967.52,14486.0,34660.0,0.018356209690756575
20251201,AU2608,970.48,3214.0,7987.0,0.01780562196026736
20251201,AU2610,973.36,6199.0,8639.0,-0.004808087449658771
20251201,AU2612,972.58,954.0,664.0,0.0
20251202,AU2512,955.02,3081.0,14325.0,0.0002654218195089174
20251202,AU2601,956.9,3209.0,2064.0,0.019061552931340486
20251202,AU2602,958.42,313720.0,202038.0,0.014774316061851422
20251202,AU2604,960.78,49391.0,71184.0,0.01536251795416188
20251202,AU2606,963.24,10224.0,35051.0,0.01781487479755839
20251202,AU2608,966.1,2099.0,8043.0,0.016520028982507373
20251202,AU2610,968.76,3844.0,8696.0,0.017094017094017477
20251202,AU2612,971.52,745.0,784.0,0.0
20251203,AU2512,953.38,2358.0,13482.0,0.0002545644225948607
20251203,AU2601,955.18,2377.0,1968.0,0.019095877216861012
20251203,AU2602,956.7,300096.0,197799.0,0.01442458450925077
20251203,AU2604,959.0,44546.0,71556.0,0.015140771637121464
20251203,AU2606,961.42,10036.0,35337.0,0.016974891306609674
20251203,AU2608,964.14,1783.0,8029.0,0.016429149293670342
20251203,AU2610,966.78,3819.0,8734.0,0.017501396388010626
20251203,AU2612,969.6,1038.0,936.0,0.0
20251204,AU2512,950.4,1677.0,12813.0,0.0002525252525252357
20251204,AU2601,952.18,3250.0,1884.0,0.01562729735974422
20251204,AU2602,953.42,310489.0,197638.0,0.014977659373622831
20251204,AU2604,955.8,49320.0,73205.0,0.013810420590081307
20251204,AU2606,958.0,12114.0,35519.0,0.015782881002087024
20251204,AU2608,960.52,2189.0,8159.0,0.018365052263357384
20251204,AU2610,963.46,5213.0,8772.0,0.015693438233034485
20251204,AU2612,965.98,759.0,933.0,0.0
20251205,AU2512,957.54,1677.0,12174.0,0.00032386360836160304
20251205,AU2601,959.84,1842.0,1927.0,0.015002500416734676
20251205,AU2602,961.04,237697.0,196953.0,0.013235661366852725
20251205,AU2604,963.16,36018.0,72931.0,0.013081938618713984
20251205,AU2606,965.26,7455.0,35895.0,0.017155999419845358
20251205,AU2608,968.02,1439.0,8146.0,0.017355013326171953
20251205,AU2610,970.82,3314.0,8723.0,0.015203642281782503
20251205,AU2612,973.28,660.0,919.0,0.0
20251208,AU2512,955.08,2517.0,10824.0,0.00035575583291333387
20251208,AU2601,957.6,2662.0,2039.0,0.013784461152881455
20251208,AU2602,958.7,298231.0,197193.0,0.012391780536142427
20251208,AU2604,960.68,50231.0,74076.0,0.013865178831661051
20251208,AU2606,962.9,11559.0,36551.0,0.017696541696957446
20251208,AU2608,965.74,2027.0,8098.0,0.01739598649740115
20251208,AU2610,968.54,4776.0,8587.0,0.01548722819914472
20251208,AU2612,971.04,991.0,943.0,0.0
20251209,AU2512,948.68,6651.0,4311.0,0.0002671956255717589
20251209,AU2601,950.56,1907.0,1935.0,0.012371654603603233
20251209,AU2602,951.54,229564.0,194493.0,0.014376694621351493
20251209,AU2604,953.82,39777.0,73735.0,0.01333584953135869
20251209,AU2606,955.94,7831.0,36808.0,0.01782538653053445
20251209,AU2608,958.78,2320.0,8173.0,0.015770041093890352
20251209,AU2610,961.3,3269.0,8690.0,0.01822531987933118
20251209,AU2612,964.22,487.0,1044.0,0.0
20251210,AU2512,952.14,924.0,4140.0,0.00037384739237902203
20251210,AU2601,954.78,1783.0,1949.0,0.020360711368063278
20251210,AU2602,956.4,222609.0,192659.0,0.012923462986198508
20251210,AU2604,958.46,37977.0,74282.0,0.01539970369133803
20251210,AU2606,960.92,8672.0,37082.0,0.013861715855639112
20251210,AU2608,963.14,2096.0,8152.0,0.01706916959112892
20251210,AU2610,965.88,3051.0,8198.0,0.015778357559944833
20251210,AU2612,968.42,439.0,1020.0,0.0
20251211,AU2512,953.94,255.0,3942.0,0.0004127176396508523
20251211,AU2601,956.86,1947.0,2061.0,0.013042660368288495
20251211,AU2602,957.9,242710.0,192178.0,0.013654870028187549
20251211,AU2604,960.08,43398.0,76248.0,0.0057495208732607495
20251211,AU2606,961.0,9359.0,37267.0,0.025348595213319225
20251211,AU2608,965.06,2402.0,8305.0,0.017781277848009314
20251211,AU2610,967.92,4331.0,8756.0,0.0154971485246711
20251211,AU2612,970.42,523.0,1059.0,0.0
20251212,AU2512,967.22,69.0,3888.0,0.0003345624631603735
20251212,AU2601,969.62,1884.0,2024.0,0.012871021637343105
20251212,AU2602,970.66,291736.0,203874.0,0.010631941153442348
20251212,AU2604,972.38,55317.0,82911.0,0.013081305662395959
20251212,AU2606,974.5,11738.0,37823.0,0.01723961005643826
20251212,AU2608,977.3,2055.0,8270.0,0.017313005218459576
20251212,AU2610,980.12,3254.0,8697.0,0.021181079867771402
20251212,AU2612,983.58,464.0,1108.0,0.0
20251215,AU2512,976.84,234.0,3669.0,0.0006984226598124924
20251215,AU2601,981.9,2830.0,2087.0,0.015398716773602494
20251215,AU2602,983.16,439762.0,203038.0,0.012083485902600444
20251215,AU2604,985.14,90010.0,85673.0,0.012302819903769802
20251215,AU2606,987.16,26020.0,38365.0,0.018598808703756298
20251215,AU2608,990.22,5352.0,8355.0,0.016481185999071002
20251215,AU2610,992.94,8690.0,8770.0,0.014864946522447742
20251215,AU2612,995.4,1474.0,1263.0,0.0
20251216,AU2601,970.12,1672.0,2004.0,0.016080484888466806
20251216,AU2602,971.42,293904.0,196206.0,0.024953161351425557
20251216,AU2603,973.44,76.0,20.0,0.004437869822482732
20251216,AU2604,973.8,61706.0,87267.0,0.014048059149723624
20251216,AU2606,976.08,21923.0,39184.0,0.013892303909515569
20251216,AU2608,978.34,2999.0,8297.0,0.016803974078541728
20251216,AU2610,981.08,5632.0,8559.0,0.016267786520977268
20251216,AU2612,983.74,868.0,1414.0,0.0
20251217,AU2601,977.86,1436.0,1983.0,0.022825353322561526
20251217,AU2602,979.72,275889.0,197105.0,0.016412852651778387
20251217,AU2603,981.06,237.0,35.0,0.01100850100911277
20251217,AU2604,981.96,52674.0,88376.0,0.014542343883661157
20251217,AU2606,984.34,12566.0,39648.0,0.014872909766950215
20251217,AU2608,986.78,2804.0,8306.0,0.018362755629421024
20251217,AU2610,989.8,4793.0,8901.0,0.014912103455243741
20251217,AU2612,992.26,480.0,1439.0,0.0
20251218,AU2601,978.76,1717.0,2149.0,0.021333115370468114
20251218,AU2602,980.5,241116.0,196752.0,0.014931157572667608
20251218,AU2603,981.72,249.0,63.0,0.016134946828014307
20251218,AU2604,983.04,54419.0,91304.0,0.0142822265625
20251218,AU2606,985.38,12461.0,40199.0,0.016683918894233152
20251218,AU2608,988.12,2721.0,8314.0,0.016759098085252333
20251218,AU2610,990.88,5244.0,9523.0,0.016349103826902134
20251218,AU2612,993.58,461.0,1476.0,0.0
20251219,AU2601,977.88,1787.0,2082.0,0.024788317584980568
20251219,AU2602,979.9,328878.0,189662.0,0.017389529543830662
20251219,AU2603,981.32,261.0,71.0,0.0136958382586716
20251219,AU2604,982.44,78332.0,92390.0,0.013435935018932366
20251219,AU2606,984.64,19858.0,40898.0,0.016696457588559976
20251219,AU2608,987.38,5585.0,8645.0,0.017743928376106055
20251219,AU2610,990.3,4248.0,9553.0,0.01793395940624043
20251219,AU2612,993.26,921.0,1604.0,0.0
20251222,AU2601,998.54,2004.0,1951.0,0.02788070583051283
20251222,AU2602,1000.86,278793.0,202290.0,0.008632575984654167
20251222,AU2603,1001.58,432.0,186.0,0.014377283891449544
20251222,AU2604,1002.78,69210.0,96327.0,0.011966732483695619
20251222,AU2606,1004.78,22478.0,44639.0,0.016242361511972447
20251222,AU2608,1007.5,7056.0,8977.0,0.016198511166253926
20251222,AU2610,1010.22,4884.0,9838.0,0.015323394904079635
20251222,AU2612,1012.8,2303.0,2084.0,0.0
20251223,AU2601,1011.5,3530.0,3025.0,0.032506178942165675
20251223,AU2602,1014.24,276418.0,199893.0,0.013487931850448831
20251223,AU2603,1015.38,485.0,193.0,0.016072800330911186
20251223,AU2604,1016.74,64656.0,101166.0,0.011566378818577139
20251223,AU2606,1018.7,22817.0,45491.0,0.017080592912535053
20251223,AU2608,1021.6,5210.0,9101.0,0.014800313234142326
20251223,AU2610,1024.12,5656.0,9692.0,0.016990196461353246
20251223,AU2612,1027.02,1460.0,2387.0,0.0
20251224,AU2601,1012.32,3940.0,3122.0,0.027975343764815364
20251224,AU2602,1014.68,351301.0,186798.0,0.013009027476643453
20251224,AU2603,1015.78,705.0,244.0,0.018429187422474236
20251224,AU2604,1017.34,88243.0,100268.0,0.012975013269898916
20251224,AU2606,1019.54,30713.0,47224.0,0.016124919081154765
20251224,AU2608,1022.28,6612.0,9286.0,0.016551238408263114
20251224,AU2610,1025.1,7665.0,9722.0,0.018612818261632746
20251224,AU2612,1028.28,2044.0,3165.0,0.0
20251225,AU2601,1005.04,4571.0,4087.0,0.044416142641088285
20251225,AU2602,1008.76,220136.0,182179.0,0.019747016138626172
20251225,AU2603,1010.42,791.0,476.0,0.00926347459472332
20251225,AU2604,1011.2,55580.0,100105.0,0.0140031645569616
20251225,AU2606,1013.56,17762.0,47633.0,0.016101661470460105
20251225,AU2608,1016.28,4058.0,9123.0,0.016176644231904014
20251225,AU2610,1019.02,3623.0,9768.0,0.015779866930972997
20251225,AU2612,1021.7,935.0,3241.0,0.0
20251226,AU2601,1013.0,4228.0,2676.0,0.03909180651530164
20251226,AU2602,1016.3,224588.0,180712.0,0.016294401259470348
20251226,AU2603,1017.68,599.0,507.0,0.011084034274035481
20251226,AU2604,1018.62,61600.0,97601.0,0.012487483065323879
20251226,AU2606,1020.74,20636.0,48525.0,0.014107412269529274
20251226,AU2608,1023.14,3061.0,8911.0,0.015599038254784148
20251226,AU2610,1025.8,3877.0,9430.0,0.019302008188729847
20251226,AU2612,1029.1,1830.0,3810.0,0.0
20251229,AU2601,1004.82,2259.0,2262.0,0.028184152385500205
20251229,AU2602,1007.18,345222.0,166024.0,0.013582477809329419
20251229,AU2603,1008.32,786.0,529.0,0.019755633132339412
20251229,AU2604,1009.98,109737.0,100069.0,0.016158735816550696
20251229,AU2606,1012.7,31550.0,46351.0,0.014337908561271817
20251229,AU2608,1015.12,6069.0,8954.0,0.017731893766254725
20251229,AU2610,1018.12,4943.0,9351.0,0.01626527324873228
20251229,AU2612,1020.88,1591.0,4013.0,0.0
20251230,AU2601,982.86,2425.0,1689.0,0.024174348330383566
20251230,AU2602,984.84,391541.0,144462.0,0.012672109175094981
20251230,AU2603,985.88,2117.0,825.0,0.01947498681381088
20251230,AU2604,987.48,132773.0,104458.0,0.01616235265524324
20251230,AU2606,990.14,46950.0,46879.0,0.013695033025632686
20251230,AU2608,992.4,12265.0,8695.0,0.01704957678355523
20251230,AU2610,995.22,10365.0,9236.0,0.016760113341773852
20251230,AU2612,998.0,4442.0,4208.0,0.0
20251231,AU2601,971.74,455.0,1599.0,0.07187107662543468
20251231,AU2602,977.56,284555.0,136303.0,0.0004910184541122575
20251231,AU2603,977.6,797.0,715.0,0.03166939443535188
20251231,AU2604,980.18,100637.0,106662.0,0.012977208267868967
20251231,AU2606,982.3,33319.0,46910.0,0.01673623129390256
20251231,AU2608,985.04,6775.0,8676.0,0.022049865995289242
20251231,AU2610,988.66,6525.0,9062.0,0.012987275706511703
20251231,AU2612,990.8,2916.0,4515.0,0.0
20260105,AU2601,993.1,90.0,1578.0,0.022958413050045756
20260105,AU2602,995.0,115296.0,132523.0,0.019055276381910957
20260105,AU2603,996.58,361.0,704.0,0.00866965020369559
20260105,AU2604,997.3,53247.0,106658.0,0.015521909154717406
20260105,AU2606,999.88,13681.0,47992.0,0.01596191542985137
20260105,AU2608,1002.54,4519.0,9552.0,0.01747561194565872
20260105,AU2610,1005.46,2340.0,9089.0,0.017186163547033395
20260105,AU2612,1008.34,1491.0,4660.0,0.0
20260106,AU2601,1003.54,60.0,1557.0,0.01721904458217871
20260106,AU2602,1004.98,192491.0,130227.0,0.014089832633485067
20260106,AU2603,1006.16,1073.0,758.0,0.014788900373697622
20260106,AU2604,1007.4,81506.0,111938.0,0.016081000595593142
20260106,AU2606,1010.1,21789.0,49618.0,0.016632016632015745
20260106,AU2608,1012.9,5595.0,10235.0,0.015993681508540192
20260106,AU2610,1015.6,3611.0,9269.0,0.013942497046081304
20260106,AU2612,1017.96,1993.0,4882.0,0.0
20260107,AU2601,1001.36,30.0,1542.0,-0.02947990732603678
20260107,AU2602,998.9,200100.0,126147.0,0.013214535989589216
20260107,AU2603,1000.0,1030.0,830.0,0.016800000000000814
20260107,AU2604,1001.4,86949.0,111508.0,0.016177351707610033
20260107,AU2606,1004.1,26535.0,51381.0,0.017328951299671047
20260107,AU2608,1007.0,3999.0,10419.0,0.015014895729890565
20260107,AU2610,1009.52,4886.0,9358.0,0.013788731278232103
20260107,AU2612,1011.84,2437.0,5129.0,0.0
20260108,AU2601,995.64,24.0,1536.0,0.027720862962517856
20260108,AU2602,997.94,193114.0,119995.0,0.013467743551714761
20260108,AU2603,999.06,812.0,892.0,0.015854903609394455
20260108,AU2604,1000.38,88372.0,113194.0,0.01427457566124879
20260108,AU2606,1002.76,24895.0,52705.0,0.016035741353864097
20260108,AU2608,1005.44,3453.0,10461.0,0.021125079567154703
20260108,AU2610,1008.98,4214.0,9513.0,0.011655335090884122
20260108,AU2612,1010.94,2029.0,5363.0,0.0
20260109,AU2601,991.62,0.0,1536.0,0.17982694983965608
20260109,AU2602,1006.48,161188.0,119286.0,0.010253556950956977
20260109,AU2603,1007.34,567.0,909.0,0.020966108761689917
20260109,AU2604,1009.1,75148.0,117094.0,0.012605291844217437
20260109,AU2606,1011.22,21597.0,54252.0,0.019224303316786262
20260109,AU2608,1014.46,3604.0,10498.0,0.013958164935039541
20260109,AU2610,1016.82,3298.0,9552.0,0.018056293149229408
20260109,AU2612,1019.88,1042.0,5476.0,0.0
20260112,AU2601,1022.0,6.0,1536.0,0.05025440313111584
20260112,AU2602,1026.28,238327.0,116450.0,0.014732821452236422
20260112,AU2603,1027.54,1148.0,1086.0,0.015882593378360177
20260112,AU2604,1028.9,133347.0,130535.0,0.013762270385848208
20260112,AU2606,1031.26,34370.0,57047.0,0.01710528867598926
20260112,AU2608,1034.2,6727.0,10905.0,0.013923805840262204
20260112,AU2610,1036.6,4340.0,9698.0,0.014470383947520649
20260112,AU2612,1039.1,3786.0,6152.0,0.0
20260113,AU2601,993.64,0.0,1536.0,0.40505615715953525
20260113,AU2602,1027.18,197421.0,103633.0,0.01705640686150378
20260113,AU2603,1028.64,1534.0,1185.0,0.02099860009332577
20260113,AU2604,1030.44,130801.0,144219.0,0.0126936066146488
20260113,AU2606,1032.62,27949.0,58834.0,0.017082760357149507
20260113,AU2608,1035.56,6752.0,11059.0,0.016454865000579577
20260113,AU2610,1038.4,4001.0,9663.0,0.015600924499228785
20260113,AU2612,1041.1,2334.0,6383.0,0.0
20260114,AU2601,1036.6,3.0,1536.0,0.046536754775226896
20260114,AU2602,1040.62,201087.0,100679.0,0.009917164767160536
20260114,AU2603,1041.48,1128.0,1170.0,0.024196335983407202
20260114,AU2604,1043.58,154090.0,155969.0,0.01391364341976642
20260114,AU2606,1046.0,30509.0,61433.0,0.01709369024856544
20260114,AU2608,1048.98,6525.0,11169.0,0.011668477950007805
20260114,AU2610,1051.02,5651.0,10023.0,0.01655534623508581
20260114,AU2612,1053.92,2846.0,6546.0,0.0
20260115,AU2601,1036.6,0.0,1536.0,-0.016206830021221474
20260115,AU2602,1035.2,190102.0,93351.0,0.012055641421945928
20260115,AU2603,1036.24,693.0,1189.0,0.019918165675904653
20260115,AU2604,1037.96,150963.0,158875.0,0.013295310031215202
20260115,AU2606,1040.26,33772.0,64418.0,0.01845692423048062
20260115,AU2608,1043.46,6654.0,11504.0,0.012650221378874171
20260115,AU2610,1045.66,7237.0,10493.0,0.018935409215231847
20260115,AU2612,1048.96,3457.0,7405.0,0.0
20260116,AU2602,1032.32,123247.0,87298.0,0.019761314321141477
20260116,AU2603,1034.02,621.0,1239.0,0.017175683255644003
20260116,AU2604,1035.5,122555.0,163292.0,0.015181071945919555
20260116,AU2606,1038.12,21539.0,65330.0,0.013871228759680942
20260116,AU2608,1040.52,4068.0,11488.0,0.014185215084765002
20260116,AU2610,1042.98,5307.0,10848.0,0.017143185871253852
20260116,AU2612,1045.96,1710.0,7569.0,0.0002829936135225234
20260116,AU2702,1048.18,101.0,43.0,0.0
20260119,AU2602,1048.88,155786.0,84463.0,0.016474715887421887
20260119,AU2603,1050.32,988.0,1279.0,0.016909132454871134
20260119,AU2604,1051.8,202264.0,167715.0,0.012549914432401277
20260119,AU2606,1054.0,42241.0,65248.0,0.015142314990513217
20260119,AU2608,1056.66,7423.0,11496.0,0.015558457782068658
20260119,AU2610,1059.4,7469.0,10873.0,0.018576552765715793
20260119,AU2612,1062.68,3485.0,8020.0,0.0002634847743440953
20260119,AU2702,1064.78,264.0,111.0,0.0
20260120,AU2602,1056.94,71708.0,72459.0,0.019073930402860206
20260120,AU2603,1058.62,845.0,1257.0,0.0174566888968668
20260120,AU2604,1060.16,168464.0,185964.0,0.011545427105342121
20260120,AU2606,1062.2,30799.0,68112.0,0.018075691960083073
20260120,AU2608,1065.4,4511.0,11976.0,0.013065515299417463
20260120,AU2610,1067.72,3701.0,11021.0,0.016745963361181282
20260120,AU2612,1070.7,2481.0,7797.0,0.00040098378008156157
20260120,AU2702,1073.92,351.0,212.0,0.0
20260121,AU2602,1088.9,103931.0,64180.0,0.02248140325098813
20260121,AU2603,1090.94,1609.0,1328.0,0.01495957614534138
20260121,AU2604,1092.3,350273.0,207266.0,0.015819829717111933
20260121,AU2606,1095.18,63705.0,75757.0,0.014901660001095607
20260121,AU2608,1097.9,12322.0,12895.0,0.01508334092358199
20260121,AU2610,1100.66,9596.0,11215.0,0.017226028019551087
20260121,AU2612,1103.82,4417.0,8092.0,0.0004058632748093001
20260121,AU2702,1107.18,974.0,565.0,0.0
20260122,AU2602,1083.56,92211.0,55638.0,0.01838384584148578
20260122,AU2603,1085.22,1597.0,1351.0,0.02609609111516331
20260122,AU2604,1087.58,369271.0,201382.0,0.015447139520771813
20260122,AU2606,1090.38,60935.0,77924.0,0.01452704561712359
20260122,AU2608,1093.02,12663.0,13259.0,0.01438217050008328
20260122,AU2610,1095.64,8526.0,11216.0,0.01916687963199637
20260122,AU2612,1099.14,4821.0,7895.0,0.0003736254404958987
20260122,AU2702,1102.22,829.0,724.0,0.0
20260123,AU2602,1111.88,72860.0,43993.0,0.017915602403134834
20260123,AU2603,1113.54,967.0,1333.0,0.022630529662159837
20260123,AU2604,1115.64,288050.0,206580.0,0.014735936323545307
20260123,AU2606,1118.38,51175.0,80602.0,0.014163343407427753
20260123,AU2608,1121.02,10468.0,13569.0,0.013594761913256814
20260123,AU2610,1123.56,6374.0,11229.0,0.01676812987290477
20260123,AU2612,1126.7,2800.0,8141.0,0.0004141889293216276
20260123,AU2702,1130.2,808.0,873.0,0.0
20260126,AU2602,1138.9,72219.0,41394.0,0.022969532004562865
20260126,AU2603,1141.08,2170.0,1452.0,0.02355663056052304
20260126,AU2604,1143.32,395962.0,215820.0,0.017108071231151545
20260126,AU2606,1146.58,76211.0,85261.0,0.018419996860228327
20260126,AU2608,1150.1,15609.0,15504.0,0.011581601599860658
20260126,AU2610,1152.32,10325.0,11607.0,0.021556512079977885
20260126,AU2612,1156.46,5544.0,8616.0,0.0003043771509606626
20260126,AU2702,1159.1,1403.0,1167.0,0.0
20260127,AU2602,1144.18,50999.0,26135.0,0.02999528046286226
20260127,AU2603,1147.04,3761.0,2256.0,0.014018691588787213
20260127,AU2604,1148.38,401545.0,217484.0,0.01765965969452532
20260127,AU2606,1151.76,78639.0,87319.0,0.019795790789748136
20260127,AU2608,1155.56,16112.0,16238.0,0.015473017411471446
20260127,AU2610,1158.54,11238.0,11726.0,0.01522606038634855
20260127,AU2612,1161.48,8246.0,9609.0,0.00031224529623123947
20260127,AU2702,1164.2,2640.0,1455.0,0.0
20260128,AU2602,1181.7,34768.0,19042.0,0.022746890073623405
20260128,AU2603,1183.94,2124.0,2340.0,0.022906566211124968
20260128,AU2604,1186.2,430617.0,222473.0,0.01861406170966129
20260128,AU2606,1189.88,80975.0,88487.0,0.016842034490872848
20260128,AU2608,1193.22,14542.0,16403.0,0.014481822295971725
20260128,AU2610,1196.1,8141.0,11698.0,0.015550539252571216
20260128,AU2612,1199.2,4818.0,9811.0,0.00043584611963529694
20260128,AU2702,1203.12,1599.0,1687.0,0.0
20260129,AU2602,1244.3,23425.0,14952.0,0.01967371212730118
20260129,AU2603,1246.34,3137.0,2266.0,0.026766371937030797
20260129,AU2604,1249.12,521258.0,211820.0,0.014314077110285872
20260129,AU2606,1252.1,105337.0,88613.0,0.017921891222745234
20260129,AU2608,1255.84,17823.0,16507.0,0.01375971461332659
20260129,AU2610,1258.72,8492.0,11611.0,0.016874284987924426
20260129,AU2612,1262.26,6334.0,9913.0,0.0003760450831577167
20260129,AU2702,1265.82,1400.0,1888.0,0.0
20260130,AU2602,1148.08,19604.0,13249.0,0.09239774231761011
20260130,AU2603,1156.92,7080.0,2571.0,0.04667565605227786
20260130,AU2604,1161.42,894024.0,187299.0,0.010022214186081513
20260130,AU2606,1163.36,188872.0,83704.0,0.01908265713106827
20260130,AU2608,1167.06,38929.0,16260.0,0.012544342193203217
20260130,AU2610,1169.5,19394.0,11464.0,0.012825994014536768
20260130,AU2612,1172.0,12490.0,9988.0,0.0006803185437997665
20260130,AU2702,1177.98,3273.0,2160.0,0.0
20260202,AU2602,1007.44,4540.0,13008.0,0.0009529103470162781
20260202,AU2603,1007.52,7545.0,3023.0,0.012863268222963242
20260202,AU2604,1008.6,893317.0,178401.0,-0.00011897679952377338
20260202,AU2606,1008.58,237190.0,78938.0,0.013444644946359663
20260202,AU2608,1010.84,58116.0,16321.0,0.0035613944837957767
20260202,AU2610,1011.44,28114.0,11298.0,-0.001542355453611588
20260202,AU2612,1011.18,22001.0,9358.0,0.0011656348688331283
20260202,AU2702,1020.02,4946.0,1510.0,0.0
20260203,AU2602,1090.04,1125.0,12780.0,0.0367692928699892
20260203,AU2603,1093.38,4661.0,3211.0,0.004390056521977215
20260203,AU2604,1093.78,726056.0,179295.0,0.016785825303076596
20260203,AU2606,1096.84,183448.0,82786.0,0.010174683636629211
20260203,AU2608,1098.7,51502.0,17049.0,0.014853918267042854
20260203,AU2610,1101.42,23811.0,9913.0,0.012529280383505093
20260203,AU2612,1103.72,10339.0,9160.0,0.0005629447081989388
20260203,AU2702,1108.38,1774.0,1401.0,0.0
20260204,AU2602,1138.34,456.0,12723.0,0.01370416571499078
20260204,AU2603,1139.64,3091.0,3370.0,0.021691060334840806
20260204,AU2604,1141.7,462718.0,178544.0,0.01755277218183382
20260204,AU2606,1145.04,94943.0,83522.0,0.012366380213791661
20260204,AU2608,1147.4,26418.0,17643.0,0.011713439079657828
20260204,AU2610,1149.64,12558.0,9976.0,0.011168713684283293
20260204,AU2612,1151.78,6278.0,9323.0,0.0005348243588185457
20260204,AU2702,1156.4,1111.0,1496.0,0.0
20260205,AU2602,1105.0,147.0,12693.0,-0.0034751131221710807
20260205,AU2603,1104.68,4213.0,3502.0,0.011731904261866433
20260205,AU2604,1105.76,631419.0,172503.0,0.01812328172478672
20260205,AU2606,1109.1,169117.0,82829.0,0.016445766837977605
20260205,AU2608,1112.14,36095.0,18018.0,0.013379610480693582
20260205,AU2610,1114.62,16959.0,9710.0,0.010873660978630184
20260205,AU2612,1116.64,8194.0,9232.0,0.0006041935329798835
20260205,AU2702,1121.7,1803.0,1741.0,0.0
20260206,AU2602,1086.42,219.0,12645.0,0.02871817529132148
20260206,AU2603,1089.02,2764.0,3705.0,0.012120989513505265
20260206,AU2604,1090.12,494742.0,163840.0,0.014310351154002365
20260206,AU2606,1092.72,126031.0,84618.0,0.017021743905117237
20260206,AU2608,1095.82,25946.0,17836.0,0.010950703582705223
20260206,AU2610,1097.82,9722.0,9609.0,0.009946985844674572
20260206,AU2612,1099.64,5228.0,9189.0,0.0006474846313338686
20260206,AU2702,1104.98,1343.0,1781.0,0.0
20260209,AU2602,1124.82,360.0,12510.0,-0.005120819331092541
20260209,AU2603,1124.34,1837.0,3526.0,0.017076684988529323
20260209,AU2604,1125.94,331307.0,158759.0,0.015134021351048688
20260209,AU2606,1128.78,83210.0,86799.0,0.013076064423537037
20260209,AU2608,1131.24,18966.0,18011.0,0.014957038294261427
20260209,AU2610,1134.06,7131.0,9609.0,0.014284958467805975
20260209,AU2612,1136.76,4330.0,9103.0,0.0003800274464266747
20260209,AU2702,1140.0,496.0,1751.0,0.0
20260210,AU2602,1118.04,54.0,12504.0,0.01459697327466003
20260210,AU2603,1119.4,1348.0,3479.0,0.019510452027872383
20260210,AU2604,1121.22,218097.0,156910.0,0.014662599668218146
20260210,AU2606,1123.96,51266.0,90218.0,0.013772732125698628
20260210,AU2608,1126.54,13490.0,17786.0,0.014699877501021419
20260210,AU2610,1129.3,4933.0,9525.0,0.01307004338971085
20260210,AU2612,1131.76,2350.0,8997.0,0.0005325039466553606
20260210,AU2702,1136.28,331.0,1736.0,0.0
20260211,AU2602,1126.88,21.0,12498.0,0.012991622887971843
20260211,AU2603,1128.1,1254.0,3263.0,0.024465916142187183
20260211,AU2604,1130.4,217933.0,160510.0,0.013800424628449548
20260211,AU2606,1133.0,44843.0,89881.0,0.01546337157987665
20260211,AU2608,1135.92,10567.0,18171.0,0.013733361504330244
20260211,AU2610,1138.52,5168.0,9518.0,0.011593999227066831
20260211,AU2612,1140.72,1976.0,8975.0,0.0005119573602636743
20260211,AU2702,1145.1,434.0,1768.0,0.0
20260212,AU2602,1124.22,12.0,12498.0,0.006831403106152045
20260212,AU2603,1124.86,2381.0,3197.0,0.013441672741497435
20260212,AU2604,1126.12,246621.0,154552.0,0.019287464923809505
20260212,AU2606,1129.74,53698.0,93522.0,0.011046789526793166
20260212,AU2608,1131.82,11853.0,18352.0,0.013040942906116015
20260212,AU2610,1134.28,6369.0,9542.0,0.011637338223366545
20260212,AU2612,1136.48,3008.0,9215.0,0.0005983387301140119
20260212,AU2702,1141.58,507.0,1781.0,0.0
20260213,AU2602,1102.76,3.0,12498.0,0.07878414160832747
20260213,AU2603,1110.0,7477.0,3840.0,0.0010810810810797378
20260213,AU2604,1110.1,303568.0,153140.0,0.018160526078732975
20260213,AU2606,1113.46,63719.0,92475.0,0.01573473676647552
20260213,AU2608,1116.38,15295.0,18351.0,0.008706712768053126
20260213,AU2610,1118.0,7379.0,9258.0,0.01137745974955262
20260213,AU2612,1120.12,4360.0,9130.0,0.0005404182885167271
20260213,AU2702,1124.66,838.0,1564.0,0.0
20260224,AU2602,1157.0,306.0,12219.0,-0.08380293863439858
20260224,AU2603,1148.92,1903.0,2960.0,0.016502454478986905
20260224,AU2604,1150.5,126903.0,157411.0,0.017314211212516195
20260224,AU2606,1153.82,34008.0,93903.0,0.013832313532440299
20260224,AU2608,1156.48,7584.0,18838.0,0.014630603209739412
20260224,AU2610,1159.3,3076.0,9419.0,0.013249374622616994
20260224,AU2612,1161.86,2288.0,8917.0,0.0005508408930508265
20260224,AU2702,1166.66,890.0,1647.0,0.0
20260225,AU2603,1149.0,2090.0,2652.0,0.021514360313314107
20260225,AU2604,1151.06,198537.0,155075.0,0.016680277309612634
20260225,AU2605,1152.66,258.0,53.0,0.017489979699128355
20260225,AU2606,1154.34,51239.0,100812.0,0.016321014605749085
20260225,AU2608,1157.48,9910.0,19754.0,0.01399592217576151
20260225,AU2610,1160.18,4809.0,9895.0,0.014997672774913706
20260225,AU2612,1163.08,2825.0,9027.0,0.0005342137542846181
20260225,AU2702,1167.74,414.0,1703.0,0.0
20260226,AU2603,1144.72,1249.0,2208.0,0.01844992661960987
20260226,AU2604,1146.48,169407.0,151642.0,0.02030563114925865
20260226,AU2605,1148.42,339.0,136.0,0.01755455321223831
20260226,AU2606,1150.1,37536.0,103854.0,0.015129119207025976
20260226,AU2608,1153.0,10307.0,21621.0,0.012593235039028539
20260226,AU2610,1155.42,3653.0,10650.0,0.01651347561925398
20260226,AU2612,1158.6,1838.0,9149.0,0.00048104033603776724
20260226,AU2702,1162.78,322.0,1748.0,0.0
20260227,AU2603,1146.72,997.0,2094.0,0.012348262871494597
20260227,AU2604,1147.9,194710.0,150146.0,0.021953131805906523
20260227,AU2605,1150.0,297.0,163.0,0.013982608695652488
20260227,AU2606,1151.34,44122.0,105733.0,0.015321277815415257
20260227,AU2608,1154.28,11183.0,21952.0,0.014138683854870493
20260227,AU2610,1157.0,2627.0,11039.0,0.01773552290406233
20260227,AU2612,1160.42,1493.0,9318.0,0.0003929611692318128
20260227,AU2702,1163.84,298.0,1821.0,0.0
20260302,AU2603,1191.02,165.0,2082.0,0.06246746486205268
20260302,AU2604,1197.22,319930.0,154593.0,0.011626935734452282
20260302,AU2605,1198.38,855.0,322.0,0.0222300105141926
20260302,AU2606,1200.6,87752.0,106885.0,0.015992003998001714
20260302,AU2608,1203.8,18195.0,23080.0,0.0130586476158836
20260302,AU2610,1206.42,6773.0,11606.0,0.012135077336249633
20260302,AU2612,1208.86,4232.0,9375.0,0.0003904505070893312
20260302,AU2702,1212.4,1091.0,1926.0,0.0
20260303,AU2603,1174.74,51.0,2058.0,0.07416109096481005
20260303,AU2604,1182.0,392785.0,139773.0,0.01725888324873104
20260303,AU2605,1183.7,948.0,357.0,0.01703134240094606
20260303,AU2606,1185.38,108780.0,103769.0,0.012148003171978061
20260303,AU2608,1187.78,26574.0,25170.0,0.014447119837007971
20260303,AU2610,1190.64,8185.0,12119.0,0.01703285627897566
20260303,AU2612,1194.02,5967.0,9436.0,0.0004980374421422221
20260303,AU2702,1198.48,1595.0,2162.0,0.0
20260304,AU2603,1149.88,108.0,1974.0,0.03318607159007758
20260304,AU2604,1153.06,418498.0,126419.0,0.005619828976809238
20260304,AU2605,1153.6,1758.0,628.0,0.02704576976421702
20260304,AU2606,1156.2,118821.0,104457.0,0.014841722885313047
20260304,AU2608,1159.06,28972.0,27741.0,0.014908632857661086
20260304,AU2610,1161.94,9365.0,12833.0,0.016627364579926862
20260304,AU2612,1165.16,6545.0,9643.0,0.00040967191916415995
20260304,AU2702,1168.74,2103.0,2367.0,0.0
20260305,AU2603,1153.64,57.0,1926.0,-0.017059047883222433
20260305,AU2604,1152.0,233912.0,125041.0,0.0029166666666657903
20260305,AU2605,1152.28,844.0,806.0,0.028951296559863948
20260305,AU2606,1155.06,66063.0,108084.0,0.017557529478988698
20260305,AU2608,1158.44,17460.0,28971.0,0.009012119747246139
20260305,AU2610,1160.18,5194.0,13450.0,0.0223413608233205
20260305,AU2612,1164.5,2887.0,9700.0,0.0004190639759553546
20260305,AU2702,1168.16,958.0,2428.0,0.0
20260306,AU2603,1140.68,15.0,1920.0,0.00126240488129703
20260306,AU2604,1140.8,272430.0,113842.0,0.01367461430575112
20260306,AU2605,1142.1,1183.0,1034.0,0.02143420015760622
20260306,AU2606,1144.14,83801.0,112216.0,0.014683517751323816
20260306,AU2608,1146.94,17501.0,29451.0,0.01590318586848527
20260306,AU2610,1149.98,7094.0,13896.0,0.01596549505208733
20260306,AU2612,1153.04,2799.0,9783.0,0.0004394181179028085
20260306,AU2702,1156.84,1093.0,2596.0,0.0
20260309,AU2603,1145.6,87.0,1920.0,-0.05865921787709416
20260309,AU2604,1140.0,312400.0,110867.0,0.020842105263159105
20260309,AU2605,1141.98,1823.0,1377.0,0.016392581306152287
20260309,AU2606,1143.54,105024.0,118652.0,0.01563565769452735
20260309,AU2608,1146.52,20439.0,30069.0,0.012245752363673645
20260309,AU2610,1148.86,6786.0,14161.0,0.019636857406472696
20260309,AU2612,1152.62,3315.0,9810.0,0.00044420537557912827
20260309,AU2702,1156.46,1214.0,2614.0,0.0
20260310,AU2603,1138.68,0.0,1920.0,0.1192960269786063
20260310,AU2604,1150.0,203619.0,111758.0,0.015026086956522633
20260310,AU2605,1151.44,757.0,1450.0,0.01792538039324576
20260310,AU2606,1153.16,89822.0,123330.0,0.011758992680980906
20260310,AU2608,1155.42,17362.0,32030.0,0.01848678402658699
20260310,AU2610,1158.98,4297.0,14451.0,0.01698044832525092
20260310,AU2612,1162.26,2073.0,9984.0,0.0003418626927996549
20260310,AU2702,1165.24,828.0,2679.0,0.0
20260311,AU2603,1138.68,0.0,1920.0,0.1401622931815769
20260311,AU2604,1151.98,179567.0,107728.0,0.01583360822236468
20260311,AU2605,1153.5,889.0,1578.0,0.02101430429128648
20260311,AU2606,1155.52,76828.0,132291.0,0.013188867349764877
20260311,AU2608,1158.06,22390.0,34038.0,0.015750479249779126
20260311,AU2610,1161.1,5528.0,15553.0,0.015089139608992497
20260311,AU2612,1164.02,2425.0,9885.0,0.0004398549853095328
20260311,AU2702,1167.86,751.0,2711.0,0.0
20260312,AU2603,1135.02,21.0,1917.0,0.13828831210022674
20260312,AU2604,1148.1,163830.0,105803.0,0.01818656911418781
20260312,AU2605,1149.84,991.0,1533.0,0.017532874139011057
20260312,AU2606,1151.52,65754.0,137300.0,0.013964151729887408
20260312,AU2608,1154.2,12225.0,34916.0,0.015907121815975866
20260312,AU2610,1157.26,5170.0,15743.0,0.014205969272246932
20260312,AU2612,1160.0,1486.0,9859.0,0.00035632183908044607
20260312,AU2702,1163.1,699.0,2804.0,0.0
20260313,AU2603,1137.0,6.0,1917.0,-0.04221635883905073
20260313,AU2604,1133.0,178365.0,102674.0,0.012497793468668306
20260313,AU2605,1134.18,554.0,1600.0,0.01819816960270959
20260313,AU2606,1135.9,86582.0,140959.0,0.015106963641165372
20260313,AU2608,1138.76,17693.0,36858.0,0.015490533562823483
20260313,AU2610,1141.7,4268.0,16432.0,0.019234474905841292
20260313,AU2612,1145.36,2108.0,9758.0,0.0003073269539708138
20260313,AU2702,1148.0,843.0,2823.0,0.0
20260316,AU2603,1136.0,9.0,1917.0,-0.18654929577464907
20260316,AU2604,1118.34,214294.0,94528.0,0.018885133322602776
20260316,AU2605,1120.1,1031.0,1631.0,0.01499866083385637
20260316,AU2606,1121.5,102459.0,144912.0,0.017119928666964768
20260316,AU2608,1124.7,20674.0,39127.0,0.012163243531608359
20260316,AU2610,1126.98,7276.0,17037.0,0.017356119895650668
20260316,AU2612,1130.24,3283.0,9605.0,0.0004695167987920061
20260316,AU2702,1134.22,1375.0,2903.0,0.0
20260317,AU2604,1116.2,146932.0,90930.0,0.024726751478229225
20260317,AU2605,1118.5,1125.0,1780.0,0.00708091193562943
20260317,AU2606,1119.16,71848.0,148093.0,0.020050752349976442
20260317,AU2608,1122.9,11062.0,39436.0,0.013678867218807511
20260317,AU2610,1125.46,4281.0,17328.0,0.01652657580011674
20260317,AU2612,1128.56,2006.0,9784.0,0.00035915975520426355
20260317,AU2702,1131.6,697.0,2956.0,0.016118769883351813
20260317,AU2704,1134.64,44.0,24.0,0.0
20260318,AU2604,1113.52,130531.0,85832.0,0.016380487103957897
20260318,AU2605,1115.04,749.0,1713.0,0.018510546706845155
20260318,AU2606,1116.76,68754.0,153650.0,0.017300046563271998
20260318,AU2608,1119.98,10498.0,39918.0,0.011785924748656917
20260318,AU2610,1122.18,3279.0,17714.0,0.01550553387157061
20260318,AU2612,1125.08,1543.0,9829.0,0.0004432277408421411
20260318,AU2702,1128.82,348.0,2971.0,0.01658368916213515
20260318,AU2704,1131.94,70.0,49.0,0.0
20260319,AU2604,1062.0,244568.0,78537.0,0.05920903954802359
20260319,AU2605,1067.24,1997.0,1592.0,-0.022263033619429606
20260319,AU2606,1065.26,152220.0,155635.0,0.01746052606875237
20260319,AU2608,1068.36,23590.0,39802.0,0.013141637650230908
20260319,AU2610,1070.7,8142.0,17660.0,0.021070327822918955
20260319,AU2612,1074.46,5220.0,9773.0,0.00037228002903783405
20260319,AU2702,1077.46,1453.0,2969.0,0.015592226161528
20260319,AU2704,1080.26,184.0,57.0,0.0
20260320,AU2604,1039.22,343231.0,68993.0,0.012701834067858186
20260320,AU2605,1040.32,5448.0,1831.0,0.019609350968933015
20260320,AU2606,1042.02,263642.0,157330.0,0.017158979674094077
20260320,AU2608,1045.0,43201.0,41359.0,0.014354066985646341
20260320,AU2610,1047.5,12638.0,17664.0,0.01844391408114543
20260320,AU2612,1050.72,11176.0,9821.0,0.0003451601441551174
20260320,AU2702,1053.44,1944.0,2815.0,0.012644289185905322
20260320,AU2704,1055.66,335.0,94.0,0.0
20260323,AU2604,940.0,386422.0,62764.0,0.004340425531915493
20260323,AU2605,940.34,5425.0,1561.0,0.03139290044026577
20260323,AU2606,942.8,370312.0,156399.0,0.0171828595672463
20260323,AU2608,945.5,61210.0,42981.0,0.004569011105235887
20260323,AU2610,946.22,15742.0,17322.0,0.019276700978630323
20260323,AU2612,949.26,11933.0,9500.0,0.00010674981915738495
20260323,AU2702,950.02,3072.0,2397.0,0.026020504831477886
20260323,AU2704,954.14,504.0,175.0,0.0
20260324,AU2604,977.28,282408.0,54345.0,0.018418467583497744
20260324,AU2605,978.78,4267.0,1625.0,0.01250536382026457
20260324,AU2606,979.8,363001.0,159914.0,0.016533986527862865
20260324,AU2608,982.5,62183.0,46819.0,0.017832061068701943
20260324,AU2610,985.42,14023.0,18023.0,0.015587262284102898
20260324,AU2612,987.98,8571.0,9523.0,0.0002834065466912191
20260324,AU2702,990.08,1567.0,2314.0,0.021816418875242327
20260324,AU2704,993.68,485.0,178.0,0.0
20260325,AU2604,1011.04,139575.0,40987.0,0.018990346573826145
20260325,AU2605,1012.64,2178.0,1519.0,0.015642281561069282
20260325,AU2606,1013.96,317182.0,169532.0,0.017397135981695566
20260325,AU2608,1016.9,55439.0,51729.0,0.015812764283607006
20260325,AU2610,1019.58,8326.0,17579.0,0.014829635732359847
20260325,AU2612,1022.1,5720.0,9960.0,0.00033917098783549094
20260325,AU2702,1024.7,615.0,2371.0,0.013935786083731472
20260325,AU2704,1027.08,240.0,183.0,0.0
20260326,AU2604,992.96,83441.0,28789.0,0.02199484369964555
20260326,AU2605,994.78,2167.0,1551.0,0.014475562435914746
20260326,AU2606,995.98,291301.0,170696.0,0.017108777284684518
20260326,AU2608,998.82,47889.0,50089.0,0.018982399231092906
20260326,AU2610,1001.98,8025.0,18011.0,0.013533204255573583
20260326,AU2612,1004.24,4703.0,10435.0,0.0002522637350965103
20260326,AU2702,1006.14,688.0,2425.0,0.019321366807800278
20260326,AU2704,1009.38,205.0,196.0,0.0
20260327,AU2604,995.18,62042.0,19915.0,0.02604553950039179
20260327,AU2605,997.34,2458.0,1934.0,0.015882246776423692
20260327,AU2606,998.66,316403.0,169083.0,0.015260449001662568
20260327,AU2608,1001.2,45507.0,51119.0,0.017978425888933725
20260327,AU2610,1004.2,8420.0,18445.0,0.016012746464847183
20260327,AU2612,1006.88,4164.0,10562.0,0.00032575877959638196
20260327,AU2702,1009.34,610.0,2436.0,0.019497889710107685
20260327,AU2704,1012.62,222.0,227.0,0.0
20260330,AU2604,1011.02,45178.0,16017.0,0.030859923641472164
20260330,AU2605,1013.62,3203.0,1589.0,0.0149168327381064
20260330,AU2606,1014.88,393515.0,180953.0,0.017972568185400828
20260330,AU2608,1017.92,48947.0,52723.0,0.013321282615529118
20260330,AU2610,1020.18,9061.0,18675.0,0.01905546080103493
20260330,AU2612,1023.42,4790.0,11088.0,0.00033612788493483
20260330,AU2702,1026.0,555.0,2495.0,0.016374269005848152
20260330,AU2704,1028.8,226.0,242.0,0.0
20260331,AU2604,1010.0,23055.0,13530.0,0.10003960396039613
20260331,AU2605,1018.42,3842.0,1869.0,0.019795369297540333
20260331,AU2606,1020.1,335355.0,180433.0,0.01882168414861196
20260331,AU2608,1023.3,57300.0,54727.0,0.01712107886250358
20260331,AU2610,1026.22,7077.0,19304.0,0.012862738983844046
20260331,AU2612,1028.42,5161.0,11640.0,0.00037338830438923647
20260331,AU2702,1031.3,534.0,2542.0,0.019897217104625664
20260331,AU2704,1034.72,210.0,257.0,0.0
20260401,AU2604,1049.4,3393.0,12438.0,0.024013722126928094
20260401,AU2605,1051.5,3190.0,1869.0,0.01917261055634878
20260401,AU2606,1053.18,315640.0,187601.0,0.014356520252947647
20260401,AU2608,1055.7,54993.0,54298.0,0.01523159988633127
20260401,AU2610,1058.38,7927.0,19493.0,0.01972826395056515
20260401,AU2612,1061.86,3454.0,11653.0,0.00032898247728828286
20260401,AU2702,1064.48,529.0,2568.0,0.01702239591161936
20260401,AU2704,1067.5,358.0,291.0,0.0
20260402,AU2604,1019.66,2535.0,12216.0,0.028950826746171998
20260402,AU2605,1022.12,5267.0,1907.0,0.019488905412279323
20260402,AU2606,1023.78,463035.0,176413.0,0.01476879798394215
20260402,AU2608,1026.3,86434.0,54797.0,0.018123355743934866
20260402,AU2610,1029.4,13709.0,19924.0,0.015037886147269752
20260402,AU2612,1031.98,7469.0,11548.0,0.0002945793523130291
20260402,AU2702,1034.26,2516.0,2736.0,0.025641521474290663
20260402,AU2704,1038.68,739.0,378.0,0.0
20260403,AU2604,1029.64,981.0,11955.0,0.025406938347380503
20260403,AU2605,1031.82,2900.0,1767.0,0.013723323835552748
20260403,AU2606,1033.0,306760.0,174544.0,0.01812197483058986
20260403,AU2608,1036.12,48553.0,55288.0,0.01470872099756848
20260403,AU2610,1038.66,10616.0,19841.0,0.01605915313962214
20260403,AU2612,1041.44,4138.0,11521.0,0.0003635991191683156
20260403,AU2702,1044.28,632.0,2717.0,0.017811314972996595
20260403,AU2704,1047.38,456.0,387.0,0.0
20260407,AU2604,1030.48,1323.0,11826.0,0.0300442512227308
20260407,AU2605,1033.06,845.0,1775.0,0.014171490523300356
20260407,AU2606,1034.28,124206.0,174903.0,0.017055342847197785
20260407,AU2608,1037.22,25310.0,56524.0,0.016544223983339545
20260407,AU2610,1040.08,4876.0,19936.0,0.013614337358665463
20260407,AU2612,1042.44,2326.0,11669.0,0.00033511121343513157
20260407,AU2702,1045.06,393.0,2701.0,0.021242799456491213
20260407,AU2704,1048.76,334.0,409.0,0.0
20260408,AU2604,1058.72,1320.0,11607.0,0.024029016170469042
20260408,AU2605,1060.84,1716.0,1761.0,0.013121677161495704
20260408,AU2606,1062.0,311307.0,187085.0,0.0178531073446333
20260408,AU2608,1065.16,46517.0,57508.0,0.015321641819069143
20260408,AU2610,1067.88,9979.0,20120.0,0.01370940555118505
20260408,AU2612,1070.32,4400.0,11745.0,0.00035877120861051994
20260408,AU2702,1073.2,696.0,2726.0,0.020685799478195932
20260408,AU2704,1076.9,496.0,443.0,0.0
20260409,AU2604,1037.0,162.0,11604.0,0.03193828351012584
20260409,AU2605,1039.76,1387.0,1762.0,0.018004154804954098
20260409,AU2606,1041.32,265623.0,182700.0,0.01590289248261767
20260409,AU2608,1044.08,47849.0,59683.0,0.018964064056395724
20260409,AU2610,1047.38,10556.0,20439.0,0.014321449712615841
20260409,AU2612,1049.88,3822.0,12044.0,0.0003657560864098741
20260409,AU2702,1052.76,644.0,2740.0,0.01949162202211374
20260409,AU2704,1056.18,441.0,503.0,0.0
20260410,AU2604,1045.62,51.0,11604.0,0.020198542491538518
20260410,AU2605,1047.38,881.0,1722.0,0.011228016574688304
20260410,AU2606,1048.36,221263.0,182266.0,0.01785646152085274
20260410,AU2608,1051.48,33650.0,60668.0,0.015292730246890152
20260410,AU2610,1054.16,6611.0,20523.0,0.01582302496774668
20260410,AU2612,1056.94,2374.0,12318.0,0.00037592799338973155
20260410,AU2702,1059.92,547.0,2775.0,0.020039248245150354
20260410,AU2704,1063.46,481.0,507.0,0.0
20260413,AU2604,1041.2,342.0,11370.0,0.006915097963887007
20260413,AU2605,1041.8,882.0,1729.0,0.01842964100595168
20260413,AU2606,1043.4,227711.0,182565.0,0.016791259344449472
20260413,AU2608,1046.32,33732.0,61395.0,0.013991895404847465
20260413,AU2610,1048.76,9325.0,21720.0,0.016018917578854985
20260413,AU2612,1051.56,3529.0,12716.0,0.0004158900427301641
20260413,AU2702,1054.84,528.0,2799.0,0.016722915323650778
20260413,AU2704,1057.78,339.0,536.0,0.0
20260414,AU2604,1045.96,69.0,11370.0,0.060575930245898135
20260414,AU2605,1051.24,703.0,1703.0,0.01803584338495412
20260414,AU2606,1052.82,216470.0,184072.0,0.015273266085371606
20260414,AU2608,1055.5,36301.0,63302.0,0.015689246802463863
20260414,AU2610,1058.26,9751.0,22550.0,0.013153667340729314
20260414,AU2612,1060.58,2422.0,13097.0,0.0003570373443462079
20260414,AU2702,1063.42,431.0,2871.0,0.02245584999341821
20260414,AU2704,1067.4,296.0,596.0,0.0
20260415,AU2604,1058.5,27.0,11352.0,-0.021313179026926754
20260415,AU2605,1056.62,1153.0,1662.0,0.018398288883421543
20260415,AU2606,1058.24,250768.0,188609.0,0.01564862413063217
20260415,AU2608,1061.0,50943.0,65774.0,0.015155513666353482
20260415,AU2610,1063.68,8255.0,22946.0,0.014666064981948779
20260415,AU2612,1066.28,4130.0,13433.0,0.0003776368933738598
20260415,AU2702,1069.3,538.0,2952.0,0.019639016178808255
20260415,AU2704,1072.8,238.0,630.0,0.0
20260416,AU2605,1059.94,833.0,1648.0,0.017661377059078553
20260416,AU2606,1061.5,173059.0,186942.0,0.021931229392370355
20260416,AU2607,1063.44,30.0,6.0,0.009704355675918208
20260416,AU2608,1064.3,32980.0,67547.0,0.012064267593724143
20260416,AU2610,1066.44,3842.0,23089.0,0.015415775852368085
20260416,AU2612,1069.18,2689.0,13715.0,0.0004389656870997646
20260416,AU2702,1072.7,399.0,3010.0,0.016332618625896522
20260416,AU2704,1075.62,264.0,660.0,0.0
20260417,AU2605,1052.3,1136.0,1611.0,0.019614178466217602
20260417,AU2606,1054.02,204155.0,181300.0,-0.015938976490010415
20260417,AU2607,1052.62,23.0,11.0,0.046512511637630816
20260417,AU2608,1056.7,37669.0,70163.0,0.014422257972933838
20260417,AU2610,1059.24,5193.0,23141.0,0.014840829273818912
20260417,AU2612,1061.86,2918.0,14048.0,0.00040683329252442965
20260417,AU2702,1065.1,461.0,3050.0,0.015998497793634936
20260417,AU2704,1067.94,271.0,695.0,0.0
20260420,AU2605,1053.18,2036.0,1622.0,0.020281433373211755
20260420,AU2606,1054.96,308208.0,183295.0,0.005232425873966662
20260420,AU2607,1055.42,315.0,39.0,0.02774251009076778
20260420,AU2608,1057.86,59388.0,72022.0,0.012478021666383565
20260420,AU2610,1060.06,8231.0,23409.0,0.013357734467860372
20260420,AU2612,1062.42,5226.0,14811.0,0.00043924875912226824
20260420,AU2702,1065.92,971.0,3202.0,0.016774241969379045
20260420,AU2704,1068.9,320.0,746.0,0.0
20260421,AU2605,1050.32,819.0,1588.0,0.01576662350521829
20260421,AU2606,1051.7,186441.0,180050.0,0.01597413711134088
20260421,AU2607,1053.1,67.0,41.0,0.016636596714463714
20260421,AU2608,1054.56,34471.0,73006.0,0.013654984069185527
20260421,AU2610,1056.96,5591.0,23716.0,0.016802906448683874
20260421,AU2612,1059.92,5352.0,15750.0,0.0003044254912320336
20260421,AU2702,1062.34,1186.0,3472.0,0.020558389969314028
20260421,AU2704,1065.98,256.0,766.0,0.0
20260422,AU2605,1050.22,1528.0,1583.0,0.013482889299386791
20260422,AU2606,1051.4,258135.0,178517.0,0.017120030435608946
20260422,AU2607,1052.9,178.0,47.0,0.013904454364134011
20260422,AU2608,1054.12,59469.0,77177.0,0.01662049861495829
20260422,AU2610,1057.04,7246.0,24024.0,0.012601226065238613
20260422,AU2612,1059.26,4281.0,15866.0,0.0003549647867379176
20260422,AU2702,1062.08,1040.0,3530.0,0.016156974992468154
20260422,AU2704,1064.94,270.0,815.0,0.0
20260423,AU2605,1039.38,1579.0,1652.0,0.007850834151126307
20260423,AU2606,1040.06,209677.0,181016.0,0.01707593792665829
20260423,AU2607,1041.54,131.0,57.0,0.01428653724292861
20260423,AU2608,1042.78,41059.0,77620.0,0.011852931586720405
20260423,AU2610,1044.84,9892.0,25203.0,0.015045365797634158
20260423,AU2612,1047.46,3974.0,16418.0,0.00036660111125961234
20260423,AU2702,1050.34,719.0,3467.0,0.02102176438105774
20260423,AU2704,1054.02,309.0,900.0,0.0
20260424,AU2605,1031.44,4480.0,2033.0,0.007911269681221356
20260424,AU2606,1032.12,232408.0,179211.0,0.019300081385885903
20260424,AU2607,1033.78,164.0,101.0,0.012072201048578535
20260424,AU2608,1034.82,43925.0,80124.0,0.012523917202992063
20260424,AU2610,1036.98,11120.0,26478.0,0.01492796389515716
20260424,AU2612,1039.56,4460.0,16934.0,0.0003309092308284356
20260424,AU2702,1042.14,794.0,3408.0,0.018308480626402446
20260424,AU2704,1045.32,640.0,1040.0,0.0
20260427,AU2605,1037.52,2963.0,1031.0,0.021975479990747893
20260427,AU2606,1039.42,182039.0,173811.0,0.018240942063842525
20260427,AU2607,1041.0,125.0,98.0,0.011757925072044983
20260427,AU2608,1042.02,40526.0,83598.0,0.016583174987044647
20260427,AU2610,1044.9,10262.0,27850.0,0.01228825724949667
20260427,AU2612,1047.04,3161.0,17461.0,0.0003234515077424523
20260427,AU2702,1049.58,670.0,3270.0,0.018407362945178196
20260427,AU2704,1052.8,163.0,1023.0,0.0
20260428,AU2605,1021.1,1153.0,787.0,0.011752032122220868
20260428,AU2606,1022.1,210036.0,166178.0,0.02089815086586455
20260428,AU2607,1023.88,199.0,122.0,0.012657733328126142
20260428,AU2608,1024.96,52920.0,87088.0,0.01522010615048286
20260428,AU2610,1027.56,9635.0,28486.0,0.011678150181011926
20260428,AU2612,1029.56,5045.0,18108.0,0.0003159925923047998
20260428,AU2702,1032.0,807.0,3226.0,0.018023255813952588
20260428,AU2704,1035.1,814.0,1158.0,0.0
20260429,AU2605,1010.84,883.0,681.0,0.012346167543823228
20260429,AU2606,1011.88,223967.0,159022.0,0.022057951535754405
20260429,AU2607,1013.74,265.0,162.0,0.007339159942392648
20260429,AU2608,1014.36,54455.0,88363.0,0.015260854134627078
20260429,AU2610,1016.94,12799.0,29060.0,0.013098117883060922
20260429,AU2612,1019.16,4776.0,18867.0,0.00037939741224798007
20260429,AU2702,1022.06,398.0,3218.0,0.015498111656850444
20260429,AU2704,1024.7,648.0,1201.0,0.0
20260430,AU2605,1009.04,451.0,558.0,0.0841988424641249
20260430,AU2606,1016.12,230115.0,153650.0,0.021021139235523734
20260430,AU2607,1017.9,315.0,188.0,0.01037430002947115
20260430,AU2608,1018.78,51393.0,90592.0,0.012721097783623403
20260430,AU2610,1020.94,11114.0,30146.0,0.010343409015220573
20260430,AU2612,1022.7,5877.0,19962.0,0.0005892897884684166
20260430,AU2702,1027.22,533.0,3219.0,0.009111972118922562
20260430,AU2704,1028.78,664.0,1211.0,0.0
20260506,AU2605,1026.16,87.0,510.0,0.027130272082325213
20260506,AU2606,1028.48,90326.0,154376.0,0.011434349719975145
20260506,AU2607,1029.46,198.0,207.0,0.01981621432595837
20260506,AU2608,1031.16,26132.0,94432.0,0.013732107529383697
20260506,AU2610,1033.52,5894.0,31565.0,0.0134685347163086
20260506,AU2612,1035.84,3942.0,20553.0,0.00028575841828854345
20260506,AU2702,1038.06,358.0,3249.0,0.015721634587596345
20260506,AU2704,1040.78,285.0,1241.0,0.0
20260507,AU2605,1036.0,129.0,459.0,0.05768339768339814
20260507,AU2606,1040.98,191181.0,157066.0,0.01913581432880651
20260507,AU2607,1042.64,414.0,256.0,0.008516841862962643
20260507,AU2608,1043.38,63418.0,98598.0,0.014951407924245874
20260507,AU2610,1045.98,12517.0,33330.0,0.013308093845006752
20260507,AU2612,1048.3,7410.0,22151.0,0.0003128875321949979
20260507,AU2702,1050.76,1016.0,3435.0,0.013704366363394005
20260507,AU2704,1053.16,554.0,1316.0,0.0
20260508,AU2605,1037.74,336.0,294.0,0.005550523252452422
20260508,AU2606,1038.22,210748.0,156060.0,0.014563387336016476
20260508,AU2607,1039.48,384.0,307.0,0.016392811790511885
20260508,AU2608,1040.9,57905.0,100388.0,0.012335478912479214
20260508,AU2610,1043.04,12400.0,33992.0,0.012770363552691677
20260508,AU2612,1045.26,8546.0,24367.0,0.00031124632467838254
20260508,AU2702,1047.7,1152.0,3489.0,0.013973465686742514
20260508,AU2704,1050.14,541.0,1355.0,0.0
20260511,AU2605,1030.96,0.0,294.0,-0.04842088926825516
20260511,AU2606,1026.8,228085.0,152540.0,0.011920529801323632
20260511,AU2607,1027.82,542.0,414.0,0.01681228230624221
20260511,AU2608,1029.26,75989.0,103089.0,0.012591570642986216
20260511,AU2610,1031.42,14680.0,35807.0,0.012099823544239996
20260511,AU2612,1033.5,7080.0,25608.0,0.0003302693114013877
20260511,AU2702,1036.06,1431.0,3632.0,0.018184275041986275
20260511,AU2704,1039.2,541.0,1494.0,0.0
20260512,AU2605,1030.96,0.0,294.0,-0.00977729494839874
20260512,AU2606,1030.12,199947.0,146394.0,0.02073544829728924
20260512,AU2607,1031.9,629.0,489.0,0.008140323674772354
20260512,AU2608,1032.6,82474.0,110507.0,0.01568855316676432
20260512,AU2610,1035.3,13419.0,36962.0,0.012286293827876715
20260512,AU2612,1037.42,9654.0,26779.0,0.00034701470956794247
20260512,AU2702,1040.12,976.0,3756.0,0.014882898127139832
20260512,AU2704,1042.7,297.0,1523.0,0.0
20260513,AU2605,1030.98,51.0,294.0,-0.004888552639236821
20260513,AU2606,1030.56,181642.0,141285.0,0.009082440614809784
20260513,AU2607,1031.34,625.0,593.0,0.01954738495549524
20260513,AU2608,1033.02,73304.0,110740.0,0.014869024801067887
20260513,AU2610,1035.58,10626.0,38040.0,0.010776569651790524
20260513,AU2612,1037.44,6728.0,28221.0,0.0004138391939132309
20260513,AU2702,1040.66,1585.0,4497.0,0.017412026982875695
20260513,AU2704,1043.68,381.0,1568.0,0.0
20260514,AU2605,1025.0,3.0,294.0,0.053853658536585414
20260514,AU2606,1029.6,165276.0,138738.0,0.016317016317016986
20260514,AU2607,1031.0,740.0,677.0,0.015596508244422935
20260514,AU2608,1032.34,69251.0,115685.0,0.015460022860685374
20260514,AU2610,1035.0,10974.0,39152.0,0.010782608695651508
20260514,AU2612,1036.86,4216.0,28445.0,0.00040121134965186064
20260514,AU2702,1039.98,962.0,4852.0,0.012231004442392113
20260514,AU2704,1042.1,432.0,1714.0,0.0
20260515,AU2605,1025.0,0.0,294.0,-0.24140487804878097
20260515,AU2606,1004.38,240014.0,127211.0,0.010991855672155992
20260515,AU2607,1005.3,1312.0,837.0,0.020531184720979923
20260515,AU2608,1007.02,107595.0,117537.0,0.013942126273559285
20260515,AU2610,1009.36,16861.0,39754.0,0.0150986763889982
20260515,AU2612,1011.9,8202.0,29180.0,0.00040847251045888675
20260515,AU2702,1015.0,2703.0,5602.0,0.013123152709359598
20260515,AU2704,1017.22,696.0,1851.0,0.0
20260518,AU2606,999.8,243427.0,117961.0,0.013442688537707248
20260518,AU2607,1000.92,1887.0,923.0,0.018223234624146656
20260518,AU2608,1002.44,106350.0,122813.0,0.013287578308926129
20260518,AU2610,1004.66,19109.0,41419.0,0.012302669559851154
20260518,AU2612,1006.72,10785.0,31286.0,0.0003602458147912676
20260518,AU2702,1009.44,1151.0,5643.0,0.010817879220161863
20260518,AU2704,1011.26,612.0,1970.0,0.017206257540098857
20260518,AU2706,1014.16,96.0,28.0,0.0
20260519,AU2606,999.58,178598.0,109808.0,0.012725344644748837
20260519,AU2607,1000.64,1093.0,988.0,0.018468180364565434
20260519,AU2608,1002.18,92645.0,130553.0,0.013291025564269976
20260519,AU2610,1004.4,15801.0,42727.0,0.01565113500597315
20260519,AU2612,1007.02,6780.0,31563.0,0.000389267343250399
20260519,AU2702,1009.96,541.0,5582.0,0.010455859638005993
20260519,AU2704,1011.72,414.0,1958.0,0.01707982445735956
20260519,AU2706,1014.6,72.0,37.0,0.0
20260520,AU2606,983.92,216716.0,99130.0,0.01902593706805522
20260520,AU2607,985.48,1586.0,1081.0,0.014125096399722814
20260520,AU2608,986.64,130850.0,141434.0,0.014594989053757779
20260520,AU2610,989.04,20979.0,42730.0,0.015408881339480818
20260520,AU2612,991.58,9088.0,31528.0,0.00036574625009242465
20260520,AU2702,994.3,914.0,5539.0,0.013879110932314198
20260520,AU2704,996.6,471.0,1980.0,0.013245033112582849
20260520,AU2706,998.8,164.0,74.0,0.0
20260521,AU2606,992.74,168120.0,89779.0,0.012813022543666008
20260521,AU2607,993.8,1357.0,994.0,0.01907828536929035
20260521,AU2608,995.38,129057.0,148862.0,0.013140710080572493
20260521,AU2610,997.56,17850.0,43809.0,0.011427884037051417
20260521,AU2612,999.46,9153.0,31746.0,0.00037887125714550034
20260521,AU2702,1002.3,704.0,5571.0,0.012331637234360926
20260521,AU2704,1004.36,500.0,2103.0,0.013740093193674863
20260521,AU2706,1006.66,136.0,84.0,0.0
20260522,AU2606,993.34,125657.0,82798.0,0.01763746552036416
20260522,AU2607,994.8,907.0,1058.0,0.011580217129070647
20260522,AU2608,995.76,111084.0,153403.0,0.01506387081224414
20260522,AU2610,998.26,14087.0,44029.0,0.01238154388636259
20260522,AU2612,1000.32,5782.0,32037.0,0.00034122414160799865
20260522,AU2702,1002.88,710.0,5607.0,0.014597957881301582
20260522,AU2704,1005.32,223.0,2092.0,0.014085067441212296
20260522,AU2706,1007.68,288.0,107.0,0.0
20260525,AU2606,998.7,111305.0,75592.0,0.015860618804445004
20260525,AU2607,1000.02,1120.0,1121.0,0.01655966880662252
20260525,AU2608,1001.4,131034.0,161898.0,0.014859197124026391
20260525,AU2610,1003.88,12276.0,44365.0,0.010399649360481433
20260525,AU2612,1005.62,5757.0,32076.0,0.000403068090663794
20260525,AU2702,1008.66,604.0,5597.0,0.011896972220569513
20260525,AU2704,1010.66,597.0,2321.0,0.015910395187303195
20260525,AU2706,1013.34,177.0,134.0,0.0
20260526,AU2606,991.78,66788.0,54421.0,0.02395692593115495
20260526,AU2607,993.76,1207.0,1400.0,0.014973434229592186
20260526,AU2608,995.0,132467.0,176674.0,0.014351758793969882
20260526,AU2610,997.38,17443.0,47017.0,0.01600192504361342
20260526,AU2612,1000.04,4124.0,32362.0,0.00033332000053330665
20260526,AU2702,1002.54,614.0,5648.0,0.012568077084206486
20260526,AU2704,1004.64,279.0,2343.0,0.019230769230769162
20260526,AU2706,1007.86,173.0,146.0,0.0
20260527,AU2606,980.5,58600.0,39801.0,0.020071392146864042
20260527,AU2607,982.14,1684.0,1801.0,0.017349868654162215
20260527,AU2608,983.56,178157.0,188353.0,0.01634877384196276
20260527,AU2610,986.24,23808.0,48706.0,0.013384166125891994
20260527,AU2612,988.44,6744.0,32265.0,0.000353418855300595
20260527,AU2702,991.06,1089.0,5703.0,0.011018505438621595
20260527,AU2704,992.88,872.0,2725.0,0.020788010635726994
20260527,AU2706,996.32,276.0,190.0,0.0
20260528,AU2606,957.72,63264.0,24830.0,0.02430773086079352
20260528,AU2607,959.66,2914.0,2081.0,0.01900673155075605
20260528,AU2608,961.18,280818.0,192817.0,0.01647974364843341
20260528,AU2610,963.82,36593.0,49307.0,0.014940549065177944
20260528,AU2612,966.22,12923.0,32796.0,0.00036154636970184837
20260528,AU2702,968.84,1790.0,5824.0,0.008050864951901548
20260528,AU2704,970.14,1713.0,3334.0,0.02078050590636371
20260528,AU2706,973.5,403.0,263.0,0.0
20260529,AU2606,985.26,43400.0,10112.0,0.03020522501674794
20260529,AU2607,987.74,5319.0,2145.0,0.02016725049101975
20260529,AU2608,989.4,273149.0,191808.0,0.014554275318374721
20260529,AU2610,991.8,38179.0,50913.0,0.015607985480944109
20260529,AU2612,994.38,14330.0,32618.0,0.0003808068008876712
20260529,AU2702,997.22,1281.0,5820.0,0.005776057439682347
20260529,AU2704,998.18,664.0,3339.0,0.021158508485444205
20260529,AU2706,1001.7,441.0,349.0,0.0
20260601,AU2606,981.0,3785.0,8757.0,0.01810397553516907
20260601,AU2607,982.48,3923.0,1947.0,0.01343538799772137
20260601,AU2608,983.58,240345.0,193569.0,0.014884401878850984
20260601,AU2610,986.02,34720.0,51432.0,0.014969270400194912
20260601,AU2612,988.48,11091.0,32886.0,0.0003426135750512612
20260601,AU2702,991.02,1512.0,5789.0,0.014530483744021438
20260601,AU2704,993.42,653.0,3378.0,0.014132995107809077
20260601,AU2706,995.76,499.0,336.0,0.0
20260602,AU2606,987.36,4020.0,6624.0,0.02163344676713752
20260602,AU2607,989.14,3500.0,2133.0,0.01771235618820466
20260602,AU2608,990.6,206219.0,190813.0,0.014052089642640375
20260602,AU2610,992.92,39217.0,52227.0,0.013052411070378245
20260602,AU2612,995.08,14287.0,33518.0,0.0003108627782020849
20260602,AU2702,997.4,1838.0,5890.0,0.01407659915781112
20260602,AU2704,999.74,372.0,3352.0,0.01668433792786095
20260602,AU2706,1002.52,305.0,347.0,0.0
20260603,AU2606,973.74,1536.0,6018.0,0.016513648407173953
20260603,AU2607,975.08,1242.0,2162.0,0.02461336505722489
20260603,AU2608,977.08,153332.0,192532.0,0.013386826053137124
20260603,AU2610,979.26,30176.0,53140.0,0.013479566203051352
20260603,AU2612,981.46,8332.0,33871.0,0.0003885368057112259
20260603,AU2702,984.32,796.0,5987.0,0.011337776332899896
20260603,AU2704,986.18,308.0,3360.0,0.014480115191952247
20260603,AU2706,988.56,190.0,343.0,0.0
20260604,AU2606,974.52,2277.0,4962.0,0.02462750892747323
20260604,AU2607,976.52,1901.0,2180.0,0.017449719411789744
20260604,AU2608,977.94,165956.0,191537.0,0.014234002086017217
20260604,AU2610,980.26,32174.0,53373.0,0.013465815191888275
20260604,AU2612,982.46,8031.0,34002.0,0.00034471293148490294
20260604,AU2702,985.0,722.0,6011.0,0.012060913705583598
20260604,AU2704,986.98,417.0,3343.0,0.015441042371679536
20260604,AU2706,989.52,280.0,342.0,0.0
20260605,AU2606,970.7,3657.0,3555.0,0.02076851756464304
20260605,AU2607,972.38,1658.0,2129.0,0.020239001213516516
20260605,AU2608,974.02,196978.0,191132.0,0.015030492187019018
20260605,AU2610,976.46,37178.0,53544.0,0.014870040759477288
20260605,AU2612,978.88,8329.0,34186.0,0.000326904217064398
20260605,AU2702,981.28,736.0,6063.0,0.015286156856350264
20260605,AU2704,983.78,494.0,3352.0,0.011465978165849489
20260605,AU2706,985.66,344.0,345.0,0.0
20260608,AU2606,937.96,4005.0,2577.0,0.03377542752356266
20260608,AU2607,940.6,3332.0,2389.0,0.020412502657877418
20260608,AU2608,942.2,320792.0,188517.0,0.01719380174060703
20260608,AU2610,944.9,55786.0,53865.0,0.012191766324478603
20260608,AU2612,946.82,19037.0,34238.0,0.00032107475549733404
20260608,AU2702,949.1,2152.0,6175.0,0.01631018859972544
20260608,AU2704,951.68,1021.0,3551.0,0.015383322125083865
20260608,AU2706,954.12,721.0,432.0,0.0
20260609,AU2606,943.9,255.0,2505.0,0.028223328742450704
20260609,AU2607,946.12,1569.0,2448.0,0.011668710100197544
20260609,AU2608,947.04,190012.0,181455.0,0.014571718195641292
20260609,AU2610,949.34,33105.0,55523.0,0.01807571576042344
20260609,AU2612,952.2,10235.0,34147.0,0.00031085906322199836
20260609,AU2702,954.42,829.0,6088.0,0.009681272395801521
20260609,AU2704,955.96,287.0,3547.0,0.020210050629732912
20260609,AU2706,959.18,337.0,429.0,0.0
20260610,AU2606,916.0,330.0,2412.0,0.028558951965064416
20260610,AU2607,918.18,3479.0,2534.0,0.014899039404038916
20260610,AU2608,919.32,346135.0,181124.0,0.014227907583866273
20260610,AU2610,921.5,61754.0,57952.0,0.01432447097124312
20260610,AU2612,923.7,22541.0,34311.0,0.00029735484103783345
20260610,AU2702,925.76,1833.0,6135.0,0.012832699619771848
20260610,AU2704,927.74,729.0,3547.0,0.021083493220083405
20260610,AU2706,931.0,550.0,490.0,0.0
20260611,AU2606,889.0,81.0,2382.0,0.07154105736782768
20260611,AU2607,894.3,5585.0,3212.0,0.009392821200941093
20260611,AU2608,895.0,398186.0,182214.0,0.015418994413407106
20260611,AU2610,897.3,72481.0,59707.0,0.015513206285524106
20260611,AU2612,899.62,25328.0,34448.0,0.0002697435213386612
20260611,AU2702,901.44,2107.0,6041.0,0.011315228966985558
20260611,AU2704,903.14,1083.0,3546.0,0.020993422946607776
20260611,AU2706,906.3,650.0,599.0,0.0
20260612,AU2606,907.26,279.0,2184.0,0.03994444811851139
20260612,AU2607,910.28,2786.0,3052.0,0.017664894318231816
20260612,AU2608,911.62,323359.0,178261.0,0.012636844299159566
20260612,AU2610,913.54,55829.0,60546.0,0.016025570856229354
20260612,AU2612,915.98,19294.0,34622.0,0.0002561919110315299
20260612,AU2702,917.74,1282.0,6032.0,0.010591234990302123
20260612,AU2704,919.36,363.0,3566.0,0.017751479289941585
20260612,AU2706,922.08,459.0,651.0,0.0
20260615,AU2606,934.8,123.0,2148.0,0.035430038510910755
20260615,AU2607,937.56,2523.0,2714.0,0.017662869576348328
20260615,AU2608,938.94,262444.0,172994.0,0.014314013674994186
20260615,AU2610,941.18,43401.0,61795.0,0.014789944537708877
20260615,AU2612,943.5,11488.0,35068.0,0.00030524642289346814
20260615,AU2702,945.66,985.0,6062.0,0.011801281644565176
20260615,AU2704,947.52,511.0,3641.0,0.01684397163120499
20260615,AU2706,950.18,488.0,657.0,0.0
20260616,AU2607,940.52,1242.0,2540.0,0.01531067919874296
20260616,AU2608,941.72,193146.0,171507.0,0.008919848787325435
20260616,AU2609,942.42,320.0,226.0,0.019609091487872377
20260616,AU2610,943.96,31688.0,62644.0,0.01385651934403942
20260616,AU2612,946.14,8227.0,35935.0,0.00037203796478320805
20260616,AU2702,948.78,491.0,6036.0,0.008979953203061886
20260616,AU2704,950.2,358.0,3608.0,0.019701115554620507
20260616,AU2706,953.32,237.0,678.0,0.0
20260617,AU2607,941.76,886.0,2467.0,0.015035677879714271
20260617,AU2608,942.94,176370.0,171271.0,0.008908308057774761
20260617,AU2609,943.64,113.0,235.0,0.017803399601543646
20260617,AU2610,945.04,27027.0,63455.0,0.013713705239990048
20260617,AU2612,947.2,4357.0,36070.0,0.00031813063063061974
20260617,AU2702,949.46,362.0,6009.0,0.012385987824657274
20260617,AU2704,951.42,308.0,3574.0,0.014883016964117424
20260617,AU2706,953.78,157.0,652.0,0.0
20260618,AU2607,936.9,1925.0,2385.0,0.013576689081011395
20260618,AU2608,937.96,258473.0,167662.0,0.0035822423131053327
20260618,AU2609,938.24,182.0,275.0,0.02123124147339528
20260618,AU2610,939.9,43441.0,63949.0,0.012128949888285945
20260618,AU2612,941.8,10198.0,36144.0,0.00033128052665108617
20260618,AU2702,944.14,1118.0,5974.0,0.011947380685068065
20260618,AU2704,946.02,572.0,3543.0,0.020168706792668356
20260618,AU2706,949.2,294.0,668.0,0.0
20260622,AU2607,915.8,2821.0,2707.0,0.01467569338283603
20260622,AU2608,916.92,110330.0,167026.0,0.014919513152727326
20260622,AU2609,918.06,283.0,184.0,0.013332461930593453
20260622,AU2610,919.08,18365.0,65106.0,0.01266483875179425
20260622,AU2612,921.02,5282.0,36405.0,0.0003561269027816986
20260622,AU2702,923.48,1068.0,5993.0,0.01156494997184554
20260622,AU2704,925.26,551.0,3553.0,0.018935218208935733
20260622,AU2706,928.18,228.0,674.0,0.0
20260623,AU2607,897.44,2532.0,2747.0,0.006150829024781146
20260623,AU2608,897.9,212566.0,169010.0,0.027798195790176727
20260623,AU2609,899.98,413.0,210.0,-0.0013333629636216315
20260623,AU2610,899.88,37060.0,67531.0,0.015602080277369978
20260623,AU2612,902.22,11336.0,36665.0,0.00029556723046117266
20260623,AU2702,904.22,803.0,6019.0,0.016190750038706625
20260623,AU2704,906.66,461.0,3574.0,0.0243531202435312
20260623,AU2706,910.34,423.0,681.0,0.0
20260624,AU2607,895.12,8162.0,3072.0,0.012333541871480946
20260624,AU2608,896.04,241146.0,159725.0,0.013927949645105464
20260624,AU2609,897.08,276.0,220.0,0.011236456057430289
20260624,AU2610,897.92,43986.0,70208.0,0.015235210263721655
20260624,AU2612,900.2,11544.0,37406.0,0.0002488335925349953
20260624,AU2702,901.88,997.0,6086.0,0.013172484144232666
20260624,AU2704,903.86,342.0,3569.0,0.021906047396720307
20260624,AU2706,907.16,519.0,734.0,0.0
20260625,AU2607,870.7,5246.0,1274.0,0.01791661881244888
20260625,AU2608,872.0,341068.0,156619.0,0.020917431192660985
20260625,AU2609,873.52,838.0,375.0,0.0005495008700435733
20260625,AU2610,873.56,59043.0,75256.0,0.017308484820734105
20260625,AU2612,876.08,21052.0,38346.0,0.0003348248257388775
20260625,AU2702,878.28,1767.0,5966.0,0.012706653914469346
20260625,AU2704,880.14,719.0,3603.0,0.02236007907832782
20260625,AU2706,883.42,664.0,797.0,0.0
20260626,AU2607,881.84,2522.0,853.0,0.019867549668873608
20260626,AU2608,883.3,272086.0,148354.0,0.013857126684028387
20260626,AU2609,884.32,638.0,344.0,0.010584403835714795
20260626,AU2610,885.1,44204.0,76106.0,0.015591458592249197
20260626,AU2612,887.4,13948.0,38335.0,0.0002764630756517228
20260626,AU2702,889.24,1158.0,5971.0,0.012415096037065698
20260626,AU2704,891.08,592.0,3645.0,0.01831485388517251
20260626,AU2706,893.8,634.0,916.0,0.0
