date,symbol,close,volume,open_interest,roll_yield
20250526,RB2506,3005.0,8372.0,6884.0,0.1783682715857921
20250526,RB2507,3050.0,24687.0,74851.0,-0.150447368180077
20250526,RB2508,3012.0,656.0,6722.0,-0.0119581474768676
20250526,RB2509,3009.0,74078.0,272737.0,-0.0199567649522381
20250526,RB2510,3004.0,1829729.0,2349145.0,0.015968066228462
20250526,RB2511,3008.0,32414.0,237876.0,0.0676282247425357
20250526,RB2512,3025.0,280.0,1183.0,-0.0198511211523175
20250526,RB2601,3020.0,37751.0,158298.0,0.0436292002666543
20250526,RB2602,3031.0,168.0,1476.0,-0.0158468164330134
20250526,RB2603,3027.0,160.0,1213.0,0.0593179655702341
20250526,RB2604,3042.0,203.0,408.0,-0.0434711491372208
20250526,RB2605,3031.0,1552.0,2365.0,0.0
20250527,RB2506,2983.0,3794.0,4291.0,0.1994726780859907
20250527,RB2507,3033.0,29429.0,71999.0,-0.1713460956461879
20250527,RB2508,2990.0,1375.0,6974.0,-0.0120461780234674
20250527,RB2509,2987.0,81996.0,270903.0,-0.0281548645999162
20250527,RB2510,2980.0,1935755.0,2399979.0,0.0241367831962276
20250527,RB2511,2986.0,44497.0,245575.0,0.0721204174186752
20250527,RB2512,3004.0,426.0,1293.0,-0.0239920106577885
20250527,RB2601,2998.0,53798.0,169945.0,0.0199966718494471
20250527,RB2602,3003.0,119.0,1481.0,0.0319255259808415
20250527,RB2603,3011.0,160.0,1246.0,0.039787834859258
20250527,RB2604,3021.0,149.0,421.0,-0.0318197070764489
20250527,RB2605,3013.0,2099.0,3087.0,0.0
20250528,RB2506,2962.0,2585.0,3027.0,0.2446199994205665
20250528,RB2507,3023.0,23827.0,69358.0,-0.1638659934572924
20250528,RB2508,2982.0,434.0,6970.0,-0.020137611706888
20250528,RB2509,2977.0,57808.0,270224.0,-0.0525164951975866
20250528,RB2510,2964.0,1333951.0,2441388.0,0.0242669445692144
20250528,RB2511,2970.0,25948.0,249631.0,0.064472955628686
20250528,RB2512,2986.0,716.0,1478.0,-0.0321931782621764
20250528,RB2601,2978.0,40440.0,174102.0,0.0281737509929783
20250528,RB2602,2985.0,40.0,1489.0,0.0120542451120658
20250528,RB2603,2988.0,63.0,1255.0,0.0720722887225433
20250528,RB2604,3006.0,122.0,449.0,-0.0399867081097161
20250528,RB2605,2996.0,2021.0,3914.0,0.0
20250529,RB2506,2949.0,1218.0,2552.0,0.3291176189103226
20250529,RB2507,3031.0,34466.0,68703.0,-0.1513964304612502
20250529,RB2508,2993.0,714.0,7189.0,-0.0240802756390698
20250529,RB2509,2987.0,76909.0,268932.0,-0.0362112596658654
20250529,RB2510,2978.0,1945056.0,2377320.0,0.0201308552495309
20250529,RB2511,2983.0,25977.0,253271.0,0.0601907297735349
20250529,RB2512,2998.0,392.0,1365.0,-0.052147834030086
20250529,RB2601,2985.0,55465.0,183068.0,0.0521478340300853
20250529,RB2602,2998.0,69.0,1489.0,0.0279860196811798
20250529,RB2603,3005.0,105.0,1216.0,0.0319043059319188
20250529,RB2604,3013.0,151.0,458.0,-0.0398936537636519
20250529,RB2605,3003.0,3332.0,5222.0,0.0
20250530,RB2506,2865.0,1910.0,1440.0,0.6203353201226547
20250530,RB2507,3017.0,21579.0,69013.0,-0.1682270541519711
20250530,RB2508,2975.0,1310.0,7198.0,-0.0161453102054693
20250530,RB2509,2971.0,65137.0,264999.0,-0.0404585683321957
20250530,RB2510,2961.0,1549422.0,2296076.0,0.0202463351554326
20250530,RB2511,2966.0,21968.0,254662.0,0.0484522865529236
20250530,RB2512,2978.0,310.0,1368.0,-0.0444071154375903
20250530,RB2601,2967.0,51483.0,194475.0,0.0242424324873096
20250530,RB2602,2973.0,63.0,1506.0,0.0362720679190332
20250530,RB2603,2982.0,60.0,1223.0,0.0160857932934246
20250530,RB2604,2986.0,105.0,461.0,-0.0523578612124555
20250530,RB2605,2973.0,5247.0,7347.0,0.0
20250603,RB2506,2866.0,690.0,1260.0,0.4236943965077119
20250603,RB2507,2969.0,42079.0,67908.0,-0.1545784086344088
20250603,RB2508,2931.0,2606.0,7250.0,-0.0286934380946797
20250603,RB2509,2924.0,74588.0,266660.0,0.0164046505383971
20250603,RB2510,2928.0,1553663.0,2297854.0,-0.041053751981655
20250603,RB2511,2918.0,23903.0,260456.0,0.0205444323421808
20250603,RB2512,2923.0,748.0,1536.0,-0.0741251499028115
20250603,RB2601,2905.0,136623.0,204281.0,0.0206362905543201
20250603,RB2602,2910.0,344.0,1713.0,0.0329444270063129
20250603,RB2603,2918.0,139.0,1246.0,0.0492476751405842
20250603,RB2604,2930.0,212.0,535.0,-0.0821921021468974
20250603,RB2605,2910.0,8152.0,11235.0,0.0
20250604,RB2506,2925.0,270.0,1080.0,0.3357711048452823
20250604,RB2507,3008.0,48353.0,65968.0,-0.1808776499539825
20250604,RB2508,2963.0,1984.0,7450.0,0.0323559346685092
20250604,RB2509,2971.0,71682.0,266100.0,0.0121110186899125
20250604,RB2510,2974.0,2066104.0,2280391.0,-0.0323232518666754
20250604,RB2511,2966.0,25521.0,263341.0,0.0403904790612613
20250604,RB2512,2976.0,456.0,1405.0,-0.0242179698748468
20250604,RB2601,2970.0,102356.0,219120.0,0.0
20250604,RB2602,2970.0,302.0,1690.0,0.0363086509984426
20250604,RB2603,2979.0,275.0,1210.0,0.0
20250604,RB2604,2979.0,256.0,614.0,-0.0524811601848587
20250604,RB2605,2966.0,7099.0,13529.0,0.0
20250605,RB2506,2890.0,210.0,960.0,0.3840981626060841
20250605,RB2507,2984.0,29286.0,66827.0,-0.1782612118910902
20250605,RB2508,2940.0,1101.0,7649.0,0.0244648402781797
20250605,RB2509,2946.0,59900.0,268952.0,0.0528366645316085
20250605,RB2510,2959.0,1486968.0,2257013.0,-0.0365544367961292
20250605,RB2511,2950.0,24347.0,266247.0,0.0324983272425546
20250605,RB2512,2958.0,255.0,1384.0,-0.0284312199336684
20250605,RB2601,2951.0,64744.0,224458.0,-0.0081355935319585
20250605,RB2602,2949.0,107.0,1676.0,0.040622923019202
20250605,RB2603,2959.0,176.0,1224.0,0.0081081084165787
20250605,RB2604,2961.0,137.0,582.0,-0.0365297085747375
20250605,RB2605,2952.0,4265.0,14571.0,0.0
20250606,RB2506,2925.0,330.0,930.0,0.2837970106031132
20250606,RB2507,2995.0,20216.0,63369.0,-0.1857372208112812
20250606,RB2508,2949.0,1085.0,7836.0,0.0325093324464115
20250606,RB2509,2957.0,58479.0,271173.0,0.0728255775270363
20250606,RB2510,2975.0,1845348.0,2216449.0,-0.0201850341958179
20250606,RB2511,2970.0,26415.0,268498.0,0.0483871623352614
20250606,RB2512,2982.0,582.0,1425.0,-0.044347438344913
20250606,RB2601,2971.0,71799.0,226887.0,0.0161453102054685
20250606,RB2602,2975.0,171.0,1696.0,0.0241773083800961
20250606,RB2603,2981.0,387.0,1366.0,0.0080482900401245
20250606,RB2604,2983.0,106.0,618.0,-0.0322255984202199
20250606,RB2605,2975.0,3652.0,15383.0,0.0
20250609,RB2506,2910.0,630.0,780.0,0.4014565975740854
20250609,RB2507,3009.0,14605.0,60486.0,-0.2051332003116008
20250609,RB2508,2958.0,744.0,7912.0,0.044541977916176
20250609,RB2509,2969.0,48562.0,270477.0,0.0484034269717398
20250609,RB2510,2981.0,1433362.0,2196722.0,-0.0120825652094052
20250609,RB2511,2978.0,23002.0,270759.0,0.0321931782621771
20250609,RB2512,2986.0,411.0,1319.0,-0.0281643046302406
20250609,RB2601,2979.0,56057.0,230176.0,0.0080536915774701
20250609,RB2602,2981.0,90.0,1723.0,0.0321608232703982
20250609,RB2603,2989.0,185.0,1362.0,-0.0080321288139367
20250609,RB2604,2987.0,98.0,584.0,-0.0281548645999162
20250609,RB2605,2980.0,2878.0,16177.0,0.0
20250610,RB2506,2913.0,0.0,780.0,0.4010499835241959
20250610,RB2507,3012.0,17120.0,56687.0,-0.2373924861103381
20250610,RB2508,2953.0,394.0,7895.0,0.0446172560646579
20250610,RB2509,2964.0,55361.0,267726.0,0.0404176872494742
20250610,RB2510,2974.0,1456363.0,2165234.0,-0.0121110186899126
20250610,RB2511,2971.0,22919.0,272136.0,0.0322689270080957
20250610,RB2512,2979.0,318.0,1286.0,-0.0363086509984434
20250610,RB2601,2970.0,58625.0,231191.0,0.0121150944162272
20250610,RB2602,2973.0,47.0,1718.0,0.0282210780162288
20250610,RB2603,2980.0,135.0,1325.0,-0.0161182025576115
20250610,RB2604,2976.0,63.0,560.0,-0.0121028754586172
20250610,RB2605,2973.0,3652.0,16400.0,0.0
20250611,RB2506,2913.0,0.0,780.0,0.4090154667240749
20250611,RB2507,3014.0,12843.0,53310.0,-0.2453579693102167
20250611,RB2508,2953.0,1439.0,6697.0,0.093102170508717
20250611,RB2509,2976.0,45394.0,270390.0,0.0603319521235873
20250611,RB2510,2991.0,1514855.0,2164232.0,-0.0200769663697482
20250611,RB2511,2986.0,20568.0,275477.0,0.0280983570427598
20250611,RB2512,2993.0,296.0,1349.0,-0.0321177843119575
20250611,RB2601,2985.0,54313.0,231970.0,0.0160696374868251
20250611,RB2602,2989.0,1231.0,2879.0,0.0360781965432618
20250611,RB2603,2998.0,1325.0,2524.0,0.0199966718494471
20250611,RB2604,3003.0,93.0,521.0,-0.0560748683927084
20250611,RB2605,2989.0,2299.0,16551.0,0.0
20250612,RB2506,2913.0,0.0,780.0,0.3611430628076725
20250612,RB2507,3002.0,12998.0,50359.0,-0.2790353185914747
20250612,RB2508,2933.0,1855.0,5710.0,0.08967433035297
20250612,RB2509,2955.0,42048.0,272153.0,0.05267609336487
20250612,RB2510,2968.0,1312653.0,2220025.0,-0.0161834144555223
20250612,RB2511,2964.0,18468.0,277440.0,0.0565467219357226
20250612,RB2512,2978.0,358.0,1342.0,-0.0646466209945218
20250612,RB2601,2962.0,34903.0,233271.0,0.0040506329498533
20250612,RB2602,2963.0,1194.0,3997.0,0.0444669533584212
20250612,RB2603,2974.0,1467.0,3750.0,0.0
20250612,RB2604,2974.0,128.0,519.0,-0.0282780807513431
20250612,RB2605,2967.0,1476.0,16827.0,0.0
20250613,RB2506,2913.0,0.0,780.0,0.381113112349133
20250613,RB2507,3007.0,14887.0,50435.0,-0.2990053681329357
20250613,RB2508,2933.0,1147.0,5501.0,0.0774854009149444
20250613,RB2509,2952.0,63915.0,272520.0,0.0689074685207604
20250613,RB2510,2969.0,2168544.0,2135661.0,-0.0161779599832077
20250613,RB2511,2965.0,27841.0,279749.0,0.0565276953774786
20250613,RB2512,2979.0,491.0,1340.0,-0.0443921811121345
20250613,RB2601,2968.0,91758.0,230681.0,0.0121232541040396
20250613,RB2602,2971.0,61.0,3997.0,0.0362964484421089
20250613,RB2603,2980.0,445.0,3658.0,-0.0040275214340148
20250613,RB2604,2979.0,159.0,488.0,-0.0120906811235979
20250613,RB2605,2976.0,5152.0,17454.0,0.0
20250616,RB2506,2913.0,0.0,780.0,0.4289060729688501
20250616,RB2507,3019.0,11410.0,49364.0,-0.2652485755549939
20250616,RB2508,2953.0,753.0,5451.0,0.0729239246242187
20250616,RB2509,2971.0,49645.0,274498.0,0.0764974910654933
20250616,RB2510,2990.0,1537422.0,2164732.0,-0.0241044607329671
20250616,RB2511,2984.0,21449.0,282078.0,0.0321285332485967
20250616,RB2512,2992.0,498.0,1320.0,-0.0281077592119845
20250616,RB2601,2985.0,50188.0,231013.0,0.0120542451120658
20250616,RB2602,2988.0,270.0,4193.0,0.0240722247223891
20250616,RB2603,2994.0,344.0,3839.0,-0.0080187106224701
20250616,RB2604,2992.0,63.0,493.0,-0.0120381217251597
20250616,RB2605,2989.0,4312.0,19002.0,0.0
20250617,RB2507,3019.0,9069.0,48567.0,-0.2896553636297283
20250617,RB2508,2947.0,374.0,5389.0,0.0649747780304468
20250617,RB2509,2963.0,36095.0,274311.0,0.0726785532540746
20250617,RB2510,2981.0,1046277.0,2140997.0,-0.0241773083800959
20250617,RB2511,2975.0,15923.0,283421.0,0.0241773083800961
20250617,RB2512,2981.0,618.0,1497.0,-0.0282115998956528
20250617,RB2601,2974.0,32285.0,230460.0,0.0040342915155564
20250617,RB2602,2975.0,27.0,4188.0,0.0201511382366399
20250617,RB2603,2980.0,118.0,3840.0,0.0120744601835797
20250617,RB2604,2983.0,21.0,496.0,-0.0362598899357774
20250617,RB2605,2974.0,2408.0,19247.0,-0.0323232518666754
20250617,RB2606,2966.0,9.0,6.0,0.0
20250618,RB2507,3022.0,17306.0,48736.0,-0.2771671330651463
20250618,RB2508,2953.0,1143.0,5711.0,0.0648431162380456
20250618,RB2509,2969.0,44822.0,273953.0,0.0685140400245095
20250618,RB2510,2986.0,1326973.0,2133943.0,-0.0160857932934234
20250618,RB2511,2982.0,17289.0,284978.0,0.0160857932934246
20250618,RB2512,2986.0,753.0,1451.0,-0.0321931782621764
20250618,RB2601,2978.0,45024.0,230245.0,0.0040288736319359
20250618,RB2602,2979.0,313.0,4433.0,0.0161019816175952
20250618,RB2603,2983.0,339.0,4066.0,0.044169365577901
20250618,RB2604,2994.0,108.0,541.0,-0.0562438257614828
20250618,RB2605,2980.0,3162.0,19702.0,-0.0201511382366403
20250618,RB2606,2975.0,13.0,13.0,0.0
20250619,RB2507,3039.0,15791.0,47312.0,-0.3363583569191334
20250619,RB2508,2955.0,1623.0,5216.0,0.0405405790995262
20250619,RB2509,2965.0,45058.0,271843.0,0.0846920000077174
20250619,RB2510,2986.0,1180366.0,2132733.0,-0.0120623230126459
20250619,RB2511,2983.0,14900.0,286084.0,0.0160804044163343
20250619,RB2512,2987.0,279.0,1421.0,-0.0321823860339306
20250619,RB2601,2979.0,37262.0,230644.0,0.0040275214340143
20250619,RB2602,2980.0,21.0,4431.0,0.0160965818904157
20250619,RB2603,2984.0,109.0,4070.0,0.0281171676755583
20250619,RB2604,2991.0,50.0,539.0,-0.0482412709999893
20250619,RB2605,2979.0,3164.0,19391.0,-0.0040288736319359
20250619,RB2606,2978.0,20.0,23.0,0.0
20250620,RB2507,3017.0,21338.0,46085.0,-0.2126790329170026
20250620,RB2508,2964.0,1102.0,5145.0,0.0040479001901795
20250620,RB2509,2965.0,52176.0,270873.0,0.1087803319505035
20250620,RB2510,2992.0,1414281.0,2164155.0,0.0
20250620,RB2511,2992.0,16838.0,287169.0,0.0160320665129055
20250620,RB2512,2996.0,681.0,1480.0,-0.0441398257248921
20250620,RB2601,2985.0,54990.0,229547.0,0.0120542451120658
20250620,RB2602,2988.0,38.0,4423.0,0.0160535140999194
20250620,RB2603,2992.0,176.0,4112.0,0.0360420761519901
20250620,RB2604,3001.0,119.0,550.0,-0.0561123266910874
20250620,RB2605,2987.0,4772.0,20449.0,-0.0080375086728884
20250620,RB2606,2985.0,46.0,32.0,0.0
20250623,RB2507,3016.0,9684.0,44519.0,-0.2087009125424306
20250623,RB2508,2964.0,782.0,5237.0,-0.0121518997726352
20250623,RB2509,2961.0,33682.0,269889.0,0.1370061893755004
20250623,RB2510,2995.0,976619.0,2157949.0,0.0040060090507234
20250623,RB2511,2996.0,14037.0,289151.0,0.0120100093427867
20250623,RB2512,2999.0,721.0,1433.0,-0.0320534414287329
20250623,RB2601,2991.0,37651.0,232996.0,-0.0040127069425915
20250623,RB2602,2990.0,297.0,4659.0,0.0200501299778126
20250623,RB2603,2995.0,320.0,4365.0,0.0360060280137085
20250623,RB2604,3004.0,40.0,551.0,-0.0480320854758906
20250623,RB2605,2992.0,3228.0,21348.0,-0.0120381217251597
20250623,RB2606,2989.0,46.0,31.0,0.0
20250624,RB2507,3001.0,32417.0,52585.0,-0.201617645969132
20250624,RB2508,2951.0,1941.0,5794.0,-0.0284987411300706
20250624,RB2509,2944.0,41141.0,268257.0,0.1337625740041146
20250624,RB2510,2977.0,1530297.0,2168877.0,0.0241610819876652
20250624,RB2511,2983.0,19527.0,292178.0,0.0080428957434481
20250624,RB2512,2985.0,412.0,1461.0,-0.0322039777311124
20250624,RB2601,2977.0,64775.0,244534.0,0.0120866218040861
20250624,RB2602,2980.0,112.0,4634.0,-0.0040275214340148
20250624,RB2603,2979.0,594.0,4684.0,0.0442285640573991
20250624,RB2604,2990.0,94.0,563.0,-0.0603521808600236
20250624,RB2605,2975.0,4180.0,21827.0,0.0241773083800961
20250624,RB2606,2981.0,89.0,98.0,0.0
20250625,RB2507,2988.0,28048.0,37278.0,-0.1657987621801578
20250625,RB2508,2947.0,1877.0,6190.0,-0.0203769789157424
20250625,RB2509,2942.0,46051.0,269467.0,0.1378859374991962
20250625,RB2510,2976.0,1361264.0,2172600.0,0.0161182025576131
20250625,RB2511,2980.0,24511.0,296356.0,0.0120744601835797
20250625,RB2512,2983.0,329.0,1451.0,-0.0201308552495301
20250625,RB2601,2978.0,72810.0,242989.0,0.0040288736319359
20250625,RB2602,2979.0,651.0,5172.0,-0.0161236168026262
20250625,RB2603,2975.0,776.0,5265.0,0.0603521808600235
20250625,RB2604,2990.0,51.0,572.0,-0.048257437689334
20250625,RB2605,2978.0,3966.0,22099.0,0.0161073849687533
20250625,RB2606,2982.0,60.0,116.0,0.0
20250626,RB2507,2986.0,7907.0,32923.0,-0.1496228314063131
20250626,RB2508,2949.0,793.0,6276.0,-0.0162877527550698
20250626,RB2509,2945.0,38855.0,275399.0,0.1135527229489272
20250626,RB2510,2973.0,1377892.0,2191778.0,0.0241935565822139
20250626,RB2511,2979.0,18119.0,300201.0,0.0281643046302417
20250626,RB2512,2986.0,366.0,1447.0,-0.0321931782621764
20250626,RB2601,2978.0,50197.0,249567.0,0.0040288736319359
20250626,RB2602,2979.0,57.0,5164.0,-0.0120906811235979
20250626,RB2603,2976.0,356.0,5261.0,0.0080618074916623
20250626,RB2604,2978.0,45.0,587.0,0.0
20250626,RB2605,2978.0,2458.0,22379.0,0.0161073849687533
20250626,RB2606,2982.0,28.0,115.0,0.0
20250627,RB2507,2994.0,14774.0,20346.0,-0.1289468418219554
20250627,RB2508,2962.0,1035.0,6462.0,-0.0040520007138333
20250627,RB2509,2961.0,34942.0,277359.0,0.1370061893755004
20250627,RB2510,2995.0,1500826.0,2142813.0,0.0240160186898075
20250627,RB2511,3001.0,22425.0,306608.0,0.0359341476306522
20250627,RB2512,3010.0,624.0,1644.0,-0.0199501292833609
20250627,RB2601,3005.0,62929.0,254213.0,-0.0039940090233913
20250627,RB2602,3004.0,565.0,5551.0,-0.0279953468083464
20250627,RB2603,2997.0,1378.0,5861.0,0.0718565021354723
20250627,RB2604,3015.0,175.0,640.0,-0.0239043903748864
20250627,RB2605,3009.0,5360.0,22349.0,0.0239043903748869
20250627,RB2606,3015.0,88.0,158.0,0.0
20250630,RB2507,2995.0,8799.0,14220.0,-0.1329541886616678
20250630,RB2508,2962.0,1665.0,6274.0,-0.0162162186839874
20250630,RB2509,2958.0,49116.0,279963.0,0.1571810885510173
20250630,RB2510,2997.0,1768212.0,2124170.0,0.0200033385209295
20250630,RB2511,3002.0,27756.0,314431.0,0.0558326032132737
20250630,RB2512,3016.0,803.0,1720.0,-0.00397943959873
20250630,RB2601,3015.0,95006.0,257558.0,0.0
20250630,RB2602,3015.0,887.0,6013.0,-0.0358744661803925
20250630,RB2603,3006.0,1767.0,6534.0,0.0597313328850264
20250630,RB2604,3021.0,228.0,663.0,-0.0039728522130804
20250630,RB2605,3020.0,5412.0,22819.0,0.0277823838336396
20250630,RB2606,3027.0,34.0,173.0,0.0
20250701,RB2507,2994.0,2970.0,12480.0,-0.1006210825897666
20250701,RB2508,2969.0,1032.0,6375.0,-0.0040424457178648
20250701,RB2509,2968.0,33776.0,281082.0,0.1406815643527108
20250701,RB2510,3003.0,1372384.0,2076067.0,0.0319255259808415
20250701,RB2511,3011.0,21648.0,318863.0,0.039787834859258
20250701,RB2512,3021.0,372.0,1620.0,-0.0198774271059033
20250701,RB2601,3016.0,50072.0,256918.0,-0.0318725286973955
20250701,RB2602,3008.0,324.0,6265.0,-0.0039900249744164
20250701,RB2603,3007.0,2206.0,6799.0,0.0557399807777157
20250701,RB2604,3021.0,119.0,667.0,0.0039715373521538
20250701,RB2605,3022.0,3577.0,23325.0,0.0079391336008646
20250701,RB2606,3024.0,32.0,167.0,0.0
20250702,RB2507,3041.0,3810.0,10200.0,-0.0474465198015286
20250702,RB2508,3029.0,1964.0,6769.0,0.0
20250702,RB2509,3029.0,35327.0,281546.0,0.1417804481168947
20250702,RB2510,3065.0,2371284.0,2226379.0,0.0312805651220743
20250702,RB2511,3073.0,33061.0,322041.0,0.0389863890679876
20250702,RB2512,3083.0,699.0,1615.0,-0.0155793595397993
20250702,RB2601,3079.0,125365.0,277684.0,-0.0273126438832515
20250702,RB2602,3072.0,359.0,6305.0,-0.0117244757739193
20250702,RB2603,3069.0,2137.0,7190.0,0.0585081607618071
20250702,RB2604,3084.0,197.0,648.0,0.0116674778272702
20250702,RB2605,3087.0,5095.0,24230.0,0.0233009781949246
20250702,RB2606,3093.0,110.0,207.0,0.0
20250703,RB2507,3070.0,990.0,9600.0,-0.1336404247886673
20250703,RB2508,3036.0,2388.0,7219.0,0.0276361365774057
20250703,RB2509,3043.0,29194.0,281823.0,0.1294341687427622
20250703,RB2510,3076.0,1776150.0,2237249.0,0.0389484275708586
20250703,RB2511,3086.0,36808.0,324821.0,0.0271888771435615
20250703,RB2512,3093.0,714.0,1668.0,-0.0116448335193421
20250703,RB2601,3090.0,112550.0,282805.0,-0.0194332026276359
20250703,RB2602,3085.0,230.0,6338.0,-0.0272594632879644
20250703,RB2603,3078.0,962.0,7135.0,0.0660944486384643
20250703,RB2604,3095.0,164.0,590.0,0.0154988720286222
20250703,RB2605,3099.0,5470.0,24598.0,0.0116110313848297
20250703,RB2606,3102.0,77.0,219.0,0.0
20250704,RB2507,3079.0,570.0,9480.0,-0.192506993053026
20250704,RB2508,3030.0,1505.0,7698.0,0.0355907329605389
20250704,RB2509,3039.0,29928.0,281278.0,0.1296036162092357
20250704,RB2510,3072.0,1644200.0,2238587.0,0.0506741048631039
20250704,RB2511,3085.0,47680.0,324464.0,0.0349571375222798
20250704,RB2512,3094.0,424.0,1731.0,-0.0038791013753017
20250704,RB2601,3093.0,79078.0,282469.0,-0.0505427606093941
20250704,RB2602,3080.0,217.0,6349.0,0.0194647244624166
20250704,RB2603,3085.0,1303.0,7189.0,0.0155490789491229
20250704,RB2604,3089.0,132.0,530.0,0.0349119366987872
20250704,RB2605,3098.0,7621.0,26086.0,0.0309477927818202
20250704,RB2606,3106.0,71.0,225.0,0.0
20250707,RB2507,3084.0,330.0,9210.0,-0.2437031022064232
20250707,RB2508,3022.0,1094.0,7472.0,0.0238016606958534
20250707,RB2509,3028.0,21860.0,281461.0,0.1300718926568769
20250707,RB2510,3061.0,1226302.0,2197330.0,0.0508558218375446
20250707,RB2511,3074.0,31393.0,327400.0,0.0545278445535061
20250707,RB2512,3088.0,580.0,1878.0,-0.0311284221245597
20250707,RB2601,3080.0,62831.0,281449.0,-0.0742552442664916
20250707,RB2602,3061.0,237.0,6329.0,0.0508558218375446
20250707,RB2603,3074.0,583.0,7211.0,0.0117054146820089
20250707,RB2604,3077.0,82.0,516.0,0.0467078111584798
20250707,RB2605,3089.0,3394.0,26669.0,0.031037844655454
20250707,RB2606,3097.0,164.0,241.0,0.0
20250708,RB2507,3055.0,780.0,8880.0,-0.1104907510077248
20250708,RB2508,3027.0,646.0,7263.0,0.0158468164330134
20250708,RB2509,3031.0,19645.0,278293.0,0.1260267572996656
20250708,RB2510,3063.0,954572.0,2168547.0,0.0508226855131109
20250708,RB2511,3076.0,24307.0,328069.0,0.0622569489813348
20250708,RB2512,3092.0,493.0,1957.0,-0.0349797818539471
20250708,RB2601,3083.0,42873.0,283246.0,-0.038986389067988
20250708,RB2602,3073.0,148.0,6346.0,0.0078074173216034
20250708,RB2603,3075.0,5162.0,7440.0,0.0155996122065846
20250708,RB2604,3079.0,106.0,507.0,0.0505591413937472
20250708,RB2605,3092.0,2629.0,26513.0,0.0348781127176368
20250708,RB2606,3101.0,51.0,259.0,0.0
20250709,RB2507,3055.0,900.0,7980.0,-0.0986036772273698
20250709,RB2508,3030.0,769.0,7167.0,0.0118753102219953
20250709,RB2509,3033.0,14426.0,275307.0,0.1181111897303293
20250709,RB2510,3063.0,1026448.0,2174941.0,0.0547232218711986
20250709,RB2511,3077.0,24194.0,328910.0,0.0661158697316364
20250709,RB2512,3094.0,272.0,1969.0,-0.0271800795702254
20250709,RB2601,3087.0,57101.0,282071.0,-0.0467381311384928
20250709,RB2602,3075.0,149.0,6307.0,0.0272860276733129
20250709,RB2603,3082.0,1307.0,7398.0,0.0
20250709,RB2604,3082.0,101.0,517.0,0.0621360611610341
20250709,RB2605,3098.0,3252.0,26883.0,0.0348106609948004
20250709,RB2606,3107.0,143.0,272.0,0.0
20250710,RB2507,3100.0,240.0,7860.0,-0.1166945987039369
20250710,RB2508,3070.0,4523.0,7929.0,0.0818052186104806
20250710,RB2509,3091.0,25437.0,271147.0,0.123592981811547
20250710,RB2510,3123.0,2153427.0,2230035.0,0.0613223947064987
20250710,RB2511,3139.0,42410.0,332085.0,0.0648135014857347
20250710,RB2512,3156.0,665.0,2015.0,-0.0190264825018824
20250710,RB2601,3151.0,139498.0,290550.0,-0.0457870189838531
20250710,RB2602,3139.0,241.0,6360.0,0.0152817594673694
20250710,RB2603,3143.0,878.0,7451.0,0.0
20250710,RB2604,3143.0,197.0,460.0,0.0685281050166018
20250710,RB2605,3161.0,6011.0,27086.0,0.0151754683519055
20250710,RB2606,3165.0,217.0,380.0,0.0
20250711,RB2507,3127.0,30.0,7860.0,-0.212943158283342
20250711,RB2508,3072.0,1719.0,8095.0,0.0739901743746414
20250711,RB2509,3091.0,38459.0,262722.0,0.161956185840905
20250711,RB2510,3133.0,1654545.0,2200525.0,0.0649372904098439
20250711,RB2511,3150.0,43348.0,334730.0,0.0570072331031735
20250711,RB2512,3165.0,682.0,2073.0,-0.0151754683519057
20250711,RB2601,3161.0,114604.0,302213.0,-0.0418317647512678
20250711,RB2602,3150.0,330.0,6404.0,0.0228354017530327
20250711,RB2603,3156.0,2009.0,7503.0,0.0
20250711,RB2604,3156.0,131.0,464.0,0.0606828094676845
20250711,RB2605,3172.0,5587.0,28218.0,0.0226771721030715
20250711,RB2606,3178.0,154.0,421.0,0.0
20250714,RB2507,3140.0,150.0,7830.0,-0.2315184352161467
20250714,RB2508,3080.0,1207.0,8158.0,0.062176304903971
20250714,RB2509,3096.0,20712.0,259696.0,0.1616963830003223
20250714,RB2510,3138.0,1164609.0,2122341.0,0.0762391382713133
20250714,RB2511,3158.0,29349.0,337724.0,0.0492969566731196
20250714,RB2512,3171.0,494.0,2190.0,-0.0037848920042517
20250714,RB2601,3170.0,67249.0,307004.0,-0.0607211921801111
20250714,RB2602,3154.0,240.0,6390.0,0.0379867363747285
20250714,RB2603,3164.0,1395.0,7530.0,-0.0455985349172974
20250714,RB2604,3152.0,54.0,456.0,0.0910244566710787
20250714,RB2605,3176.0,2945.0,28265.0,0.0264192589807989
20250714,RB2606,3183.0,175.0,420.0,0.0
20250715,RB2507,3115.0,30.0,7830.0,-0.2255413119686278
20250715,RB2508,3057.0,1539.0,8092.0,0.0509222242848986
20250715,RB2509,3070.0,24143.0,254021.0,0.1707661417524107
20250715,RB2510,3114.0,1439493.0,2153852.0,0.0959544533761202
20250715,RB2511,3139.0,35027.0,341314.0,0.0724156556836069
20250715,RB2512,3158.0,615.0,2261.0,0.007597341184444
20250715,RB2601,3160.0,155049.0,325919.0,-0.0494689141986114
20250715,RB2602,3147.0,213.0,6374.0,0.0266624455029218
20250715,RB2603,3154.0,916.0,7541.0,0.0038040894279576
20250715,RB2604,3155.0,111.0,446.0,0.0569171027521542
20250715,RB2605,3170.0,4951.0,29278.0,0.0415682985338124
20250715,RB2606,3181.0,173.0,457.0,0.0
20250716,RB2508,3054.0,854.0,7885.0,0.0353114526503709
20250716,RB2509,3063.0,20977.0,250103.0,0.1672907625102856
20250716,RB2510,3106.0,1130791.0,2137057.0,0.0962006114132788
20250716,RB2511,3131.0,29304.0,343158.0,0.0726001259192777
20250716,RB2512,3150.0,612.0,2148.0,0.0
20250716,RB2601,3150.0,84188.0,330070.0,-0.0419780997327029
20250716,RB2602,3139.0,221.0,6368.0,0.0229153475110481
20250716,RB2603,3145.0,1246.0,7648.0,0.0076287351583921
20250716,RB2604,3147.0,124.0,449.0,0.0570614484601261
20250716,RB2605,3162.0,2507.0,28980.0,0.0341070812271608
20250716,RB2606,3171.0,181.0,457.0,-0.0151467359964908
20250716,RB2607,3167.0,46.0,19.0,0.0
20250717,RB2508,3071.0,1173.0,8019.0,0.0701300697331115
20250717,RB2509,3089.0,22245.0,245002.0,0.1697231764033204
20250717,RB2510,3133.0,1501721.0,2126876.0,0.0839698082774613
20250717,RB2511,3155.0,37134.0,346696.0,0.0758296362177423
20250717,RB2512,3175.0,622.0,2217.0,0.015108595008128
20250717,RB2601,3179.0,132402.0,334137.0,-0.0491726456381434
20250717,RB2602,3166.0,318.0,6378.0,0.0378429831128263
20250717,RB2603,3176.0,1654.0,7658.0,0.0075542967556189
20250717,RB2604,3178.0,121.0,446.0,0.0677755174740488
20250717,RB2605,3196.0,5854.0,29506.0,0.0150093828198321
20250717,RB2606,3200.0,177.0,496.0,0.0
20250717,RB2607,3200.0,18.0,23.0,0.0
20250718,RB2508,3073.0,3236.0,8895.0,0.1088442836395713
20250718,RB2509,3101.0,32779.0,236263.0,0.1766997355674939
20250718,RB2510,3147.0,1874850.0,2075790.0,0.083597551518167
20250718,RB2511,3169.0,48840.0,348387.0,0.075495687829643
20250718,RB2512,3189.0,1283.0,2334.0,0.0075235112182303
20250718,RB2601,3191.0,166669.0,334959.0,-0.0452119844092896
20250718,RB2602,3179.0,390.0,6310.0,0.0414508184170512
20250718,RB2603,3190.0,1969.0,7608.0,0.0
20250718,RB2604,3190.0,273.0,399.0,0.0637800469711766
20250718,RB2605,3207.0,8020.0,29834.0,0.0224299130724428
20250718,RB2606,3213.0,211.0,519.0,0.0372902723949516
20250718,RB2607,3223.0,35.0,31.0,0.0
20250721,RB2508,3137.0,11473.0,12997.0,0.1331444947687259
20250721,RB2509,3172.0,42845.0,229280.0,0.1951262504613639
20250721,RB2510,3224.0,2696289.0,2095912.0,0.0853040217159251
20250721,RB2511,3247.0,65290.0,352359.0,0.0810316154563758
20250721,RB2512,3269.0,1706.0,2360.0,0.0293309036952468
20250721,RB2601,3277.0,288554.0,380576.0,-0.0587336749139455
20250721,RB2602,3261.0,799.0,6238.0,0.0587336749139449
20250721,RB2603,3277.0,3399.0,7911.0,-0.0036624447102541
20250721,RB2604,3276.0,296.0,433.0,0.0621100488408506
20250721,RB2605,3293.0,14400.0,34201.0,0.0254815809384881
20250721,RB2606,3300.0,390.0,542.0,0.0580412256073682
20250721,RB2607,3316.0,216.0,143.0,0.0
20250722,RB2508,3228.0,12615.0,16363.0,0.1036403727910987
20250722,RB2509,3256.0,54975.0,219946.0,0.1865038303123432
20250722,RB2510,3307.0,3266737.0,2024507.0,0.0759610675116769
20250722,RB2511,3328.0,87781.0,351618.0,0.1005391877519699
20250722,RB2512,3356.0,2110.0,2382.0,0.0392682188877332
20250722,RB2601,3367.0,339746.0,413101.0,-0.0643241564024391
20250722,RB2602,3349.0,536.0,6273.0,0.0500596673527789
20250722,RB2603,3363.0,4259.0,7825.0,0.0142644890496583
20250722,RB2604,3367.0,359.0,463.0,0.0675257223840741
20250722,RB2605,3386.0,19665.0,36783.0,0.0035434814962932
20250722,RB2606,3387.0,533.0,553.0,0.0600796425059161
20250722,RB2607,3404.0,229.0,222.0,0.0
20250723,RB2508,3215.0,10314.0,15871.0,0.0558573545397902
20250723,RB2509,3230.0,41475.0,212502.0,0.1623641005725366
20250723,RB2510,3274.0,2847460.0,1922698.0,0.0512039789398831
20250723,RB2511,3288.0,71152.0,348267.0,0.1089925748918307
20250723,RB2512,3318.0,1713.0,2609.0,0.0216802226993886
20250723,RB2601,3324.0,346569.0,421111.0,-0.0651585311324314
20250723,RB2602,3306.0,596.0,6258.0,0.0759839716500879
20250723,RB2603,3327.0,3653.0,7896.0,0.0216216274711553
20250723,RB2604,3333.0,386.0,457.0,0.061050558136469
20250723,RB2605,3350.0,15683.0,37715.0,0.0
20250723,RB2606,3350.0,539.0,530.0,0.0178970950400414
20250723,RB2607,3355.0,364.0,267.0,0.0
20250724,RB2508,3229.0,6380.0,16538.0,0.0667080161348475
20250724,RB2509,3247.0,31047.0,205578.0,0.1724536636168755
20250724,RB2510,3294.0,2533253.0,1906352.0,0.0545207662083188
20250724,RB2511,3309.0,73331.0,349965.0,0.1154896132217337
20250724,RB2512,3341.0,1678.0,2730.0,0.0430236493136639
20250724,RB2601,3353.0,270173.0,445921.0,-0.0538037069333781
20250724,RB2602,3338.0,492.0,6279.0,0.0681107130990543
20250724,RB2603,3357.0,3300.0,8935.0,0.0392565405861902
20250724,RB2604,3368.0,112.0,446.0,0.0355766640663372
20250724,RB2605,3378.0,13596.0,36921.0,-0.0035529237861325
20250724,RB2606,3377.0,216.0,538.0,0.0319385076901548
20250724,RB2607,3386.0,189.0,277.0,0.0
20250725,RB2508,3261.0,26040.0,21734.0,0.1462986727664864
20250725,RB2509,3301.0,39695.0,186729.0,0.1982920288068449
20250725,RB2510,3356.0,2878137.0,1998652.0,0.0178651216561053
20250725,RB2511,3361.0,92308.0,356235.0,0.0960147365620709
20250725,RB2512,3388.0,1925.0,2975.0,0.0388979270900522
20250725,RB2601,3399.0,279855.0,472628.0,-0.08503135667383
20250725,RB2602,3375.0,457.0,6289.0,0.0744353294952917
20250725,RB2603,3396.0,7568.0,12915.0,0.0317600538284979
20250725,RB2604,3405.0,101.0,455.0,0.0457277411030802
20250725,RB2605,3418.0,17991.0,36902.0,-0.0246009750826859
20250725,RB2606,3411.0,208.0,533.0,0.0035175143150885
20250725,RB2607,3412.0,214.0,279.0,0.0
20250728,RB2508,3192.0,16564.0,13680.0,0.0337869768019646
20250728,RB2509,3201.0,79687.0,129341.0,0.1749139357404667
20250728,RB2510,3248.0,3414713.0,1935881.0,0.0221470379689749
20250728,RB2511,3254.0,116960.0,359851.0,0.113779717676734
20250728,RB2512,3285.0,2091.0,2915.0,0.0146029832441535
20250728,RB2601,3289.0,393965.0,459131.0,-0.0511883774364557
20250728,RB2602,3275.0,894.0,6246.0,0.0657736116841442
20250728,RB2603,3293.0,13831.0,20139.0,0.0400182271740536
20250728,RB2604,3304.0,200.0,426.0,0.0253968348765323
20250728,RB2605,3311.0,17924.0,37999.0,-0.0145058947854418
20250728,RB2606,3307.0,452.0,500.0,0.0326136392807147
20250728,RB2607,3316.0,343.0,264.0,0.0
20250729,RB2508,3295.0,5043.0,10075.0,0.0072815536214825
20250729,RB2509,3297.0,52428.0,97318.0,0.1806174976751477
20250729,RB2510,3347.0,2711612.0,2175237.0,0.0071684589945365
20250729,RB2511,3349.0,92035.0,370262.0,0.1070161670410254
20250729,RB2512,3379.0,2233.0,3391.0,0.0177436081418884
20250729,RB2601,3384.0,397349.0,536646.0,-0.0747001078301318
20250729,RB2602,3363.0,502.0,6240.0,0.0676058126190727
20250729,RB2603,3382.0,17632.0,29158.0,0.0425029960277518
20250729,RB2604,3394.0,140.0,393.0,0.0176652468233332
20250729,RB2605,3399.0,16232.0,40467.0,-0.0282768908457283
20250729,RB2606,3391.0,254.0,515.0,-0.0070796462230472
20250729,RB2607,3389.0,258.0,267.0,0.0
20250730,RB2508,3258.0,2162.0,8652.0,0.0367760018148379
20250730,RB2509,3268.0,56975.0,73432.0,0.1713533596808324
20250730,RB2510,3315.0,3510866.0,2029133.0,0.0469667918536357
20250730,RB2511,3328.0,112031.0,379036.0,0.1076884283566436
20250730,RB2512,3358.0,3404.0,3075.0,0.0463665311588963
20250730,RB2601,3371.0,545356.0,584273.0,-0.0642476252139863
20250730,RB2602,3353.0,694.0,6249.0,0.0606873225621455
20250730,RB2603,3370.0,31213.0,45648.0,0.0568384721600773
20250730,RB2604,3386.0,279.0,383.0,0.0247824250937933
20250730,RB2605,3393.0,21182.0,43489.0,-0.0567209327839499
20250730,RB2606,3377.0,420.0,499.0,0.0637922352867452
20250730,RB2607,3395.0,390.0,345.0,0.0
20250731,RB2508,3198.0,2557.0,7410.0,-0.1510403829397454
20250731,RB2509,3158.0,40425.0,54583.0,0.1772780944701949
20250731,RB2510,3205.0,2730966.0,1816026.0,0.0820898723662966
20250731,RB2511,3227.0,90235.0,383953.0,0.1073584208456294
20250731,RB2512,3256.0,3693.0,3483.0,0.0184133840026588
20250731,RB2601,3261.0,490469.0,568796.0,-0.0664208337840136
20250731,RB2602,3243.0,611.0,6112.0,0.0958236050027121
20250731,RB2603,3269.0,25045.0,57950.0,0.0439695148426921
20250731,RB2604,3281.0,238.0,396.0,0.0292237587354637
20250731,RB2605,3289.0,19977.0,43238.0,0.0145852342476872
20250731,RB2606,3293.0,856.0,642.0,0.0472799520552622
20250731,RB2607,3306.0,378.0,365.0,0.0
20250801,RB2508,3163.0,660.0,6990.0,0.0189543555440107
20250801,RB2509,3168.0,28148.0,41692.0,0.1318487600981011
20250801,RB2510,3203.0,1929148.0,1760703.0,0.0784194482083279
20250801,RB2511,3224.0,80218.0,385979.0,0.1037684044941879
20250801,RB2512,3252.0,2219.0,4239.0,0.0184360153023877
20250801,RB2601,3257.0,291705.0,571091.0,-0.0332052479359793
20250801,RB2602,3248.0,382.0,6239.0,0.062644085147553
20250801,RB2603,3265.0,25837.0,73160.0,0.0659745094927346
20250801,RB2604,3283.0,214.0,463.0,0.0073081610054191
20250801,RB2605,3285.0,14796.0,45797.0,0.0437557458362409
20250801,RB2606,3297.0,212.0,632.0,0.0
20250801,RB2607,3297.0,133.0,363.0,0.0
20250804,RB2508,3148.0,900.0,6180.0,0.1100402967866663
20250804,RB2509,3177.0,23597.0,35645.0,0.1015520870248047
20250804,RB2510,3204.0,1634527.0,1742635.0,0.0895526544190751
20250804,RB2511,3228.0,68385.0,386287.0,0.114691793372666
20250804,RB2512,3259.0,1420.0,4546.0,0.044104184409869
20250804,RB2601,3271.0,310734.0,607183.0,-0.0477868605167216
20250804,RB2602,3258.0,1175.0,6726.0,0.0734396417014144
20250804,RB2603,3278.0,20461.0,81887.0,0.0620722515939914
20250804,RB2604,3295.0,129.0,425.0,0.018195606215568
20250804,RB2605,3300.0,13671.0,46757.0,0.0363086509984426
20250804,RB2606,3310.0,429.0,644.0,0.0325841201863916
20250804,RB2607,3319.0,182.0,384.0,0.0
20250805,RB2508,3175.0,210.0,6090.0,0.0640805669148884
20250805,RB2509,3192.0,17234.0,29812.0,0.1531538298688049
20250805,RB2510,3233.0,1580653.0,1708832.0,0.0592410953240061
20250805,RB2511,3249.0,67894.0,390127.0,0.143186646083644
20250805,RB2512,3288.0,1509.0,4728.0,0.0655142664587876
20250805,RB2601,3306.0,331234.0,650657.0,-0.0399939773323427
20250805,RB2602,3295.0,507.0,6623.0,0.065375464359458
20250805,RB2603,3313.0,20895.0,91539.0,0.0758239321301223
20250805,RB2604,3334.0,74.0,416.0,0.0035987404678176
20250805,RB2605,3335.0,12824.0,47866.0,0.0359281705512564
20250805,RB2606,3345.0,349.0,669.0,0.0179238270814004
20250805,RB2607,3350.0,361.0,424.0,0.0
20250806,RB2508,3201.0,900.0,6060.0,-0.0262705343388642
20250806,RB2509,3194.0,9331.0,27183.0,0.149348536345133
20250806,RB2510,3234.0,1202766.0,1652569.0,0.0592228222407732
20250806,RB2511,3250.0,63543.0,394345.0,0.1467908212276134
20250806,RB2512,3290.0,1892.0,4746.0,0.0691015699463342
20250806,RB2601,3309.0,287876.0,676774.0,-0.039957657624815
20250806,RB2602,3298.0,806.0,7100.0,0.0797827054918799
20250806,RB2603,3320.0,22939.0,101253.0,0.0504960168024605
20250806,RB2604,3334.0,54.0,412.0,0.0107929852876171
20250806,RB2605,3337.0,9721.0,48078.0,0.0538197942071956
20250806,RB2606,3352.0,167.0,657.0,0.0071577693741658
20250806,RB2607,3354.0,156.0,482.0,0.0
20250807,RB2508,3205.0,900.0,5790.0,-0.0262377115304501
20250807,RB2509,3198.0,11747.0,24480.0,0.123192869167184
20250807,RB2510,3231.0,1648650.0,1628167.0,0.0555813870004592
20250807,RB2511,3246.0,66673.0,399240.0,0.136010033124675
20250807,RB2512,3283.0,987.0,4588.0,0.0765146056713127
20250807,RB2601,3304.0,385384.0,718766.0,-0.0218115782558932
20250807,RB2602,3298.0,228.0,7119.0,0.0435835830187723
20250807,RB2603,3310.0,23181.0,110213.0,0.0325841201863916
20250807,RB2604,3319.0,69.0,424.0,0.0397052550541793
20250807,RB2605,3330.0,12405.0,47949.0,0.0216021660497741
20250807,RB2606,3336.0,347.0,716.0,0.0323305090042985
20250807,RB2607,3345.0,170.0,485.0,0.0
20250808,RB2508,3175.0,600.0,5490.0,0.0226557650682261
20250808,RB2509,3181.0,5948.0,22679.0,0.1201136084005717
20250808,RB2510,3213.0,1040873.0,1612110.0,0.0558920432877712
20250808,RB2511,3228.0,54471.0,398915.0,0.1441125865347677
20250808,RB2512,3267.0,1328.0,5020.0,0.0695866439537178
20250808,RB2601,3286.0,250192.0,721494.0,-0.0109605731474486
20250808,RB2602,3283.0,723.0,7614.0,0.0510639068416618
20250808,RB2603,3297.0,18739.0,116685.0,0.0290821105686684
20250808,RB2604,3305.0,60.0,399.0,0.0434914399351895
20250808,RB2605,3317.0,6795.0,48316.0,0.0325154496698477
20250808,RB2606,3326.0,178.0,662.0,0.0252290226583997
20250808,RB2607,3333.0,158.0,512.0,0.0
20250811,RB2508,3194.0,210.0,5400.0,0.1047388195435431
20250811,RB2509,3222.0,11051.0,19473.0,0.1038325390423629
20250811,RB2510,3250.0,1411239.0,1612625.0,0.05525719664098
20250811,RB2511,3265.0,68570.0,398803.0,0.1352229932345024
20250811,RB2512,3302.0,1216.0,5050.0,0.0616222468788156
20250811,RB2601,3319.0,345097.0,733217.0,-0.0144709092001402
20250811,RB2602,3315.0,339.0,7651.0,0.0541761642543193
20250811,RB2603,3330.0,19995.0,124894.0,0.0395743125872029
20250811,RB2604,3341.0,117.0,400.0,0.0322821895482668
20250811,RB2605,3350.0,13892.0,50417.0,0.0214733132158155
20250811,RB2606,3356.0,226.0,655.0,0.0107222643023523
20250811,RB2607,3359.0,173.0,516.0,0.0
20250812,RB2508,3234.0,510.0,5370.0,0.0037100015753848
20250812,RB2509,3235.0,9749.0,18439.0,0.0850149867238751
20250812,RB2510,3258.0,1141600.0,1605388.0,0.0734396417014144
20250812,RB2511,3278.0,59750.0,399047.0,0.1491606289943967
20250812,RB2512,3319.0,1158.0,4911.0,0.0613074211039542
20250812,RB2601,3336.0,312512.0,762683.0,-0.0216021660497742
20250812,RB2602,3330.0,432.0,7564.0,0.050344694761234
20250812,RB2603,3344.0,20049.0,133200.0,0.0465602733053135
20250812,RB2604,3357.0,87.0,404.0,0.0285629411855184
20250812,RB2605,3365.0,10343.0,51246.0,0.0284951157938646
20250812,RB2606,3373.0,279.0,661.0,0.0284276117548298
20250812,RB2607,3381.0,181.0,565.0,0.0
20250813,RB2508,3215.0,0.0,5370.0,-0.0748832383210154
20250813,RB2509,3195.0,8029.0,17800.0,0.1009823631034139
20250813,RB2510,3222.0,1236428.0,1652593.0,0.0742576627044219
20250813,RB2511,3242.0,67310.0,397655.0,0.1471508322529783
20250813,RB2512,3282.0,1017.0,4968.0,0.0510794325519137
20250813,RB2601,3296.0,352208.0,768665.0,0.0
20250813,RB2602,3296.0,268.0,7579.0,0.0327223350770919
20250813,RB2603,3305.0,21671.0,140299.0,0.0579536290915194
20250813,RB2604,3321.0,123.0,413.0,0.0360794018031969
20250813,RB2605,3331.0,10245.0,53050.0,0.0359712499569229
20250813,RB2606,3341.0,202.0,651.0,0.0071813287601048
20250813,RB2607,3343.0,227.0,560.0,0.0
20250814,RB2508,3190.0,0.0,5370.0,-0.1095898027592696
20250814,RB2509,3161.0,8456.0,16895.0,0.1058274575332781
20250814,RB2510,3189.0,1283713.0,1636544.0,0.0712836237161693
20250814,RB2511,3208.0,75368.0,392350.0,0.1671594898433557
20250814,RB2512,3253.0,1623.0,5220.0,0.0515338215326251
20250814,RB2601,3267.0,384914.0,778858.0,-0.0036736568479166
20250814,RB2602,3266.0,350.0,7641.0,0.0549871131682937
20250814,RB2603,3281.0,26060.0,146876.0,0.0547362968191292
20250814,RB2604,3296.0,84.0,423.0,0.021824801408531
20250814,RB2605,3302.0,14537.0,54532.0,0.0399093338378716
20250814,RB2606,3313.0,243.0,665.0,0.0144796397658786
20250814,RB2607,3317.0,254.0,584.0,0.0
20250815,RB2508,3147.0,210.0,5460.0,0.0608559148949023
20250815,RB2509,3163.0,6254.0,15844.0,0.0944737992534826
20250815,RB2510,3188.0,1119005.0,1617947.0,0.0675635191127101
20250815,RB2511,3206.0,66212.0,392194.0,0.1893896652808229
20250815,RB2512,3257.0,1107.0,5394.0,0.0441312173757249
20250815,RB2601,3269.0,300078.0,796350.0,0.0183402144824349
20250815,RB2602,3274.0,254.0,7649.0,0.0475537887976702
20250815,RB2603,3287.0,21233.0,151954.0,0.054636609790247
20250815,RB2604,3302.0,54.0,412.0,0.0435308820772193
20250815,RB2605,3314.0,11124.0,56333.0,0.0469809363836227
20250815,RB2606,3327.0,182.0,662.0,0.0108156834721546
20250815,RB2607,3330.0,203.0,630.0,0.0
20250818,RB2509,3128.0,7095.0,15895.0,0.1031360797213412
20250818,RB2510,3155.0,1316477.0,1609893.0,0.0607019947564048
20250818,RB2511,3171.0,72850.0,386384.0,0.1840123680012809
20250818,RB2512,3220.0,3506.0,6262.0,0.0631873846534849
20250818,RB2601,3237.0,432871.0,809052.0,0.0
20250818,RB2602,3237.0,732.0,7843.0,0.0480962567704664
20250818,RB2603,3250.0,25994.0,158590.0,0.0699495768051292
20250818,RB2604,3269.0,45.0,417.0,0.0403115358477466
20250818,RB2605,3280.0,17617.0,58270.0,0.0438223250252522
20250818,RB2606,3292.0,484.0,699.0,0.0218512958710043
20250818,RB2607,3298.0,343.0,728.0,0.0616967940050238
20250818,RB2608,3315.0,21.0,18.0,0.0
20250819,RB2509,3109.0,11201.0,14582.0,0.0654372110720166
20250819,RB2510,3126.0,1121791.0,1608694.0,0.0574438626866957
20250819,RB2511,3141.0,55588.0,381053.0,0.1744657785442777
20250819,RB2512,3187.0,1543.0,6432.0,0.0788118548288246
20250819,RB2601,3208.0,369043.0,853001.0,0.007478965651877
20250819,RB2602,3210.0,438.0,7890.0,0.0410511984856469
20250819,RB2603,3221.0,19454.0,163104.0,0.089081757683899
20250819,RB2604,3245.0,27.0,421.0,0.0516605963924542
20250819,RB2605,3259.0,15062.0,62848.0,0.044104184409869
20250819,RB2606,3271.0,137.0,710.0,0.0585545535100253
20250819,RB2607,3287.0,223.0,727.0,0.003650190142213
20250819,RB2608,3288.0,49.0,36.0,0.0
20250820,RB2509,3119.0,8191.0,14218.0,0.0499120860346856
20250820,RB2510,3132.0,1317374.0,1523392.0,0.0458891572608417
20250820,RB2511,3144.0,68272.0,377808.0,0.1818216602472269
20250820,RB2512,3192.0,1865.0,6685.0,0.0562588934814664
20250820,RB2601,3207.0,534660.0,886592.0,-0.0412307136838753
20250820,RB2602,3196.0,464.0,7885.0,0.0487120106843001
20250820,RB2603,3209.0,22630.0,168520.0,0.0596830574401911
20250820,RB2604,3225.0,132.0,394.0,0.0741887988998107
20250820,RB2605,3245.0,23314.0,64687.0,0.0442941136565179
20250820,RB2606,3257.0,375.0,728.0,0.0331136190501234
20250820,RB2607,3266.0,271.0,802.0,-0.0073506893569536
20250820,RB2608,3264.0,75.0,84.0,0.0
20250821,RB2509,3103.0,5531.0,14144.0,0.0694089338687918
20250821,RB2510,3121.0,1125179.0,1458111.0,0.0651862922663813
20250821,RB2511,3138.0,59144.0,373546.0,0.1746313640555498
20250821,RB2512,3184.0,1818.0,6856.0,0.0601505018825303
20250821,RB2601,3200.0,443699.0,907049.0,-0.0225211201543215
20250821,RB2602,3194.0,380.0,7922.0,0.0487424510183668
20250821,RB2603,3207.0,17021.0,171877.0,0.082038852781443
20250821,RB2604,3229.0,190.0,414.0,0.0371057809566494
20250821,RB2605,3239.0,18152.0,66566.0,0.0517560876242651
20250821,RB2606,3253.0,269.0,715.0,0.0515338215326251
20250821,RB2607,3267.0,218.0,784.0,0.0036725325458811
20250821,RB2608,3268.0,56.0,94.0,0.0
20250822,RB2509,3098.0,4564.0,14446.0,0.0810683475718719
20250822,RB2510,3119.0,801286.0,1411603.0,0.0384123247329454
20250822,RB2511,3129.0,80417.0,366589.0,0.1940127852640848
20250822,RB2512,3180.0,710.0,6923.0,0.0564706924489525
20250822,RB2601,3195.0,369239.0,937573.0,-0.052697700749893
20250822,RB2602,3181.0,412.0,7966.0,0.0639600197370663
20250822,RB2603,3198.0,13910.0,175167.0,0.0524181800730336
20250822,RB2604,3212.0,73.0,404.0,0.0670600938005994
20250822,RB2605,3230.0,11422.0,69239.0,0.0666874207783974
20250822,RB2606,3248.0,174.0,682.0,0.0295203100903487
20250822,RB2607,3256.0,140.0,767.0,0.0184133840026588
20250822,RB2608,3261.0,50.0,96.0,0.0
20250825,RB2509,3103.0,16864.0,12898.0,0.1345952261351714
20250825,RB2510,3138.0,1200313.0,1347830.0,0.04961050157156
20250825,RB2511,3151.0,91381.0,375495.0,0.2113926952305632
20250825,RB2512,3207.0,1524.0,6873.0,0.063442847200368
20250825,RB2601,3224.0,618400.0,1015822.0,-0.0597016156813661
20250825,RB2602,3208.0,426.0,8029.0,0.0671434763849875
20250825,RB2603,3226.0,20724.0,178521.0,0.0630701714659668
20250825,RB2604,3243.0,153.0,419.0,0.0664208337840128
20250825,RB2605,3261.0,13980.0,69983.0,0.0550712302036908
20250825,RB2606,3276.0,286.0,688.0,0.0292683071923054
20250825,RB2607,3284.0,263.0,744.0,0.0
20250825,RB2608,3284.0,100.0,116.0,0.0
20250826,RB2509,3080.0,6152.0,9242.0,0.1278875336878557
20250826,RB2510,3113.0,770094.0,1308206.0,0.0269533243430376
20250826,RB2511,3120.0,69310.0,379207.0,0.209695566279167
20250826,RB2512,3175.0,754.0,6913.0,0.0377358801536613
20250826,RB2601,3185.0,510880.0,1071838.0,-0.0490798230183019
20250826,RB2602,3172.0,207.0,8013.0,0.0603774858644036
20250826,RB2603,3188.0,19031.0,182584.0,0.0675635191127101
20250826,RB2604,3206.0,79.0,420.0,0.0634625837512751
20250826,RB2605,3223.0,14975.0,72068.0,0.052012465329679
20250826,RB2606,3237.0,221.0,727.0,0.0407093682638899
20250826,RB2607,3248.0,154.0,759.0,0.014769232633592
20250826,RB2608,3252.0,140.0,173.0,0.0
20250827,RB2509,3088.0,2688.0,7581.0,0.089047029035643
20250827,RB2510,3111.0,1006734.0,1234764.0,0.0
20250827,RB2511,3111.0,84832.0,380969.0,0.1951262504613639
20250827,RB2512,3162.0,1406.0,7016.0,0.0378907798238554
20250827,RB2601,3172.0,631971.0,1172576.0,-0.041686446469451
20250827,RB2602,3161.0,396.0,8039.0,0.0416864464694492
20250827,RB2603,3172.0,23294.0,188513.0,0.0754245097795288
20250827,RB2604,3192.0,106.0,444.0,0.0824230527331029
20250827,RB2605,3214.0,19306.0,75268.0,0.04100019518898
20250827,RB2606,3225.0,390.0,746.0,0.0260182849333569
20250827,RB2607,3232.0,202.0,776.0,0.0111334475281796
20250827,RB2608,3235.0,84.0,203.0,0.0
20250828,RB2509,3097.0,3920.0,4071.0,0.1233547643481529
20250828,RB2510,3129.0,947402.0,1148167.0,0.0
20250828,RB2511,3129.0,83448.0,385570.0,0.1940127852640848
20250828,RB2512,3180.0,1623.0,7140.0,0.093970722966574
20250828,RB2601,3205.0,766476.0,1255043.0,-0.0562940829105619
20250828,RB2602,3190.0,426.0,8128.0,0.052549348912316
20250828,RB2603,3204.0,20787.0,192358.0,0.0783950524994771
20250828,RB2604,3225.0,120.0,432.0,0.0778862261359644
20250828,RB2605,3246.0,21532.0,77669.0,0.0663596161135341
20250828,RB2606,3264.0,273.0,730.0,0.0293757796636804
20250828,RB2607,3272.0,231.0,748.0,0.0036669213425131
20250828,RB2608,3273.0,137.0,202.0,0.0
20250829,RB2509,2954.0,2704.0,2280.0,0.5401308816055924
20250829,RB2510,3090.0,808672.0,1055710.0,0.0232783778139201
20250829,RB2511,3096.0,80187.0,386020.0,0.1846190260737534
20250829,RB2512,3144.0,1231.0,7299.0,0.0609138363823268
20250829,RB2601,3160.0,922905.0,1429783.0,-0.0342259778841984
20250829,RB2602,3151.0,530.0,8138.0,0.0456129785804899
20250829,RB2603,3163.0,20308.0,193538.0,0.0831761364073788
20250829,RB2604,3185.0,97.0,434.0,0.0863448117616975
20250829,RB2605,3208.0,18867.0,80852.0,0.0559789539483918
20250829,RB2606,3223.0,207.0,738.0,0.0483047563553334
20250829,RB2607,3236.0,133.0,766.0,-0.0185557482466086
20250829,RB2608,3231.0,101.0,235.0,0.0
20250901,RB2509,2962.0,960.0,2040.0,0.3079655770685882
20250901,RB2510,3039.0,675240.0,859408.0,0.0669402884354156
20250901,RB2511,3056.0,72373.0,383060.0,0.1599243562415008
20250901,RB2512,3097.0,2363.0,7196.0,0.0695430149802089
20250901,RB2601,3115.0,1342816.0,1633714.0,-0.0269966368081853
20250901,RB2602,3108.0,1433.0,8701.0,0.0500883693988961
20250901,RB2603,3121.0,31661.0,197743.0,0.0842915343214582
20250901,RB2604,3143.0,220.0,460.0,0.0837035733685064
20250901,RB2605,3165.0,28525.0,87584.0,0.0605106860504094
20250901,RB2606,3181.0,370.0,795.0,0.0526977007498937
20250901,RB2607,3195.0,324.0,821.0,0.0112623189871714
20250901,RB2608,3198.0,397.0,356.0,0.0
20250902,RB2509,2965.0,240.0,1890.0,0.3273656106465992
20250902,RB2510,3047.0,244899.0,807407.0,0.0471667819823333
20250902,RB2511,3059.0,32057.0,381864.0,0.1752424458264698
20250902,RB2512,3104.0,1960.0,7830.0,0.0501527815707337
20250902,RB2601,3117.0,869767.0,1675244.0,-0.0038504733203788
20250902,RB2602,3116.0,538.0,8754.0,0.0422874056064297
20250902,RB2603,3127.0,31314.0,199857.0,0.0955571222391404
20250902,RB2604,3152.0,51.0,465.0,0.049390603206083
20250902,RB2605,3165.0,19426.0,91414.0,0.0605106860504094
20250902,RB2606,3181.0,284.0,890.0,0.0827070943201672
20250902,RB2607,3203.0,174.0,808.0,0.0074906369473473
20250902,RB2608,3205.0,114.0,346.0,0.0
20250903,RB2509,2955.0,510.0,1770.0,0.3165987608193476
20250903,RB2510,3034.0,253814.0,764189.0,0.0631165163157578
20250903,RB2511,3050.0,35831.0,376369.0,0.1602368703679092
20250903,RB2512,3091.0,1673.0,7348.0,0.058092738918193
20250903,RB2601,3106.0,1169148.0,1754813.0,0.0
20250903,RB2602,3106.0,262.0,8743.0,0.0462725509090742
20250903,RB2603,3118.0,41265.0,201572.0,0.0729019028754755
20250903,RB2604,3137.0,68.0,471.0,0.0686588014156244
20250903,RB2605,3155.0,21274.0,95426.0,0.0644856933531011
20250903,RB2606,3172.0,193.0,963.0,0.0829409522426306
20250903,RB2607,3194.0,77.0,813.0,0.0150187754273007
20250903,RB2608,3198.0,121.0,359.0,0.0
20250904,RB2509,2971.0,180.0,1800.0,0.255753936371892
20250904,RB2510,3035.0,251114.0,724635.0,0.0984418974339348
20250904,RB2511,3060.0,32806.0,371306.0,0.1635857854806915
20250904,RB2512,3102.0,2042.0,7398.0,0.057887232370236
20250904,RB2601,3117.0,1231326.0,1736432.0,0.0038492382046173
20250904,RB2602,3118.0,328.0,8685.0,0.0729019028754755
20250904,RB2603,3137.0,47448.0,203082.0,0.0686588014156244
20250904,RB2604,3155.0,74.0,469.0,0.045555258759916
20250904,RB2605,3167.0,25619.0,99299.0,0.0604725689214371
20250904,RB2606,3183.0,165.0,959.0,0.0901412689327462
20250904,RB2607,3207.0,283.0,937.0,0.0037412315190033
20250904,RB2608,3208.0,204.0,372.0,0.0
20250905,RB2509,2977.0,390.0,1740.0,0.3064334971536175
20250905,RB2510,3054.0,230792.0,673564.0,0.109518361217801
20250905,RB2511,3082.0,27979.0,368036.0,0.1470511790816031
20250905,RB2512,3120.0,1288.0,7167.0,0.0881370719284743
20250905,RB2601,3143.0,1385167.0,1737894.0,-0.0038186157840138
20250905,RB2602,3142.0,335.0,8644.0,0.0799368538809875
20250905,RB2603,3163.0,53210.0,204315.0,0.0416601333684666
20250905,RB2604,3174.0,99.0,459.0,0.0641007023026696
20250905,RB2605,3191.0,24868.0,104879.0,0.0487881829200769
20250905,RB2606,3204.0,157.0,981.0,0.0858346063645433
20250905,RB2607,3227.0,290.0,995.0,0.0334210335170471
20250905,RB2608,3236.0,184.0,444.0,0.0
20250908,RB2509,2937.0,300.0,1590.0,0.4215184994474162
20250908,RB2510,3042.0,216093.0,652236.0,0.0903885066128842
20250908,RB2511,3065.0,34252.0,361634.0,0.174901881635617
20250908,RB2512,3110.0,1168.0,7237.0,0.0845886232489681
20250908,RB2601,3132.0,1257953.0,1798654.0,0.0
20250908,RB2602,3132.0,411.0,8735.0,0.0611466291192011
20250908,RB2603,3148.0,47040.0,203980.0,0.0646287004917925
20250908,RB2604,3165.0,65.0,463.0,0.0416338534649982
20250908,RB2605,3176.0,21259.0,108158.0,0.0640604441730671
20250908,RB2606,3193.0,189.0,993.0,0.0711945882224424
20250908,RB2607,3212.0,395.0,1181.0,0.0186654260684874
20250908,RB2608,3217.0,178.0,455.0,0.0
20250909,RB2509,2950.0,330.0,1590.0,0.3487801885426002
20250909,RB2510,3037.0,176008.0,613646.0,0.0669842487939468
20250909,RB2511,3054.0,33450.0,360651.0,0.1755272641100451
20250909,RB2512,3099.0,1051.0,7087.0,0.0925751939439645
20250909,RB2601,3123.0,1329359.0,1778829.0,-0.0076873801475892
20250909,RB2602,3121.0,711.0,8757.0,0.034554495161033
20250909,RB2603,3130.0,75455.0,222555.0,0.0916618078654171
20250909,RB2604,3154.0,15208.0,15493.0,0.0607211921801106
20250909,RB2605,3170.0,22751.0,110641.0,0.0453401043168708
20250909,RB2606,3182.0,340.0,884.0,0.0751882159071328
20250909,RB2607,3202.0,315.0,1130.0,0.0037470726299764
20250909,RB2608,3203.0,572.0,450.0,0.0
20250910,RB2509,2950.0,30.0,1590.0,0.2933345453471098
20250910,RB2510,3023.0,143368.0,597632.0,0.0909544641077882
20250910,RB2511,3046.0,21029.0,357992.0,0.1721020372402086
20250910,RB2512,3090.0,1335.0,7192.0,0.0735604820035517
20250910,RB2601,3109.0,1264549.0,1867674.0,-0.0231809473244835
20250910,RB2602,3103.0,1033.0,9084.0,0.0578686220320991
20250910,RB2603,3118.0,43039.0,227745.0,0.0843723514149273
20250910,RB2604,3140.0,136.0,15532.0,0.0609912367615897
20250910,RB2605,3156.0,19329.0,113410.0,0.0493281327018711
20250910,RB2606,3169.0,214.0,882.0,0.052896811094064
20250910,RB2607,3183.0,197.0,1125.0,0.0451552743545074
20250910,RB2608,3195.0,272.0,403.0,0.0
20250911,RB2509,2941.0,30.0,1590.0,0.2623275811070979
20250911,RB2510,3006.0,178828.0,582868.0,0.0795758884245766
20250911,RB2511,3026.0,37550.0,360246.0,0.1888563570028783
20250911,RB2512,3074.0,1004.0,7249.0,0.0700618273052579
20250911,RB2601,3092.0,1542810.0,2000701.0,-0.0038816109023553
20250911,RB2602,3091.0,823.0,9333.0,0.0464966677951663
20250911,RB2603,3103.0,48689.0,230817.0,0.0924563161135318
20250911,RB2604,3127.0,95.0,15545.0,0.0688777401203941
20250911,RB2605,3145.0,22362.0,118952.0,0.0532995800105327
20250911,RB2606,3159.0,129.0,875.0,0.0606253262964806
20250911,RB2607,3175.0,105.0,1143.0,0.0226557650682261
20250911,RB2608,3181.0,225.0,448.0,0.0
20250912,RB2509,2941.0,0.0,1590.0,0.3775411792752439
20250912,RB2510,3035.0,211204.0,541771.0,0.074889387419749
20250912,RB2511,3054.0,35058.0,355673.0,0.2026022151606558
20250912,RB2512,3106.0,2427.0,7661.0,0.0808602449905056
20250912,RB2601,3127.0,2108701.0,1912184.0,0.0230032019322058
20250912,RB2602,3133.0,1259.0,9018.0,0.0687462096609942
20250912,RB2603,3151.0,86327.0,228114.0,0.0683546152037537
20250912,RB2604,3169.0,222.0,15552.0,0.075495687829643
20250912,RB2605,3189.0,42570.0,122875.0,0.0525657911892065
20250912,RB2606,3203.0,241.0,875.0,0.0448738447507402
20250912,RB2607,3215.0,411.0,1184.0,0.0372671106978368
20250912,RB2608,3225.0,559.0,603.0,0.0
20250915,RB2509,2941.0,0.0,1590.0,0.417014899080029
20250915,RB2510,3045.0,152543.0,505713.0,0.0668087528835791
20250915,RB2511,3062.0,25647.0,352707.0,0.190511048160095
20250915,RB2512,3111.0,1563.0,7585.0,0.096046614871936
20250915,RB2601,3136.0,1471013.0,1978070.0,0.0076506218721541
20250915,RB2602,3138.0,771.0,9093.0,0.1103893589479417
20250915,RB2603,3167.0,60991.0,229957.0,0.0491571508269934
20250915,RB2604,3180.0,85.0,15547.0,0.093970722966574
20250915,RB2605,3205.0,35614.0,128533.0,0.0485754983706972
20250915,RB2606,3218.0,94.0,873.0,0.0520931050638889
20250915,RB2607,3232.0,243.0,1194.0,0.0370713918556243
20250915,RB2608,3242.0,584.0,756.0,0.0
20250916,RB2510,3069.0,194747.0,455913.0,0.0779476595861454
20250916,RB2511,3089.0,25369.0,347808.0,0.2041455107638177
20250916,RB2512,3142.0,3470.0,6910.0,0.0913130595046911
20250916,RB2601,3166.0,1965356.0,1956248.0,0.0227201077653741
20250916,RB2602,3172.0,1274.0,9232.0,0.0716645222820575
20250916,RB2603,3191.0,57785.0,227695.0,0.0861830402305729
20250916,RB2604,3214.0,570.0,15600.0,0.0818607825710937
20250916,RB2605,3236.0,36712.0,132657.0,0.0444170772382342
20250916,RB2606,3248.0,167.0,894.0,0.0663188669861009
20250916,RB2607,3266.0,339.0,1150.0,0.0073461893937958
20250916,RB2608,3268.0,418.0,693.0,0.0512977880417136
20250916,RB2609,3282.0,205.0,69.0,0.0
20250917,RB2510,3074.0,104338.0,433649.0,0.0778212844136439
20250917,RB2511,3094.0,19400.0,346796.0,0.2000046298225397
20250917,RB2512,3146.0,2122.0,6374.0,0.0836240317931212
20250917,RB2601,3168.0,1242094.0,1963371.0,0.0075733672441181
20250917,RB2602,3170.0,1047.0,9381.0,0.0980212801780688
20250917,RB2603,3196.0,48565.0,229198.0,0.0823202479939579
20250917,RB2604,3218.0,162.0,15560.0,0.070643116486989
20250917,RB2605,3237.0,24641.0,135349.0,0.0480962567704664
20250917,RB2606,3250.0,82.0,897.0,0.0405468055864308
20250917,RB2607,3261.0,132.0,1171.0,0.0073574496480167
20250917,RB2608,3263.0,180.0,671.0,0.0367197348943178
20250917,RB2609,3273.0,129.0,95.0,0.0
20250918,RB2510,3054.0,146222.0,406116.0,0.066612415946936
20250918,RB2511,3071.0,23427.0,344075.0,0.2130118864871958
20250918,RB2512,3126.0,2832.0,6529.0,0.0803446329958202
20250918,RB2601,3147.0,1727718.0,1999684.0,0.0
20250918,RB2602,3147.0,1449.0,8970.0,0.083597551518167
20250918,RB2603,3169.0,81783.0,229499.0,0.0642015693488768
20250918,RB2604,3186.0,15338.0,15588.0,0.0676058126190727
20250918,RB2605,3204.0,36726.0,135036.0,0.0523202323689429
20250918,RB2606,3218.0,159.0,911.0,0.0520931050638889
20250918,RB2607,3232.0,440.0,1023.0,0.0
20250918,RB2608,3232.0,375.0,640.0,0.0259619943641186
20250918,RB2609,3239.0,176.0,108.0,0.0
20250919,RB2510,3078.0,118058.0,375796.0,0.0660944486384643
20250919,RB2511,3095.0,15508.0,341329.0,0.1999405433485236
20250919,RB2512,3147.0,2069.0,6081.0,0.0949522282839809
20250919,RB2601,3172.0,1250591.0,1970510.0,0.0
20250919,RB2602,3172.0,564.0,9073.0,0.1017114863373523
20250919,RB2603,3199.0,56105.0,230642.0,0.0486664214056114
20250919,RB2604,3212.0,242.0,15580.0,0.0744881348920047
20250919,RB2605,3232.0,21668.0,135940.0,0.0148423024487544
20250919,RB2606,3236.0,108.0,932.0,0.0702513175714471
20250919,RB2607,3255.0,102.0,1011.0,0.0036860697571356
20250919,RB2608,3256.0,117.0,647.0,0.0257708336506762
20250919,RB2609,3263.0,144.0,162.0,0.0
20251027,RB2511,3031.0,20387.0,29282.0,0.2058726492906633
20251027,RB2512,3083.0,1483.0,5948.0,0.0007434754561987
20251027,RB2601,3100.0,1696201.0,1953001.0,0.0387096774193542
20251027,RB2602,3110.0,939.0,10510.0,0.1273311897106115
20251027,RB2603,3143.0,98845.0,399333.0,0.0305440661788098
20251027,RB2604,3151.0,669.0,16405.0,0.030466518565535
20251027,RB2605,3159.0,72711.0,231332.0,0.0417853751187093
20251027,RB2606,3170.0,121.0,1051.0,0.0416403785488945
20251027,RB2607,3181.0,3035.0,10561.0,-0.0037723986167872
20251027,RB2608,3180.0,98.0,674.0,0.030188679245283
20251027,RB2609,3188.0,506.0,1007.0,0.0150564617314925
20251027,RB2610,3192.0,2142.0,4160.0,0.0
20251028,RB2511,3027.0,9287.0,23657.0,0.190287413280477
20251028,RB2512,3075.0,2169.0,4474.0,0.0007015620718004
20251028,RB2601,3091.0,1333406.0,1930357.0,0.0543513426075694
20251028,RB2602,3105.0,759.0,10546.0,0.1043478260869559
20251028,RB2603,3132.0,95465.0,405844.0,0.0459770114942532
20251028,RB2604,3144.0,302.0,16487.0,0.0381679389312985
20251028,RB2605,3154.0,60287.0,235960.0,0.0646797717184517
20251028,RB2606,3171.0,40.0,1047.0,0.0302743614001901
20251028,RB2607,3179.0,1863.0,10678.0,0.0415224913494816
20251028,RB2608,3190.0,108.0,665.0,0.0
20251028,RB2609,3190.0,313.0,1027.0,-0.0037617554858933
20251028,RB2610,3189.0,3696.0,4513.0,0.0
20251029,RB2511,3060.0,11636.0,17731.0,0.2196078431372541
20251029,RB2512,3116.0,1175.0,4429.0,0.0007356016789026
20251029,RB2601,3133.0,1239602.0,1894007.0,0.0306415576125118
20251029,RB2602,3141.0,645.0,10687.0,0.1222540592168108
20251029,RB2603,3173.0,85078.0,417780.0,0.0226914591868894
20251029,RB2604,3179.0,201.0,16527.0,0.0264234035860342
20251029,RB2605,3186.0,76101.0,248907.0,0.0376647834274956
20251029,RB2606,3196.0,45.0,1028.0,0.0413016270337918
20251029,RB2607,3207.0,1692.0,10944.0,0.0112254443405053
20251029,RB2608,3210.0,69.0,659.0,0.0224299065420563
20251029,RB2609,3216.0,303.0,1049.0,0.0074626865671643
20251029,RB2610,3218.0,2143.0,5879.0,0.0
20251030,RB2511,3015.0,5960.0,14593.0,0.2905472636815931
20251030,RB2512,3088.0,1732.0,4487.0,0.0007859346800954
20251030,RB2601,3106.0,1440978.0,1894916.0,0.0463618802318102
20251030,RB2602,3118.0,656.0,10656.0,0.1077613855035277
20251030,RB2603,3146.0,93814.0,416119.0,0.0343293070565797
20251030,RB2604,3155.0,271.0,16445.0,0.0570522979397791
20251030,RB2605,3170.0,110053.0,269420.0,0.0264984227129341
20251030,RB2606,3177.0,233.0,1036.0,0.049102927289895
20251030,RB2607,3190.0,2419.0,10972.0,0.0150470219435732
20251030,RB2608,3194.0,106.0,660.0,0.0262993112085165
20251030,RB2609,3201.0,303.0,1034.0,-0.0074976569821934
20251030,RB2610,3199.0,3309.0,7563.0,0.0
20251031,RB2511,2957.0,8902.0,10746.0,0.5153872167737577
20251031,RB2512,3084.0,1076.0,4453.0,0.0009618327285445
20251031,RB2601,3106.0,985855.0,1879450.0,0.01545396007727
20251031,RB2602,3110.0,529.0,10812.0,0.1234726688102902
20251031,RB2603,3142.0,59858.0,419594.0,0.0381922342457041
20251031,RB2604,3152.0,128.0,16413.0,0.0532994923857881
20251031,RB2605,3166.0,56343.0,271558.0,0.0492735312697423
20251031,RB2606,3179.0,59.0,1007.0,0.0339729474677579
20251031,RB2607,3188.0,2310.0,11090.0,0.01129234629862
20251031,RB2608,3191.0,66.0,679.0,0.0188028831087443
20251031,RB2609,3196.0,147.0,1031.0,-0.026282853566959
20251031,RB2610,3189.0,3742.0,8735.0,0.0
20251103,RB2511,2970.0,3876.0,8280.0,0.3838383838383841
20251103,RB2512,3065.0,796.0,4416.0,0.0006158696409259
20251103,RB2601,3079.0,1150576.0,1919017.0,0.0272815849301713
20251103,RB2602,3086.0,748.0,10874.0,0.1205443940375881
20251103,RB2603,3117.0,70234.0,421862.0,0.0500481231953804
20251103,RB2604,3130.0,698.0,16952.0,0.057507987220446
20251103,RB2605,3145.0,64388.0,270500.0,0.0381558028616852
20251103,RB2606,3155.0,361.0,1212.0,0.0418383518225038
20251103,RB2607,3166.0,2548.0,11706.0,-0.015161086544535
20251103,RB2608,3162.0,118.0,667.0,0.0303605313092969
20251103,RB2609,3170.0,300.0,1037.0,-0.0075709779179815
20251103,RB2610,3168.0,4379.0,10802.0,0.0
20251104,RB2511,2935.0,2880.0,6210.0,0.3802385008517888
20251104,RB2512,3028.0,1574.0,4242.0,0.0007124515755569
20251104,RB2601,3044.0,1016465.0,1966544.0,0.0394218134034165
20251104,RB2602,3054.0,654.0,11038.0,0.1218074656188603
20251104,RB2603,3085.0,85936.0,433917.0,0.0700162074554286
20251104,RB2604,3103.0,692.0,17532.0,0.0193361263293585
20251104,RB2605,3108.0,80492.0,268116.0,0.0617760617760607
20251104,RB2606,3124.0,153.0,1234.0,0.0384122919334188
20251104,RB2607,3134.0,2136.0,11810.0,0.0153158902361205
20251104,RB2608,3138.0,133.0,673.0,0.0382409177820264
20251104,RB2609,3148.0,224.0,1066.0,-0.015247776365947
20251104,RB2610,3144.0,4070.0,12122.0,0.0
20251105,RB2511,2910.0,2790.0,4440.0,0.3876288659793827
20251105,RB2512,3004.0,1240.0,4265.0,0.0008976794984963
20251105,RB2601,3024.0,1149565.0,2031781.0,0.0674603174603163
20251105,RB2602,3041.0,1510.0,11366.0,0.1104899704044717
20251105,RB2603,3069.0,72313.0,439900.0,0.0312805474095787
20251105,RB2604,3077.0,998.0,17713.0,0.0662983425414376
20251105,RB2605,3094.0,101876.0,286066.0,0.0504201680672267
20251105,RB2606,3107.0,166.0,1279.0,0.0502092050209199
20251105,RB2607,3120.0,1895.0,11986.0,0.0269230769230768
20251105,RB2608,3127.0,200.0,656.0,0.0268628078030062
20251105,RB2609,3134.0,266.0,1081.0,-0.0038289725590301
20251105,RB2610,3133.0,2759.0,12952.0,0.0
20251106,RB2511,2920.0,1110.0,4080.0,0.4191780821917801
20251106,RB2512,3022.0,1209.0,4058.0,0.0006692494738955
20251106,RB2601,3037.0,884740.0,2020353.0,0.0474152123806392
20251106,RB2602,3049.0,657.0,11417.0,0.1062643489668753
20251106,RB2603,3076.0,44343.0,440411.0,0.0429128738621589
20251106,RB2604,3087.0,222.0,17632.0,0.0583090379008739
20251106,RB2605,3102.0,67415.0,298372.0,0.0541586073500957
20251106,RB2606,3116.0,74.0,1291.0,0.0500641848523741
20251106,RB2607,3129.0,1657.0,11934.0,0.0076701821668265
20251106,RB2608,3131.0,109.0,671.0,0.0268284893005423
20251106,RB2609,3138.0,149.0,1096.0,-0.0038240917782026
20251106,RB2610,3137.0,2449.0,13052.0,0.0
20251107,RB2511,2900.0,270.0,3900.0,0.4924137931034478
20251107,RB2512,3019.0,1205.0,3699.0,0.0006699145114648
20251107,RB2601,3034.0,800946.0,1960886.0,0.0593276203032306
20251107,RB2602,3049.0,700.0,11377.0,0.0826500491964568
20251107,RB2603,3070.0,58387.0,438381.0,0.0469055374592839
20251107,RB2604,3082.0,274.0,17636.0,0.0506164828033739
20251107,RB2605,3095.0,89579.0,308618.0,0.0504038772213251
20251107,RB2606,3108.0,118.0,1298.0,0.0579150579150571
20251107,RB2607,3123.0,2288.0,12042.0,-0.007684918347742
20251107,RB2608,3121.0,193.0,703.0,0.0615187439923108
20251107,RB2609,3137.0,182.0,1165.0,-0.0191265540325153
20251107,RB2610,3132.0,3339.0,14534.0,0.0
20251110,RB2511,2872.0,2040.0,3480.0,0.6392757660167128
20251110,RB2512,3025.0,763.0,3544.0,0.0008468752901847
20251110,RB2601,3044.0,1049513.0,1923733.0,0.0315374507227321
20251110,RB2602,3052.0,872.0,11466.0,0.0982961992136308
20251110,RB2603,3077.0,48759.0,438385.0,0.0350991225219372
20251110,RB2604,3086.0,287.0,17650.0,0.0622164614387559
20251110,RB2605,3102.0,92942.0,326978.0,0.0425531914893611
20251110,RB2606,3113.0,115.0,1311.0,0.061676839061997
20251110,RB2607,3129.0,1273.0,11927.0,0.0115052732502398
20251110,RB2608,3132.0,64.0,703.0,0.0383141762452101
20251110,RB2609,3142.0,216.0,1206.0,-0.0229153405474225
20251110,RB2610,3136.0,1902.0,14661.0,0.0
20251111,RB2511,2880.0,1230.0,2910.0,0.5333333333333341
20251111,RB2512,3008.0,740.0,3510.0,0.0007620129093951
20251111,RB2601,3025.0,753110.0,1923701.0,0.0357024793388429
20251111,RB2602,3034.0,617.0,11455.0,0.0672379696769951
20251111,RB2603,3051.0,59588.0,440241.0,0.0747295968534897
20251111,RB2604,3070.0,362.0,17552.0,0.0742671009771998
20251111,RB2605,3089.0,71286.0,344476.0,0.0505017805114933
20251111,RB2606,3102.0,43.0,1313.0,0.0773694390715675
20251111,RB2607,3122.0,2379.0,12653.0,0.0
20251111,RB2608,3122.0,49.0,700.0,0.0576553491351701
20251111,RB2609,3137.0,134.0,1224.0,-0.0153012432260117
20251111,RB2610,3133.0,2250.0,15400.0,0.0
20251112,RB2511,2891.0,480.0,2910.0,0.4939467312348666
20251112,RB2512,3010.0,676.0,3560.0,0.0012542461458061
20251112,RB2601,3038.0,775671.0,1868036.0,0.0157998683344304
20251112,RB2602,3042.0,562.0,11374.0,0.0907297830374762
20251112,RB2603,3065.0,50569.0,440361.0,0.0704730831973901
20251112,RB2604,3083.0,51.0,17542.0,0.0506000648718769
20251112,RB2605,3096.0,76409.0,354365.0,0.050387596899224
20251112,RB2606,3109.0,43.0,1304.0,0.0733354776455446
20251112,RB2607,3128.0,2485.0,13147.0,0.015345268542199
20251112,RB2608,3132.0,48.0,696.0,0.0383141762452101
20251112,RB2609,3142.0,124.0,1220.0,-0.0152768936982816
20251112,RB2610,3138.0,1733.0,15607.0,0.0
20251113,RB2511,2895.0,90.0,2940.0,0.4849740932642499
20251113,RB2512,3012.0,377.0,3515.0,0.0015220018801199
20251113,RB2601,3046.0,885545.0,1857343.0,0.0157583716349298
20251113,RB2602,3050.0,878.0,11331.0,0.0786885245901629
20251113,RB2603,3070.0,37820.0,440368.0,0.0508143322475564
20251113,RB2604,3083.0,71.0,17540.0,0.0661693156016864
20251113,RB2605,3100.0,85435.0,364915.0,0.0619354838709673
20251113,RB2606,3116.0,56.0,1305.0,0.0346598202824131
20251113,RB2607,3125.0,1739.0,13277.0,0.023039999999999
20251113,RB2608,3131.0,39.0,700.0,0.042159054615138
20251113,RB2609,3142.0,234.0,1247.0,-0.0114576702737112
20251113,RB2610,3139.0,4217.0,16719.0,0.0
20251114,RB2511,2890.0,30.0,2910.0,0.4982698961937712
20251114,RB2512,3010.0,206.0,3457.0,0.0019261637239165
20251114,RB2601,3053.0,769087.0,1837133.0,0.0039305601048136
20251114,RB2602,3054.0,874.0,11493.0,0.0589390962671911
20251114,RB2603,3069.0,37117.0,444071.0,0.0625610948191601
20251114,RB2604,3085.0,260.0,17582.0,0.0777957860615892
20251114,RB2605,3105.0,80068.0,379211.0,0.0425120772946856
20251114,RB2606,3116.0,24.0,1303.0,0.057766367137356
20251114,RB2607,3131.0,566.0,13252.0,-0.0191632066432445
20251114,RB2608,3126.0,33.0,703.0,0.0806142034548953
20251114,RB2609,3147.0,90.0,1259.0,-0.0114394661582455
20251114,RB2610,3144.0,3710.0,18359.0,0.0
20251117,RB2511,2960.0,240.0,2910.0,0.3891891891891879
20251117,RB2512,3056.0,929.0,3341.0,0.0018089299370551279
20251117,RB2601,3097.0,1329238.0,1729748.0,-0.019373587342589982
20251117,RB2602,3092.0,1227.0,11412.0,0.06597671410090644
20251117,RB2603,3109.0,76561.0,450714.0,0.061756191701512364
20251117,RB2604,3125.0,433.0,17702.0,0.08447999999999922
20251117,RB2605,3147.0,181173.0,421849.0,0.04194470924690208
20251117,RB2606,3158.0,218.0,1227.0,0.0683977200759962
20251117,RB2607,3176.0,1535.0,13182.0,-0.015113350125945058
20251117,RB2608,3172.0,141.0,689.0,0.0529634300126105
20251117,RB2609,3186.0,264.0,1226.0,0.02259887005649741
20251117,RB2610,3192.0,4407.0,19465.0,0.0
20251118,RB2512,3046.0,377.0,3290.0,0.0019476639099353034
20251118,RB2601,3090.0,801889.0,1655469.0,-0.015533980582524087
20251118,RB2602,3086.0,792.0,11199.0,0.0544394037589111
20251118,RB2603,3100.0,56396.0,450041.0,0.06967741935483929
20251118,RB2604,3118.0,133.0,17710.0,0.08082103912764715
20251118,RB2605,3139.0,120503.0,453294.0,0.03822873526600912
20251118,RB2606,3149.0,65.0,1228.0,0.0533502699269599
20251118,RB2607,3163.0,898.0,13138.0,-0.00379386658235914
20251118,RB2608,3162.0,48.0,696.0,0.041745730550283966
20251118,RB2609,3173.0,150.0,1209.0,0.0264733690513701
20251118,RB2610,3180.0,5167.0,21723.0,-0.015094339622641506
20251118,RB2611,3176.0,7.0,6.0,0.0
20251119,RB2512,3029.0,1147.0,2867.0,0.0018250544363289604
20251119,RB2601,3070.0,912064.0,1631133.0,-0.02345276872964197
20251119,RB2602,3064.0,1218.0,11054.0,0.04308093994778073
20251119,RB2603,3075.0,72606.0,453443.0,0.08975609756097658
20251119,RB2604,3098.0,203.0,17674.0,0.06972240154938714
20251119,RB2605,3116.0,146914.0,479522.0,0.05006418485237418
20251119,RB2606,3129.0,281.0,1363.0,0.053691275167786046
20251119,RB2607,3143.0,726.0,13171.0,0.015272033089406278
20251119,RB2608,3147.0,54.0,697.0,0.026692087702573808
20251119,RB2609,3154.0,123.0,1193.0,0.03043753963221274
20251119,RB2610,3162.0,8677.0,24160.0,0.060721062618596555
20251119,RB2611,3178.0,1.0,7.0,0.0
20251120,RB2512,3008.0,505.0,2752.0,0.001882620129093955
20251120,RB2601,3050.0,1151053.0,1573323.0,-0.01180327868852471
20251120,RB2602,3047.0,1585.0,11222.0,0.04725959960617043
20251120,RB2603,3059.0,79258.0,456609.0,0.07453416149068204
20251120,RB2604,3078.0,179.0,17654.0,0.08187134502923943
20251120,RB2605,3099.0,189629.0,517445.0,0.04259438528557524
20251120,RB2606,3110.0,113.0,1349.0,0.07331189710610886
20251120,RB2607,3129.0,1628.0,13583.0,0.0
20251120,RB2608,3129.0,73.0,681.0,0.03835091083413289
20251120,RB2609,3139.0,256.0,1198.0,0.01529149410640418
20251120,RB2610,3143.0,6743.0,24158.0,0.0419980909958646
20251120,RB2611,3154.0,8.0,9.0,0.0
20251121,RB2512,3014.0,642.0,2535.0,0.0019236074349664209
20251121,RB2601,3057.0,778562.0,1513411.0,-0.04317958783120668
20251121,RB2602,3046.0,1119.0,11469.0,0.055154300722258576
20251121,RB2603,3060.0,59901.0,452895.0,0.0823529411764703
20251121,RB2604,3081.0,116.0,17650.0,0.0662122687439135
20251121,RB2605,3098.0,161603.0,554030.0,0.046481601032925646
20251121,RB2606,3110.0,250.0,1331.0,0.06559485530546638
20251121,RB2607,3127.0,994.0,13585.0,0.023025263831148557
20251121,RB2608,3133.0,119.0,679.0,0.019150973507819913
20251121,RB2609,3138.0,105.0,1177.0,0.015296367112810572
20251121,RB2610,3142.0,4184.0,24911.0,0.034373010821133754
20251121,RB2611,3151.0,46.0,33.0,0.0
20251124,RB2512,3031.0,2131.0,2182.0,0.0025800807387334683
20251124,RB2601,3089.0,1264959.0,1432705.0,-0.06215603755260668
20251124,RB2602,3073.0,2117.0,11938.0,0.04685974617637445
20251124,RB2603,3085.0,76624.0,453292.0,0.06612641815234976
20251124,RB2604,3102.0,307.0,17672.0,0.06189555125725299
20251124,RB2605,3118.0,299952.0,631741.0,0.050032071840924175
20251124,RB2606,3131.0,229.0,1290.0,0.05365697860108476
20251124,RB2607,3145.0,1427.0,13798.0,0.015262321144675184
20251124,RB2608,3149.0,127.0,719.0,0.03810733566211422
20251124,RB2609,3159.0,220.0,1127.0,0.030389363722697738
20251124,RB2610,3167.0,10042.0,28073.0,0.030312598673822855
20251124,RB2611,3175.0,68.0,36.0,0.0
20251125,RB2512,3005.0,1610.0,1761.0,0.0045317728878835044
20251125,RB2601,3106.0,929789.0,1301038.0,-0.11590470057952285
20251125,RB2602,3076.0,2171.0,12033.0,0.050715214564370115
20251125,RB2603,3089.0,60667.0,453517.0,0.05827128520556801
20251125,RB2604,3104.0,522.0,17821.0,0.08118556701031032
20251125,RB2605,3125.0,322482.0,732262.0,0.026880000000000237
20251125,RB2606,3132.0,61.0,1282.0,0.06896551724137989
20251125,RB2607,3150.0,959.0,14022.0,0.0
20251125,RB2608,3150.0,45.0,700.0,0.03809523809523796
20251125,RB2609,3160.0,119.0,1125.0,0.0455696202531648
20251125,RB2610,3172.0,5481.0,29282.0,-0.02648171500630525
20251125,RB2611,3165.0,27.0,47.0,0.0
20251126,RB2512,3008.0,708.0,1569.0,0.004079010279703564
20251126,RB2601,3099.0,753169.0,1200700.0,-0.10454985479186796
20251126,RB2602,3072.0,4227.0,11725.0,0.03906249999999911
20251126,RB2603,3082.0,51282.0,450127.0,0.05061648280337394
20251126,RB2604,3095.0,373.0,17820.0,0.08142164781906303
20251126,RB2605,3116.0,247492.0,809022.0,0.046213093709883246
20251126,RB2606,3128.0,32.0,1284.0,0.05754475703324857
20251126,RB2607,3143.0,3020.0,15562.0,0.0419980909958646
20251126,RB2608,3154.0,94.0,666.0,0.0038046924540262594
20251126,RB2609,3155.0,356.0,1252.0,0.0
20251126,RB2610,3155.0,4775.0,29796.0,0.01901743264659217
20251126,RB2611,3160.0,19.0,44.0,0.0
20251127,RB2512,2997.0,769.0,1047.0,0.004318925667240266
20251127,RB2601,3093.0,753252.0,1069617.0,-0.1047526673132877
20251127,RB2602,3066.0,8652.0,11898.0,0.0
20251127,RB2603,3066.0,64414.0,452960.0,0.08610567514677037
20251127,RB2604,3088.0,534.0,17882.0,0.06606217616580334
20251127,RB2605,3105.0,312457.0,857482.0,0.05797101449275388
20251127,RB2606,3120.0,106.0,1266.0,0.04230769230769216
20251127,RB2607,3131.0,5182.0,18503.0,0.042159054615138025
20251127,RB2608,3142.0,70.0,651.0,0.019096117122852085
20251127,RB2609,3147.0,352.0,1308.0,-0.011439466158245537
20251127,RB2610,3144.0,6866.0,31326.0,0.0114503816793885
20251127,RB2611,3147.0,30.0,48.0,0.0
20251128,RB2512,2985.0,761.0,694.0,0.005646208570944611
20251128,RB2601,3110.0,680875.0,972278.0,-0.12733118971061153
20251128,RB2602,3077.0,6046.0,12088.0,0.0038999025024368805
20251128,RB2603,3078.0,72200.0,455833.0,0.06627680311890938
20251128,RB2604,3095.0,221.0,17910.0,0.08529886914377993
20251128,RB2605,3117.0,339196.0,927091.0,0.03079884504331165
20251128,RB2606,3125.0,46.0,1274.0,0.06527999999999867
20251128,RB2607,3142.0,6082.0,22716.0,0.022915340547422502
20251128,RB2608,3148.0,68.0,643.0,0.026683608640406753
20251128,RB2609,3155.0,165.0,1305.0,-0.0038034865293181674
20251128,RB2610,3154.0,6342.0,32110.0,-0.02282815472416022
20251128,RB2611,3148.0,91.0,79.0,0.0
20251201,RB2512,3010.0,214.0,540.0,0.005554518645712793
20251201,RB2601,3134.0,802417.0,882576.0,-0.08040842373963031
20251201,RB2602,3113.0,2667.0,11922.0,0.050112431737874275
20251201,RB2603,3126.0,106473.0,450865.0,0.06525911708253407
20251201,RB2604,3143.0,435.0,17868.0,0.09163219853642968
20251201,RB2605,3167.0,667976.0,1047769.0,0.030312598673822855
20251201,RB2606,3175.0,272.0,1275.0,0.056692913385825605
20251201,RB2607,3190.0,12806.0,30445.0,0.026332288401253123
20251201,RB2608,3197.0,184.0,624.0,0.01876759461995725
20251201,RB2609,3202.0,566.0,1293.0,0.014990630855715281
20251201,RB2610,3206.0,12328.0,36486.0,-0.018714909544604197
20251201,RB2611,3201.0,98.0,94.0,0.0
20251202,RB2512,3025.0,60.0,510.0,0.004813817438945118
20251202,RB2601,3133.0,504172.0,780154.0,-0.06128311522502372
20251202,RB2602,3117.0,2124.0,11401.0,0.038498556304137566
20251202,RB2603,3127.0,63715.0,445871.0,0.069075791493443
20251202,RB2604,3145.0,186.0,17889.0,0.09157392686804577
20251202,RB2605,3169.0,581458.0,1175559.0,0.015146733985484495
20251202,RB2606,3173.0,150.0,1256.0,0.07185628742514893
20251202,RB2607,3192.0,13621.0,37438.0,0.022556390977443108
20251202,RB2608,3198.0,43.0,617.0,0.015009380863040711
20251202,RB2609,3202.0,666.0,1697.0,0.022485946283572922
20251202,RB2610,3208.0,7808.0,39702.0,0.01496259351620921
20251202,RB2611,3212.0,45.0,113.0,0.0
20251203,RB2512,3020.0,60.0,510.0,0.005223602946647823
20251203,RB2601,3137.0,373828.0,677656.0,-0.09180745935607204
20251203,RB2602,3113.0,1350.0,10985.0,0.06938644394474736
20251203,RB2603,3131.0,79661.0,436029.0,0.04982433727243585
20251203,RB2604,3144.0,387.0,17675.0,0.09541984732824371
20251203,RB2605,3169.0,750667.0,1297106.0,-0.011360050489112705
20251203,RB2606,3166.0,75.0,1250.0,0.09475679090334754
20251203,RB2607,3191.0,14882.0,44888.0,-0.018802883108743007
20251203,RB2608,3186.0,57.0,600.0,0.04519774011299482
20251203,RB2609,3198.0,318.0,1545.0,0.018761726078800223
20251203,RB2610,3203.0,9648.0,42810.0,0.0037464876678114933
20251203,RB2611,3204.0,55.0,121.0,0.0
20251204,RB2512,3030.0,0.0,510.0,0.005250862164868167
20251204,RB2601,3148.0,322048.0,627470.0,-0.10673443456162701
20251204,RB2602,3120.0,1017.0,11057.0,0.053846153846153655
20251204,RB2603,3134.0,71737.0,435273.0,0.0612635609444796
20251204,RB2604,3150.0,256.0,17694.0,0.0952380952380949
20251204,RB2605,3175.0,873461.0,1411905.0,0.0
20251204,RB2606,3175.0,129.0,1223.0,0.0831496062992132
20251204,RB2607,3197.0,16871.0,52770.0,0.00375351892399145
20251204,RB2608,3198.0,74.0,584.0,-0.0037523452157595116
20251204,RB2609,3197.0,393.0,1491.0,0.04504222708789474
20251204,RB2610,3209.0,8883.0,45087.0,-0.033655344344031946
20251204,RB2611,3200.0,41.0,124.0,0.0
20251205,RB2512,3027.0,540.0,480.0,0.004899722720236962
20251205,RB2601,3137.0,222228.0,568562.0,-0.11475932419509105
20251205,RB2602,3107.0,654.0,11033.0,0.06565819118120242
20251205,RB2603,3124.0,63573.0,433666.0,0.05761843790012833
20251205,RB2604,3139.0,69.0,17678.0,0.06881172347881481
20251205,RB2605,3157.0,680567.0,1474541.0,0.04181184668989513
20251205,RB2606,3168.0,30.0,1214.0,0.045454545454546746
20251205,RB2607,3180.0,14633.0,60496.0,0.018867924528301216
20251205,RB2608,3185.0,85.0,609.0,0.007535321821037222
20251205,RB2609,3187.0,159.0,1459.0,0.01882648258550379
20251205,RB2610,3192.0,7427.0,47331.0,0.0
20251205,RB2611,3192.0,19.0,124.0,0.0
20251208,RB2512,3020.0,30.0,480.0,0.00433067936602426
20251208,RB2601,3117.0,296173.0,494029.0,-0.1308950914340712
20251208,RB2602,3083.0,2416.0,10909.0,0.03892312682452115
20251208,RB2603,3093.0,78070.0,433996.0,0.05819592628516013
20251208,RB2604,3108.0,368.0,17685.0,0.05791505791505713
20251208,RB2605,3123.0,1256787.0,1477577.0,0.034582132564842105
20251208,RB2606,3132.0,170.0,1191.0,0.04597701149425326
20251208,RB2607,3144.0,24435.0,70313.0,0.03435114503816816
20251208,RB2608,3153.0,94.0,587.0,0.007611798287346261
20251208,RB2609,3155.0,516.0,1578.0,0.034231378763867504
20251208,RB2610,3164.0,14075.0,47398.0,0.011378002528443787
20251208,RB2611,3167.0,97.0,103.0,0.0
20251209,RB2512,2955.0,60.0,480.0,0.006296697655848983
20251209,RB2601,3093.0,291132.0,414953.0,-0.1590688651794374
20251209,RB2602,3052.0,1779.0,11040.0,0.019659239842725107
20251209,RB2603,3057.0,97189.0,431023.0,0.054955839057900135
20251209,RB2604,3071.0,609.0,17884.0,0.031260175838490056
20251209,RB2605,3079.0,1324333.0,1593747.0,0.04287106203312785
20251209,RB2606,3090.0,372.0,1394.0,-0.007766990291262044
20251209,RB2607,3088.0,23698.0,80737.0,0.04663212435233177
20251209,RB2608,3100.0,238.0,621.0,0.015483870967741176
20251209,RB2609,3104.0,544.0,1704.0,0.02706185567010433
20251209,RB2610,3111.0,25563.0,51887.0,-0.019286403085823967
20251209,RB2611,3106.0,120.0,163.0,0.0
20251210,RB2512,2972.0,0.0,480.0,0.006487516445627346
20251210,RB2601,3115.0,235125.0,363600.0,-0.13868378812199067
20251210,RB2602,3079.0,2259.0,11423.0,0.07794738551477742
20251210,RB2603,3099.0,94347.0,425276.0,0.03872216844143228
20251210,RB2604,3109.0,571.0,17855.0,0.030878095850756182
20251210,RB2605,3117.0,1519252.0,1514218.0,0.019249278152068783
20251210,RB2606,3122.0,335.0,1393.0,0.023062139654069114
20251210,RB2607,3128.0,23639.0,89334.0,0.030690537084398173
20251210,RB2608,3136.0,290.0,655.0,0.034438775510204245
20251210,RB2609,3145.0,494.0,1523.0,0.015262321144675184
20251210,RB2610,3149.0,17717.0,55572.0,0.007621467132422843
20251210,RB2611,3151.0,102.0,176.0,0.0
20251211,RB2512,2972.0,0.0,480.0,0.005126499009481747
20251211,RB2601,3085.0,174280.0,322677.0,-0.15170178282009683
20251211,RB2602,3046.0,1541.0,11218.0,0.031516743269862424
20251211,RB2603,3054.0,85526.0,422742.0,0.03536345776031524
20251211,RB2604,3063.0,363.0,17839.0,0.02350636630754188
20251211,RB2605,3069.0,1360006.0,1602075.0,0.027370478983383073
20251211,RB2606,3076.0,138.0,1420.0,0.011703511053316795
20251211,RB2607,3079.0,23896.0,98019.0,0.04287106203312785
20251211,RB2608,3090.0,299.0,709.0,0.03883495145631155
20251211,RB2609,3100.0,523.0,1651.0,0.011612903225806548
20251211,RB2610,3103.0,13987.0,57700.0,0.007734450531744486
20251211,RB2611,3105.0,173.0,230.0,0.0
20251212,RB2512,2972.0,0.0,480.0,0.004990397265867197
20251212,RB2601,3082.0,123673.0,294009.0,-0.17131732641142072
20251212,RB2602,3038.0,1207.0,11142.0,0.07109940750493848
20251212,RB2603,3056.0,59534.0,419196.0,-0.003926701570680091
20251212,RB2604,3055.0,214.0,17937.0,0.019639934533552506
20251212,RB2605,3060.0,974336.0,1607057.0,0.015686274509803866
20251212,RB2606,3064.0,167.0,1465.0,0.023498694516971064
20251212,RB2607,3070.0,22953.0,105367.0,0.05081433224755649
20251212,RB2608,3083.0,180.0,743.0,0.027246188777165337
20251212,RB2609,3090.0,358.0,1625.0,0.011650485436893732
20251212,RB2610,3093.0,12388.0,59565.0,0.015518913676041635
20251212,RB2611,3097.0,96.0,236.0,0.0
20251215,RB2512,2972.0,0.0,480.0,0.005035764513738714
20251215,RB2601,3083.0,137529.0,262235.0,-0.13233863120337297
20251215,RB2602,3049.0,1021.0,11003.0,0.07477861593965329
20251215,RB2603,3068.0,84089.0,409050.0,0.0
20251215,RB2604,3068.0,700.0,18092.0,0.023468057366362594
20251215,RB2605,3074.0,1232643.0,1627666.0,0.01171112556929188
20251215,RB2606,3077.0,367.0,1485.0,0.023399415014623948
20251215,RB2607,3083.0,26092.0,112644.0,0.04281543950697486
20251215,RB2608,3094.0,234.0,729.0,0.015513897866838988
20251215,RB2609,3098.0,467.0,1657.0,0.01936733376371791
20251215,RB2610,3103.0,17901.0,63487.0,0.011601675797614064
20251215,RB2611,3106.0,147.0,250.0,0.0
20251216,RB2601,3090.0,75341.0,241813.0,-0.12427184466019403
20251216,RB2602,3058.0,1064.0,10723.0,0.07063440156965317
20251216,RB2603,3076.0,38180.0,408231.0,0.0
20251216,RB2604,3076.0,333.0,18039.0,0.019505851755525327
20251216,RB2605,3081.0,778715.0,1615142.0,0.019474196689386325
20251216,RB2606,3086.0,224.0,1417.0,0.02721970187945555
20251216,RB2607,3093.0,19235.0,116562.0,0.03491755577109501
20251216,RB2608,3102.0,128.0,729.0,0.019342359767891892
20251216,RB2609,3107.0,167.0,1619.0,0.019311232700355063
20251216,RB2610,3112.0,10519.0,66671.0,0.01542416452442108
20251216,RB2611,3116.0,31.0,248.0,0.01925545571245202
20251216,RB2612,3121.0,16.0,11.0,0.0
20251217,RB2601,3095.0,62744.0,226564.0,-0.13570274636510504
20251217,RB2602,3060.0,555.0,10566.0,0.0705882352941174
20251217,RB2603,3078.0,36649.0,405427.0,-0.0038986354775825127
20251217,RB2604,3077.0,296.0,17940.0,0.027299317517060828
20251217,RB2605,3084.0,593611.0,1604729.0,0.015564202334630295
20251217,RB2606,3088.0,134.0,1364.0,0.0272020725388602
20251217,RB2607,3095.0,15255.0,120158.0,0.03877221324717173
20251217,RB2608,3105.0,128.0,750.0,0.02318840579710102
20251217,RB2609,3111.0,174.0,1607.0,0.0077145612343301195
20251217,RB2610,3113.0,5353.0,67072.0,0.011564407324125447
20251217,RB2611,3116.0,42.0,249.0,0.03851091142490404
20251217,RB2612,3126.0,6.0,11.0,0.0
20251218,RB2601,3126.0,108708.0,196565.0,-0.13819577735124744
20251218,RB2602,3090.0,1099.0,10577.0,0.10485436893203826
20251218,RB2603,3117.0,65308.0,406550.0,-0.0038498556304142895
20251218,RB2604,3116.0,432.0,17813.0,0.0346598202824131
20251218,RB2605,3125.0,1215549.0,1575943.0,0.007679999999999687
20251218,RB2606,3127.0,297.0,1244.0,0.03837543971857915
20251218,RB2607,3137.0,24240.0,124959.0,-0.007650621613005892
20251218,RB2608,3135.0,221.0,728.0,0.038277511961723576
20251218,RB2609,3145.0,665.0,1784.0,0.02289348171701011
20251218,RB2610,3151.0,16958.0,69632.0,0.019041574103460412
20251218,RB2611,3156.0,123.0,239.0,-0.007604562737642873
20251218,RB2612,3154.0,52.0,45.0,0.0
20251219,RB2601,3120.0,68112.0,171983.0,-0.16923076923076863
20251219,RB2602,3076.0,901.0,10459.0,0.08972691807542343
20251219,RB2603,3099.0,52043.0,402253.0,0.027105517909003396
20251219,RB2604,3106.0,180.0,17788.0,0.05022537025112772
20251219,RB2605,3119.0,686113.0,1568866.0,0.026931708881051897
20251219,RB2606,3126.0,942.0,1198.0,0.02687140115163089
20251219,RB2607,3133.0,21305.0,128188.0,0.03064155761251186
20251219,RB2608,3141.0,95.0,703.0,0.02674307545367771
20251219,RB2609,3148.0,504.0,1610.0,0.011435832274459656
20251219,RB2610,3151.0,7825.0,70757.0,0.0
20251219,RB2611,3151.0,74.0,241.0,-0.03808314820691816
20251219,RB2612,3141.0,17.0,39.0,0.0
20251222,RB2601,3128.0,61415.0,158383.0,-0.20332480818414256
20251222,RB2602,3075.0,655.0,10448.0,0.15219512195121965
20251222,RB2603,3114.0,59279.0,399822.0,-0.0077071290944119575
20251222,RB2604,3112.0,315.0,17671.0,0.05398457583547511
20251222,RB2605,3126.0,842412.0,1591974.0,0.03071017274472254
20251222,RB2606,3134.0,392.0,1175.0,0.030631780472241132
20251222,RB2607,3142.0,20233.0,131163.0,0.003819223424570417
20251222,RB2608,3143.0,81.0,710.0,0.0419980909958646
20251222,RB2609,3154.0,404.0,1652.0,0.019023462270133962
20251222,RB2610,3159.0,10880.0,72431.0,0.0
20251222,RB2611,3159.0,86.0,270.0,0.02659069325736052
20251222,RB2612,3166.0,20.0,43.0,0.0
20251223,RB2601,3116.0,84147.0,125877.0,-0.12323491655969132
20251223,RB2602,3084.0,1148.0,10320.0,0.10116731517509692
20251223,RB2603,3110.0,55863.0,397139.0,0.015434083601284954
20251223,RB2604,3114.0,291.0,17772.0,0.053949903660885035
20251223,RB2605,3128.0,849315.0,1580041.0,0.053708439897698135
20251223,RB2606,3142.0,184.0,1177.0,0.015276893698281668
20251223,RB2607,3146.0,15143.0,134018.0,0.04577240940877392
20251223,RB2608,3158.0,110.0,674.0,0.018999366687777908
20251223,RB2609,3163.0,319.0,1637.0,0.022763199494152175
20251223,RB2610,3169.0,16451.0,74566.0,0.015146733985484495
20251223,RB2611,3173.0,67.0,280.0,0.0037819098644806814
20251223,RB2612,3174.0,28.0,52.0,0.0
20251224,RB2601,3121.0,49561.0,108605.0,-0.13072733098365852
20251224,RB2602,3087.0,720.0,10351.0,0.0932944606413999
20251224,RB2603,3111.0,90000.0,384476.0,0.0192864030858253
20251224,RB2604,3116.0,628.0,17800.0,0.07702182284980807
20251224,RB2605,3136.0,837866.0,1597429.0,0.04591836734693899
20251224,RB2606,3148.0,404.0,980.0,0.04193138500635385
20251224,RB2607,3159.0,16000.0,139291.0,0.018993352326686086
20251224,RB2608,3164.0,171.0,616.0,0.02275600505689024
20251224,RB2609,3170.0,348.0,1663.0,0.011356466876971005
20251224,RB2610,3173.0,20180.0,78134.0,0.022691459186889418
20251224,RB2611,3179.0,162.0,317.0,-0.041522491349481605
20251224,RB2612,3168.0,80.0,89.0,0.0
20251225,RB2601,3107.0,59394.0,94983.0,-0.08883167042162876
20251225,RB2602,3084.0,560.0,10428.0,0.058365758754863606
20251225,RB2603,3099.0,49890.0,375598.0,0.027105517909003396
20251225,RB2604,3106.0,579.0,17900.0,0.08113329040566519
20251225,RB2605,3127.0,502388.0,1581839.0,0.0422129836904368
20251225,RB2606,3138.0,107.0,954.0,0.0803059273422555
20251225,RB2607,3159.0,12903.0,144382.0,0.011396011396011652
20251225,RB2608,3162.0,50.0,609.0,0.03415559772296106
20251225,RB2609,3171.0,319.0,1785.0,0.0037842951750244325
20251225,RB2610,3172.0,16913.0,81078.0,0.02648171500630525
20251225,RB2611,3179.0,52.0,333.0,0.0037747719408631752
20251225,RB2612,3180.0,29.0,93.0,0.0
20251226,RB2601,3097.0,50110.0,73426.0,-0.07361963190184007
20251226,RB2602,3078.0,1431.0,10493.0,0.0740740740740744
20251226,RB2603,3097.0,83715.0,361536.0,0.030997739748142905
20251226,RB2604,3105.0,722.0,17914.0,0.050241545893721096
20251226,RB2605,3118.0,1132633.0,1534424.0,0.05772931366260359
20251226,RB2606,3133.0,248.0,1009.0,0.07277369932971567
20251226,RB2607,3152.0,28239.0,141183.0,0.0038071065989848663
20251226,RB2608,3153.0,82.0,610.0,0.03044719314938238
20251226,RB2609,3161.0,390.0,1796.0,0.022777602024675048
20251226,RB2610,3167.0,22550.0,79575.0,0.0075781496684550476
20251226,RB2611,3169.0,169.0,282.0,0.007573366992740915
20251226,RB2612,3171.0,60.0,96.0,0.0
20251229,RB2601,3106.0,38706.0,56405.0,-0.03863490019317384
20251229,RB2602,3096.0,1045.0,10538.0,0.019379844961241233
20251229,RB2603,3101.0,83199.0,354931.0,0.030957755562721623
20251229,RB2604,3109.0,1254.0,18130.0,0.08105500160823365
20251229,RB2605,3130.0,1051146.0,1530792.0,0.05750798722044603
20251229,RB2606,3145.0,212.0,989.0,0.07631160572337059
20251229,RB2607,3165.0,20206.0,145799.0,0.011374407582937174
20251229,RB2608,3168.0,78.0,614.0,0.0037878787878788955
20251229,RB2609,3169.0,779.0,1806.0,0.026506784474598533
20251229,RB2610,3176.0,18509.0,80509.0,0.011335012594457794
20251229,RB2611,3179.0,161.0,270.0,0.03397294746775792
20251229,RB2612,3188.0,144.0,107.0,0.0
20251230,RB2601,3113.0,22951.0,40437.0,-0.03083841953099853
20251230,RB2602,3105.0,1402.0,10610.0,-0.01159420289855051
20251230,RB2603,3102.0,55385.0,343907.0,0.019342359767891892
20251230,RB2604,3107.0,350.0,18119.0,0.10428065658191255
20251230,RB2605,3134.0,635547.0,1560806.0,0.05743458838544946
20251230,RB2606,3149.0,128.0,948.0,0.0647824706255955
20251230,RB2607,3166.0,11524.0,146597.0,0.01137081490840064
20251230,RB2608,3169.0,25.0,622.0,0.018933417481854953
20251230,RB2609,3174.0,346.0,1884.0,0.011342155009450572
20251230,RB2610,3177.0,14364.0,81472.0,0.015108593012275406
20251230,RB2611,3181.0,49.0,262.0,0.04149638478465967
20251230,RB2612,3192.0,38.0,112.0,0.0
20251231,RB2601,3100.0,28379.0,20666.0,0.011612903225806548
20251231,RB2602,3103.0,685.0,10577.0,-0.027070576861101703
20251231,RB2603,3096.0,67043.0,328550.0,0.015503875968991387
20251231,RB2604,3100.0,669.0,18385.0,0.08516129032258046
20251231,RB2605,3122.0,651840.0,1505284.0,0.06918641896220468
20251231,RB2606,3140.0,154.0,1010.0,0.06114649681528661
20251231,RB2607,3156.0,10474.0,147145.0,-0.0038022813688214363
20251231,RB2608,3155.0,107.0,614.0,0.030427892234548004
20251231,RB2609,3163.0,365.0,1890.0,-0.00379386658235914
20251231,RB2610,3162.0,11131.0,82057.0,0.030360531309296945
20251231,RB2611,3170.0,54.0,255.0,0.011356466876971005
20251231,RB2612,3173.0,171.0,125.0,0.0
20260105,RB2601,3088.0,5906.0,16410.0,-0.011658031088082943
20260105,RB2602,3085.0,670.0,10487.0,0.015559157212318375
20260105,RB2603,3089.0,33080.0,328112.0,-0.011654257041113336
20260105,RB2604,3086.0,527.0,18127.0,0.06999351911860074
20260105,RB2605,3104.0,697016.0,1548351.0,0.07345360824742375
20260105,RB2606,3123.0,981.0,1827.0,0.0653218059558105
20260105,RB2607,3140.0,14811.0,150599.0,0.02292993630573381
20260105,RB2608,3146.0,162.0,575.0,0.015257469802925527
20260105,RB2609,3150.0,507.0,1941.0,-0.015238095238095717
20260105,RB2610,3146.0,14879.0,83767.0,0.038143674507311154
20260105,RB2611,3156.0,68.0,256.0,0.034220532319391594
20260105,RB2612,3165.0,48.0,127.0,0.0
20260106,RB2601,3082.0,4920.0,12030.0,0.003893575600258714
20260106,RB2602,3083.0,1036.0,10276.0,0.015569250729809525
20260106,RB2603,3087.0,28418.0,324978.0,0.007774538386782659
20260106,RB2604,3089.0,629.0,18150.0,0.08546455163483202
20260106,RB2605,3111.0,841618.0,1562948.0,0.08100289296046359
20260106,RB2606,3132.0,622.0,2103.0,0.04214559386973171
20260106,RB2607,3143.0,14514.0,152414.0,0.030544066178809892
20260106,RB2608,3151.0,112.0,591.0,0.022849888924151962
20260106,RB2609,3157.0,717.0,2056.0,-0.003801076971808648
20260106,RB2610,3156.0,16472.0,84684.0,0.034220532319391594
20260106,RB2611,3165.0,67.0,283.0,0.026540284360189403
20260106,RB2612,3172.0,41.0,129.0,0.0
20260107,RB2601,3130.0,6030.0,8130.0,0.09201277955271525
20260107,RB2602,3154.0,3248.0,10882.0,0.007609384908052519
20260107,RB2603,3156.0,60769.0,314420.0,0.034220532319391594
20260107,RB2604,3165.0,940.0,18319.0,0.0834123222748806
20260107,RB2605,3187.0,1937222.0,1741383.0,0.052714151239411144
20260107,RB2606,3201.0,562.0,2096.0,0.06747891283973662
20260107,RB2607,3219.0,35780.0,158704.0,0.03727865796831331
20260107,RB2608,3229.0,168.0,577.0,-0.018581604211830527
20260107,RB2609,3224.0,2055.0,2731.0,0.04094292803970312
20260107,RB2610,3235.0,53934.0,96041.0,0.01854714064915086
20260107,RB2611,3240.0,193.0,309.0,0.007407407407407973
20260107,RB2612,3242.0,195.0,183.0,0.0
20260108,RB2601,3127.0,2310.0,6480.0,0.01535017588743326
20260108,RB2602,3131.0,4124.0,9053.0,0.05365697860108476
20260108,RB2603,3145.0,51436.0,288661.0,0.030524642289347703
20260108,RB2604,3153.0,16189.0,3116.0,0.05708848715509163
20260108,RB2605,3168.0,1350602.0,1781802.0,0.05681818181818077
20260108,RB2606,3183.0,2413.0,4143.0,0.0603204524033929
20260108,RB2607,3199.0,30836.0,164441.0,0.022507033447952907
20260108,RB2608,3205.0,138.0,554.0,-0.0037441497659900236
20260108,RB2609,3204.0,2132.0,2944.0,0.033707865168540074
20260108,RB2610,3213.0,45564.0,105988.0,0.0037348272642381275
20260108,RB2611,3214.0,181.0,336.0,0.02986932171748702
20260108,RB2612,3222.0,145.0,242.0,0.0
20260109,RB2601,3089.0,300.0,6210.0,0.07381029459372002
20260109,RB2602,3108.0,1625.0,7889.0,0.04633204633204624
20260109,RB2603,3120.0,28543.0,281604.0,0.019230769230769162
20260109,RB2604,3125.0,1238.0,3266.0,0.07296000000000102
20260109,RB2605,3144.0,1169507.0,1714863.0,0.041984732824426274
20260109,RB2606,3155.0,4622.0,6360.0,0.09889064976228301
20260109,RB2607,3181.0,39445.0,171025.0,0.037723986167872425
20260109,RB2608,3191.0,68.0,546.0,0.0
20260109,RB2609,3191.0,741.0,2919.0,0.01880288310874434
20260109,RB2610,3196.0,36529.0,114023.0,0.015018773466834112
20260109,RB2611,3200.0,66.0,335.0,0.05250000000000021
20260109,RB2612,3214.0,154.0,292.0,0.0
20260112,RB2601,3133.0,150.0,6120.0,-0.06894350462815169
20260112,RB2602,3115.0,4444.0,5538.0,0.09630818619582726
20260112,RB2603,3140.0,25560.0,273739.0,0.019108280254777732
20260112,RB2604,3145.0,1657.0,3668.0,0.07631160572337059
20260112,RB2605,3165.0,957432.0,1726703.0,0.030331753554501795
20260112,RB2606,3173.0,887.0,6398.0,0.0983296564765217
20260112,RB2607,3199.0,54254.0,179149.0,0.007502344482651857
20260112,RB2608,3201.0,69.0,528.0,0.026241799437674906
20260112,RB2609,3208.0,2040.0,3805.0,0.011221945137156908
20260112,RB2610,3211.0,25094.0,115745.0,0.011211460604173773
20260112,RB2611,3214.0,103.0,338.0,0.01866832607342772
20260112,RB2612,3219.0,131.0,275.0,0.0
20260113,RB2601,3134.0,930.0,5460.0,-0.07657945118060017
20260113,RB2602,3114.0,517.0,5540.0,0.06936416184971161
20260113,RB2603,3132.0,13349.0,269337.0,0.03065134099616973
20260113,RB2604,3140.0,978.0,3410.0,0.06878980891719877
20260113,RB2605,3158.0,837879.0,1687943.0,0.0341988600379981
20260113,RB2606,3167.0,485.0,6438.0,0.10230502052415513
20260113,RB2607,3194.0,42571.0,187613.0,0.0187852222917968
20260113,RB2608,3199.0,44.0,533.0,-0.0037511722413259285
20260113,RB2609,3198.0,1288.0,4049.0,0.015009380863040711
20260113,RB2610,3202.0,26425.0,119173.0,0.03372891942535805
20260113,RB2611,3211.0,53.0,338.0,0.0523201494861425
20260113,RB2612,3225.0,251.0,284.0,0.0
20260114,RB2601,3143.0,420.0,5340.0,-0.11835825644288933
20260114,RB2602,3112.0,667.0,5396.0,0.09640102827763375
20260114,RB2603,3137.0,14811.0,262584.0,0.02295186483901901
20260114,RB2604,3143.0,419.0,3277.0,0.0725421571746745
20260114,RB2605,3162.0,764719.0,1691461.0,0.03415559772296106
20260114,RB2606,3171.0,279.0,6490.0,0.11731315042573343
20260114,RB2607,3202.0,41883.0,199701.0,0.01873828856964277
20260114,RB2608,3207.0,25.0,542.0,0.0
20260114,RB2609,3207.0,3403.0,6919.0,0.01122544434050532
20260114,RB2610,3210.0,19033.0,124376.0,0.03738317757009213
20260114,RB2611,3220.0,40.0,338.0,0.03354037267080745
20260114,RB2612,3229.0,110.0,295.0,0.0
20260115,RB2601,3165.0,30.0,5310.0,-0.11374407582938373
20260115,RB2602,3135.0,766.0,5582.0,0.0038277511961712918
20260115,RB2603,3136.0,23283.0,254238.0,0.026785714285713524
20260115,RB2604,3143.0,170.0,3228.0,0.06490614062997135
20260115,RB2605,3160.0,754088.0,1685122.0,0.0455696202531648
20260115,RB2606,3172.0,241.0,6515.0,0.0870113493064304
20260115,RB2607,3195.0,44634.0,214667.0,0.026291079812205354
20260115,RB2608,3202.0,55.0,544.0,-0.014990630855715281
20260115,RB2609,3198.0,11105.0,17068.0,0.030018761726078758
20260115,RB2610,3206.0,19039.0,128047.0,0.03368683718028809
20260115,RB2611,3215.0,39.0,342.0,0.007465007776050747
20260115,RB2612,3217.0,237.0,321.0,0.0
20260116,RB2602,3150.0,1015.0,5573.0,-0.0342857142857147
20260116,RB2603,3141.0,31434.0,247999.0,0.045845272206302745
20260116,RB2604,3153.0,363.0,3201.0,0.038058991436725975
20260116,RB2605,3163.0,1365347.0,1755339.0,0.056907998735377774
20260116,RB2606,3178.0,465.0,6581.0,0.10572687224669686
20260116,RB2607,3206.0,54773.0,224463.0,0.011228945726763584
20260116,RB2608,3209.0,139.0,549.0,0.0
20260116,RB2609,3209.0,1199.0,17174.0,0.011218448114677315
20260116,RB2610,3212.0,27384.0,130974.0,0.018679950186798244
20260116,RB2611,3217.0,70.0,329.0,0.059682934410942856
20260116,RB2612,3233.0,183.0,297.0,0.0003753427609240274
20260116,RB2701,3242.0,377.0,321.0,0.0
20260119,RB2602,3118.0,1384.0,5058.0,-0.0038486209108397063
20260119,RB2603,3117.0,21206.0,239022.0,0.03464870067372594
20260119,RB2604,3126.0,676.0,3305.0,0.05374280230326178
20260119,RB2605,3140.0,1056242.0,1727955.0,0.038216560509555464
20260119,RB2606,3150.0,2120.0,6829.0,0.12571428571428633
20260119,RB2607,3183.0,48579.0,230238.0,0.0
20260119,RB2608,3183.0,128.0,546.0,0.0
20260119,RB2609,3183.0,1418.0,17536.0,0.01885014137605978
20260119,RB2610,3188.0,29341.0,135451.0,0.022584692597240164
20260119,RB2611,3194.0,53.0,331.0,0.06762680025047008
20260119,RB2612,3212.0,225.0,338.0,0.00012593224845031928
20260119,RB2701,3215.0,433.0,608.0,0.0
20260120,RB2602,3068.0,2056.0,4640.0,0.08604954367666107
20260120,RB2603,3090.0,14640.0,231571.0,0.042718446601941906
20260120,RB2604,3101.0,685.0,3372.0,0.038697194453402695
20260120,RB2605,3111.0,936583.0,1741235.0,0.05014464802314311
20260120,RB2606,3124.0,500.0,6794.0,0.0998719590268875
20260120,RB2607,3150.0,48290.0,233873.0,0.03809523809523796
20260120,RB2608,3160.0,87.0,574.0,-0.0151898734177216
20260120,RB2609,3156.0,976.0,17765.0,0.011406844106462977
20260120,RB2610,3159.0,27795.0,135032.0,0.049382716049383824
20260120,RB2611,3172.0,101.0,352.0,0.0416141235813372
20260120,RB2612,3183.0,102.0,363.0,0.00033887894608649195
20260120,RB2701,3191.0,372.0,749.0,0.0
20260121,RB2602,3068.0,740.0,4550.0,0.10951760104302366
20260121,RB2603,3096.0,18368.0,224064.0,0.007751937984497026
20260121,RB2604,3098.0,709.0,3794.0,0.07359586830213072
20260121,RB2605,3117.0,633661.0,1742258.0,0.038498556304137566
20260121,RB2606,3127.0,183.0,6777.0,0.09593859929644921
20260121,RB2607,3152.0,42071.0,236605.0,0.026649746192894064
20260121,RB2608,3159.0,51.0,577.0,0.003798670465337217
20260121,RB2609,3160.0,422.0,17737.0,0.0075949367088608
20260121,RB2610,3162.0,16472.0,134828.0,0.037950664136622514
20260121,RB2611,3172.0,115.0,360.0,0.0832282471626744
20260121,RB2612,3194.0,104.0,412.0,-8.442796535638711e-05
20260121,RB2701,3192.0,246.0,784.0,0.0
20260122,RB2602,3075.0,568.0,4456.0,0.10926829268292604
20260122,RB2603,3103.0,22098.0,211215.0,0.01933612632935855
20260122,RB2604,3108.0,446.0,3873.0,0.061776061776060764
20260122,RB2605,3124.0,615894.0,1747274.0,0.03072983354673564
20260122,RB2606,3132.0,318.0,6801.0,0.10727969348659006
20260122,RB2607,3160.0,41796.0,242690.0,0.0417721518987344
20260122,RB2608,3171.0,38.0,587.0,-0.022705771050141266
20260122,RB2609,3165.0,707.0,18003.0,0.01516587677725223
20260122,RB2610,3169.0,14032.0,136943.0,0.05680025244556752
20260122,RB2611,3184.0,41.0,363.0,0.04522613065326553
20260122,RB2612,3196.0,160.0,421.0,-0.00025312539550842515
20260122,RB2701,3190.0,758.0,1332.0,0.0
20260123,RB2602,3092.0,429.0,4373.0,0.10478654592496639
20260123,RB2603,3119.0,40149.0,178957.0,0.007694773966015589
20260123,RB2604,3121.0,322.0,3879.0,0.0807433514899083
20260123,RB2605,3142.0,657796.0,1741762.0,0.02673456397199292
20260123,RB2606,3149.0,263.0,6820.0,0.11051127342013256
20260123,RB2607,3178.0,47162.0,253917.0,0.01887979861548139
20260123,RB2608,3183.0,67.0,604.0,-0.01885014137605978
20260123,RB2609,3178.0,418.0,17983.0,0.03775959723096278
20260123,RB2610,3188.0,11651.0,138966.0,0.033877038895860245
20260123,RB2611,3197.0,49.0,360.0,0.05630278385986909
20260123,RB2612,3212.0,142.0,375.0,0.00029384191305076486
20260123,RB2701,3219.0,759.0,1742.0,0.0
20260126,RB2602,3077.0,3947.0,2881.0,0.18329541761456003
20260126,RB2603,3124.0,53485.0,138735.0,0.0038412291933429543
20260126,RB2604,3125.0,552.0,3863.0,0.06911999999999985
20260126,RB2605,3143.0,809245.0,1730856.0,0.053452115812916645
20260126,RB2606,3157.0,338.0,6741.0,0.0950269242952162
20260126,RB2607,3182.0,69801.0,268597.0,0.03771213073538604
20260126,RB2608,3192.0,121.0,646.0,-0.01879699248120259
20260126,RB2609,3187.0,1454.0,18187.0,0.022591779102604015
20260126,RB2610,3193.0,37475.0,150653.0,0.03758221108675208
20260126,RB2611,3203.0,209.0,349.0,0.04870433968154941
20260126,RB2612,3216.0,226.0,362.0,0.0001257756163005221
20260126,RB2701,3219.0,1064.0,2208.0,0.0
20260127,RB2602,3058.0,1555.0,1705.0,0.20405493786788842
20260127,RB2603,3110.0,24547.0,125198.0,0.011575562700963715
20260127,RB2604,3113.0,1041.0,3956.0,0.050112431737874275
20260127,RB2605,3126.0,673796.0,1714659.0,0.0499040307101728
20260127,RB2606,3139.0,405.0,6847.0,0.09174896463841975
20260127,RB2607,3163.0,59698.0,278221.0,0.06070186531773558
20260127,RB2608,3179.0,38.0,649.0,-0.041522491349481605
20260127,RB2609,3168.0,1248.0,18529.0,0.022727272727273373
20260127,RB2610,3174.0,24898.0,149019.0,0.041587901701323204
20260127,RB2611,3185.0,38.0,356.0,0.06781789638932434
20260127,RB2612,3203.0,53.0,362.0,-0.00016838146821624691
20260127,RB2701,3199.0,523.0,2347.0,0.0
20260128,RB2602,3049.0,415.0,1417.0,0.24401443096096997
20260128,RB2603,3111.0,22537.0,108256.0,-0.0038572806171650598
20260128,RB2604,3110.0,1063.0,4142.0,0.050160771704178764
20260128,RB2605,3123.0,607256.0,1744406.0,0.038424591738713154
20260128,RB2606,3133.0,526.0,7084.0,0.09958506224066355
20260128,RB2607,3159.0,62907.0,293533.0,0.022792022792023303
20260128,RB2608,3165.0,49.0,657.0,0.0
20260128,RB2609,3165.0,4553.0,17990.0,0.01516587677725223
20260128,RB2610,3169.0,19566.0,149997.0,0.05680025244556752
20260128,RB2611,3184.0,48.0,348.0,0.06783919597989829
20260128,RB2612,3202.0,68.0,373.0,-8.421702727929933e-05
20260128,RB2701,3200.0,533.0,2414.0,0.0
20260129,RB2602,3059.0,657.0,1163.0,0.33736515201046213
20260129,RB2603,3145.0,34374.0,86906.0,-0.02670906200318024
20260129,RB2604,3138.0,1100.0,4087.0,0.07265774378585022
20260129,RB2605,3157.0,1026450.0,1785380.0,0.03420969274627783
20260129,RB2606,3166.0,516.0,7195.0,0.10991787744788262
20260129,RB2607,3195.0,70851.0,304520.0,0.018779342723004966
20260129,RB2608,3200.0,186.0,703.0,-0.02249999999999952
20260129,RB2609,3194.0,1927.0,18110.0,0.033813400125233706
20260129,RB2610,3203.0,40931.0,164580.0,0.04121136434592643
20260129,RB2611,3214.0,57.0,340.0,0.05973864343497137
20260129,RB2612,3230.0,196.0,433.0,-8.348697255365274e-05
20260129,RB2701,3228.0,971.0,2869.0,0.0
20260130,RB2602,2954.0,1077.0,720.0,0.6418415707515237
20260130,RB2603,3112.0,26743.0,74795.0,-0.03856041131105403
20260130,RB2604,3102.0,2291.0,3549.0,0.10058027079303677
20260130,RB2605,3128.0,1218321.0,1734110.0,0.04603580562659726
20260130,RB2606,3140.0,806.0,7182.0,0.08789808917197384
20260130,RB2607,3163.0,76890.0,301150.0,0.045526398988301686
20260130,RB2608,3175.0,94.0,696.0,-0.01133858267716592
20260130,RB2609,3172.0,2508.0,18634.0,0.018915510718790607
20260130,RB2610,3177.0,42202.0,166767.0,0.07932011331444855
20260130,RB2611,3198.0,111.0,314.0,0.04502814258911947
20260130,RB2612,3210.0,422.0,558.0,4.200357030348628e-05
20260130,RB2701,3211.0,1489.0,3564.0,0.0
20260202,RB2602,3018.0,90.0,660.0,0.27435387673956146
20260202,RB2603,3087.0,38376.0,54611.0,-0.0621963070942666
20260202,RB2604,3071.0,933.0,3329.0,0.10550309345490128
20260202,RB2605,3098.0,1134404.0,1784097.0,0.01936733376371791
20260202,RB2606,3103.0,974.0,6946.0,0.10441508217853723
20260202,RB2607,3130.0,69730.0,306002.0,0.05367412140575123
20260202,RB2608,3144.0,137.0,677.0,-0.007633587786259444
20260202,RB2609,3142.0,3474.0,19539.0,0.011457670273711251
20260202,RB2610,3145.0,44778.0,158980.0,0.09157392686804577
20260202,RB2611,3169.0,72.0,315.0,0.07952035342379293
20260202,RB2612,3190.0,320.0,586.0,-0.00042266915571836363
20260202,RB2701,3180.0,733.0,3570.0,0.0
20260203,RB2602,3002.0,60.0,600.0,0.35176548967355004
20260203,RB2603,3090.0,10402.0,50745.0,-0.031067961165048175
20260203,RB2604,3082.0,620.0,3286.0,0.06619078520441146
20260203,RB2605,3099.0,685806.0,1805126.0,0.05421103581800679
20260203,RB2606,3113.0,463.0,6997.0,0.06938644394474736
20260203,RB2607,3131.0,69102.0,313614.0,0.05748961992973367
20260203,RB2608,3146.0,54.0,688.0,-0.003814367450731382
20260203,RB2609,3145.0,3064.0,20586.0,0.02289348171701011
20260203,RB2610,3151.0,30397.0,162721.0,0.06854966677245322
20260203,RB2611,3169.0,97.0,330.0,0.07573366992742248
20260203,RB2612,3189.0,222.0,599.0,-0.00029596118680436036
20260203,RB2701,3182.0,646.0,3661.0,0.0
20260204,RB2602,3007.0,0.0,600.0,0.35916195543731355
20260204,RB2603,3097.0,10379.0,47999.0,-0.019373587342589982
20260204,RB2604,3092.0,263.0,3224.0,0.0698576972833127
20260204,RB2605,3110.0,614090.0,1798227.0,0.03858520900321505
20260204,RB2606,3120.0,751.0,7488.0,0.09230769230769198
20260204,RB2607,3144.0,59580.0,323050.0,0.041984732824426274
20260204,RB2608,3155.0,109.0,737.0,-0.007606973058637667
20260204,RB2609,3153.0,4885.0,23383.0,0.02664129400570925
20260204,RB2610,3160.0,15708.0,165576.0,0.0797468354430384
20260204,RB2611,3181.0,25.0,316.0,0.06790317510217037
20260204,RB2612,3199.0,104.0,610.0,-0.00033718402169217337
20260204,RB2701,3191.0,676.0,3936.0,0.0
20260205,RB2602,3007.0,0.0,600.0,0.3511805786498172
20260205,RB2603,3095.0,14387.0,42269.0,-0.03877221324717306
20260205,RB2604,3085.0,315.0,3238.0,0.062236628849270836
20260205,RB2605,3101.0,681405.0,1847671.0,0.03482747500806216
20260205,RB2606,3110.0,264.0,7494.0,0.09260450160771772
20260205,RB2607,3134.0,73221.0,335697.0,0.03828972559029875
20260205,RB2608,3144.0,100.0,760.0,0.0
20260205,RB2609,3144.0,2234.0,23452.0,0.007633587786260776
20260205,RB2610,3146.0,33255.0,165021.0,0.08010171646535369
20260205,RB2611,3167.0,32.0,320.0,0.09851594568992628
20260205,RB2612,3193.0,69.0,623.0,-0.00033781762774608913
20260205,RB2701,3185.0,810.0,4213.0,0.0
20260206,RB2602,3007.0,0.0,600.0,0.24742268041237025
20260206,RB2603,3069.0,17068.0,36756.0,-0.015640273704789376
20260206,RB2604,3065.0,391.0,3136.0,0.04698205546492762
20260206,RB2605,3077.0,723307.0,1915253.0,0.042898927526811015
20260206,RB2606,3088.0,649.0,7497.0,0.08549222797927492
20260206,RB2607,3110.0,60159.0,345835.0,0.057877813504823905
20260206,RB2608,3125.0,138.0,771.0,-0.03072000000000008
20260206,RB2609,3117.0,2480.0,24046.0,0.02694898941289736
20260206,RB2610,3124.0,21334.0,168247.0,0.11523687580025666
20260206,RB2611,3154.0,29.0,318.0,0.06848446417248066
20260206,RB2612,3172.0,38.0,628.0,-0.0005950947192428146
20260206,RB2701,3158.0,1495.0,5162.0,0.0
20260209,RB2602,2940.0,330.0,570.0,0.4897959183673475
20260209,RB2603,3060.0,11607.0,33580.0,-0.04313725490196063
20260209,RB2604,3049.0,174.0,3127.0,0.05903574942604095
20260209,RB2605,3064.0,665539.0,2005501.0,0.04699738903394213
20260209,RB2606,3076.0,287.0,7528.0,0.07022106631989544
20260209,RB2607,3094.0,60792.0,353316.0,0.04266321913380722
20260209,RB2608,3105.0,266.0,861.0,0.0
20260209,RB2609,3105.0,2004.0,24141.0,0.019323671497584627
20260209,RB2610,3110.0,22513.0,171302.0,0.10418006430868143
20260209,RB2611,3137.0,77.0,326.0,0.06503028371055208
20260209,RB2612,3154.0,92.0,652.0,-0.0003847441807442734
20260209,RB2701,3145.0,541.0,5360.0,0.0
20260210,RB2602,2940.0,90.0,540.0,0.38367346938775526
20260210,RB2603,3034.0,13364.0,31748.0,0.031641397495055124
20260210,RB2604,3042.0,224.0,3232.0,0.03944773175542515
20260210,RB2605,3052.0,528327.0,2065537.0,0.03538663171690626
20260210,RB2606,3061.0,246.0,7514.0,0.08624632473048077
20260210,RB2607,3083.0,54023.0,351956.0,0.05060006487187696
20260210,RB2608,3096.0,107.0,855.0,-0.0193798449612399
20260210,RB2609,3091.0,1821.0,24286.0,0.02329343254610272
20260210,RB2610,3097.0,23960.0,177223.0,0.08911850177591152
20260210,RB2611,3120.0,97.0,327.0,0.09999999999999964
20260210,RB2612,3146.0,67.0,665.0,-0.0005571547961742019
20260210,RB2701,3133.0,886.0,5701.0,0.0
20260211,RB2602,2940.0,0.0,540.0,0.46530612244897984
20260211,RB2603,3054.0,8787.0,31186.0,-0.05500982318271186
20260211,RB2604,3040.0,466.0,3167.0,0.05526315789473735
20260211,RB2605,3054.0,557284.0,2063660.0,0.05500982318271053
20260211,RB2606,3068.0,1085.0,7479.0,0.0743155149934811
20260211,RB2607,3087.0,49102.0,349236.0,0.04664723032069862
20260211,RB2608,3099.0,96.0,849.0,-0.0038722168441429616
20260211,RB2609,3098.0,1808.0,24677.0,0.01936733376371791
20260211,RB2610,3103.0,21766.0,180592.0,0.08507895584917868
20260211,RB2611,3125.0,54.0,334.0,0.06911999999999985
20260211,RB2612,3143.0,176.0,694.0,-0.0004718886628748682
20260211,RB2701,3132.0,1631.0,6694.0,0.0
20260212,RB2602,2900.0,60.0,540.0,0.6786206896551716
20260212,RB2603,3064.0,12495.0,26745.0,-0.09791122715404699
20260212,RB2604,3039.0,257.0,3077.0,0.0434353405725556
20260212,RB2605,3050.0,444164.0,2029537.0,0.04327868852459016
20260212,RB2606,3061.0,612.0,7446.0,0.09800718719372803
20260212,RB2607,3086.0,74213.0,325644.0,0.02333117303953447
20260212,RB2608,3092.0,113.0,859.0,0.0077619663648125226
20260212,RB2609,3094.0,1414.0,24612.0,0.007756948933419494
20260212,RB2610,3096.0,26295.0,182992.0,0.08914728682170647
20260212,RB2611,3119.0,39.0,339.0,0.08848990060916861
20260212,RB2612,3142.0,105.0,690.0,-0.0005149514729757716
20260212,RB2701,3130.0,897.0,6781.0,0.0
20260213,RB2602,2900.0,0.0,540.0,0.6579310344827585
20260213,RB2603,3059.0,12725.0,24082.0,-0.011768551814317796
20260213,RB2604,3056.0,525.0,2815.0,-0.003926701570680091
20260213,RB2605,3055.0,555957.0,1942442.0,0.04320785597381338
20260213,RB2606,3066.0,252.0,7448.0,0.08610567514677037
20260213,RB2607,3088.0,77320.0,325687.0,0.011658031088082943
20260213,RB2608,3091.0,45.0,836.0,0.003882238757684675
20260213,RB2609,3092.0,2446.0,24939.0,0.011642949547218784
20260213,RB2610,3095.0,30571.0,184048.0,0.09693053311793332
20260213,RB2611,3120.0,36.0,325.0,0.038461538461538325
20260213,RB2612,3130.0,50.0,695.0,0.0
20260213,RB2701,3130.0,1180.0,7138.0,0.0
20260224,RB2602,2900.0,0.0,540.0,0.5793103448275874
20260224,RB2603,3040.0,9836.0,20473.0,-0.04342105263157858
20260224,RB2604,3029.0,758.0,3068.0,-0.007923407065038024
20260224,RB2605,3027.0,746349.0,2034509.0,0.07135777998017723
20260224,RB2606,3045.0,2708.0,7606.0,0.043349753694581494
20260224,RB2607,3056.0,70687.0,333343.0,0.04712041884816642
20260224,RB2608,3068.0,59.0,846.0,0.0
20260224,RB2609,3068.0,4138.0,26032.0,0.01564537157757595
20260224,RB2610,3072.0,36077.0,193411.0,0.07421874999999911
20260224,RB2611,3091.0,59.0,330.0,0.0698802976383055
20260224,RB2612,3109.0,158.0,743.0,-0.0002168405607496923
20260224,RB2701,3104.0,1006.0,7362.0,0.0
20260225,RB2603,3088.0,7455.0,17366.0,-0.058290155440414715
20260225,RB2604,3073.0,557.0,2955.0,0.011714936544094279
20260225,RB2605,3076.0,1150036.0,1988709.0,0.05461638491547571
20260225,RB2606,3090.0,1581.0,7543.0,0.02718446601941782
20260225,RB2607,3097.0,90729.0,343776.0,0.05037132709073422
20260225,RB2608,3110.0,169.0,895.0,0.0
20260225,RB2609,3110.0,4702.0,27164.0,0.011575562700963715
20260225,RB2610,3113.0,60594.0,211718.0,0.0809508512688728
20260225,RB2611,3134.0,62.0,343.0,0.03828972559029875
20260225,RB2612,3144.0,234.0,759.0,-0.00017154129856762797
20260225,RB2701,3140.0,3184.0,8924.0,0.034394904458599385
20260225,RB2702,3149.0,49.0,30.0,0.0
20260226,RB2603,3080.0,8437.0,10416.0,-0.06623376623376576
20260226,RB2604,3063.0,722.0,3004.0,0.0
20260226,RB2605,3063.0,692924.0,1952420.0,0.04701273261508376
20260226,RB2606,3075.0,1782.0,7719.0,0.035121951219512226
20260226,RB2607,3084.0,55888.0,348452.0,-0.0038910505836575737
20260226,RB2608,3083.0,47.0,885.0,0.05060006487187696
20260226,RB2609,3096.0,4411.0,27488.0,0.0038759689922471807
20260226,RB2610,3097.0,37831.0,219306.0,0.08911850177591152
20260226,RB2611,3120.0,210.0,383.0,0.053846153846153655
20260226,RB2612,3134.0,67.0,766.0,-0.00047324379943067664
20260226,RB2701,3123.0,1881.0,9591.0,0.026897214217100007
20260226,RB2702,3130.0,20.0,35.0,0.0
20260227,RB2603,3050.0,9297.0,4235.0,0.07081967213114826
20260227,RB2604,3068.0,459.0,3217.0,-0.0039113428943933215
20260227,RB2605,3067.0,595003.0,1948194.0,0.04695141832409533
20260227,RB2606,3079.0,781.0,7863.0,0.03897369275738871
20260227,RB2607,3089.0,54768.0,355454.0,0.023308514082226672
20260227,RB2608,3095.0,63.0,912.0,0.01550888529887029
20260227,RB2609,3099.0,3975.0,27339.0,0.0038722168441429616
20260227,RB2610,3100.0,45487.0,226846.0,0.065806451612902
20260227,RB2611,3117.0,114.0,410.0,0.050048123195380434
20260227,RB2612,3130.0,88.0,721.0,-0.000258462863912129
20260227,RB2701,3124.0,1211.0,9938.0,0.038412291933418885
20260227,RB2702,3134.0,24.0,50.0,0.0
20260302,RB2603,3068.0,1355.0,3270.0,-0.019556714471969272
20260302,RB2604,3063.0,814.0,3384.0,0.015670910871695476
20260302,RB2605,3067.0,1029503.0,1903813.0,0.05477665471144366
20260302,RB2606,3081.0,1157.0,7749.0,0.03894839337877265
20260302,RB2607,3091.0,82621.0,365665.0,0.027175671303784732
20260302,RB2608,3098.0,591.0,1425.0,0.02324080051646149
20260302,RB2609,3104.0,6681.0,28117.0,0.0038659793814446175
20260302,RB2610,3105.0,96767.0,247794.0,0.07342995169082212
20260302,RB2611,3124.0,301.0,427.0,0.07298335467349482
20260302,RB2612,3143.0,167.0,705.0,-0.000514787632227133
20260302,RB2701,3131.0,2824.0,10630.0,0.06515490258703416
20260302,RB2702,3148.0,211.0,112.0,0.0
20260303,RB2603,3085.0,570.0,2820.0,-0.07390599675850895
20260303,RB2604,3066.0,320.0,3353.0,0.03131115459882583
20260303,RB2605,3074.0,788272.0,1881888.0,0.050748210800260374
20260303,RB2606,3087.0,701.0,7714.0,0.04664723032069862
20260303,RB2607,3099.0,69911.0,370791.0,0.023233301064860434
20260303,RB2608,3105.0,98.0,1431.0,0.019323671497584627
20260303,RB2609,3110.0,5654.0,28556.0,-0.019292604501607524
20260303,RB2610,3105.0,62675.0,263373.0,0.09275362318840674
20260303,RB2611,3129.0,315.0,468.0,0.061361457334612624
20260303,RB2612,3145.0,84.0,718.0,-0.0005573319519122512
20260303,RB2701,3132.0,2004.0,10967.0,0.003831417624521549
20260303,RB2702,3133.0,105.0,101.0,0.0
20260304,RB2603,3079.0,180.0,2730.0,-0.03897369275738871
20260304,RB2604,3069.0,556.0,3166.0,0.007820136852394022
20260304,RB2605,3071.0,710699.0,1839511.0,0.03907521979811257
20260304,RB2606,3081.0,711.0,7664.0,0.05452775073028171
20260304,RB2607,3095.0,64695.0,373657.0,0.0426494345718913
20260304,RB2608,3106.0,1196.0,2422.0,-0.011590470057952551
20260304,RB2609,3103.0,5746.0,28980.0,-0.011601675797615396
20260304,RB2610,3100.0,45242.0,268925.0,0.09677419354838701
20260304,RB2611,3125.0,165.0,475.0,0.08064000000000071
20260304,RB2612,3146.0,101.0,724.0,-0.0006428709186625475
20260304,RB2701,3131.0,1327.0,11406.0,0.03066113062919129
20260304,RB2702,3139.0,36.0,99.0,0.0
20260305,RB2603,3093.0,390.0,2640.0,-0.0775945683802135
20260305,RB2604,3073.0,516.0,3213.0,0.0078099576960628525
20260305,RB2605,3075.0,806140.0,1837275.0,0.035121951219512226
20260305,RB2606,3084.0,788.0,7687.0,0.05058365758754846
20260305,RB2607,3097.0,71229.0,378233.0,0.038747174685179964
20260305,RB2608,3107.0,456.0,2676.0,0.011586739620212505
20260305,RB2609,3110.0,7857.0,30112.0,-0.023151125401928763
20260305,RB2610,3104.0,51743.0,279888.0,0.0773195876288657
20260305,RB2611,3124.0,303.0,536.0,0.07298335467349482
20260305,RB2612,3143.0,120.0,712.0,-0.0004718886628748682
20260305,RB2701,3132.0,1812.0,11913.0,0.04597701149425326
20260305,RB2702,3144.0,35.0,102.0,0.0
20260306,RB2603,3098.0,120.0,2580.0,-0.03873466752743715
20260306,RB2604,3088.0,594.0,3335.0,0.0
20260306,RB2605,3088.0,704303.0,1798732.0,0.031088082901554515
20260306,RB2606,3096.0,704.0,7528.0,0.058139534883721034
20260306,RB2607,3111.0,73544.0,383353.0,0.030858244937320478
20260306,RB2608,3119.0,66.0,2663.0,-0.0038473869830077945
20260306,RB2609,3118.0,5908.0,30572.0,-0.011545862732520451
20260306,RB2610,3115.0,56063.0,293188.0,0.07704654895666074
20260306,RB2611,3135.0,714.0,694.0,0.07655502392344449
20260306,RB2612,3155.0,71.0,718.0,-0.0005983012518029177
20260306,RB2701,3141.0,2987.0,13063.0,0.034383954154727725
20260306,RB2702,3150.0,23.0,115.0,0.0
20260309,RB2603,3110.0,660.0,2100.0,0.03472668810289381
20260309,RB2604,3119.0,742.0,3368.0,0.0
20260309,RB2605,3119.0,1576431.0,1740832.0,0.023084321898044102
20260309,RB2606,3125.0,2399.0,7526.0,0.07296000000000102
20260309,RB2607,3144.0,131811.0,381788.0,0.03816793893129855
20260309,RB2608,3154.0,375.0,2699.0,-0.01902346227013263
20260309,RB2609,3149.0,17498.0,29972.0,-0.007621467132422843
20260309,RB2610,3147.0,145991.0,317786.0,0.06863679694947589
20260309,RB2611,3165.0,485.0,632.0,0.0568720379146912
20260309,RB2612,3180.0,245.0,709.0,-0.00025439898240407034
20260309,RB2701,3174.0,5614.0,14123.0,0.06805293005671142
20260309,RB2702,3192.0,256.0,214.0,0.0
20260310,RB2603,3115.0,150.0,2070.0,-0.034670947030497334
20260310,RB2604,3106.0,598.0,3315.0,-0.007726980038635034
20260310,RB2605,3104.0,795516.0,1731363.0,0.0347938144329909
20260310,RB2606,3113.0,912.0,7520.0,0.05782203662062191
20260310,RB2607,3128.0,68335.0,387824.0,0.023017902813299962
20260310,RB2608,3134.0,243.0,2613.0,-0.022973835354179517
20260310,RB2609,3128.0,11528.0,34722.0,0.015345268542199086
20260310,RB2610,3132.0,81608.0,323391.0,0.07662835249042033
20260310,RB2611,3152.0,592.0,815.0,0.07614213197969466
20260310,RB2612,3172.0,83.0,695.0,-0.00042506765660200617
20260310,RB2701,3162.0,3240.0,14430.0,0.02277039848197404
20260310,RB2702,3168.0,168.0,200.0,0.0
20260311,RB2603,3115.0,240.0,2070.0,-0.015409309791332149
20260311,RB2604,3111.0,139.0,3267.0,0.015429122468660239
20260311,RB2605,3115.0,534162.0,1722422.0,0.026966292134832592
20260311,RB2606,3122.0,800.0,7535.0,0.06918641896220468
20260311,RB2607,3140.0,58612.0,405817.0,0.02292993630573381
20260311,RB2608,3146.0,180.0,2690.0,-0.015257469802924195
20260311,RB2609,3142.0,20786.0,48774.0,0.007638446849140834
20260311,RB2610,3144.0,55372.0,335396.0,0.06488549618320594
20260311,RB2611,3161.0,458.0,714.0,0.056944005061690284
20260311,RB2612,3176.0,33.0,703.0,-0.00025471938414513393
20260311,RB2701,3170.0,3731.0,15256.0,0.03406940063091568
20260311,RB2702,3179.0,39.0,207.0,0.0
20260312,RB2603,3129.0,30.0,2070.0,-0.003835091083413289
20260312,RB2604,3128.0,845.0,3448.0,-0.030690537084399505
20260312,RB2605,3120.0,765830.0,1676246.0,0.026923076923076827
20260312,RB2606,3127.0,1793.0,7566.0,0.05372561560601241
20260312,RB2607,3141.0,58845.0,410814.0,0.034383954154727725
20260312,RB2608,3150.0,148.0,2632.0,0.0
20260312,RB2609,3150.0,12542.0,54992.0,-0.003809523809523263
20260312,RB2610,3149.0,89466.0,355732.0,0.049539536360749814
20260312,RB2611,3162.0,214.0,672.0,0.05692599620493244
20260312,RB2612,3177.0,87.0,696.0,-0.00012731960403602872
20260312,RB2701,3174.0,2397.0,15559.0,0.030245746691872633
20260312,RB2702,3182.0,134.0,204.0,0.0
20260313,RB2603,3158.0,360.0,1890.0,-0.06839772007599754
20260313,RB2604,3140.0,473.0,3398.0,0.007643312101912159
20260313,RB2605,3142.0,919808.0,1626779.0,0.011457670273711251
20260313,RB2606,3145.0,1301.0,7394.0,0.0648648648648642
20260313,RB2607,3162.0,46938.0,409976.0,0.018975332068309925
20260313,RB2608,3167.0,122.0,2646.0,0.0
20260313,RB2609,3167.0,5581.0,54945.0,-0.00757814966845638
20260313,RB2610,3165.0,109155.0,370565.0,0.0568720379146912
20260313,RB2611,3180.0,269.0,656.0,0.060377358490566024
20260313,RB2612,3196.0,209.0,674.0,-0.00012656269775421258
20260313,RB2701,3193.0,3646.0,15889.0,0.0300657688694006
20260313,RB2702,3201.0,109.0,219.0,0.0
20260316,RB2603,3159.0,90.0,1890.0,-0.06837606837606858
20260316,RB2604,3141.0,491.0,3360.0,-0.0038204393505250067
20260316,RB2605,3140.0,735893.0,1574064.0,0.0038216560509560793
20260316,RB2606,3141.0,622.0,7368.0,0.05348615090735542
20260316,RB2607,3155.0,44059.0,404717.0,0.01901743264659217
20260316,RB2608,3160.0,63.0,2658.0,0.0151898734177216
20260316,RB2609,3164.0,5296.0,55134.0,0.0037926675094821505
20260316,RB2610,3165.0,108084.0,386362.0,0.045497630331754024
20260316,RB2611,3177.0,241.0,668.0,0.05288007554296392
20260316,RB2612,3191.0,50.0,653.0,0.00021126834953645325
20260316,RB2701,3196.0,3115.0,16813.0,0.030037546933668224
20260316,RB2702,3204.0,118.0,269.0,0.0
20260317,RB2604,3153.0,557.0,3372.0,-0.019029495718362988
20260317,RB2605,3148.0,592481.0,1549534.0,0.0038119440914874403
20260317,RB2606,3149.0,636.0,7437.0,0.030485868529691373
20260317,RB2607,3157.0,33555.0,404279.0,0.011403230915425944
20260317,RB2608,3160.0,56.0,2629.0,0.0113924050632912
20260317,RB2609,3163.0,5925.0,57428.0,0.018969332911791703
20260317,RB2610,3168.0,99616.0,407719.0,0.05303030303030187
20260317,RB2611,3182.0,252.0,638.0,0.049025769956002385
20260317,RB2612,3195.0,31.0,647.0,8.440154032812418e-05
20260317,RB2701,3197.0,1931.0,17250.0,0.030028151391928937
20260317,RB2702,3205.0,66.0,280.0,-0.014976599063962759
20260317,RB2703,3201.0,25.0,21.0,0.0
20260318,RB2604,3139.0,947.0,2999.0,0.003822873526601711
20260318,RB2605,3140.0,860500.0,1514911.0,0.011464968152865573
20260318,RB2606,3143.0,951.0,7459.0,0.03436207445116146
20260318,RB2607,3152.0,73237.0,414283.0,0.03045685279187893
20260318,RB2608,3160.0,109.0,2605.0,-0.0037974683544304
20260318,RB2609,3159.0,23245.0,71427.0,0.022792022792023303
20260318,RB2610,3165.0,154799.0,442061.0,0.06066350710900359
20260318,RB2611,3181.0,202.0,627.0,0.06035837786859588
20260318,RB2612,3197.0,323.0,539.0,-4.2174369932488206e-05
20260318,RB2701,3196.0,2405.0,17620.0,0.030037546933668224
20260318,RB2702,3204.0,109.0,257.0,0.04119850187265861
20260318,RB2703,3215.0,11.0,26.0,0.0
20260319,RB2604,3130.0,659.0,2735.0,0.01916932907348201
20260319,RB2605,3135.0,648797.0,1449246.0,0.030622009569378328
20260319,RB2606,3143.0,784.0,7288.0,0.0419980909958646
20260319,RB2607,3154.0,38727.0,415070.0,0.007609384908052519
20260319,RB2608,3156.0,55.0,2580.0,0.022813688212928618
20260319,RB2609,3162.0,5668.0,71541.0,0.003795066413661452
20260319,RB2610,3163.0,119264.0,458153.0,0.056907998735377774
20260319,RB2611,3178.0,326.0,658.0,0.04153555695405853
20260319,RB2612,3189.0,38.0,532.0,4.228016954347792e-05
20260319,RB2701,3190.0,3257.0,18320.0,0.04137931034482634
20260319,RB2702,3201.0,61.0,263.0,0.02999062792877094
20260319,RB2703,3209.0,29.0,42.0,0.0
20260320,RB2604,3120.0,291.0,2657.0,0.011538461538461497
20260320,RB2605,3123.0,724139.0,1387220.0,0.019212295869355245
20260320,RB2606,3128.0,738.0,7213.0,0.03452685421994861
20260320,RB2607,3137.0,45929.0,414208.0,0.03060248645202357
20260320,RB2608,3145.0,67.0,2561.0,0.011446740858506388
20260320,RB2609,3148.0,6355.0,71616.0,0.011435832274459656
20260320,RB2610,3151.0,158210.0,486030.0,0.05712472231037857
20260320,RB2611,3166.0,458.0,695.0,0.06822488945041183
20260320,RB2612,3184.0,81.0,546.0,-4.234656428208383e-05
20260320,RB2701,3183.0,2649.0,18860.0,0.03393025447690867
20260320,RB2702,3192.0,39.0,256.0,0.011278195488722886
20260320,RB2703,3195.0,22.0,51.0,0.0
20260323,RB2604,3152.0,616.0,2682.0,0.0076142131979697325
20260323,RB2605,3154.0,1011355.0,1351388.0,0.007609384908052519
20260323,RB2606,3156.0,1278.0,7184.0,0.03041825095057149
20260323,RB2607,3164.0,56017.0,414994.0,0.037926675094816176
20260323,RB2608,3174.0,147.0,2512.0,0.030245746691872633
20260323,RB2609,3182.0,12539.0,71131.0,0.0
20260323,RB2610,3182.0,246586.0,545182.0,0.04148334380892571
20260323,RB2611,3193.0,761.0,671.0,0.03758221108675208
20260323,RB2612,3203.0,290.0,586.0,0.0002525722023243703
20260323,RB2701,3209.0,4506.0,20213.0,0.037394827048924384
20260323,RB2702,3219.0,138.0,213.0,0.05591798695246997
20260323,RB2703,3234.0,149.0,125.0,0.0
20260324,RB2604,3141.0,338.0,2700.0,0.015281757402100027
20260324,RB2605,3145.0,618964.0,1263489.0,0.015262321144675184
20260324,RB2606,3149.0,671.0,7203.0,0.030485868529691373
20260324,RB2607,3157.0,39401.0,414041.0,0.03420969274627783
20260324,RB2608,3166.0,168.0,2497.0,0.015161086544535074
20260324,RB2609,3170.0,12185.0,71953.0,0.011356466876971005
20260324,RB2610,3173.0,168107.0,576982.0,0.060510557831704226
20260324,RB2611,3189.0,321.0,692.0,0.022577610536217207
20260324,RB2612,3195.0,49.0,581.0,4.220077016406209e-05
20260324,RB2701,3196.0,4207.0,20808.0,0.03754693366708395
20260324,RB2702,3206.0,18.0,208.0,0.0823456019962574
20260324,RB2703,3228.0,90.0,117.0,0.0
20260325,RB2604,3109.0,1978.0,2860.0,0.08877452557092269
20260325,RB2605,3132.0,593608.0,1207317.0,0.01915708812260508
20260325,RB2606,3137.0,957.0,7389.0,0.045903729678035354
20260325,RB2607,3149.0,31380.0,415032.0,0.02286440139726853
20260325,RB2608,3155.0,48.0,2483.0,0.01901743264659217
20260325,RB2609,3160.0,11548.0,72110.0,0.0075949367088608
20260325,RB2610,3162.0,157584.0,603335.0,0.05313092979127099
20260325,RB2611,3176.0,342.0,730.0,0.034005037783376046
20260325,RB2612,3185.0,83.0,556.0,-4.2333268657512486e-05
20260325,RB2701,3184.0,2493.0,21475.0,0.04899497487437099
20260325,RB2702,3197.0,20.0,211.0,0.04128870816390329
20260325,RB2703,3208.0,19.0,119.0,0.0
20260326,RB2604,3109.0,1569.0,1780.0,0.0733354776455446
20260326,RB2605,3128.0,406440.0,1167209.0,0.0268542199488504
20260326,RB2606,3135.0,461.0,7414.0,0.03444976076554962
20260326,RB2607,3144.0,26925.0,413559.0,0.03816793893129855
20260326,RB2608,3154.0,37.0,2483.0,0.0038046924540262594
20260326,RB2609,3155.0,15921.0,75223.0,0.011410459587955835
20260326,RB2610,3158.0,102065.0,618049.0,0.04939835338822096
20260326,RB2611,3171.0,211.0,709.0,0.049195837275306964
20260326,RB2612,3184.0,19.0,556.0,-0.00021173282141041913
20260326,RB2701,3179.0,2154.0,22308.0,0.04907203523120529
20260326,RB2702,3192.0,20.0,206.0,0.07518796992481303
20260326,RB2703,3212.0,37.0,117.0,0.0
20260327,RB2604,3104.0,452.0,1644.0,0.0773195876288657
20260327,RB2605,3124.0,517368.0,1076159.0,0.007682458386683244
20260327,RB2606,3126.0,526.0,7541.0,0.03838771593090318
20260327,RB2607,3136.0,45189.0,408327.0,0.030612244897960217
20260327,RB2608,3144.0,98.0,2499.0,0.019083969465649275
20260327,RB2609,3149.0,23654.0,73001.0,0.007621467132422843
20260327,RB2610,3151.0,196294.0,676848.0,0.04950809266899281
20260327,RB2611,3164.0,495.0,745.0,0.04930467762326263
20260327,RB2612,3177.0,70.0,563.0,-0.00016975947204803828
20260327,RB2701,3173.0,3953.0,23667.0,0.03781909864481481
20260327,RB2702,3183.0,24.0,207.0,0.07540056550424179
20260327,RB2703,3203.0,21.0,119.0,0.0
20260330,RB2604,3126.0,357.0,1463.0,0.0499040307101728
20260330,RB2605,3139.0,616755.0,976441.0,0.01529149410640418
20260330,RB2606,3143.0,847.0,7463.0,0.0419980909958646
20260330,RB2607,3154.0,71980.0,384291.0,0.034242232086239
20260330,RB2608,3163.0,62.0,2494.0,0.011381599747076088
20260330,RB2609,3166.0,50322.0,60328.0,0.007580543272268869
20260330,RB2610,3168.0,274770.0,759497.0,0.05303030303030187
20260330,RB2611,3182.0,277.0,784.0,0.02262727844123269
20260330,RB2612,3188.0,94.0,523.0,0.0
20260330,RB2701,3188.0,6421.0,26278.0,0.04516938519448033
20260330,RB2702,3200.0,21.0,204.0,0.05624999999999947
20260330,RB2703,3215.0,26.0,130.0,0.0
20260331,RB2604,3180.0,588.0,1291.0,-0.22264150943396288
20260331,RB2605,3121.0,477403.0,901052.0,0.00768984299903952
20260331,RB2606,3123.0,804.0,7530.0,0.030739673390971056
20260331,RB2607,3131.0,87474.0,371555.0,0.038326413286489114
20260331,RB2608,3141.0,68.0,2500.0,0.03056351480420272
20260331,RB2609,3149.0,33524.0,64354.0,-0.011432200698634265
20260331,RB2610,3146.0,257707.0,817555.0,0.06102987921169678
20260331,RB2611,3162.0,308.0,797.0,0.01138519924098702
20260331,RB2612,3165.0,74.0,496.0,0.0001278023323925525
20260331,RB2701,3168.0,3660.0,25500.0,0.05303030303030187
20260331,RB2702,3182.0,24.0,200.0,0.045254556882462715
20260331,RB2703,3194.0,14.0,130.0,0.0
20260401,RB2604,3120.0,451.0,1140.0,0.0
20260401,RB2605,3120.0,426930.0,870166.0,0.019230769230769162
20260401,RB2606,3125.0,999.0,7558.0,0.04608000000000079
20260401,RB2607,3137.0,88444.0,364202.0,0.034427797258528514
20260401,RB2608,3146.0,901.0,1653.0,0.015257469802925527
20260401,RB2609,3150.0,28310.0,73157.0,-0.003809523809523263
20260401,RB2610,3149.0,272795.0,856191.0,0.0647824706255955
20260401,RB2611,3166.0,223.0,806.0,0.026531901452938378
20260401,RB2612,3173.0,23.0,498.0,8.49867385276857e-05
20260401,RB2701,3175.0,3428.0,26485.0,0.041574803149605266
20260401,RB2702,3186.0,17.0,193.0,0.026365348399245647
20260401,RB2703,3193.0,21.0,129.0,0.0
20260402,RB2604,3100.0,60.0,1140.0,0.023225806451613096
20260402,RB2605,3106.0,631229.0,821053.0,0.011590470057952551
20260402,RB2606,3109.0,1468.0,7766.0,0.050176905757477464
20260402,RB2607,3122.0,63632.0,367402.0,0.023062139654069114
20260402,RB2608,3128.0,107.0,1660.0,0.0268542199488504
20260402,RB2609,3135.0,27062.0,89527.0,0.007655502392345248
20260402,RB2610,3137.0,454583.0,944109.0,0.0497290404845403
20260402,RB2611,3150.0,498.0,834.0,0.0685714285714294
20260402,RB2612,3168.0,374.0,479.0,-0.000383043922369761
20260402,RB2701,3159.0,4976.0,27101.0,0.04178537511870939
20260402,RB2702,3170.0,24.0,194.0,0.052996845425868244
20260402,RB2703,3184.0,84.0,143.0,0.0
20260403,RB2604,3091.0,0.0,1140.0,0.02329343254610272
20260403,RB2605,3097.0,336335.0,761769.0,0.02324830481110851
20260403,RB2606,3103.0,956.0,7966.0,0.046406703190461585
20260403,RB2607,3115.0,64993.0,377605.0,0.0
20260403,RB2608,3115.0,57.0,1647.0,0.030818619582664297
20260403,RB2609,3123.0,15586.0,97725.0,0.003842459173871049
20260403,RB2610,3124.0,316343.0,1039413.0,0.06530089628681157
20260403,RB2611,3141.0,377.0,852.0,0.04202483285577774
20260403,RB2612,3152.0,192.0,490.0,-0.0001283294359208382
20260403,RB2701,3149.0,5310.0,28314.0,0.0647824706255955
20260403,RB2702,3166.0,29.0,204.0,0.06064434617814296
20260403,RB2703,3182.0,32.0,163.0,0.0
20260407,RB2604,3082.0,30.0,1140.0,0.03504218040233642
20260407,RB2605,3091.0,214689.0,727786.0,0.019411193788418046
20260407,RB2606,3096.0,711.0,7963.0,0.0387596899224798
20260407,RB2607,3106.0,46427.0,379179.0,0.02704443013522262
20260407,RB2608,3113.0,69.0,1615.0,0.003854802441375149
20260407,RB2609,3114.0,13340.0,102720.0,0.003853564547206645
20260407,RB2610,3115.0,267435.0,1112918.0,0.06548956661316296
20260407,RB2611,3132.0,278.0,907.0,0.04980842911877481
20260407,RB2612,3145.0,121.0,534.0,-0.0003001018202604521
20260407,RB2701,3138.0,2987.0,28802.0,0.0803059273422555
20260407,RB2702,3159.0,12.0,207.0,0.049382716049383824
20260407,RB2703,3172.0,64.0,195.0,0.0
20260408,RB2604,3050.0,90.0,1110.0,0.14950819672131122
20260408,RB2605,3088.0,231986.0,652264.0,0.023316062176165886
20260408,RB2606,3094.0,1184.0,8070.0,0.03878474466709747
20260408,RB2607,3104.0,61876.0,383424.0,0.01932989690721776
20260408,RB2608,3109.0,22.0,1610.0,0.0038597619813431905
20260408,RB2609,3110.0,21429.0,113369.0,0.015434083601284954
20260408,RB2610,3114.0,486843.0,1221262.0,0.06551059730250497
20260408,RB2611,3131.0,266.0,981.0,0.04599169594378694
20260408,RB2612,3143.0,433.0,684.0,-0.0001286969080567795
20260408,RB2701,3140.0,5874.0,30356.0,0.06114649681528661
20260408,RB2702,3156.0,24.0,214.0,0.04182509505703447
20260408,RB2703,3167.0,55.0,221.0,0.0
20260409,RB2604,3066.0,0.0,1110.0,0.019569471624266477
20260409,RB2605,3071.0,120363.0,616377.0,0.0273526538586788
20260409,RB2606,3078.0,847.0,8253.0,0.03508771929824661
20260409,RB2607,3087.0,36250.0,387888.0,0.01943634596695798
20260409,RB2608,3092.0,53.0,1619.0,-0.0077619663648125226
20260409,RB2609,3090.0,17509.0,122806.0,0.023300970873787463
20260409,RB2610,3096.0,425537.0,1324703.0,0.06589147286821806
20260409,RB2611,3113.0,274.0,1112.0,0.011564407324125447
20260409,RB2612,3116.0,155.0,769.0,-8.654137398854541e-05
20260409,RB2701,3114.0,12176.0,35654.0,0.061657032755298324
20260409,RB2702,3130.0,26.0,224.0,0.05367412140575123
20260409,RB2703,3144.0,117.0,256.0,0.0
20260410,RB2604,3066.0,0.0,1110.0,0.03131115459882583
20260410,RB2605,3074.0,135382.0,570219.0,0.039037085230968493
20260410,RB2606,3084.0,905.0,8272.0,0.035019455252918164
20260410,RB2607,3093.0,37643.0,394072.0,0.011639185257032558
20260410,RB2608,3096.0,56.0,1659.0,-0.007751937984495694
20260410,RB2609,3094.0,11850.0,128341.0,0.019392372333548735
20260410,RB2610,3099.0,488279.0,1389937.0,0.061955469506292715
20260410,RB2611,3115.0,478.0,1190.0,0.019261637239166518
20260410,RB2612,3120.0,128.0,797.0,-4.321521175453745e-05
20260410,RB2701,3119.0,9457.0,38452.0,0.05771080474511159
20260410,RB2702,3134.0,38.0,227.0,0.0612635609444796
20260410,RB2703,3150.0,69.0,259.0,0.0
20260413,RB2604,3066.0,0.0,1110.0,0.03131115459882583
20260413,RB2605,3074.0,121247.0,526774.0,0.031229668184774795
20260413,RB2606,3082.0,938.0,8214.0,0.027255029201816328
20260413,RB2607,3089.0,43371.0,395462.0,0.023308514082226672
20260413,RB2608,3095.0,39.0,1660.0,0.0
20260413,RB2609,3095.0,13527.0,132876.0,0.019386106623587196
20260413,RB2610,3100.0,439355.0,1442559.0,0.06193548387096737
20260413,RB2611,3116.0,1005.0,1348.0,0.01925545571245202
20260413,RB2612,3121.0,105.0,804.0,-8.640273032627177e-05
20260413,RB2701,3119.0,5034.0,39229.0,0.0731003526771401
20260413,RB2702,3138.0,37.0,232.0,0.03824091778202643
20260413,RB2703,3148.0,50.0,286.0,0.0
20260414,RB2604,3057.0,60.0,1110.0,0.047105004906771164
20260414,RB2605,3069.0,90946.0,496460.0,0.03910068426197544
20260414,RB2606,3079.0,492.0,8298.0,0.019486846378695688
20260414,RB2607,3084.0,39386.0,390964.0,0.0077821011673151474
20260414,RB2608,3086.0,195.0,1652.0,0.011665586519765903
20260414,RB2609,3089.0,11187.0,136741.0,0.019423761735189338
20260414,RB2610,3094.0,404178.0,1497766.0,0.046541693600516965
20260414,RB2611,3106.0,568.0,1390.0,0.03477141017385765
20260414,RB2612,3115.0,102.0,740.0,-0.00025970746839323845
20260414,RB2701,3109.0,5615.0,41206.0,0.05403666773882332
20260414,RB2702,3123.0,24.0,237.0,0.0845341018251684
20260414,RB2703,3145.0,79.0,292.0,0.0
20260415,RB2604,3069.0,60.0,1170.0,0.011730205278592365
20260415,RB2605,3072.0,83980.0,465251.0,0.05468750000000089
20260415,RB2606,3086.0,600.0,8256.0,0.03499675955930037
20260415,RB2607,3095.0,42109.0,383043.0,0.01550888529887029
20260415,RB2608,3099.0,50.0,1647.0,-0.007744433688285923
20260415,RB2609,3097.0,9304.0,140029.0,0.02324830481110851
20260415,RB2610,3103.0,355919.0,1516241.0,0.054141153722203406
20260415,RB2611,3117.0,295.0,1410.0,0.046198267564966145
20260415,RB2612,3129.0,14.0,749.0,-0.0004309091104958752
20260415,RB2701,3119.0,9359.0,44605.0,0.05771080474511159
20260415,RB2702,3134.0,5.0,238.0,0.04211869814932889
20260415,RB2703,3145.0,18.0,297.0,0.0
20260416,RB2605,3097.0,151809.0,408837.0,0.0348724572166601
20260416,RB2606,3106.0,860.0,8244.0,0.07726980038634768
20260416,RB2607,3126.0,82540.0,375370.0,-0.0038387715930903177
20260416,RB2608,3125.0,84.0,1687.0,0.007679999999999687
20260416,RB2609,3127.0,16730.0,144682.0,0.023025263831148557
20260416,RB2610,3133.0,698682.0,1483685.0,0.04979253112033177
20260416,RB2611,3146.0,1203.0,1428.0,0.007628734901462764
20260416,RB2612,3148.0,185.0,663.0,0.00025698499493167766
20260416,RB2701,3154.0,9674.0,44410.0,0.03043753963221274
20260416,RB2702,3162.0,32.0,229.0,0.03415559772296106
20260416,RB2703,3171.0,109.0,289.0,0.0340586565752119
20260416,RB2704,3180.0,24.0,22.0,0.0
20260417,RB2605,3095.0,86350.0,373557.0,0.031017770597737915
20260417,RB2606,3103.0,435.0,8177.0,0.08894618111505093
20260417,RB2607,3126.0,32424.0,372071.0,0.0
20260417,RB2608,3126.0,79.0,1694.0,0.0038387715930889854
20260417,RB2609,3127.0,14952.0,149537.0,0.023025263831148557
20260417,RB2610,3133.0,481135.0,1437049.0,0.04213214171720381
20260417,RB2611,3144.0,604.0,1526.0,0.019083969465649275
20260417,RB2612,3149.0,111.0,667.0,8.563446216205442e-05
20260417,RB2701,3151.0,5449.0,43853.0,0.03427483338622661
20260417,RB2702,3160.0,49.0,235.0,0.0493670886075952
20260417,RB2703,3173.0,53.0,285.0,0.007563819728964027
20260417,RB2704,3175.0,29.0,36.0,0.0
20260420,RB2605,3121.0,184451.0,287563.0,0.049983979493752884
20260420,RB2606,3134.0,1366.0,7811.0,0.09189534141672073
20260420,RB2607,3158.0,52640.0,365479.0,0.018999366687777908
20260420,RB2608,3163.0,329.0,1722.0,-0.011381599747076088
20260420,RB2609,3160.0,20467.0,154027.0,0.0455696202531648
20260420,RB2610,3172.0,1001836.0,1558248.0,-0.003783102143757322
20260420,RB2611,3171.0,2230.0,2142.0,0.0340586565752119
20260420,RB2612,3180.0,59.0,678.0,0.00038159847360609805
20260420,RB2701,3189.0,12979.0,45646.0,0.026340545625586742
20260420,RB2702,3196.0,57.0,228.0,0.015018773466834112
20260420,RB2703,3200.0,136.0,339.0,0.007500000000001172
20260420,RB2704,3202.0,18.0,48.0,0.0
20260421,RB2605,3125.0,97059.0,247524.0,0.03071999999999875
20260421,RB2606,3133.0,576.0,7791.0,0.0880944781359716
20260421,RB2607,3156.0,86184.0,356418.0,0.026615969581748722
20260421,RB2608,3163.0,205.0,1707.0,0.0
20260421,RB2609,3163.0,18510.0,160207.0,0.049320265570659494
20260421,RB2610,3176.0,715710.0,1627367.0,0.022670025188915588
20260421,RB2611,3182.0,1746.0,2109.0,0.045254556882462715
20260421,RB2612,3194.0,321.0,536.0,0.00029549787874737736
20260421,RB2701,3201.0,10644.0,46495.0,0.014995313964386803
20260421,RB2702,3205.0,49.0,239.0,0.03369734789391554
20260421,RB2703,3214.0,52.0,341.0,0.0037336652146855442
20260421,RB2704,3215.0,35.0,70.0,0.0
20260422,RB2605,3128.0,83017.0,210103.0,0.03836317135549905
20260422,RB2606,3138.0,566.0,7683.0,0.11089866156787664
20260422,RB2607,3167.0,50763.0,351007.0,-0.0037890748342275238
20260422,RB2608,3166.0,158.0,1673.0,0.04169298799747345
20260422,RB2609,3177.0,15514.0,165002.0,0.033994334277619664
20260422,RB2610,3186.0,643975.0,1663643.0,0.015065913370998274
20260422,RB2611,3190.0,1008.0,2051.0,0.06394984326018882
20260422,RB2612,3207.0,90.0,551.0,0.00021021431349259898
20260422,RB2701,3212.0,10685.0,49494.0,0.03735990037359915
20260422,RB2702,3222.0,36.0,235.0,0.0
20260422,RB2703,3222.0,40.0,346.0,0.01862197392923548
20260422,RB2704,3227.0,28.0,89.0,0.0
20260423,RB2605,3117.0,82873.0,176589.0,0.03464870067372594
20260423,RB2606,3126.0,702.0,7665.0,0.13051823416506814
20260423,RB2607,3160.0,87074.0,344914.0,0.018987341772152
20260423,RB2608,3165.0,124.0,1648.0,0.01516587677725223
20260423,RB2609,3169.0,20138.0,168356.0,0.045440201956453485
20260423,RB2610,3181.0,781128.0,1710033.0,0.01508959446714897
20260423,RB2611,3185.0,1824.0,2310.0,0.08288854003139612
20260423,RB2612,3207.0,286.0,626.0,8.408572539703361e-05
20260423,RB2701,3209.0,7793.0,50588.0,0.033655344344031946
20260423,RB2702,3218.0,46.0,221.0,0.003729024238658063
20260423,RB2703,3219.0,91.0,366.0,0.02609506057781985
20260423,RB2704,3226.0,22.0,101.0,0.0
20260424,RB2605,3121.0,95155.0,153397.0,0.049983979493752884
20260424,RB2606,3134.0,456.0,7579.0,0.1225271218889592
20260424,RB2607,3166.0,62506.0,346177.0,0.01137081490840064
20260424,RB2608,3169.0,162.0,1569.0,0.018933417481854953
20260424,RB2609,3174.0,16521.0,172229.0,0.06427221172022701
20260424,RB2610,3191.0,525851.0,1759257.0,0.00752115324349667
20260424,RB2611,3193.0,1593.0,2971.0,0.04885687441277664
20260424,RB2612,3206.0,46.0,632.0,0.0006728956240756505
20260424,RB2701,3222.0,4619.0,50390.0,0.0
20260424,RB2702,3222.0,9.0,219.0,0.014897579143390516
20260424,RB2703,3226.0,49.0,373.0,0.026038437693739702
20260424,RB2704,3233.0,11.0,109.0,0.0
20260427,RB2605,3118.0,79028.0,122013.0,0.16549069916613135
20260427,RB2606,3161.0,2951.0,7817.0,0.026573869028787556
20260427,RB2607,3168.0,102125.0,351830.0,0.0037878787878788955
20260427,RB2608,3169.0,246.0,1558.0,0.007573366992740915
20260427,RB2609,3171.0,21259.0,178267.0,0.07190160832544823
20260427,RB2610,3190.0,732162.0,1790156.0,0.030094043887146427
20260427,RB2611,3198.0,7807.0,7154.0,0.056285178236398004
20260427,RB2612,3213.0,359.0,610.0,0.00037767916155226
20260427,RB2701,3222.0,9975.0,52662.0,0.0
20260427,RB2702,3222.0,27.0,213.0,0.029795158286778367
20260427,RB2703,3230.0,77.0,388.0,0.01857585139318907
20260427,RB2704,3235.0,52.0,116.0,0.0
20260428,RB2605,3105.0,59051.0,84729.0,0.17004830917874525
20260428,RB2606,3149.0,813.0,7854.0,0.04572880279453706
20260428,RB2607,3161.0,93972.0,352642.0,0.0
20260428,RB2608,3161.0,99.0,1540.0,0.0
20260428,RB2609,3161.0,18686.0,183225.0,0.056944005061690284
20260428,RB2610,3176.0,667771.0,1749901.0,0.034005037783376046
20260428,RB2611,3185.0,10188.0,12560.0,0.04521193092621534
20260428,RB2612,3197.0,73.0,618.0,0.0003795693293923639
20260428,RB2701,3206.0,10319.0,54644.0,0.0
20260428,RB2702,3206.0,19.0,214.0,0.018714909544604197
20260428,RB2703,3211.0,116.0,383.0,0.014948614138897476
20260428,RB2704,3215.0,42.0,123.0,0.0
20260429,RB2605,3113.0,50068.0,46794.0,0.15033729521362016
20260429,RB2606,3152.0,990.0,7329.0,0.09137055837563413
20260429,RB2607,3176.0,81554.0,339022.0,-0.011335012594457794
20260429,RB2608,3173.0,192.0,1476.0,0.018909549322408736
20260429,RB2609,3178.0,29049.0,176403.0,0.06419131529263566
20260429,RB2610,3195.0,583210.0,1802387.0,0.04131455399061146
20260429,RB2611,3206.0,9823.0,17336.0,0.05240174672488962
20260429,RB2612,3220.0,339.0,790.0,0.0002093656221648372
20260429,RB2701,3225.0,7681.0,55552.0,0.026046511627906277
20260429,RB2702,3232.0,45.0,196.0,0.007425742574256766
20260429,RB2703,3234.0,85.0,416.0,0.0037105751391459663
20260429,RB2704,3235.0,43.0,128.0,0.0
20260430,RB2605,3162.0,43966.0,14363.0,0.003795066413661452
20260430,RB2606,3163.0,654.0,7186.0,0.12140373063547383
20260430,RB2607,3195.0,104557.0,319856.0,-0.03004694835680688
20260430,RB2608,3187.0,196.0,1403.0,0.02635707561970424
20260430,RB2609,3194.0,28108.0,174701.0,0.0751408891671872
20260430,RB2610,3214.0,658964.0,1885016.0,0.044803982576229195
20260430,RB2611,3226.0,11457.0,23137.0,0.040917544947304485
20260430,RB2612,3237.0,150.0,799.0,0.0004165321614895334
20260430,RB2701,3247.0,11675.0,56592.0,0.022174314752078317
20260430,RB2702,3253.0,22.0,194.0,-0.011066707654472374
20260430,RB2703,3250.0,99.0,424.0,0.02215384615384597
20260430,RB2704,3256.0,84.0,149.0,0.0
20260506,RB2605,3169.0,4373.0,11130.0,0.10981382139476192
20260506,RB2606,3198.0,784.0,7144.0,0.1538461538461533
20260506,RB2607,3239.0,63135.0,318169.0,-0.011114541525162114
20260506,RB2608,3236.0,192.0,1444.0,0.025957972805933593
20260506,RB2609,3243.0,20377.0,179266.0,0.07770582793709568
20260506,RB2610,3264.0,703029.0,2030834.0,0.04411764705882337
20260506,RB2611,3276.0,8698.0,27685.0,0.0439560439560438
20260506,RB2612,3288.0,89.0,772.0,0.00032805708193227073
20260506,RB2701,3296.0,11573.0,57850.0,0.0036407766990302903
20260506,RB2702,3297.0,63.0,187.0,0.021838034576886933
20260506,RB2703,3303.0,115.0,430.0,0.00363306085376891
20260506,RB2704,3304.0,88.0,208.0,0.0
20260507,RB2605,3172.0,3570.0,8730.0,0.105926860025221
20260507,RB2606,3200.0,1440.0,6662.0,0.17250000000000032
20260507,RB2607,3246.0,57589.0,322818.0,-0.011090573012939142
20260507,RB2608,3243.0,154.0,1467.0,0.040703052728955136
20260507,RB2609,3254.0,21487.0,182328.0,0.07006760909649756
20260507,RB2610,3273.0,845032.0,2110783.0,0.02933088909257453
20260507,RB2611,3281.0,12673.0,34407.0,0.06949100883876813
20260507,RB2612,3300.0,583.0,1217.0,0.0002042900919305352
20260507,RB2701,3305.0,15784.0,63431.0,0.01815431164901682
20260507,RB2702,3310.0,50.0,194.0,0.007250755287009802
20260507,RB2703,3312.0,102.0,458.0,0.018115942028986254
20260507,RB2704,3317.0,102.0,244.0,0.0
20260508,RB2605,3148.0,4710.0,5310.0,0.15247776365946564
20260508,RB2606,3188.0,2028.0,5777.0,0.17314930991217103
20260508,RB2607,3234.0,52864.0,314303.0,0.0074211502782919325
20260508,RB2608,3236.0,143.0,1478.0,0.03708281829419047
20260508,RB2609,3246.0,28959.0,184546.0,0.06284658040665558
20260508,RB2610,3263.0,824912.0,2144541.0,0.03677597303095226
20260508,RB2611,3273.0,12191.0,40962.0,0.04766269477543528
20260508,RB2612,3286.0,1151.0,2221.0,0.0004513530332975359
20260508,RB2701,3297.0,12288.0,65759.0,0.014558689717924622
20260508,RB2702,3301.0,46.0,200.0,0.014541048167221682
20260508,RB2703,3305.0,104.0,493.0,0.021785173978820183
20260508,RB2704,3311.0,78.0,259.0,0.0
20260511,RB2605,3195.0,1080.0,4590.0,0.04507042253521032
20260511,RB2606,3207.0,1073.0,5353.0,0.1459307764265665
20260511,RB2607,3246.0,59717.0,307445.0,0.00369685767097927
20260511,RB2608,3247.0,327.0,1505.0,0.051740067754850294
20260511,RB2609,3261.0,30405.0,186389.0,0.09199632014719406
20260511,RB2610,3286.0,851465.0,2172556.0,0.04747413268411549
20260511,RB2611,3299.0,19854.0,50502.0,0.05092452258259961
20260511,RB2612,3313.0,1146.0,3219.0,0.00032558155309183625
20260511,RB2701,3321.0,28080.0,73979.0,-0.003613369467027727
20260511,RB2702,3320.0,119.0,225.0,0.003614457831326412
20260511,RB2703,3321.0,177.0,550.0,0.04336043360433539
20260511,RB2704,3333.0,175.0,291.0,0.0
20260512,RB2605,3165.0,180.0,4410.0,0.0568720379146912
20260512,RB2606,3180.0,2471.0,3713.0,0.14716981132075535
20260512,RB2607,3219.0,61431.0,298217.0,-0.014911463187325058
20260512,RB2608,3215.0,376.0,1592.0,0.04105754276827245
20260512,RB2609,3226.0,31256.0,184813.0,0.10787352758834601
20260512,RB2610,3255.0,966893.0,2141462.0,0.04792626728110694
20260512,RB2611,3268.0,17988.0,57703.0,0.05507955936352449
20260512,RB2612,3283.0,1303.0,4460.0,0.00020534794498042652
20260512,RB2701,3288.0,13474.0,74851.0,0.03649635036496246
20260512,RB2702,3298.0,147.0,199.0,0.02183141297756208
20260512,RB2703,3304.0,725.0,1039.0,0.007263922518160548
20260512,RB2704,3306.0,595.0,802.0,0.0
20260513,RB2605,3170.0,420.0,4200.0,0.04921135646687613
20260513,RB2606,3183.0,531.0,3727.0,0.11687087653157491
20260513,RB2607,3214.0,48493.0,293443.0,0.0037336652146855442
20260513,RB2608,3215.0,116.0,1617.0,0.05598755832037394
20260513,RB2609,3230.0,37494.0,183067.0,0.10030959752322044
20260513,RB2610,3257.0,832174.0,2092246.0,0.07368744243168468
20260513,RB2611,3277.0,20392.0,65057.0,0.07323771742447427
20260513,RB2612,3297.0,360.0,4385.0,0.0002453711750212015
20260513,RB2701,3303.0,19948.0,79858.0,0.021798365122616126
20260513,RB2702,3309.0,30.0,203.0,-0.010879419764279863
20260513,RB2703,3306.0,153.0,1020.0,0.043557168784029265
20260513,RB2704,3318.0,85.0,813.0,0.0
20260514,RB2605,3150.0,390.0,3990.0,0.11809523809523714
20260514,RB2606,3181.0,583.0,3738.0,0.18861993083935946
20260514,RB2607,3231.0,56221.0,295375.0,-0.011142061281337323
20260514,RB2608,3228.0,77.0,1608.0,0.03345724907063108
20260514,RB2609,3237.0,40513.0,183233.0,0.06672845227062218
20260514,RB2610,3255.0,780109.0,2055051.0,0.06267281105990907
20260514,RB2611,3272.0,10758.0,68478.0,0.08801955990220023
20260514,RB2612,3296.0,66.0,4384.0,0.00012272281007964276
20260514,RB2701,3299.0,17466.0,85152.0,0.02182479539254345
20260514,RB2702,3305.0,25.0,203.0,0.014523449319213455
20260514,RB2703,3309.0,26.0,1025.0,-0.007252946509519909
20260514,RB2704,3307.0,28.0,804.0,0.0
20260515,RB2605,3150.0,750.0,3780.0,0.07999999999999918
20260515,RB2606,3171.0,715.0,3583.0,0.18164616840113545
20260515,RB2607,3219.0,56029.0,297286.0,-0.06337371854613183
20260515,RB2608,3202.0,108.0,1607.0,0.05621486570893097
20260515,RB2609,3217.0,34825.0,184204.0,0.055952751010257096
20260515,RB2610,3232.0,934979.0,2021601.0,0.04455445544554326
20260515,RB2611,3244.0,11180.0,73258.0,0.051787916152896685
20260515,RB2612,3258.0,173.0,4282.0,0.0005380015312351185
20260515,RB2701,3271.0,33345.0,94313.0,0.0036686028737387133
20260515,RB2702,3272.0,64.0,185.0,-0.0036674816625921203
20260515,RB2703,3271.0,133.0,1026.0,0.018343014368693566
20260515,RB2704,3276.0,173.0,813.0,0.0
20260518,RB2606,3160.0,1106.0,3472.0,0.1101265822784816
20260518,RB2607,3189.0,30140.0,296815.0,-0.03010348071495761
20260518,RB2608,3181.0,179.0,1596.0,0.04904118201823415
20260518,RB2609,3194.0,25443.0,185580.0,0.045084533500313384
20260518,RB2610,3206.0,743315.0,1954850.0,0.03368683718028809
20260518,RB2611,3215.0,13569.0,78928.0,0.07838258164852352
20260518,RB2612,3236.0,135.0,4308.0,0.00037499479173899573
20260518,RB2701,3245.0,11171.0,96639.0,0.036979969183359884
20260518,RB2702,3255.0,108.0,183.0,0.007373271889401067
20260518,RB2703,3257.0,108.0,1045.0,0.018421860607921836
20260518,RB2704,3262.0,77.0,808.0,0.02575107296137258
20260518,RB2705,3269.0,447.0,261.0,0.0
20260519,RB2606,3155.0,1420.0,2836.0,0.11030110935023885
20260519,RB2607,3184.0,40085.0,290820.0,-0.015075376884421843
20260519,RB2608,3180.0,93.0,1570.0,0.04150943396226481
20260519,RB2609,3191.0,26354.0,186854.0,0.048887496082733684
20260519,RB2610,3204.0,700743.0,1873631.0,0.04119850187265861
20260519,RB2611,3215.0,12573.0,82646.0,0.07091757387247277
20260519,RB2612,3234.0,42.0,4306.0,0.0004169185549602808
20260519,RB2701,3244.0,16088.0,98404.0,0.03699136868064201
20260519,RB2702,3254.0,37.0,173.0,0.0036877688998169234
20260519,RB2703,3255.0,825.0,1778.0,0.0331797235023048
20260519,RB2704,3264.0,832.0,1561.0,0.01838235294117574
20260519,RB2705,3269.0,440.0,416.0,0.0
20260520,RB2606,3151.0,966.0,2382.0,0.08759124087591363
20260520,RB2607,3174.0,33653.0,287938.0,-0.06427221172022701
20260520,RB2608,3157.0,53.0,1600.0,0.07222046246436431
20260520,RB2609,3176.0,25050.0,189197.0,0.04911838790931977
20260520,RB2610,3189.0,665323.0,1851774.0,0.04515522107243708
20260520,RB2611,3201.0,7764.0,85737.0,0.08247422680412342
20260520,RB2612,3223.0,84.0,4331.0,0.00016733659407278453
20260520,RB2701,3227.0,12249.0,98783.0,0.033467616981718074
20260520,RB2702,3236.0,23.0,180.0,0.01483312731767672
20260520,RB2703,3240.0,613.0,2310.0,0.04814814814814916
20260520,RB2704,3253.0,607.0,2096.0,0.018444512757453957
20260520,RB2705,3258.0,931.0,971.0,0.0
20260521,RB2606,3149.0,320.0,2363.0,0.0762146713242311
20260521,RB2607,3169.0,55424.0,274912.0,-0.05680025244556619
20260521,RB2608,3154.0,187.0,1593.0,0.03804692454026526
20260521,RB2609,3164.0,29876.0,194640.0,0.041719342604298326
20260521,RB2610,3175.0,757206.0,1840880.0,0.03779527559055218
20260521,RB2611,3185.0,12097.0,91383.0,0.05651491365776984
20260521,RB2612,3200.0,272.0,4493.0,0.00025280898876405456
20260521,RB2701,3206.0,33592.0,110211.0,0.05240174672488962
20260521,RB2702,3220.0,44.0,191.0,0.02981366459627388
20260521,RB2703,3228.0,155.0,2335.0,0.01858736059479682
20260521,RB2704,3233.0,142.0,2128.0,0.025982060006186636
20260521,RB2705,3240.0,613.0,1094.0,0.0
20260522,RB2606,3145.0,229.0,2378.0,0.08012718600953939
20260522,RB2607,3166.0,40056.0,259805.0,-0.04927353126974099
20260522,RB2608,3153.0,168.0,1678.0,0.015223596574689857
20260522,RB2609,3157.0,16611.0,197743.0,0.04181184668989513
20260522,RB2610,3168.0,613204.0,1804080.0,0.045454545454546746
20260522,RB2611,3180.0,6673.0,94477.0,0.04905660377358423
20260522,RB2612,3193.0,63.0,4494.0,0.00029559042427783734
20260522,RB2701,3200.0,30431.0,124435.0,0.05250000000000021
20260522,RB2702,3214.0,4.0,191.0,0.022401991288113265
20260522,RB2703,3220.0,134.0,2300.0,0.01490683229813694
20260522,RB2704,3224.0,66.0,2124.0,0.0334987593052114
20260522,RB2705,3233.0,302.0,1113.0,0.0
20260525,RB2606,3158.0,2348.0,2227.0,0.19759341355288118
20260525,RB2607,3210.0,50699.0,242270.0,-0.033644859813084516
20260525,RB2608,3201.0,382.0,1628.0,-0.01499531396438547
20260525,RB2609,3197.0,23647.0,201914.0,0.07882389740381512
20260525,RB2610,3218.0,1184446.0,1792405.0,0.022374145431945713
20260525,RB2611,3224.0,8142.0,97812.0,0.09305210918114248
20260525,RB2612,3249.0,584.0,4865.0,-4.1499372321993234e-05
20260525,RB2701,3248.0,34238.0,135037.0,0.04433497536945907
20260525,RB2702,3260.0,52.0,195.0,0.047852760736197375
20260525,RB2703,3273.0,271.0,2270.0,0.010999083409716448
20260525,RB2704,3276.0,358.0,2051.0,-0.01831501831501825
20260525,RB2705,3271.0,1672.0,1709.0,0.0
20260526,RB2606,3090.0,1147.0,1346.0,0.28349514563106926
20260526,RB2607,3163.0,118787.0,165010.0,-0.08725893139424556
20260526,RB2608,3140.0,461.0,1706.0,-0.02675159235668856
20260526,RB2609,3133.0,48284.0,206561.0,0.04979253112033177
20260526,RB2610,3146.0,1515821.0,1733217.0,0.05340114431023402
20260526,RB2611,3160.0,13241.0,103920.0,0.0721518987341776
20260526,RB2612,3179.0,242.0,4886.0,8.482633574970433e-05
20260526,RB2701,3181.0,34726.0,139228.0,0.037723986167872425
20260526,RB2702,3191.0,52.0,213.0,0.030084612973989344
20260526,RB2703,3199.0,102.0,2242.0,0.01500468896530105
20260526,RB2704,3203.0,216.0,2057.0,0.026225413674680453
20260526,RB2705,3210.0,822.0,1907.0,0.0
20260527,RB2606,3062.0,1009.0,960.0,0.39190071848464925
20260527,RB2607,3162.0,50429.0,133584.0,-0.06831119544592079
20260527,RB2608,3144.0,308.0,1725.0,-0.04580152671755666
20260527,RB2609,3132.0,35139.0,214193.0,0.04597701149425326
20260527,RB2610,3144.0,580653.0,1749599.0,0.057251908396947826
20260527,RB2611,3159.0,8553.0,107545.0,0.07597340930674168
20260527,RB2612,3179.0,52.0,4889.0,0.00012723950362457148
20260527,RB2701,3182.0,17600.0,141684.0,0.030169704588309365
20260527,RB2702,3190.0,10.0,214.0,0.04890282131661561
20260527,RB2703,3203.0,40.0,2234.0,0.01123946300343448
20260527,RB2704,3206.0,53.0,2064.0,0.007485963817840613
20260527,RB2705,3208.0,306.0,2034.0,0.0
20260528,RB2606,3048.0,610.0,888.0,0.42913385826771755
20260528,RB2607,3157.0,46002.0,115721.0,-0.01900538485904324
20260528,RB2608,3152.0,1247.0,2388.0,-0.09898477157360386
20260528,RB2609,3126.0,27748.0,220213.0,0.0729366602687147
20260528,RB2610,3145.0,601915.0,1737261.0,0.05723370429252661
20260528,RB2611,3160.0,14585.0,112709.0,0.0835443037974688
20260528,RB2612,3182.0,88.0,4912.0,-0.00012711954180467803
20260528,RB2701,3179.0,20406.0,143096.0,0.10946838628499478
20260528,RB2702,3208.0,14.0,212.0,-0.022443890274313816
20260528,RB2703,3202.0,46.0,2228.0,0.007495315427857641
20260528,RB2704,3204.0,123.0,2059.0,0.0037453183520606004
20260528,RB2705,3205.0,1243.0,2445.0,0.0
20260529,RB2606,3067.0,749.0,810.0,0.4303880013042063
20260529,RB2607,3177.0,24636.0,106571.0,-0.04532577903682755
20260529,RB2608,3165.0,325.0,2392.0,-0.08341232227488193
20260529,RB2609,3143.0,40225.0,223117.0,0.057270124085268215
20260529,RB2610,3158.0,576024.0,1728672.0,0.05699810006333106
20260529,RB2611,3173.0,6863.0,114450.0,0.07563819728963228
20260529,RB2612,3193.0,69.0,4915.0,4.222720346826676e-05
20260529,RB2701,3194.0,11259.0,146091.0,0.033813400125233706
20260529,RB2702,3203.0,12.0,209.0,0.06743677802060688
20260529,RB2703,3221.0,19.0,2221.0,-0.03725551071095978
20260529,RB2704,3211.0,46.0,2057.0,0.011211460604173773
20260529,RB2705,3214.0,402.0,2583.0,0.0
20260601,RB2606,3073.0,270.0,750.0,0.47640741945981
20260601,RB2607,3195.0,32582.0,92733.0,-0.018779342723004966
20260601,RB2608,3190.0,360.0,2301.0,-0.10532915360501516
20260601,RB2609,3162.0,52841.0,224863.0,0.05692599620493244
20260601,RB2610,3177.0,679167.0,1709019.0,0.04910292728989507
20260601,RB2611,3190.0,10465.0,118490.0,0.09028213166144194
20260601,RB2612,3214.0,81.0,4893.0,-8.390258909405717e-05
20260601,RB2701,3212.0,24034.0,151112.0,0.0560398505603974
20260601,RB2702,3227.0,15.0,205.0,0.003718624109079194
20260601,RB2703,3228.0,44.0,2216.0,0.01858736059479682
20260601,RB2704,3233.0,195.0,2107.0,-0.014846891432106268
20260601,RB2705,3229.0,1207.0,3331.0,0.0
20260602,RB2606,3073.0,0.0,750.0,0.4842173771558729
20260602,RB2607,3197.0,30830.0,80610.0,-0.03378167031592172
20260602,RB2608,3188.0,170.0,2323.0,-0.07528230865746544
20260602,RB2609,3168.0,41340.0,226306.0,0.045454545454546746
20260602,RB2610,3180.0,491678.0,1701321.0,0.0377358490566051
20260602,RB2611,3190.0,9701.0,121808.0,0.09404388714733525
20260602,RB2612,3215.0,27.0,4894.0,-0.00012581473779859313
20260602,RB2701,3212.0,16948.0,153457.0,0.03735990037359915
20260602,RB2702,3222.0,22.0,207.0,0.007448789571695258
20260602,RB2703,3224.0,39.0,2223.0,0.0
20260602,RB2704,3224.0,38.0,2113.0,-0.022332506203473823
20260602,RB2705,3218.0,1211.0,4155.0,0.0
20260603,RB2606,3092.0,30.0,750.0,0.40362225097024584
20260603,RB2607,3196.0,24416.0,72165.0,-0.0713391739674587
20260603,RB2608,3177.0,1554.0,2807.0,-0.07554296506137836
20260603,RB2609,3157.0,50439.0,230097.0,0.045612923661703775
20260603,RB2610,3169.0,528286.0,1683998.0,0.05680025244556752
20260603,RB2611,3184.0,9034.0,124236.0,0.09045226130653372
20260603,RB2612,3208.0,17.0,4900.0,-0.00021014878534001698
20260603,RB2701,3203.0,19266.0,157184.0,0.05245082734936091
20260603,RB2702,3217.0,246.0,407.0,-0.003730183400684428
20260603,RB2703,3216.0,126.0,2213.0,-0.003731343283582156
20260603,RB2704,3215.0,98.0,2080.0,-0.018662519440124203
20260603,RB2705,3210.0,1568.0,4861.0,0.0
20260604,RB2606,3095.0,150.0,660.0,0.3179321486268183
20260604,RB2607,3177.0,28507.0,62485.0,-0.08309726156751607
20260604,RB2608,3155.0,628.0,2948.0,-0.045641838351822006
20260604,RB2609,3143.0,58699.0,237488.0,0.053452115812916645
20260604,RB2610,3157.0,621994.0,1704591.0,0.05321507760532107
20260604,RB2611,3171.0,9950.0,127830.0,0.09460737937559216
20260604,RB2612,3196.0,49.0,4918.0,-0.00021093782959035926
20260604,RB2701,3191.0,28141.0,159171.0,0.037605766217486014
20260604,RB2702,3201.0,93.0,408.0,0.0
20260604,RB2703,3201.0,146.0,2251.0,0.007497656982192069
20260604,RB2704,3203.0,62.0,2082.0,0.0037464876678114933
20260604,RB2705,3204.0,2403.0,6228.0,0.0
20260605,RB2606,3093.0,120.0,630.0,0.3724539282250232
20260605,RB2607,3189.0,19794.0,57414.0,-0.13922859830667944
20260605,RB2608,3152.0,401.0,3141.0,-0.026649746192894064
20260605,RB2609,3145.0,50977.0,239887.0,0.07631160572337059
20260605,RB2610,3165.0,620284.0,1722884.0,0.04170616113744163
20260605,RB2611,3176.0,12405.0,133368.0,0.06801007556674943
20260605,RB2612,3194.0,155.0,4845.0,8.442796535640209e-05
20260605,RB2701,3196.0,19858.0,163190.0,0.060075093867333784
20260605,RB2702,3212.0,41.0,396.0,-0.03735990037359915
20260605,RB2703,3202.0,65.0,2256.0,-0.0037476577139288203
20260605,RB2704,3201.0,95.0,2080.0,-0.011246485473289436
20260605,RB2705,3198.0,3897.0,8398.0,0.0
20260608,RB2606,3075.0,60.0,570.0,0.4019512195121946
20260608,RB2607,3178.0,12778.0,53697.0,-0.14726242920075538
20260608,RB2608,3139.0,289.0,3138.0,-0.01911436763300456
20260608,RB2609,3134.0,39686.0,241450.0,0.08806636885769059
20260608,RB2610,3157.0,611010.0,1709044.0,0.04181184668989513
20260608,RB2611,3168.0,6917.0,135949.0,0.045454545454546746
20260608,RB2612,3180.0,508.0,4567.0,0.0004239983040067989
20260608,RB2701,3190.0,20165.0,165198.0,0.01128526645767991
20260608,RB2702,3193.0,216.0,418.0,0.003758221108675741
20260608,RB2703,3194.0,64.0,2255.0,0.011271133375077014
20260608,RB2704,3197.0,59.0,2089.0,-0.03002815139193027
20260608,RB2705,3189.0,3407.0,10331.0,0.0
20260609,RB2606,3075.0,0.0,570.0,0.4058536585365866
20260609,RB2607,3179.0,13184.0,50879.0,-0.15854042151620007
20260609,RB2608,3137.0,561.0,2675.0,-0.015301243226011785
20260609,RB2609,3133.0,46134.0,242096.0,0.0880944781359716
20260609,RB2610,3156.0,610314.0,1725186.0,0.034220532319391594
20260609,RB2611,3165.0,6728.0,138508.0,0.03791469194312924
20260609,RB2612,3175.0,331.0,4514.0,0.0005095992214456294
20260609,RB2701,3187.0,14598.0,165966.0,0.041418261688107805
20260609,RB2702,3198.0,30.0,417.0,-0.022514071294559734
20260609,RB2703,3192.0,47.0,2245.0,0.011278195488722886
20260609,RB2704,3195.0,41.0,2079.0,-0.018779342723004966
20260609,RB2705,3190.0,1526.0,10475.0,0.0
20260610,RB2606,3075.0,0.0,570.0,0.4292682926829281
20260610,RB2607,3185.0,20000.0,47019.0,-0.1469387755102045
20260610,RB2608,3146.0,753.0,3206.0,0.02670057215511701
20260610,RB2609,3153.0,57861.0,245482.0,0.10275927687916386
20260610,RB2610,3180.0,844602.0,1672989.0,0.0377358490566051
20260610,RB2611,3190.0,8640.0,141472.0,0.03385579937303973
20260610,RB2612,3199.0,93.0,4497.0,0.0004636280298267253
20260610,RB2701,3210.0,19750.0,167654.0,0.022429906542056344
20260610,RB2702,3216.0,20.0,419.0,0.014925373134328623
20260610,RB2703,3220.0,94.0,2282.0,0.01863354037267051
20260610,RB2704,3225.0,57.0,2092.0,-0.04837209302325585
20260610,RB2705,3212.0,1452.0,10960.0,0.0
20260611,RB2606,3075.0,0.0,570.0,0.3785365853658531
20260611,RB2607,3172.0,12956.0,46758.0,-0.15132408575031553
20260611,RB2608,3132.0,361.0,3004.0,0.007662835249043098
20260611,RB2609,3134.0,49897.0,242274.0,0.08423739629866045
20260611,RB2610,3156.0,672854.0,1641615.0,0.053231939163497444
20260611,RB2611,3170.0,7129.0,143726.0,0.04921135646687613
20260611,RB2612,3183.0,264.0,4279.0,0.00033887894608649195
20260611,RB2701,3191.0,22653.0,167482.0,0.011281729865245005
20260611,RB2702,3194.0,42.0,405.0,0.022542266750156692
20260611,RB2703,3200.0,24.0,2283.0,0.0
20260611,RB2704,3200.0,62.0,2081.0,-0.03374999999999995
20260611,RB2705,3191.0,2227.0,11301.0,0.0
20260612,RB2606,3075.0,0.0,570.0,0.4292682926829281
20260612,RB2607,3185.0,14136.0,43791.0,-0.19215070643642118
20260612,RB2608,3134.0,314.0,2987.0,0.06509253350350974
20260612,RB2609,3151.0,48807.0,239867.0,0.10282450015867983
20260612,RB2610,3178.0,768075.0,1642243.0,0.03775959723096278
20260612,RB2611,3188.0,15519.0,150471.0,0.0489335006273528
20260612,RB2612,3201.0,84.0,4260.0,0.0002527300106357176
20260612,RB2701,3207.0,22795.0,169480.0,0.04490177736202128
20260612,RB2702,3219.0,31.0,416.0,0.01118359739049346
20260612,RB2703,3222.0,68.0,2305.0,-0.037243947858473625
20260612,RB2704,3212.0,64.0,2103.0,-0.007471980074719831
20260612,RB2705,3210.0,1401.0,11750.0,0.0
20260615,RB2606,3080.0,30.0,570.0,0.45584415584415616
20260615,RB2607,3197.0,16282.0,40391.0,-0.21019705974350922
20260615,RB2608,3141.0,284.0,2903.0,0.08787010506208315
20260615,RB2609,3164.0,47833.0,238159.0,0.0872313527180788
20260615,RB2610,3187.0,800414.0,1638154.0,0.048948854722308255
20260615,RB2611,3200.0,17676.0,156049.0,0.05999999999999872
20260615,RB2612,3216.0,35.0,4266.0,0.0001677008217340295
20260615,RB2701,3220.0,22275.0,173704.0,0.02236024844720408
20260615,RB2702,3226.0,29.0,402.0,-0.0037197768133911957
20260615,RB2703,3225.0,23.0,2303.0,-0.0037209302325580396
20260615,RB2704,3224.0,37.0,2090.0,0.0
20260615,RB2705,3224.0,1546.0,12070.0,0.0
20260616,RB2607,3189.0,13330.0,41237.0,-0.21825023518344366
20260616,RB2608,3131.0,96.0,2875.0,0.06515490258703416
20260616,RB2609,3148.0,26766.0,237017.0,0.08005082592122026
20260616,RB2610,3169.0,589396.0,1620085.0,0.04922688545282394
20260616,RB2611,3182.0,11510.0,160715.0,0.05656819610307906
20260616,RB2612,3197.0,23.0,4259.0,0.00025304621959492925
20260616,RB2701,3203.0,27666.0,174185.0,0.0561973150171724
20260616,RB2702,3218.0,15.0,400.0,-0.007458048477314794
20260616,RB2703,3216.0,33.0,2302.0,0.0
20260616,RB2704,3216.0,68.0,2078.0,-0.007462686567164312
20260616,RB2705,3214.0,2568.0,12338.0,0.026135656502801474
20260616,RB2706,3221.0,0.0,0.0,0.0
20260617,RB2607,3176.0,14443.0,40103.0,-0.2607052896725439
20260617,RB2608,3107.0,191.0,2840.0,0.07724493080141492
20260617,RB2609,3127.0,29809.0,238881.0,0.10745123121202482
20260617,RB2610,3155.0,543309.0,1630231.0,0.034231378763867504
20260617,RB2611,3164.0,8896.0,164276.0,0.06826801517067072
20260617,RB2612,3182.0,49.0,4237.0,0.00021186590300778676
20260617,RB2701,3187.0,23060.0,172476.0,0.041418261688107805
20260617,RB2702,3198.0,2.0,398.0,0.007504690431519023
20260617,RB2703,3200.0,49.0,2298.0,0.011250000000000426
20260617,RB2704,3203.0,60.0,2084.0,-0.007492975335622987
20260617,RB2705,3201.0,2752.0,12426.0,0.026241799437674906
20260617,RB2706,3208.0,2.0,2.0,0.0
20260618,RB2607,3172.0,21417.0,38655.0,-0.33291298865069363
20260618,RB2608,3084.0,627.0,2971.0,0.0739299610894939
20260618,RB2609,3103.0,59710.0,243949.0,0.10828230744440948
20260618,RB2610,3131.0,919634.0,1713734.0,0.04599169594378694
20260618,RB2611,3143.0,6926.0,167678.0,0.061088132357619784
20260618,RB2612,3159.0,64.0,4222.0,0.0002560901437305989
20260618,RB2701,3165.0,37703.0,177685.0,0.034123222748814186
20260618,RB2702,3174.0,36.0,403.0,0.011342155009450572
20260618,RB2703,3177.0,31.0,2295.0,0.018885741265344258
20260618,RB2704,3182.0,64.0,2081.0,-0.03771213073538604
20260618,RB2705,3172.0,5741.0,15317.0,0.02648171500630525
20260618,RB2706,3179.0,22.0,14.0,0.0
20260622,RB2607,3163.0,11298.0,39051.0,-0.32627252608283275
20260622,RB2608,3077.0,910.0,2396.0,0.09749756256093534
20260622,RB2609,3102.0,36854.0,246390.0,0.09671179883945946
20260622,RB2610,3127.0,471992.0,1744022.0,0.0422129836904368
20260622,RB2611,3138.0,4450.0,169118.0,0.07648183556405286
20260622,RB2612,3158.0,34.0,4226.0,0.00017078082415980742
20260622,RB2701,3162.0,14219.0,179936.0,0.041745730550283966
20260622,RB2702,3173.0,22.0,401.0,0.022691459186889418
20260622,RB2703,3179.0,23.0,2298.0,-0.018873859704309215
20260622,RB2704,3174.0,22.0,2086.0,-0.0302457466918713
20260622,RB2705,3166.0,3353.0,17230.0,0.03411244472520458
20260622,RB2706,3175.0,11.0,14.0,0.0
20260623,RB2607,3158.0,16573.0,37712.0,-0.3381887270424313
20260623,RB2608,3069.0,263.0,2336.0,0.058651026392961825
20260623,RB2609,3084.0,35679.0,249096.0,0.10894941634241206
20260623,RB2610,3112.0,496953.0,1790093.0,0.03084832904884216
20260623,RB2611,3120.0,5974.0,171309.0,0.06153846153846132
20260623,RB2612,3136.0,50.0,4213.0,0.0004729419857830895
20260623,RB2701,3147.0,19608.0,182112.0,0.04575786463298481
20260623,RB2702,3159.0,15.0,404.0,0.0
20260623,RB2703,3159.0,44.0,2303.0,0.003798670465337217
20260623,RB2704,3160.0,64.0,2125.0,-0.0493670886075952
20260623,RB2705,3147.0,4183.0,19566.0,0.06863679694947589
20260623,RB2706,3165.0,9.0,19.0,0.0
20260624,RB2607,3155.0,35279.0,40592.0,-0.26244057052297887
20260624,RB2608,3086.0,220.0,2252.0,-0.019442644199610726
20260624,RB2609,3081.0,46014.0,250841.0,0.11684518013632061
20260624,RB2610,3111.0,530582.0,1839630.0,0.03471552555448287
20260624,RB2611,3120.0,6618.0,173961.0,0.06153846153846132
20260624,RB2612,3136.0,24.0,4214.0,0.0004299472598027896
20260624,RB2701,3146.0,18114.0,184582.0,0.038143674507311154
20260624,RB2702,3156.0,13.0,402.0,0.01901140684410585
20260624,RB2703,3161.0,15.0,2302.0,-0.007592534008225016
20260624,RB2704,3159.0,54.0,2104.0,-0.02659069325736052
20260624,RB2705,3152.0,2859.0,20621.0,0.045685279187818395
20260624,RB2706,3164.0,26.0,27.0,0.0
20260625,RB2607,3149.0,17444.0,35485.0,-0.3086694188631318
20260625,RB2608,3068.0,284.0,2256.0,0.0
20260625,RB2609,3068.0,38082.0,252954.0,0.11734028683181297
20260625,RB2610,3098.0,742507.0,1897730.0,0.05422853453841281
20260625,RB2611,3112.0,6656.0,176655.0,0.061696658097686985
20260625,RB2612,3128.0,81.0,4228.0,0.00034483749533031655
20260625,RB2701,3136.0,26067.0,185573.0,0.042091836734694965
20260625,RB2702,3147.0,22.0,418.0,0.003813155386082734
20260625,RB2703,3148.0,49.0,2295.0,0.015247776365947097
20260625,RB2704,3152.0,53.0,2111.0,-0.03807106598984733
20260625,RB2705,3142.0,3980.0,21630.0,0.030553787396563337
20260625,RB2706,3150.0,20.0,26.0,0.0
20260626,RB2607,3144.0,9786.0,30530.0,-0.278625954198473
20260626,RB2608,3071.0,373.0,2242.0,-0.019537609899056285
20260626,RB2609,3066.0,41871.0,255288.0,0.10567514677103684
20260626,RB2610,3093.0,684521.0,1901198.0,0.05819592628516013
20260626,RB2611,3108.0,8921.0,181399.0,0.04633204633204624
20260626,RB2612,3120.0,56.0,4243.0,0.0005185825410544494
20260626,RB2701,3132.0,27395.0,187641.0,0.07662835249042033
20260626,RB2702,3152.0,25.0,411.0,-0.015228426395939465
20260626,RB2703,3148.0,76.0,2272.0,-0.015247776365947097
20260626,RB2704,3144.0,67.0,2114.0,-0.04580152671755666
20260626,RB2705,3132.0,7665.0,25310.0,0.10727969348659006
20260626,RB2706,3160.0,50.0,63.0,0.0
