date,symbol,close,volume,open_interest,roll_yield
20250526,SP2506,5404.0,74.0,579.0,-0.0044419767303429
20250526,SP2507,5402.0,265700.0,91326.0,-0.1026219304979729
20250526,SP2508,5356.0,64.0,417.0,-0.1261272872501992
20250526,SP2509,5300.0,59247.0,71136.0,-0.1228912693607303
20250526,SP2510,5246.0,135.0,219.0,-0.1056870702876025
20250526,SP2511,5200.0,10034.0,42254.0,-0.0508769310964296
20250526,SP2512,5178.0,238.0,2306.0,0.279455270744763
20250526,SP2601,5300.0,1964.0,8961.0,-0.0681174960576622
20250526,SP2602,5270.0,9.0,29.0,0.0136544676215673
20250526,SP2603,5276.0,26.0,178.0,-0.0091012518583445
20250526,SP2604,5272.0,17.0,52.0,0.0409013840400223
20250526,SP2605,5290.0,44.0,94.0,0.0
20250527,SP2506,5290.0,106.0,574.0,-0.0363498952693568
20250527,SP2507,5274.0,264717.0,83067.0,-0.050161577886542
20250527,SP2508,5252.0,88.0,435.0,-0.156383968686914
20250527,SP2509,5184.0,93536.0,76157.0,-0.0324512463556301
20250527,SP2510,5170.0,244.0,310.0,-0.0791774655921321
20250527,SP2511,5136.0,21276.0,44594.0,-0.0702989708204157
20250527,SP2512,5106.0,1314.0,2272.0,0.2557740696607171
20250527,SP2601,5216.0,4070.0,8866.0,-0.0138116263089156
20250527,SP2602,5210.0,9.0,25.0,-0.0230547621347271
20250527,SP2603,5200.0,159.0,300.0,0.0322642790871407
20250527,SP2604,5214.0,52.0,81.0,-0.0230370583326131
20250527,SP2605,5204.0,291.0,302.0,0.0
20250528,SP2506,5330.0,15.0,562.0,-0.0090090094321527
20250528,SP2507,5326.0,187899.0,84772.0,-0.1222882822984128
20250528,SP2508,5272.0,249.0,474.0,-0.1327497802667538
20250528,SP2509,5214.0,56040.0,78019.0,-0.0507400333142527
20250528,SP2510,5192.0,180.0,306.0,-0.0648900770087138
20250528,SP2511,5164.0,11435.0,45119.0,-0.1026844071957554
20250528,SP2512,5120.0,445.0,2395.0,0.2642563806784518
20250528,SP2601,5234.0,1870.0,8742.0,-0.0183556441144002
20250528,SP2602,5226.0,0.0,25.0,-0.1014610195020304
20250528,SP2603,5182.0,103.0,286.0,0.0046305229206648
20250528,SP2604,5184.0,29.0,89.0,-0.0046305229206637
20250528,SP2605,5182.0,260.0,367.0,0.0
20250529,SP2506,5468.0,110.0,574.0,0.0525548285282581
20250529,SP2507,5492.0,325254.0,98650.0,-0.1274037228188232
20250529,SP2508,5434.0,459.0,426.0,-0.1734969981027586
20250529,SP2509,5356.0,95850.0,78563.0,-0.0809294937044771
20250529,SP2510,5320.0,146.0,306.0,-0.0769378460574671
20250529,SP2511,5286.0,13157.0,45567.0,-0.1048838141897598
20250529,SP2512,5240.0,840.0,2474.0,0.2582693611825208
20250529,SP2601,5354.0,2739.0,8652.0,-0.1579267012569825
20250529,SP2602,5284.0,5.0,25.0,-0.0409479070315345
20250529,SP2603,5266.0,33.0,288.0,-0.0091185414721998
20250529,SP2604,5262.0,19.0,86.0,-0.0273972721748235
20250529,SP2605,5250.0,74.0,357.0,0.0
20250530,SP2506,5438.0,33.0,564.0,-0.0530778602180347
20250530,SP2507,5414.0,380105.0,76050.0,-0.1113387092721284
20250530,SP2508,5364.0,264.0,449.0,-0.1576303393742713
20250530,SP2509,5294.0,85140.0,76398.0,-0.0681949173827218
20250530,SP2510,5264.0,91.0,323.0,-0.0685846789807441
20250530,SP2511,5234.0,15651.0,45653.0,-0.1059304518450801
20250530,SP2512,5188.0,401.0,2540.0,0.274402200189163
20250530,SP2601,5308.0,2431.0,8438.0,-0.1044472062223216
20250530,SP2602,5262.0,7.0,22.0,-0.0961653686826438
20250530,SP2603,5220.0,26.0,282.0,0.0229665141874103
20250530,SP2604,5230.0,16.0,80.0,-0.0229665141874099
20250530,SP2605,5220.0,161.0,371.0,0.0
20250603,SP2506,5384.0,2.0,564.0,-0.1796440735063829
20250603,SP2507,5304.0,160429.0,70939.0,-0.0544218619846951
20250603,SP2508,5280.0,196.0,474.0,-0.132547529294796
20250603,SP2509,5222.0,65912.0,83863.0,-0.0460476390057274
20250603,SP2510,5202.0,34.0,327.0,-0.0601273179343245
20250603,SP2511,5176.0,9847.0,46286.0,-0.0697541200685636
20250603,SP2512,5146.0,465.0,2639.0,0.2126403867116124
20250603,SP2601,5238.0,2246.0,8574.0,0.118541997416253
20250603,SP2602,5290.0,1.0,22.0,-0.256792374490346
20250603,SP2603,5178.0,40.0,279.0,-0.0139130450368178
20250603,SP2604,5172.0,8.0,81.0,0.0046394742507164
20250603,SP2605,5174.0,115.0,405.0,0.0
20250604,SP2506,5384.0,0.0,564.0,-0.1932264179105852
20250604,SP2507,5298.0,173094.0,65326.0,-0.045385833224948
20250604,SP2508,5278.0,115.0,490.0,-0.0958726804017463
20250604,SP2509,5236.0,65318.0,87411.0,-0.0827906695232618
20250604,SP2510,5200.0,54.0,323.0,-0.0508769310964296
20250604,SP2511,5178.0,14082.0,46629.0,-0.0697270991455875
20250604,SP2512,5148.0,524.0,2793.0,0.2354374424358263
20250604,SP2601,5250.0,2047.0,8594.0,0.0910820312001078
20250604,SP2602,5290.0,0.0,22.0,-0.1828606812591899
20250604,SP2603,5210.0,96.0,242.0,-0.0138275413802006
20250604,SP2604,5204.0,25.0,65.0,-0.0046127234855891
20250604,SP2605,5202.0,90.0,434.0,0.0
20250605,SP2506,5384.0,0.0,564.0,-0.2340659354910794
20250605,SP2507,5280.0,125519.0,61727.0,-0.0273037660456264
20250605,SP2508,5268.0,77.0,485.0,-0.0914638574287094
20250605,SP2509,5228.0,50788.0,87352.0,-0.0690583145121241
20250605,SP2510,5198.0,14.0,324.0,-0.0648149723875292
20250605,SP2511,5170.0,10127.0,46227.0,-0.0605004190202334
20250605,SP2512,5144.0,160.0,2829.0,0.226465415590755
20250605,SP2601,5242.0,1291.0,8637.0,-0.0229138889558039
20250605,SP2602,5232.0,5.0,26.0,-0.0690053655412539
20250605,SP2603,5202.0,103.0,316.0,-0.0230902514960509
20250605,SP2604,5192.0,7.0,66.0,0.0230902514960503
20250605,SP2605,5202.0,49.0,474.0,0.0
20250606,SP2506,5258.0,34.0,588.0,0.0501044569257671
20250606,SP2507,5280.0,175675.0,55942.0,-0.0546697984303282
20250606,SP2508,5256.0,174.0,494.0,-0.0732826704981534
20250606,SP2509,5224.0,76735.0,87080.0,-0.0737329508680931
20250606,SP2510,5192.0,15.0,323.0,-0.0602434167376815
20250606,SP2511,5166.0,12326.0,46174.0,-0.0558790299594116
20250606,SP2512,5142.0,127.0,2803.0,0.2265526738710379
20250606,SP2601,5240.0,1835.0,8808.0,-0.0550880845031874
20250606,SP2602,5216.0,19.0,26.0,-0.0368663884436416
20250606,SP2603,5200.0,160.0,444.0,-0.0092343213483424
20250606,SP2604,5196.0,21.0,77.0,0.0138488186172794
20250606,SP2605,5202.0,230.0,599.0,0.0
20250609,SP2506,5380.0,22.0,584.0,0.0311862065261417
20250609,SP2507,5394.0,217821.0,62185.0,-0.1072632840097309
20250609,SP2508,5346.0,212.0,506.0,-0.1263644621582303
20250609,SP2509,5290.0,85924.0,92260.0,-0.0363498952693568
20250609,SP2510,5274.0,33.0,315.0,-0.1051235060294328
20250609,SP2511,5228.0,13446.0,46459.0,-0.0829177963222396
20250609,SP2512,5192.0,305.0,2786.0,0.2379940707950188
20250609,SP2601,5296.0,2750.0,8803.0,-0.1092572039150304
20250609,SP2602,5248.0,48.0,64.0,-0.0641957969668871
20250609,SP2603,5220.0,202.0,554.0,-0.0230105535512618
20250609,SP2604,5210.0,5.0,78.0,0.0138116263089141
20250609,SP2605,5216.0,224.0,728.0,0.0
20250610,SP2506,5352.0,0.0,584.0,0.0536913647390532
20250610,SP2507,5376.0,114323.0,57387.0,-0.0986184108526345
20250610,SP2508,5332.0,79.0,503.0,-0.1085161878766007
20250610,SP2509,5284.0,50610.0,92458.0,-0.0957633811063715
20250610,SP2510,5242.0,11.0,316.0,-0.064269472678856
20250610,SP2511,5214.0,10923.0,46423.0,-0.0646155407380482
20250610,SP2512,5186.0,81.0,2783.0,0.2201055211016133
20250610,SP2601,5282.0,1970.0,8985.0,-0.0866429756818442
20250610,SP2602,5244.0,67.0,124.0,-0.0780565216341347
20250610,SP2603,5210.0,246.0,698.0,-0.0138275413802006
20250610,SP2604,5204.0,2.0,78.0,-0.0046127234855891
20250610,SP2605,5202.0,226.0,872.0,0.0
20250611,SP2506,5344.0,58.0,548.0,0.0044901777885918
20250611,SP2507,5346.0,84531.0,52884.0,-0.076562466511134
20250611,SP2508,5312.0,127.0,448.0,-0.1180486250941709
20250611,SP2509,5260.0,50633.0,91904.0,-0.0640489511366512
20250611,SP2510,5232.0,10.0,312.0,-0.0920956170373043
20250611,SP2511,5192.0,8836.0,46458.0,-0.0648900770087138
20250611,SP2512,5164.0,112.0,2804.0,0.2438266748264998
20250611,SP2601,5270.0,1364.0,9099.0,-0.0960188014955449
20250611,SP2602,5228.0,88.0,202.0,-0.0552148213406004
20250611,SP2603,5204.0,130.0,761.0,0.0
20250611,SP2604,5204.0,0.0,78.0,-0.0323263616695394
20250611,SP2605,5190.0,109.0,939.0,0.0
20250612,SP2506,5246.0,2.0,550.0,0.0502188292362327
20250612,SP2507,5268.0,118226.0,48551.0,-0.0273660323847026
20250612,SP2508,5256.0,352.0,481.0,-0.0962755880519923
20250612,SP2509,5214.0,61095.0,94234.0,-0.0368805515041376
20250612,SP2510,5198.0,48.0,335.0,-0.0833980190745166
20250612,SP2511,5162.0,13024.0,46461.0,-0.0419173723332469
20250612,SP2512,5144.0,124.0,2854.0,0.2310429475936224
20250612,SP2601,5244.0,1369.0,9033.0,-0.0780565216341347
20250612,SP2602,5210.0,113.0,289.0,-0.0507790717329367
20250612,SP2603,5188.0,169.0,767.0,0.0092485553710982
20250612,SP2604,5192.0,5.0,75.0,0.009241432878771
20250612,SP2605,5196.0,141.0,1033.0,0.0
20250613,SP2506,5288.0,4.0,552.0,-0.1048439717780464
20250613,SP2507,5242.0,131438.0,47962.0,-0.009160305788334
20250613,SP2508,5238.0,192.0,450.0,-0.0919897183946597
20250613,SP2509,5198.0,87128.0,96266.0,-0.0323637260318994
20250613,SP2510,5184.0,136.0,400.0,-0.1350159732971307
20250613,SP2511,5126.0,15868.0,48599.0,-0.0610210585391908
20250613,SP2512,5100.0,1011.0,3366.0,0.2376315275541567
20250613,SP2601,5202.0,3584.0,9827.0,-0.0647649991514693
20250613,SP2602,5174.0,4.0,287.0,-0.032514051244392
20250613,SP2603,5160.0,66.0,779.0,0.0278745769936767
20250613,SP2604,5172.0,8.0,74.0,-0.0278745769936756
20250613,SP2605,5160.0,303.0,1128.0,0.0
20250616,SP2506,5288.0,2.0,552.0,-0.0318121754194829
20250616,SP2507,5274.0,98182.0,45539.0,-0.0227747268969461
20250616,SP2508,5264.0,278.0,412.0,-0.0731709584174213
20250616,SP2509,5232.0,78652.0,100706.0,-0.1105998612590874
20250616,SP2510,5184.0,61.0,380.0,-0.0603366190898463
20250616,SP2511,5158.0,12145.0,48330.0,-0.0934220366586719
20250616,SP2512,5118.0,932.0,3159.0,0.2735293237206783
20250616,SP2601,5236.0,2362.0,10185.0,-0.1058898104382749
20250616,SP2602,5190.0,37.0,262.0,-0.0416908352182353
20250616,SP2603,5172.0,15.0,784.0,-0.0046412686712797
20250616,SP2604,5170.0,3.0,74.0,0.0278207234349651
20250616,SP2605,5182.0,71.0,1131.0,0.0
20250617,SP2507,5220.0,118333.0,38152.0,0.0367253538372735
20250617,SP2508,5236.0,285.0,537.0,-0.0505263904361219
20250617,SP2509,5214.0,89775.0,102925.0,-0.0322642790871391
20250617,SP2510,5200.0,65.0,376.0,-0.1019704861252879
20250617,SP2511,5156.0,14723.0,47015.0,-0.0840797523062946
20250617,SP2512,5120.0,330.0,3104.0,0.2504922805267081
20250617,SP2601,5228.0,2554.0,10229.0,-0.0967933037460341
20250617,SP2602,5186.0,19.0,259.0,-0.0185256694455211
20250617,SP2603,5178.0,27.0,787.0,0.0601041518509556
20250617,SP2604,5204.0,4.0,75.0,-0.009227220754526
20250617,SP2605,5200.0,105.0,1096.0,0.0
20250617,SP2606,5200.0,3.0,3.0,0.0
20250618,SP2507,5240.0,57300.0,33733.0,0.0274494972911887
20250618,SP2508,5252.0,153.0,509.0,-0.0549619281428911
20250618,SP2509,5228.0,78703.0,104958.0,-0.0183767264091376
20250618,SP2510,5220.0,10.0,375.0,-0.1015781363513749
20250618,SP2511,5176.0,13848.0,47179.0,-0.1071227761910553
20250618,SP2512,5130.0,1037.0,2610.0,0.2408417391033124
20250618,SP2601,5234.0,1810.0,10538.0,-0.0920602904087692
20250618,SP2602,5194.0,4.0,258.0,0.0138541481618985
20250618,SP2603,5200.0,41.0,798.0,-0.0138541481618998
20250618,SP2604,5194.0,7.0,76.0,0.0138541481618985
20250618,SP2605,5200.0,125.0,1137.0,0.0138381718199024
20250618,SP2606,5206.0,1.0,3.0,0.0
20250619,SP2507,5250.0,53141.0,24702.0,0.0182717964498845
20250619,SP2508,5258.0,207.0,456.0,-0.009132420532096
20250619,SP2509,5254.0,175029.0,112705.0,-0.0641222899791281
20250619,SP2510,5226.0,29.0,370.0,-0.041403146305832
20250619,SP2511,5208.0,20379.0,47285.0,-0.1157639693653812
20250619,SP2512,5158.0,456.0,2461.0,0.2486658433795757
20250619,SP2601,5266.0,2703.0,10861.0,-0.1052839101548434
20250619,SP2602,5220.0,9.0,262.0,-0.032227143866084
20250619,SP2603,5206.0,138.0,913.0,0.0
20250619,SP2604,5206.0,7.0,71.0,0.0
20250619,SP2605,5206.0,294.0,1290.0,0.041419024821076
20250619,SP2606,5224.0,6.0,8.0,0.0
20250620,SP2507,5124.0,40956.0,18730.0,0.0093640270065732
20250620,SP2508,5128.0,342.0,433.0,-0.0187353668034295
20250620,SP2509,5120.0,284765.0,136940.0,-0.0187646637141931
20250620,SP2510,5112.0,341.0,467.0,-0.0659083649763123
20250620,SP2511,5084.0,34319.0,50432.0,-0.0188976417007968
20250620,SP2512,5076.0,1431.0,2266.0,0.2109017378580899
20250620,SP2601,5166.0,6535.0,11872.0,-0.0745633466964008
20250620,SP2602,5134.0,31.0,262.0,-0.0187134540848319
20250620,SP2603,5126.0,127.0,927.0,0.0187134540848312
20250620,SP2604,5134.0,13.0,69.0,0.0
20250620,SP2605,5134.0,304.0,1334.0,0.0186843167369878
20250620,SP2606,5142.0,23.0,25.0,0.0
20250623,SP2507,5248.0,67624.0,13174.0,0.0365297085747366
20250623,SP2508,5264.0,955.0,498.0,0.0318725286973945
20250623,SP2509,5278.0,762032.0,124678.0,0.0090909095256975
20250623,SP2510,5282.0,771.0,528.0,-0.0090909095256983
20250623,SP2511,5278.0,71740.0,51264.0,-0.0318725286973955
20250623,SP2512,5264.0,4961.0,1922.0,0.4694209991456561
20250623,SP2601,5474.0,50956.0,22271.0,-0.0791791728985002
20250623,SP2602,5438.0,505.0,469.0,-0.0841487116806028
20250623,SP2603,5400.0,589.0,1050.0,-0.075794418801555
20250623,SP2604,5366.0,81.0,72.0,0.0935590408467678
20250623,SP2605,5408.0,1361.0,1539.0,-0.026656804741842
20250623,SP2606,5396.0,36.0,23.0,0.0
20250624,SP2507,5130.0,19277.0,10657.0,0.03736865612249
20250624,SP2508,5146.0,401.0,464.0,-0.0233417696627087
20250624,SP2509,5136.0,431732.0,145815.0,-0.0093494356112403
20250624,SP2510,5132.0,254.0,540.0,-0.0187207526268267
20250624,SP2511,5124.0,47977.0,58391.0,-0.0046847550858517
20250624,SP2512,5122.0,1615.0,2575.0,0.5226188775669796
20250624,SP2601,5350.0,22625.0,23357.0,-0.0494475320379265
20250624,SP2602,5328.0,121.0,411.0,-0.0587019044550511
20250624,SP2603,5302.0,218.0,1134.0,0.0045257402007307
20250624,SP2604,5304.0,7.0,72.0,-0.0090531879058227
20250624,SP2605,5300.0,371.0,1637.0,0.0632293521601418
20250624,SP2606,5328.0,18.0,28.0,0.0
20250625,SP2507,5060.0,8580.0,9194.0,0.0189573499142212
20250625,SP2508,5068.0,381.0,459.0,0.0047346617303896
20250625,SP2509,5070.0,299380.0,165019.0,-0.0047346617303904
20250625,SP2510,5068.0,178.0,565.0,-0.0237013705334307
20250625,SP2511,5058.0,34672.0,64669.0,0.0189648399805199
20250625,SP2512,5066.0,2163.0,3924.0,0.5418632277431112
20250625,SP2601,5300.0,12874.0,25032.0,-0.072672440124499
20250625,SP2602,5268.0,537.0,616.0,-0.0365019292858186
20250625,SP2603,5252.0,488.0,1234.0,0.018264843708824
20250625,SP2604,5260.0,18.0,74.0,0.0136804118939889
20250625,SP2605,5266.0,660.0,2045.0,-0.0045584046132195
20250625,SP2606,5264.0,8.0,31.0,0.0
20250626,SP2507,5060.0,3695.0,8044.0,-0.0189873457335538
20250626,SP2508,5052.0,273.0,573.0,0.0332081650948653
20250626,SP2509,5066.0,228902.0,177468.0,0.0
20250626,SP2510,5066.0,328.0,660.0,-0.0427131160868569
20250626,SP2511,5048.0,28380.0,68888.0,0.0047534165802769
20250626,SP2512,5050.0,554.0,4009.0,0.4980354088289718
20250626,SP2601,5264.0,11812.0,25556.0,-0.1191304171250093
20250626,SP2602,5212.0,698.0,1089.0,-0.0046056419678777
20250626,SP2603,5210.0,2659.0,2276.0,-0.0138275413802006
20250626,SP2604,5204.0,19.0,81.0,0.0138275413801997
20250626,SP2605,5210.0,2479.0,3800.0,0.0367957359977417
20250626,SP2606,5226.0,26.0,44.0,0.0
20250627,SP2507,5090.0,3476.0,6937.0,0.0141370524891689
20250627,SP2508,5096.0,309.0,471.0,0.0
20250627,SP2509,5096.0,264387.0,178365.0,0.0
20250627,SP2510,5096.0,191.0,654.0,-0.0471884210126515
20250627,SP2511,5076.0,24940.0,71292.0,-0.0094599926065971
20250627,SP2512,5072.0,1231.0,4141.0,0.5185992179973868
20250627,SP2601,5296.0,12435.0,27131.0,-0.1596678184354366
20250627,SP2602,5226.0,658.0,1484.0,-0.0091883618578039
20250627,SP2603,5222.0,2098.0,2931.0,-0.0183978571875256
20250627,SP2604,5214.0,7.0,82.0,0.0138010365988477
20250627,SP2605,5220.0,1446.0,4320.0,-0.0091989272423468
20250627,SP2606,5216.0,32.0,53.0,0.0
20250630,SP2507,5042.0,3525.0,5253.0,0.0237765086701984
20250630,SP2508,5052.0,281.0,520.0,0.0284697642435647
20250630,SP2509,5064.0,307472.0,194349.0,-0.0047402726273131
20250630,SP2510,5062.0,162.0,672.0,-0.0237294916162514
20250630,SP2511,5052.0,36440.0,73328.0,-0.0047515344117141
20250630,SP2512,5050.0,1562.0,4444.0,0.4752173757129564
20250630,SP2601,5254.0,13115.0,29029.0,-0.1239727881115978
20250630,SP2602,5200.0,182.0,1582.0,-0.0277243095982111
20250630,SP2603,5188.0,1256.0,3291.0,-0.023152621498219
20250630,SP2604,5178.0,18.0,86.0,0.0508769310964289
20250630,SP2605,5200.0,2193.0,5948.0,-0.0555128206653862
20250630,SP2606,5176.0,23.0,64.0,0.0
20250701,SP2507,5010.0,835.0,4998.0,0.0478088281784941
20250701,SP2508,5030.0,301.0,523.0,-0.0095465398829694
20250701,SP2509,5026.0,206076.0,207296.0,0.0143169633208677
20250701,SP2510,5032.0,374.0,611.0,-0.0238711039529539
20250701,SP2511,5022.0,19522.0,73310.0,-0.0047799243810654
20250701,SP2512,5020.0,521.0,4424.0,0.4596106910485686
20250701,SP2601,5216.0,6955.0,29616.0,-0.1202322196794691
20250701,SP2602,5164.0,111.0,1604.0,0.0046466602710321
20250701,SP2603,5166.0,449.0,3272.0,0.0046448616798227
20250701,SP2604,5168.0,3.0,88.0,0.0046430644804431
20250701,SP2605,5170.0,561.0,6193.0,0.0278207234349651
20250701,SP2606,5182.0,6.0,67.0,0.0
20250702,SP2507,5048.0,890.0,4694.0,0.0332344426082423
20250702,SP2508,5062.0,126.0,521.0,0.023682660143911
20250702,SP2509,5072.0,294607.0,195464.0,0.0283576343073936
20250702,SP2510,5084.0,177.0,585.0,-0.0378250904197802
20250702,SP2511,5068.0,32543.0,72903.0,0.0
20250702,SP2512,5068.0,1576.0,4423.0,0.5008454904142359
20250702,SP2601,5284.0,23947.0,32865.0,-0.1554307444287251
20250702,SP2602,5216.0,54.0,1597.0,0.0367534743665487
20250702,SP2603,5232.0,1143.0,3554.0,-0.0091778207150644
20250702,SP2604,5228.0,13.0,89.0,0.0137641001517429
20250702,SP2605,5234.0,2235.0,6707.0,0.0045845272763938
20250702,SP2606,5236.0,30.0,81.0,0.0
20250703,SP2507,5066.0,618.0,4498.0,0.0331165201308841
20250703,SP2508,5080.0,136.0,524.0,0.0330253796024957
20250703,SP2509,5094.0,236539.0,187843.0,0.0141259580761779
20250703,SP2510,5100.0,155.0,586.0,-0.0235525100141844
20250703,SP2511,5090.0,21733.0,72492.0,-0.0047160542953247
20250703,SP2512,5088.0,2217.0,4561.0,0.5034411561327231
20250703,SP2601,5306.0,8972.0,33194.0,-0.1364684912503918
20250703,SP2602,5246.0,52.0,1597.0,-0.0091533185216084
20250703,SP2603,5242.0,192.0,3495.0,-0.0320917096708693
20250703,SP2604,5228.0,2.0,89.0,0.045819070557748
20250703,SP2605,5248.0,902.0,6680.0,0.0274077012939659
20250703,SP2606,5260.0,6.0,82.0,0.0
20250704,SP2507,5040.0,298.0,4468.0,0.0
20250704,SP2508,5040.0,58.0,528.0,0.0664821645073842
20250704,SP2509,5068.0,252575.0,193700.0,0.0425448544924242
20250704,SP2510,5086.0,144.0,647.0,-0.0378101927620338
20250704,SP2511,5070.0,25840.0,75498.0,-0.0094711922833003
20250704,SP2512,5066.0,2310.0,5091.0,0.4964945536642396
20250704,SP2601,5280.0,10784.0,33077.0,-0.1601549034347352
20250704,SP2602,5210.0,141.0,1683.0,0.0276073741399388
20250704,SP2603,5222.0,453.0,3633.0,-0.0276073741399382
20250704,SP2604,5210.0,29.0,105.0,0.0413872799603985
20250704,SP2605,5228.0,1496.0,6852.0,0.0
20250704,SP2606,5228.0,40.0,93.0,0.0
20250707,SP2507,5034.0,424.0,4426.0,0.0428316933014478
20250707,SP2508,5052.0,28.0,532.0,0.052143080266146
20250707,SP2509,5074.0,208387.0,194336.0,0.0236267058014108
20250707,SP2510,5084.0,233.0,626.0,-0.0094451008418045
20250707,SP2511,5080.0,22632.0,76668.0,-0.0094525408589918
20250707,SP2512,5076.0,1249.0,5191.0,0.4637362200351239
20250707,SP2601,5276.0,6746.0,32622.0,-0.1280499955262503
20250707,SP2602,5220.0,8.0,1683.0,-0.0230105535512618
20250707,SP2603,5210.0,227.0,3629.0,0.0138116263089141
20250707,SP2604,5216.0,8.0,105.0,0.0091989272423455
20250707,SP2605,5220.0,855.0,6931.0,0.004596820588676
20250707,SP2606,5222.0,14.0,101.0,0.0
20250708,SP2507,5032.0,920.0,4296.0,0.0855449167290394
20250708,SP2508,5068.0,77.0,574.0,0.0425448544924242
20250708,SP2509,5086.0,193410.0,190507.0,0.032986472764225
20250708,SP2510,5100.0,68.0,619.0,-0.03770623683687
20250708,SP2511,5084.0,24031.0,76915.0,-0.0047216211508229
20250708,SP2512,5082.0,1005.0,5024.0,0.4904306268832467
20250708,SP2601,5294.0,6366.0,32858.0,-0.1276122926326729
20250708,SP2602,5238.0,2.0,1683.0,-0.0275229478451928
20250708,SP2603,5226.0,132.0,3638.0,0.013769364677723
20250708,SP2604,5232.0,1.0,105.0,0.0045862794366783
20250708,SP2605,5234.0,553.0,6990.0,0.0366272699469387
20250708,SP2606,5250.0,12.0,112.0,0.0
20250709,SP2507,5070.0,70.0,4272.0,0.0094637228879806
20250709,SP2508,5074.0,25.0,575.0,0.0754422917064244
20250709,SP2509,5106.0,184248.0,186499.0,0.0281690270196586
20250709,SP2510,5118.0,112.0,582.0,-0.0187720022638086
20250709,SP2511,5110.0,23450.0,77148.0,-0.004697592543842
20250709,SP2512,5108.0,2105.0,4883.0,0.483472255806423
20250709,SP2601,5318.0,11192.0,32997.0,-0.1361587981576636
20250709,SP2602,5258.0,17.0,1685.0,0.0228006908801414
20250709,SP2603,5268.0,370.0,3715.0,-0.0502188292362318
20250709,SP2604,5246.0,12.0,105.0,0.0456621555532298
20250709,SP2605,5266.0,775.0,7206.0,-0.0045584046132195
20250709,SP2606,5264.0,18.0,105.0,0.0
20250710,SP2507,5150.0,136.0,4274.0,0.0511529548075948
20250710,SP2508,5172.0,80.0,598.0,0.0555556547849037
20250710,SP2509,5196.0,321059.0,150710.0,-0.018489988249868
20250710,SP2510,5188.0,171.0,543.0,-0.0046269520526982
20250710,SP2511,5186.0,45325.0,75555.0,-0.0277992402316226
20250710,SP2512,5174.0,2379.0,4461.0,0.4818829275068378
20250710,SP2601,5386.0,16563.0,32475.0,-0.1660149865832931
20250710,SP2602,5312.0,91.0,1684.0,0.0045172219618678
20250710,SP2603,5314.0,404.0,3701.0,-0.0135567704119276
20250710,SP2604,5308.0,2.0,105.0,0.0180722925724542
20250710,SP2605,5316.0,1212.0,7140.0,-0.0271186556092497
20250710,SP2606,5304.0,31.0,116.0,0.0
20250711,SP2507,5196.0,192.0,4258.0,0.0414986004354826
20250711,SP2508,5214.0,51.0,588.0,0.0459418631597282
20250711,SP2509,5234.0,277602.0,145099.0,-0.013764100151743
20250711,SP2510,5228.0,195.0,472.0,-0.0413872799604001
20250711,SP2511,5210.0,42461.0,75198.0,-0.0507790717329367
20250711,SP2512,5188.0,2734.0,3761.0,0.4894938437250593
20250711,SP2601,5404.0,18650.0,32048.0,-0.1834829705094593
20250711,SP2602,5322.0,5.0,1684.0,0.0045087357284134
20250711,SP2603,5324.0,953.0,3711.0,0.0270168969654891
20250711,SP2604,5336.0,10.0,99.0,-0.0270168969654884
20250711,SP2605,5324.0,1523.0,7104.0,-0.0180451161823954
20250711,SP2606,5316.0,39.0,113.0,0.0
20250714,SP2507,5190.0,16.0,4252.0,0.0691644566010016
20250714,SP2508,5220.0,123.0,597.0,0.0550459680828736
20250714,SP2509,5244.0,175918.0,146062.0,-0.0045775320028663
20250714,SP2510,5242.0,187.0,427.0,-0.0504684360800073
20250714,SP2511,5220.0,23140.0,76625.0,-0.0414508184170506
20250714,SP2512,5202.0,1126.0,3797.0,0.4571550368579109
20250714,SP2601,5404.0,12162.0,32933.0,-0.1519573378155573
20250714,SP2602,5336.0,7.0,1686.0,0.0179775314522639
20250714,SP2603,5344.0,561.0,3848.0,-0.0540135945694984
20250714,SP2604,5320.0,24.0,87.0,0.0405329715453532
20250714,SP2605,5338.0,993.0,7393.0,-0.0450450979380513
20250714,SP2606,5318.0,25.0,103.0,0.0
20250715,SP2507,5186.0,14.0,4244.0,0.0876084582918866
20250715,SP2508,5224.0,216.0,756.0,0.086973487727652
20250715,SP2509,5262.0,214683.0,146246.0,-0.0091254757249378
20250715,SP2510,5258.0,438.0,393.0,-0.0640733787702958
20250715,SP2511,5230.0,26670.0,76576.0,-0.0505844780467607
20250715,SP2512,5208.0,836.0,3800.0,0.4655074354300965
20250715,SP2601,5414.0,12858.0,32506.0,-0.1696456825173244
20250715,SP2602,5338.0,3.0,1686.0,0.0493550892045382
20250715,SP2603,5360.0,649.0,3931.0,-0.0628508731949809
20250715,SP2604,5332.0,7.0,86.0,0.0449270461135807
20250715,SP2605,5352.0,892.0,7411.0,-0.0674538032451581
20250715,SP2606,5322.0,34.0,102.0,0.0
20250716,SP2508,5206.0,38.0,759.0,0.0826955799460924
20250716,SP2509,5242.0,159940.0,143433.0,-0.009160305788334
20250716,SP2510,5238.0,234.0,408.0,-0.0551091668905218
20250716,SP2511,5214.0,22020.0,76632.0,-0.0692442775360364
20250716,SP2512,5184.0,1117.0,3792.0,0.4943075558454023
20250716,SP2601,5402.0,7549.0,32477.0,-0.1520139553272157
20250716,SP2602,5334.0,20.0,1688.0,0.0269663034828559
20250716,SP2603,5346.0,418.0,3925.0,-0.0539933419347575
20250716,SP2604,5322.0,13.0,86.0,0.0450113055872613
20250716,SP2605,5342.0,583.0,7444.0,-0.035995527552344
20250716,SP2606,5326.0,26.0,108.0,0.0090090094321524
20250716,SP2607,5330.0,8.0,6.0,0.0
20250717,SP2508,5222.0,327.0,805.0,0.0961286849529477
20250717,SP2509,5264.0,180569.0,141751.0,-0.022818033116016
20250717,SP2510,5254.0,103.0,406.0,-0.0457666458647287
20250717,SP2511,5234.0,22622.0,77065.0,-0.0920602904087692
20250717,SP2512,5194.0,1149.0,3705.0,0.506671565068161
20250717,SP2601,5418.0,8272.0,32316.0,-0.1515621930598586
20250717,SP2602,5350.0,46.0,1708.0,0.0268857468702287
20250717,SP2603,5362.0,293.0,3949.0,-0.0358610651644837
20250717,SP2604,5346.0,11.0,91.0,0.022425721346387
20250717,SP2605,5356.0,494.0,7547.0,-0.0044817927691837
20250717,SP2606,5354.0,11.0,118.0,-0.0089686102829469
20250717,SP2607,5350.0,1.0,6.0,0.0
20250718,SP2508,5268.0,644.0,1002.0,0.0545455484600956
20250718,SP2509,5292.0,305955.0,145689.0,-0.0682207636152996
20250718,SP2510,5262.0,329.0,448.0,-0.0045618704217897
20250718,SP2511,5260.0,38270.0,78373.0,-0.1054045348597017
20250718,SP2512,5214.0,1684.0,3710.0,0.513591898196934
20250718,SP2601,5442.0,20436.0,34197.0,-0.0929722414899099
20250718,SP2602,5400.0,123.0,1781.0,-0.0044452676929892
20250718,SP2603,5398.0,1067.0,4269.0,-0.0758225901165704
20250718,SP2604,5364.0,23.0,90.0,0.0580250340176843
20250718,SP2605,5390.0,1485.0,7629.0,-0.053551595009681
20250718,SP2606,5366.0,24.0,124.0,0.0223422146089925
20250718,SP2607,5376.0,41.0,33.0,0.0
20250721,SP2508,5300.0,185.0,951.0,0.0767352624209562
20250721,SP2509,5334.0,236135.0,145292.0,-0.0767352624209564
20250721,SP2510,5300.0,435.0,561.0,0.0
20250721,SP2511,5300.0,29771.0,80051.0,-0.0909095257014918
20250721,SP2512,5260.0,1562.0,3776.0,0.4916888905236684
20250721,SP2601,5480.0,20992.0,35798.0,-0.1099916041689606
20250721,SP2602,5430.0,22.0,1767.0,-0.0088430365092485
20250721,SP2603,5426.0,1823.0,4891.0,-0.0354374565401977
20250721,SP2604,5410.0,6.0,89.0,0.0177318096541577
20250721,SP2605,5418.0,1572.0,8059.0,0.0265486833952877
20250721,SP2606,5430.0,11.0,128.0,-0.0442804930494468
20250721,SP2607,5410.0,14.0,37.0,0.0
20250722,SP2508,5350.0,154.0,1000.0,0.0403060651375863
20250722,SP2509,5368.0,260024.0,141406.0,-0.0987659896381857
20250722,SP2510,5324.0,319.0,603.0,0.004507042306503
20250722,SP2511,5326.0,35683.0,81500.0,-0.1086389917272977
20250722,SP2512,5278.0,1399.0,3748.0,0.4987730930550068
20250722,SP2601,5502.0,19688.0,36559.0,-0.1669133791877141
20250722,SP2602,5426.0,265.0,1883.0,0.052960733260953
20250722,SP2603,5450.0,2553.0,5379.0,-0.1105998612590874
20250722,SP2604,5400.0,4.0,89.0,0.0885612875714695
20250722,SP2605,5440.0,2435.0,8840.0,-0.0530583030945284
20250722,SP2606,5416.0,17.0,127.0,0.0044304966351549
20250722,SP2607,5418.0,15.0,41.0,0.0
20250723,SP2508,5376.0,332.0,1183.0,0.0845230556551316
20250723,SP2509,5414.0,455766.0,146229.0,-0.1158138165401032
20250723,SP2510,5362.0,717.0,596.0,-0.0224006038540828
20250723,SP2511,5352.0,61560.0,83857.0,-0.103584805324553
20250723,SP2512,5306.0,2923.0,3617.0,0.4701266409545563
20250723,SP2601,5518.0,44370.0,38772.0,-0.1224054329229729
20250723,SP2602,5462.0,65.0,1868.0,0.004393190603708
20250723,SP2603,5464.0,3799.0,5879.0,-0.097023681803209
20250723,SP2604,5420.0,10.0,89.0,0.0838392820151028
20250723,SP2605,5458.0,3450.0,8921.0,-0.0971307731284473
20250723,SP2606,5414.0,33.0,104.0,0.0132914911133443
20250723,SP2607,5420.0,42.0,63.0,0.0
20250724,SP2508,5374.0,36.0,1186.0,0.1817209241743378
20250724,SP2509,5456.0,282597.0,142568.0,-0.1594119383848113
20250724,SP2510,5384.0,456.0,604.0,-0.0223089857895263
20250724,SP2511,5374.0,44654.0,86833.0,-0.0537113914246114
20250724,SP2512,5350.0,2320.0,3927.0,0.4317646354280533
20250724,SP2601,5546.0,25056.0,40592.0,-0.1699683399825986
20250724,SP2602,5468.0,33.0,1882.0,0.0219258237501987
20250724,SP2603,5478.0,2964.0,5968.0,-0.0747118326200014
20250724,SP2604,5444.0,34.0,90.0,0.0396112591475236
20250724,SP2605,5462.0,2208.0,9080.0,-0.0087912091843984
20250724,SP2606,5458.0,55.0,154.0,-0.0352293831011065
20250724,SP2607,5442.0,46.0,98.0,0.0
20250725,SP2508,5498.0,171.0,1284.0,0.0479216465514001
20250725,SP2509,5520.0,294770.0,147585.0,-0.2149573105503618
20250725,SP2510,5422.0,344.0,622.0,0.0088495579231935
20250725,SP2511,5426.0,49152.0,89531.0,-0.0576391279981352
20250725,SP2512,5400.0,1861.0,4163.0,0.3762612281679661
20250725,SP2601,5572.0,33541.0,43545.0,-0.1779096047534399
20250725,SP2602,5490.0,84.0,1873.0,-0.0262582161666347
20250725,SP2603,5478.0,4835.0,6867.0,-0.0307073828687702
20250725,SP2604,5464.0,39.0,93.0,-0.0307861631200343
20250725,SP2605,5450.0,2439.0,9432.0,0.0219981729799309
20250725,SP2606,5460.0,79.0,134.0,0.0
20250725,SP2607,5460.0,203.0,234.0,0.0
20250728,SP2508,5316.0,80.0,1265.0,0.0989140107805418
20250728,SP2509,5360.0,362233.0,131605.0,-0.1215086324059522
20250728,SP2510,5306.0,429.0,613.0,-0.0045240339838387
20250728,SP2511,5304.0,71554.0,86483.0,-0.0362538040101145
20250728,SP2512,5288.0,2083.0,4124.0,0.4454854544903863
20250728,SP2601,5488.0,46811.0,45140.0,-0.1939792422402646
20250728,SP2602,5400.0,55.0,1855.0,-0.0044452676929892
20250728,SP2603,5398.0,6897.0,8095.0,-0.0534720528301614
20250728,SP2604,5374.0,12.0,91.0,0.0044651163305878
20250728,SP2605,5376.0,3830.0,9854.0,-0.0134003364009008
20250728,SP2606,5370.0,75.0,122.0,0.0178637919107952
20250728,SP2607,5378.0,182.0,280.0,0.0
20250729,SP2508,5316.0,169.0,1235.0,0.1302164321076064
20250729,SP2509,5374.0,284621.0,130965.0,-0.0671768875074589
20250729,SP2510,5344.0,622.0,764.0,0.0358744661803918
20250729,SP2511,5360.0,60437.0,93118.0,-0.0538519976326562
20250729,SP2512,5336.0,1822.0,3802.0,0.4588794392913544
20250729,SP2601,5544.0,33979.0,47224.0,-0.1920040961572942
20250729,SP2602,5456.0,10.0,1854.0,-0.030831362161277
20250729,SP2603,5442.0,2662.0,7953.0,-0.0707705700319729
20250729,SP2604,5410.0,15.0,100.0,-0.008875740049611
20250729,SP2605,5406.0,2894.0,10530.0,-0.0444774415781844
20250729,SP2606,5386.0,25.0,143.0,0.0622223616324264
20250729,SP2607,5414.0,36.0,296.0,0.0
20250730,SP2508,5298.0,14.0,1233.0,0.0632531585023505
20250730,SP2509,5326.0,230842.0,126000.0,-0.049670814098149
20250730,SP2510,5304.0,569.0,707.0,-0.0090531879058227
20250730,SP2511,5300.0,53204.0,99385.0,-0.0135926010379997
20250730,SP2512,5294.0,1035.0,3848.0,0.4624507043696795
20250730,SP2601,5502.0,26305.0,49034.0,-0.1139526459267609
20250730,SP2602,5450.0,7.0,1855.0,-0.0972739298507626
20250730,SP2603,5406.0,935.0,7937.0,-0.0355687552002004
20250730,SP2604,5390.0,14.0,99.0,-0.0133655109417486
20250730,SP2605,5384.0,2663.0,10628.0,0.0799706773095376
20250730,SP2606,5420.0,1.0,142.0,-0.0888892953343416
20250730,SP2607,5380.0,23.0,305.0,0.0
20250731,SP2508,5190.0,34.0,1228.0,0.0967190037252029
20250731,SP2509,5232.0,205135.0,108418.0,-0.0551725109835531
20250731,SP2510,5208.0,426.0,638.0,-0.0046091800067332
20250731,SP2511,5206.0,53478.0,102316.0,-0.0092236745509653
20250731,SP2512,5202.0,1530.0,3784.0,0.4970590086001679
20250731,SP2601,5422.0,28150.0,48689.0,-0.1559331390065573
20250731,SP2602,5352.0,42.0,1854.0,-0.0044851430161459
20250731,SP2603,5350.0,1110.0,8108.0,0.0
20250731,SP2604,5350.0,16.0,88.0,-0.0269461191069937
20250731,SP2605,5338.0,3721.0,11149.0,-0.0044969084281176
20250731,SP2606,5336.0,9.0,142.0,-0.0270168969654884
20250731,SP2607,5324.0,25.0,311.0,0.0
20250801,SP2508,5230.0,14.0,1222.0,-0.1013830915243063
20250801,SP2509,5186.0,150601.0,99233.0,0.0138755074237958
20250801,SP2510,5192.0,214.0,642.0,0.0
20250801,SP2511,5192.0,45789.0,104261.0,0.0046216060652127
20250801,SP2512,5194.0,760.0,3710.0,0.5022410684330056
20250801,SP2601,5416.0,26220.0,49583.0,-0.1202459495544755
20250801,SP2602,5362.0,149.0,1937.0,0.0223588661666818
20250801,SP2603,5372.0,1374.0,8116.0,-0.0268356429393668
20250801,SP2604,5360.0,6.0,87.0,0.0089518840406567
20250801,SP2605,5364.0,2895.0,11705.0,-0.0268757111220575
20250801,SP2606,5352.0,10.0,137.0,0.0089652600359854
20250801,SP2607,5356.0,10.0,313.0,0.0
20250804,SP2508,5194.0,0.0,1222.0,-0.0602201611230714
20250804,SP2509,5168.0,124384.0,90828.0,0.0
20250804,SP2510,5168.0,130.0,632.0,0.0092843331517239
20250804,SP2511,5172.0,59203.0,111392.0,0.0231794547636853
20250804,SP2512,5182.0,1417.0,3657.0,0.4856022744670947
20250804,SP2601,5396.0,24317.0,49964.0,-0.0579603578968338
20250804,SP2602,5370.0,406.0,1957.0,0.022325587835036
20250804,SP2603,5380.0,816.0,8102.0,-0.0357409050511313
20250804,SP2604,5364.0,4.0,87.0,0.0089452109993839
20250804,SP2605,5368.0,2476.0,12102.0,0.0223338981275063
20250804,SP2606,5378.0,1.0,138.0,-0.0178637919107955
20250804,SP2607,5370.0,44.0,329.0,0.0
20250805,SP2508,5094.0,174.0,1226.0,0.1544784352344743
20250805,SP2509,5160.0,110096.0,86860.0,0.0046502616354096
20250805,SP2510,5162.0,222.0,585.0,0.0092951205267193
20250805,SP2511,5166.0,64546.0,116976.0,0.0185686690822626
20250805,SP2512,5174.0,1206.0,4127.0,0.5219200360093803
20250805,SP2601,5404.0,19747.0,52425.0,-0.0355819385980184
20250805,SP2602,5388.0,169.0,1907.0,0.0089053807426592
20250805,SP2603,5392.0,713.0,8202.0,-0.0938377524250888
20250805,SP2604,5350.0,0.0,87.0,0.0849323716824294
20250805,SP2605,5388.0,2524.0,12635.0,0.0133555940330478
20250805,SP2606,5394.0,1.0,137.0,-0.0624536725692695
20250805,SP2607,5366.0,32.0,332.0,0.0
20250806,SP2508,5108.0,0.0,1226.0,0.1447770042005377
20250806,SP2509,5170.0,122118.0,82330.0,0.0463321038895151
20250806,SP2510,5190.0,233.0,584.0,-0.0046251686831976
20250806,SP2511,5188.0,91782.0,124204.0,0.0092485553710982
20250806,SP2512,5192.0,1078.0,4141.0,0.5334211508500055
20250806,SP2601,5428.0,31146.0,54465.0,-0.0576178392263869
20250806,SP2602,5402.0,23.0,1913.0,0.0044419767303424
20250806,SP2603,5404.0,1039.0,8281.0,-0.0311284221245597
20250806,SP2604,5390.0,0.0,87.0,0.0311284221245583
20250806,SP2605,5404.0,4018.0,13393.0,0.0354767442432302
20250806,SP2606,5420.0,4.0,138.0,-0.0044288614638176
20250806,SP2607,5418.0,6.0,332.0,0.0
20250807,SP2508,5132.0,2.0,1226.0,0.125606884356993
20250807,SP2509,5186.0,96860.0,79224.0,0.0461894334708129
20250807,SP2510,5206.0,192.0,591.0,0.0230282166237374
20250807,SP2511,5216.0,96143.0,130237.0,0.0
20250807,SP2512,5216.0,652.0,4066.0,0.5222129306743138
20250807,SP2601,5448.0,22174.0,53839.0,-0.0795583024640362
20250807,SP2602,5412.0,20.0,1900.0,0.0354243799689729
20250807,SP2603,5428.0,327.0,8279.0,-0.0709536435253591
20250807,SP2604,5396.0,1.0,87.0,0.0576817527715709
20250807,SP2605,5422.0,1608.0,13515.0,-0.0088560889628452
20250807,SP2606,5418.0,7.0,139.0,-0.0266075497037706
20250807,SP2607,5406.0,8.0,333.0,0.0
20250808,SP2508,5010.0,14.0,1226.0,0.3586582343957832
20250808,SP2509,5162.0,144855.0,67567.0,0.0556630298406052
20250808,SP2510,5186.0,423.0,599.0,0.0138755074237958
20250808,SP2511,5192.0,161340.0,139778.0,0.0138594818101147
20250808,SP2512,5198.0,804.0,4101.0,0.5372347208351855
20250808,SP2601,5436.0,27549.0,55456.0,-0.0575328411660853
20250808,SP2602,5410.0,78.0,1900.0,0.0
20250808,SP2603,5410.0,635.0,8206.0,0.0442804930494475
20250808,SP2604,5430.0,1.0,87.0,-0.0354113130448157
20250808,SP2605,5414.0,2297.0,13584.0,0.0265682765355657
20250808,SP2606,5426.0,9.0,146.0,-0.0088495579231951
20250808,SP2607,5422.0,9.0,326.0,0.0
20250811,SP2508,5140.0,6.0,1226.0,0.1438810507126322
20250811,SP2509,5202.0,56648.0,55590.0,0.0598275448261874
20250811,SP2510,5228.0,223.0,581.0,0.0412450281924762
20250811,SP2511,5246.0,165927.0,146919.0,0.0
20250811,SP2512,5246.0,937.0,4107.0,0.5061395865068085
20250811,SP2601,5472.0,24820.0,55557.0,-0.0747940093196438
20250811,SP2602,5438.0,53.0,1872.0,0.0264511495784837
20250811,SP2603,5450.0,338.0,8169.0,-0.0220385736876167
20250811,SP2604,5440.0,7.0,87.0,0.0264414355972189
20250811,SP2605,5452.0,1516.0,13718.0,0.0131989014223258
20250811,SP2606,5458.0,1.0,147.0,-0.0352293831011065
20250811,SP2607,5442.0,5.0,325.0,0.0
20250812,SP2508,5180.0,12.0,1238.0,0.0831092202355204
20250812,SP2509,5216.0,51201.0,43193.0,0.0367534743665487
20250812,SP2510,5232.0,225.0,621.0,0.0731709584174224
20250812,SP2511,5264.0,188049.0,153583.0,0.0136700223630576
20250812,SP2512,5270.0,912.0,4031.0,0.4864023344437566
20250812,SP2601,5488.0,28378.0,56221.0,-0.0745752720022476
20250812,SP2602,5454.0,44.0,1860.0,0.0219820541411062
20250812,SP2603,5464.0,532.0,8068.0,-0.0043931906037078
20250812,SP2604,5462.0,2.0,86.0,0.0
20250812,SP2605,5462.0,1050.0,13793.0,0.004393190603708
20250812,SP2606,5464.0,16.0,149.0,0.0043915828486477
20250812,SP2607,5466.0,14.0,323.0,0.0
20250813,SP2508,5174.0,0.0,1238.0,0.1749839140763388
20250813,SP2509,5250.0,41319.0,36304.0,0.054732135930752
20250813,SP2510,5274.0,338.0,656.0,0.0635402392288665
20250813,SP2511,5302.0,204068.0,155972.0,0.0090497741845688
20250813,SP2512,5306.0,1175.0,3991.0,0.461424682632686
20250813,SP2601,5514.0,35785.0,56192.0,-0.0829848621048308
20250813,SP2602,5476.0,39.0,1864.0,0.0131410854526999
20250813,SP2603,5482.0,639.0,7947.0,0.004377165833687
20250813,SP2604,5484.0,4.0,86.0,-0.026286976557823
20250813,SP2605,5472.0,3994.0,13810.0,0.0437796910257045
20250813,SP2606,5492.0,49.0,131.0,-0.030629004778059
20250813,SP2607,5478.0,39.0,332.0,0.0
20250814,SP2508,5220.0,12.0,1250.0,0.0870398929577045
20250814,SP2509,5258.0,26685.0,32951.0,0.0637330784928951
20250814,SP2510,5286.0,232.0,646.0,0.0724257196647664
20250814,SP2511,5318.0,215295.0,159679.0,-0.0045138236379505
20250814,SP2512,5316.0,968.0,3837.0,0.4518806332560616
20250814,SP2601,5520.0,38471.0,57027.0,-0.0785171830672313
20250814,SP2602,5484.0,18.0,1862.0,0.0043755697841214
20250814,SP2603,5486.0,667.0,7947.0,-0.0482192429630711
20250814,SP2604,5464.0,1.0,85.0,0.0482192429630705
20250814,SP2605,5486.0,1630.0,13857.0,0.0
20250814,SP2606,5486.0,16.0,126.0,-0.021893821070509
20250814,SP2607,5476.0,23.0,336.0,0.0
20250815,SP2508,5224.0,0.0,1250.0,0.0458540871278812
20250815,SP2509,5244.0,13881.0,30030.0,0.0684542643556988
20250815,SP2510,5274.0,141.0,644.0,0.0725900134134363
20250815,SP2511,5306.0,233585.0,157238.0,0.0135618775030178
20250815,SP2512,5312.0,816.0,3816.0,0.4739497719251035
20250815,SP2601,5526.0,43805.0,58383.0,-0.091553577613882
20250815,SP2602,5484.0,18.0,1855.0,0.0262295186397627
20250815,SP2603,5496.0,789.0,7923.0,-0.0700731918187119
20250815,SP2604,5464.0,0.0,85.0,0.07007319181871
20250815,SP2605,5496.0,2737.0,13848.0,-0.0700731918187119
20250815,SP2606,5464.0,30.0,100.0,0.0350877442972233
20250815,SP2607,5480.0,9.0,342.0,0.0
20250818,SP2509,5200.0,12147.0,26300.0,0.0644420420951253
20250818,SP2510,5228.0,178.0,622.0,0.0549619281428899
20250818,SP2511,5252.0,188038.0,159127.0,0.0137012384056759
20250818,SP2512,5258.0,466.0,3843.0,0.4874901734221558
20250818,SP2601,5476.0,39996.0,60053.0,-0.0791501587002142
20250818,SP2602,5440.0,15.0,1859.0,0.0044109539184408
20250818,SP2603,5442.0,1165.0,7875.0,0.0440205922855036
20250818,SP2604,5462.0,0.0,85.0,-0.0396112591475235
20250818,SP2605,5444.0,3458.0,14612.0,0.0352164596111282
20250818,SP2606,5460.0,6.0,97.0,-0.0043964096480033
20250818,SP2607,5458.0,2.0,344.0,0.0570280729670548
20250818,SP2608,5484.0,2.0,2.0,0.0
20250819,SP2509,5132.0,16283.0,22500.0,0.051331985721399
20250819,SP2510,5154.0,194.0,668.0,0.055749229190071
20250819,SP2511,5178.0,286782.0,170403.0,0.0138969326475317
20250819,SP2512,5184.0,1674.0,4341.0,0.5342262768189756
20250819,SP2601,5420.0,66795.0,60509.0,-0.097814546768477
20250819,SP2602,5376.0,47.0,1851.0,0.0312093804006892
20250819,SP2603,5390.0,2551.0,8004.0,-0.0312093804006884
20250819,SP2604,5376.0,65.0,86.0,0.0267558639272288
20250819,SP2605,5388.0,4569.0,15792.0,0.0178041575687033
20250819,SP2606,5396.0,9.0,102.0,0.0044469150036412
20250819,SP2607,5398.0,21.0,355.0,0.1590012220569238
20250819,SP2608,5470.0,1.0,3.0,0.0
20250820,SP2509,5096.0,11237.0,20205.0,0.0423115031895924
20250820,SP2510,5114.0,493.0,645.0,0.0515122742239824
20250820,SP2511,5136.0,263289.0,170825.0,0.0326657794558155
20250820,SP2512,5150.0,1431.0,4503.0,0.5242999139765795
20250820,SP2601,5380.0,65718.0,62628.0,-0.0760770774835893
20250820,SP2602,5346.0,159.0,1883.0,0.0044884982756351
20250820,SP2603,5348.0,2139.0,7955.0,0.008971963034768
20250820,SP2604,5352.0,29.0,85.0,0.0
20250820,SP2605,5352.0,5733.0,17178.0,0.0268757111220559
20250820,SP2606,5364.0,22.0,118.0,-0.0179104510860715
20250820,SP2607,5356.0,16.0,356.0,0.0313257683021663
20250820,SP2608,5370.0,5.0,8.0,0.0
20250821,SP2509,5096.0,5731.0,18667.0,0.03292183134901
20250821,SP2510,5110.0,80.0,629.0,0.0468750596047825
20250821,SP2511,5130.0,161274.0,175727.0,0.03736865612249
20250821,SP2512,5146.0,1696.0,4118.0,0.560359917005443
20250821,SP2601,5392.0,34594.0,65438.0,-0.0983245724437103
20250821,SP2602,5348.0,20.0,1878.0,0.0224173425926429
20250821,SP2603,5358.0,1267.0,7970.0,-0.0403814178037627
20250821,SP2604,5340.0,4.0,88.0,0.0448598653272859
20250821,SP2605,5360.0,2259.0,17703.0,-0.0134403598145982
20250821,SP2606,5354.0,7.0,120.0,0.0402760027539636
20250821,SP2607,5372.0,10.0,363.0,0.0089318947182875
20250821,SP2608,5376.0,8.0,12.0,0.0
20250822,SP2509,5058.0,5330.0,17442.0,0.056804839802387
20250822,SP2510,5082.0,220.0,628.0,0.0612366392678473
20250822,SP2511,5108.0,211070.0,185145.0,0.0140872643844245
20250822,SP2512,5114.0,1748.0,4632.0,0.5727370626052475
20250822,SP2601,5364.0,46305.0,68073.0,-0.0763047269001463
20250822,SP2602,5330.0,13.0,1877.0,0.0090022509848314
20250822,SP2603,5334.0,1676.0,7786.0,0.0
20250822,SP2604,5334.0,8.0,94.0,0.0224761256942651
20250822,SP2605,5344.0,4153.0,18774.0,0.0
20250822,SP2606,5344.0,26.0,104.0,0.0134654960828467
20250822,SP2607,5350.0,7.0,366.0,0.0268857468702287
20250822,SP2608,5362.0,2.0,12.0,0.0
20250825,SP2509,5088.0,6896.0,15609.0,0.047077345589663
20250825,SP2510,5108.0,189.0,625.0,0.0655995386084069
20250825,SP2511,5136.0,192431.0,182141.0,0.0326657794558155
20250825,SP2512,5150.0,1257.0,4664.0,0.5732704883373486
20250825,SP2601,5402.0,42473.0,68858.0,-0.0311399618676757
20250825,SP2602,5388.0,22.0,1883.0,0.0089053807426592
20250825,SP2603,5392.0,4531.0,6832.0,0.0311168909310003
20250825,SP2604,5406.0,2.0,93.0,-0.026666677640612
20250825,SP2605,5394.0,5216.0,18202.0,0.0444115976948556
20250825,SP2606,5414.0,15.0,109.0,-0.0133062294173571
20250825,SP2607,5408.0,19.0,367.0,0.0354505427691765
20250825,SP2608,5424.0,4.0,12.0,0.0
20250826,SP2509,5020.0,5091.0,14112.0,0.0572338127884224
20250826,SP2510,5044.0,202.0,631.0,0.0616967940050238
20250826,SP2511,5070.0,207424.0,176817.0,0.0472441555120751
20250826,SP2512,5090.0,1785.0,5460.0,0.6157552867198273
20250826,SP2601,5358.0,37704.0,68602.0,-0.0493735501091331
20250826,SP2602,5336.0,54.0,1887.0,0.022467709240855
20250826,SP2603,5346.0,4029.0,9617.0,0.0448096114404614
20250826,SP2604,5366.0,2.0,95.0,-0.0358342931462069
20250826,SP2605,5350.0,4264.0,18976.0,0.1116287119477609
20250826,SP2606,5400.0,2.0,107.0,-0.075794418801555
20250826,SP2607,5366.0,7.0,371.0,0.0891203502098825
20250826,SP2608,5406.0,3.0,14.0,0.0
20250827,SP2509,4964.0,7136.0,13164.0,0.0723038941826486
20250827,SP2510,4994.0,504.0,933.0,0.0383846788703039
20250827,SP2511,5010.0,211750.0,195267.0,0.0525792516163903
20250827,SP2512,5032.0,3271.0,6737.0,0.6000087176648223
20250827,SP2601,5290.0,50309.0,72544.0,-0.0272520934689079
20250827,SP2602,5278.0,226.0,1906.0,0.0453858332249465
20250827,SP2603,5298.0,5173.0,13147.0,0.0497269500440993
20250827,SP2604,5320.0,8.0,98.0,-0.0135414721911752
20250827,SP2605,5314.0,6583.0,20889.0,-0.0316563213545468
20250827,SP2606,5300.0,16.0,108.0,0.0722349811006335
20250827,SP2607,5332.0,22.0,387.0,0.0404419030974363
20250827,SP2608,5350.0,13.0,18.0,0.0
20250828,SP2509,4946.0,3709.0,12545.0,0.0822086632480441
20250828,SP2510,4980.0,318.0,1050.0,0.0528952970263902
20250828,SP2511,5002.0,243061.0,205528.0,0.0383233858656399
20250828,SP2512,5018.0,3406.0,7717.0,0.6742040223087673
20250828,SP2601,5308.0,50241.0,77903.0,-0.0362264426070214
20250828,SP2602,5292.0,514.0,1941.0,0.0542987351794766
20250828,SP2603,5316.0,8960.0,18559.0,0.0
20250828,SP2604,5316.0,15.0,103.0,0.0360631375855595
20250828,SP2605,5332.0,5643.0,22244.0,-0.0270371875549104
20250828,SP2606,5320.0,5.0,111.0,0.0405329715453532
20250828,SP2607,5338.0,23.0,392.0,0.0269461191069938
20250828,SP2608,5350.0,9.0,22.0,0.0
20250829,SP2509,4966.0,5305.0,10419.0,0.072274862128277
20250829,SP2510,4996.0,260.0,1071.0,0.0527262681707918
20250829,SP2511,5018.0,279463.0,210805.0,0.0477327598342558
20250829,SP2512,5038.0,3959.0,8840.0,0.7075830996471144
20250829,SP2601,5344.0,63714.0,79154.0,-0.0404873861112489
20250829,SP2602,5326.0,275.0,2028.0,0.0584380252102407
20250829,SP2603,5352.0,15341.0,25245.0,0.0224006038540838
20250829,SP2604,5362.0,6.0,100.0,0.0044751072679731
20250829,SP2605,5364.0,7786.0,22692.0,0.0
20250829,SP2606,5364.0,3.0,109.0,-0.0179104510860715
20250829,SP2607,5356.0,11.0,392.0,0.0089585670454147
20250829,SP2608,5360.0,15.0,29.0,0.0
20250901,SP2509,4986.0,667.0,10394.0,0.0432432900395834
20250901,SP2510,5004.0,120.0,1046.0,0.0860218737433499
20250901,SP2511,5040.0,242909.0,204986.0,0.0332871225927026
20250901,SP2512,5054.0,2674.0,8509.0,0.651555595767842
20250901,SP2601,5336.0,52241.0,79400.0,-0.0089988755623241
20250901,SP2602,5332.0,276.0,1893.0,0.0359550830788138
20250901,SP2603,5348.0,11494.0,29171.0,0.0313725668888507
20250901,SP2604,5362.0,9.0,101.0,-0.0089552242962067
20250901,SP2605,5358.0,4550.0,23146.0,0.0223755425635646
20250901,SP2606,5368.0,6.0,110.0,0.0089385478993248
20250901,SP2607,5372.0,15.0,387.0,-0.0313140904628891
20250901,SP2608,5358.0,14.0,26.0,0.0
20250902,SP2509,4990.0,688.0,10330.0,0.0480000640001536
20250902,SP2510,5010.0,152.0,1003.0,0.0764029640274551
20250902,SP2511,5042.0,194249.0,199639.0,0.0427638544037534
20250902,SP2512,5060.0,1952.0,8121.0,0.655295435219644
20250902,SP2601,5344.0,30922.0,79186.0,-0.0359820359550786
20250902,SP2602,5328.0,21.0,1892.0,0.0449607120193047
20250902,SP2603,5348.0,9630.0,32370.0,0.026895790116167
20250902,SP2604,5360.0,13.0,99.0,0.0
20250902,SP2605,5360.0,2977.0,23258.0,-0.004478447523523
20250902,SP2606,5358.0,8.0,107.0,0.0179037705721846
20250902,SP2607,5366.0,6.0,384.0,0.0178770982784052
20250902,SP2608,5374.0,6.0,24.0,0.0
20250903,SP2509,4998.0,646.0,10166.0,0.0574851398715928
20250903,SP2510,5022.0,268.0,956.0,0.0667197906225023
20250903,SP2511,5050.0,165866.0,187294.0,0.0379596995065802
20250903,SP2512,5066.0,2421.0,7246.0,0.5960801874405801
20250903,SP2601,5324.0,34436.0,76954.0,-0.0315967833482128
20250903,SP2602,5310.0,90.0,1885.0,0.0225776171964668
20250903,SP2603,5320.0,9230.0,34914.0,0.0405329715453532
20250903,SP2604,5338.0,4.0,97.0,-0.0179977536549509
20250903,SP2605,5330.0,4168.0,23605.0,0.0449438727619453
20250903,SP2606,5350.0,7.0,104.0,-0.0224508952297407
20250903,SP2607,5340.0,3.0,384.0,0.0224508952297392
20250903,SP2608,5350.0,3.0,25.0,0.0
20250904,SP2509,4994.0,314.0,10030.0,0.0670928265337418
20250904,SP2510,5022.0,125.0,884.0,0.0714713250342171
20250904,SP2511,5052.0,240858.0,184862.0,0.0284697642435647
20250904,SP2512,5064.0,3119.0,7286.0,0.6008185882918812
20250904,SP2601,5324.0,39958.0,76538.0,-0.0632769827778973
20250904,SP2602,5296.0,106.0,1889.0,0.0271595740230486
20250904,SP2603,5308.0,11657.0,37364.0,0.0496334604935043
20250904,SP2604,5330.0,6.0,98.0,-0.0135160517386557
20250904,SP2605,5324.0,5720.0,23840.0,-0.0135312925444457
20250904,SP2606,5318.0,12.0,105.0,0.0045121263926998
20250904,SP2607,5320.0,17.0,392.0,0.0270371875549111
20250904,SP2608,5332.0,17.0,32.0,0.0
20250905,SP2509,5004.0,532.0,9986.0,0.057416377480035
20250905,SP2510,5028.0,139.0,823.0,0.0808724567391755
20250905,SP2511,5062.0,244951.0,183430.0,0.0378698539146534
20250905,SP2512,5078.0,1714.0,7183.0,0.5767013994672167
20250905,SP2601,5328.0,34725.0,76688.0,-0.0768219531981412
20250905,SP2602,5294.0,85.0,1896.0,0.0542782681910223
20250905,SP2603,5318.0,13387.0,39738.0,-0.0361582194479313
20250905,SP2604,5302.0,4.0,100.0,0.0722078147158659
20250905,SP2605,5334.0,4620.0,24395.0,-0.0541150860717004
20250905,SP2606,5310.0,2.0,105.0,0.0631105887418187
20250905,SP2607,5338.0,12.0,393.0,0.0089887644652409
20250905,SP2608,5342.0,7.0,36.0,0.0
20250908,SP2509,4972.0,1262.0,9944.0,0.0529802185094003
20250908,SP2510,4994.0,74.0,834.0,0.0766469671658285
20250908,SP2511,5026.0,273249.0,189919.0,0.0428997477752727
20250908,SP2512,5044.0,2407.0,7283.0,0.5714259332104192
20250908,SP2601,5290.0,48034.0,77642.0,-0.0819426552823192
20250908,SP2602,5254.0,124.0,1878.0,0.0455927600129625
20250908,SP2603,5274.0,15408.0,43764.0,0.0181887113261472
20250908,SP2604,5282.0,51.0,114.0,0.031764057117198
20250908,SP2605,5296.0,6657.0,25551.0,0.0226372449700905
20250908,SP2606,5306.0,15.0,111.0,-0.0407778379939529
20250908,SP2607,5288.0,38.0,414.0,0.0136080150662925
20250908,SP2608,5294.0,24.0,48.0,0.0
20250909,SP2509,4930.0,54.0,9950.0,0.0437335977077115
20250909,SP2510,4948.0,79.0,836.0,0.0532366269395495
20250909,SP2511,4970.0,202958.0,211623.0,0.0481928358586795
20250909,SP2512,4990.0,2464.0,8208.0,0.6460218157282844
20250909,SP2601,5266.0,27115.0,79554.0,-0.0456621555532291
20250909,SP2602,5246.0,121.0,1916.0,0.0365436140810279
20250909,SP2603,5262.0,9641.0,44567.0,0.0500664485037354
20250909,SP2604,5284.0,1.0,114.0,-0.0181818216601291
20250909,SP2605,5276.0,2494.0,25649.0,0.0318001321816789
20250909,SP2606,5290.0,1.0,112.0,-0.0045377198498737
20250909,SP2607,5288.0,5.0,417.0,0.0090737244398891
20250909,SP2608,5292.0,2.0,49.0,0.0
20250910,SP2509,4938.0,674.0,9970.0,0.0919915741666867
20250910,SP2510,4976.0,331.0,818.0,0.0481348419174339
20250910,SP2511,4996.0,435162.0,197840.0,0.0383693372458867
20250910,SP2512,5012.0,10812.0,8110.0,0.6068971219966109
20250910,SP2601,5272.0,74729.0,82744.0,-0.0501806471600852
20250910,SP2602,5250.0,747.0,1752.0,0.0137064549453237
20250910,SP2603,5256.0,21712.0,47802.0,0.0364741922147618
20250910,SP2604,5272.0,18.0,113.0,0.0045514887706655
20250910,SP2605,5274.0,17691.0,27957.0,0.0136441174449012
20250910,SP2606,5280.0,16.0,115.0,0.0181680579745801
20250910,SP2607,5288.0,159.0,452.0,0.0
20250910,SP2608,5288.0,60.0,71.0,0.0
20250911,SP2509,4960.0,36.0,10000.0,0.0675514449714465
20250911,SP2510,4988.0,194.0,822.0,0.0671733061539534
20250911,SP2511,5016.0,253461.0,190457.0,0.0477517542177726
20250911,SP2512,5036.0,2428.0,8318.0,0.6267136744013656
20250911,SP2601,5306.0,36517.0,80120.0,-0.0271698229276606
20250911,SP2602,5294.0,157.0,1707.0,0.0316921519806173
20250911,SP2603,5308.0,13539.0,48324.0,-0.040762447197037
20250911,SP2604,5290.0,35.0,102.0,0.0723711202234732
20250911,SP2605,5322.0,6586.0,28619.0,-0.0542373804674342
20250911,SP2606,5298.0,2.0,114.0,0.0045291564983778
20250911,SP2607,5300.0,4.0,450.0,0.0722349811006335
20250911,SP2608,5332.0,17.0,73.0,0.0
20250912,SP2509,4936.0,34.0,10010.0,0.0485241259657111
20250912,SP2510,4956.0,46.0,815.0,0.0820433519583749
20250912,SP2511,4990.0,205319.0,187747.0,0.0527895272447351
20250912,SP2512,5012.0,1862.0,8363.0,0.6205464125677258
20250912,SP2601,5278.0,30619.0,79720.0,-0.0592593796869908
20250912,SP2602,5252.0,45.0,1684.0,0.063805695331444
20250912,SP2603,5280.0,11485.0,48245.0,-0.0045463156444532
20250912,SP2604,5278.0,0.0,102.0,0.0227143736190334
20250912,SP2605,5288.0,3271.0,28522.0,0.0045377198498742
20250912,SP2606,5290.0,0.0,114.0,-0.0045377198498737
20250912,SP2607,5288.0,21.0,450.0,0.0045377198498742
20250912,SP2608,5290.0,11.0,67.0,0.0
20250915,SP2509,4970.0,26.0,10024.0,0.1249010475222696
20250915,SP2510,5022.0,216.0,807.0,0.0809687533099569
20250915,SP2511,5056.0,249577.0,172997.0,0.0379147234844222
20250915,SP2512,5072.0,1944.0,7972.0,0.5818762007752838
20250915,SP2601,5324.0,36507.0,77600.0,-0.0315967833482128
20250915,SP2602,5310.0,83.0,1695.0,0.0045189230434242
20250915,SP2603,5312.0,13094.0,48634.0,0.054094757270279
20250915,SP2604,5336.0,3.0,102.0,-0.0135008452268335
20250915,SP2605,5330.0,4496.0,28273.0,-0.0135160517386557
20250915,SP2606,5324.0,14.0,128.0,0.0360090292708589
20250915,SP2607,5340.0,6.0,450.0,-0.0224929775322036
20250915,SP2608,5330.0,1.0,67.0,0.0
20250916,SP2510,5040.0,90.0,803.0,0.0664821645073842
20250916,SP2511,5068.0,230861.0,158340.0,0.0283799895779746
20250916,SP2512,5080.0,2775.0,7443.0,0.6214235918102948
20250916,SP2601,5350.0,42776.0,77197.0,-0.0629686602290123
20250916,SP2602,5322.0,128.0,1632.0,0.0495031641461647
20250916,SP2603,5344.0,13920.0,49253.0,0.0044901777885918
20250916,SP2604,5346.0,8.0,104.0,0.0269058408682767
20250916,SP2605,5358.0,4709.0,27616.0,0.0089552242962079
20250916,SP2606,5362.0,27.0,138.0,-0.0044767767726832
20250916,SP2607,5360.0,9.0,442.0,0.0178970950400414
20250916,SP2608,5368.0,7.0,67.0,0.0357143120765514
20250916,SP2609,5384.0,11.0,5.0,0.0
20250917,SP2510,5014.0,221.0,829.0,0.0668259483555183
20250917,SP2511,5042.0,219540.0,159565.0,0.0475060002864519
20250917,SP2512,5062.0,2409.0,7900.0,0.6595319654011742
20250917,SP2601,5348.0,34306.0,78627.0,-0.0269562075164903
20250917,SP2602,5336.0,51.0,1638.0,0.0538519976326557
20250917,SP2603,5360.0,12113.0,49714.0,-0.0268957901161664
20250917,SP2604,5348.0,5.0,102.0,0.044792885156207
20250917,SP2605,5368.0,3214.0,27373.0,0.0089385478993248
20250917,SP2606,5372.0,10.0,136.0,-0.0223588661666835
20250917,SP2607,5362.0,10.0,435.0,0.0268256445543832
20250917,SP2608,5374.0,9.0,64.0,-0.0044667783877007
20250917,SP2609,5372.0,12.0,14.0,0.0
20250918,SP2510,4974.0,344.0,908.0,0.0961158522586656
20250918,SP2511,5014.0,243086.0,165172.0,0.0477707637242701
20250918,SP2512,5034.0,2711.0,8463.0,0.6676113101084793
20250918,SP2601,5322.0,36585.0,80131.0,-0.0361310020793946
20250918,SP2602,5306.0,56.0,1638.0,0.058657759210971
20250918,SP2603,5332.0,9954.0,50204.0,-0.0180180214031643
20250918,SP2604,5324.0,3.0,102.0,0.0494846062063458
20250918,SP2605,5346.0,3713.0,27667.0,-0.0359685544676888
20250918,SP2606,5330.0,16.0,133.0,0.0359685544676884
20250918,SP2607,5346.0,16.0,420.0,-0.0539933419347575
20250918,SP2608,5322.0,7.0,63.0,0.0898544070992408
20250918,SP2609,5362.0,18.0,21.0,0.0
20250919,SP2510,4980.0,28.0,912.0,0.0912186828920284
20250919,SP2511,5018.0,177854.0,166419.0,0.0429680188544426
20250919,SP2512,5036.0,1860.0,8225.0,0.6493082960267776
20250919,SP2601,5316.0,32409.0,81507.0,-0.058834739769491
20250919,SP2602,5290.0,41.0,1647.0,0.0768798559518859
20250919,SP2603,5324.0,7624.0,50478.0,0.004507042306503
20250919,SP2604,5326.0,3.0,103.0,0.0180112604169848
20250919,SP2605,5334.0,2614.0,27922.0,0.0
20250919,SP2606,5334.0,22.0,134.0,0.008995502670119
20250919,SP2607,5338.0,5.0,418.0,0.0089887644652409
20250919,SP2608,5342.0,23.0,66.0,0.013470534623131
20250919,SP2609,5348.0,20.0,38.0,0.0
20251027,SP2511,4836.0,19000.0,39983.0,0.1389578163771725
20251027,SP2512,4892.0,4847.0,14044.0,0.0100875540896855
20251027,SP2601,5258.0,193440.0,155924.0,-0.0091289463674399
20251027,SP2602,5254.0,66.0,1610.0,0.036543585839361
20251027,SP2603,5270.0,14338.0,68992.0,0.0
20251027,SP2604,5270.0,10.0,133.0,0.0637571157495262
20251027,SP2605,5298.0,13697.0,62780.0,0.0362400906002262
20251027,SP2606,5314.0,31.0,245.0,-0.0361309747835907
20251027,SP2607,5298.0,857.0,2722.0,-0.0453001132502834
20251027,SP2608,5278.0,17.0,59.0,0.0727548313755219
20251027,SP2609,5310.0,212.0,765.0,-0.036158192090395
20251027,SP2610,5294.0,0.0,8.0,0.0
20251028,SP2511,4828.0,14215.0,35412.0,0.0994200497100239
20251028,SP2512,4868.0,3343.0,14420.0,0.0099157072558233
20251028,SP2601,5226.0,134675.0,158182.0,-0.0045924225028697
20251028,SP2602,5224.0,38.0,1616.0,0.0505359877488507
20251028,SP2603,5246.0,10487.0,69520.0,0.0503240564239426
20251028,SP2604,5268.0,17.0,133.0,0.0045558086560353
20251028,SP2605,5270.0,7560.0,62716.0,0.0045540796963958
20251028,SP2606,5272.0,12.0,240.0,0.0045523520485577
20251028,SP2607,5274.0,551.0,2805.0,0.0455062571103521
20251028,SP2608,5294.0,7.0,58.0,-0.004533434076313
20251028,SP2609,5292.0,100.0,815.0,0.0362811791383208
20251028,SP2610,5308.0,2.0,8.0,0.0
20251029,SP2511,4836.0,16441.0,31000.0,0.1141439205955325
20251029,SP2512,4882.0,4626.0,14911.0,0.0099425083659763
20251029,SP2601,5242.0,172310.0,157226.0,0.0091568103777177
20251029,SP2602,5246.0,1106.0,1192.0,0.0228745711017923
20251029,SP2603,5256.0,14465.0,69312.0,0.0228310502283113
20251029,SP2604,5266.0,3.0,134.0,0.0227876946448919
20251029,SP2605,5276.0,10873.0,62598.0,-0.018195602729341
20251029,SP2606,5268.0,68.0,251.0,0.0045558086560353
20251029,SP2607,5270.0,1891.0,3293.0,-0.0045540796963945
20251029,SP2608,5268.0,40.0,68.0,0.0227790432801819
20251029,SP2609,5278.0,723.0,1143.0,-0.031830238726791
20251029,SP2610,5264.0,4.0,10.0,0.0
20251030,SP2511,4846.0,14785.0,23257.0,0.0693355344614117
20251030,SP2512,4874.0,7232.0,14851.0,0.0096821935239957
20251030,SP2601,5224.0,204394.0,154629.0,0.0183767228177629
20251030,SP2602,5232.0,105.0,1164.0,0.0137614678899078
20251030,SP2603,5238.0,15128.0,69672.0,0.0733104238258883
20251030,SP2604,5270.0,3.0,134.0,-0.0136622390891836
20251030,SP2605,5264.0,10276.0,62583.0,0.0091185410334349
20251030,SP2606,5268.0,12.0,250.0,-0.0182232346241453
20251030,SP2607,5260.0,342.0,3334.0,-0.018250950570342
20251030,SP2608,5252.0,11.0,68.0,0.0274181264280262
20251030,SP2609,5264.0,236.0,1247.0,0.013677811550151
20251030,SP2610,5270.0,4.0,10.0,0.0
20251031,SP2511,4838.0,14999.0,14832.0,0.0793716411740383
20251031,SP2512,4870.0,10649.0,13834.0,0.0094686569919017
20251031,SP2601,5212.0,229866.0,155284.0,0.0230237912509601
20251031,SP2602,5222.0,42.0,1157.0,0.032171581769437
20251031,SP2603,5236.0,20134.0,70199.0,0.0
20251031,SP2604,5236.0,21.0,132.0,0.0550038197097011
20251031,SP2605,5260.0,13567.0,65147.0,-0.0228136882129272
20251031,SP2606,5250.0,12.0,249.0,0.0319999999999991
20251031,SP2607,5264.0,538.0,3395.0,0.013677811550151
20251031,SP2608,5270.0,14.0,72.0,0.0
20251031,SP2609,5270.0,166.0,1319.0,0.0
20251031,SP2610,5270.0,3.0,13.0,0.0
20251103,SP2511,4890.0,4974.0,12096.0,0.0687116564417182
20251103,SP2512,4918.0,8927.0,14263.0,0.0106373742866151
20251103,SP2601,5306.0,369679.0,163236.0,0.0226159065209206
20251103,SP2602,5316.0,128.0,1122.0,-0.0045146726862301
20251103,SP2603,5314.0,43325.0,73566.0,0.054196462175386
20251103,SP2604,5338.0,110.0,179.0,0.0179842637692022
20251103,SP2605,5346.0,24168.0,65145.0,-0.0404040404040402
20251103,SP2606,5328.0,37.0,255.0,0.0
20251103,SP2607,5328.0,993.0,3637.0,-0.0360360360360365
20251103,SP2608,5312.0,30.0,69.0,0.0632530120481922
20251103,SP2609,5340.0,605.0,1459.0,0.0134831460674149
20251103,SP2610,5346.0,6.0,15.0,0.0
20251104,SP2511,4872.0,2300.0,10768.0,0.0591133004926121
20251104,SP2512,4896.0,7600.0,12800.0,0.0107953293677021
20251104,SP2601,5288.0,242445.0,160015.0,0.0272314674735252
20251104,SP2602,5300.0,139.0,1074.0,-0.0090566037735846
20251104,SP2603,5296.0,22542.0,73812.0,0.0226586102719039
20251104,SP2604,5306.0,31.0,186.0,0.0226159065209206
20251104,SP2605,5316.0,19433.0,65297.0,-0.0090293453724603
20251104,SP2606,5312.0,28.0,247.0,-0.004518072289156
20251104,SP2607,5310.0,648.0,3687.0,0.0406779661016942
20251104,SP2608,5328.0,10.0,67.0,-0.0225225225225225
20251104,SP2609,5318.0,344.0,1543.0,0.0
20251104,SP2610,5318.0,6.0,16.0,0.0
20251105,SP2511,4886.0,2688.0,9778.0,0.0933278755628324
20251105,SP2512,4924.0,7345.0,14137.0,0.0119387727160707
20251105,SP2601,5360.0,235507.0,171341.0,0.004477611940298
20251105,SP2602,5362.0,124.0,1044.0,-0.0089518836255129
20251105,SP2603,5358.0,20725.0,73590.0,0.0403135498320272
20251105,SP2604,5376.0,40.0,182.0,-0.004464285714286
20251105,SP2605,5374.0,17275.0,64136.0,-0.0044659471529593
20251105,SP2606,5372.0,9.0,249.0,-0.0134028294862251
20251105,SP2607,5366.0,424.0,3676.0,0.0044726052925829
20251105,SP2608,5368.0,5.0,64.0,0.0268256333830105
20251105,SP2609,5380.0,104.0,1562.0,-0.022304832713754
20251105,SP2610,5370.0,6.0,15.0,0.0
20251106,SP2511,4880.0,1492.0,9212.0,0.0836065573770481
20251106,SP2512,4914.0,5094.0,13674.0,0.012456956277181
20251106,SP2601,5368.0,215520.0,170455.0,0.0089418777943359
20251106,SP2602,5372.0,154.0,1006.0,-0.0223380491437086
20251106,SP2603,5362.0,22177.0,73641.0,0.013427825438268
20251106,SP2604,5368.0,35.0,194.0,0.0357675111773465
20251106,SP2605,5384.0,20495.0,63172.0,-0.0044576523031203
20251106,SP2606,5382.0,21.0,248.0,-0.040133779264214
20251106,SP2607,5364.0,1217.0,3975.0,0.026845637583893
20251106,SP2608,5376.0,28.0,60.0,-0.0267857142857148
20251106,SP2609,5364.0,639.0,1799.0,0.053691275167786
20251106,SP2610,5388.0,13.0,24.0,0.0
20251107,SP2511,4872.0,1260.0,8788.0,0.0935960591133007
20251107,SP2512,4910.0,3521.0,13696.0,0.0132909219890615
20251107,SP2601,5394.0,179980.0,171788.0,-0.0044493882091218
20251107,SP2602,5392.0,90.0,971.0,-0.0133531157270025
20251107,SP2603,5386.0,16770.0,74288.0,0.0
20251107,SP2604,5386.0,207.0,327.0,0.0267359821760111
20251107,SP2605,5398.0,16929.0,65282.0,-0.0622452760281584
20251107,SP2606,5370.0,70.0,284.0,0.0134078212290509
20251107,SP2607,5376.0,774.0,3976.0,-0.0178571428571427
20251107,SP2608,5368.0,18.0,56.0,0.0268256333830105
20251107,SP2609,5380.0,95.0,1794.0,0.0044609665427497
20251107,SP2610,5382.0,3.0,26.0,0.0
20251110,SP2511,4870.0,3990.0,7614.0,0.0837782340862434
20251110,SP2512,4904.0,8447.0,13524.0,0.015506717744744
20251110,SP2601,5468.0,241489.0,180616.0,-0.0175566934893924
20251110,SP2602,5460.0,163.0,1008.0,-0.0263736263736262
20251110,SP2603,5448.0,18278.0,74158.0,0.0088105726872234
20251110,SP2604,5452.0,110.0,341.0,0.0
20251110,SP2605,5452.0,20547.0,68268.0,-0.0484225972120322
20251110,SP2606,5430.0,31.0,288.0,0.0
20251110,SP2607,5430.0,484.0,3990.0,0.0088397790055259
20251110,SP2608,5434.0,10.0,54.0,0.0044166359955832
20251110,SP2609,5436.0,303.0,1938.0,0.0485651214128042
20251110,SP2610,5458.0,7.0,26.0,0.0
20251111,SP2511,4888.0,622.0,7562.0,0.0736497545008179
20251111,SP2512,4918.0,5136.0,13462.0,0.0155174068201653
20251111,SP2601,5484.0,321110.0,182046.0,-0.0131291028446387
20251111,SP2602,5478.0,346.0,1077.0,-0.0219058050383349
20251111,SP2603,5468.0,23710.0,74037.0,-0.0307242136064371
20251111,SP2604,5454.0,111.0,346.0,0.0308030803080319
20251111,SP2605,5468.0,28525.0,68656.0,-0.0526700804681787
20251111,SP2606,5444.0,30.0,273.0,0.0
20251111,SP2607,5444.0,530.0,4039.0,0.0044085231447468
20251111,SP2608,5446.0,33.0,49.0,0.0088138082996707
20251111,SP2609,5450.0,464.0,1817.0,-0.0044036697247702
20251111,SP2610,5448.0,13.0,29.0,0.0
20251112,SP2511,4890.0,626.0,7580.0,0.0687116564417182
20251112,SP2512,4918.0,3122.0,12824.0,0.0154625749939456
20251112,SP2601,5482.0,199674.0,182184.0,-0.0306457497263772
20251112,SP2602,5468.0,192.0,1125.0,-0.0087783467446969
20251112,SP2603,5464.0,17148.0,74996.0,-0.0131771595900445
20251112,SP2604,5458.0,5.0,344.0,0.0439721509710508
20251112,SP2605,5478.0,12815.0,69039.0,-0.0744797371303396
20251112,SP2606,5444.0,15.0,269.0,0.0176340925789872
20251112,SP2607,5452.0,232.0,4002.0,-0.017608217168012
20251112,SP2608,5444.0,11.0,45.0,0.0176340925789872
20251112,SP2609,5452.0,178.0,1855.0,0.0
20251112,SP2610,5452.0,0.0,29.0,0.0
20251113,SP2511,4906.0,350.0,7614.0,0.1027313493681214
20251113,SP2512,4948.0,3775.0,12462.0,0.0159683176950396
20251113,SP2601,5534.0,284614.0,185570.0,-0.0520419226599204
20251113,SP2602,5510.0,293.0,1029.0,-0.0130671506352082
20251113,SP2603,5504.0,23216.0,76311.0,-0.0348837209302326
20251113,SP2604,5488.0,27.0,341.0,0.0306122448979602
20251113,SP2605,5502.0,17010.0,69044.0,-0.0916030534351146
20251113,SP2606,5460.0,14.0,266.0,0.0307692307692306
20251113,SP2607,5474.0,351.0,3981.0,-0.0833028863719396
20251113,SP2608,5436.0,1.0,45.0,0.1015452538631356
20251113,SP2609,5482.0,226.0,1853.0,-0.0350237139730027
20251113,SP2610,5466.0,5.0,29.0,0.0
20251114,SP2511,4900.0,14.0,7626.0,0.0342857142857147
20251114,SP2512,4914.0,4491.0,11813.0,0.0155300380019481
20251114,SP2601,5480.0,339495.0,173670.0,-0.0394160583941607
20251114,SP2602,5462.0,321.0,961.0,-0.0307579641157085
20251114,SP2603,5448.0,35452.0,76654.0,0.0264317180616728
20251114,SP2604,5460.0,26.0,337.0,0.0043956043956043
20251114,SP2605,5462.0,26990.0,68623.0,-0.0439399487367264
20251114,SP2606,5442.0,52.0,240.0,-0.0220507166482906
20251114,SP2607,5432.0,488.0,3961.0,-0.0176730486008835
20251114,SP2608,5424.0,5.0,50.0,0.0353982300884947
20251114,SP2609,5440.0,420.0,1969.0,0.0132352941176483
20251114,SP2610,5446.0,5.0,31.0,0.0
20251117,SP2511,4898.0,16.0,7614.0,0.04409963250306159
20251117,SP2512,4916.0,2631.0,11525.0,0.015304303306790041
20251117,SP2601,5474.0,226615.0,173087.0,-0.013153087321885693
20251117,SP2602,5468.0,79.0,943.0,-0.021945866861741603
20251117,SP2603,5458.0,23442.0,76758.0,0.013191645291316334
20251117,SP2604,5464.0,55.0,347.0,0.017569546120057566
20251117,SP2605,5472.0,17964.0,68818.0,-0.07017543859649189
20251117,SP2606,5440.0,108.0,222.0,0.013235294117648344
20251117,SP2607,5446.0,219.0,3954.0,0.017627616599338758
20251117,SP2608,5454.0,0.0,50.0,-0.008800880088008167
20251117,SP2609,5450.0,267.0,1947.0,0.01321100917431206
20251117,SP2610,5456.0,1.0,31.0,0.0
20251118,SP2512,4872.0,3290.0,10935.0,0.014833674655449158
20251118,SP2601,5408.0,243431.0,163267.0,-0.013313609467456189
20251118,SP2602,5402.0,138.0,908.0,-0.01777119585338749
20251118,SP2603,5394.0,25627.0,76810.0,0.00889877641824377
20251118,SP2604,5398.0,32.0,353.0,0.026676546869209616
20251118,SP2605,5410.0,24229.0,71582.0,-0.031053604436229065
20251118,SP2606,5396.0,21.0,217.0,-0.01779095626389937
20251118,SP2607,5388.0,223.0,3965.0,0.013363028953229161
20251118,SP2608,5394.0,8.0,51.0,0.017797552836484876
20251118,SP2609,5402.0,362.0,1953.0,0.044427989633470055
20251118,SP2610,5422.0,5.0,32.0,-0.04869052010328234
20251118,SP2611,5400.0,3.0,3.0,0.0
20251119,SP2512,4858.0,3317.0,10367.0,0.01493193203843077
20251119,SP2601,5396.0,253644.0,159718.0,-0.013343217197924861
20251119,SP2602,5390.0,140.0,914.0,-0.017810760667904102
20251119,SP2603,5382.0,26802.0,76989.0,0.07134894091415944
20251119,SP2604,5414.0,17.0,349.0,-0.03546361285555921
20251119,SP2605,5398.0,19440.0,74269.0,0.04890700259355363
20251119,SP2606,5420.0,18.0,210.0,-0.10184501845018445
20251119,SP2607,5374.0,307.0,3968.0,0.03572757722366937
20251119,SP2608,5390.0,2.0,51.0,0.0
20251119,SP2609,5390.0,165.0,1973.0,0.08014842300556513
20251119,SP2610,5426.0,4.0,34.0,-0.061924069295982154
20251119,SP2611,5398.0,10.0,12.0,0.0
20251120,SP2512,4786.0,4214.0,10095.0,0.014424092742408811
20251120,SP2601,5298.0,306243.0,139725.0,0.03171007927519831
20251120,SP2602,5312.0,100.0,892.0,0.022590361445782747
20251120,SP2603,5322.0,37383.0,78090.0,0.027057497181510293
20251120,SP2604,5334.0,56.0,334.0,0.013498312710910731
20251120,SP2605,5340.0,36307.0,77469.0,-0.00898876404494331
20251120,SP2606,5336.0,14.0,205.0,-0.026986506746626393
20251120,SP2607,5324.0,257.0,4010.0,0.03606311044327537
20251120,SP2608,5340.0,6.0,51.0,0.0
20251120,SP2609,5340.0,230.0,2039.0,0.04494382022471921
20251120,SP2610,5360.0,7.0,37.0,0.004477611940298054
20251120,SP2611,5362.0,12.0,4.0,0.0
20251121,SP2512,4704.0,6005.0,10021.0,0.015019490942444393
20251121,SP2601,5228.0,271190.0,140077.0,0.036725325172149326
20251121,SP2602,5244.0,188.0,968.0,0.0366132723112127
20251121,SP2603,5260.0,41010.0,82133.0,0.031939163498099
20251121,SP2604,5274.0,19.0,330.0,0.0273037542662129
20251121,SP2605,5286.0,36472.0,85015.0,0.009080590238365716
20251121,SP2606,5290.0,44.0,217.0,-0.04536862003780762
20251121,SP2607,5270.0,863.0,4281.0,-0.004554079696394542
20251121,SP2608,5268.0,11.0,50.0,0.009111617312073328
20251121,SP2609,5272.0,934.0,2326.0,0.009104704097118166
20251121,SP2610,5276.0,29.0,37.0,-0.022744503411675332
20251121,SP2611,5266.0,26.0,20.0,0.0
20251124,SP2512,4712.0,4838.0,10168.0,0.01453615917285057
20251124,SP2601,5220.0,209062.0,142983.0,0.04137931034482634
20251124,SP2602,5238.0,215.0,986.0,0.027491408934707806
20251124,SP2603,5250.0,26806.0,84840.0,0.045714285714284486
20251124,SP2604,5270.0,64.0,309.0,0.018216318785578167
20251124,SP2605,5278.0,28091.0,87883.0,0.009094353921939913
20251124,SP2606,5282.0,52.0,207.0,-0.031806134040136325
20251124,SP2607,5268.0,132.0,4300.0,0.0
20251124,SP2608,5268.0,9.0,53.0,0.022779043280181988
20251124,SP2609,5278.0,281.0,2370.0,0.009094353921939913
20251124,SP2610,5282.0,9.0,32.0,0.03634986747444113
20251124,SP2611,5298.0,0.0,20.0,0.0
20251125,SP2512,4724.0,2438.0,8790.0,0.013928398139074677
20251125,SP2601,5212.0,212036.0,149790.0,0.05525709900230158
20251125,SP2602,5236.0,121.0,974.0,0.01833460656990038
20251125,SP2603,5244.0,27636.0,87399.0,0.01830663615560635
20251125,SP2604,5252.0,77.0,296.0,0.04569687738004635
20251125,SP2605,5272.0,34489.0,95605.0,0.009104704097118166
20251125,SP2606,5276.0,35.0,195.0,-0.022744503411675332
20251125,SP2607,5266.0,169.0,4300.0,0.022787694644891943
20251125,SP2608,5276.0,14.0,54.0,-0.018195602729341065
20251125,SP2609,5268.0,485.0,2496.0,0.04100227790432864
20251125,SP2610,5286.0,6.0,34.0,0.027241770715097147
20251125,SP2611,5298.0,12.0,29.0,0.0
20251126,SP2512,4716.0,2330.0,7843.0,0.014066386482545672
20251126,SP2601,5208.0,188417.0,143049.0,0.04608294930875534
20251126,SP2602,5228.0,36.0,976.0,0.013771996939555997
20251126,SP2603,5234.0,26985.0,93171.0,0.013756209400077601
20251126,SP2604,5240.0,41.0,290.0,0.04580152671755666
20251126,SP2605,5260.0,36076.0,100244.0,0.004562737642585191
20251126,SP2606,5262.0,6.0,198.0,-0.03192702394526803
20251126,SP2607,5248.0,376.0,4333.0,0.0
20251126,SP2608,5248.0,12.0,51.0,0.027439024390242928
20251126,SP2609,5260.0,400.0,2651.0,0.013688212927755572
20251126,SP2610,5266.0,49.0,61.0,0.03646031143182604
20251126,SP2611,5282.0,37.0,64.0,0.0
20251127,SP2512,4670.0,4369.0,6734.0,0.014840122224093536
20251127,SP2601,5184.0,183347.0,137725.0,0.05555555555555447
20251127,SP2602,5208.0,81.0,996.0,0.01843317972350267
20251127,SP2603,5216.0,29850.0,96958.0,0.01840490797546135
20251127,SP2604,5224.0,55.0,298.0,0.02297090352220632
20251127,SP2605,5234.0,42129.0,107566.0,-0.004585403133358756
20251127,SP2606,5232.0,50.0,200.0,-0.027522935779817015
20251127,SP2607,5220.0,929.0,4314.0,0.02758620689655089
20251127,SP2608,5232.0,5.0,54.0,0.009174311926605228
20251127,SP2609,5236.0,1070.0,2976.0,0.013750954927425951
20251127,SP2610,5242.0,9.0,67.0,0.03204883632201483
20251127,SP2611,5256.0,51.0,68.0,0.0
20251128,SP2512,4704.0,1564.0,5790.0,0.014159596422838813
20251128,SP2601,5198.0,192373.0,127140.0,0.004617160446326096
20251128,SP2602,5200.0,639.0,1244.0,0.036923076923075726
20251128,SP2603,5216.0,26879.0,102791.0,0.02760736196319069
20251128,SP2604,5228.0,125.0,364.0,0.04590665646518666
20251128,SP2605,5248.0,44101.0,114737.0,-0.004573170731707155
20251128,SP2606,5246.0,90.0,241.0,-0.027449485322150302
20251128,SP2607,5234.0,669.0,4336.0,0.009170806266717513
20251128,SP2608,5238.0,4.0,54.0,0.027491408934707806
20251128,SP2609,5250.0,641.0,3135.0,0.0
20251128,SP2610,5250.0,5.0,62.0,-0.022857142857142243
20251128,SP2611,5240.0,21.0,73.0,0.0
20251201,SP2512,4676.0,252.0,5672.0,0.01482108015109429
20251201,SP2601,5190.0,189068.0,123635.0,0.04624277456647441
20251201,SP2602,5210.0,288.0,1269.0,0.03685220729366545
20251201,SP2603,5226.0,29076.0,102920.0,0.041331802525832906
20251201,SP2604,5244.0,64.0,396.0,0.027459954233410855
20251201,SP2605,5256.0,62782.0,126523.0,0.022831050228311334
20251201,SP2606,5266.0,46.0,250.0,-0.059248006076717985
20251201,SP2607,5240.0,3323.0,5330.0,0.027480916030535596
20251201,SP2608,5252.0,11.0,55.0,0.013709063214013106
20251201,SP2609,5258.0,1546.0,3709.0,0.018257892734879988
20251201,SP2610,5266.0,5.0,65.0,0.022787694644891943
20251201,SP2611,5276.0,24.0,66.0,0.0
20251202,SP2512,4714.0,410.0,5564.0,0.017561840656328494
20251202,SP2601,5328.0,265756.0,99711.0,0.03153153153153099
20251202,SP2602,5342.0,753.0,1124.0,0.004492699363534136
20251202,SP2603,5344.0,35535.0,99955.0,0.013473053892215425
20251202,SP2604,5350.0,103.0,407.0,0.03588785046729015
20251202,SP2605,5366.0,105661.0,127910.0,-0.040253447633246786
20251202,SP2606,5348.0,279.0,357.0,-0.01795063575168232
20251202,SP2607,5340.0,2133.0,5458.0,0.06741573033707748
20251202,SP2608,5370.0,31.0,54.0,-0.04469273743016755
20251202,SP2609,5350.0,1823.0,4152.0,-0.008971962616822537
20251202,SP2610,5346.0,8.0,65.0,0.008978675645342271
20251202,SP2611,5350.0,26.0,62.0,0.0
20251203,SP2512,4772.0,1000.0,5666.0,0.019382728839579193
20251203,SP2601,5458.0,343158.0,96546.0,0.008794430194209113
20251203,SP2602,5462.0,502.0,1154.0,0.01318198462101794
20251203,SP2603,5468.0,53314.0,100430.0,0.017556693489393815
20251203,SP2604,5476.0,72.0,410.0,0.06574141709276748
20251203,SP2605,5506.0,163375.0,137782.0,-0.08717762440973509
20251203,SP2606,5466.0,160.0,354.0,0.017563117453349264
20251203,SP2607,5474.0,2613.0,5509.0,0.013153087321885693
20251203,SP2608,5480.0,13.0,60.0,-0.004379562043796081
20251203,SP2609,5478.0,1905.0,4092.0,-0.013143483023001501
20251203,SP2610,5472.0,15.0,65.0,-0.039473684210526105
20251203,SP2611,5454.0,62.0,63.0,0.0
20251204,SP2512,4804.0,598.0,5508.0,0.019422017232830317
20251204,SP2601,5496.0,257124.0,92533.0,-0.004366812227073691
20251204,SP2602,5494.0,463.0,1178.0,0.03931561703676678
20251204,SP2603,5512.0,48705.0,99733.0,-0.00435413642960869
20251204,SP2604,5510.0,65.0,410.0,0.056624319419238844
20251204,SP2605,5536.0,139939.0,142201.0,-0.09971098265895995
20251204,SP2606,5490.0,102.0,361.0,0.030601092896174187
20251204,SP2607,5504.0,1613.0,5492.0,0.0261627906976738
20251204,SP2608,5516.0,23.0,54.0,-0.017403915881073484
20251204,SP2609,5508.0,1216.0,4207.0,-0.04357298474945592
20251204,SP2610,5488.0,29.0,51.0,0.00874635568513149
20251204,SP2611,5492.0,45.0,72.0,0.0
20251205,SP2512,4770.0,674.0,5350.0,0.019221256448307546
20251205,SP2601,5450.0,227514.0,85114.0,-0.01321100917431206
20251205,SP2602,5444.0,1084.0,1393.0,0.04849375459221239
20251205,SP2603,5466.0,49882.0,97939.0,0.017563117453349264
20251205,SP2604,5474.0,97.0,408.0,0.035074899525027625
20251205,SP2605,5490.0,153557.0,140859.0,-0.06557377049180335
20251205,SP2606,5460.0,104.0,388.0,0.01318681318681314
20251205,SP2607,5466.0,2207.0,5473.0,0.017563117453349264
20251205,SP2608,5474.0,12.0,55.0,-0.00876872488125624
20251205,SP2609,5470.0,938.0,4153.0,-0.008775137111517672
20251205,SP2610,5466.0,19.0,50.0,0.013172338090011948
20251205,SP2611,5472.0,33.0,73.0,0.0
20251208,SP2512,4682.0,912.0,5046.0,0.020446462426025554
20251208,SP2601,5392.0,156586.0,80704.0,0.017804154302671904
20251208,SP2602,5400.0,573.0,1342.0,0.03111111111111242
20251208,SP2603,5414.0,35032.0,95818.0,0.02216475803472484
20251208,SP2604,5424.0,65.0,407.0,0.02654867256637239
20251208,SP2605,5436.0,134261.0,136694.0,-0.035320088300221375
20251208,SP2606,5420.0,167.0,428.0,-0.013284132841328233
20251208,SP2607,5414.0,1704.0,5514.0,0.03989656446250578
20251208,SP2608,5432.0,13.0,56.0,-0.013254786450662692
20251208,SP2609,5426.0,819.0,4210.0,0.0
20251208,SP2610,5426.0,9.0,48.0,0.0
20251208,SP2611,5426.0,9.0,69.0,0.0
20251209,SP2512,4704.0,142.0,5036.0,0.019548268745700516
20251209,SP2601,5386.0,114373.0,72491.0,0.05347196435202495
20251209,SP2602,5410.0,355.0,1312.0,0.039926062846579846
20251209,SP2603,5428.0,30584.0,96505.0,0.017686072218126903
20251209,SP2604,5436.0,19.0,409.0,0.06181015452538574
20251209,SP2605,5464.0,158850.0,146975.0,-0.02196193265007329
20251209,SP2606,5454.0,30.0,432.0,-0.013201320132012917
20251209,SP2607,5448.0,1352.0,5530.0,0.02202643171806251
20251209,SP2608,5458.0,12.0,50.0,-0.0043972150971045565
20251209,SP2609,5456.0,2092.0,4997.0,0.021994134897362017
20251209,SP2610,5466.0,7.0,44.0,-0.030735455543358547
20251209,SP2611,5452.0,24.0,76.0,0.0
20251210,SP2512,4716.0,384.0,4956.0,0.018412099379592296
20251210,SP2601,5360.0,104374.0,58995.0,0.04477611940298587
20251210,SP2602,5380.0,677.0,1330.0,0.05353159851301026
20251210,SP2603,5404.0,36606.0,96694.0,0.07549962990377601
20251210,SP2604,5438.0,16.0,407.0,-0.004413387274733616
20251210,SP2605,5436.0,253291.0,155839.0,-0.013245033112582849
20251210,SP2606,5430.0,70.0,385.0,-0.013259668508287525
20251210,SP2607,5424.0,2040.0,6057.0,0.008849557522125018
20251210,SP2608,5428.0,17.0,50.0,0.026529108327191686
20251210,SP2609,5440.0,2601.0,5607.0,0.06176470588235272
20251210,SP2610,5468.0,0.0,44.0,-0.07900512070226817
20251210,SP2611,5432.0,2.0,76.0,0.0
20251211,SP2512,4810.0,258.0,4872.0,0.019565979116540906
20251211,SP2601,5508.0,163112.0,56702.0,0.039215686274509665
20251211,SP2602,5526.0,672.0,1304.0,0.04343105320304019
20251211,SP2603,5546.0,85616.0,103954.0,0.004327443202306824
20251211,SP2604,5548.0,95.0,422.0,0.08219178082191814
20251211,SP2605,5586.0,833491.0,204699.0,0.012889366272825775
20251211,SP2606,5592.0,119.0,374.0,-0.021459227467811814
20251211,SP2607,5582.0,3069.0,6452.0,-0.034396273737011374
20251211,SP2608,5566.0,18.0,50.0,0.04311893639956832
20251211,SP2609,5586.0,4181.0,5765.0,-0.008592910848550517
20251211,SP2610,5582.0,26.0,40.0,0.02149767108563161
20251211,SP2611,5592.0,61.0,79.0,0.0
20251212,SP2512,4790.0,182.0,4920.0,0.018690624193661888
20251212,SP2601,5454.0,72650.0,48720.0,0.07480748074807408
20251212,SP2602,5488.0,830.0,1069.0,0.01749271137026298
20251212,SP2603,5496.0,44359.0,101877.0,0.1048034934497819
20251212,SP2604,5544.0,26.0,421.0,-0.02164502164502169
20251212,SP2605,5534.0,482936.0,204480.0,0.0520419226599218
20251212,SP2606,5558.0,10.0,370.0,-0.056135300467794025
20251212,SP2607,5532.0,3904.0,7079.0,0.03470715835141114
20251212,SP2608,5548.0,31.0,58.0,-0.017303532804614274
20251212,SP2609,5540.0,2821.0,6071.0,0.021660649819494893
20251212,SP2610,5550.0,14.0,36.0,-0.01729729729729712
20251212,SP2611,5542.0,17.0,80.0,0.0
20251215,SP2512,4828.0,308.0,5088.0,0.01859936885024621
20251215,SP2601,5494.0,49291.0,46020.0,0.06989443028758568
20251215,SP2602,5526.0,260.0,1040.0,0.017372421281216077
20251215,SP2603,5534.0,30988.0,101061.0,0.013010480664981117
20251215,SP2604,5540.0,35.0,424.0,0.06931407942238366
20251215,SP2605,5572.0,415604.0,210437.0,-0.030150753768843686
20251215,SP2606,5558.0,34.0,373.0,0.056135300467794025
20251215,SP2607,5584.0,4039.0,7600.0,-0.038681948424069024
20251215,SP2608,5566.0,9.0,55.0,0.06899029823931091
20251215,SP2609,5598.0,1551.0,6218.0,-0.034297963558413525
20251215,SP2610,5582.0,7.0,36.0,-0.017198136868506353
20251215,SP2611,5574.0,12.0,83.0,0.0
20251216,SP2601,5398.0,53084.0,40006.0,0.062245276028158436
20251216,SP2602,5426.0,668.0,1033.0,0.022115739034279436
20251216,SP2603,5436.0,35869.0,99017.0,-0.035320088300221375
20251216,SP2604,5420.0,27.0,422.0,0.10627306273062853
20251216,SP2605,5468.0,525963.0,207844.0,0.00438917337234912
20251216,SP2606,5470.0,73.0,384.0,0.013162705667275176
20251216,SP2607,5476.0,7126.0,8648.0,-0.03506208911614328
20251216,SP2608,5460.0,41.0,64.0,0.08351648351648322
20251216,SP2609,5498.0,2586.0,6464.0,0.05238268461258766
20251216,SP2610,5522.0,22.0,39.0,-0.20427381383556664
20251216,SP2611,5428.0,20.0,79.0,0.004421518054532392
20251216,SP2612,5430.0,8.0,7.0,0.0
20251217,SP2601,5440.0,21873.0,38326.0,0.030882352941177693
20251217,SP2602,5454.0,267.0,990.0,0.030803080308031916
20251217,SP2603,5468.0,18420.0,98227.0,0.02194586686174027
20251217,SP2604,5478.0,40.0,420.0,0.06133625410733945
20251217,SP2605,5506.0,319068.0,207655.0,-0.06974209952778754
20251217,SP2606,5474.0,25.0,384.0,0.09645597369382664
20251217,SP2607,5518.0,2521.0,8827.0,0.008698803914461095
20251217,SP2608,5522.0,4.0,63.0,0.021731256791017728
20251217,SP2609,5532.0,1358.0,6581.0,-0.01735357917570557
20251217,SP2610,5524.0,15.0,37.0,-0.017378711078928077
20251217,SP2611,5516.0,76.0,117.0,-0.008701957940536076
20251217,SP2612,5512.0,6.0,8.0,0.0
20251218,SP2601,5422.0,19537.0,37474.0,0.07082257469568365
20251218,SP2602,5454.0,178.0,996.0,0.022002200220022416
20251218,SP2603,5464.0,19395.0,98687.0,0.12737920937042535
20251218,SP2604,5522.0,8.0,416.0,-0.047808764940239
20251218,SP2605,5500.0,349137.0,208050.0,0.10472727272727234
20251218,SP2606,5548.0,13.0,386.0,-0.09084354722422461
20251218,SP2607,5506.0,2420.0,8904.0,0.02179440610243244
20251218,SP2608,5516.0,8.0,65.0,0.013052936910804114
20251218,SP2609,5522.0,2278.0,6942.0,0.0
20251218,SP2610,5522.0,7.0,35.0,0.013038754074610637
20251218,SP2611,5528.0,19.0,119.0,0.017366136034732804
20251218,SP2612,5536.0,17.0,8.0,0.0
20251219,SP2601,5430.0,17496.0,35103.0,0.06629834254143763
20251219,SP2602,5460.0,140.0,1001.0,0.0219780219780219
20251219,SP2603,5470.0,21573.0,96803.0,0.013162705667275176
20251219,SP2604,5476.0,14.0,418.0,0.06574141709276748
20251219,SP2605,5506.0,268099.0,206418.0,-0.013076643661459997
20251219,SP2606,5500.0,11.0,375.0,0.026181818181819416
20251219,SP2607,5512.0,2647.0,9074.0,-0.00435413642960869
20251219,SP2608,5510.0,4.0,66.0,0.026134301270416493
20251219,SP2609,5522.0,1098.0,7147.0,-0.05215501629844255
20251219,SP2610,5498.0,9.0,32.0,0.0043652237177163045
20251219,SP2611,5500.0,1.0,118.0,0.00872727272727225
20251219,SP2612,5504.0,3.0,7.0,0.0
20251222,SP2601,5548.0,26351.0,34586.0,0.051910598413844156
20251222,SP2602,5572.0,555.0,1092.0,0.030150753768843686
20251222,SP2603,5586.0,34516.0,98263.0,0.051557465091300436
20251222,SP2604,5610.0,56.0,422.0,0.025668449197861598
20251222,SP2605,5622.0,478275.0,221657.0,0.004268943436499306
20251222,SP2606,5624.0,51.0,380.0,0.029871977240397918
20251222,SP2607,5638.0,5153.0,9379.0,0.02128414331323203
20251222,SP2608,5648.0,48.0,77.0,0.038243626062322456
20251222,SP2609,5666.0,5634.0,9014.0,-0.05506530180021185
20251222,SP2610,5640.0,14.0,34.0,0.0425531914893611
20251222,SP2611,5660.0,31.0,120.0,-0.016961130742049857
20251222,SP2612,5652.0,7.0,11.0,0.0
20251223,SP2601,5550.0,15340.0,32164.0,0.04756756756756708
20251223,SP2602,5572.0,162.0,1090.0,0.030150753768843686
20251223,SP2603,5586.0,25152.0,96449.0,0.06444683136412355
20251223,SP2604,5616.0,8.0,420.0,0.008547008547009405
20251223,SP2605,5620.0,331927.0,224801.0,-0.02989323843416347
20251223,SP2606,5606.0,9.0,385.0,0.08134141990724242
20251223,SP2607,5644.0,1280.0,9373.0,0.025513819985826913
20251223,SP2608,5656.0,11.0,78.0,0.02970297029702973
20251223,SP2609,5670.0,3132.0,10158.0,-0.09312169312169338
20251223,SP2610,5626.0,4.0,33.0,0.08958407394241075
20251223,SP2611,5668.0,6.0,118.0,-0.11432604093154586
20251223,SP2612,5614.0,8.0,13.0,0.0
20251224,SP2601,5552.0,19692.0,30193.0,0.043227665706051965
20251224,SP2602,5572.0,347.0,1050.0,0.025843503230437825
20251224,SP2603,5584.0,34767.0,92567.0,-0.030085959885386426
20251224,SP2604,5570.0,36.0,428.0,0.10771992818671361
20251224,SP2605,5620.0,504099.0,222536.0,0.012811387900354632
20251224,SP2606,5626.0,34.0,379.0,0.025595449697832784
20251224,SP2607,5638.0,3233.0,9284.0,-0.004256828662645873
20251224,SP2608,5636.0,32.0,83.0,0.05110007097232039
20251224,SP2609,5660.0,5394.0,11375.0,0.02968197879858625
20251224,SP2610,5674.0,10.0,33.0,0.004229820232641401
20251224,SP2611,5676.0,26.0,112.0,0.0042283298097256505
20251224,SP2612,5678.0,7.0,13.0,0.0
20251225,SP2601,5532.0,21524.0,29153.0,0.06073752711496816
20251225,SP2602,5560.0,147.0,1062.0,0.021582733812949506
20251225,SP2603,5570.0,29518.0,87621.0,0.05601436265709214
20251225,SP2604,5596.0,14.0,426.0,0.01715511079342491
20251225,SP2605,5604.0,383201.0,218180.0,0.07280513918629516
20251225,SP2606,5638.0,104.0,398.0,-0.008513657325293078
20251225,SP2607,5634.0,2445.0,9579.0,-0.012779552715655562
20251225,SP2608,5628.0,8.0,81.0,0.046908315565032055
20251225,SP2609,5650.0,3183.0,11514.0,0.004247787610618836
20251225,SP2610,5652.0,7.0,33.0,0.012738853503186043
20251225,SP2611,5658.0,3.0,113.0,0.033934252386003116
20251225,SP2612,5674.0,4.0,14.0,0.0
20251226,SP2601,5564.0,13226.0,23414.0,0.03450754852624094
20251226,SP2602,5580.0,160.0,995.0,0.034408602150537426
20251226,SP2603,5596.0,42790.0,72967.0,0.004288777698356228
20251226,SP2604,5598.0,18.0,425.0,0.06859592711682705
20251226,SP2605,5630.0,395691.0,218579.0,-0.012788632326821148
20251226,SP2606,5624.0,16.0,389.0,0.042674253200568835
20251226,SP2607,5644.0,4831.0,11559.0,-0.017009213323883277
20251226,SP2608,5636.0,106.0,98.0,0.05535841022001531
20251226,SP2609,5662.0,2899.0,11518.0,-0.016955139526668717
20251226,SP2610,5654.0,12.0,41.0,-0.02546869472939539
20251226,SP2611,5642.0,18.0,114.0,0.05104572846508226
20251226,SP2612,5666.0,2.0,15.0,0.0
20251229,SP2601,5440.0,15022.0,17870.0,0.0705882352941174
20251229,SP2602,5472.0,228.0,938.0,0.021929824561404132
20251229,SP2603,5482.0,29450.0,68023.0,0.030645749726375904
20251229,SP2604,5496.0,36.0,426.0,0.030567685589519833
20251229,SP2605,5510.0,408630.0,224638.0,-0.008711433756806386
20251229,SP2606,5506.0,63.0,400.0,0.05230657464583999
20251229,SP2607,5530.0,7492.0,13418.0,0.14755877034358011
20251229,SP2608,5598.0,10.0,96.0,-0.08574490889603448
20251229,SP2609,5558.0,2759.0,11721.0,0.06908960057574731
20251229,SP2610,5590.0,11.0,38.0,-0.02576028622540294
20251229,SP2611,5578.0,6.0,116.0,-0.09035496593761216
20251229,SP2612,5536.0,7.0,19.0,0.0
20251230,SP2601,5496.0,7239.0,14032.0,0.08296943231440945
20251230,SP2602,5534.0,74.0,930.0,0.008673653776654078
20251230,SP2603,5538.0,25115.0,61384.0,0.05200433369447488
20251230,SP2604,5562.0,70.0,415.0,0.012944983818770517
20251230,SP2605,5568.0,301862.0,218046.0,0.017241379310344307
20251230,SP2606,5576.0,41.0,393.0,0.025824964131994754
20251230,SP2607,5588.0,6952.0,15366.0,-0.017179670722977658
20251230,SP2608,5580.0,74.0,92.0,0.05161290322580747
20251230,SP2609,5604.0,2805.0,11843.0,-0.09421841541755915
20251230,SP2610,5560.0,6.0,38.0,0.09064748201438899
20251230,SP2611,5602.0,5.0,117.0,0.01713673687968509
20251230,SP2612,5610.0,10.0,26.0,0.0
20251231,SP2601,5460.0,3957.0,11893.0,0.05714285714285694
20251231,SP2602,5486.0,57.0,931.0,0.030623405030988593
20251231,SP2603,5500.0,20483.0,57173.0,0.05236363636363617
20251231,SP2604,5524.0,28.0,412.0,0.017378711078928077
20251231,SP2605,5532.0,258678.0,206636.0,0.03904555314533553
20251231,SP2606,5550.0,11.0,392.0,0.00432432432432428
20251231,SP2607,5552.0,6127.0,16985.0,-0.00432276657060493
20251231,SP2608,5550.0,51.0,107.0,0.0432432432432428
20251231,SP2609,5570.0,1758.0,11740.0,-0.04739676840215479
20251231,SP2610,5548.0,0.0,38.0,0.1384282624369142
20251231,SP2611,5612.0,7.0,118.0,-0.004276550249465494
20251231,SP2612,5610.0,3.0,26.0,0.0
20260105,SP2601,5472.0,989.0,11152.0,0.061403508771928905
20260105,SP2602,5500.0,82.0,897.0,-0.00872727272727225
20260105,SP2603,5496.0,15178.0,55784.0,0.017467248908297428
20260105,SP2604,5504.0,28.0,402.0,0.05668604651162834
20260105,SP2605,5530.0,223450.0,213721.0,0.01301989150090499
20260105,SP2606,5536.0,28.0,396.0,0.017341040462427237
20260105,SP2607,5544.0,7035.0,19084.0,-0.008658008658008143
20260105,SP2608,5540.0,46.0,114.0,0.047653429602888764
20260105,SP2609,5562.0,1175.0,11793.0,-0.03020496224379654
20260105,SP2610,5548.0,0.0,38.0,0.0692141312184571
20260105,SP2611,5580.0,7.0,118.0,0.017204301075270045
20260105,SP2612,5588.0,1.0,26.0,0.0
20260106,SP2601,5528.0,1664.0,10222.0,0.05643994211288028
20260106,SP2602,5554.0,183.0,888.0,0.04753330932661104
20260106,SP2603,5576.0,23935.0,50650.0,0.030129124820659214
20260106,SP2604,5590.0,21.0,402.0,0.0472271914132385
20260106,SP2605,5612.0,374040.0,220737.0,0.004276550249465494
20260106,SP2606,5614.0,30.0,396.0,0.038475240470252636
20260106,SP2607,5632.0,7042.0,20842.0,0.008522727272727515
20260106,SP2608,5636.0,9.0,113.0,0.025550035486161526
20260106,SP2609,5648.0,2908.0,12011.0,-0.08073654390934903
20260106,SP2610,5610.0,8.0,45.0,0.0983957219251348
20260106,SP2611,5656.0,5.0,117.0,-0.08062234794908107
20260106,SP2612,5618.0,9.0,28.0,0.0
20260107,SP2601,5520.0,1962.0,9696.0,0.09565217391304337
20260107,SP2602,5564.0,162.0,896.0,-0.004313443565779451
20260107,SP2603,5562.0,19757.0,47598.0,0.08198489751887728
20260107,SP2604,5600.0,40.0,404.0,-0.008571428571428008
20260107,SP2605,5596.0,403564.0,218491.0,0.055754110078628294
20260107,SP2606,5622.0,74.0,391.0,-0.008537886872998612
20260107,SP2607,5618.0,10095.0,23027.0,0.02990388038447911
20260107,SP2608,5632.0,57.0,101.0,0.025568181818182545
20260107,SP2609,5644.0,4115.0,12180.0,0.01700921332388461
20260107,SP2610,5652.0,23.0,61.0,0.016985138004245393
20260107,SP2611,5660.0,27.0,126.0,0.033922261484099714
20260107,SP2612,5676.0,10.0,30.0,0.0
20260108,SP2601,5444.0,1154.0,8874.0,0.061719324026450195
20260108,SP2602,5472.0,190.0,887.0,0.017543859649123306
20260108,SP2603,5480.0,17954.0,44026.0,0.026277372262773824
20260108,SP2604,5492.0,79.0,400.0,0.026219956300072234
20260108,SP2605,5504.0,422430.0,229326.0,0.030523255813954542
20260108,SP2606,5518.0,83.0,402.0,0.03914461761507759
20260108,SP2607,5536.0,8584.0,24121.0,0.03901734104046195
20260108,SP2608,5554.0,23.0,99.0,0.02160604969391411
20260108,SP2609,5564.0,5464.0,13634.0,0.07764198418404078
20260108,SP2610,5600.0,8.0,65.0,-0.05571428571428605
20260108,SP2611,5574.0,23.0,129.0,0.017222820236812986
20260108,SP2612,5582.0,8.0,33.0,0.0
20260109,SP2601,5480.0,66.0,8840.0,0.09197080291970838
20260109,SP2602,5522.0,111.0,873.0,-0.013038754074610637
20260109,SP2603,5516.0,17255.0,41614.0,0.07831762146483001
20260109,SP2604,5552.0,22.0,392.0,-0.00432276657060493
20260109,SP2605,5550.0,349961.0,215480.0,0.03891891891891852
20260109,SP2606,5568.0,34.0,401.0,0.012931034482758896
20260109,SP2607,5574.0,7820.0,25144.0,0.017222820236812986
20260109,SP2608,5582.0,43.0,82.0,0.04299534217126588
20260109,SP2609,5602.0,5096.0,14067.0,0.03427347375937284
20260109,SP2610,5618.0,17.0,50.0,0.0
20260109,SP2611,5618.0,19.0,132.0,0.0
20260109,SP2612,5618.0,8.0,34.0,0.0
20260112,SP2601,5418.0,42.0,8858.0,0.13732004429678923
20260112,SP2602,5480.0,510.0,754.0,-0.04379562043795682
20260112,SP2603,5460.0,12593.0,39215.0,0.08351648351648322
20260112,SP2604,5498.0,28.0,395.0,-0.017460894870862553
20260112,SP2605,5490.0,283615.0,219104.0,0.017486338797814582
20260112,SP2606,5498.0,38.0,388.0,0.03492178974172511
20260112,SP2607,5514.0,8129.0,26053.0,0.04352557127312284
20260112,SP2608,5534.0,11.0,82.0,0.004336826888327039
20260112,SP2609,5536.0,2904.0,14480.0,0.030346820809249664
20260112,SP2610,5550.0,6.0,50.0,0.0216216216216214
20260112,SP2611,5560.0,14.0,135.0,0.025899280575540473
20260112,SP2612,5572.0,10.0,41.0,0.0
20260113,SP2601,5422.0,574.0,8610.0,0.12393950571744838
20260113,SP2602,5478.0,76.0,772.0,-0.03943044906900317
20260113,SP2603,5460.0,12866.0,38633.0,0.07472527472527446
20260113,SP2604,5494.0,31.0,394.0,-0.004368401892973939
20260113,SP2605,5492.0,299655.0,216747.0,0.08302986161689674
20260113,SP2606,5530.0,22.0,384.0,-0.03471971066907775
20260113,SP2607,5514.0,8093.0,27671.0,0.06093579978237251
20260113,SP2608,5542.0,7.0,82.0,-0.004330566582461337
20260113,SP2609,5540.0,2717.0,14516.0,0.043321299638989785
20260113,SP2610,5560.0,25.0,40.0,0.04748201438848998
20260113,SP2611,5582.0,21.0,130.0,-0.02579720530275953
20260113,SP2612,5570.0,9.0,41.0,0.0
20260114,SP2601,5470.0,156.0,8480.0,0.0
20260114,SP2602,5470.0,104.0,757.0,-0.02193784277879285
20260114,SP2603,5460.0,11492.0,37935.0,0.0439560439560438
20260114,SP2604,5480.0,13.0,395.0,0.030656934306568573
20260114,SP2605,5494.0,250424.0,219845.0,0.03931561703676678
20260114,SP2606,5512.0,59.0,373.0,0.00870827285921738
20260114,SP2607,5516.0,7501.0,29364.0,0.1000725163161702
20260114,SP2608,5562.0,6.0,82.0,-0.047464940668823896
20260114,SP2609,5540.0,2868.0,14458.0,0.0606498194945857
20260114,SP2610,5568.0,7.0,39.0,-0.1163793103448274
20260114,SP2611,5514.0,53.0,141.0,0.10881392818280844
20260114,SP2612,5564.0,0.0,41.0,0.0
20260115,SP2601,5410.0,14.0,8484.0,0.022181146025878284
20260115,SP2602,5420.0,52.0,737.0,-0.044280442804427445
20260115,SP2603,5400.0,10128.0,37603.0,0.09777777777777885
20260115,SP2604,5444.0,27.0,401.0,-0.01763409257898596
20260115,SP2605,5436.0,239188.0,235327.0,0.06622516556291291
20260115,SP2606,5466.0,56.0,376.0,0.0
20260115,SP2607,5466.0,7626.0,31994.0,0.08781558726674099
20260115,SP2608,5506.0,3.0,82.0,-0.043588812204867544
20260115,SP2609,5486.0,2527.0,14859.0,0.04812249362012455
20260115,SP2610,5508.0,7.0,41.0,-0.08278867102396559
20260115,SP2611,5470.0,140.0,226.0,0.05265082266910337
20260115,SP2612,5494.0,18.0,49.0,0.0
20260116,SP2602,5330.0,142.0,729.0,0.0
20260116,SP2603,5330.0,27008.0,30849.0,0.06303939962476512
20260116,SP2604,5358.0,43.0,395.0,0.00895856662934058
20260116,SP2605,5362.0,384475.0,243490.0,0.05371130175307748
20260116,SP2606,5386.0,17.0,373.0,-0.004455997029335634
20260116,SP2607,5384.0,10143.0,33087.0,0.05349182763744409
20260116,SP2608,5408.0,25.0,80.0,-0.017751479289940253
20260116,SP2609,5400.0,6191.0,15659.0,0.040000000000000924
20260116,SP2610,5418.0,15.0,36.0,-0.07530454042081969
20260116,SP2611,5384.0,147.0,227.0,0.022288261515601704
20260116,SP2612,5394.0,62.0,74.0,0.0036994913199435006
20260116,SP2701,5542.0,2983.0,1774.0,0.0
20260119,SP2602,5322.0,95.0,721.0,0.013528748590756479
20260119,SP2603,5328.0,8123.0,29976.0,0.06306306306306197
20260119,SP2604,5356.0,24.0,388.0,0.01344286781179882
20260119,SP2605,5362.0,186669.0,249298.0,0.044759418127564565
20260119,SP2606,5382.0,30.0,357.0,0.008918617614268598
20260119,SP2607,5386.0,6539.0,34493.0,0.02673598217601114
20260119,SP2608,5398.0,13.0,84.0,0.004446091144868269
20260119,SP2609,5400.0,2962.0,16112.0,0.06222222222222218
20260119,SP2610,5428.0,7.0,38.0,-0.09727339719970463
20260119,SP2611,5384.0,25.0,223.0,-0.013372956909361022
20260119,SP2612,5378.0,16.0,75.0,0.003961206914562464
20260119,SP2701,5536.0,568.0,2027.0,0.0
20260120,SP2602,5344.0,163.0,723.0,-0.004491017964071808
20260120,SP2603,5342.0,10569.0,27150.0,0.058405091725946434
20260120,SP2604,5368.0,20.0,385.0,0.01788375558867461
20260120,SP2605,5376.0,190404.0,253759.0,0.017857142857144126
20260120,SP2606,5384.0,14.0,353.0,0.022288261515601704
20260120,SP2607,5394.0,5745.0,35827.0,0.04449388209121352
20260120,SP2608,5414.0,8.0,83.0,-0.00886590321389047
20260120,SP2609,5410.0,3818.0,16711.0,-0.026617375231053675
20260120,SP2610,5398.0,8.0,42.0,-0.013338273434604808
20260120,SP2611,5392.0,21.0,227.0,0.0311572700296745
20260120,SP2612,5406.0,16.0,81.0,0.0035915150457045348
20260120,SP2701,5550.0,607.0,2280.0,0.0
20260121,SP2602,5328.0,81.0,722.0,0.009009009009008473
20260121,SP2603,5332.0,8348.0,25260.0,0.05851462865716517
20260121,SP2604,5358.0,20.0,383.0,0.00447928331467029
20260121,SP2605,5360.0,167732.0,257468.0,0.01791044776119488
20260121,SP2606,5368.0,55.0,371.0,0.01788375558867461
20260121,SP2607,5376.0,5390.0,37199.0,0.022321428571428825
20260121,SP2608,5386.0,41.0,82.0,0.022279985146675507
20260121,SP2609,5396.0,2631.0,16956.0,0.026686434395849723
20260121,SP2610,5408.0,9.0,43.0,-0.039940828402367234
20260121,SP2611,5390.0,20.0,223.0,0.0
20260121,SP2612,5390.0,33.0,86.0,0.0034520856350711924
20260121,SP2701,5528.0,1440.0,2915.0,0.0
20260122,SP2602,5338.0,61.0,716.0,0.017984263769202258
20260122,SP2603,5346.0,7911.0,23975.0,0.044893378226711356
20260122,SP2604,5366.0,13.0,386.0,0.031308237048080834
20260122,SP2605,5380.0,218192.0,259485.0,0.026765799256506462
20260122,SP2606,5392.0,6.0,370.0,0.004451038575666644
20260122,SP2607,5394.0,7045.0,38952.0,0.06674082313681762
20260122,SP2608,5424.0,46.0,59.0,-0.01769911504424737
20260122,SP2609,5416.0,3561.0,17649.0,-0.07090103397341174
20260122,SP2610,5384.0,1.0,43.0,0.04903417533432375
20260122,SP2611,5406.0,36.0,233.0,-0.031076581576026552
20260122,SP2612,5392.0,18.0,89.0,0.0035508285266562206
20260122,SP2701,5534.0,1538.0,3548.0,0.0
20260123,SP2602,5336.0,154.0,733.0,0.06746626686656665
20260123,SP2603,5366.0,9601.0,22796.0,0.0939247111442425
20260123,SP2604,5408.0,71.0,413.0,-0.02218934911242565
20260123,SP2605,5398.0,269463.0,260129.0,0.0533530937384219
20260123,SP2606,5422.0,41.0,359.0,0.0
20260123,SP2607,5422.0,8610.0,40726.0,0.03541128734784316
20260123,SP2608,5438.0,23.0,59.0,0.008826774549467231
20260123,SP2609,5442.0,4530.0,18688.0,-0.004410143329658389
20260123,SP2610,5440.0,5.0,46.0,-0.04411764705882337
20260123,SP2611,5420.0,40.0,252.0,0.004428044280444077
20260123,SP2612,5422.0,4.0,88.0,0.0037301215605170888
20260123,SP2701,5572.0,1332.0,4089.0,0.0
20260126,SP2602,5328.0,210.0,944.0,0.018018018018016946
20260126,SP2603,5336.0,8833.0,21187.0,0.053973013493252786
20260126,SP2604,5360.0,14.0,413.0,0.03134328358208904
20260126,SP2605,5374.0,386750.0,271396.0,0.031261630070710034
20260126,SP2606,5388.0,35.0,359.0,0.026726057906458323
20260126,SP2607,5400.0,13819.0,44105.0,0.03111111111111242
20260126,SP2608,5414.0,18.0,62.0,0.026597709641668743
20260126,SP2609,5426.0,5710.0,19246.0,-0.07077036490969446
20260126,SP2610,5394.0,3.0,47.0,0.031145717463847866
20260126,SP2611,5408.0,110.0,244.0,0.0
20260126,SP2612,5408.0,50.0,111.0,0.004038960175520237
20260126,SP2701,5570.0,973.0,4431.0,0.0
20260127,SP2602,5314.0,535.0,596.0,-0.013549115543845858
20260127,SP2603,5308.0,4457.0,19583.0,0.06330067822155261
20260127,SP2604,5336.0,22.0,415.0,0.013493253373313863
20260127,SP2605,5342.0,202263.0,274206.0,0.10782478472482193
20260127,SP2606,5390.0,2.0,357.0,-0.044526901669758256
20260127,SP2607,5370.0,8364.0,46657.0,0.013407821229050931
20260127,SP2608,5376.0,16.0,57.0,0.03571428571428559
20260127,SP2609,5392.0,2456.0,19634.0,-0.004451038575667976
20260127,SP2610,5390.0,6.0,47.0,0.053432282003710974
20260127,SP2611,5414.0,6.0,246.0,-0.08422608053195413
20260127,SP2612,5376.0,16.0,112.0,0.004564606741573043
20260127,SP2701,5558.0,129.0,4465.0,0.0
20260128,SP2602,5312.0,16.0,588.0,0.06777108433734824
20260128,SP2603,5342.0,4973.0,18105.0,0.07637588918008298
20260128,SP2604,5376.0,41.0,418.0,-0.0044642857142860315
20260128,SP2605,5374.0,273090.0,264092.0,0.04019352437662871
20260128,SP2606,5392.0,14.0,359.0,0.013353115727002596
20260128,SP2607,5398.0,11013.0,48995.0,0.05779918488329017
20260128,SP2608,5424.0,17.0,60.0,-0.008849557522123686
20260128,SP2609,5420.0,4761.0,20208.0,0.035424354243541956
20260128,SP2610,5436.0,8.0,45.0,-0.026490066225165698
20260128,SP2611,5424.0,21.0,248.0,-0.004424778761062509
20260128,SP2612,5422.0,7.0,114.0,0.004028531285358449
20260128,SP2701,5584.0,94.0,4484.0,0.0
20260129,SP2602,5338.0,49.0,557.0,0.05395279130760677
20260129,SP2603,5362.0,7110.0,15324.0,0.04923535994031969
20260129,SP2604,5384.0,27.0,411.0,0.008915304606240682
20260129,SP2605,5388.0,215374.0,263863.0,0.04454342984409809
20260129,SP2606,5408.0,34.0,355.0,0.02218934911242698
20260129,SP2607,5418.0,7781.0,49964.0,0.026578073089700283
20260129,SP2608,5430.0,26.0,63.0,0.02209944751381343
20260129,SP2609,5440.0,3183.0,20362.0,0.026470588235294024
20260129,SP2610,5452.0,10.0,46.0,-0.04402054292002955
20260129,SP2611,5432.0,42.0,261.0,-0.008836524300441795
20260129,SP2612,5428.0,13.0,115.0,0.004520878010813689
20260129,SP2701,5610.0,70.0,4499.0,0.0
20260130,SP2602,5286.0,350.0,410.0,-0.01816118047673143
20260130,SP2603,5278.0,9442.0,13771.0,0.05001894657066952
20260130,SP2604,5300.0,155.0,402.0,0.0
20260130,SP2605,5300.0,476060.0,277027.0,0.07698113207547141
20260130,SP2606,5334.0,89.0,396.0,0.004499437570302689
20260130,SP2607,5336.0,18108.0,52810.0,0.013493253373313863
20260130,SP2608,5342.0,26.0,68.0,0.017970797454136545
20260130,SP2609,5350.0,10334.0,22608.0,0.017943925233645075
20260130,SP2610,5358.0,24.0,48.0,-0.040313549832027284
20260130,SP2611,5340.0,132.0,229.0,0.04494382022471921
20260130,SP2612,5360.0,36.0,134.0,0.0035720275029347617
20260130,SP2701,5502.0,461.0,4643.0,0.0
20260202,SP2602,5140.0,6.0,410.0,0.23346303501945442
20260202,SP2603,5240.0,3223.0,13150.0,0.032061068702288864
20260202,SP2604,5254.0,60.0,429.0,0.02740768937952076
20260202,SP2605,5266.0,314614.0,274460.0,0.05013292821876281
20260202,SP2606,5288.0,130.0,450.0,-0.004538577912254205
20260202,SP2607,5286.0,19992.0,55675.0,0.04540295119182858
20260202,SP2608,5306.0,40.0,76.0,0.0
20260202,SP2609,5306.0,6581.0,22377.0,0.05880135695439037
20260202,SP2610,5332.0,10.0,45.0,-0.058514628657163836
20260202,SP2611,5306.0,73.0,266.0,0.013569543912551829
20260202,SP2612,5312.0,29.0,146.0,0.003248950859618259
20260202,SP2701,5440.0,510.0,4834.0,0.0
20260203,SP2602,5246.0,0.0,410.0,0.0
20260203,SP2603,5246.0,2648.0,12847.0,0.08692337018680885
20260203,SP2604,5284.0,27.0,436.0,-0.018168054504164033
20260203,SP2605,5276.0,205957.0,278973.0,0.03639120545868213
20260203,SP2606,5292.0,99.0,463.0,0.018140589569160426
20260203,SP2607,5300.0,8362.0,55630.0,0.02264150943396359
20260203,SP2608,5310.0,9.0,73.0,0.03163841807909584
20260203,SP2609,5324.0,4413.0,23342.0,0.03606311044327537
20260203,SP2610,5340.0,6.0,46.0,-0.013483146067416296
20260203,SP2611,5334.0,9.0,263.0,-0.004499437570304021
20260203,SP2612,5332.0,1.0,146.0,0.0033379131299678894
20260203,SP2701,5464.0,571.0,5065.0,0.0
20260204,SP2602,5244.0,2.0,410.0,0.1189931350114426
20260204,SP2603,5296.0,2241.0,12532.0,0.009063444108761587
20260204,SP2604,5300.0,34.0,440.0,0.05433962264151049
20260204,SP2605,5324.0,210175.0,279509.0,0.04507888805409355
20260204,SP2606,5344.0,22.0,461.0,0.017964071856287234
20260204,SP2607,5352.0,9595.0,55612.0,0.013452914798206983
20260204,SP2608,5358.0,8.0,76.0,0.035834266517356994
20260204,SP2609,5374.0,4448.0,23548.0,-0.022329735764794023
20260204,SP2610,5364.0,3.0,47.0,-0.040268456375839534
20260204,SP2611,5346.0,3.0,261.0,0.026936026936026813
20260204,SP2612,5358.0,5.0,146.0,0.004076651106609471
20260204,SP2701,5520.0,45.0,5074.0,0.0
20260205,SP2602,5244.0,0.0,410.0,-0.032036613272311776
20260205,SP2603,5230.0,2235.0,11970.0,0.06424474187380547
20260205,SP2604,5258.0,41.0,434.0,-0.009128946367439994
20260205,SP2605,5254.0,201726.0,285275.0,0.0685192234488019
20260205,SP2606,5284.0,19.0,471.0,-0.013626040878123025
20260205,SP2607,5278.0,15067.0,55363.0,0.031830238726789695
20260205,SP2608,5292.0,31.0,78.0,0.022675736961450532
20260205,SP2609,5302.0,10913.0,22415.0,0.0407393436439083
20260205,SP2610,5320.0,14.0,43.0,-0.018045112781954753
20260205,SP2611,5312.0,23.0,255.0,0.05421686746988019
20260205,SP2612,5336.0,8.0,147.0,0.003234337887236152
20260205,SP2701,5464.0,97.0,5079.0,0.0
20260206,SP2602,5244.0,0.0,410.0,-0.06864988558352447
20260206,SP2603,5214.0,1846.0,11554.0,0.05983889528193398
20260206,SP2604,5240.0,29.0,452.0,-0.013740458015267798
20260206,SP2605,5234.0,204913.0,287362.0,-0.004585403133358756
20260206,SP2606,5232.0,62.0,432.0,0.05504587155963403
20260206,SP2607,5256.0,14252.0,56214.0,0.0867579908675804
20260206,SP2608,5294.0,2.0,79.0,-0.03626747261050278
20260206,SP2609,5278.0,6112.0,23085.0,0.07275483137552197
20260206,SP2610,5310.0,4.0,45.0,-0.06327683615819168
20260206,SP2611,5282.0,75.0,254.0,0.06361226808027265
20260206,SP2612,5310.0,20.0,150.0,0.0035548784358534953
20260206,SP2701,5450.0,57.0,5091.0,0.0
20260209,SP2602,5170.0,12.0,414.0,-0.018568665377176163
20260209,SP2603,5162.0,1887.0,11433.0,0.12553273924835384
20260209,SP2604,5216.0,12.0,457.0,-0.03680981595092003
20260209,SP2605,5200.0,185219.0,300912.0,0.05999999999999872
20260209,SP2606,5226.0,38.0,435.0,-0.013777267508610525
20260209,SP2607,5220.0,12964.0,56645.0,0.02298850574712663
20260209,SP2608,5230.0,4.0,82.0,0.04130019120458961
20260209,SP2609,5248.0,7072.0,25207.0,0.07317073170731714
20260209,SP2610,5280.0,12.0,49.0,-0.02727272727272778
20260209,SP2611,5268.0,56.0,259.0,0.045558086560363975
20260209,SP2612,5288.0,32.0,159.0,0.0032127012187866547
20260209,SP2701,5414.0,57.0,5087.0,0.0
20260210,SP2602,5160.0,4.0,418.0,0.04651162790697683
20260210,SP2603,5180.0,2085.0,11077.0,0.0324324324324321
20260210,SP2604,5194.0,118.0,475.0,0.01848286484405115
20260210,SP2605,5202.0,223862.0,307016.0,0.059976931949249135
20260210,SP2606,5228.0,52.0,435.0,-0.013771996939555997
20260210,SP2607,5222.0,10564.0,55979.0,0.050555342780542745
20260210,SP2608,5244.0,50.0,86.0,0.013729977116705427
20260210,SP2609,5250.0,11823.0,25188.0,0.05485714285714405
20260210,SP2610,5274.0,36.0,53.0,0.004550625711034151
20260210,SP2611,5276.0,37.0,247.0,0.004548900682335599
20260210,SP2612,5278.0,23.0,162.0,0.0035253394416509547
20260210,SP2701,5416.0,96.0,5088.0,0.0
20260211,SP2602,5160.0,0.0,418.0,0.11627906976744207
20260211,SP2603,5210.0,1427.0,10659.0,0.05527831094049951
20260211,SP2604,5234.0,48.0,471.0,0.004585403133360089
20260211,SP2605,5236.0,147734.0,301791.0,0.04583651642475228
20260211,SP2606,5256.0,34.0,435.0,-0.004566210045662267
20260211,SP2607,5254.0,8161.0,55147.0,0.04567948229920127
20260211,SP2608,5274.0,12.0,85.0,0.013651877133105117
20260211,SP2609,5280.0,5984.0,26568.0,0.036363636363635266
20260211,SP2610,5296.0,10.0,52.0,-0.009063444108761587
20260211,SP2611,5292.0,24.0,240.0,-0.01360544217687032
20260211,SP2612,5286.0,20.0,162.0,0.0036220331849660097
20260211,SP2701,5428.0,516.0,5324.0,0.0
20260212,SP2602,5160.0,0.0,418.0,0.11627906976744207
20260212,SP2603,5210.0,2296.0,9736.0,0.05988483685220736
20260212,SP2604,5236.0,39.0,466.0,0.004583651642474429
20260212,SP2605,5238.0,152334.0,280912.0,0.07789232531500456
20260212,SP2606,5272.0,220.0,447.0,-0.02276176024279275
20260212,SP2607,5262.0,9551.0,53029.0,0.04561003420752652
20260212,SP2608,5282.0,25.0,83.0,0.009087466868609617
20260212,SP2609,5286.0,3931.0,27074.0,0.06356413166855734
20260212,SP2610,5314.0,10.0,50.0,-0.009032743695897683
20260212,SP2611,5310.0,40.0,241.0,0.0
20260212,SP2612,5310.0,26.0,154.0,0.003504094458198433
20260212,SP2701,5448.0,99.0,5322.0,0.0
20260213,SP2602,5160.0,6.0,412.0,0.15813953488372068
20260213,SP2603,5228.0,5889.0,9566.0,0.018362662586074663
20260213,SP2604,5236.0,41.0,463.0,0.05500381970970114
20260213,SP2605,5260.0,164325.0,269664.0,0.03650190114068419
20260213,SP2606,5276.0,84.0,455.0,0.013646702047004133
20260213,SP2607,5282.0,9557.0,51854.0,0.013631200302915758
20260213,SP2608,5288.0,38.0,79.0,0.03630862329803364
20260213,SP2609,5304.0,6025.0,27340.0,0.0
20260213,SP2610,5304.0,40.0,48.0,-0.009049773755656076
20260213,SP2611,5300.0,23.0,227.0,0.018113207547169274
20260213,SP2612,5308.0,6.0,155.0,0.00350541476507793
20260213,SP2701,5446.0,62.0,5296.0,0.0
20260224,SP2602,5160.0,0.0,412.0,0.3023255813953494
20260224,SP2603,5290.0,2841.0,8390.0,0.10434782608695592
20260224,SP2604,5336.0,21.0,463.0,0.008995502248876797
20260224,SP2605,5340.0,175423.0,249662.0,0.06741573033707748
20260224,SP2606,5370.0,13.0,444.0,-0.013407821229050931
20260224,SP2607,5364.0,9048.0,51659.0,0.06263982102908194
20260224,SP2608,5392.0,10.0,80.0,0.008902077151335952
20260224,SP2609,5396.0,5583.0,28249.0,0.01334321719792353
20260224,SP2610,5402.0,10.0,41.0,-0.03554239170677498
20260224,SP2611,5386.0,22.0,220.0,-0.03564797623468241
20260224,SP2612,5370.0,29.0,136.0,0.004619923419747657
20260224,SP2701,5554.0,137.0,5364.0,0.0
20260225,SP2603,5304.0,2976.0,7252.0,0.05429864253393646
20260225,SP2604,5328.0,44.0,466.0,0.04504504504504503
20260225,SP2605,5348.0,175844.0,239802.0,0.058339566192968206
20260225,SP2606,5374.0,50.0,449.0,0.008931894305918675
20260225,SP2607,5378.0,17134.0,51323.0,0.053551506136109595
20260225,SP2608,5402.0,18.0,79.0,-0.004442798963347538
20260225,SP2609,5400.0,5991.0,29045.0,0.03555555555555667
20260225,SP2610,5416.0,16.0,44.0,-0.048744460856720906
20260225,SP2611,5394.0,36.0,222.0,0.01334816462736299
20260225,SP2612,5400.0,27.0,120.0,0.0034956304619225944
20260225,SP2701,5540.0,139.0,5400.0,-0.03465703971119183
20260225,SP2702,5524.0,0.0,0.0,0.0
20260226,SP2603,5262.0,1434.0,6593.0,0.01824401368300954
20260226,SP2604,5270.0,18.0,470.0,0.09563567362428937
20260226,SP2605,5312.0,178329.0,243577.0,0.03614457831325346
20260226,SP2606,5328.0,38.0,456.0,0.022522522522522515
20260226,SP2607,5338.0,16640.0,54567.0,0.0
20260226,SP2608,5338.0,8.0,77.0,0.058448857249906006
20260226,SP2609,5364.0,5935.0,29828.0,0.01789709172259446
20260226,SP2610,5372.0,8.0,46.0,-0.0178704393149669
20260226,SP2611,5364.0,36.0,227.0,-0.02237136465324374
20260226,SP2612,5354.0,28.0,135.0,0.004432263182415344
20260226,SP2701,5530.0,108.0,5409.0,0.034719710669079085
20260226,SP2702,5546.0,1.0,1.0,0.0
20260227,SP2603,5188.0,698.0,6336.0,0.09714726291441877
20260227,SP2604,5230.0,57.0,488.0,0.03671128107074484
20260227,SP2605,5246.0,172356.0,253941.0,0.07777354174609297
20260227,SP2606,5280.0,35.0,454.0,-0.004545454545454408
20260227,SP2607,5278.0,15039.0,56737.0,0.02728306176581974
20260227,SP2608,5290.0,22.0,80.0,0.049905482041587845
20260227,SP2609,5312.0,6547.0,31040.0,0.022590361445782747
20260227,SP2610,5322.0,14.0,44.0,-0.013528748590755146
20260227,SP2611,5316.0,46.0,246.0,0.049661399548533325
20260227,SP2612,5338.0,5.0,136.0,0.0033341612605823807
20260227,SP2701,5470.0,69.0,5417.0,-0.039488117001828194
20260227,SP2702,5452.0,2.0,2.0,0.0
20260302,SP2603,5196.0,344.0,6242.0,0.09699769053117713
20260302,SP2604,5238.0,41.0,481.0,0.03207331042382666
20260302,SP2605,5252.0,204720.0,258199.0,0.08682406702208567
20260302,SP2606,5290.0,52.0,449.0,0.0
20260302,SP2607,5290.0,15800.0,59019.0,0.009073724007560457
20260302,SP2608,5294.0,5.0,79.0,0.04986777483944049
20260302,SP2609,5316.0,11630.0,32619.0,0.013544018058691876
20260302,SP2610,5322.0,13.0,48.0,0.0
20260302,SP2611,5322.0,37.0,244.0,0.018038331454339307
20260302,SP2612,5330.0,11.0,137.0,0.003490945886122662
20260302,SP2701,5468.0,482.0,5599.0,0.035113386978784966
20260302,SP2702,5484.0,2.0,3.0,0.0
20260303,SP2603,5164.0,106.0,6212.0,0.03718048024786924
20260303,SP2604,5180.0,5.0,482.0,0.09266409266409248
20260303,SP2605,5220.0,212704.0,265315.0,0.04597701149425326
20260303,SP2606,5240.0,18.0,446.0,0.022900763358779663
20260303,SP2607,5250.0,15466.0,60491.0,0.03657142857142759
20260303,SP2608,5266.0,20.0,83.0,0.022787694644891943
20260303,SP2609,5276.0,14395.0,31284.0,0.0727824109173616
20260303,SP2610,5308.0,0.0,48.0,-0.04521477015825148
20260303,SP2611,5288.0,29.0,255.0,0.022692889561271024
20260303,SP2612,5298.0,21.0,145.0,0.003461132248336231
20260303,SP2701,5434.0,450.0,5726.0,0.0
20260303,SP2702,5434.0,2.0,4.0,0.0
20260304,SP2603,5182.0,414.0,6372.0,0.07410266306445479
20260304,SP2604,5214.0,10.0,478.0,0.07364787111622562
20260304,SP2605,5246.0,313933.0,257514.0,0.054898970644300604
20260304,SP2606,5270.0,45.0,439.0,0.02277039848197404
20260304,SP2607,5280.0,22161.0,59253.0,0.04999999999999982
20260304,SP2608,5302.0,81.0,80.0,0.004526593738211737
20260304,SP2609,5304.0,14745.0,32667.0,0.040723981900452344
20260304,SP2610,5322.0,9.0,53.0,-0.01803833145434064
20260304,SP2611,5314.0,38.0,268.0,0.0
20260304,SP2612,5314.0,44.0,135.0,0.004008914336943316
20260304,SP2701,5472.0,207.0,5723.0,0.021929824561404132
20260304,SP2702,5482.0,0.0,4.0,0.0
20260305,SP2603,5230.0,218.0,6398.0,0.06424474187380547
20260305,SP2604,5258.0,25.0,456.0,-0.018257892734879988
20260305,SP2605,5250.0,236632.0,253109.0,0.06400000000000095
20260305,SP2606,5278.0,19.0,440.0,0.0
20260305,SP2607,5278.0,15189.0,59819.0,0.08639636225843184
20260305,SP2608,5316.0,20.0,85.0,-0.022573363431150906
20260305,SP2609,5306.0,12836.0,34273.0,0.03166226912928671
20260305,SP2610,5320.0,13.0,54.0,0.05413533834586559
20260305,SP2611,5344.0,40.0,280.0,0.044910179640718084
20260305,SP2612,5364.0,20.0,132.0,0.002915818314355382
20260305,SP2701,5480.0,99.0,5728.0,0.0
20260305,SP2702,5480.0,2.0,4.0,0.0
20260306,SP2603,5260.0,386.0,6436.0,0.10038022813688219
20260306,SP2604,5304.0,30.0,451.0,0.040723981900452344
20260306,SP2605,5322.0,283061.0,249334.0,0.045095828635852264
20260306,SP2606,5342.0,49.0,434.0,0.004492699363534136
20260306,SP2607,5344.0,17191.0,60313.0,0.08083832335329255
20260306,SP2608,5380.0,24.0,86.0,-0.02676579925650513
20260306,SP2609,5368.0,12328.0,34094.0,0.01788375558867461
20260306,SP2610,5376.0,14.0,55.0,-0.017857142857142794
20260306,SP2611,5368.0,10.0,281.0,0.013412816691505292
20260306,SP2612,5374.0,12.0,132.0,0.0036630802490559963
20260306,SP2701,5520.0,977.0,6071.0,-0.039130434782609136
20260306,SP2702,5502.0,5.0,5.0,0.0
20260309,SP2603,5272.0,174.0,6450.0,-0.004552352048559083
20260309,SP2604,5270.0,239.0,460.0,0.06831119544591946
20260309,SP2605,5300.0,528134.0,235171.0,0.08150943396226307
20260309,SP2606,5336.0,162.0,448.0,-0.008995502248875464
20260309,SP2607,5332.0,38539.0,60532.0,0.06751687921980576
20260309,SP2608,5362.0,98.0,74.0,-0.0044759418127564565
20260309,SP2609,5360.0,31389.0,35723.0,0.02686567164179099
20260309,SP2610,5372.0,16.0,53.0,0.0580789277736411
20260309,SP2611,5398.0,64.0,281.0,-0.013338273434604808
20260309,SP2612,5392.0,20.0,128.0,0.003900910212382901
20260309,SP2701,5548.0,216.0,6075.0,0.16438356164383627
20260309,SP2702,5624.0,11.0,8.0,0.0
20260310,SP2603,5180.0,26.0,6456.0,0.050965250965250064
20260310,SP2604,5202.0,12.0,468.0,0.09688581314878952
20260310,SP2605,5244.0,312319.0,235567.0,0.06407322654462355
20260310,SP2606,5272.0,71.0,465.0,0.013657056145675917
20260310,SP2607,5278.0,27567.0,62354.0,0.02728306176581974
20260310,SP2608,5290.0,17.0,79.0,0.031758034026464266
20260310,SP2609,5304.0,17971.0,37643.0,0.05429864253393646
20260310,SP2610,5328.0,27.0,60.0,0.013513513513514042
20260310,SP2611,5334.0,7.0,283.0,0.017997750281216085
20260310,SP2612,5342.0,0.0,128.0,0.003584063537201479
20260310,SP2701,5484.0,117.0,6088.0,0.14442013129102893
20260310,SP2702,5550.0,4.0,7.0,0.0
20260311,SP2603,5200.0,92.0,6466.0,0.018461538461537863
20260311,SP2604,5208.0,1.0,468.0,0.11981566820276601
20260311,SP2605,5260.0,208605.0,240563.0,0.05475285171102762
20260311,SP2606,5284.0,372.0,551.0,0.009084027252082016
20260311,SP2607,5288.0,18361.0,63354.0,0.0998487140695925
20260311,SP2608,5332.0,26.0,90.0,-0.031507876969242066
20260311,SP2609,5318.0,16263.0,38171.0,0.045129748025573235
20260311,SP2610,5338.0,14.0,66.0,-0.0044960659423005644
20260311,SP2611,5336.0,31.0,295.0,0.01799100449775093
20260311,SP2612,5344.0,8.0,132.0,0.003633183072058122
20260311,SP2701,5488.0,476.0,6285.0,0.04373177842565479
20260311,SP2702,5508.0,5.0,9.0,0.0
20260312,SP2603,5210.0,62.0,6516.0,0.0322456813819576
20260312,SP2604,5224.0,118.0,505.0,0.06431852986217557
20260312,SP2605,5252.0,291486.0,241051.0,0.06397562833206383
20260312,SP2606,5280.0,112.0,546.0,0.0045454545454557405
20260312,SP2607,5282.0,22098.0,63784.0,0.040893600908747274
20260312,SP2608,5300.0,42.0,104.0,0.0045283018867916525
20260312,SP2609,5302.0,27375.0,39966.0,0.07695209354960486
20260312,SP2610,5336.0,12.0,65.0,-0.004497751124438398
20260312,SP2611,5334.0,14.0,297.0,0.04949381327334024
20260312,SP2612,5356.0,8.0,132.0,0.003574695185909329
20260312,SP2701,5498.0,224.0,6309.0,-0.008730447435431277
20260312,SP2702,5494.0,0.0,9.0,0.0
20260313,SP2603,5216.0,78.0,6550.0,0.02300613496932602
20260313,SP2604,5226.0,4.0,505.0,0.10562571756601713
20260313,SP2605,5272.0,242016.0,251862.0,0.0
20260313,SP2606,5272.0,40.0,543.0,0.06828528072837692
20260313,SP2607,5302.0,15281.0,64139.0,0.06337231233496698
20260313,SP2608,5330.0,1.0,105.0,0.0
20260313,SP2609,5330.0,21950.0,43622.0,0.04052532833020539
20260313,SP2610,5348.0,10.0,75.0,0.0
20260313,SP2611,5348.0,29.0,313.0,0.026925953627524812
20260313,SP2612,5360.0,13.0,144.0,0.004175750461177256
20260313,SP2701,5526.0,89.0,6328.0,0.16503800217155273
20260313,SP2702,5602.0,6.0,12.0,0.0
20260316,SP2603,5200.0,128.0,6578.0,0.05999999999999872
20260316,SP2604,5226.0,19.0,507.0,0.013777267508611857
20260316,SP2605,5232.0,312959.0,261935.0,0.1100917431192654
20260316,SP2606,5280.0,323.0,512.0,-0.009090909090908816
20260316,SP2607,5276.0,19277.0,65925.0,0.11372251705837666
20260316,SP2608,5326.0,10.0,109.0,-0.04055576417574125
20260316,SP2609,5308.0,26905.0,46762.0,0.07234363225320184
20260316,SP2610,5340.0,15.0,65.0,-0.022471910112359605
20260316,SP2611,5330.0,24.0,317.0,0.08105065666041344
20260316,SP2612,5366.0,9.0,151.0,0.003316763475398582
20260316,SP2701,5498.0,163.0,6317.0,0.0
20260316,SP2702,5498.0,9.0,10.0,0.0
20260317,SP2604,5088.0,148.0,635.0,0.0
20260317,SP2605,5088.0,476013.0,311461.0,0.11320754716981263
20260317,SP2606,5136.0,351.0,630.0,0.028037383177569097
20260317,SP2607,5148.0,46690.0,77627.0,0.09790209790209659
20260317,SP2608,5190.0,73.0,145.0,0.018497109826588698
20260317,SP2609,5198.0,58048.0,65101.0,0.0969603693728347
20260317,SP2610,5240.0,23.0,83.0,-0.04122137404580206
20260317,SP2611,5222.0,159.0,417.0,0.05974722328609694
20260317,SP2612,5248.0,46.0,195.0,0.004419018909290209
20260317,SP2701,5420.0,261.0,6401.0,0.044280442804427445
20260317,SP2702,5440.0,5.0,10.0,-0.04411764705882337
20260317,SP2703,5420.0,2.0,2.0,0.0
20260318,SP2604,5010.0,132.0,609.0,0.07185628742514893
20260318,SP2605,5040.0,380809.0,322094.0,0.08571428571428541
20260318,SP2606,5076.0,256.0,647.0,0.06619385342789474
20260318,SP2607,5104.0,37409.0,83515.0,0.10815047021943514
20260318,SP2608,5150.0,131.0,206.0,0.027961165048544956
20260318,SP2609,5162.0,47880.0,72753.0,0.06509104998062654
20260318,SP2610,5190.0,143.0,99.0,-0.013872832369942856
20260318,SP2611,5184.0,258.0,546.0,0.0370370370370372
20260318,SP2612,5200.0,114.0,296.0,0.00497839239412272
20260318,SP2701,5392.0,197.0,6484.0,0.013353115727002596
20260318,SP2702,5398.0,6.0,13.0,0.11115227862171206
20260318,SP2703,5448.0,2.0,4.0,0.0
20260319,SP2604,5080.0,78.0,599.0,0.056692913385825605
20260319,SP2605,5104.0,373360.0,313144.0,0.09404388714733525
20260319,SP2606,5144.0,310.0,675.0,0.060653188180403994
20260319,SP2607,5170.0,36727.0,84651.0,0.05570599613152716
20260319,SP2608,5194.0,96.0,170.0,0.06469002695417903
20260319,SP2609,5222.0,46263.0,78140.0,0.03217158176943702
20260319,SP2610,5236.0,6.0,98.0,0.013750954927425951
20260319,SP2611,5242.0,134.0,514.0,0.06867607783288854
20260319,SP2612,5272.0,42.0,312.0,0.004705802117610947
20260319,SP2701,5456.0,305.0,6514.0,-0.11436950146627556
20260319,SP2702,5404.0,2.0,13.0,0.022205773501110748
20260319,SP2703,5414.0,4.0,4.0,0.0
20260320,SP2604,5172.0,66.0,595.0,-0.018561484918793614
20260320,SP2605,5164.0,406853.0,272105.0,0.0790085205267248
20260320,SP2606,5198.0,267.0,602.0,0.05540592535590516
20260320,SP2607,5222.0,30913.0,85485.0,0.041363462274991214
20260320,SP2608,5240.0,42.0,165.0,0.07328244274809226
20260320,SP2609,5272.0,46464.0,77981.0,0.09559939301972609
20260320,SP2610,5314.0,37.0,94.0,-0.027098231087693048
20260320,SP2611,5302.0,120.0,531.0,-0.004526593738211737
20260320,SP2612,5300.0,48.0,278.0,0.005342378630485492
20260320,SP2701,5510.0,232.0,6539.0,-0.13067150635208646
20260320,SP2702,5450.0,2.0,11.0,0.09688073394495333
20260320,SP2703,5494.0,6.0,5.0,0.0
20260323,SP2604,5196.0,110.0,597.0,-0.01847575057736739
20260323,SP2605,5188.0,326941.0,241662.0,0.09252120277563503
20260323,SP2606,5228.0,205.0,572.0,0.027543993879111994
20260323,SP2607,5240.0,24190.0,83702.0,0.04122137404580073
20260323,SP2608,5258.0,89.0,122.0,0.05020920502091997
20260323,SP2609,5280.0,38424.0,72248.0,0.0
20260323,SP2610,5280.0,30.0,83.0,0.06818181818181746
20260323,SP2611,5310.0,90.0,501.0,-0.04971751412429404
20260323,SP2612,5288.0,52.0,251.0,0.005762464090839549
20260323,SP2701,5514.0,341.0,6481.0,-0.013057671381936586
20260323,SP2702,5508.0,6.0,12.0,0.056644880174292034
20260323,SP2703,5534.0,1.0,6.0,0.0
20260324,SP2604,5160.0,27.0,592.0,0.11627906976744207
20260324,SP2605,5210.0,378624.0,196807.0,0.09213051823416496
20260324,SP2606,5250.0,173.0,551.0,0.022857142857142243
20260324,SP2607,5260.0,35429.0,82821.0,0.04106463878326938
20260324,SP2608,5278.0,54.0,120.0,0.0591133004926121
20260324,SP2609,5304.0,58201.0,64461.0,0.02714932126696823
20260324,SP2610,5316.0,12.0,77.0,0.022573363431152238
20260324,SP2611,5326.0,35.0,489.0,0.022530980097634767
20260324,SP2612,5336.0,11.0,245.0,0.004902043360342299
20260324,SP2701,5530.0,190.0,6500.0,0.056419529837250515
20260324,SP2702,5556.0,5.0,13.0,0.02591792656587355
20260324,SP2703,5568.0,9.0,13.0,0.0
20260325,SP2604,5204.0,120.0,821.0,0.04611837048424405
20260325,SP2605,5224.0,259553.0,186345.0,0.06431852986217557
20260325,SP2606,5252.0,111.0,559.0,0.041127189642041984
20260325,SP2607,5270.0,26902.0,85053.0,0.05009487666034129
20260325,SP2608,5292.0,28.0,121.0,0.05895691609977405
20260325,SP2609,5318.0,43897.0,66558.0,0.05415569763068895
20260325,SP2610,5342.0,8.0,75.0,-0.008985398727068272
20260325,SP2611,5338.0,69.0,541.0,0.026976395653803387
20260325,SP2612,5350.0,11.0,244.0,0.005040428436417096
20260325,SP2701,5550.0,157.0,6520.0,-0.02594594594594568
20260325,SP2702,5538.0,3.0,13.0,0.03900325027085483
20260325,SP2703,5556.0,2.0,13.0,0.0
20260326,SP2604,5134.0,307.0,622.0,0.05142189326061608
20260326,SP2605,5156.0,225461.0,173789.0,0.08378588052753955
20260326,SP2606,5192.0,142.0,591.0,0.027734976887519913
20260326,SP2607,5204.0,30986.0,90330.0,0.10146041506533532
20260326,SP2608,5248.0,29.0,124.0,-0.013719512195121464
20260326,SP2609,5242.0,48881.0,71184.0,0.10072491415490337
20260326,SP2610,5286.0,29.0,87.0,-0.0499432463110101
20260326,SP2611,5264.0,343.0,695.0,0.03191489361702082
20260326,SP2612,5278.0,14.0,249.0,0.005466830728357259
20260326,SP2701,5492.0,267.0,6559.0,0.06991988346686195
20260326,SP2702,5524.0,10.0,20.0,-0.021723388848660097
20260326,SP2703,5514.0,6.0,16.0,0.0
20260327,SP2604,5156.0,8.0,623.0,0.10705973622963505
20260327,SP2605,5202.0,284658.0,153678.0,0.08765859284890443
20260327,SP2606,5240.0,426.0,591.0,0.009160305343511865
20260327,SP2607,5244.0,46322.0,103000.0,0.02288329519450727
20260327,SP2608,5254.0,35.0,123.0,0.05938332698896165
20260327,SP2609,5280.0,55721.0,80229.0,0.02727272727272645
20260327,SP2610,5292.0,18.0,85.0,0.01360544217687032
20260327,SP2611,5298.0,122.0,745.0,0.0045300113250279495
20260327,SP2612,5300.0,2.0,250.0,0.006003815984736047
20260327,SP2701,5536.0,257.0,6576.0,-0.03468208092485581
20260327,SP2702,5520.0,3.0,20.0,-0.00869565217391255
20260327,SP2703,5516.0,8.0,18.0,0.0
20260330,SP2604,5150.0,11.0,622.0,0.07456310679611722
20260330,SP2605,5182.0,204927.0,139000.0,0.101891161713624
20260330,SP2606,5226.0,75.0,577.0,-0.02296211251435132
20260330,SP2607,5216.0,29785.0,105245.0,0.041411042944784704
20260330,SP2608,5234.0,9.0,119.0,0.06878104700038268
20260330,SP2609,5264.0,39756.0,81272.0,0.050151975683890626
20260330,SP2610,5286.0,8.0,87.0,0.01816118047673143
20260330,SP2611,5294.0,35.0,758.0,0.05440120891575351
20260330,SP2612,5318.0,3.0,253.0,0.0053242961153766475
20260330,SP2701,5528.0,160.0,6586.0,0.0
20260330,SP2702,5528.0,4.0,17.0,-0.04341534008683068
20260330,SP2703,5508.0,10.0,17.0,0.0
20260331,SP2604,5100.0,25.0,614.0,0.056470588235293384
20260331,SP2605,5124.0,183284.0,136415.0,0.08430913348946145
20260331,SP2606,5160.0,206.0,622.0,0.032558139534884845
20260331,SP2607,5174.0,26176.0,111672.0,0.06494008504058701
20260331,SP2608,5202.0,49.0,122.0,0.04613610149942282
20260331,SP2609,5222.0,42558.0,88922.0,0.06434316353887404
20260331,SP2610,5250.0,15.0,90.0,-0.022857142857142243
20260331,SP2611,5240.0,56.0,780.0,0.050381679389312595
20260331,SP2612,5262.0,2.0,251.0,0.005688442468579057
20260331,SP2701,5484.0,163.0,6602.0,0.0
20260331,SP2702,5484.0,8.0,16.0,0.03501094091903756
20260331,SP2703,5500.0,4.0,18.0,0.0
20260401,SP2604,5066.0,32.0,620.0,0.014212396367942581
20260401,SP2605,5072.0,254401.0,136204.0,0.08990536277602601
20260401,SP2606,5110.0,140.0,624.0,0.03757338551859046
20260401,SP2607,5126.0,41023.0,120884.0,0.07023019898556448
20260401,SP2608,5156.0,44.0,117.0,0.03258339798293264
20260401,SP2609,5170.0,66546.0,97862.0,0.1996131528046421
20260401,SP2610,5256.0,11.0,91.0,-0.1324200913242004
20260401,SP2611,5198.0,317.0,836.0,0.04617160446325563
20260401,SP2612,5218.0,18.0,251.0,0.005684730039922314
20260401,SP2701,5438.0,769.0,6864.0,0.0926811327694006
20260401,SP2702,5480.0,3.0,15.0,-0.04379562043795682
20260401,SP2703,5460.0,5.0,20.0,0.0
20260402,SP2604,5050.0,366.0,622.0,0.06178217821782184
20260402,SP2605,5076.0,159527.0,135305.0,0.09929078014184345
20260402,SP2606,5118.0,74.0,626.0,0.004689331770221905
20260402,SP2607,5120.0,22968.0,123456.0,0.07968749999999947
20260402,SP2608,5154.0,22.0,120.0,0.0279394644935973
20260402,SP2609,5166.0,44449.0,102581.0,0.06968641114982521
20260402,SP2610,5196.0,6.0,91.0,-0.023094688221708903
20260402,SP2611,5186.0,105.0,845.0,0.037022753567296895
20260402,SP2612,5202.0,13.0,250.0,0.006220597954978419
20260402,SP2701,5442.0,249.0,6870.0,0.017640573318633557
20260402,SP2702,5450.0,0.0,15.0,0.04403669724770509
20260402,SP2703,5470.0,1.0,20.0,0.0
20260403,SP2604,5040.0,2.0,620.0,0.13333333333333286
20260403,SP2605,5096.0,141636.0,130407.0,0.09419152276295062
20260403,SP2606,5136.0,65.0,606.0,0.004672897196261516
20260403,SP2607,5138.0,24624.0,125864.0,0.07006617360840917
20260403,SP2608,5168.0,21.0,117.0,0.023219814241485004
20260403,SP2609,5178.0,39787.0,106258.0,0.03244495944380166
20260403,SP2610,5192.0,8.0,92.0,0.018489984591679942
20260403,SP2611,5200.0,85.0,849.0,0.05999999999999872
20260403,SP2612,5226.0,4.0,253.0,0.0054696268011713185
20260403,SP2701,5438.0,387.0,6988.0,0.0
20260403,SP2702,5438.0,1.0,14.0,0.04413387274733349
20260403,SP2703,5458.0,5.0,20.0,0.0
20260407,SP2604,5040.0,0.0,620.0,-0.01904761904761898
20260407,SP2605,5032.0,120528.0,131270.0,0.08585055643879258
20260407,SP2606,5068.0,79.0,623.0,0.03314917127071748
20260407,SP2607,5082.0,31366.0,130515.0,0.0613931523022444
20260407,SP2608,5108.0,50.0,130.0,0.03758809710258415
20260407,SP2609,5124.0,41161.0,114420.0,0.1358313817330199
20260407,SP2610,5182.0,0.0,92.0,-0.0694712466229257
20260407,SP2611,5152.0,148.0,909.0,0.03726708074534102
20260407,SP2612,5168.0,8.0,255.0,0.005948446794448125
20260407,SP2701,5396.0,229.0,7006.0,0.031134173461824233
20260407,SP2702,5410.0,1.0,15.0,0.0
20260407,SP2703,5410.0,4.0,23.0,0.0
20260408,SP2604,5000.0,6.0,620.0,0.13920000000000066
20260408,SP2605,5058.0,209213.0,126049.0,0.08066429418742516
20260408,SP2606,5092.0,219.0,665.0,0.014139827179889153
20260408,SP2607,5098.0,50087.0,138879.0,0.07061592781482862
20260408,SP2608,5128.0,51.0,148.0,0.04212168486739376
20260408,SP2609,5146.0,68866.0,126156.0,0.06062961523513355
20260408,SP2610,5172.0,9.0,96.0,-0.00928074245939614
20260408,SP2611,5168.0,299.0,1029.0,0.05572755417956721
20260408,SP2612,5192.0,41.0,279.0,0.005661259327227713
20260408,SP2701,5410.0,421.0,7122.0,-0.039926062846579846
20260408,SP2702,5392.0,1.0,16.0,0.07121661721068229
20260408,SP2703,5424.0,14.0,27.0,0.0
20260409,SP2604,4966.0,0.0,620.0,0.07249295207410444
20260409,SP2605,4996.0,152696.0,121291.0,0.12489991993594884
20260409,SP2606,5048.0,146.0,676.0,-0.01901743264659217
20260409,SP2607,5040.0,50504.0,148705.0,0.061904761904761685
20260409,SP2608,5066.0,87.0,162.0,0.05211212001579124
20260409,SP2609,5088.0,59028.0,135275.0,0.10377358490565936
20260409,SP2610,5132.0,23.0,116.0,-0.04208885424785613
20260409,SP2611,5114.0,179.0,1080.0,0.12671098944075077
20260409,SP2612,5168.0,30.0,267.0,0.004696142206143244
20260409,SP2701,5348.0,430.0,7271.0,0.09872849663425676
20260409,SP2702,5392.0,0.0,16.0,-0.026706231454006524
20260409,SP2703,5380.0,4.0,29.0,0.0
20260410,SP2604,4966.0,0.0,620.0,0.10632299637535159
20260410,SP2605,5010.0,116303.0,120169.0,0.10059880239520957
20260410,SP2606,5052.0,188.0,693.0,0.019002375296913065
20260410,SP2607,5060.0,36413.0,149690.0,0.12806324110671863
20260410,SP2608,5114.0,28.0,161.0,-0.01877199843566668
20260410,SP2609,5106.0,48013.0,140391.0,0.108108108108107
20260410,SP2610,5152.0,72.0,179.0,-0.03726708074534102
20260410,SP2611,5136.0,145.0,1156.0,0.03738317757009213
20260410,SP2612,5152.0,4.0,267.0,0.0053911647707446326
20260410,SP2701,5358.0,533.0,7436.0,0.07166853303471399
20260410,SP2702,5390.0,3.0,15.0,-0.004452690166975692
20260410,SP2703,5388.0,9.0,32.0,0.0
20260413,SP2604,4966.0,0.0,620.0,0.04832863471606963
20260413,SP2605,4986.0,200735.0,119982.0,0.09145607701564362
20260413,SP2606,5024.0,304.0,762.0,0.0
20260413,SP2607,5024.0,58241.0,157954.0,0.0859872611464958
20260413,SP2608,5060.0,45.0,173.0,0.02371541501976271
20260413,SP2609,5070.0,85504.0,151244.0,0.07100591715976368
20260413,SP2610,5100.0,61.0,227.0,-0.004705882352940893
20260413,SP2611,5098.0,554.0,1410.0,0.018830914083954653
20260413,SP2612,5106.0,82.0,289.0,0.005703798571409697
20260413,SP2701,5322.0,1546.0,7969.0,0.013528748590756479
20260413,SP2702,5328.0,11.0,16.0,-0.06306306306306331
20260413,SP2703,5300.0,27.0,36.0,0.0
20260414,SP2604,4900.0,4.0,620.0,0.17632653061224435
20260414,SP2605,4972.0,112951.0,113543.0,0.07240547063555791
20260414,SP2606,5002.0,128.0,778.0,0.03358656537385141
20260414,SP2607,5016.0,32365.0,162343.0,0.14354066985645808
20260414,SP2608,5076.0,6.0,171.0,-0.0378250591016549
20260414,SP2609,5060.0,58876.0,159150.0,0.08063241106719321
20260414,SP2610,5094.0,142.0,368.0,-0.009422850412249328
20260414,SP2611,5090.0,177.0,1447.0,0.05658153241650332
20260414,SP2612,5114.0,6.0,294.0,0.005536684931868005
20260414,SP2701,5324.0,464.0,7871.0,0.018031555221639017
20260414,SP2702,5332.0,8.0,21.0,-0.02700675168792177
20260414,SP2703,5320.0,6.0,35.0,0.0
20260415,SP2604,4900.0,0.0,620.0,0.07836734693877645
20260415,SP2605,4932.0,168067.0,116945.0,0.06326034063260355
20260415,SP2606,4958.0,561.0,999.0,0.05324727712787336
20260415,SP2607,4980.0,60005.0,169074.0,0.07710843373493859
20260415,SP2608,5012.0,134.0,218.0,0.028731045490822282
20260415,SP2609,5024.0,118889.0,187694.0,0.095541401273886
20260415,SP2610,5064.0,300.0,636.0,-0.01895734597156462
20260415,SP2611,5056.0,442.0,1662.0,0.037974683544304
20260415,SP2612,5072.0,22.0,308.0,0.005742033814199122
20260415,SP2701,5288.0,724.0,8163.0,0.04992435703479625
20260415,SP2702,5310.0,9.0,22.0,-0.009039548022598431
20260415,SP2703,5306.0,13.0,38.0,0.0
20260416,SP2605,4988.0,170777.0,95468.0,0.02405773857257376
20260416,SP2606,4998.0,476.0,941.0,0.03361344537815114
20260416,SP2607,5012.0,80314.0,145843.0,0.04788507581803714
20260416,SP2608,5032.0,51.0,210.0,0.019077901430841315
20260416,SP2609,5040.0,169353.0,207509.0,0.08095238095238066
20260416,SP2610,5074.0,354.0,887.0,-0.01891998423334673
20260416,SP2611,5066.0,365.0,1708.0,0.05684958547177299
20260416,SP2612,5090.0,21.0,311.0,0.00550981214542724
20260416,SP2701,5298.0,654.0,8363.0,-0.01812004530011313
20260416,SP2702,5290.0,2.0,24.0,0.054442344045368074
20260416,SP2703,5314.0,8.0,39.0,0.013549115543845858
20260416,SP2704,5320.0,1.0,1.0,0.0
20260417,SP2605,5022.0,107459.0,81548.0,0.0812425328554367
20260417,SP2606,5056.0,645.0,1017.0,0.023734177215189334
20260417,SP2607,5066.0,54304.0,131845.0,0.03316225819186691
20260417,SP2608,5080.0,71.0,173.0,0.028346456692912803
20260417,SP2609,5092.0,166505.0,213291.0,0.06127258444619077
20260417,SP2610,5118.0,208.0,757.0,-0.023446658851113522
20260417,SP2611,5108.0,782.0,1829.0,0.04698512137822952
20260417,SP2612,5128.0,20.0,302.0,0.005574155550491679
20260417,SP2701,5340.0,1109.0,8369.0,-0.02696629213483126
20260417,SP2702,5328.0,14.0,16.0,0.027027027027028083
20260417,SP2703,5340.0,28.0,59.0,-0.004494382022471655
20260417,SP2704,5338.0,5.0,5.0,0.0
20260420,SP2605,5080.0,80167.0,63644.0,0.08031496062992005
20260420,SP2606,5114.0,646.0,934.0,0.014078998826750677
20260420,SP2607,5120.0,48848.0,125028.0,0.046875
20260420,SP2608,5140.0,44.0,168.0,0.02801556420233453
20260420,SP2609,5152.0,278018.0,210380.0,0.06055900621118049
20260420,SP2610,5178.0,183.0,625.0,-0.00463499420625757
20260420,SP2611,5176.0,1962.0,2320.0,0.027820710973723628
20260420,SP2612,5188.0,21.0,295.0,0.005301776788266801
20260420,SP2701,5392.0,1358.0,8450.0,0.0311572700296745
20260420,SP2702,5406.0,7.0,20.0,0.022197558268589823
20260420,SP2703,5416.0,68.0,62.0,0.022156573116690836
20260420,SP2704,5426.0,10.0,6.0,0.0
20260421,SP2605,5068.0,37548.0,53259.0,0.08050513022888683
20260421,SP2606,5102.0,187.0,900.0,0.023520188161504585
20260421,SP2607,5112.0,37903.0,117117.0,0.04694835680751108
20260421,SP2608,5132.0,22.0,154.0,0.004676539360874088
20260421,SP2609,5134.0,202005.0,206282.0,0.06544604596805659
20260421,SP2610,5162.0,48.0,634.0,-0.023246803564509477
20260421,SP2611,5152.0,839.0,2381.0,0.03726708074534102
20260421,SP2612,5168.0,52.0,299.0,0.005374473858141706
20260421,SP2701,5374.0,1071.0,8566.0,0.04912541868254472
20260421,SP2702,5396.0,2.0,20.0,0.01334321719792353
20260421,SP2703,5402.0,39.0,84.0,-0.004442798963347538
20260421,SP2704,5400.0,8.0,8.0,0.0
20260422,SP2605,5066.0,15591.0,48774.0,0.0900118436636399
20260422,SP2606,5104.0,187.0,875.0,0.018808777429466517
20260422,SP2607,5112.0,35520.0,116172.0,0.04694835680751108
20260422,SP2608,5132.0,11.0,150.0,0.04208885424785613
20260422,SP2609,5150.0,167745.0,212411.0,0.03728155339805728
20260422,SP2610,5166.0,508.0,273.0,0.023228803716609292
20260422,SP2611,5176.0,974.0,2709.0,0.004636785162287715
20260422,SP2612,5178.0,18.0,308.0,0.0052078586587160115
20260422,SP2701,5378.0,476.0,8656.0,0.03570100409074062
20260422,SP2702,5394.0,0.0,20.0,0.031145717463847866
20260422,SP2703,5408.0,10.0,92.0,-0.004437869822485396
20260422,SP2704,5406.0,13.0,14.0,0.0
20260423,SP2605,5006.0,16847.0,43655.0,0.08150219736316444
20260423,SP2606,5040.0,259.0,947.0,0.033333333333333215
20260423,SP2607,5054.0,48920.0,112493.0,0.08072813612979779
20260423,SP2608,5088.0,16.0,149.0,0.004716981132075304
20260423,SP2609,5090.0,246597.0,226112.0,0.07072691552062782
20260423,SP2610,5120.0,44.0,252.0,0.009374999999999467
20260423,SP2611,5124.0,2107.0,3981.0,0.06557377049180335
20260423,SP2612,5152.0,36.0,312.0,0.004710726498708927
20260423,SP2701,5332.0,1870.0,9376.0,0.06301575393848413
20260423,SP2702,5360.0,5.0,21.0,0.0
20260423,SP2703,5360.0,22.0,103.0,0.01791044776119488
20260423,SP2704,5368.0,3.0,13.0,0.0
20260424,SP2605,4980.0,23832.0,39893.0,0.06265060240963827
20260424,SP2606,5006.0,212.0,1046.0,0.04794246903715571
20260424,SP2607,5026.0,42618.0,108484.0,0.1146040588937538
20260424,SP2608,5074.0,21.0,149.0,-0.033109972408356114
20260424,SP2609,5060.0,220065.0,236784.0,0.06640316205533559
20260424,SP2610,5088.0,31.0,250.0,0.018867924528301216
20260424,SP2611,5096.0,2096.0,4885.0,0.014128728414443792
20260424,SP2612,5102.0,52.0,314.0,0.005179726831073076
20260424,SP2701,5298.0,979.0,9610.0,0.07701019252548047
20260424,SP2702,5332.0,1.0,20.0,-0.02700675168792177
20260424,SP2703,5320.0,79.0,96.0,0.049624060150375904
20260424,SP2704,5342.0,4.0,17.0,0.0
20260427,SP2605,4992.0,15646.0,31308.0,0.06249999999999911
20260427,SP2606,5018.0,234.0,1130.0,0.06695894778796418
20260427,SP2607,5046.0,38483.0,96657.0,0.05707491082045113
20260427,SP2608,5070.0,2.0,148.0,0.028402366863904405
20260427,SP2609,5082.0,177228.0,246254.0,0.0613931523022444
20260427,SP2610,5108.0,15.0,247.0,0.03288958496476013
20260427,SP2611,5122.0,5010.0,7965.0,0.03279968762202223
20260427,SP2612,5136.0,15.0,323.0,0.004830410584899724
20260427,SP2701,5320.0,509.0,9686.0,0.027067669172932796
20260427,SP2702,5332.0,0.0,20.0,0.02700675168792177
20260427,SP2703,5344.0,10.0,105.0,0.03143712574850266
20260427,SP2704,5358.0,20.0,23.0,0.0
20260428,SP2605,4974.0,17199.0,22508.0,0.053075995174908464
20260428,SP2606,4996.0,263.0,1147.0,0.03362690152121761
20260428,SP2607,5010.0,40045.0,87607.0,0.01437125748503032
20260428,SP2608,5016.0,7.0,149.0,0.0574162679425827
20260428,SP2609,5040.0,225093.0,261574.0,0.0952380952380949
20260428,SP2610,5080.0,21.0,257.0,-0.009448818897638045
20260428,SP2611,5076.0,7098.0,12125.0,0.06146572104018855
20260428,SP2612,5102.0,28.0,343.0,0.004598328921462838
20260428,SP2701,5276.0,1209.0,9931.0,0.08642911296436573
20260428,SP2702,5314.0,0.0,20.0,-0.03613097478359073
20260428,SP2703,5298.0,36.0,129.0,-0.03171007927519831
20260428,SP2704,5284.0,5.0,24.0,0.0
20260429,SP2605,4974.0,9156.0,17667.0,0.0675512665862481
20260429,SP2606,5002.0,94.0,1146.0,0.052778888444620975
20260429,SP2607,5024.0,23631.0,85538.0,0.0525477707006381
20260429,SP2608,5046.0,138.0,203.0,0.03804994054696831
20260429,SP2609,5062.0,189260.0,260790.0,0.06637692611615975
20260429,SP2610,5090.0,76.0,247.0,0.01886051080550022
20260429,SP2611,5098.0,4668.0,14587.0,-0.004707728520988663
20260429,SP2612,5096.0,17.0,350.0,0.005185825410544523
20260429,SP2701,5292.0,1564.0,10042.0,-0.0952380952380949
20260429,SP2702,5250.0,3.0,21.0,0.11428571428571388
20260429,SP2703,5300.0,15.0,139.0,-0.027169811320755244
20260429,SP2704,5288.0,4.0,27.0,0.0
20260430,SP2605,4978.0,11522.0,11209.0,0.0578545600642828
20260430,SP2606,5002.0,288.0,1187.0,0.07197121151539321
20260430,SP2607,5032.0,25490.0,84492.0,0.1001589825119229
20260430,SP2608,5074.0,20.0,204.0,-0.004729996058336017
20260430,SP2609,5072.0,182934.0,253863.0,0.07097791798107345
20260430,SP2610,5102.0,51.0,241.0,0.009408075264601301
20260430,SP2611,5106.0,5639.0,17193.0,-0.009400705052879044
20260430,SP2612,5102.0,12.0,355.0,0.005338289897330416
20260430,SP2701,5304.0,1058.0,10241.0,0.02262443438914019
20260430,SP2702,5314.0,3.0,19.0,-0.027098231087693048
20260430,SP2703,5302.0,9.0,140.0,-0.013579781214636544
20260430,SP2704,5296.0,2.0,27.0,0.0
20260506,SP2605,5004.0,2573.0,9380.0,0.057553956834532016
20260506,SP2606,5028.0,101.0,1179.0,0.07637231503579844
20260506,SP2607,5060.0,18970.0,83141.0,0.04743083003952542
20260506,SP2608,5080.0,36.0,195.0,0.056692913385825605
20260506,SP2609,5104.0,148000.0,257017.0,0.047021943573668956
20260506,SP2610,5124.0,21.0,238.0,0.0374707259953162
20260506,SP2611,5140.0,5354.0,19570.0,0.014007782101167265
20260506,SP2612,5146.0,29.0,375.0,0.0046638165565487805
20260506,SP2701,5324.0,1131.0,10149.0,0.03155522163786628
20260506,SP2702,5338.0,2.0,19.0,0.026976395653803387
20260506,SP2703,5350.0,9.0,143.0,0.053831775700935225
20260506,SP2704,5374.0,1.0,28.0,0.0
20260507,SP2605,4984.0,1414.0,8460.0,0.028892455858747113
20260507,SP2606,4996.0,76.0,1168.0,0.07686148919135416
20260507,SP2607,5028.0,28308.0,78428.0,0.052505966587112596
20260507,SP2608,5050.0,29.0,192.0,0.0332673267326733
20260507,SP2609,5064.0,230299.0,274239.0,0.07582938388625582
20260507,SP2610,5096.0,31.0,250.0,0.009419152276295861
20260507,SP2611,5100.0,6878.0,22467.0,0.032941176470587585
20260507,SP2612,5114.0,31.0,389.0,0.0051675726030768285
20260507,SP2701,5310.0,1265.0,10281.0,0.02259887005649741
20260507,SP2702,5320.0,3.0,22.0,0.018045112781956085
20260507,SP2703,5328.0,11.0,151.0,0.022522522522522515
20260507,SP2704,5338.0,3.0,30.0,0.0
20260508,SP2605,4964.0,4478.0,6442.0,0.0483481063658342
20260508,SP2606,4984.0,371.0,1131.0,0.09630818619582726
20260508,SP2607,5024.0,42762.0,77107.0,0.06687898089172073
20260508,SP2608,5052.0,47.0,197.0,0.033254156769595866
20260508,SP2609,5066.0,429592.0,266877.0,0.06632451638373382
20260508,SP2610,5094.0,115.0,238.0,0.0
20260508,SP2611,5094.0,11881.0,26298.0,0.05182567726737464
20260508,SP2612,5116.0,60.0,392.0,0.004638455253841217
20260508,SP2701,5292.0,2224.0,10610.0,0.14512471655328874
20260508,SP2702,5356.0,3.0,21.0,-0.08961911874533168
20260508,SP2703,5316.0,60.0,138.0,0.11286681715575586
20260508,SP2704,5366.0,6.0,29.0,0.0
20260511,SP2605,5040.0,742.0,6242.0,0.061904761904761685
20260511,SP2606,5066.0,144.0,1110.0,0.06158705092775474
20260511,SP2607,5092.0,33230.0,76056.0,0.056559308719559276
20260511,SP2608,5116.0,34.0,193.0,0.04222048475371398
20260511,SP2609,5134.0,290668.0,262804.0,0.037397740553175574
20260511,SP2610,5150.0,39.0,228.0,0.023300970873787463
20260511,SP2611,5160.0,10199.0,29799.0,0.023255813953488413
20260511,SP2612,5170.0,21.0,395.0,0.005215917240779776
20260511,SP2701,5370.0,1760.0,10901.0,-0.04469273743016755
20260511,SP2702,5350.0,1.0,20.0,0.049345794392523956
20260511,SP2703,5372.0,16.0,138.0,0.0178704393149669
20260511,SP2704,5380.0,7.0,32.0,0.0
20260512,SP2605,5030.0,230.0,6190.0,0.09065606361829115
20260512,SP2606,5068.0,124.0,1122.0,0.07103393843725403
20260512,SP2607,5098.0,27374.0,71818.0,0.03295409964691931
20260512,SP2608,5112.0,20.0,184.0,0.06103286384976414
20260512,SP2609,5138.0,257658.0,252295.0,0.0560529388867268
20260512,SP2610,5162.0,39.0,214.0,-0.0046493607129018955
20260512,SP2611,5160.0,8662.0,32358.0,0.013953488372091982
20260512,SP2612,5166.0,37.0,394.0,0.005376554568113905
20260512,SP2701,5372.0,1722.0,10988.0,-0.04914370811615765
20260512,SP2702,5350.0,0.0,20.0,0.0717757009345803
20260512,SP2703,5382.0,28.0,119.0,-0.01783723522853986
20260512,SP2704,5374.0,5.0,30.0,0.0
20260513,SP2605,5052.0,280.0,6122.0,0.0902612826603324
20260513,SP2606,5090.0,47.0,1105.0,0.08015717092337926
20260513,SP2607,5124.0,29515.0,70960.0,0.08430913348946145
20260513,SP2608,5160.0,15.0,189.0,0.013953488372091982
20260513,SP2609,5166.0,274620.0,256615.0,0.060394889663183626
20260513,SP2610,5192.0,14.0,209.0,-0.009244992295839971
20260513,SP2611,5188.0,9184.0,34431.0,0.02775636083269184
20260513,SP2612,5200.0,26.0,384.0,0.005030250648228171
20260513,SP2701,5394.0,1740.0,11051.0,-0.0311457174638492
20260513,SP2702,5380.0,0.0,20.0,0.035687732342008616
20260513,SP2703,5396.0,33.0,93.0,-0.06226834692364713
20260513,SP2704,5368.0,1.0,29.0,0.0
20260514,SP2605,5060.0,10.0,6128.0,-0.07588932806324067
20260514,SP2606,5028.0,57.0,1107.0,0.10978520286396076
20260514,SP2607,5074.0,32697.0,66030.0,0.033109972408356114
20260514,SP2608,5088.0,11.0,190.0,0.05188679245283101
20260514,SP2609,5110.0,323546.0,253231.0,0.05166340508806222
20260514,SP2610,5132.0,31.0,202.0,-0.004676539360872756
20260514,SP2611,5130.0,10027.0,36963.0,0.056140350877194045
20260514,SP2612,5154.0,32.0,391.0,0.005022825077500608
20260514,SP2701,5346.0,5188.0,11071.0,0.008978675645342271
20260514,SP2702,5350.0,1.0,19.0,-0.03588785046729015
20260514,SP2703,5334.0,13.0,96.0,0.035995500562429505
20260514,SP2704,5350.0,2.0,29.0,0.0
20260515,SP2605,4940.0,10.0,6122.0,0.12145748987854166
20260515,SP2606,4990.0,63.0,1095.0,0.09619238476953917
20260515,SP2607,5030.0,23363.0,62739.0,0.0811133200795231
20260515,SP2608,5064.0,15.0,190.0,0.004739336492891155
20260515,SP2609,5066.0,267765.0,252354.0,0.05211212001579124
20260515,SP2610,5088.0,32.0,195.0,-0.009433962264150608
20260515,SP2611,5084.0,9941.0,39175.0,0.03776553894571233
20260515,SP2612,5100.0,66.0,433.0,0.0057633840052875055
20260515,SP2701,5318.0,5618.0,10948.0,0.027077848815344474
20260515,SP2702,5330.0,2.0,18.0,0.022514071294559734
20260515,SP2703,5340.0,23.0,109.0,0.058426966292134175
20260515,SP2704,5366.0,4.0,27.0,0.0
20260518,SP2606,4970.0,205.0,1003.0,0.09657947686116763
20260518,SP2607,5010.0,18902.0,61239.0,0.04311377245509096
20260518,SP2608,5028.0,1.0,190.0,0.05727923627685083
20260518,SP2609,5052.0,224446.0,272042.0,0.04275534441805107
20260518,SP2610,5070.0,32.0,197.0,0.0
20260518,SP2611,5070.0,11924.0,43303.0,0.033136094674556915
20260518,SP2612,5084.0,138.0,512.0,0.005993688063013284
20260518,SP2701,5310.0,6364.0,11027.0,0.018079096045196863
20260518,SP2702,5318.0,8.0,23.0,0.058668672433246805
20260518,SP2703,5344.0,23.0,124.0,-0.02694610778443085
20260518,SP2704,5332.0,5.0,26.0,0.04951237809452458
20260518,SP2705,5354.0,0.0,0.0,0.0
20260519,SP2606,5020.0,108.0,987.0,0.004780876494023367
20260519,SP2607,5022.0,14158.0,59623.0,0.0669056152927121
20260519,SP2608,5050.0,5.0,191.0,0.023762376237623783
20260519,SP2609,5060.0,202206.0,278836.0,0.06166007905138304
20260519,SP2610,5086.0,8.0,192.0,-0.02359418010224168
20260519,SP2611,5076.0,4828.0,44473.0,0.0425531914893611
20260519,SP2612,5094.0,52.0,535.0,0.006087796614655711
20260519,SP2701,5324.0,890.0,11121.0,-0.004507888805409088
20260519,SP2702,5322.0,8.0,21.0,0.04058624577226677
20260519,SP2703,5340.0,17.0,137.0,-0.022471910112359605
20260519,SP2704,5330.0,0.0,26.0,0.04502814258911947
20260519,SP2705,5350.0,18.0,8.0,0.0
20260520,SP2606,4954.0,178.0,937.0,0.014533710133225242
20260520,SP2607,4960.0,33847.0,54316.0,0.06290322580645036
20260520,SP2608,4986.0,77.0,192.0,0.02406738868832825
20260520,SP2609,4996.0,343740.0,318458.0,0.10568454763811097
20260520,SP2610,5040.0,77.0,204.0,-0.033333333333333215
20260520,SP2611,5026.0,7548.0,46331.0,0.04775169120572986
20260520,SP2612,5046.0,92.0,532.0,0.006199147617202626
20260520,SP2701,5278.0,2344.0,11854.0,0.03637741568775965
20260520,SP2702,5294.0,1.0,22.0,-0.004533434076313014
20260520,SP2703,5292.0,86.0,146.0,0.04535147392290373
20260520,SP2704,5312.0,14.0,36.0,0.01807228915662673
20260520,SP2705,5320.0,60.0,59.0,0.0
20260521,SP2606,4890.0,260.0,903.0,0.004907975460121783
20260521,SP2607,4892.0,23660.0,53909.0,0.10302534750613201
20260521,SP2608,4934.0,15.0,195.0,-0.004864207539521992
20260521,SP2609,4932.0,321549.0,366694.0,0.08272506082725162
20260521,SP2610,4966.0,65.0,202.0,-0.00966572694321366
20260521,SP2611,4962.0,7060.0,48185.0,0.0580411124546556
20260521,SP2612,4986.0,204.0,623.0,0.005732906069579086
20260521,SP2701,5198.0,3586.0,13229.0,0.11081185071181299
20260521,SP2702,5246.0,0.0,22.0,-0.04574914220358339
20260521,SP2703,5226.0,80.0,182.0,0.02755453501722105
20260521,SP2704,5238.0,20.0,50.0,0.04123711340206171
20260521,SP2705,5256.0,38.0,92.0,0.0
20260522,SP2606,4854.0,152.0,917.0,0.039555006180469476
20260522,SP2607,4870.0,15834.0,54000.0,0.10349075975359323
20260522,SP2608,4912.0,4.0,193.0,0.0
20260522,SP2609,4912.0,272686.0,394708.0,0.07817589576547235
20260522,SP2610,4944.0,11.0,203.0,-0.009708737864077222
20260522,SP2611,4940.0,5421.0,49498.0,0.0631578947368423
20260522,SP2612,4966.0,66.0,634.0,0.0057559946965205985
20260522,SP2701,5178.0,1555.0,13723.0,0.09733487833140231
20260522,SP2702,5220.0,0.0,22.0,-0.032183908045976484
20260522,SP2703,5206.0,46.0,203.0,0.03688052247406848
20260522,SP2704,5222.0,11.0,51.0,0.018383761011105726
20260522,SP2705,5230.0,44.0,94.0,0.0
20260525,SP2606,4906.0,605.0,943.0,0.06359559722788344
20260525,SP2607,4932.0,19685.0,52335.0,0.10218978102189702
20260525,SP2608,4974.0,10.0,194.0,0.004825090470447435
20260525,SP2609,4976.0,302356.0,380561.0,0.09163987138263607
20260525,SP2610,5014.0,26.0,201.0,-0.01435979258077369
20260525,SP2611,5008.0,9210.0,47492.0,0.02396166134185318
20260525,SP2612,5018.0,54.0,633.0,0.00601878182363714
20260525,SP2701,5242.0,1937.0,14050.0,0.013735215566576642
20260525,SP2702,5248.0,0.0,22.0,-0.004573170731707155
20260525,SP2703,5246.0,44.0,189.0,0.013724742661073819
20260525,SP2704,5252.0,8.0,53.0,0.06397562833206383
20260525,SP2705,5280.0,16.0,100.0,0.0
20260526,SP2606,4902.0,384.0,790.0,0.08812729498163918
20260526,SP2607,4938.0,14363.0,50011.0,0.06804374240583133
20260526,SP2608,4966.0,17.0,191.0,0.03866290777285464
20260526,SP2609,4982.0,229520.0,369561.0,0.052990766760337316
20260526,SP2610,5004.0,23.0,204.0,0.0047961630695434465
20260526,SP2611,5006.0,5510.0,48153.0,0.01438274071114698
20260526,SP2612,5012.0,77.0,633.0,0.006187397437162042
20260526,SP2701,5242.0,2187.0,14568.0,0.013735215566576642
20260526,SP2702,5248.0,0.0,22.0,0.013719512195122796
20260526,SP2703,5254.0,11.0,187.0,0.004567948229920127
20260526,SP2704,5256.0,3.0,55.0,0.04566210045662
20260526,SP2705,5276.0,15.0,100.0,0.0
20260527,SP2606,4898.0,80.0,776.0,0.06369946917109015
20260527,SP2607,4924.0,26667.0,43302.0,0.07311129163282004
20260527,SP2608,4954.0,16.0,190.0,0.033911990310859785
20260527,SP2609,4968.0,227704.0,372370.0,0.07729468599033851
20260527,SP2610,5000.0,13.0,202.0,-0.01920000000000055
20260527,SP2611,4992.0,9919.0,50968.0,0.04807692307692424
20260527,SP2612,5012.0,25.0,631.0,0.006133593981186719
20260527,SP2701,5240.0,2745.0,15178.0,0.01832061068702373
20260527,SP2702,5248.0,0.0,22.0,0.03658536585365724
20260527,SP2703,5264.0,8.0,192.0,0.0
20260527,SP2704,5264.0,3.0,55.0,0.01367781155015102
20260527,SP2705,5270.0,5.0,102.0,0.0
20260528,SP2606,4902.0,26.0,765.0,0.04406364749081959
20260528,SP2607,4920.0,16310.0,38734.0,0.024390243902438158
20260528,SP2608,4930.0,13.0,191.0,0.08275862068965534
20260528,SP2609,4964.0,231039.0,368941.0,0.03867848509266736
20260528,SP2610,4980.0,104.0,192.0,-0.024096385542168974
20260528,SP2611,4970.0,25220.0,60162.0,0.0724346076458744
20260528,SP2612,5000.0,156.0,687.0,0.006148314606741584
20260528,SP2701,5228.0,5516.0,15875.0,0.04590665646518666
20260528,SP2702,5248.0,0.0,22.0,0.032012195121951414
20260528,SP2703,5262.0,4.0,195.0,-0.018244013683010873
20260528,SP2704,5254.0,2.0,54.0,0.004567948229920127
20260528,SP2705,5256.0,12.0,98.0,0.0
20260529,SP2606,4842.0,101.0,732.0,0.09913258983890927
20260529,SP2607,4882.0,9655.0,37563.0,0.07865628840638994
20260529,SP2608,4914.0,30.0,195.0,0.019536019536020355
20260529,SP2609,4922.0,221956.0,383497.0,0.029256399837463753
20260529,SP2610,4934.0,70.0,213.0,-0.019456830158086635
20260529,SP2611,4926.0,42924.0,72886.0,0.03410475030450666
20260529,SP2612,4940.0,411.0,814.0,0.006768866851658097
20260529,SP2701,5188.0,5672.0,17253.0,0.05088666152659993
20260529,SP2702,5210.0,3.0,22.0,0.0
20260529,SP2703,5210.0,104.0,267.0,0.009213051823415697
20260529,SP2704,5214.0,12.0,59.0,0.050632911392404445
20260529,SP2705,5236.0,22.0,116.0,0.0
20260601,SP2606,4804.0,66.0,726.0,0.0949208992506243
20260601,SP2607,4842.0,10748.0,34591.0,0.08921933085501887
20260601,SP2608,4878.0,60.0,207.0,0.019680196801967753
20260601,SP2609,4886.0,363765.0,419747.0,0.06385591485878006
20260601,SP2610,4912.0,107.0,260.0,-0.024429967426709442
20260601,SP2611,4902.0,24679.0,75602.0,0.01958384332925256
20260601,SP2612,4910.0,168.0,880.0,0.006590539829286726
20260601,SP2701,5150.0,7196.0,18974.0,0.04660194174757226
20260601,SP2702,5170.0,27.0,31.0,-0.004642166344294374
20260601,SP2703,5168.0,100.0,308.0,0.05572755417956721
20260601,SP2704,5192.0,24.0,72.0,0.027734976887519913
20260601,SP2705,5204.0,104.0,179.0,0.0
20260602,SP2606,4794.0,148.0,732.0,0.0750938673341679
20260602,SP2607,4824.0,5730.0,33446.0,0.12935323383084452
20260602,SP2608,4876.0,32.0,221.0,-0.03937653814602138
20260602,SP2609,4860.0,240847.0,441096.0,0.0740740740740744
20260602,SP2610,4890.0,52.0,270.0,-0.05889570552147205
20260602,SP2611,4866.0,18465.0,77336.0,0.024660912453759565
20260602,SP2612,4876.0,256.0,952.0,0.006581191066540072
20260602,SP2701,5114.0,8568.0,21404.0,0.03754399687133336
20260602,SP2702,5130.0,4.0,33.0,0.018713450292397127
20260602,SP2703,5138.0,173.0,366.0,0.028026469443362068
20260602,SP2704,5150.0,6.0,74.0,0.03728155339805728
20260602,SP2705,5166.0,147.0,282.0,0.0
20260603,SP2606,4814.0,0.0,732.0,0.029912754466140612
20260603,SP2607,4826.0,5082.0,32312.0,0.0895151263986751
20260603,SP2608,4862.0,54.0,227.0,-0.004936240230358102
20260603,SP2609,4860.0,244097.0,439337.0,0.049382716049383824
20260603,SP2610,4880.0,56.0,256.0,-0.04918032786885185
20260603,SP2611,4860.0,23253.0,79973.0,0.02962962962962923
20260603,SP2612,4872.0,201.0,1051.0,0.00625449714949909
20260603,SP2701,5098.0,5094.0,22094.0,0.04236955668889664
20260603,SP2702,5116.0,1.0,34.0,0.0
20260603,SP2703,5116.0,24.0,372.0,0.056293979671618644
20260603,SP2704,5140.0,17.0,86.0,0.023346303501945442
20260603,SP2705,5150.0,70.0,327.0,0.0
20260604,SP2606,4782.0,14.0,722.0,-0.01003764115432837
20260604,SP2607,4778.0,6122.0,30981.0,0.09543742151527734
20260604,SP2608,4816.0,17.0,235.0,-0.009966777408638272
20260604,SP2609,4812.0,308398.0,450995.0,0.07980049875311668
20260604,SP2610,4844.0,41.0,264.0,-0.05450041288191532
20260604,SP2611,4822.0,31175.0,84639.0,0.029863127333057626
20260604,SP2612,4834.0,489.0,1186.0,0.005857386582865743
20260604,SP2701,5044.0,7387.0,23024.0,0.061855670103092564
20260604,SP2702,5070.0,1.0,35.0,0.009467455621302356
20260604,SP2703,5074.0,214.0,477.0,0.028379976350018765
20260604,SP2704,5086.0,13.0,94.0,0.03303185214313675
20260604,SP2705,5100.0,231.0,432.0,0.0
20260605,SP2606,4802.0,32.0,722.0,0.044981257809245
20260605,SP2607,4820.0,6893.0,29240.0,0.09958506224066355
20260605,SP2608,4860.0,24.0,229.0,-0.03456790123456788
20260605,SP2609,4846.0,329628.0,436658.0,0.05943045810978109
20260605,SP2610,4870.0,41.0,261.0,-0.029568788501026066
20260605,SP2611,4858.0,28440.0,85127.0,0.054343351173321786
20260605,SP2612,4880.0,311.0,1174.0,0.005636397126542631
20260605,SP2701,5084.0,4373.0,23711.0,-0.07081038552320962
20260605,SP2702,5054.0,2.0,37.0,0.11871784724970436
20260605,SP2703,5104.0,42.0,493.0,-0.009404388714733258
20260605,SP2704,5100.0,14.0,99.0,0.10352941176470498
20260605,SP2705,5144.0,60.0,426.0,0.0
20260608,SP2606,4780.0,26.0,720.0,0.07531380753137995
20260608,SP2607,4810.0,5122.0,28347.0,0.034927234927235595
20260608,SP2608,4824.0,22.0,227.0,0.049751243781093635
20260608,SP2609,4844.0,271796.0,421644.0,0.07431874483897616
20260608,SP2610,4874.0,80.0,258.0,-0.05416495691423817
20260608,SP2611,4852.0,24799.0,86568.0,0.019785655399835456
20260608,SP2612,4860.0,89.0,1158.0,0.005493133583021224
20260608,SP2701,5058.0,3832.0,24010.0,0.00948991696322743
20260608,SP2702,5062.0,0.0,37.0,0.04741209008297087
20260608,SP2703,5082.0,12.0,500.0,0.037780401416766196
20260608,SP2704,5098.0,7.0,102.0,0.004707728520987331
20260608,SP2705,5100.0,71.0,456.0,0.0
20260609,SP2606,4788.0,20.0,720.0,0.15538847117794585
20260609,SP2607,4850.0,7697.0,26563.0,0.0643298969072168
20260609,SP2608,4876.0,26.0,222.0,0.004922067268252839
20260609,SP2609,4878.0,267100.0,413410.0,0.044280442804427445
20260609,SP2610,4896.0,18.0,259.0,-0.009803921568627416
20260609,SP2611,4892.0,27681.0,85705.0,0.029435813573179814
20260609,SP2612,4904.0,124.0,1134.0,0.00483897575013288
20260609,SP2701,5080.0,4264.0,24430.0,0.01889763779527609
20260609,SP2702,5088.0,2.0,38.0,0.014150943396225912
20260609,SP2703,5094.0,33.0,504.0,0.0
20260609,SP2704,5094.0,15.0,101.0,0.05182567726737464
20260609,SP2705,5116.0,84.0,432.0,0.0
20260610,SP2606,4784.0,0.0,720.0,0.1404682274247504
20260610,SP2607,4840.0,4582.0,25634.0,0.07438016528925662
20260610,SP2608,4870.0,36.0,230.0,-0.004928131416837456
20260610,SP2609,4868.0,235139.0,403312.0,0.09860312243220992
20260610,SP2610,4908.0,33.0,251.0,-0.07823960880195635
20260610,SP2611,4876.0,24131.0,84384.0,0.039376538146020046
20260610,SP2612,4892.0,82.0,1128.0,0.005016215421646897
20260610,SP2701,5074.0,3960.0,24057.0,0.02364998029168408
20260610,SP2702,5084.0,0.0,38.0,0.05664830841856716
20260610,SP2703,5108.0,51.0,488.0,0.01409553641346939
20260610,SP2704,5114.0,5.0,100.0,0.014078998826750677
20260610,SP2705,5120.0,58.0,406.0,0.0
20260611,SP2606,4834.0,6.0,720.0,0.09433181630119858
20260611,SP2607,4872.0,4856.0,24807.0,0.08374384236453292
20260611,SP2608,4906.0,30.0,232.0,-0.014675907052588588
20260611,SP2609,4900.0,273361.0,391344.0,0.04897959183673528
20260611,SP2610,4920.0,23.0,249.0,-0.02439024390243949
20260611,SP2611,4910.0,27691.0,83404.0,0.01955193482688422
20260611,SP2612,4918.0,57.0,1130.0,0.005044528012209223
20260611,SP2701,5102.0,5569.0,24236.0,-0.023520188161505917
20260611,SP2702,5092.0,0.0,38.0,0.0659858601728196
20260611,SP2703,5120.0,23.0,485.0,0.0234375
20260611,SP2704,5130.0,3.0,101.0,0.037426900584794254
20260611,SP2705,5146.0,65.0,441.0,0.0
20260612,SP2606,4834.0,0.0,720.0,0.09433181630119858
20260612,SP2607,4872.0,2680.0,24146.0,0.05418719211822687
20260612,SP2608,4894.0,164.0,257.0,0.004903964037596964
20260612,SP2609,4896.0,219097.0,384824.0,0.009803921568627416
20260612,SP2610,4900.0,43.0,234.0,-0.009795918367347056
20260612,SP2611,4896.0,23554.0,85374.0,0.02941176470588225
20260612,SP2612,4908.0,143.0,1170.0,0.005384467459685161
20260612,SP2701,5104.0,3617.0,24284.0,0.009404388714733258
20260612,SP2702,5108.0,5.0,36.0,0.01409553641346939
20260612,SP2703,5114.0,16.0,491.0,0.056315995307000044
20260612,SP2704,5138.0,7.0,106.0,0.028026469443362068
20260612,SP2705,5150.0,56.0,455.0,0.0
20260615,SP2606,4834.0,0.0,720.0,0.1092263136119147
20260615,SP2607,4878.0,5467.0,22676.0,0.02952029520295163
20260615,SP2608,4890.0,25.0,246.0,0.05398773006135027
20260615,SP2609,4912.0,288089.0,359078.0,0.029315960912050798
20260615,SP2610,4924.0,95.0,192.0,0.009748172217710405
20260615,SP2611,4928.0,27176.0,83450.0,0.0243506493506489
20260615,SP2612,4938.0,121.0,1170.0,0.005024096550029339
20260615,SP2701,5122.0,6310.0,24386.0,-0.018742678641155752
20260615,SP2702,5114.0,0.0,36.0,0.10793899100508408
20260615,SP2703,5160.0,36.0,487.0,0.02790697674418663
20260615,SP2704,5172.0,17.0,116.0,0.009280742459397473
20260615,SP2705,5176.0,32.0,456.0,0.0
20260616,SP2607,4902.0,5851.0,20580.0,0.06364749082007215
20260616,SP2608,4928.0,41.0,240.0,0.029220779220778148
20260616,SP2609,4940.0,285534.0,336124.0,0.029149797570849678
20260616,SP2610,4952.0,31.0,188.0,0.0
20260616,SP2611,4952.0,21968.0,82270.0,0.029079159935380794
20260616,SP2612,4964.0,190.0,1117.0,0.005541018931814676
20260616,SP2701,5168.0,8015.0,24625.0,0.01393188854489047
20260616,SP2702,5174.0,10.0,35.0,0.013915732508696266
20260616,SP2703,5180.0,182.0,505.0,0.041698841698842415
20260616,SP2704,5198.0,11.0,114.0,0.009234320892652192
20260616,SP2705,5202.0,55.0,463.0,0.009227220299885097
20260616,SP2706,5206.0,2.0,0.0,0.0
20260617,SP2607,4898.0,3119.0,19767.0,0.05389955083707587
20260617,SP2608,4920.0,17.0,233.0,0.04390243902439028
20260617,SP2609,4938.0,188935.0,322848.0,0.043742405832321474
20260617,SP2610,4956.0,23.0,181.0,-0.019370460048426352
20260617,SP2611,4948.0,14609.0,81317.0,0.029102667744544064
20260617,SP2612,4960.0,81.0,1101.0,0.00521928234867707
20260617,SP2701,5152.0,3247.0,24921.0,0.02329192546583947
20260617,SP2702,5162.0,2.0,33.0,0.0
20260617,SP2703,5162.0,86.0,508.0,0.06509104998062654
20260617,SP2704,5190.0,5.0,115.0,0.023121387283237205
20260617,SP2705,5200.0,21.0,467.0,0.04153846153846086
20260617,SP2706,5218.0,2.0,1.0,0.0
20260618,SP2607,4828.0,5037.0,18467.0,0.0546810273405125
20260618,SP2608,4850.0,71.0,230.0,0.039587628865979774
20260618,SP2609,4866.0,269161.0,315835.0,0.009864364981504892
20260618,SP2610,4870.0,140.0,177.0,0.02464065708418861
20260618,SP2611,4880.0,23086.0,81501.0,0.03442622950819629
20260618,SP2612,4894.0,165.0,1153.0,0.005289669074261984
20260618,SP2701,5086.0,5972.0,26074.0,0.014156508061343942
20260618,SP2702,5092.0,1.0,33.0,0.04241948153967012
20260618,SP2703,5110.0,50.0,527.0,0.05166340508806222
20260618,SP2704,5132.0,6.0,117.0,0.03273577552611062
20260618,SP2705,5146.0,81.0,507.0,-0.03264671589584145
20260618,SP2706,5132.0,9.0,1.0,0.0
20260622,SP2607,4786.0,2926.0,18246.0,0.040117007939823424
20260622,SP2608,4802.0,27.0,231.0,0.03998334027488415
20260622,SP2609,4818.0,161692.0,330556.0,0.06475716064757275
20260622,SP2610,4844.0,20.0,173.0,-0.024772914946325386
20260622,SP2611,4834.0,16453.0,83573.0,0.039718659495241226
20260622,SP2612,4850.0,208.0,1266.0,0.005393258426966297
20260622,SP2701,5044.0,5205.0,27067.0,0.09992069785884183
20260622,SP2702,5086.0,0.0,33.0,-0.04246952418403449
20260622,SP2703,5068.0,58.0,555.0,0.052091554853985755
20260622,SP2704,5090.0,2.0,119.0,0.02829076620825166
20260622,SP2705,5102.0,46.0,532.0,0.07526460211681574
20260622,SP2706,5134.0,5.0,6.0,0.0
20260623,SP2607,4676.0,7224.0,16932.0,0.06672369546621049
20260623,SP2608,4702.0,86.0,235.0,0.061250531688642695
20260623,SP2609,4726.0,335864.0,381793.0,0.08633093525179802
20260623,SP2610,4760.0,49.0,200.0,-0.030252100840336027
20260623,SP2611,4748.0,33131.0,88349.0,0.050547598989046705
20260623,SP2612,4768.0,586.0,1494.0,0.005429454792247937
20260623,SP2701,4960.0,10904.0,28563.0,0.05806451612903274
20260623,SP2702,4984.0,34.0,44.0,0.009630818619583259
20260623,SP2703,4988.0,258.0,670.0,0.03849238171611802
20260623,SP2704,5004.0,13.0,125.0,0.04796163069544246
20260623,SP2705,5024.0,234.0,687.0,0.033439490445860365
20260623,SP2706,5038.0,14.0,11.0,0.0
20260624,SP2607,4654.0,12206.0,16674.0,0.030941125913192202
20260624,SP2608,4666.0,56.0,233.0,0.061723103300471927
20260624,SP2609,4690.0,258452.0,411694.0,0.09722814498933907
20260624,SP2610,4728.0,35.0,211.0,-0.035532994923857864
20260624,SP2611,4714.0,22188.0,92029.0,0.07127704709376381
20260624,SP2612,4742.0,335.0,1667.0,0.005402357133717804
20260624,SP2701,4932.0,8303.0,30921.0,0.043795620437955485
20260624,SP2702,4950.0,1.0,44.0,0.01939393939393952
20260624,SP2703,4958.0,362.0,842.0,0.08713190802743132
20260624,SP2704,4994.0,28.0,140.0,-0.004805766920304766
20260624,SP2705,4992.0,341.0,960.0,0.0673076923076934
20260624,SP2706,5020.0,14.0,17.0,0.0
20260625,SP2607,4582.0,6533.0,13606.0,0.130947184635529
20260625,SP2608,4632.0,21.0,234.0,0.031088082901554515
20260625,SP2609,4644.0,282349.0,414876.0,0.08268733850129273
20260625,SP2610,4676.0,68.0,219.0,-0.005132591958939781
20260625,SP2611,4674.0,28746.0,96781.0,0.04107830551989711
20260625,SP2612,4690.0,475.0,1886.0,0.004944778515128997
20260625,SP2701,4862.0,9532.0,33075.0,0.004936240230358102
20260625,SP2702,4864.0,9.0,49.0,0.07894736842105221
20260625,SP2703,4896.0,249.0,974.0,0.014705882352941124
20260625,SP2704,4902.0,13.0,150.0,0.03427172582619331
20260625,SP2705,4916.0,336.0,1103.0,0.08299430431244925
20260625,SP2706,4950.0,15.0,30.0,0.0
20260626,SP2607,4572.0,1848.0,12716.0,0.052493438320208696
20260626,SP2608,4592.0,116.0,261.0,0.06271777003484402
20260626,SP2609,4616.0,248277.0,427477.0,0.10918544194107493
20260626,SP2610,4658.0,144.0,256.0,-0.020609703735508855
20260626,SP2611,4650.0,29248.0,99851.0,0.07225806451612993
20260626,SP2612,4678.0,296.0,1923.0,0.00484217302121813
20260626,SP2701,4846.0,7556.0,35126.0,0.05943045810978109
20260626,SP2702,4870.0,4.0,48.0,0.0147843942505137
20260626,SP2703,4876.0,145.0,970.0,0.05414273995077856
20260626,SP2704,4898.0,15.0,161.0,0.024499795835035698
20260626,SP2705,4908.0,231.0,1212.0,0.04889975550122205
20260626,SP2706,4928.0,18.0,41.0,0.0
