date,symbol,close,volume,open_interest,roll_yield
20250526,FU2506,2994.0,1.0,420.0,0.1711188007941003
20250526,FU2507,3037.0,707880.0,138315.0,-0.4345094186161839
20250526,FU2508,2929.0,87125.0,38393.0,-0.3871975101085844
20250526,FU2509,2836.0,178193.0,112718.0,-0.2869003737726754
20250526,FU2510,2769.0,42360.0,71164.0,-0.1878109309738074
20250526,FU2511,2726.0,10731.0,12425.0,-0.146154233338548
20250526,FU2512,2693.0,1613.0,1550.0,-0.0535914549076752
20250526,FU2601,2681.0,19900.0,25266.0,-0.0493366420999692
20250526,FU2602,2670.0,171.0,847.0,-0.0676058126190722
20250526,FU2603,2655.0,219.0,1329.0,-0.0407470680136579
20250526,FU2604,2646.0,171.0,841.0,-0.0864786598723334
20250526,FU2605,2627.0,747.0,2501.0,0.0
20250527,FU2506,2994.0,0.0,420.0,-0.0885019097030862
20250527,FU2507,2972.0,541397.0,123841.0,-0.3482067140965764
20250527,FU2508,2887.0,40399.0,31619.0,-0.2860282625858701
20250527,FU2509,2819.0,135904.0,107986.0,-0.22342213592624
20250527,FU2510,2767.0,29559.0,71969.0,-0.1923538453579956
20250527,FU2511,2723.0,11256.0,17774.0,-0.1284856284414041
20250527,FU2512,2694.0,753.0,1526.0,-0.0804472286662826
20250527,FU2601,2676.0,17996.0,26744.0,-0.0674538032451581
20250527,FU2602,2661.0,123.0,832.0,-0.0723711202234737
20250527,FU2603,2645.0,179.0,1326.0,-0.0728102347502227
20250527,FU2604,2629.0,93.0,809.0,-0.0824430723690288
20250527,FU2605,2611.0,408.0,2550.0,0.0
20250528,FU2506,2994.0,0.0,420.0,-0.0321070425652561
20250528,FU2507,2986.0,622262.0,107877.0,-0.3424145358600308
20250528,FU2508,2902.0,46330.0,25301.0,-0.326950017972006
20250528,FU2509,2824.0,151118.0,112965.0,-0.2533642158803698
20250528,FU2510,2765.0,34793.0,73707.0,-0.1748664823090887
20250528,FU2511,2725.0,14909.0,24776.0,-0.141751371428947
20250528,FU2512,2693.0,739.0,1417.0,-0.0849640217965244
20250528,FU2601,2674.0,21722.0,28003.0,-0.0720182206643746
20250528,FU2602,2658.0,160.0,831.0,-0.0724530502910403
20250528,FU2603,2642.0,244.0,1278.0,-0.072893162634349
20250528,FU2604,2626.0,171.0,755.0,-0.0687418339633514
20250528,FU2605,2611.0,760.0,2580.0,0.0
20250529,FU2506,2994.0,0.0,420.0,0.2302419290972873
20250529,FU2507,3052.0,718994.0,107127.0,-0.3026039574163818
20250529,FU2508,2976.0,48552.0,18865.0,-0.3228527782035844
20250529,FU2509,2897.0,213401.0,119924.0,-0.293515680909121
20250529,FU2510,2827.0,39543.0,76224.0,-0.1968660415155054
20250529,FU2511,2781.0,21924.0,34458.0,-0.1257918621687669
20250529,FU2512,2752.0,731.0,1366.0,-0.0699710437295185
20250529,FU2601,2736.0,34238.0,26608.0,-0.0924605564928631
20250529,FU2602,2715.0,337.0,789.0,-0.0842731240300585
20250529,FU2603,2696.0,326.0,1194.0,-0.0714287823275432
20250529,FU2604,2680.0,217.0,709.0,-0.0538519976326562
20250529,FU2605,2668.0,1618.0,2959.0,0.0
20250530,FU2506,2994.0,0.0,420.0,-0.3703872114593259
20250530,FU2507,2903.0,700921.0,113042.0,-0.2548398644110078
20250530,FU2508,2842.0,41647.0,17243.0,-0.3079285137079414
20250530,FU2509,2770.0,293066.0,134553.0,-0.2583569961926235
20250530,FU2510,2711.0,36979.0,76739.0,-0.1649051020413245
20250530,FU2511,2674.0,19348.0,40802.0,-0.1127192206778252
20250530,FU2512,2649.0,1073.0,1368.0,-0.0726999573091231
20250530,FU2601,2633.0,33292.0,32114.0,-0.0410881131879567
20250530,FU2602,2624.0,433.0,860.0,-0.0550039160118951
20250530,FU2603,2612.0,423.0,1280.0,-0.0506426993720422
20250530,FU2604,2601.0,411.0,752.0,-0.0415944957178354
20250530,FU2605,2592.0,2205.0,3600.0,0.0
20250603,FU2507,2913.0,368632.0,110684.0,-0.153396457421967
20250603,FU2508,2876.0,30552.0,16917.0,-0.2019683018936872
20250603,FU2509,2828.0,190830.0,134592.0,-0.2054258439813678
20250603,FU2510,2780.0,34752.0,78797.0,-0.1214760915773814
20250603,FU2511,2752.0,16547.0,43389.0,-0.1271244765536967
20250603,FU2512,2723.0,1065.0,1399.0,-0.0795876167181328
20250603,FU2601,2705.0,31822.0,29917.0,-0.0622684866441127
20250603,FU2602,2691.0,341.0,841.0,-0.0715618967615864
20250603,FU2603,2675.0,467.0,1193.0,-0.0855377848053891
20250603,FU2604,2656.0,268.0,683.0,-0.0634203061686455
20250603,FU2605,2642.0,1439.0,3458.0,-0.0774637206785576
20250603,FU2606,2625.0,64.0,38.0,0.0
20250604,FU2507,2925.0,355256.0,101369.0,-0.1569189600362612
20250604,FU2508,2887.0,25340.0,14757.0,-0.1927415737049662
20250604,FU2509,2841.0,210938.0,136429.0,-0.217374084465319
20250604,FU2510,2790.0,39913.0,78865.0,-0.160204436073648
20250604,FU2511,2753.0,16218.0,46807.0,-0.1182707146335533
20250604,FU2512,2726.0,705.0,1397.0,-0.0706403805927761
20250604,FU2601,2710.0,20824.0,30975.0,-0.0577030888081999
20250604,FU2602,2697.0,134.0,842.0,-0.0758789956179314
20250604,FU2603,2680.0,271.0,1189.0,-0.0673528428594892
20250604,FU2604,2665.0,161.0,641.0,-0.0586798235303015
20250604,FU2605,2652.0,1098.0,3583.0,-0.068065979429597
20250604,FU2606,2637.0,54.0,56.0,0.0
20250605,FU2507,2934.0,335589.0,99243.0,-0.1771706002389716
20250605,FU2508,2891.0,23259.0,13078.0,-0.1587766896341521
20250605,FU2509,2853.0,213559.0,148333.0,-0.2421749743175892
20250605,FU2510,2796.0,44824.0,79446.0,-0.1555097357100627
20250605,FU2511,2760.0,17324.0,47096.0,-0.1355452560342869
20250605,FU2512,2729.0,390.0,1403.0,-0.0749864597766276
20250605,FU2601,2712.0,27859.0,34266.0,-0.053215164814389
20250605,FU2602,2700.0,101.0,857.0,-0.075794418801555
20250605,FU2603,2683.0,179.0,1209.0,-0.0762761962436413
20250605,FU2604,2666.0,174.0,620.0,-0.0405786597460853
20250605,FU2605,2657.0,962.0,3800.0,-0.0361854778529258
20250605,FU2606,2649.0,48.0,81.0,0.0
20250606,FU2507,2943.0,274018.0,94471.0,-0.1724875693448257
20250606,FU2508,2901.0,11292.0,12120.0,-0.1792011075790949
20250606,FU2509,2858.0,198973.0,161899.0,-0.216069385535162
20250606,FU2510,2807.0,32535.0,77539.0,-0.1722311588994796
20250606,FU2511,2767.0,13840.0,47549.0,-0.1527571091549422
20250606,FU2512,2732.0,1282.0,1747.0,-0.0660673351719955
20250606,FU2601,2717.0,32296.0,37098.0,-0.0531170177491905
20250606,FU2602,2705.0,121.0,843.0,-0.0711904201406073
20250606,FU2603,2689.0,283.0,1140.0,-0.0626399632650932
20250606,FU2604,2675.0,143.0,627.0,0.0
20250606,FU2605,2675.0,1503.0,3737.0,-0.0900567078488123
20250606,FU2606,2655.0,136.0,158.0,0.0
20250609,FU2507,2927.0,257644.0,84977.0,-0.0987998720070717
20250609,FU2508,2903.0,13166.0,11582.0,-0.1204787686279152
20250609,FU2509,2874.0,245148.0,171900.0,-0.2063570767011471
20250609,FU2510,2825.0,33714.0,76658.0,-0.1625113931831172
20250609,FU2511,2787.0,12654.0,48322.0,-0.1516539411445675
20250609,FU2512,2752.0,553.0,1832.0,-0.0655858801506622
20250609,FU2601,2737.0,22237.0,38094.0,-0.0571325012553131
20250609,FU2602,2724.0,165.0,845.0,-0.070692398846849
20250609,FU2603,2708.0,441.0,1113.0,-0.0577458082688163
20250609,FU2604,2695.0,128.0,631.0,-0.0401412751189753
20250609,FU2605,2686.0,844.0,3674.0,-0.0716955082666523
20250609,FU2606,2670.0,88.0,194.0,0.0
20250610,FU2507,2966.0,192489.0,70971.0,-0.0567760437301717
20250610,FU2508,2952.0,11082.0,11145.0,-0.1143643782083278
20250610,FU2509,2924.0,315434.0,186974.0,-0.2069730507683861
20250610,FU2510,2874.0,37382.0,76202.0,-0.1851369120202425
20250610,FU2511,2830.0,16540.0,48513.0,-0.1579250963052791
20250610,FU2512,2793.0,600.0,1886.0,-0.0559843111259278
20250610,FU2601,2780.0,28784.0,39768.0,-0.0866429756818442
20250610,FU2602,2760.0,251.0,781.0,-0.0741416132831092
20250610,FU2603,2743.0,513.0,1072.0,-0.061403642751177
20250610,FU2604,2729.0,159.0,636.0,-0.0528829353838881
20250610,FU2605,2717.0,1156.0,3691.0,-0.0931096487298007
20250610,FU2606,2696.0,224.0,287.0,0.0
20250611,FU2507,2939.0,101689.0,57206.0,-0.0245231692975954
20250611,FU2508,2933.0,11366.0,10096.0,-0.0862279159304938
20250611,FU2509,2912.0,346566.0,192535.0,-0.1994505748324848
20250611,FU2510,2864.0,45335.0,76053.0,-0.1645306139999391
20250611,FU2511,2825.0,20013.0,48817.0,-0.1453009205306295
20250611,FU2512,2791.0,1369.0,1635.0,-0.0473883222196729
20250611,FU2601,2780.0,42085.0,34251.0,-0.0822959370543396
20250611,FU2602,2761.0,116.0,764.0,-0.0610023100185667
20250611,FU2603,2747.0,400.0,1017.0,-0.0262390775098569
20250611,FU2604,2741.0,142.0,631.0,-0.0614485614863672
20250611,FU2605,2727.0,1367.0,3762.0,-0.0839009857610749
20250611,FU2606,2708.0,189.0,355.0,0.0
20250612,FU2507,3019.0,104206.0,50423.0,0.0158887808714303
20250612,FU2508,3023.0,11212.0,10365.0,-0.1036551295535381
20250612,FU2509,2997.0,539178.0,214080.0,-0.1937479020166432
20250612,FU2510,2949.0,55080.0,76953.0,-0.1845243944470742
20250612,FU2511,2904.0,19831.0,49304.0,-0.1455067195598626
20250612,FU2512,2869.0,888.0,1459.0,-0.0713164133661393
20250612,FU2601,2852.0,39270.0,31420.0,-0.0675107265860212
20250612,FU2602,2836.0,187.0,772.0,-0.0764063423207109
20250612,FU2603,2818.0,715.0,1053.0,-0.0469333931609158
20250612,FU2604,2807.0,261.0,571.0,-0.0385370536374717
20250612,FU2605,2798.0,1898.0,3925.0,-0.0774473824889254
20250612,FU2606,2780.0,295.0,405.0,0.0
20250613,FU2507,3239.0,158379.0,43509.0,-0.0371057809566486
20250613,FU2508,3229.0,19248.0,9914.0,-0.0895248168420577
20250613,FU2509,3205.0,1186163.0,243525.0,-0.2039067311699497
20250613,FU2510,3151.0,99784.0,76842.0,-0.1764737686763454
20250613,FU2511,3105.0,25878.0,49555.0,-0.1477659630399316
20250613,FU2512,3067.0,2876.0,1775.0,-0.0745709676925754
20250613,FU2601,3048.0,72204.0,36178.0,-0.09089455609914
20250613,FU2602,3025.0,841.0,805.0,-0.0756096018242645
20250613,FU2603,3006.0,2068.0,1049.0,-0.0439927171604407
20250613,FU2604,2995.0,594.0,550.0,-0.0361143894049679
20250613,FU2605,2986.0,5010.0,4730.0,-0.1292941800937269
20250613,FU2606,2954.0,451.0,519.0,0.0
20250616,FU2507,3317.0,103366.0,39159.0,-0.0036182723024021
20250616,FU2508,3316.0,17184.0,9026.0,-0.1456328553867067
20250616,FU2509,3276.0,1046473.0,242235.0,-0.2218177760892372
20250616,FU2510,3216.0,95342.0,73237.0,-0.2183932257992349
20250616,FU2511,3158.0,29065.0,50590.0,-0.2069677621497366
20250616,FU2512,3104.0,3135.0,2422.0,-0.0970408005433076
20250616,FU2601,3079.0,52561.0,37163.0,-0.1214307734155618
20250616,FU2602,3048.0,615.0,781.0,-0.0631580405312957
20250616,FU2603,3032.0,605.0,1032.0,-0.0674716512117176
20250616,FU2604,3015.0,207.0,558.0,-0.043861155327126
20250616,FU2605,3004.0,2317.0,4436.0,-0.1083438224189872
20250616,FU2606,2977.0,245.0,531.0,0.0
20250617,FU2507,3303.0,119896.0,32896.0,-0.0619215215229152
20250617,FU2508,3286.0,29484.0,9722.0,-0.1432743179324097
20250617,FU2509,3247.0,1396018.0,246338.0,-0.2653073968298353
20250617,FU2510,3176.0,148030.0,72679.0,-0.2519978063249588
20250617,FU2511,3110.0,36249.0,53973.0,-0.1944937227222397
20250617,FU2512,3060.0,5820.0,3202.0,-0.1261509646690443
20250617,FU2601,3028.0,80016.0,35476.0,-0.0994865588881092
20250617,FU2602,3003.0,830.0,750.0,-0.0761652799161457
20250617,FU2603,2984.0,1536.0,1108.0,-0.0443176599066451
20250617,FU2604,2973.0,459.0,585.0,-0.0363820389854415
20250617,FU2605,2964.0,2639.0,4435.0,-0.1016438399647224
20250617,FU2606,2939.0,556.0,579.0,0.0
20250618,FU2507,3364.0,45853.0,29645.0,-0.0035677122308289
20250618,FU2508,3363.0,17371.0,8670.0,-0.1075276011903596
20250618,FU2509,3333.0,1078478.0,252327.0,-0.2106591628606488
20250618,FU2510,3275.0,121626.0,71574.0,-0.240563183343489
20250618,FU2511,3210.0,27034.0,53469.0,-0.1997847307928389
20250618,FU2512,3157.0,3278.0,3136.0,-0.1453172634022608
20250618,FU2601,3119.0,54922.0,31745.0,-0.0888177827782266
20250618,FU2602,3096.0,476.0,715.0,-0.097292571225545
20250618,FU2603,3071.0,1082.0,1072.0,-0.0509056074217773
20250618,FU2604,3058.0,348.0,537.0,-0.055064010089174
20250618,FU2605,3044.0,2331.0,4241.0,-0.1029369558453874
20250618,FU2606,3018.0,447.0,565.0,0.0
20250619,FU2507,3384.0,27682.0,26904.0,0.0318725286973945
20250619,FU2508,3393.0,14918.0,8573.0,-0.0851822565321274
20250619,FU2509,3369.0,1224564.0,250040.0,-0.2265235803070006
20250619,FU2510,3306.0,132358.0,73349.0,-0.2197863636771954
20250619,FU2511,3246.0,33955.0,55057.0,-0.2050694615555156
20250619,FU2512,3191.0,2830.0,3081.0,-0.1399543050631174
20250619,FU2601,3154.0,45163.0,32897.0,-0.1339086109821654
20250619,FU2602,3119.0,512.0,821.0,-0.0849424396152055
20250619,FU2603,3097.0,1267.0,1022.0,-0.0621561765184188
20250619,FU2604,3081.0,316.0,525.0,-0.0507400333142527
20250619,FU2605,3068.0,2206.0,4244.0,-0.1139684348442446
20250619,FU2606,3039.0,630.0,646.0,0.0
20250620,FU2507,3361.0,22689.0,20491.0,0.1030964717926831
20250620,FU2508,3390.0,14842.0,8064.0,-0.0959578636107165
20250620,FU2509,3363.0,1198880.0,255034.0,-0.2232957586449188
20250620,FU2510,3301.0,119598.0,72105.0,-0.209019799414673
20250620,FU2511,3244.0,34846.0,54347.0,-0.201434633476959
20250620,FU2512,3190.0,3412.0,3115.0,-0.1438049376134458
20250620,FU2601,3152.0,48038.0,33765.0,-0.1262968124395982
20250620,FU2602,3119.0,596.0,747.0,-0.0694535700882513
20250620,FU2603,3101.0,869.0,999.0,-0.0309977569845518
20250620,FU2604,3093.0,328.0,538.0,-0.0544394971268312
20250620,FU2605,3079.0,1995.0,4329.0,-0.1096255584939694
20250620,FU2606,3051.0,526.0,654.0,0.0
20250623,FU2507,3346.0,31230.0,9912.0,0.1603111269464325
20250623,FU2508,3391.0,16383.0,9125.0,-0.0212514813511587
20250623,FU2509,3385.0,1215740.0,246742.0,-0.2037886008633141
20250623,FU2510,3328.0,118610.0,73362.0,-0.1999743292790242
20250623,FU2511,3273.0,33533.0,58634.0,-0.1921815020397798
20250623,FU2512,3221.0,2370.0,3163.0,-0.1537280826837154
20250623,FU2601,3180.0,53792.0,32342.0,-0.121366394843144
20250623,FU2602,3148.0,563.0,794.0,-0.0956790270505828
20250623,FU2603,3123.0,869.0,998.0,-0.0346320586696198
20250623,FU2604,3114.0,278.0,539.0,-0.0540715430484723
20250623,FU2605,3100.0,3202.0,4276.0,-0.1088795544680979
20250623,FU2606,3072.0,563.0,723.0,0.0
20250624,FU2507,3054.0,1855.0,9685.0,0.1328571043930695
20250624,FU2508,3088.0,15139.0,10066.0,-0.0897127532922605
20250624,FU2509,3065.0,1441650.0,232947.0,-0.2212772608831985
20250624,FU2510,3009.0,152640.0,71177.0,-0.1970223517432694
20250624,FU2511,2960.0,40889.0,62365.0,-0.146840717381243
20250624,FU2512,2924.0,4275.0,3464.0,-0.1196091703508823
20250624,FU2601,2895.0,80264.0,41018.0,-0.0998965186323806
20250624,FU2602,2871.0,1043.0,818.0,-0.0251046116666887
20250624,FU2603,2865.0,1777.0,1271.0,-0.050367335224079
20250624,FU2604,2853.0,518.0,484.0,-0.0126249354096453
20250624,FU2605,2850.0,7060.0,4544.0,-0.0760298213890294
20250624,FU2606,2832.0,1432.0,868.0,0.0
20250625,FU2507,2946.0,984.0,9523.0,0.2139669807172026
20250625,FU2508,2999.0,12598.0,9634.0,0.0638511649473211
20250625,FU2509,3015.0,1086163.0,241252.0,-0.1966270375609005
20250625,FU2510,2966.0,116029.0,76020.0,-0.1793511646467915
20250625,FU2511,2922.0,33849.0,64826.0,-0.0865536982708895
20250625,FU2512,2901.0,3637.0,3231.0,-0.1122086097892055
20250625,FU2601,2874.0,56423.0,42302.0,-0.1048407856927429
20250625,FU2602,2849.0,493.0,845.0,-0.0379680401118792
20250625,FU2603,2840.0,1216.0,1127.0,-0.0508116496654601
20250625,FU2604,2828.0,363.0,495.0,-0.0595534721055481
20250625,FU2605,2814.0,4325.0,4271.0,-0.0641369779065698
20250625,FU2606,2799.0,813.0,902.0,0.0
20250626,FU2507,2930.0,17.0,9508.0,0.3033017394983401
20250626,FU2508,3005.0,6268.0,9237.0,0.0557769928503711
20250626,FU2509,3019.0,784247.0,228623.0,-0.2165834193001552
20250626,FU2510,2965.0,100765.0,82002.0,-0.2123226536686947
20250626,FU2511,2913.0,29839.0,69380.0,-0.1075869275579947
20250626,FU2512,2887.0,11231.0,10094.0,-0.1001744947778403
20250626,FU2601,2863.0,34773.0,44441.0,-0.0883439572928289
20250626,FU2602,2842.0,204.0,851.0,-0.0211304861783352
20250626,FU2603,2837.0,621.0,1186.0,-0.0508654947397198
20250626,FU2604,2825.0,189.0,473.0,-0.0553486877998293
20250626,FU2605,2812.0,2252.0,4195.0,-0.0556051609812241
20250626,FU2606,2799.0,458.0,968.0,0.0
20250627,FU2507,2948.0,309.0,9496.0,0.1496732702097038
20250627,FU2508,2985.0,4216.0,9015.0,0.0681478364004567
20250627,FU2509,3002.0,583267.0,225160.0,-0.1853007615037784
20250627,FU2510,2956.0,91335.0,86689.0,-0.1758423013038932
20250627,FU2511,2913.0,24927.0,69027.0,-0.1159029362068166
20250627,FU2512,2885.0,13383.0,17679.0,-0.0876678103399642
20250627,FU2601,2864.0,23413.0,46613.0,-0.096757754716179
20250627,FU2602,2841.0,247.0,847.0,-0.0253699883080263
20250627,FU2603,2835.0,369.0,1232.0,-0.0551530049891179
20250627,FU2604,2822.0,136.0,465.0,-0.0468667380747288
20250627,FU2605,2811.0,1215.0,4142.0,-0.0642056106339723
20250627,FU2606,2796.0,450.0,1086.0,0.0
20250630,FU2507,2900.0,31.0,9493.0,0.2457423761224884
20250630,FU2508,2960.0,4161.0,8848.0,0.1210094287995121
20250630,FU2509,2990.0,490829.0,218485.0,-0.2391567080860765
20250630,FU2510,2931.0,93756.0,92575.0,-0.1773532883781075
20250630,FU2511,2888.0,25846.0,71334.0,-0.1211076922848603
20250630,FU2512,2859.0,12631.0,25605.0,-0.0210047314263603
20250630,FU2601,2854.0,28751.0,51224.0,-0.0843885334338722
20250630,FU2602,2834.0,515.0,915.0,-0.0466679039656373
20250630,FU2603,2823.0,599.0,1354.0,-0.0425834371635893
20250630,FU2604,2813.0,202.0,480.0,-0.0513003987569798
20250630,FU2605,2801.0,2221.0,4343.0,-0.0601289733379238
20250630,FU2606,2787.0,519.0,1275.0,0.0
20250701,FU2508,2944.0,3955.0,8525.0,0.141821674374185
20250701,FU2509,2979.0,460111.0,220510.0,-0.1949281440286783
20250701,FU2510,2931.0,79011.0,90705.0,-0.1524484022335595
20250701,FU2511,2894.0,21981.0,69649.0,-0.0957507248443821
20250701,FU2512,2871.0,9909.0,30944.0,-0.0502618535850256
20250701,FU2601,2859.0,26874.0,53406.0,-0.0800143340047204
20250701,FU2602,2840.0,252.0,910.0,-0.033850516099696
20250701,FU2603,2832.0,305.0,1341.0,-0.055211564393974
20250701,FU2604,2819.0,170.0,480.0,-0.042643968118426
20250701,FU2605,2809.0,2189.0,4250.0,-0.0685471339088032
20250701,FU2606,2793.0,326.0,1198.0,-0.0516685405345424
20250701,FU2607,2781.0,226.0,174.0,0.0
20250702,FU2508,2926.0,3903.0,8168.0,0.1386355888564377
20250702,FU2509,2960.0,525276.0,230420.0,-0.1756029294046155
20250702,FU2510,2917.0,112525.0,95277.0,-0.1282107664068624
20250702,FU2511,2886.0,26190.0,70143.0,-0.1127945641380522
20250702,FU2512,2859.0,17123.0,38021.0,-0.025210093305742
20250702,FU2601,2853.0,32070.0,59363.0,-0.0590303368863462
20250702,FU2602,2839.0,449.0,1037.0,-0.0465855534780939
20250702,FU2603,2828.0,1153.0,1481.0,-0.0638186223192781
20250702,FU2604,2813.0,197.0,468.0,-0.0513003987569798
20250702,FU2605,2801.0,1994.0,4597.0,-0.0515206515914353
20250702,FU2606,2789.0,243.0,1168.0,-0.0431034946198229
20250702,FU2607,2779.0,145.0,250.0,0.0
20250703,FU2508,2953.0,2819.0,7692.0,0.1373752376662446
20250703,FU2509,2987.0,534341.0,213238.0,-0.1699286655650728
20250703,FU2510,2945.0,94872.0,95601.0,-0.1352242412293261
20250703,FU2511,2912.0,23454.0,71599.0,-0.1492762857076708
20250703,FU2512,2876.0,12907.0,42147.0,-0.0208804646384807
20250703,FU2601,2871.0,30543.0,65614.0,-0.0670626963714405
20250703,FU2602,2855.0,418.0,1037.0,-0.042105306356151
20250703,FU2603,2845.0,399.0,1442.0,-0.0634362710777753
20250703,FU2604,2830.0,150.0,460.0,-0.063773400761911
20250703,FU2605,2815.0,1672.0,4593.0,-0.055545764122061
20250703,FU2606,2802.0,250.0,1147.0,-0.0472019203275611
20250703,FU2607,2791.0,109.0,296.0,0.0
20250704,FU2508,2928.0,2064.0,7679.0,0.1547357714001025
20250704,FU2509,2966.0,433196.0,218723.0,-0.1547357714001023
20250704,FU2510,2928.0,92455.0,98407.0,-0.1194449539145605
20250704,FU2511,2899.0,21099.0,71428.0,-0.1457592100934314
20250704,FU2512,2864.0,12054.0,43942.0,-0.0293655101971582
20250704,FU2601,2857.0,27253.0,67872.0,-0.0505086680441013
20250704,FU2602,2845.0,246.0,1002.0,-0.0634362710777753
20250704,FU2603,2830.0,351.0,1419.0,-0.0424779204614887
20250704,FU2604,2820.0,115.0,463.0,-0.0640001517043514
20250704,FU2605,2805.0,1298.0,4482.0,-0.051447024139439
20250704,FU2606,2793.0,248.0,1138.0,-0.0473543215414629
20250704,FU2607,2782.0,169.0,386.0,0.0
20250707,FU2508,2911.0,2915.0,7171.0,0.1474924679048585
20250707,FU2509,2947.0,416985.0,222074.0,-0.1268986753097511
20250707,FU2510,2916.0,89247.0,98729.0,-0.1240962455367911
20250707,FU2511,2886.0,27065.0,70943.0,-0.1211920452365171
20250707,FU2512,2857.0,11337.0,45062.0,-0.0378615563868802
20250707,FU2601,2848.0,34448.0,68143.0,-0.0464380526761804
20250707,FU2602,2837.0,312.0,1017.0,-0.0721232505203055
20250707,FU2603,2820.0,601.0,1422.0,-0.0511727854374904
20250707,FU2604,2808.0,129.0,474.0,-0.0599787039455346
20250707,FU2605,2794.0,1335.0,4441.0,-0.0559642269953078
20250707,FU2606,2781.0,358.0,1196.0,-0.0605624933644672
20250707,FU2607,2767.0,182.0,475.0,0.0
20250708,FU2508,2937.0,1869.0,6952.0,0.1421576956683571
20250708,FU2509,2972.0,422891.0,206331.0,-0.0891594780454107
20250708,FU2510,2950.0,100795.0,98854.0,-0.1473415509445847
20250708,FU2511,2914.0,20807.0,68336.0,-0.1366710200474603
20250708,FU2512,2881.0,12874.0,45425.0,-0.0500870292379643
20250708,FU2601,2869.0,34876.0,67916.0,-0.0502969650071
20250708,FU2602,2857.0,519.0,953.0,-0.0800705341294212
20250708,FU2603,2838.0,471.0,1399.0,-0.0550945696733595
20250708,FU2604,2825.0,92.0,465.0,-0.0767048066239065
20250708,FU2605,2807.0,1326.0,4547.0,-0.0728964185576547
20250708,FU2606,2790.0,259.0,1177.0,-0.0733419503955998
20250708,FU2607,2773.0,152.0,495.0,0.0
20250709,FU2508,2945.0,979.0,6997.0,0.1498247908679609
20250709,FU2509,2982.0,361449.0,203701.0,-0.0322364196550007
20250709,FU2510,2974.0,81453.0,98877.0,-0.1053704845304774
20250709,FU2511,2948.0,26618.0,67845.0,-0.139203198648925
20250709,FU2512,2914.0,15806.0,45312.0,-0.0495186397322037
20250709,FU2601,2902.0,41568.0,68429.0,-0.0580312011769951
20250709,FU2602,2888.0,335.0,997.0,-0.091762699495196
20250709,FU2603,2866.0,541.0,1403.0,-0.0545550860954056
20250709,FU2604,2853.0,78.0,452.0,-0.0674869968557838
20250709,FU2605,2837.0,1673.0,4773.0,-0.1019475158279342
20250709,FU2606,2813.0,252.0,1168.0,-0.0813272240753967
20250709,FU2607,2794.0,194.0,521.0,0.0
20250710,FU2508,2933.0,3415.0,6616.0,0.1585120423223858
20250710,FU2509,2972.0,487222.0,201272.0,-0.0444969328327018
20250710,FU2510,2961.0,104000.0,98923.0,-0.0772491232825018
20250710,FU2511,2942.0,24291.0,67014.0,-0.1024071755239375
20250710,FU2512,2917.0,15382.0,45523.0,-0.0288313164261987
20250710,FU2601,2910.0,41696.0,69885.0,-0.066161435689308
20250710,FU2602,2894.0,302.0,1017.0,-0.0790434475197408
20250710,FU2603,2875.0,748.0,1302.0,-0.050191777600029
20250710,FU2604,2863.0,135.0,459.0,-0.0630363907949836
20250710,FU2605,2848.0,1574.0,4616.0,-0.1100536814292853
20250710,FU2606,2822.0,263.0,1139.0,-0.0682304610042361
20250710,FU2607,2806.0,316.0,520.0,0.0
20250711,FU2508,2883.0,8314.0,4842.0,0.1159829532866531
20250711,FU2509,2911.0,741556.0,223692.0,-0.0330237566519205
20250711,FU2510,2903.0,143995.0,101747.0,-0.0912867472812173
20250711,FU2511,2881.0,34941.0,67043.0,-0.0794012996175877
20250711,FU2512,2862.0,23090.0,49112.0,-0.0293860563154269
20250711,FU2601,2855.0,82423.0,77530.0,-0.0463239740037485
20250711,FU2602,2844.0,552.0,1007.0,-0.0677011668800175
20250711,FU2603,2828.0,974.0,1349.0,-0.0382504308282095
20250711,FU2604,2819.0,342.0,496.0,-0.0683032793918906
20250711,FU2605,2803.0,3676.0,4554.0,-0.0686942841940811
20250711,FU2606,2787.0,537.0,1215.0,-0.0474564702630368
20250711,FU2607,2776.0,652.0,733.0,0.0
20250714,FU2508,2898.0,3604.0,5121.0,0.0989696331602045
20250714,FU2509,2922.0,417150.0,221062.0,-0.0328992666659353
20250714,FU2510,2914.0,109584.0,104958.0,-0.0577916493670164
20250714,FU2511,2900.0,18814.0,66922.0,-0.0414508184170506
20250714,FU2512,2890.0,14676.0,49703.0,-0.0291010016169083
20250714,FU2601,2883.0,35655.0,79392.0,-0.0542326666168252
20250714,FU2602,2870.0,471.0,938.0,-0.0586798235303015
20250714,FU2603,2856.0,693.0,1341.0,-0.0547465417017024
20250714,FU2604,2843.0,108.0,504.0,-0.0762176168455019
20250714,FU2605,2825.0,1750.0,4503.0,-0.0553486877998293
20250714,FU2606,2812.0,302.0,1161.0,-0.0641827167431493
20250714,FU2607,2797.0,334.0,650.0,0.0
20250715,FU2508,2804.0,1389.0,5202.0,0.1530849960092513
20250715,FU2509,2840.0,623623.0,253569.0,0.0211081848621554
20250715,FU2510,2845.0,139004.0,114647.0,-0.0337909410189593
20250715,FU2511,2837.0,26606.0,66898.0,-0.0126961746987071
20250715,FU2512,2834.0,23964.0,47763.0,-0.0254327188099477
20250715,FU2601,2828.0,69452.0,78108.0,-0.0212351851556889
20250715,FU2602,2823.0,776.0,902.0,-0.0511182881634894
20250715,FU2603,2811.0,1093.0,1334.0,-0.0384821281149546
20250715,FU2604,2802.0,282.0,525.0,-0.0601074601984532
20250715,FU2605,2788.0,3084.0,4471.0,-0.0344827823487816
20250715,FU2606,2780.0,537.0,1276.0,-0.0475762021646502
20250715,FU2607,2769.0,618.0,864.0,0.0
20250716,FU2508,2847.0,1147.0,4796.0,0.1382938302234496
20250716,FU2509,2880.0,468042.0,229800.0,0.024973994445896
20250716,FU2510,2886.0,123790.0,112425.0,-0.0500000723381513
20250716,FU2511,2874.0,22679.0,66629.0,-0.0418264627012081
20250716,FU2512,2864.0,16205.0,46207.0,-0.0419727605250544
20250716,FU2601,2854.0,36297.0,74656.0,-0.0379014177162046
20250716,FU2602,2845.0,431.0,868.0,-0.0549587009618508
20250716,FU2603,2832.0,777.0,1168.0,-0.055211564393974
20250716,FU2604,2819.0,108.0,535.0,-0.0640229155155819
20250716,FU2605,2804.0,1629.0,4214.0,-0.0514654112666111
20250716,FU2606,2792.0,200.0,1210.0,-0.0473713157795785
20250716,FU2607,2781.0,239.0,853.0,0.0
20250717,FU2508,2827.0,834.0,4709.0,0.1518473688542955
20250717,FU2509,2863.0,375510.0,225217.0,0.0627069881903778
20250717,FU2510,2878.0,127522.0,109787.0,-0.0334029443237564
20250717,FU2511,2870.0,26912.0,67126.0,-0.0460813971762602
20250717,FU2512,2859.0,14844.0,46110.0,-0.0420462938928423
20250717,FU2601,2849.0,40241.0,76589.0,-0.0421941362992454
20250717,FU2602,2839.0,511.0,857.0,-0.0508295853525695
20250717,FU2603,2827.0,1119.0,1192.0,-0.0510458054375955
20250717,FU2604,2815.0,327.0,483.0,-0.0898560090826033
20250717,FU2605,2794.0,2911.0,4683.0,-0.0430262203511626
20250717,FU2606,2784.0,305.0,1266.0,-0.0475077100623873
20250717,FU2607,2773.0,537.0,928.0,0.0
20250718,FU2508,2871.0,1034.0,4326.0,0.1701567503461508
20250718,FU2509,2912.0,652463.0,200032.0,0.0288115384504592
20250718,FU2510,2919.0,147686.0,105798.0,-0.0288115384504578
20250718,FU2511,2912.0,40190.0,62558.0,-0.0702602317137714
20250718,FU2512,2895.0,17198.0,45779.0,-0.0332065241299264
20250718,FU2601,2887.0,81852.0,76638.0,-0.0666899945024539
20250718,FU2602,2871.0,700.0,696.0,-0.0586593346834905
20250718,FU2603,2857.0,1049.0,1127.0,-0.0673922445190216
20250718,FU2604,2841.0,337.0,457.0,-0.0847760502262998
20250718,FU2605,2821.0,3809.0,5350.0,-0.0597016156813661
20250718,FU2606,2807.0,376.0,1187.0,-0.0428265979190729
20250718,FU2607,2797.0,835.0,811.0,0.0
20250721,FU2508,2882.0,887.0,4227.0,0.1736165317224208
20250721,FU2509,2924.0,446506.0,185160.0,0.036878977293382
20250721,FU2510,2933.0,120712.0,106767.0,-0.0574163774800352
20250721,FU2511,2919.0,27156.0,65038.0,-0.0866429756818442
20250721,FU2512,2898.0,10857.0,45855.0,-0.0497926025617377
20250721,FU2601,2886.0,42472.0,81784.0,-0.0583537099884167
20250721,FU2602,2872.0,339.0,714.0,-0.0460492454160551
20250721,FU2603,2861.0,600.0,1123.0,-0.0672977578761482
20250721,FU2604,2845.0,159.0,455.0,-0.0719198345276156
20250721,FU2605,2828.0,2850.0,5534.0,-0.0510277168623646
20250721,FU2606,2816.0,451.0,1254.0,-0.0426894793863211
20250721,FU2607,2806.0,612.0,885.0,0.0
20250722,FU2508,2913.0,872.0,3940.0,0.0452287669228131
20250722,FU2509,2924.0,458152.0,193477.0,0.0123055898666004
20250722,FU2510,2927.0,120678.0,107894.0,-0.0246238116497386
20250722,FU2511,2921.0,26707.0,63791.0,-0.0824462191960437
20250722,FU2512,2901.0,14548.0,45149.0,-0.0289905231596986
20250722,FU2601,2894.0,54689.0,84767.0,-0.0581920087372511
20250722,FU2602,2880.0,277.0,683.0,-0.0375587161071324
20250722,FU2603,2871.0,527.0,1112.0,-0.0586593346834905
20250722,FU2604,2857.0,244.0,461.0,-0.0505086680441013
20250722,FU2605,2845.0,4850.0,5008.0,-0.0337909410189593
20250722,FU2606,2837.0,1190.0,1116.0,-0.0423729253831316
20250722,FU2607,2827.0,1797.0,1207.0,0.0
20250723,FU2508,2834.0,490.0,3798.0,0.1890464443386025
20250723,FU2509,2879.0,633430.0,203417.0,0.0374545128064916
20250723,FU2510,2888.0,173653.0,111064.0,0.0083073731251312
20250723,FU2511,2890.0,34937.0,65356.0,-0.0415944957178354
20250723,FU2512,2880.0,15784.0,44650.0,-0.0166782514686516
20250723,FU2601,2876.0,68683.0,85721.0,-0.0501742891248125
20250723,FU2602,2864.0,577.0,673.0,-0.037768871885108
20250723,FU2603,2855.0,951.0,1213.0,-0.042105306356151
20250723,FU2604,2845.0,345.0,397.0,-0.0507221607589763
20250723,FU2605,2833.0,2399.0,5100.0,-0.0424328589243271
20250723,FU2606,2823.0,440.0,1130.0,-0.0767593235603117
20250723,FU2607,2805.0,1823.0,1746.0,0.0
20250724,FU2508,2831.0,905.0,3306.0,0.2017560660033143
20250724,FU2509,2879.0,527147.0,208945.0,0.0374545128064916
20250724,FU2510,2888.0,151083.0,110674.0,0.0083073731251312
20250724,FU2511,2890.0,34499.0,71496.0,-0.0124632173225131
20250724,FU2512,2887.0,13293.0,46024.0,-0.0041572839494272
20250724,FU2601,2886.0,52743.0,89319.0,-0.0458254332283849
20250724,FU2602,2875.0,373.0,664.0,-0.0334378481769716
20250724,FU2603,2867.0,791.0,1121.0,-0.0419287638311606
20250724,FU2604,2857.0,180.0,398.0,-0.0378615563868802
20250724,FU2605,2848.0,1787.0,5161.0,-0.0422089777425412
20250724,FU2606,2838.0,333.0,1090.0,-0.080608399270505
20250724,FU2607,2819.0,806.0,1736.0,0.0
20250725,FU2508,2883.0,29.0,3293.0,0.1324608137542864
20250725,FU2509,2915.0,536823.0,194080.0,0.0451977935457223
20250725,FU2510,2926.0,164536.0,105659.0,0.0163934451725213
20250725,FU2511,2930.0,37399.0,74178.0,-0.0369167954804637
20250725,FU2512,2921.0,15968.0,47523.0,0.0
20250725,FU2601,2921.0,67792.0,92569.0,-0.0700431173166506
20250725,FU2602,2904.0,248.0,696.0,-0.0455408516226193
20250725,FU2603,2893.0,459.0,1068.0,-0.0415512880527943
20250725,FU2604,2883.0,129.0,389.0,-0.0458732096434483
20250725,FU2605,2872.0,1796.0,5111.0,-0.0586388601396254
20250725,FU2606,2858.0,460.0,1099.0,-0.1011952588702439
20250725,FU2607,2834.0,754.0,1760.0,0.0
20250728,FU2508,2883.0,43.0,3250.0,-0.058414579884449
20250728,FU2509,2869.0,628106.0,200979.0,0.0459210857835226
20250728,FU2510,2880.0,141502.0,103627.0,0.0332871225927026
20250728,FU2511,2888.0,34268.0,76321.0,-0.0249566814389938
20250728,FU2512,2882.0,15856.0,46437.0,-0.0124978313674985
20250728,FU2601,2879.0,67591.0,92109.0,-0.0543081866887045
20250728,FU2602,2866.0,359.0,709.0,-0.0251484548906265
20250728,FU2603,2860.0,487.0,1028.0,-0.0462428317918795
20250728,FU2604,2849.0,249.0,405.0,-0.050650796268683
20250728,FU2605,2837.0,2919.0,5086.0,-0.0338863620874096
20250728,FU2606,2829.0,480.0,1108.0,-0.0936839392762157
20250728,FU2607,2807.0,1084.0,1759.0,0.0
20250729,FU2508,2883.0,0.0,3250.0,0.1406912667518299
20250729,FU2509,2917.0,591508.0,192439.0,0.0164439902402353
20250729,FU2510,2921.0,152256.0,98171.0,0.0164214873385901
20250729,FU2511,2925.0,49397.0,87729.0,-0.0205303728435531
20250729,FU2512,2920.0,16303.0,48082.0,-0.0041102928985522
20250729,FU2601,2919.0,71899.0,96000.0,-0.0535623206866383
20250729,FU2602,2906.0,720.0,970.0,-0.0413650874954541
20250729,FU2603,2896.0,631.0,1119.0,-0.0456668947608852
20250729,FU2604,2885.0,179.0,388.0,-0.0541949852890214
20250729,FU2605,2872.0,3043.0,5110.0,-0.0376635008399964
20250729,FU2606,2863.0,415.0,1094.0,-0.1010177835017268
20250729,FU2607,2839.0,1205.0,1665.0,0.0
20250730,FU2508,2880.0,7.0,3247.0,0.3125605072572083
20250730,FU2509,2956.0,483428.0,167652.0,0.0445720586727519
20250730,FU2510,2967.0,170499.0,96352.0,0.0202054265619358
20250730,FU2511,2972.0,38135.0,91292.0,-0.0161616186045448
20250730,FU2512,2968.0,18329.0,50593.0,-0.0121355142653422
20250730,FU2601,2965.0,72477.0,89780.0,-0.0405405790995276
20250730,FU2602,2955.0,1157.0,972.0,-0.0488301792807089
20250730,FU2603,2943.0,502.0,1090.0,-0.061318477827247
20250730,FU2604,2928.0,182.0,375.0,-0.0657535891755071
20250730,FU2605,2912.0,3241.0,5180.0,-0.0495527201041341
20250730,FU2606,2900.0,493.0,1082.0,-0.0913815423270276
20250730,FU2607,2878.0,773.0,1691.0,0.0
20250731,FU2508,2880.0,60.0,3187.0,0.2188259501695129
20250731,FU2509,2933.0,403993.0,148798.0,0.0652840780539019
20250731,FU2510,2949.0,185899.0,83718.0,0.0487310314357801
20250731,FU2511,2961.0,43392.0,95708.0,-0.0202805524019869
20250731,FU2512,2956.0,21728.0,55002.0,-0.0121848038900361
20250731,FU2601,2953.0,61004.0,87631.0,-0.024406788074735
20250731,FU2602,2947.0,587.0,825.0,-0.0448751160394618
20250731,FU2603,2936.0,579.0,1090.0,-0.0573575690851374
20250731,FU2604,2922.0,219.0,369.0,-0.0535072057853172
20250731,FU2605,2909.0,3086.0,5187.0,-0.0661842422287979
20250731,FU2606,2893.0,307.0,997.0,-0.09578395466962
20250731,FU2607,2870.0,688.0,1686.0,0.0
20250801,FU2509,2916.0,400578.0,134911.0,0.094278879484424
20250801,FU2510,2939.0,152730.0,78040.0,0.0692113877901003
20250801,FU2511,2956.0,41926.0,99878.0,-0.0203148855018358
20250801,FU2512,2951.0,26916.0,54911.0,-0.0203493350443654
20250801,FU2601,2946.0,65934.0,84153.0,-0.028547167243898
20250801,FU2602,2939.0,483.0,846.0,-0.0408998350942063
20250801,FU2603,2929.0,371.0,1031.0,-0.0616123208709996
20250801,FU2604,2914.0,115.0,346.0,-0.0329897114990626
20250801,FU2605,2906.0,2778.0,5127.0,-0.0662527562850045
20250801,FU2606,2890.0,386.0,941.0,-0.1042578234916551
20250801,FU2607,2865.0,489.0,1780.0,-0.050367335224079
20250801,FU2608,2853.0,43.0,31.0,0.0
20250804,FU2509,2846.0,516935.0,141877.0,0.0756569931688623
20250804,FU2510,2864.0,161526.0,81808.0,0.0543460256521392
20250804,FU2511,2877.0,65618.0,99345.0,-0.0083449238411651
20250804,FU2512,2875.0,34529.0,57376.0,-0.0208877337334078
20250804,FU2601,2870.0,112832.0,90051.0,-0.0167364043865959
20250804,FU2602,2866.0,1119.0,1110.0,-0.0167597792606517
20250804,FU2603,2862.0,827.0,1167.0,-0.0377953068347546
20250804,FU2604,2853.0,358.0,364.0,-0.0336960558368237
20250804,FU2605,2845.0,4613.0,5930.0,-0.0422535647829458
20250804,FU2606,2835.0,567.0,968.0,-0.0721742844387226
20250804,FU2607,2818.0,1083.0,1866.0,-0.0127818226180178
20250804,FU2608,2815.0,206.0,183.0,0.0
20250805,FU2509,2842.0,333121.0,137503.0,0.0883439572928284
20250805,FU2510,2863.0,144527.0,80705.0,0.0251221305989956
20250805,FU2511,2869.0,52910.0,102709.0,-0.0418994839086353
20250805,FU2512,2859.0,23978.0,57862.0,-0.0294169294575029
20250805,FU2601,2852.0,88573.0,88332.0,-0.0505974045472176
20250805,FU2602,2840.0,449.0,1055.0,-0.0253789308555117
20250805,FU2603,2834.0,1049.0,1249.0,-0.0169491553601092
20250805,FU2604,2830.0,186.0,380.0,-0.0467339942780491
20250805,FU2605,2819.0,3307.0,6239.0,-0.0127772860341543
20250805,FU2606,2816.0,304.0,976.0,-0.0598078845717688
20250805,FU2607,2802.0,1029.0,1919.0,-0.0171428600583096
20250805,FU2608,2798.0,125.0,258.0,0.0
20250806,FU2509,2835.0,261759.0,135300.0,0.0843588711390977
20250806,FU2510,2855.0,93677.0,83678.0,0.0503321255191103
20250806,FU2511,2867.0,47537.0,103138.0,-0.0083740408143584
20250806,FU2512,2865.0,20491.0,57809.0,-0.0251572419183381
20250806,FU2601,2859.0,64386.0,91696.0,-0.0546889640701698
20250806,FU2602,2846.0,689.0,1037.0,-0.0380081260913557
20250806,FU2603,2837.0,567.0,1308.0,-0.0254057963634207
20250806,FU2604,2831.0,204.0,381.0,-0.0552311118392892
20250806,FU2605,2818.0,3781.0,6987.0,-0.0255772743368398
20250806,FU2606,2812.0,299.0,1047.0,-0.059893172461549
20250806,FU2607,2798.0,1273.0,2180.0,0.0
20250806,FU2608,2798.0,128.0,308.0,0.0
20250807,FU2509,2826.0,326249.0,134066.0,0.0677489449508774
20250807,FU2510,2842.0,154380.0,88717.0,0.0168776399130219
20250807,FU2511,2846.0,64532.0,107698.0,-0.0168776399130205
20250807,FU2512,2842.0,21961.0,60026.0,-0.0169014112446955
20250807,FU2601,2838.0,77036.0,99244.0,-0.0635931535979831
20250807,FU2602,2823.0,1022.0,980.0,-0.0511182881634894
20250807,FU2603,2811.0,1889.0,1625.0,-0.0085409256274582
20250807,FU2604,2809.0,310.0,447.0,-0.0427960510654823
20250807,FU2605,2799.0,6728.0,8569.0,-0.0300483075982851
20250807,FU2606,2792.0,398.0,1124.0,-0.0689657070668155
20250807,FU2607,2776.0,1546.0,2429.0,-0.0302975814687987
20250807,FU2608,2769.0,1095.0,1019.0,0.0
20250808,FU2509,2766.0,325257.0,149091.0,0.0605843335197514
20250808,FU2510,2780.0,151227.0,98334.0,0.0430880175687424
20250808,FU2511,2790.0,66877.0,114101.0,0.0257787424594752
20250808,FU2512,2796.0,29103.0,59649.0,0.0042910781791074
20250808,FU2601,2797.0,100167.0,101564.0,-0.0472864663465051
20250808,FU2602,2786.0,548.0,1027.0,-0.0431499925566701
20250808,FU2603,2776.0,1222.0,1846.0,-0.0302975814687987
20250808,FU2604,2769.0,195.0,434.0,-0.0521173457659816
20250808,FU2605,2757.0,9299.0,10181.0,-0.0523446849619889
20250808,FU2606,2745.0,475.0,1273.0,-0.1097903358430557
20250808,FU2607,2720.0,2768.0,3504.0,-0.0707966655262592
20250808,FU2608,2704.0,1156.0,1490.0,0.0
20250811,FU2509,2760.0,420433.0,150765.0,0.0303962529087635
20250811,FU2510,2767.0,171693.0,106291.0,0.0346445567233077
20250811,FU2511,2775.0,79692.0,117919.0,0.0172848427436258
20250811,FU2512,2779.0,25063.0,61144.0,0.0086330938975322
20250811,FU2601,2781.0,103369.0,112177.0,-0.0388979270900514
20250811,FU2602,2772.0,970.0,1151.0,-0.0433683160866771
20250811,FU2603,2762.0,1663.0,2195.0,-0.0086925030965007
20250811,FU2604,2760.0,413.0,492.0,-0.0566552713910613
20250811,FU2605,2747.0,6804.0,11054.0,-0.017486341892048
20250811,FU2606,2743.0,368.0,1347.0,-0.0966330258522831
20250811,FU2607,2721.0,1209.0,3591.0,-0.0486098989139971
20250811,FU2608,2710.0,585.0,1512.0,0.0
20250812,FU2509,2770.0,227912.0,148959.0,0.0691146619004028
20250812,FU2510,2786.0,114097.0,105374.0,0.0344086257258724
20250812,FU2511,2794.0,51154.0,119758.0,0.0214553963825561
20250812,FU2512,2799.0,18504.0,60754.0,0.0042864797741024
20250812,FU2601,2800.0,71961.0,116625.0,-0.0300375626174217
20250812,FU2602,2793.0,473.0,1053.0,-0.0387305338903978
20250812,FU2603,2784.0,931.0,2208.0,-0.0215711005416785
20250812,FU2604,2779.0,288.0,471.0,-0.0389259667334341
20250812,FU2605,2770.0,3665.0,10962.0,-0.0303632910956122
20250812,FU2606,2763.0,272.0,1318.0,-0.1090718289002681
20250812,FU2607,2738.0,560.0,3586.0,-0.0571115850125963
20250812,FU2608,2725.0,301.0,1512.0,0.0
20250813,FU2509,2730.0,299227.0,144810.0,0.0788611819588142
20250813,FU2510,2748.0,160717.0,111093.0,0.0261723113563217
20250813,FU2511,2754.0,68103.0,122869.0,0.0348078561676477
20250813,FU2512,2762.0,28532.0,62243.0,0.0433683160866764
20250813,FU2601,2772.0,93710.0,126780.0,-0.0216645662744153
20250813,FU2602,2767.0,925.0,1113.0,-0.0173598583621124
20250813,FU2603,2763.0,1186.0,2346.0,-0.0086893559191452
20250813,FU2604,2761.0,369.0,545.0,-0.0435414120669586
20250813,FU2605,2751.0,5960.0,12602.0,-0.0087272731119458
20250813,FU2606,2749.0,389.0,1345.0,-0.0876236094828863
20250813,FU2607,2729.0,671.0,3632.0,-0.0308200499631248
20250813,FU2608,2722.0,464.0,1572.0,0.0
20250814,FU2509,2700.0,267162.0,133285.0,0.0709012402339952
20250814,FU2510,2716.0,167626.0,116820.0,0.0485027300040211
20250814,FU2511,2727.0,58134.0,125494.0,0.0526894370098744
20250814,FU2512,2739.0,22306.0,63195.0,0.0480962567704664
20250814,FU2601,2750.0,75776.0,132864.0,-0.0043644299444549
20250814,FU2602,2749.0,630.0,1148.0,-0.0043660178760684
20250814,FU2603,2748.0,1508.0,2671.0,-0.0131075927833071
20250814,FU2604,2745.0,360.0,559.0,-0.0394089024142786
20250814,FU2605,2736.0,4481.0,13454.0,-0.0263446867612273
20250814,FU2606,2730.0,480.0,1441.0,-0.1103963627810818
20250814,FU2607,2705.0,2245.0,4630.0,-0.008875740049611
20250814,FU2608,2703.0,1082.0,2028.0,0.0
20250815,FU2509,2691.0,232284.0,128629.0,0.0888563852611153
20250815,FU2510,2711.0,144374.0,117464.0,0.048592004552951
20250815,FU2511,2722.0,58251.0,124675.0,0.0527860088698029
20250815,FU2512,2734.0,22179.0,63481.0,0.0525548285282581
20250815,FU2601,2746.0,87126.0,131876.0,0.0
20250815,FU2602,2746.0,705.0,1131.0,0.0087368041718829
20250815,FU2603,2748.0,672.0,2688.0,-0.0043676069635925
20250815,FU2604,2747.0,211.0,522.0,-0.0262390775098569
20250815,FU2605,2741.0,2447.0,13960.0,-0.0219098107241361
20250815,FU2606,2736.0,202.0,1424.0,-0.0968812601715196
20250815,FU2607,2714.0,486.0,4657.0,-0.0132718907537867
20250815,FU2608,2711.0,354.0,2004.0,0.0
20250818,FU2509,2713.0,235995.0,112039.0,0.0793537057772787
20250818,FU2510,2731.0,199693.0,108365.0,0.0131747497222783
20250818,FU2511,2734.0,75975.0,126274.0,0.0131603010814105
20250818,FU2512,2737.0,30027.0,62794.0,0.0087655226687883
20250818,FU2601,2739.0,148211.0,143253.0,0.0
20250818,FU2602,2739.0,795.0,1146.0,-0.0043819609762072
20250818,FU2603,2738.0,1349.0,2545.0,0.0087623224046602
20250818,FU2604,2740.0,221.0,535.0,-0.0219178143124115
20250818,FU2605,2735.0,5658.0,14448.0,-0.0131699299848112
20250818,FU2606,2732.0,237.0,1388.0,-0.0793245635503942
20250818,FU2607,2714.0,1001.0,4695.0,-0.0176991182528144
20250818,FU2608,2710.0,726.0,2333.0,0.0
20250819,FU2509,2686.0,168082.0,94977.0,0.0934549503734204
20250819,FU2510,2707.0,177808.0,111798.0,0.0088626296495276
20250819,FU2511,2709.0,59290.0,126874.0,0.0132816837022925
20250819,FU2512,2712.0,21498.0,62878.0,0.0044239631837459
20250819,FU2601,2713.0,113486.0,152450.0,0.0044223328305914
20250819,FU2602,2714.0,379.0,1180.0,0.0176730517952935
20250819,FU2603,2718.0,628.0,2509.0,0.0088267749474469
20250819,FU2604,2720.0,151.0,535.0,-0.0309221595733349
20250819,FU2605,2713.0,3099.0,14858.0,-0.0088495579231951
20250819,FU2606,2711.0,121.0,1388.0,-0.0710323938668153
20250819,FU2607,2695.0,883.0,4824.0,-0.0267459248907945
20250819,FU2608,2689.0,1139.0,2866.0,0.0
20250820,FU2509,2687.0,94062.0,70485.0,0.1376518331471723
20250820,FU2510,2718.0,313781.0,122738.0,0.0
20250820,FU2511,2718.0,77805.0,125919.0,0.0
20250820,FU2512,2718.0,29287.0,62348.0,0.0044141990565798
20250820,FU2601,2719.0,143257.0,163684.0,-0.0088300224734761
20250820,FU2602,2717.0,397.0,1160.0,0.0088300224734755
20250820,FU2603,2719.0,828.0,2610.0,-0.0044141990565805
20250820,FU2604,2718.0,305.0,531.0,-0.0265193478096341
20250820,FU2605,2712.0,4113.0,14705.0,0.0
20250820,FU2606,2712.0,233.0,1388.0,-0.0843666749842473
20250820,FU2607,2693.0,1081.0,4784.0,-0.0401711366403181
20250820,FU2608,2684.0,1006.0,3017.0,0.0
20250821,FU2509,2698.0,48163.0,48523.0,0.1502782070757548
20250821,FU2510,2732.0,348236.0,128858.0,0.01316992998481
20250821,FU2511,2735.0,84450.0,122663.0,0.0043867666363128
20250821,FU2512,2736.0,28384.0,60566.0,0.0
20250821,FU2601,2736.0,167441.0,163414.0,-0.0131651137724771
20250821,FU2602,2733.0,603.0,1156.0,-0.0087847734523566
20250821,FU2603,2731.0,635.0,2618.0,0.0131747497222783
20250821,FU2604,2734.0,279.0,545.0,-0.0131747497222784
20250821,FU2605,2731.0,3102.0,14622.0,-0.0263929725163267
20250821,FU2606,2725.0,227.0,1364.0,-0.0750968767821459
20250821,FU2607,2708.0,570.0,4792.0,-0.0488437307092278
20250821,FU2608,2697.0,791.0,3202.0,0.0
20250822,FU2509,2736.0,112909.0,18283.0,0.1871298120007516
20250822,FU2510,2779.0,630335.0,125789.0,-0.0216099464127213
20250822,FU2511,2774.0,186088.0,121909.0,-0.0129846721415821
20250822,FU2512,2771.0,41572.0,58539.0,-0.008664260304199
20250822,FU2601,2769.0,273932.0,156184.0,-0.0173473105743206
20250822,FU2602,2765.0,1544.0,1297.0,-0.0260680768697894
20250822,FU2603,2759.0,1401.0,2663.0,-0.013055305004843
20250822,FU2604,2756.0,306.0,549.0,-0.0348837454957112
20250822,FU2605,2748.0,12099.0,15278.0,-0.0349854475214882
20250822,FU2606,2740.0,294.0,1294.0,-0.0835015271864348
20250822,FU2607,2721.0,1602.0,4705.0,-0.0619013900273411
20250822,FU2608,2707.0,1928.0,3305.0,0.0
20250825,FU2509,2845.0,20173.0,9306.0,0.2587026479813347
20250825,FU2510,2907.0,842236.0,131409.0,-0.1161433193604007
20250825,FU2511,2879.0,224498.0,107102.0,-0.10465791090473
20250825,FU2512,2854.0,47715.0,64937.0,-0.0970981550985849
20250825,FU2601,2831.0,393037.0,156145.0,-0.0680129344573062
20250825,FU2602,2815.0,4185.0,2095.0,-0.0384273589366143
20250825,FU2603,2806.0,3887.0,3387.0,-0.0342612652437576
20250825,FU2604,2798.0,382.0,516.0,-0.0343593649201814
20250825,FU2605,2790.0,25925.0,19095.0,-0.0474053408748911
20250825,FU2606,2779.0,464.0,1221.0,-0.1127990951987565
20250825,FU2607,2753.0,2135.0,4815.0,-0.0874958305744718
20250825,FU2608,2733.0,2106.0,3387.0,0.0
20250826,FU2509,2827.0,6036.0,7458.0,0.2228905852368156
20250826,FU2510,2880.0,375796.0,97383.0,-0.0710432163825191
20250826,FU2511,2863.0,138983.0,74273.0,-0.0546123820250256
20250826,FU2512,2850.0,29957.0,65236.0,-0.0337315752678037
20250826,FU2601,2842.0,227702.0,154570.0,-0.0635034115614674
20250826,FU2602,2827.0,8840.0,7562.0,-0.0425230778066133
20250826,FU2603,2817.0,1463.0,3379.0,-0.0298560665829734
20250826,FU2604,2810.0,269.0,474.0,-0.0470672737480546
20250826,FU2605,2799.0,22093.0,17616.0,-0.0601720458488294
20250826,FU2606,2785.0,177.0,1173.0,-0.1125549377291795
20250826,FU2607,2759.0,1270.0,4919.0,-0.0960703821192847
20250826,FU2608,2737.0,733.0,3325.0,0.0
20250827,FU2509,2763.0,6705.0,3694.0,0.2492926329429571
20250827,FU2510,2821.0,361054.0,82271.0,-0.0255500451384658
20250827,FU2511,2815.0,124405.0,50170.0,-0.0598291837641866
20250827,FU2512,2801.0,30176.0,65718.0,-0.0472188053363671
20250827,FU2601,2790.0,238661.0,156764.0,-0.0560446501033418
20250827,FU2602,2777.0,11703.0,15138.0,-0.0432900902384833
20250827,FU2603,2767.0,2485.0,3772.0,-0.021703749812262
20250827,FU2604,2762.0,355.0,524.0,-0.0609801675239701
20250827,FU2605,2748.0,19327.0,19572.0,-0.0306066844734501
20250827,FU2606,2741.0,292.0,1185.0,-0.0878802902344737
20250827,FU2607,2721.0,1188.0,4893.0,-0.0840866431572262
20250827,FU2608,2702.0,1461.0,3739.0,0.0
20250828,FU2509,2760.0,713.0,3592.0,0.270833634507524
20250828,FU2510,2823.0,264818.0,79372.0,-0.0425834371635893
20250828,FU2511,2813.0,75134.0,43060.0,-0.0598718276928403
20250828,FU2512,2799.0,26010.0,66610.0,-0.0257510828433212
20250828,FU2601,2793.0,164351.0,156332.0,-0.0689409436605271
20250828,FU2602,2777.0,10349.0,21451.0,-0.0432900902384833
20250828,FU2603,2767.0,960.0,3687.0,-0.0173598583621124
20250828,FU2604,2763.0,377.0,516.0,-0.0565936111535947
20250828,FU2605,2750.0,20085.0,20899.0,-0.0218380406038317
20250828,FU2606,2745.0,195.0,1214.0,-0.1097903358430557
20250828,FU2607,2720.0,1000.0,4736.0,-0.0574904361089016
20250828,FU2608,2707.0,612.0,3745.0,0.0
20250829,FU2509,2735.0,78.0,3579.0,0.4689609128045983
20250829,FU2510,2844.0,228365.0,68312.0,-0.0338028392533605
20250829,FU2511,2836.0,66101.0,37742.0,-0.055133512782346
20250829,FU2512,2823.0,28313.0,67229.0,-0.0468501038752054
20250829,FU2601,2812.0,193221.0,164913.0,-0.059893172461549
20250829,FU2602,2798.0,10648.0,27486.0,-0.0472695329217395
20250829,FU2603,2787.0,1016.0,3804.0,-0.0215478599827195
20250829,FU2604,2782.0,409.0,540.0,-0.0388839224113224
20250829,FU2605,2773.0,6448.0,21139.0,-0.0303304006928941
20250829,FU2606,2766.0,329.0,1299.0,-0.0870831107614461
20250829,FU2607,2746.0,660.0,4741.0,-0.052554828528258
20250829,FU2608,2734.0,1041.0,3792.0,0.0
20250901,FU2510,2832.0,225716.0,57599.0,0.0211677599428926
20250901,FU2511,2837.0,68717.0,38165.0,-0.0338863620874096
20250901,FU2512,2829.0,35416.0,64423.0,-0.0212276722612141
20250901,FU2601,2824.0,243506.0,181648.0,-0.0511001481909263
20250901,FU2602,2812.0,12395.0,33144.0,-0.0727664080962713
20250901,FU2603,2795.0,1370.0,3566.0,-0.0171858246345282
20250901,FU2604,2791.0,278.0,552.0,-0.038758332635207
20250901,FU2605,2782.0,8088.0,19625.0,-0.0215866221190638
20250901,FU2606,2777.0,118.0,1271.0,-0.0910902620790048
20250901,FU2607,2756.0,1528.0,4800.0,-0.0305177276196416
20250901,FU2608,2749.0,1301.0,3892.0,-0.0524973494947995
20250901,FU2609,2737.0,254.0,164.0,0.0
20250902,FU2510,2852.0,113339.0,42759.0,0.0336134673565412
20250902,FU2511,2860.0,39708.0,38088.0,-0.0420315666144253
20250902,FU2512,2850.0,35126.0,66380.0,-0.0126382318159044
20250902,FU2601,2847.0,296288.0,193266.0,-0.0464543955122326
20250902,FU2602,2836.0,18805.0,37620.0,-0.0636381198002625
20250902,FU2603,2821.0,1466.0,3632.0,-0.0212879246887592
20250902,FU2604,2816.0,156.0,496.0,-0.0384136909926061
20250902,FU2605,2807.0,11504.0,17621.0,-0.0471176760981793
20250902,FU2606,2796.0,172.0,1219.0,-0.086145380724069
20250902,FU2607,2776.0,1199.0,4716.0,-0.0346320586696198
20250902,FU2608,2768.0,1856.0,4199.0,-0.0782895129233188
20250902,FU2609,2750.0,452.0,440.0,0.0
20250903,FU2510,2837.0,89549.0,39092.0,0.0548620614461391
20250903,FU2511,2850.0,36834.0,38944.0,-0.0252897880747763
20250903,FU2512,2844.0,37892.0,66117.0,-0.0168895172145566
20250903,FU2601,2840.0,366494.0,197165.0,-0.0550556815399371
20250903,FU2602,2827.0,17387.0,38898.0,-0.0681094414447009
20250903,FU2603,2811.0,1490.0,3635.0,-0.0128136691299612
20250903,FU2604,2808.0,125.0,485.0,-0.0471008633249035
20250903,FU2605,2797.0,6651.0,17456.0,-0.0429799886401378
20250903,FU2606,2787.0,113.0,1192.0,-0.0734211396067682
20250903,FU2607,2770.0,598.0,4788.0,-0.0260209715258843
20250903,FU2608,2764.0,605.0,4127.0,-0.09589589718361
20250903,FU2609,2742.0,441.0,657.0,0.0
20250904,FU2510,2776.0,76003.0,36238.0,0.0215943912872367
20250904,FU2511,2781.0,35961.0,39575.0,-0.064900104111136
20250904,FU2512,2766.0,49607.0,68075.0,-0.0260586421620935
20250904,FU2601,2760.0,535358.0,199782.0,-0.0435572166069446
20250904,FU2602,2750.0,23507.0,40915.0,-0.0437158953420131
20250904,FU2603,2740.0,3422.0,3969.0,-0.0219178143124115
20250904,FU2604,2735.0,399.0,457.0,-0.0615837128740228
20250904,FU2605,2721.0,13266.0,17871.0,-0.0088235298093073
20250904,FU2606,2719.0,464.0,1386.0,-0.0353591416056616
20250904,FU2607,2711.0,1105.0,4857.0,-0.0044272274990267
20250904,FU2608,2710.0,947.0,4326.0,-0.0710586828412478
20250904,FU2609,2694.0,904.0,1294.0,0.0
20250905,FU2510,2807.0,66976.0,28823.0,-0.0385370536374717
20250905,FU2511,2798.0,47305.0,31907.0,-0.1163593243493771
20250905,FU2512,2771.0,34735.0,68214.0,-0.0520796477483082
20250905,FU2601,2759.0,360793.0,199480.0,-0.0523066574641466
20250905,FU2602,2747.0,21520.0,42395.0,-0.0437637246551379
20250905,FU2603,2737.0,1935.0,3964.0,-0.0307298503400844
20250905,FU2604,2730.0,151.0,459.0,-0.0484493225584162
20250905,FU2605,2719.0,7451.0,18101.0,0.0
20250905,FU2606,2719.0,232.0,1407.0,-0.0442152305685071
20250905,FU2607,2709.0,733.0,4951.0,-0.0044304966351543
20250905,FU2608,2708.0,564.0,4414.0,-0.0577458082688163
20250905,FU2609,2695.0,425.0,1455.0,0.0
20250908,FU2510,2803.0,46000.0,25256.0,-0.0128502600179157
20250908,FU2511,2800.0,35070.0,31086.0,-0.0860218737433501
20250908,FU2512,2780.0,44181.0,65616.0,-0.0562467227730823
20250908,FU2601,2767.0,479192.0,201609.0,-0.0739534695157074
20250908,FU2602,2750.0,26039.0,42883.0,-0.0437158953420131
20250908,FU2603,2740.0,3118.0,3860.0,-0.0263061851786525
20250908,FU2604,2734.0,337.0,457.0,-0.0571953420077827
20250908,FU2605,2721.0,12800.0,18961.0,-0.0220710012559141
20250908,FU2606,2716.0,640.0,1372.0,-0.048699568776058
20250908,FU2607,2705.0,3262.0,5966.0,-0.0310938541545683
20250908,FU2608,2698.0,1960.0,4968.0,-0.0848060066771093
20250908,FU2609,2679.0,2528.0,2801.0,0.0
20250909,FU2510,2789.0,31951.0,20279.0,0.0043018462550681
20250909,FU2511,2790.0,26398.0,27717.0,-0.0474053408748911
20250909,FU2512,2779.0,32292.0,64600.0,-0.0562670102136022
20250909,FU2601,2766.0,367792.0,200611.0,-0.0652530156015479
20250909,FU2602,2751.0,18231.0,43906.0,-0.0480787385095029
20250909,FU2603,2740.0,2050.0,4244.0,-0.013145884097242
20250909,FU2604,2737.0,164.0,448.0,-0.0571325012553131
20250909,FU2605,2724.0,5564.0,18461.0,-0.0308766941166625
20250909,FU2606,2717.0,179.0,1317.0,-0.0442478377445592
20250909,FU2607,2707.0,805.0,5942.0,-0.0266272298602276
20250909,FU2608,2701.0,520.0,4860.0,-0.1026219304979729
20250909,FU2609,2678.0,476.0,2740.0,0.0
20250910,FU2510,2827.0,31165.0,17171.0,-0.0212427033699719
20250910,FU2511,2822.0,31603.0,26984.0,-0.0896322858318098
20250910,FU2512,2801.0,39916.0,62588.0,-0.06443545104429
20250910,FU2601,2786.0,465168.0,196478.0,-0.0691146619004012
20250910,FU2602,2770.0,19161.0,44416.0,-0.0477482995691765
20250910,FU2603,2759.0,2736.0,4548.0,-0.0304845019686219
20250910,FU2604,2752.0,179.0,388.0,-0.0480612330053816
20250910,FU2605,2741.0,7634.0,18255.0,-0.0219098107241361
20250910,FU2606,2736.0,136.0,1269.0,-0.0527473376764573
20250910,FU2607,2724.0,1232.0,5712.0,-0.0308766941166625
20250910,FU2608,2717.0,1002.0,4818.0,-0.088659435439413
20250910,FU2609,2697.0,565.0,2764.0,0.0
20250911,FU2510,2838.0,16974.0,14839.0,-0.0211602946736567
20250911,FU2511,2833.0,17303.0,26995.0,-0.0807511458741868
20250911,FU2512,2814.0,39195.0,63268.0,-0.0512821293285846
20250911,FU2601,2802.0,375743.0,202394.0,-0.0515022249784923
20250911,FU2602,2790.0,17147.0,44732.0,-0.0690152872876125
20250911,FU2603,2774.0,1810.0,4536.0,-0.0173160203207125
20250911,FU2604,2770.0,128.0,381.0,-0.0695150387134079
20250911,FU2605,2754.0,6107.0,17858.0,-0.0261723113563227
20250911,FU2606,2748.0,100.0,1265.0,-0.078861181958814
20250911,FU2607,2730.0,722.0,5691.0,-0.0308087460629497
20250911,FU2608,2723.0,349.0,4777.0,-0.0929036898433847
20250911,FU2609,2702.0,364.0,2819.0,0.0
20250912,FU2510,2762.0,13968.0,13868.0,-0.0609801675239701
20250912,FU2511,2748.0,18576.0,24861.0,-0.0832575916068181
20250912,FU2512,2729.0,49398.0,62607.0,-0.0528829353838881
20250912,FU2601,2717.0,551495.0,230467.0,-0.0353852080950309
20250912,FU2602,2709.0,31846.0,45174.0,-0.0132964002523407
20250912,FU2603,2706.0,3320.0,4751.0,-0.0221934592574131
20250912,FU2604,2701.0,239.0,448.0,-0.0355951317721996
20250912,FU2605,2693.0,13108.0,19109.0,-0.0044568245637661
20250912,FU2606,2692.0,311.0,1412.0,-0.0536114071165925
20250912,FU2607,2680.0,1508.0,5979.0,-0.004478447523523
20250912,FU2608,2679.0,1048.0,5162.0,-0.0628743953359654
20250912,FU2609,2665.0,1439.0,3361.0,0.0
20250915,FU2510,2819.0,12316.0,10845.0,0.0340063989537325
20250915,FU2511,2827.0,20969.0,24638.0,-0.0595745904448025
20250915,FU2512,2813.0,57677.0,59269.0,-0.0598718276928403
20250915,FU2601,2799.0,681909.0,222030.0,-0.0817353939692495
20250915,FU2602,2780.0,40792.0,45259.0,-0.0302539328268571
20250915,FU2603,2773.0,3487.0,4721.0,-0.0346695799121145
20250915,FU2604,2765.0,531.0,474.0,-0.0565525788384112
20250915,FU2605,2752.0,14797.0,18221.0,-0.0480612330053816
20250915,FU2606,2741.0,378.0,1394.0,-0.0526509071333674
20250915,FU2607,2729.0,1724.0,5510.0,-0.0264123364149468
20250915,FU2608,2723.0,1062.0,4711.0,-0.0929036898433847
20250915,FU2609,2702.0,1400.0,3332.0,0.0
20250916,FU2510,2832.0,6251.0,9291.0,-0.0127186021445189
20250916,FU2511,2829.0,14259.0,24475.0,-0.0765960047404239
20250916,FU2512,2811.0,34808.0,59429.0,-0.0684982238079882
20250916,FU2601,2795.0,419674.0,213606.0,-0.0775307793887998
20250916,FU2602,2777.0,31341.0,45786.0,-0.038954046830872
20250916,FU2603,2768.0,1487.0,4690.0,-0.0260397932198736
20250916,FU2604,2762.0,125.0,474.0,-0.047886876535954
20250916,FU2605,2751.0,9179.0,17219.0,-0.0480787385095029
20250916,FU2606,2740.0,71.0,1368.0,-0.0482721440853289
20250916,FU2607,2729.0,341.0,5483.0,-0.0396403370195454
20250916,FU2608,2720.0,253.0,4638.0,-0.0885612875714704
20250916,FU2609,2700.0,551.0,3323.0,0.0
20250917,FU2510,2849.0,6438.0,7899.0,0.0504379026264232
20250917,FU2511,2861.0,15216.0,24627.0,-0.0672977578761482
20250917,FU2512,2845.0,44389.0,60469.0,-0.0591967373823807
20250917,FU2601,2831.0,465769.0,222431.0,-0.0765417194645129
20250917,FU2602,2813.0,28834.0,47138.0,-0.0427350879008223
20250917,FU2603,2803.0,2169.0,4914.0,-0.0171367397920165
20250917,FU2604,2799.0,179.0,459.0,-0.051557544402064
20250917,FU2605,2787.0,10962.0,17325.0,-0.0517800156169601
20250917,FU2606,2775.0,293.0,1231.0,-0.0780913818808582
20250917,FU2607,2757.0,1019.0,5280.0,-0.0436046991422744
20250917,FU2608,2747.0,542.0,4562.0,-0.1097100346063497
20250917,FU2609,2722.0,925.0,3237.0,0.0
20250918,FU2510,2807.0,5069.0,7314.0,0.0851973759804938
20250918,FU2511,2827.0,14880.0,23544.0,-0.0638412571564178
20250918,FU2512,2812.0,42402.0,59477.0,-0.059893172461549
20250918,FU2601,2798.0,406818.0,215186.0,-0.0860835829336487
20250918,FU2602,2778.0,28442.0,47981.0,-0.0389400017199262
20250918,FU2603,2769.0,2287.0,4785.0,-0.0173473105743206
20250918,FU2604,2765.0,206.0,484.0,-0.0478348160140197
20250918,FU2605,2754.0,6737.0,17252.0,-0.048026260211963
20250918,FU2606,2743.0,162.0,1229.0,-0.0746025441735042
20250918,FU2607,2726.0,488.0,5267.0,-0.0264414355972189
20250918,FU2608,2720.0,276.0,4525.0,-0.0974534702681013
20250918,FU2609,2698.0,1041.0,3179.0,0.0
20250919,FU2510,2819.0,4372.0,7053.0,0.0467339942780494
20250919,FU2511,2830.0,13935.0,23926.0,-0.0765688524807331
20250919,FU2512,2812.0,48148.0,60772.0,-0.068473794922256
20250919,FU2601,2796.0,576938.0,221850.0,-0.0947940297470874
20250919,FU2602,2774.0,30242.0,49972.0,-0.0389962430201003
20250919,FU2603,2765.0,4905.0,5841.0,-0.0130269598463724
20250919,FU2604,2762.0,206.0,482.0,-0.0348078561676468
20250919,FU2605,2754.0,14964.0,19352.0,-0.048026260211963
20250919,FU2606,2743.0,276.0,1255.0,-0.0878159791661234
20250919,FU2607,2723.0,2495.0,5234.0,-0.0264705989689419
20250919,FU2608,2717.0,906.0,4147.0,-0.0797639569001169
20250919,FU2609,2699.0,1768.0,3015.0,0.0
20251027,FU2511,3012.0,465.0,4998.0,-0.5498007968127485
20251027,FU2512,2874.0,4768.0,8683.0,-0.0015012549553142
20251027,FU2601,2842.0,519646.0,239603.0,-0.0928923293455308
20251027,FU2602,2820.0,81723.0,95446.0,-0.0936170212765952
20251027,FU2603,2798.0,31125.0,55547.0,-0.0471765546819158
20251027,FU2604,2787.0,7304.0,5962.0,-0.064585575888052
20251027,FU2605,2772.0,20468.0,33452.0,-0.0865800865800867
20251027,FU2606,2752.0,575.0,1306.0,-0.0872093023255815
20251027,FU2607,2732.0,3708.0,6301.0,-0.1449487554904829
20251027,FU2608,2699.0,976.0,3748.0,-0.0711374583178949
20251027,FU2609,2683.0,5930.0,8104.0,-0.0626164740961616
20251027,FU2610,2669.0,1079.0,1940.0,0.0
20251028,FU2511,2970.0,168.0,4852.0,-0.4888888888888889
20251028,FU2512,2849.0,4939.0,6754.0,-0.001467102590698
20251028,FU2601,2818.0,442815.0,231558.0,-0.1064584811923343
20251028,FU2602,2793.0,95641.0,101966.0,-0.0687432867884001
20251028,FU2603,2777.0,27314.0,57333.0,-0.0432120993878282
20251028,FU2604,2767.0,7342.0,10398.0,-0.0477050957715934
20251028,FU2605,2756.0,15604.0,35576.0,-0.0696661828737297
20251028,FU2606,2740.0,380.0,1267.0,-0.0832116788321162
20251028,FU2607,2721.0,2107.0,5500.0,-0.1367144432194047
20251028,FU2608,2690.0,451.0,3754.0,-0.0669144981412634
20251028,FU2609,2675.0,2616.0,7713.0,-0.0583177570093451
20251028,FU2610,2662.0,693.0,1775.0,0.0
20251029,FU2511,2968.0,3.0,4849.0,-0.5700808625336928
20251029,FU2512,2827.0,4074.0,5932.0,-0.0014785197314817
20251029,FU2601,2796.0,468961.0,209122.0,-0.0901287553648066
20251029,FU2602,2775.0,105492.0,104078.0,-0.047567567567567
20251029,FU2603,2764.0,27282.0,60971.0,-0.0390738060781474
20251029,FU2604,2755.0,11562.0,17036.0,-0.0479128856624324
20251029,FU2605,2744.0,15570.0,37125.0,-0.0524781341107876
20251029,FU2606,2732.0,281.0,1284.0,-0.0702781844802342
20251029,FU2607,2716.0,883.0,5569.0,-0.1413843888070687
20251029,FU2608,2684.0,282.0,3727.0,-0.0536512667660211
20251029,FU2609,2672.0,1758.0,7810.0,-0.0583832335329335
20251029,FU2610,2659.0,543.0,1773.0,0.0
20251030,FU2511,2968.0,18.0,4831.0,-0.8005390835579518
20251030,FU2512,2770.0,3684.0,6046.0,-0.000924836733866
20251030,FU2601,2751.0,572342.0,203077.0,-0.0654307524536537
20251030,FU2602,2736.0,105272.0,100605.0,-0.0219298245614041
20251030,FU2603,2731.0,38247.0,60976.0,-0.0439399487367264
20251030,FU2604,2721.0,11020.0,23759.0,-0.0352811466372657
20251030,FU2605,2713.0,21971.0,36143.0,-0.0309620346479917
20251030,FU2606,2706.0,375.0,1303.0,-0.0576496674057644
20251030,FU2607,2693.0,1453.0,5586.0,-0.1113999257333828
20251030,FU2608,2668.0,481.0,3731.0,-0.0494752623688157
20251030,FU2609,2657.0,2499.0,7816.0,-0.054196462175386
20251030,FU2610,2645.0,642.0,1855.0,0.0
20251031,FU2511,2700.0,186.0,4646.0,0.2755555555555569
20251031,FU2512,2762.0,1311.0,5757.0,-0.0008298822706229
20251031,FU2601,2745.0,340412.0,192213.0,-0.0480874316939887
20251031,FU2602,2734.0,72345.0,100970.0,-0.0307242136064371
20251031,FU2603,2727.0,19758.0,61570.0,-0.0264026402640258
20251031,FU2604,2721.0,8413.0,27912.0,-0.0396912899669241
20251031,FU2605,2712.0,9102.0,36767.0,-0.0398230088495572
20251031,FU2606,2703.0,106.0,1294.0,-0.0488346281908986
20251031,FU2607,2692.0,595.0,5655.0,-0.1248142644873695
20251031,FU2608,2664.0,105.0,3724.0,-0.0495495495495492
20251031,FU2609,2653.0,1345.0,7944.0,-0.0497549943460229
20251031,FU2610,2642.0,422.0,1966.0,0.0
20251103,FU2512,2796.0,2170.0,5603.0,-0.0002893378984424
20251103,FU2601,2790.0,613092.0,184538.0,-0.0688172043010748
20251103,FU2602,2774.0,101525.0,101352.0,-0.0173035328046142
20251103,FU2603,2770.0,36404.0,60388.0,-0.0389891696750908
20251103,FU2604,2761.0,8537.0,31427.0,-0.0260775081492212
20251103,FU2605,2755.0,21135.0,37440.0,-0.069691470054447
20251103,FU2606,2739.0,300.0,1259.0,-0.0657174151150048
20251103,FU2607,2724.0,734.0,5663.0,-0.123348017621145
20251103,FU2608,2696.0,279.0,3735.0,-0.0578635014836796
20251103,FU2609,2683.0,2594.0,7946.0,-0.0849795005590752
20251103,FU2610,2664.0,723.0,1939.0,-0.045045045045045
20251103,FU2611,2654.0,184.0,105.0,0.0
20251104,FU2512,2746.0,1601.0,5358.0,0.0008838187516878
20251104,FU2601,2764.0,397743.0,181050.0,-0.0434153400868306
20251104,FU2602,2754.0,95148.0,101428.0,-0.0174291938997823
20251104,FU2603,2750.0,23727.0,60622.0,-0.0305454545454542
20251104,FU2604,2743.0,8786.0,33773.0,-0.0481224936201245
20251104,FU2605,2732.0,14430.0,36670.0,-0.0351390922401164
20251104,FU2606,2724.0,205.0,1270.0,-0.0660792951541848
20251104,FU2607,2709.0,423.0,5660.0,-0.1240310077519377
20251104,FU2608,2681.0,110.0,3732.0,-0.0447594181275645
20251104,FU2609,2671.0,1730.0,8190.0,-0.0628977910894792
20251104,FU2610,2657.0,547.0,1942.0,-0.0316146029356412
20251104,FU2611,2650.0,85.0,158.0,0.0
20251105,FU2512,2722.0,1728.0,5021.0,0.0010402133262885
20251105,FU2601,2743.0,456878.0,183463.0,-0.0174990885891359
20251105,FU2602,2739.0,89286.0,99180.0,-0.0131434830230015
20251105,FU2603,2736.0,22970.0,61241.0,-0.0131578947368424
20251105,FU2604,2733.0,7514.0,35759.0,-0.0351262349066958
20251105,FU2605,2725.0,17054.0,37827.0,-0.0440366972477064
20251105,FU2606,2715.0,269.0,1283.0,-0.0574585635359117
20251105,FU2607,2702.0,1255.0,6138.0,-0.124352331606218
20251105,FU2608,2674.0,281.0,3735.0,-0.0403889304412858
20251105,FU2609,2665.0,2122.0,8631.0,-0.0675422138836778
20251105,FU2610,2650.0,779.0,2064.0,-0.0362264150943398
20251105,FU2611,2642.0,161.0,230.0,0.0
20251106,FU2512,2714.0,652.0,4980.0,0.0006955196939713
20251106,FU2601,2728.0,324920.0,189390.0,-0.0483870967741935
20251106,FU2602,2717.0,86676.0,100474.0,-0.0132499079867498
20251106,FU2603,2714.0,22862.0,60817.0,-0.0088430361090634
20251106,FU2604,2712.0,7379.0,36445.0,-0.0044247787610625
20251106,FU2605,2711.0,17040.0,41266.0,-0.0442641091848026
20251106,FU2606,2701.0,240.0,1300.0,-0.0355423917067749
20251106,FU2607,2693.0,1878.0,7035.0,-0.1024879316747116
20251106,FU2608,2670.0,220.0,3751.0,-0.0494382022471908
20251106,FU2609,2659.0,2218.0,9212.0,-0.081233546446032
20251106,FU2610,2641.0,641.0,2290.0,-0.0363498674744411
20251106,FU2611,2633.0,154.0,313.0,0.0
20251107,FU2512,2686.0,1029.0,4896.0,0.0004517807691985
20251107,FU2601,2695.0,522055.0,202923.0,-0.0178107606679041
20251107,FU2602,2691.0,111122.0,109196.0,0.0356744704570797
20251107,FU2603,2699.0,31262.0,63061.0,0.0088921822897365
20251107,FU2604,2701.0,8557.0,37221.0,-0.0088855979266937
20251107,FU2605,2699.0,40750.0,48930.0,-0.0400148203038157
20251107,FU2606,2690.0,239.0,1296.0,-0.0267657992565051
20251107,FU2607,2684.0,3532.0,8219.0,-0.098360655737705
20251107,FU2608,2662.0,318.0,3764.0,-0.0405709992486857
20251107,FU2609,2653.0,6278.0,10823.0,-0.0949868073878628
20251107,FU2610,2632.0,1062.0,2689.0,-0.0091185410334349
20251107,FU2611,2630.0,190.0,407.0,0.0
20251110,FU2512,2688.0,1273.0,4994.0,0.0002508025682183
20251110,FU2601,2693.0,425500.0,200770.0,-0.0222799851466768
20251110,FU2602,2688.0,85012.0,110263.0,0.0312500000000008
20251110,FU2603,2695.0,22686.0,63976.0,0.013358070500927
20251110,FU2604,2698.0,10071.0,37698.0,-0.0133432171979248
20251110,FU2605,2695.0,23574.0,49128.0,-0.0311688311688311
20251110,FU2606,2688.0,176.0,1289.0,-0.0357142857142855
20251110,FU2607,2680.0,1917.0,8758.0,-0.0985074626865665
20251110,FU2608,2658.0,306.0,3753.0,-0.027088036117381
20251110,FU2609,2652.0,4059.0,11881.0,-0.1085972850678729
20251110,FU2610,2628.0,595.0,2853.0,-0.0091324200913245
20251110,FU2611,2626.0,171.0,494.0,0.0
20251111,FU2512,2655.0,543.0,4912.0,0.0008125436424807
20251111,FU2601,2671.0,311517.0,204994.0,-0.0089853987270682
20251111,FU2602,2669.0,72336.0,113618.0,0.0359685275384045
20251111,FU2603,2677.0,17004.0,64921.0,0.0089652596189777
20251111,FU2604,2679.0,7376.0,38985.0,0.0089585666293405
20251111,FU2605,2681.0,15341.0,50054.0,-0.049235359940321
20251111,FU2606,2670.0,70.0,1291.0,-0.0134831460674162
20251111,FU2607,2667.0,844.0,9014.0,-0.0989876265466818
20251111,FU2608,2645.0,86.0,3767.0,-0.0362948960302458
20251111,FU2609,2637.0,2668.0,12824.0,-0.1001137656427753
20251111,FU2610,2615.0,576.0,3021.0,-0.0183556405353724
20251111,FU2611,2611.0,337.0,731.0,0.0
20251112,FU2512,2677.0,646.0,4734.0,0.0008058660331664
20251112,FU2601,2693.0,369341.0,197554.0,-0.0089119940586712
20251112,FU2602,2691.0,93966.0,113343.0,0.0222965440356741
20251112,FU2603,2696.0,19553.0,65877.0,0.0
20251112,FU2604,2696.0,6844.0,40027.0,0.0133531157270025
20251112,FU2605,2699.0,23561.0,49266.0,-0.0400148203038157
20251112,FU2606,2690.0,161.0,1293.0,-0.0312267657992562
20251112,FU2607,2683.0,2376.0,9033.0,-0.1028699217294071
20251112,FU2608,2660.0,268.0,3784.0,-0.0496240601503759
20251112,FU2609,2649.0,2651.0,12964.0,-0.1041902604756508
20251112,FU2610,2626.0,683.0,3093.0,-0.0228484386900231
20251112,FU2611,2621.0,310.0,745.0,0.0
20251113,FU2512,2579.0,1124.0,4396.0,0.0008364883174821
20251113,FU2601,2595.0,595527.0,238787.0,-0.0092485549132943
20251113,FU2602,2593.0,156196.0,127702.0,0.0416505977632093
20251113,FU2603,2602.0,35349.0,72267.0,0.0415065334358191
20251113,FU2604,2611.0,11812.0,41189.0,0.032171581769437
20251113,FU2605,2618.0,43234.0,53418.0,-0.0183346065699003
20251113,FU2606,2614.0,412.0,1368.0,-0.0091813312930373
20251113,FU2607,2612.0,4006.0,9866.0,-0.073506891271057
20251113,FU2608,2596.0,1508.0,3995.0,-0.0462249614791985
20251113,FU2609,2586.0,8677.0,16633.0,-0.1020881670533642
20251113,FU2610,2564.0,2406.0,3987.0,-0.0234009360374409
20251113,FU2611,2559.0,1313.0,1545.0,0.0
20251114,FU2512,2619.0,1197.0,4304.0,0.0001544461176107
20251114,FU2601,2622.0,555171.0,217297.0,0.0091533180778045
20251114,FU2602,2624.0,158853.0,120936.0,0.0365853658536572
20251114,FU2603,2632.0,42119.0,72085.0,0.0410334346504557
20251114,FU2604,2641.0,11593.0,41528.0,0.0227186671715253
20251114,FU2605,2646.0,37585.0,50748.0,-0.0045351473922901
20251114,FU2606,2645.0,503.0,1383.0,-0.0226843100189038
20251114,FU2607,2640.0,1927.0,9699.0,-0.0772727272727276
20251114,FU2608,2623.0,1250.0,3841.0,-0.0548989706443006
20251114,FU2609,2611.0,4683.0,16085.0,-0.0919188050555339
20251114,FU2610,2591.0,1492.0,3845.0,-0.0416827479737551
20251114,FU2611,2582.0,497.0,1365.0,0.0
20251117,FU2512,2594.0,494.0,4094.0,-5.197820380654402e-05
20251117,FU2601,2593.0,420689.0,222099.0,0.018511376783647115
20251117,FU2602,2597.0,126576.0,126150.0,0.060069310743164905
20251117,FU2603,2610.0,26115.0,72706.0,0.05977011494252871
20251117,FU2604,2623.0,9859.0,41767.0,0.04117422798322412
20251117,FU2605,2632.0,26583.0,52891.0,-0.018237082066869803
20251117,FU2606,2628.0,343.0,1379.0,-0.009132420091324533
20251117,FU2607,2626.0,1637.0,9980.0,-0.05026656511805072
20251117,FU2608,2615.0,641.0,3989.0,-0.05965583173996203
20251117,FU2609,2602.0,3310.0,16614.0,-0.09684857801691038
20251117,FU2610,2581.0,505.0,3949.0,-0.037194885703215164
20251117,FU2611,2573.0,312.0,1431.0,0.0
20251118,FU2512,2542.0,807.0,3747.0,0.0008486637965328613
20251118,FU2601,2558.0,424883.0,236699.0,0.03752931978107821
20251118,FU2602,2566.0,132306.0,133522.0,0.06547155105222124
20251118,FU2603,2580.0,31203.0,74432.0,0.08372093023255722
20251118,FU2604,2598.0,8813.0,41889.0,0.03695150115473478
20251118,FU2605,2606.0,25741.0,55204.0,-0.00460475825019202
20251118,FU2606,2605.0,283.0,1391.0,-0.013819577735124877
20251118,FU2607,2602.0,1544.0,10152.0,-0.023059185242122027
20251118,FU2608,2597.0,848.0,4204.0,-0.08317289179822884
20251118,FU2609,2579.0,4936.0,17989.0,-0.07910042652190707
20251118,FU2610,2562.0,662.0,3992.0,-0.0187353629976581
20251118,FU2611,2558.0,725.0,1657.0,0.0
20251119,FU2512,2534.0,779.0,3371.0,0.0013834325088903346
20251119,FU2601,2560.0,493371.0,228635.0,0.06093750000000053
20251119,FU2602,2573.0,149663.0,137169.0,0.06062961523513355
20251119,FU2603,2586.0,35879.0,78384.0,0.07424593967517445
20251119,FU2604,2602.0,9283.0,41763.0,0.03228285933896924
20251119,FU2605,2609.0,24519.0,57168.0,0.0
20251119,FU2606,2609.0,340.0,1407.0,-0.018397853583747903
20251119,FU2607,2605.0,3761.0,10237.0,-0.027639155470249754
20251119,FU2608,2599.0,797.0,4365.0,-0.09696036937283603
20251119,FU2609,2578.0,5637.0,19408.0,-0.08378588052754088
20251119,FU2610,2560.0,782.0,4076.0,-0.014062500000000533
20251119,FU2611,2557.0,622.0,1717.0,0.0
20251120,FU2512,2492.0,735.0,3189.0,0.0013526430645481357
20251120,FU2601,2517.0,759174.0,234641.0,0.09058402860548309
20251120,FU2602,2536.0,221863.0,139353.0,0.05205047318612088
20251120,FU2603,2547.0,70684.0,83996.0,0.05182567726737464
20251120,FU2604,2558.0,17590.0,42773.0,0.0328381548084451
20251120,FU2605,2565.0,56119.0,62776.0,0.009356725146198563
20251120,FU2606,2567.0,790.0,1492.0,0.00934943513829456
20251120,FU2607,2569.0,3109.0,10592.0,-0.042039704165044434
20251120,FU2608,2560.0,3538.0,4798.0,-0.08906250000000027
20251120,FU2609,2541.0,11203.0,21954.0,-0.07556080283352973
20251120,FU2610,2525.0,2400.0,4536.0,-0.023762376237623783
20251120,FU2611,2520.0,1701.0,2214.0,0.0
20251121,FU2512,2507.0,1303.0,2597.0,-0.00026890997342273327
20251121,FU2601,2502.0,601164.0,223594.0,0.04796163069544246
20251121,FU2602,2512.0,163864.0,141776.0,0.033439490445860365
20251121,FU2603,2519.0,47774.0,86659.0,0.038110361254466874
20251121,FU2604,2527.0,14241.0,43622.0,0.05698456667985852
20251121,FU2605,2539.0,39826.0,66175.0,0.0
20251121,FU2606,2539.0,459.0,1560.0,-0.014178810555336874
20251121,FU2607,2536.0,2517.0,10690.0,-0.028391167192428846
20251121,FU2608,2530.0,5255.0,4748.0,-0.08063241106719321
20251121,FU2609,2513.0,9739.0,22546.0,-0.06685236768802261
20251121,FU2610,2499.0,2028.0,4943.0,-0.019207683073228843
20251121,FU2611,2495.0,3123.0,2934.0,0.0
20251124,FU2512,2548.0,28.0,2589.0,-0.0019049970895877774
20251124,FU2601,2512.0,518540.0,219410.0,0.06687898089172073
20251124,FU2602,2526.0,178170.0,149155.0,0.05700712589073653
20251124,FU2603,2538.0,49373.0,88282.0,0.0425531914893611
20251124,FU2604,2547.0,12990.0,44307.0,0.032979976442873316
20251124,FU2605,2554.0,28122.0,68357.0,0.004698512137824018
20251124,FU2606,2555.0,207.0,1551.0,-0.014090019569471757
20251124,FU2607,2552.0,2113.0,10915.0,-0.042319749216300995
20251124,FU2608,2543.0,950.0,4894.0,-0.10853322847031066
20251124,FU2609,2520.0,7248.0,24010.0,-0.08095238095238066
20251124,FU2610,2503.0,823.0,4984.0,-0.01917698761486175
20251124,FU2611,2499.0,1175.0,2925.0,0.0
20251125,FU2512,2447.0,156.0,2506.0,0.0024244316590367613
20251125,FU2601,2491.0,437675.0,228187.0,0.04817342432757865
20251125,FU2602,2501.0,169767.0,156034.0,0.06237504998000709
20251125,FU2603,2514.0,63309.0,95084.0,0.042959427207636125
20251125,FU2604,2523.0,14616.0,44197.0,0.07134363852556458
20251125,FU2605,2538.0,31231.0,70766.0,0.023640661938533647
20251125,FU2606,2543.0,357.0,1502.0,0.014156508061343942
20251125,FU2607,2546.0,5616.0,12496.0,-0.03770620581303996
20251125,FU2608,2538.0,573.0,4889.0,-0.10401891252955098
20251125,FU2609,2516.0,6995.0,24139.0,-0.0715421303656596
20251125,FU2610,2501.0,765.0,5073.0,-0.033586565373850075
20251125,FU2611,2494.0,958.0,3250.0,0.0
20251126,FU2512,2381.0,24.0,2501.0,0.00487001495925137
20251126,FU2601,2467.0,684942.0,226737.0,0.048642075395217255
20251126,FU2602,2477.0,236050.0,154751.0,0.05813484053290363
20251126,FU2603,2489.0,67334.0,105798.0,0.06749698674166371
20251126,FU2604,2503.0,14866.0,46054.0,0.06232520974830269
20251126,FU2605,2516.0,55144.0,80220.0,0.019077901430841315
20251126,FU2606,2520.0,368.0,1604.0,0.01904761904761898
20251126,FU2607,2524.0,1887.0,12498.0,-0.028526148969889586
20251126,FU2608,2518.0,820.0,5065.0,-0.11437648927720412
20251126,FU2609,2494.0,7655.0,25595.0,-0.06255012028869311
20251126,FU2610,2481.0,1125.0,5173.0,-0.009673518742442155
20251126,FU2611,2479.0,1193.0,3578.0,0.0
20251127,FU2512,2569.0,6.0,2501.0,-0.005143434467134067
20251127,FU2601,2471.0,469712.0,221696.0,0.024281667341157664
20251127,FU2602,2476.0,198996.0,142968.0,0.07269789983844799
20251127,FU2603,2491.0,64625.0,110435.0,0.052990766760337316
20251127,FU2604,2502.0,13783.0,47880.0,0.06714628297362157
20251127,FU2605,2516.0,54210.0,81443.0,0.004769475357710995
20251127,FU2606,2517.0,211.0,1610.0,0.009535160905841167
20251127,FU2607,2519.0,2062.0,12316.0,-0.023818975784041463
20251127,FU2608,2514.0,608.0,5147.0,-0.12410501193317414
20251127,FU2609,2488.0,6893.0,26465.0,-0.04340836012861793
20251127,FU2610,2479.0,1355.0,5054.0,-0.03388463089955662
20251127,FU2611,2472.0,1001.0,3574.0,0.0
20251128,FU2512,2465.0,0.0,2501.0,0.001969141007817315
20251128,FU2601,2501.0,438028.0,201892.0,0.04798080767692792
20251128,FU2602,2511.0,190234.0,122977.0,0.0764635603345285
20251128,FU2603,2527.0,54510.0,110879.0,0.06173328056984584
20251128,FU2604,2540.0,13884.0,47544.0,0.06614173228346498
20251128,FU2605,2554.0,40222.0,77830.0,0.018794048551293407
20251128,FU2606,2558.0,296.0,1574.0,-0.009382329945270218
20251128,FU2607,2556.0,1826.0,12423.0,-0.009389671361502483
20251128,FU2608,2554.0,743.0,5267.0,-0.1362568519968672
20251128,FU2609,2525.0,4673.0,25664.0,-0.04752475247524757
20251128,FU2610,2515.0,1706.0,4922.0,-0.04294234592445356
20251128,FU2611,2506.0,1039.0,3431.0,0.0
20251201,FU2601,2495.0,408539.0,203960.0,0.05771543086172404
20251201,FU2602,2507.0,167233.0,127422.0,0.0765855604307939
20251201,FU2603,2523.0,75217.0,120280.0,0.06658739595719254
20251201,FU2604,2537.0,14660.0,50307.0,0.07094994087504958
20251201,FU2605,2552.0,50920.0,81806.0,0.014106583072099887
20251201,FU2606,2555.0,347.0,1611.0,0.028180039138943513
20251201,FU2607,2561.0,2994.0,11884.0,-0.051542366263177986
20251201,FU2608,2550.0,606.0,5113.0,-0.10823529411764721
20251201,FU2609,2527.0,4904.0,25715.0,-0.06648199445983316
20251201,FU2610,2513.0,1132.0,5013.0,-0.042976522085157676
20251201,FU2611,2504.0,826.0,3465.0,-0.028753993610223016
20251201,FU2612,2498.0,19.0,12.0,0.0
20251202,FU2601,2469.0,301235.0,209682.0,0.06318347509113043
20251202,FU2602,2482.0,110231.0,133171.0,0.08702659145850156
20251202,FU2603,2500.0,66089.0,128582.0,0.081599999999999
20251202,FU2604,2517.0,12654.0,52418.0,0.07151370679380342
20251202,FU2605,2532.0,36976.0,83276.0,0.01895734597156462
20251202,FU2606,2536.0,449.0,1602.0,-0.009463722397476282
20251202,FU2607,2534.0,4175.0,13103.0,0.004735595895816402
20251202,FU2608,2535.0,909.0,5021.0,-0.1467455621301772
20251202,FU2609,2504.0,5125.0,27445.0,-0.04313099041533519
20251202,FU2610,2495.0,677.0,5037.0,-0.04809619238476959
20251202,FU2611,2485.0,598.0,3438.0,-0.009657947686116497
20251202,FU2612,2483.0,59.0,58.0,0.0
20251203,FU2601,2437.0,513135.0,209514.0,0.054164956914239504
20251203,FU2602,2448.0,188061.0,137915.0,0.08823529411764675
20251203,FU2603,2466.0,130800.0,140480.0,0.09245742092457299
20251203,FU2604,2485.0,18070.0,52808.0,0.06760563380281681
20251203,FU2605,2499.0,62397.0,89533.0,0.024009603841535387
20251203,FU2606,2504.0,1034.0,1833.0,-0.01916932907348201
20251203,FU2607,2500.0,8767.0,15731.0,-0.04320000000000057
20251203,FU2608,2491.0,2044.0,4669.0,-0.11079887595343196
20251203,FU2609,2468.0,15577.0,30932.0,-0.05834683954619191
20251203,FU2610,2456.0,1811.0,5507.0,-0.014657980456025399
20251203,FU2611,2453.0,1835.0,4152.0,0.00978393803505817
20251203,FU2612,2455.0,119.0,151.0,0.0
20251204,FU2601,2442.0,308655.0,202092.0,0.06879606879607003
20251204,FU2602,2456.0,118324.0,132862.0,0.07817589576547235
20251204,FU2603,2472.0,97328.0,146550.0,0.08737864077670032
20251204,FU2604,2490.0,17796.0,54216.0,0.07228915662650692
20251204,FU2605,2505.0,29155.0,88974.0,0.019161676646707093
20251204,FU2606,2509.0,527.0,1820.0,-0.019131127939417958
20251204,FU2607,2505.0,9439.0,15505.0,-0.038323353293412854
20251204,FU2608,2497.0,1496.0,4213.0,-0.10092110532639209
20251204,FU2609,2476.0,7033.0,30419.0,-0.053311793214862124
20251204,FU2610,2465.0,793.0,5349.0,-0.019472616632860706
20251204,FU2611,2461.0,721.0,4076.0,0.009752133279154584
20251204,FU2612,2463.0,23.0,159.0,0.0
20251205,FU2601,2455.0,352957.0,185625.0,0.11731160896130266
20251205,FU2602,2479.0,139169.0,124901.0,0.07260992335619143
20251205,FU2603,2494.0,108846.0,144222.0,0.06736166800320653
20251205,FU2604,2508.0,14260.0,53556.0,0.08133971291865993
20251205,FU2605,2525.0,38897.0,84987.0,0.023762376237623783
20251205,FU2606,2530.0,328.0,1868.0,-0.042687747035572876
20251205,FU2607,2521.0,4181.0,15411.0,-0.052360174533914616
20251205,FU2608,2510.0,574.0,3940.0,-0.095617529880478
20251205,FU2609,2490.0,6726.0,28850.0,-0.04337349397590362
20251205,FU2610,2481.0,681.0,5236.0,-0.04353083434099103
20251205,FU2611,2472.0,831.0,3861.0,0.014563106796115832
20251205,FU2612,2475.0,53.0,150.0,0.0
20251208,FU2601,2508.0,381659.0,176786.0,0.1291866028708144
20251208,FU2602,2535.0,167130.0,114294.0,0.06153846153846132
20251208,FU2603,2548.0,140763.0,145094.0,0.06122448979591777
20251208,FU2604,2561.0,15740.0,53354.0,0.05622803592346859
20251208,FU2605,2573.0,55955.0,82175.0,-0.013991449669646716
20251208,FU2606,2570.0,495.0,1847.0,-0.018677042801556354
20251208,FU2607,2566.0,4451.0,15608.0,-0.06079501169134849
20251208,FU2608,2553.0,638.0,3770.0,-0.08930669800235025
20251208,FU2609,2534.0,7544.0,26645.0,-0.06156274664561989
20251208,FU2610,2521.0,1127.0,4984.0,-0.04760015866719547
20251208,FU2611,2511.0,1116.0,3713.0,-0.028673835125447855
20251208,FU2612,2505.0,102.0,165.0,0.0
20251209,FU2601,2418.0,443893.0,186666.0,0.11910669975186217
20251209,FU2602,2442.0,177549.0,119788.0,0.0540540540540535
20251209,FU2603,2453.0,159103.0,158425.0,0.09294741133306061
20251209,FU2604,2472.0,18511.0,53902.0,0.07766990291262044
20251209,FU2605,2488.0,63947.0,86435.0,0.019292604501608857
20251209,FU2606,2492.0,595.0,1863.0,-0.019261637239165186
20251209,FU2607,2488.0,2393.0,15885.0,-0.019292604501607524
20251209,FU2608,2484.0,587.0,3700.0,-0.09661835748792313
20251209,FU2609,2464.0,14046.0,29348.0,-0.06331168831168821
20251209,FU2610,2451.0,1377.0,5271.0,-0.03427172582619331
20251209,FU2611,2444.0,2103.0,4317.0,0.004909983633386794
20251209,FU2612,2445.0,133.0,249.0,0.0
20251210,FU2601,2427.0,259223.0,178077.0,0.10383189122373171
20251210,FU2602,2448.0,107397.0,118025.0,0.07352941176470562
20251210,FU2603,2463.0,110796.0,159681.0,0.06333739342265599
20251210,FU2604,2476.0,14186.0,55585.0,0.08723747980613972
20251210,FU2605,2494.0,35331.0,88592.0,0.004811547714514752
20251210,FU2606,2495.0,303.0,1875.0,-0.00961923847695445
20251210,FU2607,2493.0,1308.0,15818.0,-0.057761732851985936
20251210,FU2608,2481.0,383.0,3653.0,-0.09673518742442555
20251210,FU2609,2461.0,4371.0,30152.0,-0.03413246647704238
20251210,FU2610,2454.0,621.0,5398.0,-0.024449877750611027
20251210,FU2611,2449.0,1387.0,4595.0,-0.014699877501021419
20251210,FU2612,2446.0,256.0,401.0,0.0
20251211,FU2601,2382.0,514744.0,161798.0,0.13602015113350152
20251211,FU2602,2409.0,184188.0,112406.0,0.04981320049813309
20251211,FU2603,2419.0,264069.0,185456.0,0.09425382389416992
20251211,FU2604,2438.0,20721.0,56196.0,0.09351927809680127
20251211,FU2605,2457.0,69720.0,91537.0,0.0146520146520146
20251211,FU2606,2460.0,803.0,1904.0,-0.014634146341463428
20251211,FU2607,2457.0,3522.0,15680.0,-0.0586080586080584
20251211,FU2608,2445.0,621.0,3704.0,-0.09815950920245431
20251211,FU2609,2425.0,11648.0,31185.0,-0.029690721649484164
20251211,FU2610,2419.0,2032.0,5461.0,-0.029764365440264395
20251211,FU2611,2413.0,2230.0,5069.0,0.0348114380439295
20251211,FU2612,2420.0,211.0,461.0,0.0
20251212,FU2601,2368.0,302336.0,133757.0,0.1520270270270263
20251212,FU2602,2398.0,128921.0,108332.0,0.03502919099249269
20251212,FU2603,2405.0,302382.0,207118.0,0.08981288981288849
20251212,FU2604,2423.0,15097.0,56914.0,0.09409822534048828
20251212,FU2605,2442.0,49108.0,94140.0,0.019656019656018486
20251212,FU2606,2446.0,590.0,1914.0,-0.014717906786589907
20251212,FU2607,2443.0,2035.0,15870.0,-0.039295947605403114
20251212,FU2608,2435.0,427.0,3733.0,-0.10841889117043069
20251212,FU2609,2413.0,7960.0,31889.0,-0.03481143804392817
20251212,FU2610,2406.0,1431.0,5542.0,-0.02493765586034913
20251212,FU2611,2401.0,1448.0,5236.0,0.019991670137443407
20251212,FU2612,2405.0,227.0,495.0,0.0
20251215,FU2601,2417.0,224207.0,97621.0,0.09433181630119858
20251215,FU2602,2436.0,153799.0,85055.0,0.02463054187192082
20251215,FU2603,2441.0,528554.0,244503.0,0.07865628840638994
20251215,FU2604,2457.0,19137.0,57528.0,0.08302808302808184
20251215,FU2605,2474.0,63011.0,93181.0,0.004850444624090677
20251215,FU2606,2475.0,729.0,1944.0,-0.00484848484848488
20251215,FU2607,2474.0,3538.0,15571.0,-0.058205335489086796
20251215,FU2608,2462.0,535.0,3766.0,-0.08285946385052778
20251215,FU2609,2445.0,8577.0,31252.0,-0.05398773006135027
20251215,FU2610,2434.0,2787.0,5650.0,-0.024650780608053147
20251215,FU2611,2429.0,3861.0,5448.0,-0.019761218608481013
20251215,FU2612,2425.0,332.0,572.0,0.0
20251216,FU2601,2368.0,102408.0,86646.0,0.11148648648648685
20251216,FU2602,2390.0,91228.0,78749.0,0.030125523012551447
20251216,FU2603,2396.0,540289.0,281334.0,0.09015025041736191
20251216,FU2604,2414.0,16555.0,60407.0,0.08450704225352101
20251216,FU2605,2431.0,68497.0,102023.0,-0.004936240230358102
20251216,FU2606,2430.0,642.0,1941.0,0.014814814814815946
20251216,FU2607,2433.0,2622.0,15672.0,-0.07398273736128269
20251216,FU2608,2418.0,582.0,3763.0,-0.08933002481389529
20251216,FU2609,2400.0,10126.0,33199.0,-0.04999999999999982
20251216,FU2610,2390.0,1616.0,5963.0,-0.02008368200836852
20251216,FU2611,2386.0,1854.0,5836.0,0.0
20251216,FU2612,2386.0,292.0,679.0,0.0
20251217,FU2601,2384.0,93368.0,74445.0,0.12080536912751594
20251217,FU2602,2408.0,87180.0,69841.0,0.03488372093023262
20251217,FU2603,2415.0,652204.0,279501.0,0.07950310559006102
20251217,FU2604,2431.0,19528.0,60507.0,0.06417112299465266
20251217,FU2605,2444.0,87340.0,100750.0,0.0
20251217,FU2606,2444.0,1748.0,2080.0,-0.004909983633388126
20251217,FU2607,2443.0,3519.0,15445.0,-0.06385591485878006
20251217,FU2608,2430.0,447.0,3822.0,-0.08888888888888902
20251217,FU2609,2412.0,9945.0,33577.0,-0.06467661691542226
20251217,FU2610,2399.0,1272.0,5843.0,-0.02501042100875317
20251217,FU2611,2394.0,3561.0,6304.0,0.01002506265664227
20251217,FU2612,2396.0,278.0,699.0,0.0
20251218,FU2601,2403.0,78147.0,65253.0,0.15980024968789142
20251218,FU2602,2435.0,66439.0,63270.0,0.019712525667349823
20251218,FU2603,2439.0,604189.0,266287.0,0.07380073800737907
20251218,FU2604,2454.0,19288.0,58007.0,0.04889975550122205
20251218,FU2605,2464.0,86926.0,96784.0,-0.019480519480519654
20251218,FU2606,2460.0,1698.0,2464.0,-0.004878048780487365
20251218,FU2607,2459.0,4395.0,15289.0,-0.06344042293615271
20251218,FU2608,2446.0,1828.0,4341.0,-0.0735895339329522
20251218,FU2609,2431.0,12201.0,31507.0,-0.06910736322501077
20251218,FU2610,2417.0,1045.0,5800.0,-0.024824162184526433
20251218,FU2611,2412.0,2226.0,6242.0,0.009950248756218194
20251218,FU2612,2414.0,215.0,727.0,0.0
20251219,FU2601,2356.0,45258.0,53488.0,0.16298811544991398
20251219,FU2602,2388.0,49365.0,60966.0,0.01005025125628034
20251219,FU2603,2390.0,602700.0,301764.0,0.07531380753137995
20251219,FU2604,2405.0,15501.0,58658.0,0.04989604989604857
20251219,FU2605,2415.0,95039.0,108512.0,0.00496894409937898
20251219,FU2606,2416.0,1081.0,2199.0,0.0
20251219,FU2607,2416.0,2899.0,15658.0,-0.0844370860927155
20251219,FU2608,2399.0,467.0,4298.0,-0.08503543142976211
20251219,FU2609,2382.0,11291.0,34574.0,-0.040302267002519265
20251219,FU2610,2374.0,1058.0,5870.0,-0.015164279696713745
20251219,FU2611,2371.0,2468.0,6813.0,0.015183466891606656
20251219,FU2612,2374.0,235.0,792.0,0.0
20251222,FU2601,2413.0,30370.0,39126.0,0.20389556568586897
20251222,FU2602,2454.0,55774.0,54942.0,0.019559902200487755
20251222,FU2603,2458.0,751073.0,258112.0,0.04393816110659188
20251222,FU2604,2467.0,18988.0,58659.0,0.03404945277665128
20251222,FU2605,2474.0,128464.0,100738.0,-0.01940177849636271
20251222,FU2606,2470.0,822.0,2145.0,0.009716599190283226
20251222,FU2607,2472.0,3829.0,15504.0,-0.08737864077669899
20251222,FU2608,2454.0,526.0,4331.0,-0.06845965770171114
20251222,FU2609,2440.0,15261.0,30999.0,-0.06885245901639392
20251222,FU2610,2426.0,1477.0,5680.0,-0.03462489694971138
20251222,FU2611,2419.0,2013.0,6524.0,-0.009921455146754798
20251222,FU2612,2417.0,257.0,781.0,0.0
20251223,FU2601,2433.0,24912.0,26809.0,0.20221948212083962
20251223,FU2602,2474.0,47551.0,50976.0,0.043654001616816096
20251223,FU2603,2483.0,562613.0,238968.0,0.033830044301249806
20251223,FU2604,2490.0,20322.0,60904.0,0.028915662650603302
20251223,FU2605,2496.0,95189.0,99092.0,0.019230769230769162
20251223,FU2606,2500.0,1234.0,2345.0,-0.02400000000000002
20251223,FU2607,2495.0,4076.0,15233.0,-0.1010020040080164
20251223,FU2608,2474.0,512.0,4366.0,-0.05335489086499612
20251223,FU2609,2463.0,10407.0,28901.0,-0.08282582216808798
20251223,FU2610,2446.0,981.0,5723.0,-0.029435813573181147
20251223,FU2611,2440.0,1504.0,6480.0,-0.00983606557377037
20251223,FU2612,2438.0,171.0,768.0,0.0
20251224,FU2601,2415.0,26531.0,16152.0,0.22360248447204878
20251224,FU2602,2460.0,52756.0,47112.0,0.0975609756097553
20251224,FU2603,2480.0,507483.0,237224.0,0.06290322580645036
20251224,FU2604,2493.0,13874.0,62274.0,0.02406738868832825
20251224,FU2605,2498.0,80016.0,102775.0,0.024019215372298675
20251224,FU2606,2503.0,629.0,2402.0,-0.01917698761486175
20251224,FU2607,2499.0,2178.0,15571.0,-0.1056422569027613
20251224,FU2608,2477.0,653.0,4321.0,-0.04360113039967706
20251224,FU2609,2468.0,14850.0,29496.0,-0.08752025931928653
20251224,FU2610,2450.0,410.0,5725.0,-0.0342857142857147
20251224,FU2611,2443.0,1369.0,6397.0,0.004911993450675389
20251224,FU2612,2444.0,222.0,775.0,0.0
20251225,FU2601,2431.0,2782.0,14814.0,0.21225832990538773
20251225,FU2602,2474.0,39146.0,36441.0,0.0727566693613575
20251225,FU2603,2489.0,447357.0,233578.0,0.043390920048211434
20251225,FU2604,2498.0,15558.0,63797.0,0.004803843074460801
20251225,FU2605,2499.0,61253.0,104978.0,0.004801920768306545
20251225,FU2606,2500.0,645.0,2414.0,-0.004799999999999471
20251225,FU2607,2499.0,3932.0,15531.0,-0.10084033613445342
20251225,FU2608,2478.0,308.0,4310.0,-0.05811138014527906
20251225,FU2609,2466.0,7557.0,29789.0,-0.07785888077858827
20251225,FU2610,2450.0,367.0,5709.0,-0.039183673469388225
20251225,FU2611,2442.0,640.0,6425.0,0.0
20251225,FU2612,2442.0,238.0,784.0,0.0
20251226,FU2601,2458.0,617.0,14514.0,0.15134255492270032
20251226,FU2602,2489.0,39424.0,29574.0,0.00964242667738091
20251226,FU2603,2491.0,702543.0,198195.0,0.014452027298273329
20251226,FU2604,2494.0,35473.0,69652.0,0.03849238171611802
20251226,FU2605,2502.0,112326.0,104084.0,0.01918465227817645
20251226,FU2606,2506.0,6996.0,7032.0,-0.028731045490822282
20251226,FU2607,2500.0,10276.0,14921.0,-0.10560000000000036
20251226,FU2608,2478.0,632.0,4330.0,-0.04842615012106588
20251226,FU2609,2468.0,17121.0,30307.0,-0.07779578606158788
20251226,FU2610,2452.0,1279.0,5675.0,-0.04893964110929838
20251226,FU2611,2442.0,2471.0,7011.0,0.024570024570025772
20251226,FU2612,2447.0,377.0,864.0,0.0
20251229,FU2601,2420.0,382.0,14463.0,0.1388429752066127
20251229,FU2602,2448.0,22868.0,25618.0,0.05392156862745079
20251229,FU2603,2459.0,695358.0,180731.0,0.019520130134202063
20251229,FU2604,2463.0,32198.0,72913.0,0.03410475030450666
20251229,FU2605,2470.0,127427.0,116741.0,0.029149797570849678
20251229,FU2606,2476.0,8163.0,12470.0,0.014539579967689065
20251229,FU2607,2479.0,10276.0,15498.0,-0.10649455425574805
20251229,FU2608,2457.0,716.0,4457.0,-0.0439560439560438
20251229,FU2609,2448.0,15204.0,32026.0,-0.08333333333333304
20251229,FU2610,2431.0,904.0,5724.0,-0.02468120115178918
20251229,FU2611,2426.0,1998.0,7136.0,0.014839241549877258
20251229,FU2612,2429.0,349.0,961.0,0.0
20251230,FU2601,2500.0,422.0,14425.0,-0.18719999999999937
20251230,FU2602,2461.0,16522.0,22642.0,0.05851279967493017
20251230,FU2603,2473.0,612701.0,168469.0,0.0048524059846339895
20251230,FU2604,2474.0,28579.0,75138.0,0.03880355699272542
20251230,FU2605,2482.0,122022.0,123485.0,0.0241740531829171
20251230,FU2606,2487.0,7314.0,16721.0,0.01930036188178441
20251230,FU2607,2491.0,6614.0,15716.0,-0.10598153352067463
20251230,FU2608,2469.0,486.0,4384.0,-0.05346294046172595
20251230,FU2609,2458.0,9932.0,32160.0,-0.08299430431244925
20251230,FU2610,2441.0,671.0,5646.0,-0.02458009012699769
20251230,FU2611,2436.0,1397.0,7031.0,0.02955665024630605
20251230,FU2612,2442.0,302.0,1013.0,0.0
20251231,FU2601,2425.0,146.0,14372.0,0.10391752577319657
20251231,FU2602,2446.0,10170.0,20604.0,0.004905968928863302
20251231,FU2603,2447.0,592060.0,168788.0,0.02451982018798482
20251231,FU2604,2452.0,26853.0,75966.0,0.048939641109299714
20251231,FU2605,2462.0,103961.0,130683.0,0.019496344435418145
20251231,FU2606,2466.0,8242.0,20489.0,0.0291970802919721
20251231,FU2607,2472.0,4443.0,15898.0,-0.10679611650485477
20251231,FU2608,2450.0,666.0,4331.0,-0.04897959183673528
20251231,FU2609,2440.0,9383.0,33711.0,-0.06885245901639392
20251231,FU2610,2426.0,723.0,5727.0,-0.05441055234954684
20251231,FU2611,2415.0,2461.0,7519.0,0.04472049689441082
20251231,FU2612,2424.0,363.0,1114.0,0.0
20260105,FU2602,2426.0,14578.0,18140.0,0.004946413849958198
20260105,FU2603,2427.0,537583.0,193088.0,0.019777503090234738
20260105,FU2604,2431.0,36812.0,78494.0,0.04936240230357836
20260105,FU2605,2441.0,132410.0,144874.0,0.034412126177796765
20260105,FU2606,2448.0,7231.0,23169.0,-0.004901960784313708
20260105,FU2607,2447.0,9402.0,16297.0,-0.09317531671434365
20260105,FU2608,2428.0,700.0,4345.0,-0.08896210873146604
20260105,FU2609,2410.0,16706.0,36850.0,-0.044813278008298596
20260105,FU2610,2401.0,1496.0,5878.0,-0.07496876301541011
20260105,FU2611,2386.0,3364.0,8523.0,0.04526404023470221
20260105,FU2612,2395.0,767.0,1303.0,-0.00028148530412141175
20260105,FU2701,2390.0,717.0,588.0,0.0
20260106,FU2602,2484.0,16167.0,16658.0,-0.024154589371980784
20260106,FU2603,2479.0,534228.0,181199.0,-0.024203307785397588
20260106,FU2604,2474.0,46636.0,80697.0,0.03880355699272542
20260106,FU2605,2482.0,133148.0,146865.0,0.00483481063658342
20260106,FU2606,2483.0,10109.0,26821.0,0.004832863471607496
20260106,FU2607,2484.0,8491.0,16601.0,-0.10628019323671545
20260106,FU2608,2462.0,699.0,4393.0,-0.08773354995938298
20260106,FU2609,2444.0,13802.0,35364.0,-0.0687397708674311
20260106,FU2610,2430.0,1640.0,5775.0,-0.0641975308641971
20260106,FU2611,2417.0,1897.0,8392.0,0.014894497310716126
20260106,FU2612,2420.0,392.0,1209.0,-0.00022286191846967475
20260106,FU2701,2416.0,393.0,763.0,0.0
20260107,FU2602,2450.0,14261.0,14762.0,-0.06367346938775453
20260107,FU2603,2437.0,804795.0,191403.0,-0.019696347968814365
20260107,FU2604,2433.0,66077.0,85298.0,0.014796547472257338
20260107,FU2605,2436.0,235346.0,164344.0,0.0
20260107,FU2606,2436.0,16132.0,32162.0,-0.019704433497536922
20260107,FU2607,2432.0,11230.0,17221.0,-0.09868421052631593
20260107,FU2608,2412.0,1463.0,4471.0,-0.07960199004975088
20260107,FU2609,2396.0,36006.0,44988.0,-0.09015025041736191
20260107,FU2610,2378.0,5151.0,6937.0,-0.045416316232128384
20260107,FU2611,2369.0,8460.0,11432.0,0.04052342760658423
20260107,FU2612,2377.0,1231.0,1463.0,5.672337428447118e-05
20260107,FU2701,2378.0,1449.0,1613.0,0.0
20260108,FU2602,2485.0,7840.0,13349.0,-0.13038229376257604
20260108,FU2603,2458.0,614800.0,187667.0,-0.048820179007322384
20260108,FU2604,2448.0,54928.0,87402.0,0.009803921568627416
20260108,FU2605,2450.0,174639.0,171129.0,-0.039183673469388225
20260108,FU2606,2442.0,12579.0,35911.0,-0.01965601965601982
20260108,FU2607,2438.0,13367.0,16003.0,-0.09844134536505278
20260108,FU2608,2418.0,840.0,4564.0,-0.07940446650124011
20260108,FU2609,2402.0,25837.0,47597.0,-0.11990008326394719
20260108,FU2610,2378.0,5082.0,9113.0,-0.035323801513876596
20260108,FU2611,2371.0,5220.0,12027.0,0.04555040067481997
20260108,FU2612,2380.0,694.0,1486.0,-0.000169955622698517
20260108,FU2701,2377.0,1191.0,2116.0,0.0
20260109,FU2602,2537.0,9439.0,11956.0,-0.10878990934174171
20260109,FU2603,2514.0,860405.0,219719.0,-0.06682577565632464
20260109,FU2604,2500.0,83524.0,85824.0,0.009599999999998943
20260109,FU2605,2502.0,250550.0,174785.0,-0.057553956834532016
20260109,FU2606,2490.0,19513.0,40529.0,0.024096385542168974
20260109,FU2607,2495.0,17165.0,15366.0,-0.10581162324649362
20260109,FU2608,2473.0,1562.0,4639.0,-0.05822887181560921
20260109,FU2609,2461.0,32884.0,43232.0,-0.12677773262901226
20260109,FU2610,2435.0,3725.0,8054.0,-0.04928131416837722
20260109,FU2611,2425.0,5271.0,11110.0,0.04453608247422558
20260109,FU2612,2434.0,846.0,1595.0,-0.000443160100818918
20260109,FU2701,2426.0,1056.0,2163.0,0.0
20260112,FU2602,2501.0,11023.0,11959.0,-0.191923230707717
20260112,FU2603,2461.0,855704.0,234365.0,-0.029256399837465086
20260112,FU2604,2455.0,80379.0,86666.0,0.04887983706721055
20260112,FU2605,2465.0,268402.0,187787.0,0.0
20260112,FU2606,2465.0,18009.0,41476.0,0.03894523326572141
20260112,FU2607,2473.0,23845.0,15739.0,-0.05822887181560921
20260112,FU2608,2461.0,1900.0,4640.0,-0.04388459975619696
20260112,FU2609,2452.0,33203.0,46438.0,-0.08319738988580738
20260112,FU2610,2435.0,3403.0,7453.0,-0.03942505133470231
20260112,FU2611,2427.0,4258.0,10763.0,0.039555006180469476
20260112,FU2612,2435.0,615.0,1626.0,5.5372263110548185e-05
20260112,FU2701,2436.0,1029.0,2279.0,0.0
20260113,FU2602,2509.0,5667.0,10704.0,-0.22957353527301683
20260113,FU2603,2461.0,604292.0,226172.0,-0.02438033319788646
20260113,FU2604,2456.0,54373.0,89071.0,0.06351791530944695
20260113,FU2605,2469.0,178994.0,192971.0,0.014580801944108046
20260113,FU2606,2472.0,17999.0,41852.0,0.024271844660193054
20260113,FU2607,2477.0,10642.0,15600.0,-0.009689140088817272
20260113,FU2608,2475.0,1567.0,4846.0,-0.03878787878787904
20260113,FU2609,2467.0,19149.0,44083.0,-0.07782732063234654
20260113,FU2610,2451.0,1901.0,6881.0,-0.04406364749081959
20260113,FU2611,2442.0,3073.0,10340.0,0.03931203931203964
20260113,FU2612,2450.0,556.0,1493.0,5.503324925475874e-05
20260113,FU2701,2451.0,1194.0,2473.0,0.0
20260114,FU2602,2606.0,11321.0,9425.0,-0.09209516500383774
20260114,FU2603,2586.0,1098156.0,244122.0,-0.06960556844547572
20260114,FU2604,2571.0,93567.0,88041.0,0.03267211201866882
20260114,FU2605,2578.0,292702.0,189557.0,-0.04654771140418967
20260114,FU2606,2568.0,21860.0,42884.0,-0.014018691588784549
20260114,FU2607,2565.0,22576.0,14483.0,-0.02339181286549774
20260114,FU2608,2560.0,2049.0,4949.0,-0.06562500000000027
20260114,FU2609,2546.0,37924.0,43125.0,-0.11311861743911988
20260114,FU2610,2522.0,4154.0,6493.0,-0.03806502775574927
20260114,FU2611,2514.0,6279.0,10510.0,0.023866348448688512
20260114,FU2612,2519.0,980.0,1284.0,-0.00032115472967246615
20260114,FU2701,2513.0,2067.0,2529.0,0.0
20260115,FU2602,2605.0,12160.0,8718.0,-0.08752399232245711
20260115,FU2603,2586.0,1260584.0,238110.0,-0.09280742459396807
20260115,FU2604,2566.0,85350.0,87145.0,0.0
20260115,FU2605,2566.0,283959.0,188576.0,-0.02338269680436511
20260115,FU2606,2561.0,23946.0,44383.0,-0.009371339320578542
20260115,FU2607,2559.0,21853.0,15583.0,-0.05158264947245028
20260115,FU2608,2548.0,1484.0,4802.0,-0.07064364207221363
20260115,FU2609,2533.0,36513.0,44539.0,-0.0900118436636399
20260115,FU2610,2514.0,3159.0,6474.0,-0.04295942720763746
20260115,FU2611,2505.0,5053.0,10861.0,0.023952095808383866
20260115,FU2612,2510.0,777.0,1227.0,0.0
20260115,FU2701,2510.0,2512.0,2833.0,0.0
20260116,FU2602,2541.0,5326.0,7932.0,-0.08972845336481639
20260116,FU2603,2522.0,672095.0,211119.0,-0.04758128469468659
20260116,FU2604,2512.0,51043.0,84935.0,0.038216560509555464
20260116,FU2605,2520.0,166258.0,181844.0,-0.014285714285714235
20260116,FU2606,2517.0,12677.0,45187.0,0.0
20260116,FU2607,2517.0,13640.0,12851.0,-0.023837902264600253
20260116,FU2608,2512.0,798.0,4761.0,-0.0668789808917194
20260116,FU2609,2498.0,22100.0,40699.0,-0.0816653322658123
20260116,FU2610,2481.0,1431.0,6598.0,-0.033857315598548876
20260116,FU2611,2474.0,2792.0,10723.0,0.029102667744544064
20260116,FU2612,2480.0,310.0,1233.0,0.00027183762232692234
20260116,FU2701,2485.0,843.0,3053.0,0.0
20260119,FU2602,2541.0,13424.0,7701.0,-0.014167650531286657
20260119,FU2603,2538.0,567103.0,202541.0,-0.05200945626477482
20260119,FU2604,2527.0,44012.0,84022.0,-0.004748713889988654
20260119,FU2605,2526.0,147866.0,179884.0,-0.028503562945368266
20260119,FU2606,2520.0,11971.0,46734.0,0.0
20260119,FU2607,2520.0,10834.0,12424.0,-0.01904761904761898
20260119,FU2608,2516.0,580.0,4782.0,-0.07631160572337059
20260119,FU2609,2500.0,16143.0,41356.0,-0.11039999999999983
20260119,FU2610,2477.0,2095.0,7167.0,-0.014533710133225242
20260119,FU2611,2474.0,3181.0,11142.0,0.024252223120453387
20260119,FU2612,2479.0,488.0,1258.0,-5.438945569752267e-05
20260119,FU2701,2478.0,1258.0,3160.0,0.0
20260120,FU2602,2530.0,6605.0,4482.0,-0.08537549407114575
20260120,FU2603,2512.0,335178.0,199833.0,-0.019108280254777732
20260120,FU2604,2508.0,35981.0,82557.0,-0.004784688995215447
20260120,FU2605,2507.0,105612.0,179064.0,-0.01435979258077369
20260120,FU2606,2504.0,9837.0,47942.0,0.004792332268371169
20260120,FU2607,2505.0,6752.0,11822.0,-0.009580838323353547
20260120,FU2608,2503.0,261.0,4779.0,-0.07670795045944834
20260120,FU2609,2487.0,9374.0,41583.0,-0.10132689987937216
20260120,FU2610,2466.0,1181.0,7218.0,-0.0389294403892948
20260120,FU2611,2458.0,2047.0,11087.0,0.029292107404393697
20260120,FU2612,2464.0,282.0,1309.0,0.00016416168101562255
20260120,FU2701,2467.0,621.0,3180.0,0.0
20260121,FU2602,2540.0,2319.0,3459.0,0.009448818897636713
20260121,FU2603,2542.0,493603.0,191653.0,-0.014162077104642457
20260121,FU2604,2539.0,46905.0,78942.0,0.0
20260121,FU2605,2539.0,151874.0,178821.0,-0.023631350925561012
20260121,FU2606,2534.0,10751.0,49419.0,-0.018942383583266942
20260121,FU2607,2530.0,8970.0,11866.0,-0.018972332015810167
20260121,FU2608,2526.0,457.0,4831.0,-0.07600950118764827
20260121,FU2609,2510.0,12295.0,40353.0,-0.12430278884462087
20260121,FU2610,2484.0,703.0,7239.0,-0.019323671497584627
20260121,FU2611,2480.0,1740.0,11172.0,0.02903225806451637
20260121,FU2612,2486.0,142.0,1284.0,-0.00021694523036871682
20260121,FU2701,2482.0,693.0,3196.0,0.0
20260122,FU2602,2596.0,1446.0,3207.0,-0.018489984591679942
20260122,FU2603,2592.0,524439.0,184974.0,-0.032407407407407884
20260122,FU2604,2585.0,52224.0,73787.0,-0.01392649903288179
20260122,FU2605,2582.0,157327.0,181050.0,-0.04182804027885423
20260122,FU2606,2573.0,15934.0,52465.0,-0.023319082782744083
20260122,FU2607,2568.0,8913.0,12865.0,-0.05140186915887801
20260122,FU2608,2557.0,863.0,4721.0,-0.056315995307000044
20260122,FU2609,2545.0,12683.0,39928.0,-0.11316306483300531
20260122,FU2610,2521.0,995.0,7286.0,-0.01904006346687792
20260122,FU2611,2517.0,2359.0,11222.0,-0.004767580452920583
20260122,FU2612,2516.0,270.0,1245.0,-5.3589610760797695e-05
20260122,FU2701,2515.0,1174.0,3106.0,0.0
20260123,FU2602,2713.0,1062.0,2665.0,-0.3096203464799121
20260123,FU2603,2643.0,560020.0,186973.0,-0.08172531214529011
20260123,FU2604,2625.0,60447.0,62101.0,-0.009142857142856897
20260123,FU2605,2623.0,203778.0,186311.0,-0.09607319862752606
20260123,FU2606,2602.0,19425.0,57347.0,-0.023059185242122027
20260123,FU2607,2597.0,19841.0,18721.0,-0.08317289179822884
20260123,FU2608,2579.0,1224.0,4786.0,-0.07910042652190707
20260123,FU2609,2562.0,20581.0,42367.0,-0.14519906323185028
20260123,FU2610,2531.0,6137.0,9784.0,-0.04741209008297087
20260123,FU2611,2521.0,6344.0,12735.0,0.014280047600158774
20260123,FU2612,2524.0,376.0,1250.0,-0.0003739382823768273
20260123,FU2701,2517.0,2330.0,3672.0,0.0
20260126,FU2602,2776.0,47.0,2666.0,0.06484149855907795
20260126,FU2603,2791.0,1114487.0,226116.0,-0.13328556073092024
20260126,FU2604,2760.0,111290.0,54304.0,-0.06521739130434812
20260126,FU2605,2745.0,368185.0,211776.0,-0.10491803278688483
20260126,FU2606,2721.0,41454.0,67848.0,-0.052921719955898006
20260126,FU2607,2709.0,37426.0,30092.0,-0.16832779623477334
20260126,FU2608,2671.0,6321.0,4977.0,-0.11231748408835607
20260126,FU2609,2646.0,50723.0,46393.0,-0.16326530612244916
20260126,FU2610,2610.0,6076.0,10128.0,-0.0643678160919543
20260126,FU2611,2596.0,7751.0,13166.0,-0.009244992295839971
20260126,FU2612,2594.0,861.0,1297.0,-0.00025989101903269013
20260126,FU2701,2589.0,5063.0,4388.0,0.0
20260127,FU2602,2702.0,10.0,2658.0,-0.044411547002220164
20260127,FU2603,2692.0,820605.0,208813.0,-0.1426448736998509
20260127,FU2604,2660.0,70521.0,49243.0,-0.027067669172932796
20260127,FU2605,2654.0,325935.0,222953.0,-0.09947249434815353
20260127,FU2606,2632.0,28433.0,72686.0,-0.03191489361702082
20260127,FU2607,2625.0,24747.0,35192.0,-0.11885714285714233
20260127,FU2608,2599.0,2802.0,5000.0,-0.07387456714120821
20260127,FU2609,2583.0,23586.0,45766.0,-0.14866434378629467
20260127,FU2610,2551.0,2934.0,9924.0,-0.03763230105840787
20260127,FU2611,2543.0,5821.0,13401.0,0.009437672040897738
20260127,FU2612,2545.0,426.0,1369.0,-0.0007417054811152071
20260127,FU2701,2531.0,4992.0,5850.0,0.0
20260128,FU2602,2702.0,75.0,2583.0,0.2176165803108816
20260128,FU2603,2751.0,829606.0,183036.0,-0.05670665212650006
20260128,FU2604,2738.0,73879.0,41371.0,-0.01314828341855323
20260128,FU2605,2735.0,380951.0,250746.0,-0.12723948811700225
20260128,FU2606,2706.0,34573.0,79522.0,-0.044345898004434225
20260128,FU2607,2696.0,25382.0,40446.0,-0.12017804154302736
20260128,FU2608,2669.0,3178.0,5011.0,-0.07643312101910826
20260128,FU2609,2652.0,27082.0,45410.0,-0.18552036199094957
20260128,FU2610,2611.0,2761.0,9655.0,-0.04136346227498988
20260128,FU2611,2602.0,4324.0,13282.0,-0.027671022290545633
20260128,FU2612,2596.0,462.0,1362.0,-0.0004674434306885229
20260128,FU2701,2587.0,4426.0,5728.0,0.0
20260129,FU2602,2891.0,16.0,2581.0,-0.2490487720511929
20260129,FU2603,2831.0,931748.0,172485.0,-0.05510420346167466
20260129,FU2604,2818.0,76192.0,32119.0,-0.012775017743080763
20260129,FU2605,2815.0,431228.0,258879.0,-0.09804618117229147
20260129,FU2606,2792.0,44490.0,85534.0,-0.05157593123209159
20260129,FU2607,2780.0,34254.0,48283.0,-0.12949640287769837
20260129,FU2608,2750.0,4206.0,5166.0,-0.10472727272727234
20260129,FU2609,2726.0,29583.0,45466.0,-0.19369038884812895
20260129,FU2610,2682.0,3102.0,9639.0,-0.05369127516778471
20260129,FU2611,2670.0,4861.0,13337.0,-0.02696629213483126
20260129,FU2612,2664.0,616.0,1398.0,-0.0005567365117926884
20260129,FU2701,2653.0,4580.0,6117.0,0.0
20260130,FU2602,2891.0,20.0,2561.0,-0.2947077135939118
20260130,FU2603,2820.0,1365437.0,151710.0,-0.04680851063829827
20260130,FU2604,2809.0,121056.0,29770.0,-0.025631897472409904
20260130,FU2605,2803.0,775021.0,264920.0,-0.08134141990724242
20260130,FU2606,2784.0,72214.0,84975.0,-0.06465517241379315
20260130,FU2607,2769.0,38602.0,49788.0,-0.1430119176598046
20260130,FU2608,2736.0,5801.0,5188.0,-0.09210526315789469
20260130,FU2609,2715.0,48873.0,43829.0,-0.19889502762430888
20260130,FU2610,2670.0,5702.0,9693.0,-0.040449438202247556
20260130,FU2611,2661.0,9068.0,13302.0,-0.004509582863585493
20260130,FU2612,2660.0,1839.0,1628.0,-0.0004055081524034776
20260130,FU2701,2652.0,9247.0,6388.0,0.0
20260202,FU2603,2679.0,971532.0,121915.0,-0.022396416573348787
20260202,FU2604,2674.0,89826.0,25004.0,-0.022438294689603566
20260202,FU2605,2669.0,717819.0,239410.0,-0.10340951667291165
20260202,FU2606,2646.0,67047.0,77901.0,-0.06802721088435426
20260202,FU2607,2631.0,38432.0,47672.0,-0.0820980615735456
20260202,FU2608,2613.0,5448.0,5079.0,-0.09184845005740527
20260202,FU2609,2593.0,46950.0,42754.0,-0.1527188584650987
20260202,FU2610,2560.0,5915.0,9655.0,-0.0234375
20260202,FU2611,2555.0,10413.0,13859.0,0.0
20260202,FU2612,2555.0,1863.0,1675.0,-0.0006332593064931127
20260202,FU2701,2543.0,10203.0,7367.0,0.09909555642941292
20260202,FU2702,2564.0,196.0,111.0,0.0
20260203,FU2603,2701.0,591744.0,108167.0,0.004442798963346206
20260203,FU2604,2702.0,41024.0,24731.0,-0.03997039230199828
20260203,FU2605,2693.0,454651.0,241320.0,-0.0980319346453773
20260203,FU2606,2671.0,36986.0,80538.0,-0.044926993635342694
20260203,FU2607,2661.0,19710.0,49714.0,-0.1082299887260425
20260203,FU2608,2637.0,1671.0,5011.0,-0.0637087599544941
20260203,FU2609,2623.0,25447.0,42981.0,-0.1646969119329018
20260203,FU2610,2587.0,2643.0,9604.0,-0.009277155005797955
20260203,FU2611,2585.0,5784.0,13970.0,-0.009284332688587416
20260203,FU2612,2583.0,741.0,1581.0,-0.0005741951480510042
20260203,FU2701,2572.0,5339.0,7491.0,0.018662519440125536
20260203,FU2702,2576.0,186.0,163.0,0.0
20260204,FU2603,2797.0,589785.0,98187.0,-0.025741866285305726
20260204,FU2604,2791.0,38241.0,22767.0,-0.051594410605517727
20260204,FU2605,2779.0,478925.0,246269.0,-0.09068010075566768
20260204,FU2606,2758.0,36052.0,82552.0,-0.08701957940536609
20260204,FU2607,2738.0,26578.0,53599.0,-0.1008035062089121
20260204,FU2608,2715.0,2626.0,5081.0,-0.10165745856353592
20260204,FU2609,2692.0,32663.0,45846.0,-0.1872213967310543
20260204,FU2610,2650.0,5467.0,8448.0,-0.0498113207547175
20260204,FU2611,2639.0,7261.0,14460.0,-0.022735884804849782
20260204,FU2612,2634.0,598.0,1486.0,-0.0006654551969491457
20260204,FU2701,2621.0,4651.0,7154.0,0.004578405188858881
20260204,FU2702,2622.0,238.0,172.0,0.0
20260205,FU2603,2824.0,545609.0,84406.0,-0.029745042492918206
20260205,FU2604,2817.0,26763.0,22058.0,-0.05537806176783766
20260205,FU2605,2804.0,562305.0,257132.0,-0.09843081312410806
20260205,FU2606,2781.0,53250.0,83330.0,-0.08198489751887861
20260205,FU2607,2762.0,22945.0,53316.0,-0.15206372194062334
20260205,FU2608,2727.0,2935.0,5018.0,-0.07480748074807542
20260205,FU2609,2710.0,26511.0,46850.0,-0.19926199261992616
20260205,FU2610,2665.0,2210.0,8332.0,-0.07204502814258928
20260205,FU2611,2649.0,4709.0,13731.0,-0.02265005662514108
20260205,FU2612,2644.0,409.0,1421.0,-0.0009179146339390377
20260205,FU2701,2626.0,3225.0,6872.0,0.004569687738004369
20260205,FU2702,2627.0,72.0,181.0,0.0
20260206,FU2603,2840.0,378202.0,61898.0,0.004225352112676717
20260206,FU2604,2841.0,30893.0,19264.0,-0.04223864836325175
20260206,FU2605,2831.0,911307.0,282645.0,-0.08053691275167774
20260206,FU2606,2812.0,72255.0,86298.0,-0.07254623044096675
20260206,FU2607,2795.0,22940.0,54656.0,-0.12880143112701203
20260206,FU2608,2765.0,3618.0,5278.0,-0.11283905967450236
20260206,FU2609,2739.0,25303.0,47544.0,-0.22782037239868558
20260206,FU2610,2687.0,2811.0,8113.0,-0.08038704875325609
20260206,FU2611,2669.0,7831.0,12932.0,-0.04046459348070375
20260206,FU2612,2660.0,409.0,1369.0,-0.001013770381008709
20260206,FU2701,2640.0,4280.0,6535.0,-0.009090909090908816
20260206,FU2702,2638.0,143.0,167.0,0.0
20260209,FU2603,2807.0,196774.0,40096.0,-0.02992518703241842
20260209,FU2604,2800.0,20812.0,19284.0,-0.025714285714285356
20260209,FU2605,2794.0,885775.0,281323.0,-0.10737294201861136
20260209,FU2606,2769.0,73210.0,87023.0,-0.0650054171180936
20260209,FU2607,2754.0,21619.0,54680.0,-0.10021786492374662
20260209,FU2608,2731.0,3038.0,5352.0,-0.1318198462101794
20260209,FU2609,2701.0,26294.0,46395.0,-0.208811551277305
20260209,FU2610,2654.0,3095.0,7910.0,-0.05877920120572666
20260209,FU2611,2641.0,5433.0,12854.0,-0.022718667171525375
20260209,FU2612,2636.0,452.0,1393.0,-0.0007672503452626621
20260209,FU2701,2621.0,3374.0,6601.0,0.004578405188858881
20260209,FU2702,2622.0,186.0,218.0,0.0
20260210,FU2603,2851.0,104988.0,28731.0,-0.021045247281655133
20260210,FU2604,2846.0,16254.0,18636.0,-0.004216444132115527
20260210,FU2605,2845.0,864242.0,290898.0,-0.10123022847100183
20260210,FU2606,2821.0,65077.0,84572.0,-0.0935838355193197
20260210,FU2607,2799.0,23762.0,55206.0,-0.12861736334405105
20260210,FU2608,2769.0,2070.0,5310.0,-0.12134344528710717
20260210,FU2609,2741.0,17681.0,47206.0,-0.22765414082451718
20260210,FU2610,2689.0,2495.0,7668.0,-0.049088880624768017
20260210,FU2611,2678.0,4054.0,12750.0,-0.04480955937266584
20260210,FU2612,2668.0,523.0,1326.0,-0.0011118036487374318
20260210,FU2701,2646.0,2271.0,6640.0,-0.009070294784580213
20260210,FU2702,2644.0,156.0,258.0,0.0
20260211,FU2603,2875.0,69617.0,21469.0,-0.03756521739130392
20260211,FU2604,2866.0,13394.0,17441.0,-0.02512212142358683
20260211,FU2605,2860.0,644288.0,296089.0,-0.09650349650349677
20260211,FU2606,2837.0,51803.0,81763.0,-0.10151568558336299
20260211,FU2607,2813.0,23670.0,54211.0,-0.13650906505510152
20260211,FU2608,2781.0,1499.0,5365.0,-0.1294498381877025
20260211,FU2609,2751.0,12327.0,47657.0,-0.20937840785169026
20260211,FU2610,2703.0,1829.0,7412.0,-0.10210876803551638
20260211,FU2611,2680.0,4701.0,12540.0,-0.049253731343283924
20260211,FU2612,2669.0,565.0,1392.0,-0.001060869492003489
20260211,FU2701,2648.0,1971.0,6710.0,0.0045317220543807935
20260211,FU2702,2649.0,176.0,358.0,0.0
20260212,FU2603,3013.0,69011.0,10735.0,-0.4699634915366744
20260212,FU2604,2895.0,22254.0,17456.0,-0.02901554404145079
20260212,FU2605,2888.0,921044.0,294688.0,-0.11634349030470936
20260212,FU2606,2860.0,76928.0,80832.0,-0.12587412587412627
20260212,FU2607,2830.0,31903.0,54906.0,-0.15265017667844472
20260212,FU2608,2794.0,3000.0,5304.0,-0.15891195418754434
20260212,FU2609,2757.0,26008.0,45541.0,-0.21327529923830246
20260212,FU2610,2708.0,4633.0,7091.0,-0.10635155096011761
20260212,FU2611,2684.0,6735.0,12144.0,-0.03576751117734789
20260212,FU2612,2676.0,640.0,1354.0,-0.0010077089736484032
20260212,FU2701,2656.0,4000.0,6778.0,-0.022590361445782747
20260212,FU2702,2651.0,356.0,505.0,0.0
20260213,FU2603,3080.0,2199.0,9145.0,-0.8999999999999995
20260213,FU2604,2849.0,20338.0,16676.0,-0.03790803790803832
20260213,FU2605,2840.0,702038.0,265526.0,-0.14788732394366244
20260213,FU2606,2805.0,74610.0,78056.0,-0.11550802139037453
20260213,FU2607,2778.0,28483.0,56880.0,-0.16846652267818607
20260213,FU2608,2739.0,2461.0,5119.0,-0.1270536692223443
20260213,FU2609,2710.0,17516.0,44562.0,-0.18597785977859793
20260213,FU2610,2668.0,3493.0,7242.0,-0.11694152923538237
20260213,FU2611,2642.0,3863.0,12016.0,-0.036336109008326734
20260213,FU2612,2634.0,610.0,1331.0,-0.0005630774743415802
20260213,FU2701,2623.0,2784.0,6909.0,-0.009149828440717211
20260213,FU2702,2621.0,357.0,548.0,0.0
20260224,FU2603,3126.0,161.0,8998.0,-0.6986564299424178
20260224,FU2604,2944.0,17193.0,16399.0,-0.008152173913043015
20260224,FU2605,2942.0,517988.0,303121.0,-0.11828687967369156
20260224,FU2606,2913.0,77792.0,83541.0,-0.05767250257466561
20260224,FU2607,2899.0,27989.0,59171.0,-0.12832011038289082
20260224,FU2608,2868.0,2900.0,5531.0,-0.15062761506276123
20260224,FU2609,2832.0,34599.0,44932.0,-0.19915254237288194
20260224,FU2610,2785.0,3988.0,7347.0,-0.12926391382405766
20260224,FU2611,2755.0,5628.0,12071.0,-0.030490018148819686
20260224,FU2612,2748.0,457.0,1319.0,-0.0011285020362101896
20260224,FU2701,2725.0,3303.0,6944.0,0.0
20260224,FU2702,2725.0,321.0,560.0,0.0
20260225,FU2603,2965.0,454.0,8589.0,-0.09713322091062437
20260225,FU2604,2941.0,15338.0,16787.0,0.00816048962937721
20260225,FU2605,2943.0,666956.0,292353.0,-0.09785932721712554
20260225,FU2606,2919.0,91469.0,94456.0,-0.06577595066803754
20260225,FU2607,2903.0,27358.0,62990.0,-0.11574233551498425
20260225,FU2608,2875.0,3072.0,5683.0,-0.150260869565217
20260225,FU2609,2839.0,24414.0,46856.0,-0.21556886227544947
20260225,FU2610,2788.0,1815.0,7146.0,-0.11621233859397373
20260225,FU2611,2761.0,4695.0,13080.0,-0.043462513582035456
20260225,FU2612,2751.0,555.0,1329.0,-0.0009802359918150319
20260225,FU2701,2731.0,3457.0,7754.0,0.0
20260225,FU2702,2731.0,272.0,599.0,0.0
20260226,FU2603,2931.0,379.0,8421.0,0.18014329580348054
20260226,FU2604,2975.0,12845.0,16533.0,0.04840336134453871
20260226,FU2605,2987.0,956667.0,289860.0,-0.09641781051221976
20260226,FU2606,2963.0,127802.0,106422.0,-0.11744853189335114
20260226,FU2607,2934.0,46366.0,72666.0,-0.11860940695296485
20260226,FU2608,2905.0,11906.0,10939.0,-0.13631669535284052
20260226,FU2609,2872.0,27139.0,49139.0,-0.24233983286908112
20260226,FU2610,2814.0,3528.0,7563.0,-0.12366737739872002
20260226,FU2611,2785.0,5225.0,13160.0,-0.05601436265709214
20260226,FU2612,2772.0,602.0,1359.0,-0.0011673719538888134
20260226,FU2701,2748.0,3294.0,7762.0,-0.013100436681222405
20260226,FU2702,2745.0,389.0,620.0,0.0
20260227,FU2603,2860.0,297.0,8130.0,0.35244755244755144
20260227,FU2604,2944.0,10139.0,17073.0,0.06521739130434678
20260227,FU2605,2960.0,868275.0,265211.0,-0.105405405405405
20260227,FU2606,2934.0,124394.0,118288.0,-0.08179959100204481
20260227,FU2607,2914.0,39428.0,76852.0,-0.11118737131091327
20260227,FU2608,2887.0,20465.0,20508.0,-0.1330100450294429
20260227,FU2609,2855.0,31063.0,52208.0,-0.2479859894921188
20260227,FU2610,2796.0,2681.0,7586.0,-0.1201716738197427
20260227,FU2611,2768.0,4968.0,13743.0,-0.07369942196531776
20260227,FU2612,2751.0,795.0,1338.0,-0.0010782595909965334
20260227,FU2701,2729.0,4606.0,8464.0,-0.013191645291315002
20260227,FU2702,2726.0,308.0,682.0,0.0
20260302,FU2604,3175.0,14363.0,17402.0,0.041574803149605266
20260302,FU2605,3186.0,1046282.0,300245.0,-0.10169491525423702
20260302,FU2606,3159.0,175909.0,117979.0,-0.09496676163342777
20260302,FU2607,3134.0,65943.0,87381.0,-0.0918953414167194
20260302,FU2608,3110.0,16227.0,25695.0,-0.15819935691318276
20260302,FU2609,3069.0,68992.0,61265.0,-0.21505376344085958
20260302,FU2610,3014.0,4915.0,7995.0,-0.13536828135368228
20260302,FU2611,2980.0,8418.0,14193.0,-0.03221476510067056
20260302,FU2612,2972.0,2176.0,1740.0,-0.0011795484446595161
20260302,FU2701,2946.0,11093.0,9594.0,0.0
20260302,FU2702,2946.0,1215.0,822.0,0.5254582484725061
20260302,FU2703,3075.0,9531.0,3795.0,0.0
20260303,FU2604,3457.0,28655.0,14561.0,0.05553948510269002
20260303,FU2605,3473.0,1706156.0,325962.0,-0.0794701986754971
20260303,FU2606,3450.0,315911.0,131363.0,-0.04869565217391347
20260303,FU2607,3436.0,120067.0,96871.0,-0.17811408614668212
20260303,FU2608,3385.0,35504.0,30060.0,-0.15243722304283658
20260303,FU2609,3342.0,161016.0,69154.0,-0.2657091561938958
20260303,FU2610,3268.0,10134.0,8761.0,-0.20930232558139572
20260303,FU2611,3211.0,14946.0,14843.0,-0.1158517595764561
20260303,FU2612,3180.0,4124.0,2018.0,-0.0008479966080135678
20260303,FU2701,3160.0,20132.0,10262.0,0.0
20260303,FU2702,3160.0,2705.0,944.0,-0.056962025316456
20260303,FU2703,3145.0,15552.0,2964.0,0.0
20260304,FU2604,3885.0,53446.0,14892.0,0.009266409266410314
20260304,FU2605,3888.0,2989737.0,325463.0,-0.2561728395061724
20260304,FU2606,3805.0,445472.0,127389.0,-0.4036793692509857
20260304,FU2607,3677.0,212319.0,89031.0,-0.32635300516725607
20260304,FU2608,3577.0,102865.0,34261.0,-0.40257198769918867
20260304,FU2609,3457.0,224692.0,73669.0,-0.30199595024587733
20260304,FU2610,3370.0,13572.0,8616.0,-0.24213649851632058
20260304,FU2611,3302.0,18493.0,14666.0,-0.0363416111447612
20260304,FU2612,3292.0,5675.0,2246.0,-0.0020069081327562946
20260304,FU2701,3243.0,26677.0,10312.0,-0.029602220166512705
20260304,FU2702,3235.0,4222.0,1161.0,-0.01854714064914953
20260304,FU2703,3230.0,16146.0,2575.0,0.0
20260305,FU2604,3884.0,128927.0,17073.0,-0.1204943357363546
20260305,FU2605,3845.0,4945491.0,323642.0,-0.8114434330299085
20260305,FU2606,3585.0,513230.0,123002.0,-0.34476987447698715
20260305,FU2607,3482.0,181636.0,79698.0,-0.2550258472142448
20260305,FU2608,3408.0,65967.0,32140.0,-0.33802816901408406
20260305,FU2609,3312.0,207012.0,67825.0,-0.3876811594202896
20260305,FU2610,3205.0,11376.0,9122.0,-0.13853354134165352
20260305,FU2611,3168.0,18276.0,13573.0,-0.15530303030303072
20260305,FU2612,3127.0,3142.0,1809.0,-0.0012504356762233985
20260305,FU2701,3098.0,20941.0,10460.0,0.030987734021948654
20260305,FU2702,3106.0,2251.0,1173.0,-0.07726980038634901
20260305,FU2703,3086.0,8810.0,2210.0,0.0
20260306,FU2604,4044.0,111527.0,15967.0,-0.21364985163204686
20260306,FU2605,3972.0,3678100.0,287491.0,-0.797583081570997
20260306,FU2606,3708.0,364063.0,111099.0,-0.43689320388349495
20260306,FU2607,3573.0,101668.0,71753.0,-0.29890848026868166
20260306,FU2608,3484.0,26159.0,29875.0,-0.3444316877152698
20260306,FU2609,3384.0,127897.0,67027.0,-0.3510638297872344
20260306,FU2610,3285.0,6697.0,8833.0,-0.18995433789954363
20260306,FU2611,3233.0,12126.0,13352.0,-0.10763996288277111
20260306,FU2612,3204.0,1498.0,1697.0,-0.001136220174220422
20260306,FU2701,3177.0,9546.0,10675.0,-0.06043437204910296
20260306,FU2702,3161.0,874.0,1117.0,-0.007592534008225016
20260306,FU2703,3159.0,2698.0,2056.0,0.0
20260309,FU2604,4623.0,47103.0,14822.0,-0.19467878001297834
20260309,FU2605,4548.0,1622804.0,255162.0,-0.7335092348284964
20260309,FU2606,4270.0,165746.0,105905.0,-0.4018735362997652
20260309,FU2607,4127.0,65754.0,66927.0,-0.27913738793312337
20260309,FU2608,4031.0,34190.0,28018.0,-0.5298933267179367
20260309,FU2609,3853.0,106285.0,62664.0,-0.3581624708019726
20260309,FU2610,3738.0,8003.0,8587.0,-0.1926163723916532
20260309,FU2611,3678.0,10038.0,13474.0,-0.12398042414355581
20260309,FU2612,3640.0,2809.0,1650.0,-0.0014446227929373946
20260309,FU2701,3601.0,13533.0,9398.0,-0.04998611496806493
20260309,FU2702,3586.0,2220.0,1200.0,0.006692693809258188
20260309,FU2703,3588.0,5052.0,2409.0,0.0
20260310,FU2604,4419.0,71129.0,13674.0,-0.08961303462321757
20260310,FU2605,4386.0,2868762.0,267296.0,-0.7496580027359783
20260310,FU2606,4112.0,304951.0,102992.0,-0.47276264591439654
20260310,FU2607,3950.0,103940.0,63597.0,-0.3888607594936708
20260310,FU2608,3822.0,36077.0,28123.0,-0.492935635792779
20260310,FU2609,3665.0,145279.0,65044.0,-0.31105047748976844
20260310,FU2610,3570.0,14237.0,6071.0,-0.31596638655462206
20260310,FU2611,3476.0,12784.0,11926.0,-0.11737629459148424
20260310,FU2612,3442.0,3351.0,1474.0,-0.001762758782782418
20260310,FU2701,3397.0,15438.0,8827.0,-0.1307035619664414
20260310,FU2702,3360.0,2299.0,847.0,-0.07142857142857117
20260310,FU2703,3340.0,7226.0,2090.0,0.0
20260311,FU2604,4343.0,28913.0,12587.0,-0.06907667510937143
20260311,FU2605,4318.0,1407966.0,289447.0,-0.7753589624826303
20260311,FU2606,4039.0,159040.0,102967.0,-0.4545679623669221
20260311,FU2607,3886.0,51788.0,58001.0,-0.32732887287699386
20260311,FU2608,3780.0,11748.0,26091.0,-0.4158730158730153
20260311,FU2609,3649.0,63462.0,67883.0,-0.2630857769251844
20260311,FU2610,3569.0,4532.0,5583.0,-0.27906976744186096
20260311,FU2611,3486.0,4254.0,11389.0,-0.19277108433734913
20260311,FU2612,3430.0,866.0,1418.0,-0.0013758312313689536
20260311,FU2701,3395.0,5216.0,8307.0,-0.08129602356406451
20260311,FU2702,3372.0,374.0,802.0,-0.06049822064056887
20260311,FU2703,3355.0,1462.0,2084.0,0.0
20260312,FU2604,4791.0,74917.0,12687.0,-0.3456480901690675
20260312,FU2605,4653.0,2025180.0,291632.0,-0.9103803997421016
20260312,FU2606,4300.0,197801.0,83195.0,-0.41581395348837225
20260312,FU2607,4151.0,59960.0,51066.0,-0.3208865333654538
20260312,FU2608,4040.0,20732.0,22637.0,-0.47821782178217864
20260312,FU2609,3879.0,103734.0,77917.0,-0.14849187935034758
20260312,FU2610,3831.0,12266.0,4596.0,-0.11589663273296802
20260312,FU2611,3794.0,19580.0,8684.0,-0.19609910384818097
20260312,FU2612,3732.0,2318.0,1392.0,-0.001734166696773725
20260312,FU2701,3684.0,11252.0,7647.0,-0.07491856677524433
20260312,FU2702,3661.0,1291.0,714.0,-0.08522261677137433
20260312,FU2703,3635.0,3960.0,1882.0,0.0
20260313,FU2604,4934.0,50096.0,14392.0,-0.49614916903121253
20260313,FU2605,4730.0,1430551.0,294055.0,-0.8600422832980974
20260313,FU2606,4391.0,104592.0,80661.0,-0.4235937144158508
20260313,FU2607,4236.0,31139.0,46201.0,-0.3512747875354112
20260313,FU2608,4112.0,10786.0,22365.0,-0.45525291828793746
20260313,FU2609,3956.0,52568.0,77842.0,-0.15166835187057615
20260313,FU2610,3906.0,3375.0,4183.0,-0.1874039938556069
20260313,FU2611,3845.0,5024.0,8435.0,-0.2028608582574778
20260313,FU2612,3780.0,790.0,1299.0,-0.0018548243267344374
20260313,FU2701,3728.0,4885.0,7052.0,-0.1351931330472107
20260313,FU2702,3686.0,517.0,694.0,-0.08790016277807933
20260313,FU2703,3659.0,1718.0,1795.0,0.0
20260316,FU2604,4905.0,31294.0,12889.0,-0.13944954128440346
20260316,FU2605,4848.0,1190238.0,284138.0,-0.7747524752475252
20260316,FU2606,4535.0,98847.0,77418.0,-0.40485115766262414
20260316,FU2607,4382.0,30870.0,44214.0,-0.3642172523961662
20260316,FU2608,4249.0,11093.0,19651.0,-0.4462226406213232
20260316,FU2609,4091.0,58173.0,77495.0,-0.19359569787338105
20260316,FU2610,4025.0,2587.0,3993.0,-0.21167701863354083
20260316,FU2611,3954.0,4102.0,8106.0,-0.2518968133535662
20260316,FU2612,3871.0,751.0,1255.0,-0.0021247013952786385
20260316,FU2701,3810.0,5205.0,7072.0,-0.16377952755905545
20260316,FU2702,3758.0,483.0,666.0,-0.13092070250133014
20260316,FU2703,3717.0,1808.0,1702.0,0.0
20260317,FU2604,4823.0,24194.0,12350.0,-0.12938005390835539
20260317,FU2605,4771.0,1090469.0,273205.0,-0.6589813456298468
20260317,FU2606,4509.0,94261.0,69253.0,-0.4950099800399199
20260317,FU2607,4323.0,29813.0,40847.0,-0.3636363636363633
20260317,FU2608,4192.0,8326.0,18954.0,-0.4551526717557248
20260317,FU2609,4033.0,52378.0,76901.0,-0.21423258120505828
20260317,FU2610,3961.0,2033.0,3943.0,-0.23630396364554374
20260317,FU2611,3883.0,4038.0,7627.0,-0.24723152201905707
20260317,FU2612,3803.0,611.0,1194.0,-0.0022336003214493594
20260317,FU2701,3740.0,4286.0,6735.0,-0.1443850267379685
20260317,FU2702,3695.0,335.0,637.0,-0.12990527740189384
20260317,FU2703,3655.0,1309.0,1545.0,0.0
20260318,FU2604,4651.0,37347.0,15136.0,-0.05676198666953303
20260318,FU2605,4629.0,853870.0,266352.0,-0.5599481529488006
20260318,FU2606,4413.0,74476.0,66090.0,-0.49762066621346035
20260318,FU2607,4230.0,22382.0,39770.0,-0.41418439716312117
20260318,FU2608,4084.0,6392.0,18260.0,-0.42311459353574987
20260318,FU2609,3940.0,44097.0,77737.0,-0.24974619289340083
20260318,FU2610,3858.0,1296.0,4025.0,-0.20839813374805605
20260318,FU2611,3791.0,3633.0,7121.0,-0.2595621208124501
20260318,FU2612,3709.0,749.0,1248.0,-0.0014904529219844879
20260318,FU2701,3668.0,2601.0,6309.0,-0.1177753544165756
20260318,FU2702,3632.0,184.0,652.0,-0.16519823788546217
20260318,FU2703,3582.0,884.0,1626.0,0.0
20260319,FU2604,5012.0,19052.0,9203.0,-0.002394253790901857
20260319,FU2605,5011.0,1090419.0,270733.0,-0.4262622231091595
20260319,FU2606,4833.0,111201.0,65636.0,-0.3972687771570458
20260319,FU2607,4673.0,35882.0,39141.0,-0.4442542264070184
20260319,FU2608,4500.0,11449.0,18618.0,-0.4399999999999995
20260319,FU2609,4335.0,72581.0,77373.0,-0.3211072664359862
20260319,FU2610,4219.0,3525.0,3853.0,-0.2872718653709412
20260319,FU2611,4118.0,7649.0,6746.0,-0.29140359397765936
20260319,FU2612,4018.0,1270.0,1238.0,-0.002953003618547994
20260319,FU2701,3930.0,7984.0,7269.0,-0.18931297709923633
20260319,FU2702,3868.0,699.0,561.0,-0.13340227507755964
20260319,FU2703,3825.0,2351.0,1736.0,0.0
20260320,FU2604,4681.0,7949.0,7623.0,0.19226660969878218
20260320,FU2605,4756.0,871298.0,254618.0,-0.4011774600504623
20260320,FU2606,4597.0,106389.0,58667.0,-0.38372851859908597
20260320,FU2607,4450.0,47777.0,26652.0,-0.39640449438202285
20260320,FU2608,4303.0,17908.0,13913.0,-0.41831280501975376
20260320,FU2609,4153.0,73605.0,68163.0,-0.3236214784493141
20260320,FU2610,4041.0,3244.0,3546.0,-0.2791388270230146
20260320,FU2611,3947.0,4509.0,6092.0,-0.29794780846212365
20260320,FU2612,3849.0,899.0,1094.0,-0.002171875957858593
20260320,FU2701,3787.0,4541.0,6879.0,-0.14259308159493012
20260320,FU2702,3742.0,256.0,529.0,-0.16354890432923552
20260320,FU2703,3691.0,1643.0,1542.0,0.0
20260323,FU2604,5006.0,3492.0,6901.0,0.12944466640032015
20260323,FU2605,5060.0,766298.0,248270.0,-0.32490118577075044
20260323,FU2606,4923.0,89623.0,63808.0,-0.34856794637416266
20260323,FU2607,4780.0,26102.0,26310.0,-0.40418410041840946
20260323,FU2608,4619.0,12327.0,13385.0,-0.4806235115825932
20260323,FU2609,4434.0,53414.0,71287.0,-0.35182679296346375
20260323,FU2610,4304.0,2287.0,3463.0,-0.32342007434944176
20260323,FU2611,4188.0,4141.0,6476.0,-0.3094555873925495
20260323,FU2612,4080.0,654.0,1099.0,-0.002511566424322544
20260323,FU2701,4004.0,4837.0,7636.0,-0.19780219780219843
20260323,FU2702,3938.0,352.0,568.0,-0.15236160487557138
20260323,FU2703,3888.0,1744.0,1548.0,0.0
20260324,FU2604,4510.0,3217.0,6163.0,0.21286031042128695
20260324,FU2605,4590.0,902252.0,248085.0,-0.30849673202614314
20260324,FU2606,4472.0,95507.0,58911.0,-0.27101967799642246
20260324,FU2607,4371.0,31130.0,25460.0,-0.35964310226492824
20260324,FU2608,4240.0,12735.0,13022.0,-0.41320754716981156
20260324,FU2609,4094.0,71826.0,69649.0,-0.2286272594040062
20260324,FU2610,4016.0,2974.0,3453.0,-0.25099601593625476
20260324,FU2611,3932.0,6280.0,5847.0,-0.2838250254323498
20260324,FU2612,3839.0,908.0,1136.0,-0.0017209537830251847
20260324,FU2701,3790.0,7064.0,7607.0,-0.1551451187335089
20260324,FU2702,3741.0,389.0,558.0,-0.14755412991178796
20260324,FU2703,3695.0,2048.0,1315.0,0.0
20260325,FU2604,4270.0,86.0,6160.0,0.2192037470725987
20260325,FU2605,4348.0,835198.0,233157.0,-0.2539098436062561
20260325,FU2606,4256.0,97851.0,55052.0,-0.31015037593985006
20260325,FU2607,4146.0,37977.0,23256.0,-0.37916063675832135
20260325,FU2608,4015.0,16341.0,8800.0,-0.3735990037359902
20260325,FU2609,3890.0,76031.0,62389.0,-0.20359897172236519
20260325,FU2610,3824.0,3131.0,3159.0,-0.16945606694560622
20260325,FU2611,3770.0,4657.0,5927.0,-0.20689655172413834
20260325,FU2612,3705.0,1068.0,1092.0,-0.0019651548924168624
20260325,FU2701,3651.0,10474.0,6121.0,-0.006573541495481283
20260325,FU2702,3649.0,431.0,575.0,-0.17758289942449945
20260325,FU2703,3595.0,2039.0,1421.0,0.0
20260326,FU2604,4327.0,541.0,5764.0,0.18303674601340525
20260326,FU2605,4393.0,590883.0,216394.0,-0.22672433416799498
20260326,FU2606,4310.0,61398.0,52870.0,-0.225522041763341
20260326,FU2607,4229.0,15560.0,23172.0,-0.28659257507685076
20260326,FU2608,4128.0,5094.0,8063.0,-0.3459302325581395
20260326,FU2609,4009.0,42237.0,61497.0,-0.2873534547268646
20260326,FU2610,3913.0,1438.0,2940.0,-0.17480194224380252
20260326,FU2611,3856.0,2535.0,5698.0,-0.2738589211618261
20260326,FU2612,3768.0,532.0,983.0,-0.0017175982251485002
20260326,FU2701,3720.0,2781.0,6251.0,-0.13225806451612865
20260326,FU2702,3679.0,161.0,567.0,-0.14677901603696597
20260326,FU2703,3634.0,610.0,1411.0,0.0
20260327,FU2604,4399.0,23.0,5751.0,0.17731302568765628
20260327,FU2605,4464.0,525750.0,207619.0,-0.13978494623655946
20260327,FU2606,4412.0,71318.0,48477.0,-0.23662737987307336
20260327,FU2607,4325.0,14809.0,24507.0,-0.34127167630057853
20260327,FU2608,4202.0,4464.0,7843.0,-0.41123274631127993
20260327,FU2609,4058.0,41045.0,63537.0,-0.2750123213405615
20260327,FU2610,3965.0,954.0,2974.0,-0.22395964691046677
20260327,FU2611,3891.0,2114.0,5822.0,-0.23130300693909023
20260327,FU2612,3816.0,257.0,968.0,-0.001978658752031663
20260327,FU2701,3760.0,2425.0,6273.0,-0.10851063829787266
20260327,FU2702,3726.0,112.0,550.0,-0.20611916264090135
20260327,FU2703,3662.0,536.0,1435.0,0.0
20260330,FU2604,4600.0,15.0,5745.0,0.04956521739130526
20260330,FU2605,4619.0,549670.0,190634.0,-0.10132063217146614
20260330,FU2606,4580.0,83297.0,50229.0,-0.2724890829694324
20260330,FU2607,4476.0,24304.0,28404.0,-0.36729222520107285
20260330,FU2608,4339.0,8638.0,9517.0,-0.45632634247522486
20260330,FU2609,4174.0,58982.0,67693.0,-0.2558696693818874
20260330,FU2610,4085.0,2530.0,3336.0,-0.24088127294981687
20260330,FU2611,4003.0,4759.0,5874.0,-0.2578066450162382
20260330,FU2612,3917.0,926.0,1144.0,-0.0020309053305527934
20260330,FU2701,3858.0,4230.0,6884.0,-0.18040435458786908
20260330,FU2702,3800.0,237.0,538.0,-0.16421052631578892
20260330,FU2703,3748.0,1016.0,1318.0,0.0
20260331,FU2604,4490.0,0.0,5745.0,-0.11759465478841902
20260331,FU2605,4446.0,558100.0,180906.0,-0.1025641025641022
20260331,FU2606,4408.0,103710.0,53298.0,-0.33484573502722315
20260331,FU2607,4285.0,39536.0,31038.0,-0.36686114352392085
20260331,FU2608,4154.0,16594.0,8066.0,-0.3986519017814154
20260331,FU2609,4016.0,74133.0,63668.0,-0.25398406374502036
20260331,FU2610,3931.0,1923.0,3393.0,-0.21368608496565766
20260331,FU2611,3861.0,3725.0,5733.0,-0.2144522144522143
20260331,FU2612,3792.0,712.0,1085.0,-0.001991181908690092
20260331,FU2701,3736.0,3954.0,6740.0,-0.11884368308351201
20260331,FU2702,3699.0,160.0,514.0,-0.09083536090835409
20260331,FU2703,3671.0,979.0,1336.0,0.0
20260401,FU2605,4001.0,740296.0,175889.0,-0.14096475881029802
20260401,FU2606,3954.0,116361.0,51029.0,-0.303490136570562
20260401,FU2607,3854.0,32475.0,25511.0,-0.3300467047223665
20260401,FU2608,3748.0,7643.0,6805.0,-0.3842049092849522
20260401,FU2609,3628.0,77175.0,61205.0,-0.2116868798235947
20260401,FU2610,3564.0,2685.0,3097.0,-0.26599326599326645
20260401,FU2611,3485.0,5318.0,5416.0,-0.16183644189383006
20260401,FU2612,3438.0,795.0,1021.0,-0.0029805674843618266
20260401,FU2701,3362.0,7486.0,7688.0,-0.03212373587150541
20260401,FU2702,3353.0,192.0,528.0,-0.0823143453623616
20260401,FU2703,3330.0,1550.0,1536.0,0.028828828828827646
20260401,FU2704,3338.0,77.0,41.0,0.0
20260402,FU2605,4385.0,882261.0,177140.0,-0.2599771949828966
20260402,FU2606,4290.0,136612.0,54505.0,-0.36923076923076925
20260402,FU2607,4158.0,34213.0,27192.0,-0.4415584415584419
20260402,FU2608,4005.0,7571.0,7182.0,-0.40149812734082335
20260402,FU2609,3871.0,89018.0,58353.0,-0.31929733918884073
20260402,FU2610,3768.0,2699.0,2790.0,-0.28025477707006363
20260402,FU2611,3680.0,5190.0,5472.0,-0.14999999999999947
20260402,FU2612,3634.0,913.0,1115.0,-0.003005324247277591
20260402,FU2701,3553.0,6278.0,7949.0,-0.10470025330706445
20260402,FU2702,3522.0,365.0,498.0,-0.09540034071550263
20260402,FU2703,3494.0,1417.0,1582.0,-0.1614195764167139
20260402,FU2704,3447.0,99.0,66.0,0.0
20260403,FU2605,4511.0,1029696.0,171664.0,-0.348481489691864
20260403,FU2606,4380.0,132530.0,49711.0,-0.43013698630136954
20260403,FU2607,4223.0,35200.0,27335.0,-0.4574946720340991
20260403,FU2608,4062.0,6574.0,6653.0,-0.4549483013293947
20260403,FU2609,3908.0,77593.0,61780.0,-0.3316274309109515
20260403,FU2610,3800.0,1796.0,2931.0,-0.2873684210526313
20260403,FU2611,3709.0,4355.0,5588.0,-0.2555944998651922
20260403,FU2612,3630.0,1049.0,1342.0,-0.0024886247562447765
20260403,FU2701,3563.0,4271.0,8382.0,-0.14482177939938268
20260403,FU2702,3520.0,141.0,500.0,-0.17045454545454497
20260403,FU2703,3470.0,1088.0,1523.0,-0.020749279538905263
20260403,FU2704,3464.0,93.0,97.0,0.0
20260407,FU2605,4545.0,384297.0,163601.0,-0.3669966996699676
20260407,FU2606,4406.0,53707.0,49353.0,-0.40581025873808496
20260407,FU2607,4257.0,10973.0,26028.0,-0.45665961945031697
20260407,FU2608,4095.0,1702.0,6415.0,-0.45714285714285685
20260407,FU2609,3939.0,31701.0,60207.0,-0.35338918507235295
20260407,FU2610,3823.0,801.0,2896.0,-0.2542505885430293
20260407,FU2611,3742.0,1381.0,5436.0,-0.291822554783538
20260407,FU2612,3651.0,352.0,1287.0,-0.001957290445283581
20260407,FU2701,3598.0,2117.0,8620.0,-0.14674819344079992
20260407,FU2702,3554.0,80.0,486.0,-0.14518851997749005
20260407,FU2703,3511.0,470.0,1470.0,-0.10595272002278566
20260407,FU2704,3480.0,78.0,118.0,0.0
20260408,FU2605,3887.0,682794.0,149799.0,-0.15127347568819172
20260408,FU2606,3838.0,125634.0,49989.0,-0.3251693590411673
20260408,FU2607,3734.0,29393.0,24788.0,-0.3502945902517407
20260408,FU2608,3625.0,8076.0,4377.0,-0.4171034482758622
20260408,FU2609,3499.0,84550.0,57079.0,-0.2812232066304663
20260408,FU2610,3417.0,2549.0,2875.0,-0.22827041264266867
20260408,FU2611,3352.0,4980.0,4875.0,-0.2613365155131264
20260408,FU2612,3279.0,872.0,1262.0,-0.001439189119730256
20260408,FU2701,3244.0,9153.0,8897.0,-0.15536374845869272
20260408,FU2702,3202.0,295.0,499.0,-0.08619612742036287
20260408,FU2703,3179.0,1326.0,1620.0,-0.0943692985215474
20260408,FU2704,3154.0,201.0,204.0,0.0
20260409,FU2605,4139.0,709580.0,144318.0,-0.25803334138680833
20260409,FU2606,4050.0,121823.0,53535.0,-0.405925925925926
20260409,FU2607,3913.0,22402.0,24834.0,-0.3618706874520825
20260409,FU2608,3795.0,5392.0,3977.0,-0.4458498023715416
20260409,FU2609,3654.0,72844.0,56683.0,-0.2528735632183903
20260409,FU2610,3577.0,1532.0,2867.0,-0.21135029354207502
20260409,FU2611,3514.0,4174.0,4344.0,-0.23562891291974974
20260409,FU2612,3445.0,589.0,1263.0,-0.0020351918592325627
20260409,FU2701,3393.0,4895.0,8176.0,-0.12732095490716144
20260409,FU2702,3357.0,138.0,480.0,-0.14298480786416423
20260409,FU2703,3317.0,855.0,1601.0,-0.06873681037081658
20260409,FU2704,3298.0,158.0,217.0,0.0
20260410,FU2605,4059.0,448261.0,134372.0,-0.2187730968218773
20260410,FU2606,3985.0,87254.0,53530.0,-0.42158092848180617
20260410,FU2607,3845.0,16443.0,24994.0,-0.38387516254876397
20260410,FU2608,3722.0,3478.0,4419.0,-0.31273508866201016
20260410,FU2609,3625.0,46983.0,54425.0,-0.2582068965517239
20260410,FU2610,3547.0,772.0,2883.0,-0.18607273752466824
20260410,FU2611,3492.0,1740.0,3854.0,-0.2474226804123716
20260410,FU2612,3420.0,249.0,1256.0,-0.0018529469741770113
20260410,FU2701,3373.0,2910.0,7835.0,-0.10672991402312482
20260410,FU2702,3343.0,258.0,534.0,-0.13999401734968542
20260410,FU2703,3304.0,437.0,1610.0,-0.12348668280871733
20260410,FU2704,3270.0,107.0,237.0,0.0
20260413,FU2605,4191.0,407909.0,131959.0,-0.23765211166786004
20260413,FU2606,4108.0,93319.0,55906.0,-0.38558909444985456
20260413,FU2607,3976.0,20124.0,24400.0,-0.3772635814889336
20260413,FU2608,3851.0,4405.0,4471.0,-0.3178395222020254
20260413,FU2609,3749.0,55383.0,55254.0,-0.29767938116831116
20260413,FU2610,3656.0,1801.0,2771.0,-0.2100656455142227
20260413,FU2611,3592.0,2185.0,3749.0,-0.2104677060133633
20260413,FU2612,3529.0,639.0,1285.0,-0.0023688156876729193
20260413,FU2701,3467.0,3360.0,7994.0,-0.13152581482549808
20260413,FU2702,3429.0,127.0,503.0,-0.11898512685914264
20260413,FU2703,3395.0,461.0,1634.0,-0.08129602356406451
20260413,FU2704,3372.0,134.0,245.0,0.0
20260414,FU2605,4096.0,355579.0,125028.0,-0.216796875
20260414,FU2606,4022.0,92377.0,58662.0,-0.38786673296867225
20260414,FU2607,3892.0,15724.0,22760.0,-0.34840698869475784
20260414,FU2608,3779.0,3033.0,3977.0,-0.3175443238952105
20260414,FU2609,3679.0,47010.0,54059.0,-0.2511552052188093
20260414,FU2610,3602.0,1585.0,2355.0,-0.22987229317046065
20260414,FU2611,3533.0,2148.0,3348.0,-0.23775827908293268
20260414,FU2612,3463.0,527.0,1156.0,-0.0017131343545084981
20260414,FU2701,3419.0,2398.0,7876.0,-0.11231354197133658
20260414,FU2702,3387.0,74.0,483.0,-0.12046058458813169
20260414,FU2703,3353.0,335.0,1590.0,-0.07157769161944527
20260414,FU2704,3333.0,103.0,266.0,0.0
20260415,FU2605,4032.0,367499.0,125186.0,-0.11904761904761862
20260415,FU2606,3992.0,112688.0,65500.0,-0.3877755511022043
20260415,FU2607,3863.0,15915.0,23697.0,-0.3230649754077146
20260415,FU2608,3759.0,2996.0,3667.0,-0.3224261771747803
20260415,FU2609,3658.0,60470.0,54922.0,-0.2788408966648439
20260415,FU2610,3573.0,1188.0,2252.0,-0.21830394626364447
20260415,FU2611,3508.0,3149.0,3866.0,-0.2155074116305582
20260415,FU2612,3445.0,253.0,1178.0,-0.0018003620293211096
20260415,FU2701,3399.0,2763.0,7839.0,-0.15180935569285037
20260415,FU2702,3356.0,139.0,434.0,-0.12157330154946422
20260415,FU2703,3322.0,474.0,1465.0,-0.06863335340156507
20260415,FU2704,3303.0,231.0,296.0,0.0
20260416,FU2605,4027.0,225931.0,113733.0,-0.07747703004718165
20260416,FU2606,4001.0,75028.0,66327.0,-0.4048987753061737
20260416,FU2607,3866.0,12978.0,23230.0,-0.3445421624418006
20260416,FU2608,3755.0,1852.0,3718.0,-0.30679094540612484
20260416,FU2609,3659.0,30907.0,55115.0,-0.25580759770429085
20260416,FU2610,3581.0,356.0,2282.0,-0.2446244065903378
20260416,FU2611,3508.0,1284.0,3704.0,-0.2189281641961225
20260416,FU2612,3444.0,120.0,1177.0,-0.0021923814743765387
20260416,FU2701,3388.0,3034.0,9332.0,-0.12750885478158258
20260416,FU2702,3352.0,37.0,433.0,-0.10023866348448696
20260416,FU2703,3324.0,293.0,1513.0,-0.09386281588447698
20260416,FU2704,3298.0,129.0,329.0,0.0
20260417,FU2605,3975.0,239157.0,108530.0,-0.04528301886792452
20260417,FU2606,3960.0,90561.0,66767.0,-0.3636363636363633
20260417,FU2607,3840.0,12558.0,22879.0,-0.25312500000000027
20260417,FU2608,3759.0,1754.0,3665.0,-0.26496408619313705
20260417,FU2609,3676.0,42152.0,59279.0,-0.23177366702937974
20260417,FU2610,3605.0,738.0,2240.0,-0.22635228848821098
20260417,FU2611,3537.0,1095.0,3491.0,-0.26802374893977987
20260417,FU2612,3458.0,159.0,1184.0,-0.0019105672565163947
20260417,FU2701,3409.0,3973.0,9238.0,-0.15136403637430318
20260417,FU2702,3366.0,48.0,432.0,-0.10338680926916233
20260417,FU2703,3337.0,247.0,1472.0,-0.05753670961941859
20260417,FU2704,3321.0,139.0,353.0,0.0
20260420,FU2605,3876.0,328472.0,98213.0,-0.030959752321980893
20260420,FU2606,3866.0,193326.0,80799.0,-0.33523021210553505
20260420,FU2607,3758.0,30037.0,23842.0,-0.22032996274614192
20260420,FU2608,3689.0,5320.0,3937.0,-0.24071564109514787
20260420,FU2609,3615.0,97769.0,62726.0,-0.26224066390041534
20260420,FU2610,3536.0,2449.0,2500.0,-0.196832579185521
20260420,FU2611,3478.0,3619.0,3460.0,-0.3001725129384707
20260420,FU2612,3391.0,1011.0,1394.0,-0.0013916547105855162
20260420,FU2701,3356.0,8321.0,8510.0,-0.14302741358760418
20260420,FU2702,3316.0,231.0,396.0,-0.17008443908323345
20260420,FU2703,3269.0,1132.0,1629.0,-0.0844294891404096
20260420,FU2704,3246.0,493.0,413.0,0.0
20260421,FU2605,3762.0,217000.0,80440.0,0.04146730462520054
20260421,FU2606,3775.0,149746.0,80510.0,-0.27337748344370905
20260421,FU2607,3689.0,18197.0,23202.0,-0.19517484413120112
20260421,FU2608,3629.0,2525.0,3889.0,-0.1818682832736287
20260421,FU2609,3574.0,50938.0,63522.0,-0.22160044767767184
20260421,FU2610,3508.0,952.0,2386.0,-0.2189281641961225
20260421,FU2611,3444.0,1602.0,3265.0,-0.2439024390243909
20260421,FU2612,3374.0,266.0,1440.0,-0.001638438022418622
20260421,FU2701,3333.0,3401.0,7782.0,-0.1548154815481544
20260421,FU2702,3290.0,69.0,401.0,-0.09848024316109427
20260421,FU2703,3263.0,242.0,1599.0,-0.05884155684952441
20260421,FU2704,3247.0,144.0,419.0,0.0
20260422,FU2605,3829.0,159870.0,59316.0,0.028205797858447568
20260422,FU2606,3838.0,158907.0,91974.0,-0.27514330380406493
20260422,FU2607,3750.0,17982.0,22876.0,-0.19839999999999947
20260422,FU2608,3688.0,1819.0,4119.0,-0.24078091106290644
20260422,FU2609,3614.0,53527.0,63138.0,-0.21250691754288908
20260422,FU2610,3550.0,706.0,2240.0,-0.2332394366197188
20260422,FU2611,3481.0,1375.0,3321.0,-0.2654409652398737
20260422,FU2612,3404.0,318.0,1446.0,-0.0015447787797567922
20260422,FU2701,3365.0,3023.0,8112.0,-0.12124814264487327
20260422,FU2702,3331.0,51.0,402.0,-0.12608826178324817
20260422,FU2703,3296.0,333.0,1540.0,-0.06189320388349495
20260422,FU2704,3279.0,121.0,419.0,0.0
20260423,FU2605,4018.0,148210.0,18979.0,-0.050771528123444654
20260423,FU2606,4001.0,277085.0,125463.0,-0.3299175206198446
20260423,FU2607,3891.0,29967.0,26988.0,-0.2621434078643028
20260423,FU2608,3806.0,2375.0,4027.0,-0.23646873357856002
20260423,FU2609,3731.0,70214.0,68683.0,-0.27660144733315484
20260423,FU2610,3645.0,1196.0,2281.0,-0.24362139917695425
20260423,FU2611,3571.0,2191.0,3401.0,-0.24194903388406575
20260423,FU2612,3499.0,350.0,1437.0,-0.0011945628124889602
20260423,FU2701,3468.0,3750.0,8366.0,-0.1384083044982698
20260423,FU2702,3428.0,134.0,420.0,-0.09451575262543699
20260423,FU2703,3401.0,421.0,1592.0,-0.11290796824463367
20260423,FU2704,3369.0,202.0,414.0,0.0
20260424,FU2605,4059.0,12548.0,13704.0,0.09164818920916495
20260424,FU2606,4090.0,297527.0,147162.0,-0.3931540342298292
20260424,FU2607,3956.0,22079.0,29360.0,-0.2851365015166838
20260424,FU2608,3862.0,2860.0,4339.0,-0.30761263593992716
20260424,FU2609,3763.0,52807.0,68483.0,-0.2646824342280092
20260424,FU2610,3680.0,865.0,2248.0,-0.23152173913043494
20260424,FU2611,3609.0,2335.0,3668.0,-0.2527015793848717
20260424,FU2612,3533.0,289.0,1447.0,-0.0013738841166911027
20260424,FU2701,3497.0,3475.0,8806.0,-0.12353445810694819
20260424,FU2702,3461.0,65.0,412.0,-0.11095059231435966
20260424,FU2703,3429.0,247.0,1580.0,-0.11898512685914264
20260424,FU2704,3395.0,126.0,409.0,0.0
20260427,FU2605,4133.0,2163.0,12408.0,0.06097265908540894
20260427,FU2606,4154.0,221769.0,148076.0,-0.32065479056331236
20260427,FU2607,4043.0,23329.0,29022.0,-0.30868167202572305
20260427,FU2608,3939.0,2320.0,3957.0,-0.2741812642802741
20260427,FU2609,3849.0,49848.0,76031.0,-0.30553390491036625
20260427,FU2610,3751.0,1175.0,2205.0,-0.252732604638763
20260427,FU2611,3672.0,1387.0,3771.0,-0.21895424836601318
20260427,FU2612,3605.0,341.0,1463.0,-0.0017204569184497238
20260427,FU2701,3559.0,2741.0,8787.0,-0.13486934532171935
20260427,FU2702,3519.0,81.0,406.0,-0.09889173060528611
20260427,FU2703,3490.0,370.0,1506.0,-0.12722063037249232
20260427,FU2704,3453.0,214.0,441.0,0.0
20260428,FU2605,4275.0,837.0,11877.0,0.13192982456140268
20260428,FU2606,4322.0,282042.0,152982.0,-0.3109671448403515
20260428,FU2607,4210.0,26023.0,29949.0,-0.3334916864608082
20260428,FU2608,4093.0,3293.0,4389.0,-0.29318348399706773
20260428,FU2609,3993.0,61314.0,82214.0,-0.32757325319308794
20260428,FU2610,3884.0,694.0,2249.0,-0.2749742533470654
20260428,FU2611,3795.0,2356.0,4184.0,-0.29090909090909145
20260428,FU2612,3703.0,334.0,1489.0,-0.0014200450894658757
20260428,FU2701,3664.0,3333.0,8983.0,-0.15720524017467286
20260428,FU2702,3616.0,130.0,416.0,-0.15597345132743312
20260428,FU2703,3569.0,433.0,1552.0,-0.1445783132530125
20260428,FU2704,3526.0,246.0,419.0,0.0
20260429,FU2605,4303.0,453.0,11679.0,0.08924006507088045
20260429,FU2606,4335.0,247286.0,154215.0,-0.3238754325259512
20260429,FU2607,4218.0,23844.0,31296.0,-0.3357041251778097
20260429,FU2608,4100.0,2275.0,4155.0,-0.29268292682926855
20260429,FU2609,4000.0,62391.0,88492.0,-0.33899999999999997
20260429,FU2610,3887.0,631.0,2156.0,-0.2500643169539485
20260429,FU2611,3806.0,1270.0,4034.0,-0.28376248029427176
20260429,FU2612,3716.0,246.0,1503.0,-0.0017416335070935228
20260429,FU2701,3668.0,2945.0,9177.0,-0.16684841875681622
20260429,FU2702,3617.0,79.0,415.0,-0.14265966270389763
20260429,FU2703,3574.0,343.0,1524.0,-0.13766088416340239
20260429,FU2704,3533.0,206.0,395.0,0.0
20260430,FU2605,4410.0,152.0,11586.0,0.18503401360544114
20260430,FU2606,4478.0,378307.0,157666.0,-0.3617686467172847
20260430,FU2607,4343.0,39849.0,35413.0,-0.4282753856781021
20260430,FU2608,4188.0,3841.0,4693.0,-0.3295128939828085
20260430,FU2609,4073.0,83846.0,95697.0,-0.34765529094033853
20260430,FU2610,3955.0,1264.0,2460.0,-0.2912768647281916
20260430,FU2611,3859.0,2673.0,4378.0,-0.2767556361751744
20260430,FU2612,3770.0,480.0,1553.0,-0.0016093940929276136
20260430,FU2701,3725.0,7129.0,11883.0,-0.18040268456375808
20260430,FU2702,3669.0,200.0,432.0,-0.17007358953393314
20260430,FU2703,3617.0,580.0,1467.0,-0.12275366325684267
20260430,FU2704,3580.0,310.0,412.0,0.0
20260506,FU2606,4493.0,171421.0,164790.0,-0.47006454484754023
20260506,FU2607,4317.0,25444.0,41994.0,-0.4753300903405142
20260506,FU2608,4146.0,3235.0,5277.0,-0.38784370477568775
20260506,FU2609,4012.0,55529.0,104168.0,-0.3948155533399804
20260506,FU2610,3880.0,721.0,2521.0,-0.3247422680412373
20260506,FU2611,3775.0,1647.0,4717.0,-0.3147019867549665
20260506,FU2612,3676.0,558.0,1721.0,-0.0020173368708048547
20260506,FU2701,3621.0,6223.0,13166.0,-0.11267605633802846
20260506,FU2702,3587.0,96.0,439.0,-0.22748815165876746
20260506,FU2703,3519.0,535.0,1509.0,-0.11253196930946263
20260506,FU2704,3486.0,282.0,454.0,-0.02065404475042998
20260506,FU2705,3480.0,107.0,69.0,0.0
20260507,FU2606,4299.0,273391.0,158676.0,-0.49127704117236615
20260507,FU2607,4123.0,37264.0,43971.0,-0.4423963133640547
20260507,FU2608,3971.0,5255.0,6353.0,-0.43213296398891954
20260507,FU2609,3828.0,100814.0,112083.0,-0.38244514106583116
20260507,FU2610,3706.0,1405.0,2409.0,-0.36265515380464075
20260507,FU2611,3594.0,2963.0,4772.0,-0.33388981636060144
20260507,FU2612,3494.0,666.0,1819.0,-0.0021224185280705895
20260507,FU2701,3439.0,10232.0,16738.0,-0.14306484443152057
20260507,FU2702,3398.0,198.0,423.0,-0.10947616244849856
20260507,FU2703,3367.0,799.0,1770.0,-0.0819720819720815
20260507,FU2704,3344.0,284.0,448.0,-0.07535885167464063
20260507,FU2705,3323.0,423.0,321.0,0.0
20260508,FU2606,4277.0,231566.0,146814.0,-0.49380406827215273
20260508,FU2607,4101.0,37247.0,42413.0,-0.42721287490855886
20260508,FU2608,3955.0,7227.0,5841.0,-0.394437420986093
20260508,FU2609,3825.0,90379.0,111322.0,-0.3858823529411759
20260508,FU2610,3702.0,1148.0,2341.0,-0.33063209076175015
20260508,FU2611,3600.0,3312.0,5152.0,-0.3333333333333335
20260508,FU2612,3500.0,546.0,1844.0,-0.001926163723916526
20260508,FU2701,3450.0,7281.0,16218.0,-0.17043478260869582
20260508,FU2702,3401.0,91.0,429.0,-0.11290796824463367
20260508,FU2703,3369.0,624.0,1738.0,-0.08192341941228909
20260508,FU2704,3346.0,279.0,446.0,-0.08248655110579861
20260508,FU2705,3323.0,358.0,349.0,0.0
20260511,FU2606,4398.0,226803.0,145141.0,-0.502046384720328
20260511,FU2607,4214.0,35463.0,46894.0,-0.44138585666824826
20260511,FU2608,4059.0,3762.0,5754.0,-0.4020694752402072
20260511,FU2609,3923.0,81116.0,119911.0,-0.3548304868722916
20260511,FU2610,3807.0,1101.0,2434.0,-0.2710795902285259
20260511,FU2611,3721.0,3636.0,4980.0,-0.3063692555764579
20260511,FU2612,3626.0,542.0,1892.0,-0.0018592313937418254
20260511,FU2701,3576.0,8941.0,15130.0,-0.13758389261744908
20260511,FU2702,3535.0,67.0,431.0,-0.1833097595473827
20260511,FU2703,3481.0,685.0,1684.0,-0.055156564205688596
20260511,FU2704,3465.0,443.0,550.0,-0.10043290043290032
20260511,FU2705,3436.0,273.0,337.0,0.0
20260512,FU2606,4489.0,174634.0,145901.0,-0.4785030073513026
20260512,FU2607,4310.0,32331.0,46324.0,-0.4649651972157769
20260512,FU2608,4143.0,4679.0,5764.0,-0.3562635771180309
20260512,FU2609,4020.0,88186.0,131538.0,-0.38208955223880636
20260512,FU2610,3892.0,1014.0,2559.0,-0.2528263103802666
20260512,FU2611,3810.0,1990.0,5050.0,-0.3086614173228348
20260512,FU2612,3712.0,885.0,1911.0,-0.0015255714839209635
20260512,FU2701,3670.0,4231.0,15296.0,-0.16348773841961828
20260512,FU2702,3620.0,92.0,434.0,-0.13922651933701635
20260512,FU2703,3578.0,520.0,1729.0,-0.10732252655114527
20260512,FU2704,3546.0,181.0,548.0,-0.13874788494077794
20260512,FU2705,3505.0,427.0,528.0,0.0
20260513,FU2606,4377.0,172230.0,119276.0,-0.3399588759424259
20260513,FU2607,4253.0,40737.0,46887.0,-0.35551375499647264
20260513,FU2608,4127.0,4962.0,6026.0,-0.29658347467894375
20260513,FU2609,4025.0,102849.0,144083.0,-0.34881987577639695
20260513,FU2610,3908.0,1092.0,2681.0,-0.2824974411463659
20260513,FU2611,3816.0,1625.0,4968.0,-0.25786163522012595
20260513,FU2612,3734.0,684.0,1853.0,-0.0019137834535967678
20260513,FU2701,3681.0,4683.0,15823.0,-0.1434392828035862
20260513,FU2702,3637.0,135.0,438.0,-0.18806708825955498
20260513,FU2703,3580.0,848.0,1603.0,-0.13072625698324059
20260513,FU2704,3541.0,190.0,494.0,-0.1457215475854272
20260513,FU2705,3498.0,493.0,436.0,0.0
20260514,FU2606,4362.0,145842.0,114218.0,-0.3493810178817056
20260514,FU2607,4235.0,29314.0,48487.0,-0.3881936245572608
20260514,FU2608,4098.0,3655.0,5821.0,-0.29868228404099595
20260514,FU2609,3996.0,105445.0,161556.0,-0.37537537537537524
20260514,FU2610,3871.0,978.0,2732.0,-0.3471971066907775
20260514,FU2611,3759.0,1660.0,5133.0,-0.3000798084596972
20260514,FU2612,3665.0,655.0,1855.0,-0.0023544920827137947
20260514,FU2701,3601.0,7287.0,18189.0,-0.16328797556234376
20260514,FU2702,3552.0,111.0,433.0,-0.1824324324324329
20260514,FU2703,3498.0,716.0,1720.0,-0.14751286449399714
20260514,FU2704,3455.0,225.0,433.0,-0.159768451519537
20260514,FU2705,3409.0,410.0,590.0,0.0
20260515,FU2606,4473.0,147607.0,110704.0,-0.2924211938296444
20260515,FU2607,4364.0,40423.0,55056.0,-0.34372135655362035
20260515,FU2608,4239.0,4366.0,6141.0,-0.260438782731776
20260515,FU2609,4147.0,167289.0,197293.0,-0.39353749698577234
20260515,FU2610,4011.0,1324.0,3031.0,-0.3739715781600599
20260515,FU2611,3886.0,5324.0,7270.0,-0.3612969634585692
20260515,FU2612,3769.0,1015.0,2083.0,-0.0025041661573868374
20260515,FU2701,3699.0,9475.0,19557.0,-0.2141119221411194
20260515,FU2702,3633.0,133.0,409.0,-0.18827415359207267
20260515,FU2703,3576.0,635.0,1779.0,-0.17449664429530198
20260515,FU2704,3524.0,85.0,433.0,-0.2485811577752548
20260515,FU2705,3451.0,385.0,738.0,0.0
20260518,FU2606,4630.0,150994.0,101388.0,-0.35248380129589574
20260518,FU2607,4494.0,42151.0,58098.0,-0.38985313751668915
20260518,FU2608,4348.0,3866.0,6630.0,-0.24839006439742395
20260518,FU2609,4258.0,230246.0,224986.0,-0.43118835133865696
20260518,FU2610,4105.0,1674.0,3239.0,-0.38587088915956125
20260518,FU2611,3973.0,2969.0,7842.0,-0.3715076768185246
20260518,FU2612,3850.0,949.0,2219.0,-0.0020662483583831857
20260518,FU2701,3791.0,8356.0,20221.0,-0.2880506462674761
20260518,FU2702,3700.0,153.0,431.0,-0.15567567567567542
20260518,FU2703,3652.0,489.0,1820.0,-0.2135815991237684
20260518,FU2704,3587.0,146.0,441.0,-0.17396152773905715
20260518,FU2705,3535.0,293.0,741.0,0.0
20260519,FU2606,4638.0,89264.0,82386.0,-0.41655886157826627
20260519,FU2607,4477.0,37442.0,57178.0,-0.4074156801429525
20260519,FU2608,4325.0,4316.0,6671.0,-0.33294797687861255
20260519,FU2609,4205.0,231622.0,227647.0,-0.44233055885850225
20260519,FU2610,4050.0,1478.0,3150.0,-0.3703703703703707
20260519,FU2611,3925.0,2620.0,7744.0,-0.39745222929936297
20260519,FU2612,3795.0,1096.0,2247.0,-0.0022383088333259335
20260519,FU2701,3732.0,6783.0,19671.0,-0.25401929260450196
20260519,FU2702,3653.0,60.0,423.0,-0.16096359156857387
20260519,FU2703,3604.0,520.0,1850.0,-0.20643729189789095
20260519,FU2704,3542.0,57.0,434.0,-0.12874082439299794
20260519,FU2705,3504.0,325.0,764.0,0.0
20260520,FU2606,4605.0,67749.0,60797.0,-0.4351791530944622
20260520,FU2607,4438.0,38745.0,56835.0,-0.4191077061739521
20260520,FU2608,4283.0,3948.0,6551.0,-0.308195190287182
20260520,FU2609,4173.0,254400.0,243440.0,-0.4313443565780011
20260520,FU2610,4023.0,1208.0,3198.0,-0.3609246830723336
20260520,FU2611,3902.0,1612.0,7737.0,-0.38134290107637137
20260520,FU2612,3778.0,876.0,2127.0,-0.0026052664450009174
20260520,FU2701,3705.0,6309.0,19597.0,-0.16194331983805688
20260520,FU2702,3655.0,74.0,415.0,-0.24623803009575873
20260520,FU2703,3580.0,574.0,1739.0,-0.16759776536312865
20260520,FU2704,3530.0,69.0,415.0,-0.16997167138810232
20260520,FU2705,3480.0,427.0,798.0,0.0
20260521,FU2606,4569.0,54355.0,38940.0,-0.4963887065003285
20260521,FU2607,4380.0,48199.0,50777.0,-0.40547945205479463
20260521,FU2608,4232.0,5459.0,6460.0,-0.31190926275992403
20260521,FU2609,4122.0,292712.0,235041.0,-0.39883551673944684
20260521,FU2610,3985.0,1312.0,3238.0,-0.39146800501882106
20260521,FU2611,3855.0,1858.0,7666.0,-0.37665369649805447
20260521,FU2612,3734.0,583.0,2101.0,-0.0018054560882988352
20260521,FU2701,3684.0,8160.0,18860.0,-0.224755700325733
20260521,FU2702,3615.0,82.0,401.0,-0.19253112033195086
20260521,FU2703,3557.0,696.0,1671.0,-0.14843969637334808
20260521,FU2704,3513.0,97.0,404.0,-0.15029888983774597
20260521,FU2705,3469.0,334.0,806.0,0.0
20260522,FU2606,4680.0,58534.0,5306.0,-0.7589743589743589
20260522,FU2607,4384.0,51670.0,50533.0,-0.465328467153284
20260522,FU2608,4214.0,5063.0,6706.0,-0.3160892263882298
20260522,FU2609,4103.0,318631.0,224807.0,-0.43870338776505013
20260522,FU2610,3953.0,1683.0,3221.0,-0.36124462433594795
20260522,FU2611,3834.0,1839.0,7533.0,-0.375586854460094
20260522,FU2612,3714.0,696.0,2080.0,-0.0022508213682815646
20260522,FU2701,3652.0,9108.0,17150.0,-0.24315443592551977
20260522,FU2702,3578.0,117.0,395.0,-0.10732252655114527
20260522,FU2703,3546.0,793.0,1610.0,-0.13536379018612577
20260522,FU2704,3506.0,295.0,401.0,-0.09241300627495752
20260522,FU2705,3479.0,615.0,758.0,0.0
20260525,FU2606,4139.0,2989.0,3655.0,-0.07827977772408756
20260525,FU2607,4112.0,62645.0,42717.0,-0.45817120622568064
20260525,FU2608,3955.0,8371.0,6299.0,-0.41264222503160575
20260525,FU2609,3819.0,390623.0,212052.0,-0.39591516103692026
20260525,FU2610,3693.0,2998.0,2830.0,-0.3476848090982938
20260525,FU2611,3586.0,4376.0,7380.0,-0.25432236475181247
20260525,FU2612,3510.0,4389.0,3747.0,-0.0030730817247671123
20260525,FU2701,3430.0,11913.0,17653.0,-0.1364431486880462
20260525,FU2702,3391.0,503.0,373.0,-0.11677971099970463
20260525,FU2703,3358.0,1814.0,2044.0,-0.06075044669446106
20260525,FU2704,3341.0,405.0,413.0,-0.08260999700688387
20260525,FU2705,3318.0,1098.0,962.0,0.0
20260526,FU2606,4180.0,547.0,3172.0,-0.08325358851674691
20260526,FU2607,4151.0,28328.0,38317.0,-0.45675740785352925
20260526,FU2608,3993.0,3438.0,6050.0,-0.42374154770849026
20260526,FU2609,3852.0,189704.0,197892.0,-0.38317757009345765
20260526,FU2610,3729.0,5672.0,5975.0,-0.2992759452936449
20260526,FU2611,3636.0,5544.0,10217.0,-0.22772277227722748
20260526,FU2612,3567.0,1086.0,3908.0,-0.0028349760444524204
20260526,FU2701,3492.0,7152.0,17168.0,-0.16494845360824684
20260526,FU2702,3444.0,67.0,369.0,-0.08710801393728218
20260526,FU2703,3419.0,680.0,2039.0,-0.0842351564785031
20260526,FU2704,3395.0,113.0,403.0,-0.10603829160530154
20260526,FU2705,3365.0,407.0,1051.0,0.0
20260527,FU2606,4278.0,309.0,2975.0,-0.4992987377279108
20260527,FU2607,4100.0,33937.0,35181.0,-0.47414634146341506
20260527,FU2608,3938.0,4384.0,5887.0,-0.44184865413915686
20260527,FU2609,3793.0,271210.0,197361.0,-0.34168204587397843
20260527,FU2610,3685.0,7883.0,11177.0,-0.27354138398914474
20260527,FU2611,3601.0,8637.0,14227.0,-0.15995556789780618
20260527,FU2612,3553.0,1056.0,3937.0,-0.002580506424385784
20260527,FU2701,3485.0,10391.0,15821.0,-0.11707317073170742
20260527,FU2702,3451.0,89.0,380.0,-0.08345407128368532
20260527,FU2703,3427.0,1031.0,2200.0,-0.05602567843595008
20260527,FU2704,3411.0,170.0,403.0,-0.05628847845206675
20260527,FU2705,3395.0,756.0,1157.0,0.0
20260528,FU2606,4200.0,547.0,2468.0,-0.21428571428571486
20260528,FU2607,4125.0,32106.0,32781.0,-0.44509090909090876
20260528,FU2608,3972.0,4001.0,6042.0,-0.4410876132930519
20260528,FU2609,3826.0,279732.0,192079.0,-0.316779926816519
20260528,FU2610,3725.0,9310.0,14537.0,-0.29637583892617503
20260528,FU2611,3633.0,10883.0,17451.0,-0.20478943022295581
20260528,FU2612,3571.0,2836.0,4355.0,-0.0023031977320424487
20260528,FU2701,3510.0,9827.0,15769.0,-0.1572649572649576
20260528,FU2702,3464.0,59.0,373.0,-0.09006928406466486
20260528,FU2703,3438.0,984.0,2172.0,-0.09075043630017499
20260528,FU2704,3412.0,92.0,383.0,-0.07737397420867476
20260528,FU2705,3390.0,607.0,1222.0,0.0
20260529,FU2606,4150.0,76.0,2480.0,-0.24578313253012007
20260529,FU2607,4065.0,31615.0,32560.0,-0.4398523985239846
20260529,FU2608,3916.0,4674.0,6431.0,-0.4443309499489274
20260529,FU2609,3771.0,264339.0,192826.0,-0.2768496420047737
20260529,FU2610,3684.0,7229.0,17499.0,-0.3127035830618894
20260529,FU2611,3588.0,10804.0,21123.0,-0.21070234113712427
20260529,FU2612,3525.0,2524.0,4582.0,-0.0018360028687544761
20260529,FU2701,3477.0,7857.0,14769.0,-0.12769628990508997
20260529,FU2702,3440.0,66.0,370.0,-0.10116279069767486
20260529,FU2703,3411.0,446.0,2083.0,-0.06332453825857476
20260529,FU2704,3393.0,121.0,400.0,-0.06366047745358072
20260529,FU2705,3375.0,431.0,1257.0,0.0
20260601,FU2607,4200.0,25541.0,31162.0,-0.4399999999999995
20260601,FU2608,4046.0,4020.0,6697.0,-0.3737024221453291
20260601,FU2609,3920.0,269445.0,189273.0,-0.32755102040816286
20260601,FU2610,3813.0,7531.0,19287.0,-0.29268292682926855
20260601,FU2611,3720.0,11132.0,23212.0,-0.24838709677419413
20260601,FU2612,3643.0,1049.0,4356.0,-0.0022206663849710182
20260601,FU2701,3583.0,8115.0,15188.0,-0.12726765280491215
20260601,FU2702,3545.0,90.0,394.0,-0.1286318758815228
20260601,FU2703,3507.0,642.0,2192.0,-0.07185628742515027
20260601,FU2704,3486.0,79.0,402.0,-0.09638554216867457
20260601,FU2705,3458.0,477.0,1183.0,-0.12145748987854299
20260601,FU2706,3423.0,39.0,26.0,0.0
20260602,FU2607,4194.0,38076.0,30288.0,-0.4921316165951364
20260602,FU2608,4022.0,6591.0,7174.0,-0.3998010939830934
20260602,FU2609,3888.0,379681.0,191224.0,-0.3240740740740735
20260602,FU2610,3783.0,10222.0,21557.0,-0.2981760507533706
20260602,FU2611,3689.0,10480.0,24919.0,-0.24071564109514787
20260602,FU2612,3615.0,1916.0,4657.0,-0.0023124621194461348
20260602,FU2701,3553.0,13204.0,16427.0,-0.17224880382775076
20260602,FU2702,3502.0,204.0,440.0,-0.05139920045688129
20260602,FU2703,3487.0,1071.0,2145.0,-0.0929165471752218
20260602,FU2704,3460.0,104.0,404.0,-0.08670520231213885
20260602,FU2705,3435.0,977.0,1344.0,-0.05240174672489095
20260602,FU2706,3420.0,92.0,58.0,0.0
20260603,FU2607,4260.0,17929.0,28154.0,-0.4478873239436614
20260603,FU2608,4101.0,5052.0,6373.0,-0.4301389904901245
20260603,FU2609,3954.0,239217.0,186711.0,-0.30955993930197234
20260603,FU2610,3852.0,8748.0,23969.0,-0.2554517133956389
20260603,FU2611,3770.0,10349.0,26298.0,-0.19734748010610037
20260603,FU2612,3708.0,2507.0,3956.0,-0.002654448929129857
20260603,FU2701,3635.0,7351.0,15525.0,-0.14195323246217395
20260603,FU2702,3592.0,134.0,396.0,-0.11024498886414191
20260603,FU2703,3559.0,727.0,2091.0,-0.10789547625737628
20260603,FU2704,3527.0,72.0,413.0,-0.11227672242699116
20260603,FU2705,3494.0,599.0,1220.0,-0.08242701774470573
20260603,FU2706,3470.0,59.0,70.0,0.0
20260604,FU2607,4197.0,13175.0,27340.0,-0.48892065761258063
20260604,FU2608,4026.0,3134.0,6492.0,-0.42324888226527557
20260604,FU2609,3884.0,218175.0,184762.0,-0.31513903192584936
20260604,FU2610,3782.0,6437.0,25733.0,-0.2601797990481227
20260604,FU2611,3700.0,5921.0,27329.0,-0.19135135135135073
20260604,FU2612,3641.0,1712.0,4209.0,-0.0025922005622606445
20260604,FU2701,3571.0,4620.0,14860.0,-0.10081209745169462
20260604,FU2702,3541.0,62.0,402.0,-0.09827732279017187
20260604,FU2703,3512.0,187.0,2074.0,-0.09225512528473745
20260604,FU2704,3485.0,34.0,405.0,-0.12395982783357296
20260604,FU2705,3449.0,464.0,1270.0,-0.09741954189620117
20260604,FU2706,3421.0,105.0,116.0,0.0
20260605,FU2607,4153.0,15481.0,26265.0,-0.4941006501324341
20260605,FU2608,3982.0,2424.0,6332.0,-0.4671019588146663
20260605,FU2609,3827.0,236797.0,191427.0,-0.3104259210870133
20260605,FU2610,3728.0,5872.0,27378.0,-0.260729613733905
20260605,FU2611,3647.0,7019.0,28754.0,-0.19413216342199036
20260605,FU2612,3588.0,1388.0,4399.0,-0.0022547067002367427
20260605,FU2701,3528.0,6622.0,14651.0,-0.11904761904761862
20260605,FU2702,3493.0,34.0,409.0,-0.08588605782994607
20260605,FU2703,3468.0,266.0,2078.0,-0.09688581314878952
20260605,FU2704,3440.0,66.0,406.0,-0.07674418604651123
20260605,FU2705,3418.0,602.0,1366.0,-0.10883557636044427
20260605,FU2706,3387.0,101.0,159.0,0.0
20260608,FU2607,4110.0,49182.0,21494.0,-0.06131386861313848
20260608,FU2608,4089.0,8433.0,6555.0,-0.28173147468818804
20260608,FU2609,3993.0,394525.0,210080.0,-0.3125469571750559
20260608,FU2610,3889.0,7497.0,28161.0,-0.27770635124710763
20260608,FU2611,3799.0,9657.0,29868.0,-0.2021584627533568
20260608,FU2612,3735.0,1705.0,4298.0,-0.0022742656017327692
20260608,FU2701,3672.0,12829.0,16113.0,-0.1764705882352935
20260608,FU2702,3618.0,125.0,425.0,-0.08291873963515783
20260608,FU2703,3593.0,957.0,2058.0,-0.15029223490119614
20260608,FU2704,3548.0,173.0,380.0,-0.08117249154453221
20260608,FU2705,3524.0,1214.0,1411.0,-0.1566401816118046
20260608,FU2706,3478.0,150.0,160.0,0.0
20260609,FU2607,3840.0,30212.0,17303.0,-0.07499999999999973
20260609,FU2608,3816.0,7068.0,5772.0,-0.24528301886792514
20260609,FU2609,3738.0,362332.0,200820.0,-0.2632423756019264
20260609,FU2610,3656.0,6724.0,28834.0,-0.21334792122538238
20260609,FU2611,3591.0,7902.0,30121.0,-0.15037593984962472
20260609,FU2612,3546.0,1830.0,4054.0,-0.002243388657579039
20260609,FU2701,3487.0,11854.0,14235.0,-0.06538571838256413
20260609,FU2702,3468.0,110.0,429.0,-0.11418685121107242
20260609,FU2703,3435.0,596.0,2073.0,-0.03842794759825274
20260609,FU2704,3424.0,113.0,384.0,-0.10514018691588811
20260609,FU2705,3394.0,1173.0,1453.0,-0.1272834413671191
20260609,FU2706,3358.0,118.0,187.0,0.0
20260610,FU2607,3728.0,28410.0,16312.0,0.01609442060085886
20260610,FU2608,3733.0,6877.0,6377.0,-0.18001607286364818
20260610,FU2609,3677.0,356089.0,209525.0,-0.23171063366875133
20260610,FU2610,3606.0,8861.0,30033.0,-0.19966722129783676
20260610,FU2611,3546.0,8593.0,31440.0,-0.12859560067681874
20260610,FU2612,3508.0,1807.0,4251.0,-0.0021523836367596423
20260610,FU2701,3452.0,12751.0,14879.0,-0.06952491309385822
20260610,FU2702,3432.0,273.0,559.0,-0.09440559440559504
20260610,FU2703,3405.0,500.0,2090.0,-0.02114537444933884
20260610,FU2704,3399.0,92.0,385.0,-0.10944395410414831
20260610,FU2705,3368.0,682.0,1488.0,-0.1175771971496431
20260610,FU2706,3335.0,118.0,238.0,0.0
20260611,FU2607,3818.0,17090.0,14865.0,0.01571503404923913
20260611,FU2608,3823.0,4571.0,6183.0,-0.14125032696834916
20260611,FU2609,3778.0,286638.0,202895.0,-0.25410269984118594
20260611,FU2610,3698.0,8640.0,31265.0,-0.23363980530016226
20260611,FU2611,3626.0,8842.0,32264.0,-0.17870932156646502
20260611,FU2612,3572.0,1238.0,4086.0,-0.0019250852447877972
20260611,FU2701,3521.0,7753.0,14524.0,-0.07157057654075505
20260611,FU2702,3500.0,127.0,518.0,-0.08571428571428541
20260611,FU2703,3475.0,317.0,2046.0,-0.12086330935251777
20260611,FU2704,3440.0,60.0,371.0,-0.05232558139534893
20260611,FU2705,3425.0,602.0,1386.0,-0.1541605839416058
20260611,FU2706,3381.0,64.0,235.0,0.0
20260612,FU2607,3672.0,17940.0,14865.0,-0.019607843137254832
20260612,FU2608,3666.0,6441.0,6775.0,-0.18985270049099823
20260612,FU2609,3608.0,327566.0,220111.0,-0.20953436807095338
20260612,FU2610,3545.0,6704.0,30989.0,-0.18279266572637543
20260612,FU2611,3491.0,6969.0,32658.0,-0.1478086508163856
20260612,FU2612,3448.0,1326.0,4415.0,-0.0019161083448473695
20260612,FU2701,3399.0,9050.0,14977.0,-0.03883495145631022
20260612,FU2702,3388.0,241.0,574.0,-0.04958677685950397
20260612,FU2703,3374.0,365.0,2098.0,-0.05690574985180774
20260612,FU2704,3358.0,102.0,366.0,-0.06789755807028008
20260612,FU2705,3339.0,731.0,1606.0,-0.06469002695417769
20260612,FU2706,3321.0,107.0,260.0,0.0
20260615,FU2607,3410.0,22546.0,15983.0,0.035190615835777095
20260615,FU2608,3420.0,7496.0,6805.0,-0.17543859649122773
20260615,FU2609,3370.0,397955.0,230196.0,-0.18516320474777448
20260615,FU2610,3318.0,10012.0,32196.0,-0.1301989150090419
20260615,FU2611,3282.0,9018.0,34425.0,-0.062157221206581514
20260615,FU2612,3265.0,2263.0,4616.0,-0.0018996162912744954
20260615,FU2701,3219.0,13339.0,16602.0,-0.05591798695246997
20260615,FU2702,3204.0,1009.0,989.0,-0.003745318352059268
20260615,FU2703,3203.0,1377.0,2361.0,-0.026225413674680453
20260615,FU2704,3196.0,369.0,444.0,-0.018773466833541974
20260615,FU2705,3191.0,1245.0,1929.0,-0.04888749608273235
20260615,FU2706,3178.0,191.0,349.0,0.0
20260616,FU2607,3351.0,23191.0,15965.0,0.007162041181737244
20260616,FU2608,3353.0,5345.0,7041.0,-0.10020876826722391
20260616,FU2609,3325.0,260332.0,236232.0,-0.169624060150376
20260616,FU2610,3278.0,10023.0,32728.0,-0.1427699816961563
20260616,FU2611,3239.0,9361.0,34756.0,-0.12966965112689044
20260616,FU2612,3204.0,2003.0,4777.0,-0.001725371375668052
20260616,FU2701,3163.0,9506.0,19102.0,-0.018969332911793035
20260616,FU2702,3158.0,277.0,997.0,-0.04179860671310953
20260616,FU2703,3147.0,689.0,2420.0,-0.0076263107721641354
20260616,FU2704,3145.0,323.0,475.0,-0.015262321144673852
20260616,FU2705,3141.0,844.0,2195.0,-0.022922636103151373
20260616,FU2706,3135.0,224.0,459.0,0.0
20260617,FU2607,3170.0,16179.0,10145.0,0.08328075709779181
20260617,FU2608,3192.0,8669.0,8863.0,-0.04887218045112807
20260617,FU2609,3179.0,427834.0,270687.0,-0.13966656181189085
20260617,FU2610,3142.0,10831.0,34009.0,-0.10693825588796901
20260617,FU2611,3114.0,12090.0,36937.0,-0.09633911368015413
20260617,FU2612,3089.0,1540.0,4808.0,-0.0010039247638412435
20260617,FU2701,3066.0,16254.0,20365.0,-0.03522504892367939
20260617,FU2702,3057.0,297.0,999.0,0.007850834151128971
20260617,FU2703,3059.0,983.0,2359.0,-0.027459954233409523
20260617,FU2704,3052.0,320.0,465.0,0.0
20260617,FU2705,3052.0,924.0,2464.0,-0.01572739187418115
20260617,FU2706,3048.0,301.0,491.0,0.0
20260618,FU2607,3080.0,8251.0,7310.0,0.09740259740259827
20260618,FU2608,3105.0,11385.0,10273.0,-0.06956521739130439
20260618,FU2609,3087.0,449590.0,274051.0,-0.1360544217687072
20260618,FU2610,3052.0,10776.0,35152.0,-0.01572739187418115
20260618,FU2611,3048.0,13661.0,37893.0,-0.05118110236220508
20260618,FU2612,3035.0,1563.0,4543.0,-0.0010217870166410667
20260618,FU2701,3012.0,15330.0,21508.0,-0.031872509960159334
20260618,FU2702,3004.0,474.0,1071.0,-0.01597869507323546
20260618,FU2703,3000.0,1356.0,2433.0,0.0
20260618,FU2704,3000.0,315.0,466.0,0.0039999999999995595
20260618,FU2705,3001.0,888.0,2559.0,-0.015994668443852333
20260618,FU2706,2997.0,344.0,590.0,0.0
20260622,FU2607,3073.0,4203.0,5196.0,0.10543442889684318
20260622,FU2608,3100.0,5927.0,10076.0,0.0038709677419346278
20260622,FU2609,3101.0,245875.0,247809.0,-0.12383102225088649
20260622,FU2610,3069.0,6971.0,35574.0,-0.09775171065493593
20260622,FU2611,3044.0,7638.0,39398.0,-0.03942181340341655
20260622,FU2612,3034.0,933.0,4328.0,-0.0008888033004229267
20260622,FU2701,3014.0,8339.0,21417.0,-0.027869940278698824
20260622,FU2702,3007.0,253.0,1087.0,0.00798137678749633
20260622,FU2703,3009.0,483.0,2321.0,-0.011964107676968982
20260622,FU2704,3006.0,79.0,464.0,-0.023952095808383866
20260622,FU2705,3000.0,612.0,2582.0,-0.01599999999999957
20260622,FU2706,2996.0,111.0,600.0,0.0
20260623,FU2607,2941.0,4727.0,3615.0,0.2529751785107095
20260623,FU2608,3003.0,9637.0,10566.0,-0.05594405594405538
20260623,FU2609,2989.0,348805.0,248704.0,-0.036132485781197765
20260623,FU2610,2980.0,9620.0,37371.0,-0.048322147651007175
20260623,FU2611,2968.0,13230.0,40591.0,-0.0727762803234504
20260623,FU2612,2950.0,926.0,4333.0,-0.000731289278232721
20260623,FU2701,2934.0,10997.0,21871.0,-0.016359918200409496
20260623,FU2702,2930.0,368.0,1111.0,-0.040955631399318015
20260623,FU2703,2920.0,667.0,2357.0,0.00821917808219208
20260623,FU2704,2922.0,145.0,486.0,-0.04928131416837722
20260623,FU2705,2910.0,984.0,2777.0,-0.028865979381443196
20260623,FU2706,2903.0,284.0,731.0,0.0
20260624,FU2607,3011.0,352.0,3394.0,0.09564928595151212
20260624,FU2608,3035.0,7314.0,10523.0,-0.007907742998352951
20260624,FU2609,3033.0,330254.0,240731.0,-0.0870425321463899
20260624,FU2610,3011.0,8063.0,37905.0,-0.13151776818332817
20260624,FU2611,2978.0,13680.0,43609.0,-0.052384150436535215
20260624,FU2612,2965.0,1001.0,4237.0,-0.0004547435435890704
20260624,FU2701,2955.0,10042.0,21192.0,-0.028426395939086024
20260624,FU2702,2948.0,128.0,1086.0,0.008141112618725188
20260624,FU2703,2950.0,355.0,2287.0,-0.040677966101694274
20260624,FU2704,2940.0,116.0,449.0,-0.01224489795918382
20260624,FU2705,2937.0,719.0,2593.0,-0.04494382022471921
20260624,FU2706,2926.0,172.0,722.0,0.0
20260625,FU2607,2910.0,461.0,3373.0,0.10309278350515427
20260625,FU2608,2935.0,10861.0,10406.0,-0.05315161839863691
20260625,FU2609,2922.0,501686.0,228886.0,-0.09034907597535957
20260625,FU2610,2900.0,15624.0,40304.0,-0.07034482758620664
20260625,FU2611,2883.0,34659.0,46736.0,-0.03746097814776306
20260625,FU2612,2874.0,2300.0,4092.0,-0.0005629706082428235
20260625,FU2701,2862.0,20139.0,22613.0,-0.05450733752620529
20260625,FU2702,2849.0,309.0,1086.0,0.03790803790803832
20260625,FU2703,2858.0,843.0,2255.0,-0.02939118264520646
20260625,FU2704,2851.0,232.0,455.0,-0.004209049456330494
20260625,FU2705,2850.0,1267.0,2778.0,-0.016842105263158214
20260625,FU2706,2846.0,382.0,807.0,0.0
20260626,FU2607,2990.0,38.0,3367.0,-0.01605351170568614
20260626,FU2608,2986.0,11120.0,9648.0,-0.04420629604822457
20260626,FU2609,2975.0,481895.0,214755.0,-0.06857142857142806
20260626,FU2610,2958.0,23737.0,47937.0,-0.12170385395537542
20260626,FU2611,2928.0,44931.0,54663.0,-0.032786885245901676
20260626,FU2612,2920.0,2817.0,4107.0,-0.0004617515776512255
20260626,FU2701,2910.0,16111.0,23138.0,-0.06597938144329873
20260626,FU2702,2894.0,146.0,1105.0,0.004146510020733629
20260626,FU2703,2895.0,476.0,2223.0,0.033160621761656905
20260626,FU2704,2903.0,117.0,426.0,-0.062004822597313325
20260626,FU2705,2888.0,791.0,2652.0,-0.01246537396121905
20260626,FU2706,2885.0,235.0,786.0,0.0
