date,symbol,close,volume,open_interest,roll_yield
20250526,SF2506,5454.0,7245.0,12628.0,0.1138694675642265
20250526,SF2507,5506.0,179664.0,205005.0,-0.1667912732948582
20250526,SF2508,5430.0,34341.0,43494.0,-0.0221198219314706
20250526,SF2509,5420.0,84498.0,179030.0,-0.1335820844261301
20250526,SF2510,5360.0,4138.0,17598.0,0.3050449759241209
20250526,SF2511,5498.0,292.0,1831.0,-0.0416135999174417
20250526,SF2601,5460.0,892.0,5145.0,-0.0882356916631056
20250526,SF2602,5420.0,53.0,496.0,0.3146575033157006
20250526,SF2603,5564.0,4.0,50.0,-0.0259086102803177
20250526,SF2604,5552.0,2.0,24.0,-0.0129753121310055
20250526,SF2605,5546.0,1.0,30.0,0.0
20250527,SF2506,5398.0,6383.0,10519.0,0.1194479908616791
20250527,SF2507,5452.0,237913.0,194866.0,-0.1818552637621548
20250527,SF2508,5370.0,37140.0,50052.0,-0.0268456487802758
20250527,SF2509,5358.0,131129.0,177670.0,-0.1351365632704688
20250527,SF2510,5298.0,6382.0,17713.0,0.3218069941341195
20250527,SF2511,5442.0,868.0,2105.0,-0.0264900769825255
20250527,SF2512,5430.0,18.0,1054.0,-0.075374347204015
20250527,SF2601,5396.0,1271.0,5309.0,-0.0937679189681848
20250527,SF2602,5354.0,107.0,515.0,0.3053825136907669
20250527,SF2603,5492.0,28.0,63.0,0.017467251992407
20250527,SF2604,5500.0,19.0,35.0,-0.0875916297793392
20250527,SF2605,5460.0,19.0,40.0,0.0
20250528,SF2506,5352.0,3350.0,8239.0,0.2221462921003073
20250528,SF2507,5452.0,161726.0,181913.0,-0.2087009125424306
20250528,SF2508,5358.0,30746.0,53340.0,-0.0313960186568691
20250528,SF2509,5344.0,75636.0,185214.0,-0.1218742843696391
20250528,SF2510,5290.0,1908.0,17840.0,0.313450656907633
20250528,SF2511,5430.0,125.0,2111.0,-0.0399114553698351
20250528,SF2601,5394.0,374.0,5281.0,-0.1117534617983234
20250528,SF2602,5344.0,8.0,516.0,0.2488978116817964
20250528,SF2603,5456.0,5.0,65.0,-0.026422029023296
20250528,SF2604,5444.0,4.0,38.0,-0.0485920045529497
20250528,SF2605,5422.0,2.0,40.0,0.0
20250529,SF2506,5206.0,2811.0,6912.0,0.2644483917974844
20250529,SF2507,5322.0,243523.0,165730.0,-0.2000804213705203
20250529,SF2508,5234.0,43494.0,48105.0,-0.0183556441144002
20250529,SF2509,5226.0,133494.0,196164.0,-0.1292817429369955
20250529,SF2510,5170.0,7840.0,19349.0,0.3115868063425229
20250529,SF2511,5306.0,200.0,2071.0,-0.0680402503257569
20250529,SF2512,5276.0,4.0,1054.0,0.0
20250529,SF2601,5276.0,928.0,5294.0,-0.1326485776863774
20250529,SF2602,5218.0,102.0,593.0,0.3624284535856349
20250529,SF2603,5378.0,44.0,90.0,-0.0089285718404808
20250529,SF2604,5374.0,7.0,39.0,-0.0806575105316047
20250529,SF2605,5338.0,61.0,68.0,0.0
20250530,SF2506,5148.0,4658.0,4185.0,0.3446532133919723
20250530,SF2507,5298.0,250921.0,148979.0,-0.2425249373770685
20250530,SF2508,5192.0,42172.0,44423.0,-0.0463142219061336
20250530,SF2509,5172.0,135817.0,198768.0,-0.1259486780641681
20250530,SF2510,5118.0,8467.0,19685.0,0.2918499379662765
20250530,SF2511,5244.0,210.0,2079.0,0.0730040274433768
20250530,SF2512,5276.0,5.0,1058.0,-0.1695008139433001
20250530,SF2601,5202.0,1767.0,5842.0,-0.1158981386928878
20250530,SF2602,5152.0,311.0,660.0,0.2717444850146212
20250530,SF2603,5270.0,57.0,89.0,-0.07308739761301
20250530,SF2604,5238.0,14.0,43.0,0.0502953679691789
20250530,SF2605,5260.0,123.0,133.0,0.0
20250603,SF2506,5046.0,152.0,4079.0,0.3515189830738441
20250603,SF2507,5196.0,159599.0,136054.0,-0.2143746331903722
20250603,SF2508,5104.0,22873.0,43950.0,-0.0565594134251784
20250603,SF2509,5080.0,134874.0,201964.0,-0.1617146946788241
20250603,SF2510,5012.0,25770.0,31512.0,0.3026165091990225
20250603,SF2511,5140.0,14653.0,15354.0,-0.0655483487020804
20250603,SF2512,5112.0,8.0,1061.0,-0.037617585664458
20250603,SF2601,5096.0,1840.0,6527.0,-0.1612035305023351
20250603,SF2602,5028.0,206.0,697.0,0.2876930873717242
20250603,SF2603,5150.0,29.0,92.0,-0.0326657794558168
20250603,SF2604,5136.0,4.0,44.0,-0.0187061612314929
20250603,SF2605,5128.0,135.0,202.0,0.0
20250604,SF2506,5150.0,95.0,3994.0,0.249048139584537
20250604,SF2507,5258.0,122143.0,121437.0,-0.1839821397401222
20250604,SF2508,5178.0,20945.0,41614.0,-0.0743900096375215
20250604,SF2509,5146.0,121809.0,204082.0,-0.1832814168079174
20250604,SF2510,5068.0,20115.0,38625.0,0.3085483575418684
20250604,SF2511,5200.0,10643.0,24576.0,-0.0833658312358272
20250604,SF2512,5164.0,68.0,1100.0,-0.0139507863029161
20250604,SF2601,5158.0,1229.0,6821.0,-0.1781282707341686
20250604,SF2602,5082.0,113.0,729.0,0.2984996504076396
20250604,SF2603,5210.0,27.0,93.0,-0.0461539030497393
20250604,SF2604,5190.0,4.0,44.0,-0.0370513609675181
20250604,SF2605,5174.0,49.0,210.0,0.0
20250605,SF2506,5074.0,34.0,3962.0,0.285115651575155
20250605,SF2507,5196.0,90484.0,109987.0,-0.1580805502798098
20250605,SF2508,5128.0,18927.0,41212.0,-0.0609971987849911
20250605,SF2509,5102.0,120370.0,218301.0,-0.1848742866446652
20250605,SF2510,5024.0,21241.0,45105.0,0.2972434261169658
20250605,SF2511,5150.0,16865.0,39387.0,-0.0560530408051847
20250605,SF2512,5126.0,173.0,1170.0,-0.0375146847151962
20250605,SF2601,5110.0,1550.0,7349.0,-0.1607589053986195
20250605,SF2602,5042.0,200.0,805.0,0.3379183002089346
20250605,SF2603,5186.0,16.0,92.0,-0.0556630298406067
20250605,SF2604,5162.0,4.0,43.0,-0.051252261952181
20250605,SF2605,5140.0,39.0,229.0,0.0
20250606,SF2506,5150.0,122.0,3951.0,0.1297811027607468
20250606,SF2507,5206.0,78645.0,89676.0,-0.171796317827803
20250606,SF2508,5132.0,16901.0,39129.0,-0.0656508085308147
20250606,SF2509,5104.0,163627.0,227014.0,-0.1800270637738531
20250606,SF2510,5028.0,35742.0,46762.0,0.2970098580260682
20250606,SF2511,5154.0,24521.0,58352.0,-0.0653698114595272
20250606,SF2512,5126.0,26.0,1183.0,-0.0469117094710478
20250606,SF2601,5106.0,1481.0,7951.0,-0.1608856906664836
20250606,SF2602,5038.0,145.0,835.0,0.3335505400916798
20250606,SF2603,5180.0,16.0,87.0,-0.0675604109643494
20250606,SF2605,5122.0,47.0,243.0,0.0
20250609,SF2507,5268.0,47206.0,83272.0,-0.1466786787693095
20250609,SF2508,5204.0,14297.0,38364.0,-0.0693777226370578
20250609,SF2509,5174.0,166969.0,223753.0,-0.1917048368241281
20250609,SF2510,5092.0,43703.0,45358.0,0.2841196177937989
20250609,SF2511,5214.0,34575.0,64933.0,-0.0877770997525259
20250609,SF2512,5176.0,6.0,1181.0,-0.0139184241391395
20250609,SF2601,5170.0,1083.0,8006.0,-0.1588808256086179
20250609,SF2602,5102.0,65.0,840.0,0.356851937552276
20250609,SF2603,5256.0,9.0,89.0,-0.1100925153124952
20250609,SF2604,5208.0,1.0,43.0,0.0092130522759656
20250609,SF2605,5212.0,106.0,229.0,0.0
20250610,SF2507,5292.0,41838.0,76143.0,-0.1827910438813264
20250610,SF2508,5212.0,12510.0,38045.0,-0.0878109059851358
20250610,SF2509,5174.0,132581.0,218102.0,-0.1869924864788655
20250610,SF2510,5094.0,36635.0,42973.0,0.2840093768050399
20250610,SF2511,5216.0,24966.0,66683.0,-0.0738463868925386
20250610,SF2512,5184.0,2.0,1180.0,-0.0510342930426179
20250610,SF2601,5162.0,1348.0,8465.0,-0.1732713031032129
20250610,SF2602,5088.0,56.0,848.0,0.3440762641179906
20250610,SF2603,5236.0,2.0,89.0,-0.0714705857028964
20250610,SF2605,5174.0,51.0,237.0,0.0
20250611,SF2506,5200.0,140.0,3961.0,0.2240491831499567
20250611,SF2507,5298.0,61627.0,69305.0,-0.1779838674639678
20250611,SF2508,5220.0,16298.0,37822.0,-0.0830453141348855
20250611,SF2509,5184.0,159669.0,217041.0,-0.2054524893613357
20250611,SF2510,5096.0,34694.0,39800.0,0.2700928919128373
20250611,SF2511,5212.0,29186.0,67816.0,-0.0461361583297179
20250611,SF2512,5192.0,1.0,1180.0,-0.0695385372644012
20250611,SF2601,5162.0,2154.0,9054.0,-0.1591286968698822
20250611,SF2602,5094.0,211.0,928.0,0.3207628511715874
20250611,SF2603,5232.0,2.0,89.0,-0.0599313473010355
20250611,SF2605,5180.0,46.0,254.0,0.0
20250612,SF2506,5154.0,2.0,3959.0,0.2807414714987382
20250612,SF2507,5276.0,25220.0,60785.0,-0.1695008139433001
20250612,SF2508,5202.0,10945.0,38115.0,-0.0833336682337325
20250612,SF2509,5166.0,107142.0,219450.0,-0.2014491969990988
20250612,SF2510,5080.0,23376.0,41147.0,0.2755520955468959
20250612,SF2511,5198.0,21909.0,69534.0,-0.0601737037162492
20250612,SF2512,5172.0,2.0,1180.0,-0.0744765773104481
20250612,SF2601,5140.0,1398.0,9133.0,-0.1598143479857867
20250612,SF2602,5072.0,97.0,947.0,0.3175282532561204
20250612,SF2603,5208.0,3.0,89.0,-0.069324282923066
20250612,SF2604,5178.0,3.0,46.0,-0.0046358895689577
20250612,SF2605,5176.0,15.0,257.0,0.0
20250613,SF2506,5162.0,2.0,3957.0,0.3392128074891035
20250613,SF2507,5310.0,30082.0,55840.0,-0.1592440430507603
20250613,SF2508,5240.0,23364.0,34978.0,-0.1104302271739427
20250613,SF2509,5192.0,173429.0,217219.0,-0.2098363161860302
20250613,SF2510,5102.0,29527.0,42058.0,0.2651784588567855
20250613,SF2511,5216.0,33134.0,70223.0,-0.0970168903261737
20250613,SF2512,5174.0,2.0,1180.0,-0.0278637896089837
20250613,SF2601,5162.0,1906.0,9163.0,-0.1450027387937046
20250613,SF2602,5100.0,231.0,1010.0,0.2790823459712062
20250613,SF2603,5220.0,18.0,91.0,-0.1108552918192363
20250613,SF2604,5172.0,1.0,47.0,0.032438714482339
20250613,SF2605,5186.0,57.0,281.0,0.0
20250616,SF2506,5224.0,872.0,0.0,0.3842859929208997
20250616,SF2507,5394.0,27123.0,51513.0,-0.1522408479095732
20250616,SF2508,5326.0,15534.0,34177.0,-0.0768508936683752
20250616,SF2509,5292.0,177993.0,221404.0,-0.2058369507149936
20250616,SF2510,5202.0,25432.0,40903.0,0.2691616359251195
20250616,SF2511,5320.0,51365.0,72452.0,-0.1042105850694963
20250616,SF2512,5274.0,12.0,1171.0,-0.0593044354716844
20250616,SF2601,5248.0,1993.0,9473.0,-0.1565039444447545
20250616,SF2602,5180.0,139.0,1021.0,0.0969049680665439
20250616,SF2603,5222.0,1.0,92.0,-0.1154521124079129
20250616,SF2604,5172.0,1.0,48.0,0.2389052873454855
20250616,SF2605,5276.0,22.0,279.0,0.0
20250617,SF2507,5372.0,15361.0,48782.0,-0.1619214972349795
20250617,SF2508,5300.0,11328.0,33020.0,-0.0817875184207211
20250617,SF2509,5264.0,105742.0,220773.0,-0.2023036418929998
20250617,SF2510,5176.0,22498.0,40486.0,0.2523511078019758
20250617,SF2511,5286.0,44849.0,71807.0,-0.0318242277826957
20250617,SF2512,5272.0,42.0,1151.0,-0.0959822294804953
20250617,SF2601,5230.0,1095.0,9560.0,-0.152397661109225
20250617,SF2602,5164.0,118.0,1008.0,0.311944170884161
20250617,SF2603,5300.0,6.0,91.0,-0.0453686740788725
20250617,SF2604,5280.0,4.0,50.0,-0.0592368774578633
20250617,SF2605,5254.0,53.0,302.0,-0.1147455673570717
20250617,SF2606,5204.0,19.0,16.0,0.0
20250618,SF2507,5464.0,14981.0,46425.0,-0.2709720909686371
20250618,SF2508,5342.0,12784.0,32881.0,-0.1173824258107328
20250618,SF2509,5290.0,163659.0,220226.0,-0.1966882226393903
20250618,SF2510,5204.0,28744.0,38155.0,0.2645489124395304
20250618,SF2511,5320.0,51897.0,71668.0,-0.0814790003216896
20250618,SF2512,5284.0,22.0,1132.0,-0.0637572657332344
20250618,SF2601,5256.0,1417.0,9689.0,-0.1562641767373436
20250618,SF2602,5188.0,102.0,1032.0,0.3150266512505175
20250618,SF2603,5326.0,2.0,91.0,-0.0406244510613525
20250618,SF2604,5308.0,6.0,52.0,-0.013572103237527
20250618,SF2605,5302.0,27.0,311.0,-0.210051025218699
20250618,SF2606,5210.0,3.0,19.0,0.0
20250619,SF2507,5470.0,9800.0,47853.0,-0.270671486330317
20250619,SF2508,5348.0,11410.0,33142.0,-0.0855698878301907
20250619,SF2509,5310.0,97554.0,227324.0,-0.2097317824717298
20250619,SF2510,5218.0,28811.0,37600.0,0.2548446175585965
20250619,SF2511,5330.0,49318.0,72668.0,-0.1358505074937863
20250619,SF2512,5270.0,26.0,1124.0,-0.0227920296438301
20250619,SF2601,5260.0,854.0,9738.0,-0.1422850863638391
20250619,SF2602,5198.0,191.0,1034.0,0.2558147884145882
20250619,SF2603,5310.0,4.0,93.0,-0.0407470680136579
20250619,SF2604,5292.0,2.0,52.0,-0.0454373886300377
20250619,SF2605,5272.0,17.0,321.0,-0.128147670910251
20250619,SF2606,5216.0,2.0,21.0,0.0
20250620,SF2507,5482.0,8913.0,45521.0,-0.3239242712072581
20250620,SF2508,5336.0,14956.0,34213.0,-0.0812338566629577
20250620,SF2509,5300.0,162739.0,221331.0,-0.2055235775136071
20250620,SF2510,5210.0,39854.0,40647.0,0.2777585586142395
20250620,SF2511,5332.0,63442.0,77547.0,0.0
20250620,SF2512,5332.0,10.0,1132.0,-0.1357992613950739
20250620,SF2601,5272.0,1911.0,9459.0,-0.128147670910251
20250620,SF2602,5216.0,92.0,1075.0,0.1544369892094527
20250620,SF2604,5352.0,4.0,53.0,-0.1081088393083916
20250620,SF2605,5304.0,56.0,328.0,-0.1182275573161391
20250620,SF2606,5252.0,12.0,23.0,0.0
20250623,SF2507,5506.0,5918.0,42723.0,-0.3493889697686261
20250623,SF2508,5348.0,13382.0,32906.0,-0.0720182206643746
20250623,SF2509,5316.0,118132.0,223541.0,-0.2003081410682803
20250623,SF2510,5228.0,42696.0,41393.0,0.2543622865215363
20250623,SF2511,5340.0,61043.0,79651.0,-0.0655250345829782
20250623,SF2601,5282.0,1247.0,9690.0,-0.1693069076240689
20250623,SF2602,5208.0,122.0,1108.0,0.2598392117907523
20250623,SF2603,5322.0,1.0,94.0,-0.0090225568160318
20250623,SF2604,5318.0,4.0,50.0,-0.045214823651401
20250623,SF2605,5298.0,28.0,332.0,-0.1320947102031261
20250623,SF2606,5240.0,8.0,29.0,0.0
20250624,SF2507,5490.0,5074.0,40596.0,-0.3639332175563849
20250624,SF2508,5326.0,12560.0,32874.0,-0.0859246181082645
20250624,SF2509,5288.0,151170.0,218647.0,-0.2013777235440425
20250624,SF2510,5200.0,25045.0,39994.0,0.2557174390410123
20250624,SF2511,5312.0,40863.0,80089.0,-0.0861518909164537
20250624,SF2512,5274.0,11.0,1141.0,-0.050161577886542
20250624,SF2601,5252.0,2459.0,10665.0,-0.156383968686914
20250624,SF2602,5184.0,186.0,1216.0,0.319775297794699
20250624,SF2603,5324.0,2.0,94.0,-0.0361719256809359
20250624,SF2605,5292.0,39.0,354.0,-0.1689847144580707
20250624,SF2606,5218.0,19.0,38.0,0.0
20250625,SF2507,5564.0,5457.0,38650.0,-0.3412552238464021
20250625,SF2508,5408.0,21115.0,32649.0,-0.0756819425683623
20250625,SF2509,5374.0,178400.0,226267.0,-0.2117569497015523
20250625,SF2510,5280.0,31231.0,41399.0,0.3007451216872722
20250625,SF2511,5414.0,52005.0,81222.0,-0.2417992257187386
20250625,SF2512,5306.0,81.0,1216.0,0.0541557895464631
20250625,SF2601,5330.0,2805.0,10484.0,-0.149520529856845
20250625,SF2602,5264.0,129.0,1209.0,0.288302155043878
20250625,SF2603,5392.0,3.0,94.0,-0.1252807799601994
20250625,SF2604,5336.0,1.0,50.0,0.0359281705512564
20250625,SF2605,5352.0,26.0,345.0,-0.1534432339901812
20250625,SF2606,5284.0,11.0,32.0,0.0
20250626,SF2507,5544.0,7275.0,36560.0,-0.2670181297335401
20250626,SF2508,5422.0,24040.0,30275.0,-0.0843979048085656
20250626,SF2509,5384.0,197830.0,221410.0,-0.1886972614122057
20250626,SF2510,5300.0,31269.0,41099.0,0.2730951662207708
20250626,SF2511,5422.0,43558.0,78620.0,-0.0576817527715717
20250626,SF2512,5396.0,29.0,1198.0,-0.0937679189681848
20250626,SF2601,5354.0,2653.0,10248.0,-0.1443083907354324
20250626,SF2602,5290.0,122.0,1232.0,0.2291775328775738
20250626,SF2603,5392.0,3.0,92.0,-0.0490615810707906
20250626,SF2604,5370.0,2.0,49.0,-0.022367201256753
20250626,SF2605,5360.0,31.0,331.0,-0.1577487505500314
20250626,SF2606,5290.0,9.0,30.0,0.0
20250627,SF2507,5554.0,7716.0,33352.0,-0.3507739700048347
20250627,SF2508,5394.0,24264.0,25828.0,-0.0535117943611785
20250627,SF2509,5370.0,134138.0,205175.0,-0.1937342623283336
20250627,SF2510,5284.0,26600.0,42272.0,0.2827884743797341
20250627,SF2511,5410.0,32894.0,80945.0,-0.0622684866441127
20250627,SF2512,5382.0,24.0,1186.0,-0.0895192514033393
20250627,SF2601,5342.0,1695.0,10659.0,-0.15373232108009
20250627,SF2602,5274.0,136.0,1273.0,0.3365335524839928
20250627,SF2603,5424.0,3.0,92.0,-0.0421833374921236
20250627,SF2605,5386.0,11.0,329.0,-0.1569822424608998
20250627,SF2606,5316.0,4.0,31.0,0.0
20250630,SF2507,5452.0,14705.0,27040.0,-0.2221462921003059
20250630,SF2508,5352.0,20272.0,22874.0,-0.0179506390989922
20250630,SF2509,5344.0,164238.0,204314.0,-0.1946845191198622
20250630,SF2510,5258.0,44431.0,45863.0,0.2841703924168461
20250630,SF2511,5384.0,55234.0,82858.0,-0.0670517669311907
20250630,SF2512,5354.0,13.0,1187.0,-0.0584161423208734
20250630,SF2601,5328.0,1577.0,11031.0,-0.1541388778616344
20250630,SF2602,5260.0,424.0,1392.0,0.2840636116774653
20250630,SF2603,5386.0,39.0,90.0,-0.013375442588569
20250630,SF2604,5380.0,5.0,48.0,-0.0402160123191059
20250630,SF2605,5362.0,84.0,353.0,-0.1531552321062957
20250630,SF2606,5294.0,34.0,58.0,0.0
20250701,SF2507,5396.0,1578.0,25989.0,-0.2607820875280714
20250701,SF2508,5280.0,6944.0,22179.0,-0.0227488219787904
20250701,SF2509,5270.0,201387.0,209470.0,-0.1835599845056837
20250701,SF2510,5190.0,42576.0,48713.0,0.256204928268439
20250701,SF2511,5302.0,53932.0,88962.0,-0.0635402392288665
20250701,SF2512,5274.0,10135.0,10320.0,-0.0638784778369565
20250701,SF2601,5246.0,4611.0,12458.0,-0.165837572170135
20250701,SF2602,5174.0,337.0,1560.0,0.3113490178801198
20250701,SF2603,5310.0,18.0,93.0,-0.0316801994296843
20250701,SF2604,5296.0,4.0,49.0,-0.0363086509984434
20250701,SF2605,5280.0,95.0,411.0,-0.1924439869178035
20250701,SF2606,5196.0,13.0,65.0,0.0
20250702,SF2507,5514.0,2539.0,24750.0,-0.1489070202004458
20250702,SF2508,5446.0,8955.0,21646.0,-0.0220547755520473
20250702,SF2509,5436.0,274236.0,195900.0,-0.1958500445904065
20250702,SF2510,5348.0,42763.0,46313.0,0.2969680636907683
20250702,SF2511,5482.0,60788.0,89953.0,-0.0746571484005942
20250702,SF2512,5448.0,11207.0,16744.0,-0.0574058132488492
20250702,SF2601,5422.0,7706.0,13555.0,-0.1559331390065573
20250702,SF2602,5352.0,902.0,1510.0,0.2967488362738097
20250702,SF2603,5486.0,36.0,84.0,0.0043739748980706
20250702,SF2604,5488.0,10.0,48.0,-0.0701756385890771
20250702,SF2605,5456.0,116.0,428.0,-0.1238036036511872
20250702,SF2606,5400.0,8.0,64.0,0.0
20250703,SF2507,5500.0,2023.0,23522.0,-0.2246349317113476
20250703,SF2508,5398.0,4417.0,21226.0,-0.017797556098886
20250703,SF2509,5390.0,151420.0,191545.0,-0.1839632214113367
20250703,SF2510,5308.0,31772.0,47111.0,0.3035876198311024
20250703,SF2511,5444.0,41379.0,88449.0,-0.0840556432195659
20250703,SF2512,5406.0,5587.0,18503.0,-0.0533927465945021
20250703,SF2601,5382.0,3970.0,12791.0,-0.1480669374445824
20250703,SF2602,5316.0,249.0,1581.0,0.307537722868774
20250703,SF2603,5454.0,113.0,141.0,-0.0242513650020105
20250703,SF2605,5432.0,132.0,492.0,-0.1243534444265585
20250703,SF2606,5376.0,10.0,70.0,0.0
20250704,SF2507,5480.0,56.0,23344.0,-0.2388578675871958
20250704,SF2508,5372.0,3686.0,20791.0,-0.017883758898709
20250704,SF2509,5364.0,142141.0,189849.0,-0.1530977614167001
20250704,SF2510,5296.0,25903.0,46883.0,0.2865807840406486
20250704,SF2511,5424.0,38225.0,88908.0,-0.0799115050797221
20250704,SF2512,5388.0,7076.0,19531.0,-0.0535715175442259
20250704,SF2601,5364.0,2982.0,13474.0,-0.1259381873936518
20250704,SF2602,5308.0,239.0,1657.0,0.2461395263153064
20250704,SF2603,5418.0,174.0,191.0,0.0309677591219005
20250704,SF2604,5432.0,2.0,49.0,-0.0353982557570534
20250704,SF2605,5416.0,167.0,563.0,-0.1516185164433253
20250704,SF2606,5348.0,6.0,74.0,0.0
20250707,SF2507,5440.0,619.0,22740.0,-0.1643557063730257
20250707,SF2508,5366.0,5120.0,20888.0,-0.0044734390080037
20250707,SF2509,5364.0,98087.0,189407.0,-0.1530977614167001
20250707,SF2510,5296.0,19132.0,46552.0,0.3042668594602558
20250707,SF2511,5432.0,28401.0,89955.0,-0.0709012402339954
20250707,SF2512,5400.0,5945.0,19240.0,-0.0534522041925637
20250707,SF2601,5376.0,2394.0,13698.0,-0.1482332156040112
20250707,SF2602,5310.0,76.0,1648.0,0.3122852810556635
20250707,SF2603,5450.0,7.0,194.0,-0.132842685050963
20250707,SF2604,5390.0,3.0,51.0,0.0533136752544442
20250707,SF2605,5414.0,19.0,558.0,-0.0889881719857197
20250707,SF2606,5374.0,1.0,75.0,0.0
20250708,SF2507,5456.0,1334.0,21459.0,-0.2488978116817962
20250708,SF2508,5344.0,5548.0,20342.0,0.0134654960828467
20250708,SF2509,5350.0,123125.0,190661.0,-0.1126768841980683
20250708,SF2510,5300.0,23125.0,46355.0,0.2907877606532163
20250708,SF2511,5430.0,36159.0,91223.0,-0.0575965661746998
20250708,SF2512,5404.0,6302.0,20435.0,-0.0668029188558353
20250708,SF2601,5374.0,3323.0,14816.0,-0.1392491762300011
20250708,SF2602,5312.0,75.0,1660.0,0.3297645309921715
20250708,SF2603,5460.0,4.0,194.0,-0.0572793450318919
20250708,SF2604,5434.0,2.0,50.0,-0.026529119132186
20250708,SF2605,5422.0,26.0,571.0,-0.079941080244799
20250708,SF2606,5386.0,2.0,73.0,0.0
20250709,SF2507,5484.0,435.0,21025.0,-0.2297566503164985
20250709,SF2508,5380.0,4177.0,19471.0,0.0267359932357552
20250709,SF2509,5392.0,107918.0,191282.0,-0.0893526094089427
20250709,SF2510,5352.0,22729.0,47673.0,0.3054951923461435
20250709,SF2511,5490.0,36255.0,91412.0,-0.0481840399168333
20250709,SF2512,5468.0,4419.0,20939.0,-0.074848894290565
20250709,SF2601,5434.0,2526.0,14832.0,-0.1600616542846611
20250709,SF2602,5362.0,118.0,1640.0,0.3397910414074543
20250709,SF2603,5516.0,6.0,199.0,-0.0502460609829934
20250709,SF2605,5470.0,37.0,567.0,-0.181252294629267
20250709,SF2606,5388.0,7.0,72.0,0.0
20250710,SF2507,5612.0,2279.0,20196.0,-0.1030786581482165
20250710,SF2508,5564.0,12063.0,19855.0,0.0258527927643146
20250710,SF2509,5576.0,290052.0,212474.0,-0.0994062950877525
20250710,SF2510,5530.0,39851.0,48064.0,0.3127073251626333
20250710,SF2511,5676.0,65618.0,94817.0,-0.0593431092822634
20250710,SF2512,5648.0,7399.0,20127.0,-0.0724562670150025
20250710,SF2601,5614.0,5674.0,15574.0,-0.1505665926250637
20250710,SF2602,5544.0,312.0,1561.0,0.2696742702247029
20250710,SF2603,5670.0,20.0,202.0,-0.0169431725994346
20250710,SF2604,5662.0,6.0,51.0,-0.0042395336953954
20250710,SF2605,5660.0,197.0,594.0,-0.119319164883972
20250710,SF2606,5604.0,31.0,78.0,0.0
20250711,SF2507,5492.0,954.0,19536.0,-0.0877196888572618
20250711,SF2508,5452.0,27814.0,20763.0,0.0175953110703289
20250711,SF2509,5460.0,206680.0,205804.0,-0.0352164596111283
20250711,SF2510,5444.0,45269.0,49990.0,0.3218750417074731
20250711,SF2511,5592.0,52446.0,96785.0,-0.0602367704437513
20250711,SF2512,5564.0,3771.0,20887.0,-0.0735535023234362
20250711,SF2601,5530.0,8516.0,16322.0,-0.1221384589890738
20250711,SF2602,5474.0,148.0,1571.0,0.298770619460725
20250711,SF2603,5612.0,17.0,212.0,-0.021401824827573
20250711,SF2604,5602.0,2.0,51.0,-0.0300268253184168
20250711,SF2605,5588.0,116.0,635.0,-0.1469229732685366
20250711,SF2606,5520.0,19.0,89.0,0.0
20250714,SF2507,5622.0,1080.0,0.0,-0.3376846197415659
20250714,SF2508,5466.0,7876.0,17292.0,0.0394520903303005
20250714,SF2509,5484.0,166323.0,203424.0,-0.0570280729670543
20250714,SF2510,5458.0,19266.0,49262.0,0.3210603654773978
20250714,SF2511,5606.0,42100.0,96565.0,-0.0557841161925239
20250714,SF2512,5580.0,4640.0,20646.0,-0.0474053408748911
20250714,SF2601,5558.0,3962.0,17748.0,-0.1215200258151499
20250714,SF2602,5502.0,150.0,1580.0,0.314278052262699
20250714,SF2603,5648.0,21.0,223.0,-0.0319546290533339
20250714,SF2605,5618.0,70.0,657.0,-0.1374880775693287
20250714,SF2606,5554.0,9.0,93.0,0.0
20250715,SF2508,5478.0,4479.0,16582.0,0.0349982019863486
20250715,SF2509,5494.0,167491.0,199956.0,-0.0788899846432248
20250715,SF2510,5458.0,31987.0,48513.0,0.3167784742633668
20250715,SF2511,5604.0,48428.0,96174.0,-0.0558040712335602
20250715,SF2512,5578.0,7849.0,20361.0,-0.0517428038482727
20250715,SF2601,5554.0,5463.0,18449.0,-0.1303416145383084
20250715,SF2602,5494.0,105.0,1589.0,0.1189442448100707
20250715,SF2604,5604.0,5.0,51.0,0.0128410927181326
20250715,SF2605,5610.0,106.0,721.0,-0.1074313352653672
20250715,SF2606,5560.0,7.0,97.0,0.0
20250716,SF2508,5394.0,3238.0,14739.0,0.031105368277496
20250716,SF2509,5408.0,126407.0,198842.0,-0.048916132215069
20250716,SF2510,5386.0,14903.0,50031.0,0.3296306871115353
20250716,SF2511,5536.0,29810.0,95307.0,-0.0477828685651619
20250716,SF2512,5514.0,5303.0,20049.0,-0.0610910410343224
20250716,SF2601,5486.0,3598.0,18753.0,-0.1142865781350657
20250716,SF2602,5434.0,182.0,1695.0,0.2923249443355503
20250716,SF2603,5568.0,44.0,246.0,-0.0345822283005007
20250716,SF2605,5536.0,84.0,752.0,-0.0608476493875199
20250716,SF2606,5508.0,13.0,101.0,0.2330170302852182
20250716,SF2607,5616.0,5.0,2.0,0.0
20250717,SF2508,5466.0,5010.0,11364.0,0.0350749244966132
20250717,SF2509,5482.0,122756.0,193107.0,-0.0790632435483137
20250717,SF2510,5446.0,31919.0,50169.0,0.3260479506200034
20250717,SF2511,5596.0,39393.0,97986.0,-0.0558840343685044
20250717,SF2512,5570.0,3165.0,19851.0,-0.0518172809472761
20250717,SF2601,5546.0,4155.0,19841.0,-0.1261566812400264
20250717,SF2602,5488.0,134.0,1687.0,0.2894829847290717
20250717,SF2603,5622.0,6.0,251.0,-0.0256684883464698
20250717,SF2605,5598.0,42.0,773.0,-0.1423197274890003
20250717,SF2606,5532.0,5.0,105.0,0.0
20250718,SF2508,5490.0,1838.0,11641.0,0.0392799041396293
20250718,SF2509,5508.0,209310.0,183514.0,-0.0743036429750532
20250718,SF2510,5474.0,32877.0,50030.0,0.3244025266785171
20250718,SF2511,5624.0,45324.0,93309.0,-0.0727664080962713
20250718,SF2512,5590.0,3968.0,18779.0,-0.0516314887597045
20250718,SF2601,5566.0,7395.0,20020.0,-0.0952385951488356
20250718,SF2602,5522.0,205.0,1699.0,0.2834777491612307
20250718,SF2603,5654.0,32.0,266.0,-0.0766503670721595
20250718,SF2604,5618.0,1.0,50.0,0.0170757766273589
20250718,SF2605,5626.0,188.0,816.0,-0.1028210503484145
20250718,SF2606,5578.0,6.0,105.0,0.0
20250721,SF2508,5652.0,6857.0,8912.0,0.0339222840738368
20250721,SF2509,5668.0,307634.0,193447.0,-0.0679407335040026
20250721,SF2510,5636.0,59752.0,47508.0,0.3400612375563602
20250721,SF2511,5798.0,80599.0,98745.0,-0.0664131753990403
20250721,SF2512,5766.0,5167.0,19218.0,-0.0416956639093516
20250721,SF2601,5746.0,13643.0,22214.0,-0.1344081255012198
20250721,SF2602,5682.0,284.0,1710.0,0.287963739736204
20250721,SF2603,5820.0,40.0,267.0,-0.086911916391635
20250721,SF2604,5778.0,8.0,47.0,0.0290406364724606
20250721,SF2605,5792.0,250.0,809.0,-0.1501061963005051
20250721,SF2606,5720.0,18.0,110.0,0.2450336044825966
20250721,SF2607,5838.0,11.0,11.0,0.0
20250722,SF2508,5858.0,2281.0,8773.0,0.0327310124506398
20250722,SF2509,5874.0,310983.0,191798.0,-0.0532333239474117
20250722,SF2510,5848.0,46473.0,45796.0,0.2999142935144866
20250722,SF2511,5996.0,76090.0,101902.0,-0.0441103253571988
20250722,SF2512,5974.0,7973.0,18665.0,-0.0442730671575276
20250722,SF2601,5952.0,21252.0,23951.0,-0.1338077726341167
20250722,SF2602,5886.0,611.0,1685.0,0.3178727351905447
20250722,SF2603,6044.0,224.0,284.0,-0.0397746469548083
20250722,SF2604,6024.0,65.0,67.0,-0.0239282232823727
20250722,SF2605,6012.0,669.0,889.0,-0.0961928998588327
20250722,SF2606,5964.0,147.0,202.0,0.0642142000543127
20250722,SF2607,5996.0,19.0,25.0,0.0
20250723,SF2508,5812.0,4063.0,7561.0,0.0412229879798474
20250723,SF2509,5832.0,403490.0,180115.0,-0.0370943108360743
20250723,SF2510,5814.0,54642.0,46082.0,0.321756930483118
20250723,SF2511,5972.0,96620.0,110736.0,-0.0523578612124555
20250723,SF2512,5946.0,8940.0,19139.0,-0.0606981567282303
20250723,SF2601,5916.0,25313.0,26352.0,-0.1141312951155857
20250723,SF2602,5860.0,841.0,1671.0,0.1707924459184409
20250723,SF2603,5944.0,108.0,308.0,0.0080726541894066
20250723,SF2604,5948.0,98.0,107.0,0.0362598899357781
20250723,SF2605,5966.0,511.0,907.0,-0.2274179738743515
20250723,SF2606,5854.0,135.0,178.0,0.2755946862919671
20250723,SF2607,5990.0,45.0,33.0,0.0
20250724,SF2508,5756.0,966.0,7407.0,-0.0041702867491821
20250724,SF2509,5754.0,259485.0,169545.0,-0.0083449238411651
20250724,SF2510,5750.0,36465.0,44277.0,0.325290118318491
20250724,SF2511,5908.0,64458.0,110010.0,-0.0529262944479614
20250724,SF2512,5882.0,8624.0,20711.0,-0.0572598223453102
20250724,SF2601,5854.0,21917.0,26972.0,-0.0864053107398918
20250724,SF2602,5812.0,619.0,1867.0,0.3780160154253716
20250724,SF2603,5998.0,95.0,320.0,-0.0481123263947917
20250724,SF2604,5974.0,36.0,106.0,-0.0725321214282
20250724,SF2605,5938.0,707.0,1072.0,-0.1423021927299936
20250724,SF2606,5868.0,36.0,185.0,0.2469306221594732
20250724,SF2607,5990.0,17.0,37.0,0.0
20250725,SF2508,6152.0,4752.0,5917.0,0.0272771671273883
20250725,SF2509,6166.0,566065.0,212806.0,-0.0194773618479096
20250725,SF2510,6156.0,63215.0,44001.0,0.3458452624259026
20250725,SF2511,6336.0,116583.0,120580.0,-0.0531478249359935
20250725,SF2512,6308.0,13196.0,21220.0,-0.041924768704993
20250725,SF2601,6286.0,44966.0,29037.0,-0.1305195208657654
20250725,SF2602,6218.0,1028.0,1788.0,0.3161585821313462
20250725,SF2603,6384.0,803.0,825.0,-0.1019354878970742
20250725,SF2604,6330.0,38.0,118.0,0.0189423875165974
20250725,SF2605,6340.0,1281.0,1041.0,-0.0988285598667492
20250725,SF2606,6288.0,195.0,224.0,0.2156086370491912
20250725,SF2607,6402.0,211.0,184.0,0.0
20250728,SF2508,5828.0,4516.0,5186.0,0.0246829020861287
20250728,SF2509,5840.0,1218323.0,196312.0,-0.0164496256053445
20250728,SF2510,5832.0,102425.0,40125.0,0.3167696622122993
20250728,SF2511,5988.0,183401.0,116655.0,-0.0401472438710659
20250728,SF2512,5968.0,21213.0,20905.0,-0.0402820116426124
20250728,SF2601,5948.0,84776.0,34391.0,-0.1379792002484776
20250728,SF2602,5880.0,1792.0,1579.0,0.2504298223281591
20250728,SF2603,6004.0,1382.0,604.0,-0.0400400771884724
20250728,SF2604,5984.0,272.0,104.0,0.012026057462182
20250728,SF2605,5990.0,2548.0,1174.0,-0.1005873450336526
20250728,SF2606,5940.0,292.0,238.0,0.2518833107020299
20250728,SF2607,6066.0,250.0,222.0,0.0
20250729,SF2508,6088.0,1657.0,5105.0,0.0432858314894314
20250729,SF2509,6110.0,726721.0,197081.0,-0.0354040578070627
20250729,SF2510,6092.0,62472.0,40316.0,0.3072603445847358
20250729,SF2511,6250.0,119024.0,122076.0,-0.0346098621583558
20250729,SF2512,6232.0,13968.0,22702.0,-0.0308483460372103
20250729,SF2601,6216.0,63236.0,41342.0,-0.1319974486679628
20250729,SF2602,6148.0,834.0,1448.0,0.2012950425945694
20250729,SF2603,6252.0,240.0,553.0,-0.0153649188725349
20250729,SF2604,6244.0,82.0,98.0,-0.0269360382458863
20250729,SF2605,6230.0,1054.0,1125.0,-0.139491399564638
20250729,SF2606,6158.0,188.0,245.0,0.1971376273163823
20250729,SF2607,6260.0,115.0,267.0,0.0
20250730,SF2508,5986.0,1410.0,4505.0,0.0440220603759178
20250730,SF2509,6008.0,743432.0,196907.0,-0.0360060280137075
20250730,SF2510,5990.0,63281.0,41950.0,0.3475070080392083
20250730,SF2511,6166.0,136481.0,122556.0,-0.0233766307693023
20250730,SF2512,6154.0,11478.0,23172.0,-0.0273304168895879
20250730,SF2601,6140.0,86351.0,45573.0,-0.1178405541717055
20250730,SF2602,6080.0,916.0,1391.0,0.2190412837122036
20250730,SF2603,6192.0,213.0,561.0,-0.0310478827794109
20250730,SF2604,6176.0,39.0,111.0,-0.0311284221245597
20250730,SF2605,6160.0,795.0,1123.0,-0.0860218737433501
20250730,SF2606,6116.0,76.0,252.0,0.2216165367905507
20250730,SF2607,6230.0,76.0,277.0,0.0
20250731,SF2508,5654.0,471.0,4485.0,0.0888109780593114
20250731,SF2509,5696.0,487970.0,169660.0,-0.0253075664978451
20250731,SF2510,5684.0,41866.0,43123.0,0.3741210521939552
20250731,SF2511,5864.0,105829.0,119980.0,-0.020481315775875
20250731,SF2512,5854.0,10165.0,22911.0,-0.0246238116497386
20250731,SF2601,5842.0,53665.0,42098.0,-0.1072909485677447
20250731,SF2602,5790.0,687.0,1661.0,0.2745552578477813
20250731,SF2603,5924.0,172.0,559.0,-0.0405817092885716
20250731,SF2604,5904.0,50.0,102.0,-0.0081328366379709
20250731,SF2605,5900.0,811.0,1244.0,-0.1267689417570084
20250731,SF2606,5838.0,189.0,220.0,0.2481865037440234
20250731,SF2607,5960.0,81.0,251.0,0.0
20250801,SF2508,5700.0,279.0,4261.0,-0.0379546969020996
20250801,SF2509,5682.0,279553.0,155097.0,-0.0296035392427467
20250801,SF2510,5668.0,36795.0,45177.0,0.3463985954051471
20250801,SF2511,5834.0,71082.0,123460.0,-0.0123477973508559
20250801,SF2512,5828.0,8375.0,24152.0,-0.0329897114990626
20250801,SF2601,5812.0,29429.0,43753.0,-0.1078472520028387
20250801,SF2602,5760.0,251.0,1776.0,0.2963113510844569
20250801,SF2603,5904.0,61.0,561.0,-0.012201322861042
20250801,SF2604,5898.0,15.0,99.0,-0.0489297313998738
20250801,SF2605,5874.0,241.0,1267.0,-0.147997764926592
20250801,SF2606,5802.0,19.0,223.0,0.2618583277250612
20250801,SF2607,5930.0,7.0,249.0,0.0
20250804,SF2508,5654.0,200.0,4090.0,0.0423729253831312
20250804,SF2509,5674.0,222955.0,150860.0,-0.0254057963634207
20250804,SF2510,5662.0,41733.0,48583.0,0.3632213276499749
20250804,SF2511,5836.0,65878.0,129208.0,-0.0205796654795559
20250804,SF2512,5826.0,7442.0,26388.0,-0.0206150196722955
20250804,SF2601,5816.0,20621.0,47105.0,-0.0745086905631861
20250804,SF2602,5780.0,219.0,1828.0,0.283138455524782
20250804,SF2603,5918.0,42.0,571.0,-0.0324873294872427
20250804,SF2604,5902.0,15.0,98.0,-0.0122054596045464
20250804,SF2605,5896.0,190.0,1300.0,-0.1556867177242682
20250804,SF2606,5820.0,16.0,223.0,0.2368229294607935
20250804,SF2607,5936.0,9.0,251.0,0.0
20250805,SF2508,5654.0,652.0,3438.0,0.1308720095546692
20250805,SF2509,5716.0,220383.0,145226.0,-0.0252189234675143
20250805,SF2510,5704.0,43826.0,54273.0,0.3687498842377004
20250805,SF2511,5882.0,75965.0,139592.0,-0.0326864349185283
20250805,SF2512,5866.0,9823.0,29168.0,-0.0204743267549859
20250805,SF2601,5856.0,23393.0,48451.0,-0.0739981789879681
20250805,SF2602,5820.0,230.0,1832.0,0.3655104898165012
20250805,SF2603,6000.0,19.0,568.0,-0.0160106761576393
20250805,SF2604,5992.0,8.0,101.0,-0.0965152655935235
20250805,SF2605,5944.0,396.0,1300.0,-0.1054417057808902
20250805,SF2606,5892.0,16.0,230.0,0.2937279922111596
20250805,SF2607,6038.0,3.0,252.0,0.0
20250806,SF2508,5938.0,814.0,4003.0,-0.0607801400692164
20250806,SF2509,5908.0,492601.0,145791.0,-0.0284697642435642
20250806,SF2510,5894.0,87933.0,60872.0,0.3807298809785207
20250806,SF2511,6084.0,176113.0,161898.0,-0.0118401588293411
20250806,SF2512,6078.0,19790.0,31788.0,-0.019759596099786
20250806,SF2601,6068.0,61629.0,53262.0,-0.1072677230393824
20250806,SF2602,6014.0,489.0,1647.0,0.3228541191606329
20250806,SF2603,6178.0,83.0,602.0,-0.0233311803891755
20250806,SF2604,6166.0,13.0,102.0,-0.0624391652627854
20250806,SF2605,6134.0,963.0,1305.0,-0.0431161659340856
20250806,SF2606,6112.0,91.0,253.0,0.1637984482848327
20250806,SF2607,6196.0,56.0,271.0,0.0
20250807,SF2508,5852.0,12.0,4003.0,-0.0369673405481783
20250807,SF2509,5834.0,282577.0,124493.0,-0.0247083134651782
20250807,SF2510,5822.0,68488.0,60797.0,0.4092917420899323
20250807,SF2511,6024.0,148584.0,177113.0,-0.0119581474768676
20250807,SF2512,6018.0,16215.0,31925.0,-0.0119700758055049
20250807,SF2601,6012.0,51214.0,63144.0,-0.0801071065654087
20250807,SF2602,5972.0,216.0,1653.0,0.2859169006784625
20250807,SF2603,6116.0,83.0,581.0,-0.0511224761401221
20250807,SF2604,6090.0,15.0,96.0,0.0
20250807,SF2605,6090.0,428.0,1298.0,-0.0949559850879045
20250807,SF2606,6042.0,53.0,244.0,0.1891664787967698
20250807,SF2607,6138.0,23.0,261.0,0.0
20250808,SF2508,5726.0,65.0,3978.0,0.0960172108284146
20250808,SF2509,5772.0,225857.0,119038.0,-0.0333102226380362
20250808,SF2510,5756.0,64593.0,61214.0,0.4380496605526723
20250808,SF2511,5970.0,135411.0,177545.0,-0.0120663660242251
20250808,SF2512,5964.0,21626.0,31138.0,-0.0120785113368167
20250808,SF2601,5958.0,41809.0,65430.0,-0.0970682744770046
20250808,SF2602,5910.0,122.0,1674.0,0.3481985157484754
20250808,SF2603,6084.0,54.0,578.0,-0.0513919415040101
20250808,SF2604,6058.0,16.0,94.0,-0.0039623576387742
20250808,SF2605,6056.0,494.0,1410.0,-0.1114805628851117
20250808,SF2606,6000.0,63.0,262.0,0.2297858260651314
20250808,SF2607,6116.0,40.0,261.0,0.0
20250811,SF2508,5790.0,172.0,3998.0,0.0826165053299668
20250811,SF2509,5830.0,214781.0,118099.0,-0.020600863428655
20250811,SF2510,5820.0,74367.0,59005.0,0.3934778738758916
20250811,SF2511,6014.0,159616.0,183591.0,-0.0119780412540438
20250811,SF2512,6008.0,14223.0,31795.0,0.0039940090233913
20250811,SF2601,6010.0,37095.0,68305.0,-0.084154627747878
20250811,SF2602,5968.0,144.0,1688.0,0.3565795532986773
20250811,SF2603,6148.0,83.0,569.0,-0.0586989593716525
20250811,SF2604,6118.0,10.0,96.0,0.0039222095462758
20250811,SF2605,6120.0,593.0,1391.0,-0.1301146310964932
20250811,SF2606,6054.0,68.0,255.0,0.2975682651199387
20250811,SF2607,6206.0,63.0,232.0,0.0
20250812,SF2509,5820.0,198547.0,108388.0,-0.0165061924237197
20250812,SF2510,5812.0,97168.0,63403.0,0.4259362122180674
20250812,SF2511,6022.0,192452.0,195126.0,0.0039847252566052
20250812,SF2512,6024.0,14422.0,31868.0,-0.0239282232823727
20250812,SF2601,6012.0,52035.0,72510.0,-0.0680568963477837
20250812,SF2602,5978.0,127.0,1689.0,0.3637840357527612
20250812,SF2603,6162.0,84.0,542.0,-0.0390117378701461
20250812,SF2604,6142.0,6.0,93.0,-0.0117282954441071
20250812,SF2605,6136.0,417.0,1480.0,-0.0706115146282744
20250812,SF2606,6100.0,29.0,251.0,0.2183296092861013
20250812,SF2607,6212.0,53.0,230.0,0.0
20250813,SF2509,5794.0,232143.0,88820.0,-0.033183567637382
20250813,SF2510,5778.0,72155.0,59932.0,0.3922719043256057
20250813,SF2511,5970.0,223621.0,194767.0,0.0
20250813,SF2512,5970.0,26995.0,32662.0,-0.0120663660242251
20250813,SF2601,5964.0,58027.0,71697.0,-0.0524282467310876
20250813,SF2602,5938.0,278.0,1757.0,0.3936082526806437
20250813,SF2603,6136.0,271.0,483.0,-0.0509554905774131
20250813,SF2604,6110.0,38.0,78.0,-0.0157222426683128
20250813,SF2605,6102.0,687.0,1506.0,-0.102699771020733
20250813,SF2606,6050.0,65.0,233.0,0.2822737140991314
20250813,SF2607,6194.0,82.0,210.0,0.0
20250814,SF2508,5714.0,230.0,0.0,0.0628383352481007
20250814,SF2509,5744.0,92937.0,72388.0,-0.0418556406206223
20250814,SF2510,5724.0,73995.0,58183.0,0.3999683074057618
20250814,SF2511,5918.0,228456.0,198531.0,-0.0121724439854073
20250814,SF2512,5912.0,13064.0,32159.0,-0.016249156172751
20250814,SF2601,5904.0,46577.0,73118.0,-0.0733947242092331
20250814,SF2602,5868.0,210.0,1861.0,0.3982265878278493
20250814,SF2603,6066.0,206.0,391.0,0.0
20250814,SF2604,6066.0,19.0,74.0,-0.055518935780907
20250814,SF2605,6038.0,599.0,1606.0,-0.0119304069479048
20250814,SF2606,6032.0,68.0,256.0,0.2597674410265734
20250814,SF2607,6164.0,40.0,194.0,0.0
20250815,SF2509,5754.0,57163.0,60480.0,-0.0459690619611689
20250815,SF2510,5732.0,108161.0,60258.0,0.4115629717171238
20250815,SF2511,5932.0,284110.0,202744.0,-0.0242997045572566
20250815,SF2512,5920.0,19854.0,31917.0,-0.0162271830001638
20250815,SF2601,5912.0,44955.0,73690.0,-0.0814667080042344
20250815,SF2602,5872.0,535.0,2031.0,0.3066743902245372
20250815,SF2603,6024.0,208.0,398.0,-0.0319149124291059
20250815,SF2604,6008.0,5.0,70.0,0.05977100187376
20250815,SF2605,6038.0,463.0,1720.0,-0.0717610111976601
20250815,SF2606,6002.0,97.0,280.0,0.2649638045613557
20250815,SF2607,6136.0,68.0,163.0,0.0
20250818,SF2509,5710.0,35596.0,53054.0,-0.0463239740037485
20250818,SF2510,5688.0,50479.0,63542.0,0.39837683291515
20250818,SF2511,5880.0,216787.0,214474.0,-0.0122511496092868
20250818,SF2512,5874.0,12824.0,32913.0,-0.0163543466540289
20250818,SF2601,5866.0,36559.0,76962.0,-0.0821077442161972
20250818,SF2602,5826.0,178.0,2066.0,0.4090154667240749
20250818,SF2603,6028.0,41.0,392.0,-0.0159362573222321
20250818,SF2604,6020.0,9.0,73.0,-0.0599501663204599
20250818,SF2605,5990.0,1001.0,2091.0,-0.0320963080012784
20250818,SF2606,5974.0,55.0,294.0,0.2701206406750303
20250818,SF2607,6110.0,45.0,159.0,0.0
20250819,SF2509,5500.0,44328.0,41200.0,0.0
20250819,SF2510,5500.0,80527.0,62082.0,0.3822115897482506
20250819,SF2511,5678.0,372552.0,233070.0,-0.0593221547091588
20250819,SF2512,5650.0,19639.0,31690.0,0.0042470359671765
20250819,SF2601,5652.0,90187.0,93426.0,-0.068133611000176
20250819,SF2602,5620.0,922.0,2514.0,0.4072456587730135
20250819,SF2603,5814.0,217.0,392.0,-0.0413508334743069
20250819,SF2604,5794.0,20.0,65.0,-0.0290305999544705
20250819,SF2605,5780.0,1489.0,2147.0,-0.058272747186486
20250819,SF2606,5752.0,71.0,320.0,0.2804251320939554
20250819,SF2607,5888.0,96.0,149.0,0.0
20250820,SF2509,5446.0,22228.0,33988.0,0.0176146820619469
20250820,SF2510,5454.0,54196.0,60684.0,0.3640582567313203
20250820,SF2511,5622.0,267911.0,228094.0,-0.0513369766929397
20250820,SF2512,5598.0,12440.0,31315.0,0.0042864797741024
20250820,SF2601,5600.0,64461.0,92573.0,-0.0773918841588851
20250820,SF2602,5564.0,335.0,2637.0,0.4071061795670981
20250820,SF2603,5756.0,35.0,392.0,-0.0627069881903769
20250820,SF2604,5726.0,3.0,64.0,0.0041906757890535
20250820,SF2605,5728.0,719.0,2152.0,-0.0714412896299847
20250820,SF2606,5694.0,31.0,328.0,0.25026975937006
20250820,SF2607,5814.0,15.0,152.0,0.0
20250821,SF2509,5454.0,16480.0,29471.0,0.0263736369897532
20250821,SF2510,5466.0,70841.0,58514.0,0.3717876622325355
20250821,SF2511,5638.0,234935.0,231309.0,-0.0341030424909683
20250821,SF2512,5622.0,10295.0,31696.0,-0.017087934535792
20250821,SF2601,5614.0,44946.0,96274.0,-0.0815016537776153
20250821,SF2602,5576.0,153.0,2666.0,0.4104048847414264
20250821,SF2603,5770.0,13.0,384.0,-0.037493521215152
20250821,SF2604,5752.0,2.0,64.0,-0.03761103549081
20250821,SF2605,5734.0,363.0,2228.0,-0.0251396739991151
20250821,SF2606,5722.0,16.0,333.0,0.2408385336480547
20250821,SF2607,5838.0,24.0,156.0,0.0
20250822,SF2509,5446.0,9573.0,25803.0,0.0352035455993445
20250822,SF2510,5462.0,27483.0,56840.0,0.3890830743394953
20250822,SF2511,5642.0,147003.0,227550.0,-0.0426136811455729
20250822,SF2512,5622.0,12009.0,31751.0,-0.0128136691299612
20250822,SF2601,5616.0,39212.0,95108.0,-0.0728703793125554
20250822,SF2602,5582.0,179.0,2743.0,0.3558326363415449
20250822,SF2603,5750.0,3.0,383.0,0.0
20250822,SF2604,5750.0,2.0,66.0,-0.0083507310259357
20250822,SF2605,5746.0,487.0,2173.0,-0.0628164058737221
20250822,SF2606,5716.0,9.0,333.0,0.2657548058499847
20250822,SF2607,5844.0,17.0,159.0,0.0
20250825,SF2509,5494.0,9057.0,22295.0,0.0174608979516072
20250825,SF2510,5502.0,42638.0,56223.0,0.3820748427681265
20250825,SF2511,5680.0,200580.0,224602.0,-0.033850516099696
20250825,SF2512,5664.0,14674.0,32848.0,-0.0042380364205295
20250825,SF2601,5662.0,46170.0,95804.0,-0.0680129344573062
20250825,SF2602,5630.0,218.0,2708.0,0.4065344249134302
20250825,SF2603,5824.0,21.0,387.0,-0.0536913647390529
20250825,SF2604,5798.0,9.0,67.0,-0.0165688669747186
20250825,SF2605,5790.0,493.0,2159.0,-0.0831892413077374
20250825,SF2606,5750.0,26.0,345.0,0.3212271421496621
20250825,SF2607,5906.0,11.0,159.0,0.0
20250826,SF2509,5470.0,5613.0,19313.0,0.0219178143124113
20250826,SF2510,5480.0,19940.0,55543.0,0.3793419316121701
20250826,SF2511,5656.0,158229.0,219755.0,-0.0425080146940536
20250826,SF2512,5636.0,16731.0,34485.0,0.0
20250826,SF2601,5636.0,35588.0,95808.0,-0.0768959555439622
20250826,SF2602,5600.0,282.0,2739.0,0.4169571931003225
20250826,SF2603,5798.0,12.0,387.0,0.0082758623969816
20250826,SF2604,5802.0,10.0,70.0,-0.0788520907432399
20250826,SF2605,5764.0,331.0,2184.0,-0.0375326109621347
20250826,SF2606,5746.0,6.0,347.0,0.2725512892755334
20250826,SF2607,5878.0,10.0,158.0,0.0122428169095855
20250826,SF2608,5884.0,1.0,1.0,0.0
20250827,SF2509,5436.0,7120.0,14841.0,0.0264608706997677
20250827,SF2510,5448.0,45335.0,51466.0,0.4028532072836365
20250827,SF2511,5634.0,177877.0,218252.0,-0.0512273990349106
20250827,SF2512,5610.0,22365.0,36126.0,-0.0085592015041011
20250827,SF2601,5606.0,32780.0,95209.0,-0.073000761900447
20250827,SF2602,5572.0,177.0,2770.0,0.410694519583815
20250827,SF2603,5766.0,16.0,393.0,0.0539886704064568
20250827,SF2604,5792.0,8.0,75.0,-0.1207714514668454
20250827,SF2605,5734.0,472.0,2194.0,-0.0713663114480838
20250827,SF2606,5700.0,12.0,354.0,0.2993918285753834
20250827,SF2607,5844.0,7.0,158.0,0.0205163325748937
20250827,SF2608,5854.0,1.0,2.0,0.0
20250828,SF2509,5426.0,5385.0,12761.0,0.0309221595733356
20250828,SF2510,5440.0,92825.0,40655.0,0.3991691236861514
20250828,SF2511,5624.0,208650.0,222047.0,-0.059893172461549
20250828,SF2512,5596.0,14797.0,37714.0,0.0171428600583109
20250828,SF2601,5604.0,33111.0,96724.0,-0.0859602529627688
20250828,SF2602,5564.0,278.0,2881.0,0.3695213219757178
20250828,SF2603,5738.0,2.0,393.0,-0.0083682011759393
20250828,SF2604,5734.0,12.0,70.0,0.0041848300336928
20250828,SF2605,5736.0,687.0,2401.0,-0.0587208441927508
20250828,SF2606,5708.0,60.0,372.0,0.3153708476919741
20250828,SF2607,5860.0,53.0,146.0,-0.0451359738839792
20250828,SF2608,5838.0,5.0,5.0,0.0
20250829,SF2509,5370.0,9232.0,8912.0,0.0312442058598409
20250829,SF2510,5384.0,56191.0,34594.0,0.3989408491352695
20250829,SF2511,5566.0,260904.0,222851.0,-0.0778661708334671
20250829,SF2512,5530.0,24334.0,38926.0,0.0086767899658884
20250829,SF2601,5534.0,62463.0,100482.0,-0.0652293688042991
20250829,SF2602,5504.0,658.0,3053.0,0.411468881743586
20250829,SF2603,5696.0,30.0,400.0,-0.0337552965193753
20250829,SF2604,5680.0,16.0,71.0,-0.0042260961873671
20250829,SF2605,5678.0,1065.0,2426.0,-0.0508295853525695
20250829,SF2606,5654.0,68.0,364.0,0.3266077391090547
20250829,SF2607,5810.0,59.0,136.0,-0.0372349893648548
20250829,SF2608,5792.0,6.0,8.0,0.0
20250901,SF2509,5336.0,1301.0,7761.0,0.0493735501091329
20250901,SF2510,5358.0,18960.0,33374.0,0.3835037121611369
20250901,SF2511,5532.0,211723.0,228373.0,-0.0870831107614461
20250901,SF2512,5492.0,24069.0,42026.0,0.0087368041718829
20250901,SF2601,5496.0,67102.0,104400.0,-0.0832575916068181
20250901,SF2602,5458.0,8405.0,9590.0,0.4106289348575312
20250901,SF2603,5648.0,77.0,433.0,-0.0425683312655797
20250901,SF2604,5628.0,4.0,70.0,-0.0170697041585145
20250901,SF2605,5620.0,869.0,2570.0,-0.0470672737480546
20250901,SF2606,5598.0,62.0,368.0,0.2796736756006377
20250901,SF2607,5730.0,38.0,118.0,-0.0419580847047517
20250901,SF2608,5710.0,13.0,11.0,0.0
20250902,SF2509,5352.0,633.0,7464.0,-0.0089719630347674
20250902,SF2510,5348.0,9153.0,32430.0,0.3972411267080639
20250902,SF2511,5528.0,156157.0,237691.0,-0.087146352501416
20250902,SF2512,5488.0,20398.0,42944.0,0.0
20250902,SF2601,5488.0,36176.0,104983.0,-0.0701756385890771
20250902,SF2602,5456.0,4861.0,12794.0,0.3980177396256783
20250902,SF2603,5640.0,13.0,442.0,0.012759171855961
20250902,SF2604,5646.0,2.0,70.0,-0.0511182881634894
20250902,SF2605,5622.0,364.0,2566.0,-0.0513369766929397
20250902,SF2606,5598.0,2.0,368.0,0.3089572878319361
20250902,SF2607,5744.0,6.0,115.0,-0.0502443162505989
20250902,SF2608,5720.0,16.0,14.0,0.0
20250903,SF2509,5344.0,508.0,7037.0,0.0134654960828467
20250903,SF2510,5350.0,6092.0,31725.0,0.3753755925730644
20250903,SF2511,5520.0,111272.0,238449.0,-0.0872731119489577
20250903,SF2512,5480.0,21671.0,41739.0,0.0087559288817264
20250903,SF2601,5484.0,28670.0,106094.0,-0.0746298362989827
20250903,SF2602,5450.0,3183.0,14621.0,0.3941881221670625
20250903,SF2603,5632.0,4.0,443.0,-0.0213447396931605
20250903,SF2605,5612.0,340.0,2592.0,-0.0557243366067533
20250903,SF2606,5586.0,2.0,367.0,0.3137987992583167
20250903,SF2607,5734.0,1.0,115.0,-0.0671565236483739
20250903,SF2608,5702.0,2.0,14.0,0.0
20250904,SF2509,5320.0,314.0,6869.0,0.0225352178904013
20250904,SF2510,5330.0,10194.0,32154.0,0.3680318009075414
20250904,SF2511,5496.0,145918.0,241544.0,-0.0832575916068181
20250904,SF2512,5458.0,19858.0,42547.0,0.0087912091843972
20250904,SF2601,5462.0,47217.0,108732.0,-0.0749313729466866
20250904,SF2602,5428.0,5290.0,17646.0,0.4171310631957242
20250904,SF2603,5620.0,69.0,496.0,0.0298560665829735
20250904,SF2604,5634.0,6.0,70.0,-0.0940845874460768
20250904,SF2605,5590.0,949.0,2736.0,-0.0732103472989251
20250904,SF2606,5556.0,15.0,357.0,0.3406900221062839
20250904,SF2607,5716.0,9.0,114.0,-0.0504909580801799
20250904,SF2608,5692.0,3.0,15.0,0.0
20250905,SF2509,5412.0,338.0,6615.0,0.0132964002523423
20250905,SF2510,5418.0,25887.0,27825.0,0.3921917691643009
20250905,SF2511,5598.0,212383.0,240781.0,-0.0990140146651003
20250905,SF2512,5552.0,32736.0,43064.0,0.0043219881612542
20250905,SF2601,5554.0,84230.0,108371.0,-0.0649938400507448
20250905,SF2602,5524.0,8178.0,21294.0,0.3595133361667234
20250905,SF2603,5692.0,381.0,302.0,0.0462914829717051
20250905,SF2604,5714.0,29.0,54.0,-0.1054673690059523
20250905,SF2605,5664.0,1930.0,2786.0,-0.0978555325124
20250905,SF2606,5618.0,306.0,387.0,0.3245149467548693
20250905,SF2607,5772.0,18.0,114.0,-0.0708950802294166
20250905,SF2608,5738.0,6.0,18.0,0.0
20250908,SF2509,5440.0,171.0,6592.0,0.0308426826665474
20250908,SF2510,5454.0,8313.0,27295.0,0.368326441019603
20250908,SF2511,5624.0,132549.0,233556.0,-0.0942525373817299
20250908,SF2512,5580.0,32746.0,41188.0,0.0085990688022206
20250908,SF2601,5584.0,36003.0,105253.0,-0.0776143560898348
20250908,SF2602,5548.0,10255.0,23717.0,0.3663756352694571
20250908,SF2603,5720.0,25.0,293.0,-0.1307799901479727
20250908,SF2604,5658.0,1.0,54.0,0.0634586354587725
20250908,SF2605,5688.0,575.0,2851.0,-0.0931879021244659
20250908,SF2606,5644.0,18.0,402.0,0.2399658983929999
20250908,SF2607,5758.0,5.0,114.0,-0.0543081866887045
20250908,SF2608,5732.0,5.0,15.0,0.0
20250909,SF2509,5434.0,113.0,6609.0,0.0484849144440588
20250909,SF2510,5456.0,6915.0,26018.0,0.3553889203732644
20250909,SF2511,5620.0,142273.0,223860.0,-0.1115488904817741
20250909,SF2512,5568.0,33174.0,40087.0,0.0215323940781429
20250909,SF2601,5578.0,45024.0,103748.0,-0.0950328940867565
20250909,SF2602,5534.0,14304.0,28572.0,0.3714938189982694
20250909,SF2603,5708.0,5.0,293.0,0.0
20250909,SF2604,5708.0,2.0,55.0,-0.0547849941911253
20250909,SF2605,5682.0,316.0,2833.0,-0.0635258233165819
20250909,SF2606,5652.0,10.0,404.0,0.3019027156338592
20250909,SF2607,5796.0,3.0,114.0,-0.137429924781453
20250909,SF2608,5730.0,7.0,20.0,0.0
20250910,SF2509,5464.0,335.0,6563.0,-0.0131843997881071
20250910,SF2510,5458.0,11890.0,23220.0,0.3680606035919495
20250910,SF2511,5628.0,156976.0,219132.0,-0.1027843543070765
20250910,SF2512,5580.0,23225.0,38781.0,0.0171919800179509
20250910,SF2601,5588.0,48445.0,99848.0,-0.1035232876262757
20250910,SF2602,5540.0,6910.0,30502.0,0.4339359718407684
20250910,SF2603,5744.0,9.0,295.0,-0.0796509474553777
20250910,SF2604,5706.0,1.0,56.0,-0.0084151476099355
20250910,SF2605,5702.0,670.0,2746.0,-0.067534473009834
20250910,SF2606,5670.0,11.0,405.0,0.3545001492056991
20250910,SF2607,5840.0,13.0,119.0,-0.2114409513715513
20250910,SF2608,5738.0,2.0,22.0,0.0
20250911,SF2509,5452.0,158.0,6417.0,-0.0176211485407988
20250911,SF2510,5444.0,24887.0,21994.0,0.3946155033413449
20250911,SF2511,5626.0,125843.0,213441.0,-0.0813272240753967
20250911,SF2512,5588.0,22444.0,37931.0,0.0
20250911,SF2601,5588.0,34943.0,98331.0,-0.0862072673055633
20250911,SF2602,5548.0,7649.0,31834.0,0.3705707061039993
20250911,SF2603,5722.0,542.0,300.0,-0.0546506462189262
20250911,SF2604,5696.0,5.0,58.0,-0.008429926584824
20250911,SF2605,5692.0,1501.0,3019.0,-0.0549393458313731
20250911,SF2606,5666.0,7.0,407.0,0.3176779039762207
20250911,SF2607,5818.0,2.0,120.0,-0.1452551022747762
20250911,SF2608,5748.0,3.0,22.0,0.0
20250912,SF2509,5402.0,942.0,0.0,0.0576178392263853
20250912,SF2510,5428.0,8493.0,18948.0,0.391480893115996
20250912,SF2511,5608.0,167116.0,217964.0,-0.0729746480703898
20250912,SF2512,5574.0,34389.0,39061.0,0.0
20250912,SF2601,5574.0,54503.0,103021.0,-0.0907621830869367
20250912,SF2602,5532.0,7244.0,32091.0,0.3590011324559112
20250912,SF2603,5700.0,2.0,299.0,0.0671800215050526
20250912,SF2604,5732.0,1.0,58.0,-0.1051347184071502
20250912,SF2605,5682.0,590.0,2999.0,-0.0847760502262998
20250912,SF2606,5642.0,15.0,403.0,0.4139062111239744
20250912,SF2607,5840.0,2.0,120.0,-0.2114409513715513
20250912,SF2608,5738.0,1.0,22.0,0.0
20250915,SF2510,5516.0,6364.0,16653.0,0.393758578913388
20250915,SF2511,5700.0,200143.0,213259.0,-0.0717932811861555
20250915,SF2512,5666.0,60014.0,40063.0,-0.0127141103187985
20250915,SF2601,5660.0,61942.0,94956.0,-0.0851067397139029
20250915,SF2602,5620.0,8582.0,31805.0,0.3658948252987061
20250915,SF2603,5794.0,31.0,285.0,-0.1416683120548246
20250915,SF2604,5726.0,1.0,59.0,0.0876983196806954
20250915,SF2605,5768.0,1027.0,2896.0,-0.0751306802006703
20250915,SF2606,5732.0,24.0,401.0,0.285481486488956
20250915,SF2607,5870.0,7.0,119.0,-0.1356875858167638
20250915,SF2608,5804.0,8.0,21.0,-0.0041357918727497
20250915,SF2609,5802.0,5.0,3.0,0.0
20250916,SF2510,5518.0,4906.0,14779.0,0.3894083885449205
20250916,SF2511,5700.0,210936.0,212449.0,-0.0464054014767001
20250916,SF2512,5678.0,47263.0,39365.0,0.0042260961873656
20250916,SF2601,5680.0,80355.0,95537.0,-0.0890620804936706
20250916,SF2602,5638.0,12460.0,32289.0,0.4059672241732357
20250916,SF2603,5832.0,13.0,285.0,-0.0412229879798466
20250916,SF2604,5812.0,11.0,58.0,-0.0579511302188743
20250916,SF2605,5784.0,1280.0,3120.0,-0.0582323499761059
20250916,SF2606,5756.0,25.0,408.0,0.3330691794347595
20250916,SF2607,5918.0,34.0,120.0,-0.0569106757742712
20250916,SF2608,5890.0,14.0,22.0,0.0040740112426612
20250916,SF2609,5892.0,12.0,14.0,0.0
20250917,SF2510,5580.0,3107.0,13630.0,0.3934778738758916
20250917,SF2511,5766.0,165669.0,207907.0,-0.0542326666168252
20250917,SF2512,5740.0,40530.0,38402.0,0.0041804564087666
20250917,SF2601,5742.0,59242.0,94859.0,-0.0880968823004129
20250917,SF2602,5700.0,12165.0,32266.0,0.3362960093783541
20250917,SF2603,5862.0,3.0,286.0,-0.0040948643973533
20250917,SF2604,5860.0,3.0,57.0,-0.0287032427984045
20250917,SF2605,5846.0,582.0,3141.0,-0.0989356342750856
20250917,SF2606,5798.0,17.0,419.0,0.3306894069335344
20250917,SF2607,5960.0,23.0,120.0,-0.0443772568282838
20250917,SF2608,5938.0,7.0,20.0,-0.036431129347845
20250917,SF2609,5920.0,9.0,17.0,0.0
20250918,SF2510,5582.0,3941.0,11962.0,0.3683478469318917
20250918,SF2511,5756.0,319809.0,213520.0,-0.0334029443237564
20250918,SF2512,5740.0,59140.0,39426.0,0.0083594569733749
20250918,SF2601,5744.0,108408.0,97180.0,-0.0964871480424779
20250918,SF2602,5698.0,18433.0,31300.0,0.3691322668309709
20250918,SF2603,5876.0,46.0,319.0,-0.028624992275162
20250918,SF2604,5862.0,3.0,55.0,-0.0245901725392268
20250918,SF2605,5850.0,1888.0,3317.0,-0.0864646046552413
20250918,SF2606,5808.0,15.0,416.0,0.2696742702247029
20250918,SF2607,5940.0,36.0,129.0,0.0322797773665072
20250918,SF2608,5956.0,11.0,22.0,-0.0524988217455422
20250918,SF2609,5930.0,17.0,29.0,0.0
20250919,SF2510,5558.0,6359.0,9050.0,0.3782852637240873
20250919,SF2511,5736.0,229723.0,211764.0,-0.0041848300336932
20250919,SF2512,5734.0,79841.0,39435.0,0.0041848300336928
20250919,SF2601,5736.0,60142.0,99437.0,-0.0713413536820675
20250919,SF2602,5702.0,11058.0,31872.0,0.344362437483061
20250919,SF2603,5868.0,55.0,289.0,-0.004090676705712
20250919,SF2604,5866.0,3.0,55.0,-0.0450897200016747
20250919,SF2605,5844.0,800.0,3501.0,-0.061760301021227
20250919,SF2606,5814.0,10.0,417.0,0.313716729177307
20250919,SF2607,5968.0,24.0,131.0,-0.0604738387186997
20250919,SF2608,5938.0,6.0,21.0,0.0121191728866784
20250919,SF2609,5944.0,14.0,34.0,0.0
20250922,SF2510,5474.0,1895.0,8332.0,0.3814395323346717
20250922,SF2511,5648.0,281849.0,200009.0,0.0084985835694055
20250922,SF2512,5652.0,105290.0,38558.0,-0.0001908442472387
20250922,SF2601,5644.0,83330.0,105097.0,-0.0807937632884479
20250922,SF2602,5606.0,16122.0,33147.0,0.3810203353549779
20250922,SF2603,5784.0,36.0,299.0,0.1535269709543563
20250922,SF2604,5858.0,7.0,51.0,-0.1925571867531577
20250922,SF2605,5764.0,1677.0,3694.0,-0.0957668285912562
20250922,SF2606,5718.0,51.0,404.0,0.2392444910807984
20250922,SF2607,5832.0,27.0,128.0,0.0987654320987649
20250922,SF2608,5880.0,13.0,18.0,-0.0530612244897961
20250922,SF2609,5854.0,33.0,39.0,0.0
20250923,SF2510,5510.0,2238.0,7609.0,0.4094373865698735
20250923,SF2511,5698.0,244716.0,187402.0,-0.0421200421200422
20250923,SF2512,5678.0,79290.0,37129.0,-0.0002849555350633
20250923,SF2601,5666.0,67451.0,101301.0,-0.0804800564772332
20250923,SF2602,5628.0,11828.0,32498.0,0.3752665245202564
20250923,SF2603,5804.0,19.0,292.0,0.0
20250923,SF2604,0.0,0.0,51.0,0.0
20250923,SF2605,5776.0,903.0,3779.0,-0.0623268698060939
20250923,SF2606,5746.0,64.0,404.0,0.2965541246084244
20250923,SF2607,5888.0,14.0,125.0,-0.0855978260869569
20250923,SF2608,5846.0,3.0,16.0,-0.0082107423879569
20250923,SF2609,5842.0,38.0,35.0,0.0
20250924,SF2510,5552.0,2866.0,6893.0,0.4106628242074936
20250924,SF2511,5742.0,189681.0,188023.0,-0.0543364681295721
20250924,SF2512,5716.0,62285.0,35410.0,-0.000188707432714
20250924,SF2601,5708.0,51620.0,102365.0,-0.0798878766643311
20250924,SF2602,5670.0,12972.0,31800.0,0.4232804232804232
20250924,SF2603,5870.0,6.0,291.0,0.0
20250924,SF2604,0.0,0.0,51.0,0.0
20250924,SF2605,5810.0,662.0,3785.0,-0.0495697074010332
20250924,SF2606,5786.0,12.0,404.0,0.3110957483581051
20250924,SF2607,5936.0,3.0,127.0,0.0
20250924,SF2608,0.0,0.0,16.0,0.0
20250924,SF2609,5908.0,7.0,37.0,0.0
20250925,SF2510,5580.0,822.0,6746.0,0.4430107526881723
20250925,SF2511,5786.0,201194.0,177801.0,-0.0746629796059448
20250925,SF2512,5750.0,48894.0,32407.0,-0.0003282852955544
20250925,SF2601,5736.0,59726.0,100092.0,-0.0836820083682003
20250925,SF2602,5696.0,9770.0,30784.0,0.3623595505617984
20250925,SF2603,5868.0,154.0,345.0,-0.1104294478527601
20250925,SF2604,5814.0,1.0,51.0,0.0454076367389069
20250925,SF2605,5836.0,1129.0,3824.0,-0.0740233036326247
20250925,SF2606,5800.0,19.0,413.0,0.2896551724137923
20250925,SF2607,5940.0,7.0,127.0,0.0040404040404036
20250925,SF2608,5942.0,4.0,17.0,-0.0403904409289794
20250925,SF2609,5922.0,12.0,35.0,0.0
20250926,SF2510,5476.0,626.0,6459.0,0.4032140248356457
20250926,SF2511,5660.0,265734.0,159742.0,-0.0254416961130741
20250926,SF2512,5648.0,70691.0,36052.0,-0.0004774485151351
20250926,SF2601,5628.0,92203.0,99910.0,-0.081023454157783
20250926,SF2602,5590.0,12366.0,31928.0,0.38211091234347
20250926,SF2603,5768.0,135.0,352.0,-0.0291262135922329
20250926,SF2604,5754.0,1.0,51.0,-0.0041710114702815
20250926,SF2605,5752.0,1142.0,3931.0,-0.0834492350486781
20250926,SF2606,5712.0,6.0,411.0,0.3235294117647047
20250926,SF2607,5866.0,8.0,123.0,0.0368223661779749
20250926,SF2608,5884.0,1.0,17.0,-0.1060503059143438
20250926,SF2609,5832.0,9.0,30.0,0.0
20250929,SF2510,5408.0,1807.0,5726.0,0.4482248520710064
20250929,SF2511,5610.0,342390.0,133285.0,-0.0470588235294116
20250929,SF2512,5588.0,73383.0,40927.0,-0.000289545012185
20250929,SF2601,5576.0,137007.0,104899.0,-0.0903873744619803
20250929,SF2602,5534.0,17209.0,33421.0,0.3599566317311176
20250929,SF2603,5700.0,426.0,339.0,-0.0126315789473689
20250929,SF2604,5694.0,4.0,52.0,-0.0463645943097992
20250929,SF2605,5672.0,2181.0,3941.0,-0.029619181946404
20250929,SF2606,5658.0,49.0,418.0,0.2969247083775173
20250929,SF2607,5798.0,24.0,127.0,0.0124180751983447
20250929,SF2608,5804.0,4.0,17.0,-0.0702963473466571
20250929,SF2609,5770.0,25.0,39.0,0.0
20250930,SF2510,5310.0,1009.0,5169.0,0.4158192090395491
20250930,SF2511,5494.0,192219.0,118081.0,-0.0349472151437928
20250930,SF2512,5478.0,40930.0,40262.0,-0.0002461326408801
20250930,SF2601,5468.0,76428.0,116050.0,-0.0702267739575712
20250930,SF2602,5436.0,9438.0,35337.0,0.3929359823399556
20250930,SF2603,5614.0,97.0,408.0,0.0171001068756684
20250930,SF2604,5622.0,1.0,52.0,-0.0683030949839915
20250930,SF2605,5590.0,1542.0,4177.0,-0.0644007155635066
20250930,SF2606,5560.0,52.0,410.0,0.3453237410071947
20250930,SF2607,5720.0,36.0,111.0,0.0293706293706295
20250930,SF2608,5734.0,3.0,19.0,-0.0585978374607605
20250930,SF2609,5706.0,6.0,42.0,0.0
20251009,SF2510,5318.0,334.0,4982.0,0.347499059796915
20251009,SF2511,5472.0,131169.0,124065.0,-0.0438596491228069
20251009,SF2512,5452.0,29441.0,40774.0,-0.0002967677050788
20251009,SF2601,5440.0,59433.0,132224.0,-0.0705882352941174
20251009,SF2602,5408.0,13345.0,37521.0,0.3994082840236697
20251009,SF2603,5588.0,8850.0,8288.0,-0.0085898353614894
20251009,SF2604,5584.0,5.0,51.0,-0.0257879656160464
20251009,SF2605,5572.0,1124.0,4396.0,-0.0646087580760945
20251009,SF2606,5542.0,24.0,421.0,0.3637675929267416
20251009,SF2607,5710.0,13.0,108.0,-0.0588441330998255
20251009,SF2608,5682.0,1.0,19.0,0.0126715945089745
20251009,SF2609,5688.0,9.0,48.0,0.0
20251010,SF2510,5280.0,2524.0,3426.0,0.3545454545454545
20251010,SF2511,5436.0,102959.0,118193.0,-0.0750551876379685
20251010,SF2512,5402.0,28602.0,42634.0,-0.0001497572684274
20251010,SF2601,5396.0,66154.0,148090.0,-0.0800593031875465
20251010,SF2602,5360.0,15333.0,40628.0,0.3985074626865668
20251010,SF2603,5538.0,16738.0,20530.0,-0.0563380281690135
20251010,SF2604,5512.0,3.0,52.0,-0.008708272859216
20251010,SF2605,5508.0,1479.0,4943.0,-0.0827886710239655
20251010,SF2606,5470.0,74.0,463.0,0.3773308957952466
20251010,SF2607,5642.0,33.0,102.0,0.0170152428216949
20251010,SF2608,5650.0,2.0,19.0,-0.0637168141592918
20251010,SF2609,5620.0,26.0,64.0,0.0
20251013,SF2510,5250.0,130.0,3464.0,0.3565714285714296
20251013,SF2511,5406.0,161388.0,97482.0,-0.0621531631520531
20251013,SF2512,5378.0,31837.0,44126.0,-0.00025070929839
20251013,SF2601,5368.0,103684.0,162037.0,-0.1117734724292103
20251013,SF2602,5318.0,47602.0,47367.0,0.397141782625046
20251013,SF2603,5494.0,46216.0,48916.0,-0.0262104113578449
20251013,SF2604,5482.0,1.0,52.0,-0.008755928493251
20251013,SF2605,5478.0,2885.0,5570.0,-0.0613362541073381
20251013,SF2606,5450.0,26.0,478.0,0.3390825688073393
20251013,SF2607,5604.0,21.0,103.0,0.0342612419700207
20251013,SF2608,5620.0,2.0,19.0,-0.0768683274021357
20251013,SF2609,5584.0,21.0,74.0,0.0
20251014,SF2510,5210.0,40.0,3451.0,0.3869481765834939
20251014,SF2511,5378.0,92807.0,74528.0,-0.0937151357381931
20251014,SF2512,5336.0,42205.0,45569.0,-0.0003537557064164
20251014,SF2601,5322.0,87575.0,173437.0,-0.1082299887260425
20251014,SF2602,5274.0,20616.0,46016.0,0.4004550625711038
20251014,SF2603,5450.0,39853.0,61486.0,-0.0440366972477064
20251014,SF2604,5430.0,5.0,52.0,-0.0044198895027629
20251014,SF2605,5428.0,807.0,5873.0,-0.0442151805453199
20251014,SF2606,5408.0,53.0,507.0,0.3594674556213011
20251014,SF2607,5570.0,13.0,102.0,-0.0086175942549373
20251014,SF2608,5566.0,5.0,20.0,-0.0517427236794825
20251014,SF2609,5542.0,12.0,78.0,0.0
20251015,SF2510,5200.0,103.0,3426.0,0.4061538461538463
20251015,SF2511,5376.0,82305.0,62164.0,-0.0267857142857148
20251015,SF2512,5364.0,46032.0,46437.0,-0.0003016363773471
20251015,SF2601,5352.0,109840.0,189336.0,-0.1345291479820631
20251015,SF2602,5292.0,38161.0,46970.0,0.3990929705215427
20251015,SF2603,5468.0,67538.0,70967.0,0.0
20251015,SF2604,0.0,0.0,52.0,0.0
20251015,SF2605,5438.0,1511.0,6002.0,-0.0441338727473334
20251015,SF2606,5418.0,9.0,507.0,0.3499446290143968
20251015,SF2607,5576.0,5.0,103.0,0.0
20251015,SF2608,5576.0,3.0,20.0,-0.0473457675753223
20251015,SF2609,5554.0,32.0,89.0,0.0
20251016,SF2510,5300.0,56.0,3419.0,0.403018867924529
20251016,SF2511,5478.0,56477.0,44464.0,-0.0306681270536697
20251016,SF2512,5464.0,24465.0,45675.0,-0.0001974106305624
20251016,SF2601,5456.0,156438.0,201287.0,-0.0923753665689148
20251016,SF2602,5414.0,25435.0,43323.0,0.3812338381972662
20251016,SF2603,5586.0,39326.0,75106.0,-0.1031149301825995
20251016,SF2604,5538.0,2.0,52.0,0.0390032502708548
20251016,SF2605,5556.0,1614.0,5849.0,-0.1079913606911451
20251016,SF2606,5506.0,19.0,504.0,0.3661460225208852
20251016,SF2607,5674.0,17.0,105.0,-0.0888262248854427
20251016,SF2608,5632.0,1.0,20.0,0.0553977272727275
20251016,SF2609,5658.0,38.0,92.0,0.0
20251017,SF2510,5240.0,76.0,3421.0,0.4992366412213753
20251017,SF2511,5458.0,26889.0,36751.0,-0.0483693660681567
20251017,SF2512,5436.0,34799.0,44320.0,-0.0001488205967705
20251017,SF2601,5430.0,135133.0,203512.0,-0.1016574585635359
20251017,SF2602,5384.0,21670.0,39684.0,0.3343239227340255
20251017,SF2603,5534.0,46935.0,77267.0,-0.0607155764365745
20251017,SF2604,5506.0,2.0,52.0,0.0043588812204875
20251017,SF2605,5508.0,1372.0,5914.0,-0.1045751633986928
20251017,SF2606,5460.0,1.0,505.0,0.3648351648351635
20251017,SF2607,5626.0,3.0,104.0,0.0
20251017,SF2608,0.0,0.0,20.0,0.0
20251017,SF2609,5610.0,28.0,96.0,0.0
20251020,SF2510,0.0,0.0,3421.0,0.0
20251020,SF2511,5458.0,18022.0,28931.0,-0.0263832905826313
20251020,SF2512,5446.0,27517.0,44503.0,-0.0002475788848221
20251020,SF2601,5436.0,134692.0,208602.0,-0.1280353200883
20251020,SF2602,5378.0,23165.0,37958.0,0.3034585347712912
20251020,SF2603,5514.0,48400.0,79653.0,-0.0174102285092496
20251020,SF2604,5506.0,1.0,52.0,-0.0348710497638937
20251020,SF2605,5490.0,1038.0,6354.0,-0.0655737704918033
20251020,SF2606,5460.0,16.0,514.0,0.3692307692307679
20251020,SF2607,5628.0,15.0,101.0,-0.0383795309168446
20251020,SF2608,5610.0,2.0,18.0,-0.0213903743315513
20251020,SF2609,5600.0,84.0,164.0,0.0
20251021,SF2510,0.0,0.0,3421.0,0.0
20251021,SF2511,5480.0,15980.0,22650.0,-0.0087591240875908
20251021,SF2512,5476.0,19896.0,45869.0,-4.924450718559263e-05
20251021,SF2601,5474.0,178926.0,197587.0,-0.1622214103032511
20251021,SF2602,5400.0,22584.0,39261.0,0.2888888888888896
20251021,SF2603,5530.0,30906.0,82740.0,0.0390596745027123
20251021,SF2604,5548.0,4.0,51.0,-0.0821917808219181
20251021,SF2605,5510.0,2746.0,7455.0,-0.069691470054447
20251021,SF2606,5478.0,128.0,611.0,0.4600219058050392
20251021,SF2607,5688.0,18.0,92.0,0.0
20251021,SF2608,0.0,0.0,18.0,0.0
20251021,SF2609,5616.0,97.0,190.0,0.0
20251022,SF2510,0.0,279.0,0.0,0.0
20251022,SF2511,5542.0,7627.0,19626.0,-0.0043305665824613
20251022,SF2512,5540.0,13659.0,46301.0,-4.867561757189863e-05
20251022,SF2601,5538.0,134081.0,189771.0,-0.1386782231852659
20251022,SF2602,5474.0,14348.0,39420.0,0.3200584581658754
20251022,SF2603,5620.0,24610.0,81453.0,-0.0683274021352313
20251022,SF2604,5588.0,1.0,51.0,0.0214745884037217
20251022,SF2605,5598.0,1012.0,7188.0,-0.0643086816720255
20251022,SF2606,5568.0,44.0,600.0,0.3017241379310347
20251022,SF2607,5708.0,33.0,83.0,-0.0294323756131751
20251022,SF2608,5694.0,2.0,18.0,-0.0379346680716539
20251022,SF2609,5676.0,75.0,194.0,0.0
20251023,SF2511,5560.0,7397.0,17487.0,0.0258992805755404
20251023,SF2512,5572.0,18861.0,44863.0,4.839607346523439e-05
20251023,SF2601,5574.0,128690.0,184331.0,-0.1162540365984936
20251023,SF2602,5520.0,26349.0,38567.0,0.3086956521739141
20251023,SF2603,5662.0,39267.0,81709.0,-0.0551042034616746
20251023,SF2604,5636.0,54.0,50.0,-0.0085166784953871
20251023,SF2605,5632.0,1605.0,6799.0,-0.0809659090909087
20251023,SF2606,5594.0,34.0,593.0,0.2874508401859135
20251023,SF2607,5728.0,19.0,85.0,-0.0083798882681564
20251023,SF2608,5724.0,2.0,18.0,-0.0377358490566037
20251023,SF2609,5706.0,149.0,283.0,-0.0630914826498418
20251023,SF2610,5676.0,48.0,45.0,0.0
20251024,SF2511,5536.0,6096.0,15292.0,0.0043352601156074
20251024,SF2512,5538.0,27232.0,43734.0,9.738639268629252e-05
20251024,SF2601,5542.0,139738.0,174287.0,-0.1082641645615307
20251024,SF2602,5492.0,19168.0,38429.0,0.3277494537509096
20251024,SF2603,5642.0,36345.0,79885.0,0.0
20251024,SF2604,0.0,0.0,50.0,0.0
20251024,SF2605,5612.0,1484.0,6735.0,-0.0513186029935845
20251024,SF2606,5588.0,21.0,580.0,0.2834645669291333
20251024,SF2607,5720.0,5.0,87.0,0.0
20251024,SF2608,0.0,0.0,18.0,0.0
20251024,SF2609,5680.0,48.0,284.0,-0.0549295774647893
20251024,SF2610,5654.0,5.0,48.0,0.0
20251027,SF2511,5538.0,4156.0,13650.0,0.0303358613217774
20251027,SF2512,5552.0,38857.0,40299.0,0.000291422465434
20251027,SF2601,5564.0,132349.0,166396.0,-0.0992092020129407
20251027,SF2602,5518.0,24486.0,37297.0,0.3305545487495482
20251027,SF2603,5670.0,41299.0,79687.0,0.0
20251027,SF2604,0.0,0.0,50.0,0.0
20251027,SF2605,5632.0,946.0,6896.0,-0.063920454545455
20251027,SF2606,5602.0,70.0,578.0,0.2913245269546598
20251027,SF2607,5738.0,18.0,96.0,0.0
20251027,SF2608,0.0,0.0,18.0,0.0
20251027,SF2609,5690.0,46.0,298.0,-0.0927943760984186
20251027,SF2610,5646.0,4.0,51.0,0.0
20251028,SF2511,5540.0,4152.0,10981.0,0.0303249097472928
20251028,SF2512,5554.0,69582.0,36905.0,0.0002427646033024
20251028,SF2601,5564.0,107258.0,167884.0,-0.1078360891445009
20251028,SF2602,5514.0,17258.0,35719.0,0.3394994559303592
20251028,SF2603,5670.0,78181.0,80895.0,-0.0338624338624335
20251028,SF2604,5654.0,2.0,49.0,-0.0254686947293953
20251028,SF2605,5642.0,638.0,7058.0,-0.0893300248138952
20251028,SF2606,5600.0,110.0,646.0,0.3085714285714296
20251028,SF2607,5744.0,30.0,110.0,0.0
20251028,SF2608,0.0,0.0,18.0,0.0
20251028,SF2609,5708.0,104.0,323.0,-0.1093202522775049
20251028,SF2610,5656.0,21.0,39.0,0.0
20251029,SF2511,5572.0,2306.0,10191.0,0.0172290021536261
20251029,SF2512,5580.0,32919.0,34760.0,0.0003382868188957
20251029,SF2601,5594.0,134717.0,162689.0,-0.09009653199857
20251029,SF2602,5552.0,63001.0,34585.0,0.3501440922190193
20251029,SF2603,5714.0,93580.0,81120.0,-0.0420021001050052
20251029,SF2604,5694.0,2.0,48.0,-0.0252897787144359
20251029,SF2605,5682.0,1809.0,7127.0,-0.0929250263991554
20251029,SF2606,5638.0,360.0,632.0,0.3192621496984751
20251029,SF2607,5788.0,67.0,130.0,0.0
20251029,SF2608,0.0,0.0,18.0,0.0
20251029,SF2609,5740.0,81.0,369.0,-0.0878048780487805
20251029,SF2610,5698.0,7.0,37.0,0.0
20251030,SF2511,5528.0,3944.0,7242.0,0.030390738060781
20251030,SF2512,5542.0,35760.0,29946.0,0.0001946322059533
20251030,SF2601,5550.0,151336.0,166241.0,-0.0864864864864869
20251030,SF2602,5510.0,58196.0,36409.0,0.3658802177858442
20251030,SF2603,5678.0,92312.0,83889.0,0.0
20251030,SF2604,0.0,0.0,48.0,0.0
20251030,SF2605,5648.0,1358.0,7078.0,-0.093484419263456
20251030,SF2606,5604.0,13.0,634.0,0.3340471092077086
20251030,SF2607,5760.0,6.0,131.0,-0.0333333333333332
20251030,SF2608,5744.0,2.0,18.0,-0.0250696378830079
20251030,SF2609,5732.0,104.0,397.0,-0.0628053035589677
20251030,SF2610,5702.0,8.0,34.0,0.0
20251031,SF2511,5468.0,2960.0,5240.0,0.0438917337234832
20251031,SF2512,5488.0,105968.0,25148.0,0.0002948209781504
20251031,SF2601,5500.0,151902.0,163466.0,-0.1090909090909084
20251031,SF2602,5450.0,39503.0,33835.0,0.3258715596330273
20251031,SF2603,5598.0,133702.0,82261.0,-0.038585209003215
20251031,SF2604,5580.0,25.0,67.0,-0.0301075268817205
20251031,SF2605,5566.0,1745.0,7516.0,-0.0819259791591808
20251031,SF2606,5528.0,139.0,636.0,0.338639652677279
20251031,SF2607,5684.0,98.0,81.0,0.0168895144264613
20251031,SF2608,5692.0,5.0,20.0,-0.037947997189037
20251031,SF2609,5674.0,371.0,344.0,-0.0676771237222424
20251031,SF2610,5642.0,11.0,29.0,0.0
20251103,SF2511,5526.0,138.0,5168.0,-0.0347448425624321
20251103,SF2512,5510.0,7618.0,23427.0,0.0003915251126654
20251103,SF2601,5526.0,118520.0,158005.0,-0.1042345276872964
20251103,SF2602,5478.0,23412.0,34004.0,0.3242059145673615
20251103,SF2603,5626.0,68010.0,92032.0,-0.0298613579808035
20251103,SF2604,5612.0,15810.0,6197.0,-0.0171062009978619
20251103,SF2605,5604.0,2227.0,8437.0,-0.059957173447537
20251103,SF2606,5576.0,10.0,631.0,0.344332855093258
20251103,SF2607,5736.0,21.0,82.0,-0.0418410041841008
20251103,SF2608,5716.0,2.0,21.0,-0.0545836249125266
20251103,SF2609,5690.0,80.0,324.0,0.0168717047451663
20251103,SF2610,5698.0,1.0,29.0,0.0
20251104,SF2511,5480.0,120.0,5218.0,0.0262773722627738
20251104,SF2512,5492.0,6859.0,21624.0,0.0004419093758439
20251104,SF2601,5510.0,148202.0,160707.0,-0.0958257713248635
20251104,SF2602,5466.0,25069.0,34448.0,0.3205268935236001
20251104,SF2603,5612.0,86021.0,96113.0,-0.0470420527441191
20251104,SF2604,5590.0,33217.0,13946.0,-0.0128801431127008
20251104,SF2605,5584.0,2428.0,8440.0,-0.0730659025787967
20251104,SF2606,5550.0,6.0,633.0,0.3070270270270265
20251104,SF2607,5692.0,8.0,79.0,0.0168657765284621
20251104,SF2608,5700.0,6.0,20.0,-0.0378947368421056
20251104,SF2609,5682.0,211.0,319.0,-0.0718057022175289
20251104,SF2610,5648.0,1.0,29.0,0.0
20251105,SF2511,5546.0,212.0,5387.0,-0.0129823296069244
20251105,SF2512,5540.0,9524.0,20501.0,0.0004867561757189
20251105,SF2601,5560.0,233915.0,168764.0,-0.1251798561151074
20251105,SF2602,5502.0,22132.0,37230.0,0.3009814612868036
20251105,SF2603,5640.0,132393.0,101819.0,-0.0297872340425535
20251105,SF2604,5626.0,72617.0,16197.0,-0.0341272662637757
20251105,SF2605,5610.0,3317.0,8961.0,-0.106951871657754
20251105,SF2606,5560.0,162.0,686.0,0.3237410071942452
20251105,SF2607,5710.0,48.0,79.0,0.0126094570928207
20251105,SF2608,5716.0,7.0,20.0,-0.0419874037788665
20251105,SF2609,5696.0,254.0,302.0,-0.0589887640449444
20251105,SF2610,5668.0,11.0,21.0,0.0
20251106,SF2511,5542.0,62.0,5385.0,0.060627932154456
20251106,SF2512,5570.0,5929.0,18868.0,0.0003873076069634
20251106,SF2601,5586.0,160696.0,169595.0,-0.0988184747583242
20251106,SF2602,5540.0,17144.0,35822.0,0.3119133574007211
20251106,SF2603,5684.0,109244.0,102761.0,-0.0211118930330753
20251106,SF2604,5674.0,58786.0,19152.0,-0.0507578427916808
20251106,SF2605,5650.0,2153.0,9414.0,-0.1104424778761057
20251106,SF2606,5598.0,23.0,673.0,0.330117899249732
20251106,SF2607,5752.0,10.0,81.0,0.0
20251106,SF2608,0.0,0.0,20.0,0.0
20251106,SF2609,5728.0,110.0,301.0,-0.1131284916201114
20251106,SF2610,5674.0,4.0,22.0,0.0
20251107,SF2511,0.0,0.0,5385.0,0.0
20251107,SF2512,5512.0,5337.0,16810.0,0.0003424601686208
20251107,SF2601,5526.0,116814.0,165633.0,-0.1085776330076004
20251107,SF2602,5476.0,26467.0,35336.0,0.3199415631848072
20251107,SF2603,5622.0,93452.0,102052.0,-0.0554962646744936
20251107,SF2604,5596.0,39964.0,20867.0,-0.0085775553967124
20251107,SF2605,5592.0,3449.0,10131.0,-0.0901287553648066
20251107,SF2606,5550.0,7.0,676.0,0.0
20251107,SF2607,0.0,0.0,81.0,0.0
20251107,SF2608,0.0,0.0,20.0,0.0
20251107,SF2609,5672.0,75.0,310.0,-0.0169252468265161
20251107,SF2610,5664.0,4.0,22.0,0.0
20251110,SF2511,5544.0,137.0,5338.0,0.0649350649350637
20251110,SF2512,5574.0,5533.0,15751.0,0.0003386509597126
20251110,SF2601,5588.0,165588.0,162088.0,-0.1073729420186113
20251110,SF2602,5538.0,21912.0,34073.0,0.333694474539544
20251110,SF2603,5692.0,185321.0,101052.0,-0.0337315530569215
20251110,SF2604,5676.0,126488.0,20334.0,-0.0465116279069768
20251110,SF2605,5654.0,3798.0,10807.0,-0.0933852140077817
20251110,SF2606,5610.0,53.0,665.0,0.3294117647058812
20251110,SF2607,5764.0,26.0,80.0,-0.0208188757807081
20251110,SF2608,5754.0,2.0,20.0,-0.0875912408759123
20251110,SF2609,5712.0,164.0,322.0,-0.0798319327731089
20251110,SF2610,5674.0,8.0,24.0,0.0
20251111,SF2511,5460.0,394.0,5524.0,0.0439560439560438
20251111,SF2512,5480.0,10051.0,13268.0,0.0001968342491593
20251111,SF2601,5488.0,176685.0,158506.0,-0.1268221574344026
20251111,SF2602,5430.0,51610.0,35918.0,0.2917127071823202
20251111,SF2603,5562.0,180020.0,107008.0,-0.0862998921251354
20251111,SF2604,5522.0,62749.0,22379.0,0.008692502716407
20251111,SF2605,5526.0,9944.0,15029.0,-0.0781758957654723
20251111,SF2606,5490.0,115.0,740.0,0.3453551912568313
20251111,SF2607,5648.0,25.0,79.0,-0.0297450424929182
20251111,SF2608,5634.0,3.0,20.0,-0.0383386581469653
20251111,SF2609,5616.0,256.0,388.0,-0.0555555555555558
20251111,SF2610,5590.0,10.0,27.0,0.0
20251112,SF2511,5460.0,640.0,5124.0,0.0395604395604394
20251112,SF2512,5478.0,15913.0,12762.0,0.0002953591690562
20251112,SF2601,5490.0,102893.0,162872.0,-0.1573770491803272
20251112,SF2602,5418.0,49165.0,38042.0,0.2967884828349936
20251112,SF2603,5552.0,227389.0,118375.0,-0.0691642651296828
20251112,SF2604,5520.0,126461.0,24792.0,-0.0086956521739125
20251112,SF2605,5516.0,5980.0,16802.0,-0.07831762146483
20251112,SF2606,5480.0,98.0,808.0,0.3197080291970806
20251112,SF2607,5626.0,6.0,77.0,0.0085318165659442
20251112,SF2608,5630.0,4.0,19.0,-0.063943161634103
20251112,SF2609,5600.0,69.0,425.0,-0.0857142857142854
20251112,SF2610,5560.0,5.0,31.0,0.0
20251113,SF2511,5490.0,16.0,5124.0,0.0087431693989072
20251113,SF2512,5494.0,5276.0,10054.0,0.0002944990040207
20251113,SF2601,5506.0,90301.0,149163.0,-0.1438430802760626
20251113,SF2602,5440.0,75408.0,40737.0,0.3088235294117636
20251113,SF2603,5580.0,288960.0,127756.0,-0.0774193548387098
20251113,SF2604,5544.0,148972.0,27004.0,-0.0129870129870135
20251113,SF2605,5538.0,6123.0,17037.0,-0.086673889490791
20251113,SF2606,5498.0,34.0,813.0,0.3230265551109506
20251113,SF2607,5646.0,3.0,77.0,-0.1020191285866101
20251113,SF2608,5598.0,1.0,20.0,0.0471596998928181
20251113,SF2609,5620.0,161.0,386.0,-0.1195729537366552
20251113,SF2610,5564.0,1.0,30.0,0.0
20251114,SF2511,5350.0,319.0,0.0,0.278130841121496
20251114,SF2512,5474.0,2548.0,8427.0,0.0003940999946632
20251114,SF2601,5490.0,84914.0,150428.0,-0.1704918032786881
20251114,SF2602,5412.0,65713.0,40832.0,0.2838137472283817
20251114,SF2603,5540.0,228239.0,134545.0,-0.0953068592057762
20251114,SF2604,5496.0,97966.0,28419.0,0.0131004366812224
20251114,SF2605,5502.0,7550.0,18063.0,-0.1177753544165756
20251114,SF2606,5448.0,45.0,846.0,0.0
20251114,SF2607,0.0,0.0,77.0,0.0
20251114,SF2608,0.0,0.0,20.0,0.0
20251114,SF2609,5572.0,103.0,414.0,-0.0818377602297206
20251114,SF2610,5534.0,17.0,40.0,0.0
20251117,SF2512,5552.0,3458.0,7168.0,0.00033999287633972855
20251117,SF2601,5566.0,169534.0,147744.0,-0.09917355371900793
20251117,SF2602,5520.0,83287.0,37552.0,0.30869565217391415
20251117,SF2603,5662.0,295372.0,132798.0,-0.07629812787001056
20251117,SF2604,5626.0,81983.0,24750.0,-0.02132954141485932
20251117,SF2605,5616.0,14363.0,13015.0,-0.12393162393162438
20251117,SF2606,5558.0,215.0,795.0,0.3929471032745582
20251117,SF2607,5740.0,7.0,77.0,0.0
20251117,SF2608,0.0,0.0,20.0,0.0
20251117,SF2609,5680.0,149.0,417.0,-0.07183098591549353
20251117,SF2610,5646.0,30.0,42.0,0.23379383634431505
20251117,SF2611,5756.0,7.0,5.0,0.0
20251118,SF2512,5456.0,1694.0,6627.0,0.00044482520017135463
20251118,SF2601,5474.0,183880.0,152370.0,-0.13591523565948105
20251118,SF2602,5412.0,86593.0,43968.0,0.24390243902438957
20251118,SF2603,5522.0,333802.0,148169.0,-0.09996378123868155
20251118,SF2604,5476.0,97414.0,27685.0,0.017531044558070974
20251118,SF2605,5484.0,15122.0,18104.0,-0.09628008752735262
20251118,SF2606,5440.0,309.0,997.0,0.375
20251118,SF2607,5610.0,8.0,76.0,0.051336898395723196
20251118,SF2608,5634.0,1.0,20.0,-0.13205537806176837
20251118,SF2609,5572.0,116.0,455.0,-0.14644651830581523
20251118,SF2610,5504.0,11.0,51.0,0.3837209302325588
20251118,SF2611,5680.0,4.0,5.0,0.0
20251119,SF2512,5452.0,805.0,6211.0,0.0002473064208990274
20251119,SF2601,5462.0,86181.0,151953.0,-0.16697180519956056
20251119,SF2602,5386.0,72824.0,47684.0,0.2629038247307838
20251119,SF2603,5504.0,232237.0,165626.0,-0.10029069767441845
20251119,SF2604,5458.0,60567.0,29382.0,0.0043972150971045565
20251119,SF2605,5460.0,9382.0,21018.0,-0.0659340659340657
20251119,SF2606,5430.0,93.0,1064.0,0.31381215469613366
20251119,SF2607,5572.0,2.0,76.0,0.0
20251119,SF2608,0.0,0.0,20.0,0.0
20251119,SF2609,5552.0,31.0,466.0,-0.07348703170028781
20251119,SF2610,5518.0,3.0,53.0,0.0
20251119,SF2611,0.0,0.0,5.0,0.0
20251120,SF2512,5404.0,1502.0,5294.0,0.0001497018438277189
20251120,SF2601,5410.0,111615.0,136944.0,-0.19075785582255111
20251120,SF2602,5324.0,110754.0,48962.0,0.27498121712997836
20251120,SF2603,5446.0,315918.0,188326.0,-0.11898641204553861
20251120,SF2604,5392.0,86623.0,32543.0,0.017804154302671904
20251120,SF2605,5400.0,9421.0,26060.0,-0.07111111111111068
20251120,SF2606,5368.0,198.0,1210.0,0.3487332339791349
20251120,SF2607,5524.0,9.0,77.0,-0.034757422157856155
20251120,SF2608,5508.0,6.0,22.0,-0.026143790849673554
20251120,SF2609,5496.0,38.0,482.0,-0.07423580786026207
20251120,SF2610,5462.0,19.0,55.0,0.3515195898938117
20251120,SF2611,5622.0,7.0,8.0,0.0
20251121,SF2512,5422.0,280.0,5212.0,0.0004973495414022765
20251121,SF2601,5442.0,85144.0,124556.0,-0.19845644983461952
20251121,SF2602,5352.0,117393.0,49223.0,0.26905829596412634
20251121,SF2603,5472.0,335582.0,205123.0,-0.1315789473684208
20251121,SF2604,5412.0,81249.0,34886.0,0.008869179600886845
20251121,SF2605,5416.0,8747.0,27632.0,-0.10192023633677971
20251121,SF2606,5370.0,224.0,1247.0,0.3486033519553082
20251121,SF2607,5526.0,6.0,79.0,0.0
20251121,SF2608,0.0,0.0,22.0,0.0
20251121,SF2609,5504.0,52.0,503.0,-0.10029069767441845
20251121,SF2610,5458.0,15.0,62.0,0.0
20251121,SF2611,0.0,0.0,8.0,0.0
20251124,SF2512,5408.0,715.0,4751.0,0.0003989096469649495
20251124,SF2601,5424.0,57190.0,111011.0,-0.1858407079646014
20251124,SF2602,5340.0,91562.0,47500.0,0.26067415730337196
20251124,SF2603,5456.0,360902.0,208059.0,-0.10557184750733128
20251124,SF2604,5408.0,148868.0,33344.0,0.004437869822485396
20251124,SF2605,5410.0,10102.0,29663.0,-0.07985212569316102
20251124,SF2606,5374.0,134.0,1290.0,0.37513956084853106
20251124,SF2607,5542.0,3.0,79.0,-0.004330566582461337
20251124,SF2608,5540.0,3.0,21.0,-0.08664259927797824
20251124,SF2609,5500.0,38.0,498.0,0.0
20251124,SF2610,0.0,0.0,62.0,0.0
20251124,SF2611,5622.0,7.0,8.0,0.0
20251125,SF2512,5406.0,135.0,4704.0,0.00044893938071307053
20251125,SF2601,5424.0,33912.0,106897.0,-0.1902654867256639
20251125,SF2602,5338.0,90603.0,47783.0,0.24728362682652705
20251125,SF2603,5448.0,316787.0,217611.0,-0.10132158590308382
20251125,SF2604,5402.0,114454.0,33742.0,0.013328396890041283
20251125,SF2605,5408.0,11427.0,33842.0,-0.09763313609467472
20251125,SF2606,5364.0,177.0,1373.0,0.35794183445190253
20251125,SF2607,5524.0,1.0,78.0,-0.021723388848660097
20251125,SF2608,5514.0,2.0,20.0,-0.047878128400434594
20251125,SF2609,5492.0,60.0,509.0,-0.08302986161689674
20251125,SF2610,5454.0,4.0,63.0,0.33443344334433434
20251125,SF2611,5606.0,2.0,8.0,0.0
20251126,SF2512,5380.0,413.0,4685.0,0.00030073931748883666
20251126,SF2601,5392.0,30212.0,102754.0,-0.16468842729970312
20251126,SF2602,5318.0,65296.0,47453.0,0.22113576532531098
20251126,SF2603,5416.0,393103.0,229279.0,-0.09305760709010391
20251126,SF2604,5374.0,214258.0,35741.0,0.0044659471529593375
20251126,SF2605,5376.0,14804.0,40196.0,-0.09375
20251126,SF2606,5334.0,267.0,1487.0,0.3644544431946004
20251126,SF2607,5496.0,2.0,79.0,-0.07423580786026207
20251126,SF2608,5462.0,1.0,21.0,0.01318198462101794
20251126,SF2609,5468.0,67.0,534.0,-0.07022677395757126
20251126,SF2610,5436.0,6.0,68.0,0.31346578366445854
20251126,SF2611,5578.0,10.0,10.0,0.0
20251127,SF2512,5360.0,241.0,4541.0,0.0005031024652020884
20251127,SF2601,5380.0,32379.0,98915.0,-0.17397769516728667
20251127,SF2602,5302.0,53026.0,48340.0,0.1991701244813271
20251127,SF2603,5390.0,317259.0,248587.0,-0.12467532467532472
20251127,SF2604,5334.0,140507.0,36520.0,0.022497187851518774
20251127,SF2605,5344.0,15619.0,46850.0,-0.10329341317365293
20251127,SF2606,5298.0,1089.0,1914.0,0.34881087202717875
20251127,SF2607,5452.0,144.0,109.0,-0.07043286867204701
20251127,SF2608,5420.0,8.0,24.0,0.022140221402215055
20251127,SF2609,5430.0,105.0,557.0,-0.07071823204419925
20251127,SF2610,5398.0,22.0,81.0,0.275657650981846
20251127,SF2611,5522.0,5.0,13.0,0.0
20251128,SF2512,5354.0,1315.0,3418.0,0.0005540328978019217
20251128,SF2601,5376.0,23956.0,94105.0,-0.18303571428571397
20251128,SF2602,5294.0,52574.0,50701.0,0.21760483566301403
20251128,SF2603,5390.0,232546.0,254583.0,-0.11131725417439764
20251128,SF2604,5340.0,94147.0,40119.0,0.013483146067414964
20251128,SF2605,5346.0,9417.0,48551.0,-0.09876543209876498
20251128,SF2606,5302.0,789.0,2320.0,0.0
20251128,SF2607,0.0,0.0,109.0,0.0
20251128,SF2608,5426.0,3.0,23.0,-0.004423147806856154
20251128,SF2609,5424.0,115.0,602.0,-0.057522123893805954
20251128,SF2610,5398.0,54.0,115.0,0.0
20251128,SF2611,0.0,0.0,13.0,0.0
20251201,SF2512,5396.0,150.0,3398.0,0.0005996951549628852
20251201,SF2601,5420.0,40949.0,81359.0,-0.15940959409594146
20251201,SF2602,5348.0,38741.0,49101.0,0.26477187733732155
20251201,SF2603,5466.0,354243.0,251393.0,-0.08781558726673966
20251201,SF2604,5426.0,157140.0,37378.0,0.004423147806854821
20251201,SF2605,5428.0,19855.0,50061.0,-0.10611643330876941
20251201,SF2606,5380.0,336.0,2243.0,0.307806691449815
20251201,SF2607,5518.0,13.0,108.0,-0.034795215657847045
20251201,SF2608,5502.0,2.0,21.0,-0.02617230098146095
20251201,SF2609,5490.0,132.0,572.0,-0.09617486338797754
20251201,SF2610,5446.0,66.0,105.0,0.3040763863385969
20251201,SF2611,5584.0,6.0,14.0,0.0
20251202,SF2512,5400.0,21.0,3377.0,0.0002496878901373175
20251202,SF2601,5410.0,19276.0,77617.0,-0.16857670979667283
20251202,SF2602,5334.0,46337.0,48917.0,0.2564679415073119
20251202,SF2603,5448.0,235192.0,259775.0,-0.08370044052863435
20251202,SF2604,5410.0,102467.0,35877.0,0.0
20251202,SF2605,5410.0,13503.0,53333.0,-0.09759704251386259
20251202,SF2606,5366.0,219.0,2262.0,0.31755497577338865
20251202,SF2607,5508.0,47.0,106.0,-0.04793028322440085
20251202,SF2608,5486.0,2.0,20.0,-0.034998177178271916
20251202,SF2609,5470.0,139.0,633.0,-0.0921389396709329
20251202,SF2610,5428.0,12.0,112.0,0.3183492999263082
20251202,SF2611,5572.0,1.0,14.0,0.0
20251203,SF2512,5402.0,220.0,3377.0,-0.0001996763579032302
20251203,SF2601,5394.0,21188.0,69751.0,-0.12013348164627358
20251203,SF2602,5340.0,26892.0,50143.0,0.23820224719101102
20251203,SF2603,5446.0,230908.0,259817.0,-0.10576569959603388
20251203,SF2604,5398.0,111520.0,39734.0,0.022230455724341347
20251203,SF2605,5408.0,15754.0,56503.0,-0.10207100591716012
20251203,SF2606,5362.0,197.0,2246.0,0.3043640432674364
20251203,SF2607,5498.0,28.0,123.0,-0.048017460894871355
20251203,SF2608,5476.0,2.0,22.0,-0.008765522279035487
20251203,SF2609,5472.0,32.0,629.0,-0.07894736842105221
20251203,SF2610,5436.0,2.0,112.0,0.3178807947019857
20251203,SF2611,5580.0,4.0,14.0,0.0
20251204,SF2512,0.0,0.0,3377.0,0.0
20251204,SF2601,5468.0,40010.0,55782.0,-0.10095098756400844
20251204,SF2602,5422.0,36495.0,47752.0,0.27443747694577514
20251204,SF2603,5546.0,306562.0,259334.0,-0.08222142084385098
20251204,SF2604,5508.0,127305.0,35184.0,-0.004357298474944926
20251204,SF2605,5506.0,20468.0,51580.0,-0.11768979295314264
20251204,SF2606,5452.0,324.0,2129.0,0.33455612619222297
20251204,SF2607,5604.0,3.0,126.0,0.0
20251204,SF2608,0.0,0.0,22.0,0.0
20251204,SF2609,5562.0,79.0,618.0,-0.09492988133764779
20251204,SF2610,5518.0,11.0,105.0,0.2653135193910847
20251204,SF2611,5640.0,2.0,14.0,0.0
20251205,SF2512,5390.0,7.0,3377.0,0.000300181359571395
20251205,SF2601,5402.0,17594.0,52349.0,-0.09774157719363252
20251205,SF2602,5358.0,61516.0,48036.0,0.25979843225083954
20251205,SF2603,5474.0,403523.0,262736.0,-0.07453416149068337
20251205,SF2604,5440.0,208116.0,34024.0,-0.008823529411764675
20251205,SF2605,5436.0,24325.0,57395.0,-0.08830022075055144
20251205,SF2606,5396.0,437.0,2424.0,0.3068939955522598
20251205,SF2607,5534.0,9.0,130.0,0.0
20251205,SF2608,0.0,0.0,22.0,0.0
20251205,SF2609,5496.0,81.0,639.0,-0.0917030567685595
20251205,SF2610,5454.0,9.0,110.0,0.4004400440044016
20251205,SF2611,5636.0,8.0,17.0,0.0
20251208,SF2512,0.0,0.0,3377.0,0.0
20251208,SF2601,5382.0,16641.0,48814.0,-0.0981047937569679
20251208,SF2602,5338.0,73651.0,47841.0,0.23829149494192592
20251208,SF2603,5444.0,414480.0,267182.0,-0.10139603232917027
20251208,SF2604,5398.0,214269.0,36706.0,0.017784364579473078
20251208,SF2605,5406.0,19717.0,63544.0,-0.09766925638179735
20251208,SF2606,5362.0,272.0,2478.0,0.3222678105184622
20251208,SF2607,5506.0,7.0,135.0,0.0
20251208,SF2608,0.0,0.0,22.0,0.0
20251208,SF2609,5462.0,95.0,648.0,-0.07469791285243499
20251208,SF2610,5428.0,18.0,114.0,0.30950626381724344
20251208,SF2611,5568.0,3.0,16.0,0.0
20251209,SF2512,5354.0,454.0,2928.0,0.0010073325414580257
20251209,SF2601,5394.0,13706.0,45516.0,-0.07563959955506139
20251209,SF2602,5360.0,48415.0,44241.0,0.22835820895522474
20251209,SF2603,5462.0,245113.0,270595.0,-0.11863786158916145
20251209,SF2604,5408.0,91971.0,43095.0,0.017751479289941585
20251209,SF2605,5416.0,21426.0,66909.0,-0.09305760709010391
20251209,SF2606,5374.0,353.0,2612.0,0.2813546706363983
20251209,SF2607,5500.0,122.0,126.0,0.0
20251209,SF2608,0.0,0.0,22.0,0.0
20251209,SF2609,5462.0,185.0,727.0,-0.15818381545221527
20251209,SF2610,5390.0,6.0,116.0,0.2983302411873847
20251209,SF2611,5524.0,6.0,11.0,0.0
20251210,SF2512,5398.0,130.0,2798.0,-0.0006494290436324737
20251210,SF2601,5372.0,15733.0,41326.0,-0.08041697691734973
20251210,SF2602,5336.0,68424.0,43228.0,0.22038980509745087
20251210,SF2603,5434.0,359824.0,265112.0,-0.08833271991166702
20251210,SF2604,5394.0,186858.0,40145.0,0.0
20251210,SF2605,5394.0,16886.0,68051.0,-0.06674082313681895
20251210,SF2606,5364.0,258.0,2646.0,0.32214765100671094
20251210,SF2607,5508.0,25.0,131.0,0.0
20251210,SF2608,0.0,0.0,22.0,0.0
20251210,SF2609,5456.0,84.0,740.0,-0.048387096774193505
20251210,SF2610,5434.0,5.0,117.0,0.0
20251210,SF2611,0.0,0.0,11.0,0.0
20251211,SF2512,0.0,0.0,2798.0,0.0
20251211,SF2601,5352.0,32337.0,39126.0,-0.06278026905829659
20251211,SF2602,5324.0,36382.0,41187.0,0.2118707738542458
20251211,SF2603,5418.0,265759.0,264632.0,-0.07973421926910351
20251211,SF2604,5382.0,104168.0,39750.0,0.0
20251211,SF2605,5382.0,19136.0,69518.0,-0.08918617614269797
20251211,SF2606,5342.0,449.0,2758.0,0.3010108573567951
20251211,SF2607,5476.0,45.0,148.0,0.0
20251211,SF2608,0.0,0.0,22.0,0.0
20251211,SF2609,5444.0,275.0,805.0,0.01322556943424047
20251211,SF2610,5450.0,3.0,120.0,0.0
20251211,SF2611,0.0,0.0,11.0,0.0
20251212,SF2512,0.0,233.0,0.0,0.0
20251212,SF2601,5386.0,18995.0,31044.0,-0.053471964352023615
20251212,SF2602,5362.0,44514.0,41591.0,0.24170085788884865
20251212,SF2603,5470.0,313348.0,256924.0,-0.10530164533820807
20251212,SF2604,5422.0,74348.0,38884.0,0.013279232755440518
20251212,SF2605,5428.0,31028.0,64675.0,-0.10169491525423702
20251212,SF2606,5382.0,527.0,2830.0,0.28539576365663244
20251212,SF2607,5510.0,19.0,150.0,-0.060980036297640705
20251212,SF2608,5482.0,9.0,31.0,-0.00437796424662551
20251212,SF2609,5480.0,148.0,795.0,-0.12700729927007304
20251212,SF2610,5422.0,10.0,122.0,0.28329029878273726
20251212,SF2611,5550.0,2.0,11.0,0.0
20251215,SF2601,5410.0,13379.0,24518.0,-0.031053604436229065
20251215,SF2602,5396.0,46308.0,37700.0,0.27131208302446375
20251215,SF2603,5518.0,408236.0,257168.0,-0.09133744110184816
20251215,SF2604,5476.0,130244.0,37426.0,0.004382761139519076
20251215,SF2605,5478.0,37387.0,58742.0,-0.10514786418400934
20251215,SF2606,5430.0,667.0,2716.0,0.2872928176795586
20251215,SF2607,5560.0,8.0,152.0,0.0
20251215,SF2608,5560.0,4.0,30.0,-0.060431654676258884
20251215,SF2609,5532.0,204.0,783.0,-0.07375271149674667
20251215,SF2610,5498.0,24.0,118.0,0.25754819934521667
20251215,SF2611,5616.0,13.0,16.0,-0.02564102564102555
20251215,SF2612,5604.0,7.0,4.0,0.0
20251216,SF2601,5396.0,5517.0,22424.0,-0.06671608598962164
20251216,SF2602,5366.0,48856.0,35723.0,0.25941110696980996
20251216,SF2603,5482.0,282348.0,257884.0,-0.0875592849325062
20251216,SF2604,5442.0,83827.0,40594.0,0.004410143329658389
20251216,SF2605,5444.0,19972.0,62488.0,-0.0881704628949298
20251216,SF2606,5404.0,287.0,2839.0,0.3019985196150987
20251216,SF2607,5540.0,32.0,146.0,-0.06931407942238232
20251216,SF2608,5508.0,1.0,31.0,0.008714596949889852
20251216,SF2609,5512.0,250.0,827.0,-0.1132075471698113
20251216,SF2610,5460.0,15.0,130.0,0.2593406593406584
20251216,SF2611,5578.0,8.0,16.0,0.03442093940480362
20251216,SF2612,5594.0,1.0,5.0,0.0
20251217,SF2601,5440.0,7770.0,18403.0,-0.026470588235294024
20251217,SF2602,5428.0,53889.0,37943.0,0.26086956521739246
20251217,SF2603,5546.0,270107.0,251350.0,-0.09520375045077545
20251217,SF2604,5502.0,60251.0,38382.0,0.0
20251217,SF2605,5502.0,19577.0,57770.0,-0.09596510359869148
20251217,SF2606,5458.0,438.0,2704.0,0.2902161964089407
20251217,SF2607,5590.0,7.0,147.0,-0.034347048300536365
20251217,SF2608,5574.0,7.0,38.0,-0.008611410118406493
20251217,SF2609,5570.0,124.0,812.0,-0.07755834829443486
20251217,SF2610,5534.0,20.0,137.0,0.2515359595229496
20251217,SF2611,5650.0,3.0,16.0,-0.02973451327433585
20251217,SF2612,5636.0,2.0,6.0,0.0
20251218,SF2601,5478.0,6507.0,16141.0,-0.013143483023001501
20251218,SF2602,5472.0,81134.0,36200.0,0.2631578947368416
20251218,SF2603,5592.0,295666.0,253809.0,-0.0815450643776825
20251218,SF2604,5554.0,60377.0,36444.0,-0.017284839755131287
20251218,SF2605,5546.0,28971.0,52475.0,-0.0995311936530836
20251218,SF2606,5500.0,322.0,2689.0,0.32727272727272805
20251218,SF2607,5650.0,14.0,152.0,0.0
20251218,SF2608,0.0,0.0,38.0,0.0
20251218,SF2609,5616.0,113.0,791.0,-0.07264957264957328
20251218,SF2610,5582.0,32.0,111.0,0.21067717663919616
20251218,SF2611,5680.0,1.0,17.0,0.04225352112676184
20251218,SF2612,5700.0,6.0,11.0,0.0
20251219,SF2601,5522.0,3781.0,14528.0,-0.021731256791017728
20251219,SF2602,5512.0,93513.0,36460.0,0.2786647314949189
20251219,SF2603,5640.0,294284.0,256901.0,-0.07659574468085051
20251219,SF2604,5604.0,44864.0,38681.0,-0.03854389721627438
20251219,SF2605,5586.0,29342.0,47740.0,-0.09452201933404902
20251219,SF2606,5542.0,398.0,2570.0,0.0
20251219,SF2607,0.0,0.0,152.0,0.0
20251219,SF2608,0.0,0.0,38.0,0.0
20251219,SF2609,5646.0,125.0,811.0,-0.10626992561105242
20251219,SF2610,5596.0,11.0,116.0,0.24017155110793542
20251219,SF2611,5708.0,3.0,19.0,0.0042046250875964475
20251219,SF2612,5710.0,4.0,12.0,0.0
20251222,SF2601,5516.0,3968.0,12196.0,-0.008701957940536076
20251222,SF2602,5512.0,84315.0,35220.0,0.28737300435413626
20251222,SF2603,5644.0,302998.0,250343.0,-0.07654145995747674
20251222,SF2604,5608.0,98136.0,39159.0,-0.03423680456490663
20251222,SF2605,5592.0,13715.0,47164.0,-0.0815450643776825
20251222,SF2606,5554.0,544.0,2558.0,0.29384227583723455
20251222,SF2607,5690.0,4.0,155.0,-0.05061511423550025
20251222,SF2608,5666.0,1.0,38.0,-0.025414754677021367
20251222,SF2609,5654.0,86.0,815.0,-0.07640608418818484
20251222,SF2610,5618.0,14.0,120.0,0.2776788892844424
20251222,SF2611,5748.0,7.0,20.0,-0.020876826722337594
20251222,SF2612,5738.0,1.0,13.0,0.0
20251223,SF2601,5518.0,2595.0,10738.0,0.0043494019572305476
20251223,SF2602,5520.0,43750.0,32422.0,0.27826086956521756
20251223,SF2603,5648.0,241006.0,250472.0,-0.07648725212464624
20251223,SF2604,5612.0,83373.0,40047.0,-0.017106200997861976
20251223,SF2605,5604.0,16381.0,45988.0,-0.08993576017130556
20251223,SF2606,5562.0,432.0,2685.0,0.3193096008629981
20251223,SF2607,5710.0,3.0,156.0,0.0
20251223,SF2608,0.0,0.0,38.0,0.0
20251223,SF2609,5662.0,150.0,873.0,-0.09749205227834645
20251223,SF2610,5616.0,7.0,121.0,0.0
20251223,SF2611,0.0,0.0,20.0,0.0
20251223,SF2612,5730.0,1.0,13.0,0.0
20251224,SF2601,5526.0,2274.0,9597.0,0.0
20251224,SF2602,5526.0,46826.0,32741.0,0.28230184581976125
20251224,SF2603,5656.0,217070.0,248904.0,-0.07213578500707163
20251224,SF2604,5622.0,61471.0,40109.0,-0.03415154749199578
20251224,SF2605,5606.0,16030.0,44634.0,-0.085622547270781
20251224,SF2606,5566.0,155.0,2720.0,0.2673374056773268
20251224,SF2607,5690.0,4.0,154.0,0.0
20251224,SF2608,0.0,0.0,38.0,0.0
20251224,SF2609,5666.0,93.0,880.0,-0.07200847158489232
20251224,SF2610,5632.0,8.0,127.0,0.0
20251224,SF2611,0.0,0.0,20.0,0.0
20251224,SF2612,0.0,0.0,13.0,0.0
20251225,SF2601,5556.0,2017.0,7899.0,0.008639308855291183
20251225,SF2602,5560.0,32335.0,34918.0,0.28489208633093455
20251225,SF2603,5692.0,167658.0,255488.0,-0.08854532677442073
20251225,SF2604,5650.0,44053.0,39305.0,-0.038230088495574854
20251225,SF2605,5632.0,16835.0,44394.0,-0.08948863636363624
20251225,SF2606,5590.0,368.0,2648.0,0.2747763864042936
20251225,SF2607,5718.0,7.0,156.0,0.0
20251225,SF2608,0.0,0.0,38.0,0.0
20251225,SF2609,5680.0,169.0,904.0,-0.08873239436619773
20251225,SF2610,5638.0,20.0,141.0,0.2596665484214249
20251225,SF2611,5760.0,5.0,23.0,0.0
20251225,SF2612,0.0,0.0,13.0,0.0
20251226,SF2601,5526.0,1613.0,7102.0,0.039087947882736174
20251226,SF2602,5544.0,29037.0,26129.0,0.27705627705627656
20251226,SF2603,5672.0,189524.0,246240.0,-0.07616361071932287
20251226,SF2604,5636.0,40312.0,38493.0,-0.03406671398154737
20251226,SF2605,5620.0,17430.0,44206.0,-0.08113879003558733
20251226,SF2606,5582.0,351.0,2731.0,0.21927624507344934
20251226,SF2607,5684.0,12.0,164.0,0.046446164672764745
20251226,SF2608,5706.0,2.0,38.0,-0.06309148264984188
20251226,SF2609,5676.0,336.0,921.0,-0.06342494714587676
20251226,SF2610,5646.0,12.0,143.0,0.23379383634431505
20251226,SF2611,5756.0,11.0,29.0,0.004169562195968979
20251226,SF2612,5758.0,3.0,14.0,0.0
20251229,SF2601,5534.0,2316.0,6032.0,0.008673653776654078
20251229,SF2602,5538.0,45117.0,18724.0,0.29902491874322923
20251229,SF2603,5676.0,318089.0,231184.0,-0.059196617336152446
20251229,SF2604,5648.0,103087.0,36613.0,-0.033994334277621
20251229,SF2605,5632.0,31311.0,44784.0,-0.09801136363636376
20251229,SF2606,5586.0,767.0,2555.0,0.2964554242749742
20251229,SF2607,5724.0,5.0,165.0,0.03354297693920305
20251229,SF2608,5740.0,1.0,38.0,-0.10452961672473915
20251229,SF2609,5690.0,391.0,1024.0,-0.07170474516696013
20251229,SF2610,5656.0,118.0,170.0,0.24186704384724056
20251229,SF2611,5770.0,64.0,81.0,0.004159445407279527
20251229,SF2612,5772.0,19.0,23.0,0.0
20251230,SF2601,5564.0,2040.0,5066.0,0.05607476635514086
20251230,SF2602,5590.0,29153.0,14844.0,0.3434704830053663
20251230,SF2603,5750.0,232982.0,230640.0,-0.045913043478261084
20251230,SF2604,5728.0,61691.0,38352.0,-0.046089385474860745
20251230,SF2605,5706.0,24541.0,46161.0,-0.08412197686645673
20251230,SF2606,5666.0,442.0,2550.0,0.23296858453935876
20251230,SF2607,5776.0,5.0,165.0,0.0
20251230,SF2608,0.0,0.0,38.0,0.0
20251230,SF2609,5770.0,377.0,1028.0,-0.10398613518197619
20251230,SF2610,5720.0,47.0,176.0,0.24335664335664298
20251230,SF2611,5836.0,25.0,103.0,0.041124057573679984
20251230,SF2612,5856.0,8.0,27.0,0.0
20251231,SF2601,5468.0,3176.0,3900.0,0.06144842721287436
20251231,SF2602,5496.0,38299.0,12972.0,0.38427947598253276
20251231,SF2603,5672.0,225315.0,218692.0,-0.05923836389280668
20251231,SF2604,5644.0,74030.0,36897.0,-0.034018426647767885
20251231,SF2605,5628.0,28644.0,47924.0,-0.081023454157783
20251231,SF2606,5590.0,334.0,2604.0,0.3005366726296952
20251231,SF2607,5730.0,24.0,155.0,-0.05445026178010526
20251231,SF2608,5704.0,3.0,41.0,-0.008415147265077305
20251231,SF2609,5700.0,226.0,1092.0,-0.08000000000000052
20251231,SF2610,5662.0,39.0,161.0,0.2712822324267048
20251231,SF2611,5790.0,12.0,101.0,-0.004145077720207446
20251231,SF2612,5788.0,1.0,28.0,0.0
20260105,SF2601,5460.0,711.0,3628.0,0.01758241758241752
20260105,SF2602,5468.0,5832.0,11933.0,0.3423555230431594
20260105,SF2603,5624.0,178709.0,227324.0,-0.051209103840682335
20260105,SF2604,5600.0,39759.0,42024.0,-0.012857142857143344
20260105,SF2605,5594.0,33386.0,53574.0,-0.08580622095101953
20260105,SF2606,5554.0,5825.0,6972.0,0.31544832553114865
20260105,SF2607,5700.0,81.0,113.0,-0.0631578947368423
20260105,SF2608,5670.0,12.0,45.0,0.008465608465608732
20260105,SF2609,5674.0,310.0,1191.0,-0.12266478674656334
20260105,SF2610,5616.0,97.0,168.0,0.3076923076923066
20260105,SF2611,5760.0,81.0,78.0,-0.058333333333333126
20260105,SF2612,5732.0,7.0,28.0,0.0
20260106,SF2601,5572.0,648.0,3245.0,0.034458004307249546
20260106,SF2602,5588.0,8064.0,9996.0,0.4037222619899783
20260106,SF2603,5776.0,327236.0,257498.0,-0.04986149584487487
20260106,SF2604,5752.0,74813.0,47183.0,-0.02920723226703803
20260106,SF2605,5738.0,61544.0,57226.0,-0.0794701986754971
20260106,SF2606,5700.0,16819.0,17943.0,0.2947368421052641
20260106,SF2607,5840.0,244.0,214.0,-0.102739726027397
20260106,SF2608,5790.0,7.0,45.0,0.02072538860103723
20260106,SF2609,5800.0,1084.0,1428.0,-0.0993103448275856
20260106,SF2610,5752.0,161.0,171.0,0.2586926286509037
20260106,SF2611,5876.0,136.0,196.0,-0.11027910142954367
20260106,SF2612,5822.0,17.0,34.0,0.0
20260107,SF2601,5632.0,295.0,3182.0,0.05965909090908994
20260107,SF2602,5660.0,8273.0,8906.0,0.4240282685512371
20260107,SF2603,5860.0,329099.0,245565.0,-0.03276450511945361
20260107,SF2604,5844.0,86740.0,44910.0,-0.02464065708418861
20260107,SF2605,5832.0,68763.0,60892.0,-0.08641975308641969
20260107,SF2606,5790.0,15600.0,23867.0,0.2611398963730558
20260107,SF2607,5916.0,262.0,315.0,-0.028397565922920975
20260107,SF2608,5902.0,37.0,74.0,-0.03659776347001076
20260107,SF2609,5884.0,1037.0,1614.0,-0.09381373215499611
20260107,SF2610,5838.0,368.0,360.0,0.27954779033915855
20260107,SF2611,5974.0,268.0,392.0,-0.15266153331101373
20260107,SF2612,5898.0,69.0,89.0,0.0
20260108,SF2601,5474.0,166.0,3085.0,0.035074899525027625
20260108,SF2602,5490.0,5644.0,7970.0,0.38907103825136513
20260108,SF2603,5668.0,276442.0,233414.0,-0.025405786873676117
20260108,SF2604,5656.0,58726.0,46380.0,-0.01272984441301217
20260108,SF2605,5650.0,63835.0,64230.0,-0.08495575221239005
20260108,SF2606,5610.0,13644.0,26475.0,0.2866310160427812
20260108,SF2607,5744.0,154.0,320.0,-0.02089136490250665
20260108,SF2608,5734.0,14.0,75.0,-0.033484478549005825
20260108,SF2609,5718.0,1169.0,1885.0,-0.05036726128016733
20260108,SF2610,5694.0,312.0,419.0,0.26554267650158003
20260108,SF2611,5820.0,190.0,405.0,-0.14432989690721598
20260108,SF2612,5750.0,47.0,82.0,0.0
20260109,SF2601,5462.0,271.0,2998.0,0.017575979494690586
20260109,SF2602,5470.0,4247.0,7337.0,0.35539305301645374
20260109,SF2603,5632.0,229932.0,233205.0,-0.04261363636363624
20260109,SF2604,5612.0,34883.0,44281.0,0.0
20260109,SF2605,5612.0,48858.0,66526.0,-0.08553100498930855
20260109,SF2606,5572.0,18400.0,28941.0,0.32735104091888
20260109,SF2607,5724.0,307.0,434.0,-0.016771488469601525
20260109,SF2608,5716.0,42.0,75.0,-0.025192442267320203
20260109,SF2609,5704.0,958.0,2086.0,-0.07573632538569441
20260109,SF2610,5668.0,151.0,356.0,0.29640084685956314
20260109,SF2611,5808.0,102.0,334.0,-0.061983471074379626
20260109,SF2612,5778.0,23.0,70.0,0.0
20260112,SF2601,0.0,0.0,2998.0,0.0
20260112,SF2602,5530.0,2968.0,6898.0,0.36455696202531573
20260112,SF2603,5698.0,201430.0,224722.0,-0.02106002106002114
20260112,SF2604,5688.0,43860.0,43502.0,-0.029535864978902815
20260112,SF2605,5674.0,37475.0,65353.0,-0.08036658442016265
20260112,SF2606,5636.0,14735.0,29226.0,0.2853087295954584
20260112,SF2607,5770.0,101.0,401.0,-0.0249566724436745
20260112,SF2608,5758.0,5.0,72.0,-0.04584925321292177
20260112,SF2609,5736.0,835.0,2022.0,-0.08368200836820039
20260112,SF2610,5696.0,109.0,404.0,0.2949438202247183
20260112,SF2611,5836.0,21.0,331.0,-0.024674434544208257
20260112,SF2612,5824.0,14.0,75.0,0.0
20260113,SF2601,5522.0,14.0,2996.0,-0.047808764940239
20260113,SF2602,5500.0,12801.0,6069.0,0.3970909090909087
20260113,SF2603,5682.0,162961.0,220837.0,-0.02534318901795185
20260113,SF2604,5670.0,45992.0,42108.0,-0.02116402116402183
20260113,SF2605,5660.0,31427.0,66608.0,-0.08904593639576008
20260113,SF2606,5618.0,19045.0,29971.0,0.32039871840512646
20260113,SF2607,5768.0,106.0,376.0,-0.07073509015256585
20260113,SF2608,5734.0,4.0,71.0,-0.008371119637251123
20260113,SF2609,5730.0,650.0,2158.0,-0.07539267015706841
20260113,SF2610,5694.0,111.0,426.0,0.27397260273972535
20260113,SF2611,5824.0,34.0,311.0,-0.03296703296703285
20260113,SF2612,5808.0,11.0,79.0,0.0
20260114,SF2601,5400.0,190.0,2886.0,0.2222222222222232
20260114,SF2602,5500.0,3107.0,4856.0,0.4145454545454532
20260114,SF2603,5690.0,150108.0,216670.0,-0.021089630931458547
20260114,SF2604,5680.0,47951.0,39579.0,-0.025352112676056304
20260114,SF2605,5668.0,25739.0,67045.0,-0.09315455187014754
20260114,SF2606,5624.0,18023.0,30613.0,0.3371266002844946
20260114,SF2607,5782.0,34.0,380.0,-0.06641300588031873
20260114,SF2608,5750.0,4.0,71.0,-0.025043478260870167
20260114,SF2609,5738.0,367.0,2176.0,-0.0794701986754971
20260114,SF2610,5700.0,119.0,477.0,0.3031578947368425
20260114,SF2611,5844.0,29.0,290.0,-0.032854209445584814
20260114,SF2612,5828.0,2.0,81.0,0.0
20260115,SF2601,5456.0,69.0,2817.0,-0.06598240469208205
20260115,SF2602,5426.0,1147.0,4383.0,0.40692959823074215
20260115,SF2603,5610.0,144251.0,215048.0,-0.008556149732620533
20260115,SF2604,5606.0,39835.0,41107.0,-0.021405636817695584
20260115,SF2605,5596.0,32497.0,70966.0,-0.09006433166547545
20260115,SF2606,5554.0,12061.0,30367.0,0.3240907454087143
20260115,SF2607,5704.0,102.0,414.0,0.029453015427771234
20260115,SF2608,5718.0,21.0,71.0,-0.08394543546694688
20260115,SF2609,5678.0,576.0,2368.0,-0.08030996829869697
20260115,SF2610,5640.0,55.0,506.0,0.32340425531914807
20260115,SF2611,5792.0,15.0,279.0,-0.008287292817680036
20260115,SF2612,5788.0,9.0,85.0,0.0
20260116,SF2601,0.0,343.0,0.0,0.0
20260116,SF2602,5386.0,1245.0,4056.0,0.40995172669884905
20260116,SF2603,5570.0,203694.0,219779.0,-0.008617594254937355
20260116,SF2604,5566.0,47740.0,41052.0,0.0
20260116,SF2605,5566.0,54708.0,74502.0,-0.09486166007905084
20260116,SF2606,5522.0,13666.0,29648.0,0.3259688518652659
20260116,SF2607,5672.0,108.0,483.0,0.13117066290550117
20260116,SF2608,5734.0,2.0,70.0,-0.20509243111266118
20260116,SF2609,5636.0,639.0,2450.0,-0.07665010645848058
20260116,SF2610,5600.0,84.0,555.0,0.3085714285714296
20260116,SF2611,5744.0,20.0,270.0,-0.00835654596100266
20260116,SF2612,5740.0,9.0,89.0,0.0
20260119,SF2602,5356.0,730.0,4111.0,0.4301717699775942
20260119,SF2603,5548.0,114689.0,229601.0,-0.030281182408075313
20260119,SF2604,5534.0,16308.0,39244.0,0.004336826888327039
20260119,SF2605,5536.0,36726.0,78111.0,-0.09971098265895995
20260119,SF2606,5490.0,12008.0,29964.0,0.34972677595628365
20260119,SF2607,5650.0,323.0,668.0,-0.02973451327433585
20260119,SF2608,5636.0,3.0,73.0,-0.01703335699077302
20260119,SF2609,5628.0,703.0,2572.0,-0.0767590618336893
20260119,SF2610,5592.0,68.0,575.0,0.3047210300429182
20260119,SF2611,5734.0,36.0,254.0,0.0041855598186248955
20260119,SF2612,5736.0,12.0,90.0,-0.0002350618212589936
20260119,SF2701,5726.0,1.0,1.0,0.0
20260120,SF2602,5378.0,911.0,3625.0,0.3882484194867972
20260120,SF2603,5552.0,148515.0,245555.0,-0.043227665706051965
20260120,SF2604,5532.0,35403.0,40019.0,-0.008676789587852785
20260120,SF2605,5528.0,52644.0,82583.0,-0.08248914616497816
20260120,SF2606,5490.0,13015.0,32734.0,0.34535519125683134
20260120,SF2607,5648.0,167.0,748.0,-0.016997167138809832
20260120,SF2608,5640.0,7.0,75.0,-0.05531914893616996
20260120,SF2609,5614.0,768.0,2753.0,-0.0940505878161737
20260120,SF2610,5570.0,345.0,630.0,0.3274685816876115
20260120,SF2611,5722.0,187.0,158.0,0.03774903879762448
20260120,SF2612,5740.0,36.0,94.0,-0.0020671025329836003
20260120,SF2701,5652.0,1.0,2.0,0.0
20260121,SF2602,5368.0,304.0,3495.0,0.4202682563338307
20260121,SF2603,5556.0,130862.0,244000.0,-0.025917926565874883
20260121,SF2604,5544.0,20931.0,40285.0,-0.004329004329004071
20260121,SF2605,5542.0,34581.0,85925.0,-0.09094189823168541
20260121,SF2606,5500.0,5942.0,31940.0,0.3403636363636364
20260121,SF2607,5656.0,15.0,750.0,0.0
20260121,SF2608,0.0,0.0,75.0,0.0
20260121,SF2609,5620.0,332.0,2833.0,-0.08113879003558733
20260121,SF2610,5582.0,75.0,643.0,0.3267646005016127
20260121,SF2611,5734.0,41.0,122.0,0.012556679455877351
20260121,SF2612,5740.0,2.0,95.0,0.0
20260121,SF2701,0.0,0.0,2.0,0.0
20260122,SF2602,5422.0,1034.0,2802.0,0.4160826263371451
20260122,SF2603,5610.0,108864.0,232311.0,-0.04278074866310133
20260122,SF2604,5590.0,14299.0,39583.0,-0.008586762075134757
20260122,SF2605,5586.0,35054.0,85154.0,-0.09452201933404902
20260122,SF2606,5542.0,6896.0,32267.0,0.29880909418982426
20260122,SF2607,5680.0,66.0,713.0,-0.004225352112676717
20260122,SF2608,5678.0,2.0,73.0,-0.04649524480450884
20260122,SF2609,5656.0,430.0,2948.0,-0.06364922206506352
20260122,SF2610,5626.0,20.0,655.0,0.337006754354781
20260122,SF2611,5784.0,5.0,124.0,0.012448132780082943
20260122,SF2612,5790.0,7.0,95.0,-0.0010711998602782838
20260122,SF2701,5744.0,13.0,9.0,0.0
20260123,SF2602,5454.0,677.0,2598.0,0.4356435643564369
20260123,SF2603,5652.0,147842.0,215911.0,-0.03397027600849212
20260123,SF2604,5636.0,27582.0,40555.0,-0.021291696238466606
20260123,SF2605,5626.0,50737.0,82503.0,-0.09384998222538155
20260123,SF2606,5582.0,11576.0,31311.0,0.3052669294159811
20260123,SF2607,5724.0,201.0,598.0,0.012578616352200811
20260123,SF2608,5730.0,2.0,72.0,-0.08376963350785394
20260123,SF2609,5690.0,507.0,2848.0,-0.07592267135325104
20260123,SF2610,5654.0,69.0,690.0,0.31835868411743906
20260123,SF2611,5804.0,16.0,123.0,0.016540317022743167
20260123,SF2612,5812.0,9.0,94.0,-0.000835157017252173
20260123,SF2701,5776.0,8.0,11.0,0.0
20260126,SF2602,5440.0,277.0,2452.0,0.41470588235294237
20260126,SF2603,5628.0,147708.0,196604.0,-0.004264392324093702
20260126,SF2604,5626.0,29876.0,40453.0,-0.008531816565944261
20260126,SF2605,5622.0,51012.0,90854.0,-0.09818569903948804
20260126,SF2606,5576.0,14211.0,27993.0,0.3185078909612633
20260126,SF2607,5724.0,360.0,395.0,-0.02096436058700224
20260126,SF2608,5714.0,1.0,71.0,-0.06720336016800843
20260126,SF2609,5682.0,713.0,2528.0,-0.059134107708552985
20260126,SF2610,5654.0,69.0,707.0,0.31411390166253916
20260126,SF2611,5802.0,40.0,133.0,0.012409513960703222
20260126,SF2612,5808.0,4.0,96.0,-0.0008357321942613103
20260126,SF2701,5772.0,23.0,28.0,0.0
20260127,SF2602,5416.0,263.0,2305.0,0.4165435745937973
20260127,SF2603,5604.0,112403.0,185904.0,-0.02997858672376852
20260127,SF2604,5590.0,27170.0,40610.0,-0.008586762075134757
20260127,SF2605,5586.0,37178.0,93251.0,-0.09452201933404902
20260127,SF2606,5542.0,7451.0,28985.0,0.3031396607722856
20260127,SF2607,5682.0,29.0,372.0,-0.004223864836325308
20260127,SF2608,5680.0,1.0,72.0,-0.046478873239437224
20260127,SF2609,5658.0,214.0,2581.0,-0.07635206786850501
20260127,SF2610,5622.0,77.0,739.0,0.3159018143009593
20260127,SF2611,5770.0,34.0,133.0,0.004159445407279527
20260127,SF2612,5772.0,3.0,96.0,-0.0003270340348992047
20260127,SF2701,5758.0,6.0,32.0,0.0
20260128,SF2602,5454.0,483.0,1861.0,0.3916391639163921
20260128,SF2603,5632.0,122823.0,172651.0,-0.05113636363636376
20260128,SF2604,5608.0,31336.0,39463.0,-0.004279600570613162
20260128,SF2605,5606.0,38814.0,97793.0,-0.0941848019978595
20260128,SF2606,5562.0,6394.0,29641.0,0.2891046386192029
20260128,SF2607,5696.0,1.0,373.0,0.0
20260128,SF2608,0.0,0.0,72.0,0.0
20260128,SF2609,5678.0,260.0,2684.0,-0.05494892567805554
20260128,SF2610,5652.0,45.0,748.0,0.3312101910828025
20260128,SF2611,5808.0,16.0,134.0,0.0
20260128,SF2612,0.0,0.0,96.0,0.0
20260128,SF2701,5774.0,8.0,35.0,0.0
20260129,SF2602,5454.0,505.0,1877.0,0.6204620462046204
20260129,SF2603,5736.0,228839.0,138668.0,-0.058577405857740406
20260129,SF2604,5708.0,47746.0,41957.0,-0.008409250175192895
20260129,SF2605,5704.0,85542.0,98499.0,-0.10098176718092633
20260129,SF2606,5656.0,9855.0,28932.0,0.2715700141442703
20260129,SF2607,5784.0,507.0,596.0,-0.06224066390041472
20260129,SF2608,5754.0,170.0,149.0,-0.012513034410844615
20260129,SF2609,5748.0,1143.0,2648.0,-0.07515657620041694
20260129,SF2610,5712.0,354.0,743.0,0.2815126050420158
20260129,SF2611,5846.0,258.0,332.0,-0.02873759835785128
20260129,SF2612,5832.0,25.0,99.0,-0.00027743098904148213
20260129,SF2701,5820.0,59.0,70.0,0.0
20260130,SF2602,5404.0,327.0,1663.0,0.5684678016284224
20260130,SF2603,5660.0,177087.0,111150.0,-0.021201413427561988
20260130,SF2604,5650.0,32579.0,40376.0,-0.008495575221239005
20260130,SF2605,5646.0,70737.0,100559.0,-0.08926673751328318
20260130,SF2606,5604.0,6813.0,28654.0,0.29550321199143426
20260130,SF2607,5742.0,352.0,582.0,-0.08777429467084641
20260130,SF2608,5700.0,19.0,157.0,0.0
20260130,SF2609,5700.0,562.0,2729.0,-0.10526315789473717
20260130,SF2610,5650.0,106.0,756.0,0.26761061946902664
20260130,SF2611,5776.0,84.0,316.0,0.016620498614959622
20260130,SF2612,5784.0,22.0,101.0,-0.0007925777425520975
20260130,SF2701,5750.0,14.0,80.0,0.0
20260202,SF2602,5404.0,75.0,1629.0,0.4885270170244258
20260202,SF2603,5624.0,131530.0,110111.0,-0.017069701280227
20260202,SF2604,5616.0,19806.0,43998.0,0.0
20260202,SF2605,5616.0,65953.0,103549.0,-0.09401709401709413
20260202,SF2606,5572.0,31238.0,41214.0,0.30581478822684804
20260202,SF2607,5714.0,19653.0,19478.0,-0.08400420021001054
20260202,SF2608,5674.0,6.0,152.0,-0.004229820232640069
20260202,SF2609,5672.0,574.0,2856.0,-0.055007052186178296
20260202,SF2610,5646.0,84.0,781.0,0.25504782146652527
20260202,SF2611,5766.0,44.0,312.0,0.00416233090530671
20260202,SF2612,5768.0,14.0,105.0,-0.0008415278405460576
20260202,SF2701,5732.0,31.0,73.0,0.0
20260203,SF2602,5400.0,138.0,1672.0,0.48888888888888893
20260203,SF2603,5620.0,103691.0,102056.0,-0.025622775800711928
20260203,SF2604,5608.0,18179.0,45536.0,-0.004279600570613162
20260203,SF2605,5606.0,73067.0,112133.0,-0.0941848019978595
20260203,SF2606,5562.0,31145.0,45102.0,0.3106796116504844
20260203,SF2607,5706.0,26751.0,38108.0,-0.05467928496319674
20260203,SF2608,5680.0,14.0,147.0,0.0
20260203,SF2609,5680.0,870.0,3022.0,-0.07605633802816891
20260203,SF2610,5644.0,182.0,786.0,0.2849043231750539
20260203,SF2611,5778.0,121.0,266.0,-0.0166147455867085
20260203,SF2612,5770.0,19.0,104.0,-0.00032714739158373816
20260203,SF2701,5756.0,23.0,74.0,0.0
20260204,SF2602,5420.0,106.0,1778.0,0.5180811808118078
20260204,SF2603,5654.0,93117.0,89527.0,-0.008489564909798464
20260204,SF2604,5650.0,23197.0,45575.0,-0.01274336283185784
20260204,SF2605,5644.0,90122.0,129808.0,-0.0892983699503902
20260204,SF2606,5602.0,38790.0,47319.0,0.2913245269546598
20260204,SF2607,5738.0,30614.0,56977.0,-0.05855698849773505
20260204,SF2608,5710.0,28.0,125.0,0.004203152364274487
20260204,SF2609,5712.0,725.0,2958.0,-0.07563025210084007
20260204,SF2610,5676.0,43.0,791.0,0.30021141649048655
20260204,SF2611,5818.0,25.0,262.0,-0.008250257820556328
20260204,SF2612,5814.0,16.0,110.0,-0.0008348697255365725
20260204,SF2701,5778.0,12.0,78.0,0.0
20260205,SF2602,0.0,0.0,1778.0,0.0
20260205,SF2603,5668.0,80454.0,72954.0,-0.03387438249823571
20260205,SF2604,5652.0,20598.0,45070.0,-0.004246284501062014
20260205,SF2605,5650.0,130009.0,142421.0,-0.08920353982300888
20260205,SF2606,5608.0,45580.0,45595.0,0.291012838801711
20260205,SF2607,5744.0,48221.0,69100.0,-0.05431754874651862
20260205,SF2608,5718.0,6.0,123.0,-0.012591815320042166
20260205,SF2609,5712.0,366.0,2928.0,-0.07142857142857117
20260205,SF2610,5678.0,9.0,792.0,0.2916519901373711
20260205,SF2611,5816.0,6.0,261.0,-0.04951856946354871
20260205,SF2612,5792.0,8.0,108.0,0.0
20260205,SF2701,5792.0,5.0,78.0,0.0
20260206,SF2602,0.0,0.0,1778.0,0.0
20260206,SF2603,5634.0,85950.0,53072.0,-0.025559105431309792
20260206,SF2604,5622.0,19417.0,43830.0,0.004268943436499306
20260206,SF2605,5624.0,234888.0,159348.0,-0.08534850640113767
20260206,SF2606,5584.0,33677.0,46324.0,0.3180515759312321
20260206,SF2607,5732.0,36821.0,77258.0,-0.03349616189811533
20260206,SF2608,5716.0,89.0,95.0,-0.050384884534639074
20260206,SF2609,5692.0,1464.0,3111.0,-0.050597329585383655
20260206,SF2610,5668.0,134.0,796.0,0.27946365561044395
20260206,SF2611,5800.0,41.0,260.0,-0.0124137931034487
20260206,SF2612,5794.0,24.0,105.0,-0.00041887578393767213
20260206,SF2701,5776.0,55.0,100.0,0.0
20260209,SF2602,0.0,0.0,1778.0,0.0
20260209,SF2603,5610.0,42585.0,41295.0,-0.02139037433155133
20260209,SF2604,5600.0,16069.0,42605.0,-0.012857142857143344
20260209,SF2605,5594.0,163653.0,167193.0,-0.08151590990346769
20260209,SF2606,5556.0,28324.0,47069.0,0.30237580993520474
20260209,SF2607,5696.0,33189.0,75799.0,-0.05056179775280878
20260209,SF2608,5672.0,107.0,83.0,-0.012693935119887811
20260209,SF2609,5666.0,1091.0,3344.0,-0.07624426403106277
20260209,SF2610,5630.0,371.0,843.0,0.31119005328596927
20260209,SF2611,5776.0,218.0,140.0,0.0
20260209,SF2612,5776.0,27.0,104.0,-0.0006069283202091622
20260209,SF2701,5750.0,82.0,101.0,0.0
20260210,SF2602,0.0,0.0,1778.0,0.0
20260210,SF2603,5602.0,23815.0,34411.0,-0.03855765797929278
20260210,SF2604,5584.0,9130.0,41654.0,-0.008595988538682597
20260210,SF2605,5580.0,99225.0,166811.0,-0.09892473118279543
20260210,SF2606,5534.0,19455.0,44118.0,0.2905674015178903
20260210,SF2607,5668.0,23735.0,72784.0,-0.06774876499647142
20260210,SF2608,5636.0,5.0,81.0,0.008516678495387175
20260210,SF2609,5640.0,1014.0,3366.0,-0.08510638297872353
20260210,SF2610,5600.0,29.0,844.0,0.33857142857142897
20260210,SF2611,5758.0,22.0,138.0,-0.05001736714136884
20260210,SF2612,5734.0,10.0,103.0,-0.00023514381003515142
20260210,SF2701,5724.0,36.0,105.0,0.0
20260211,SF2602,5418.0,47.0,1825.0,0.4031007751937974
20260211,SF2603,5600.0,26819.0,28119.0,-0.02999999999999936
20260211,SF2604,5586.0,12551.0,37400.0,-0.02148227712137496
20260211,SF2605,5576.0,84609.0,162337.0,-0.10329985652797768
20260211,SF2606,5528.0,26679.0,40277.0,0.28219971056439874
20260211,SF2607,5658.0,29742.0,70005.0,-0.07211028632025496
20260211,SF2608,5624.0,11.0,82.0,-0.004267425320057416
20260211,SF2609,5622.0,1238.0,3508.0,-0.042689434364994394
20260211,SF2610,5602.0,19.0,849.0,0.3127454480542662
20260211,SF2611,5748.0,6.0,138.0,-0.016701461377870874
20260211,SF2612,5740.0,2.0,101.0,-0.0010335512664917926
20260211,SF2701,5696.0,8.0,107.0,0.0
20260212,SF2602,0.0,0.0,1825.0,0.0
20260212,SF2603,5538.0,10836.0,23069.0,-0.04767063921993486
20260212,SF2604,5516.0,10691.0,33330.0,-0.03480783176214697
20260212,SF2605,5500.0,130697.0,187389.0,-0.10909090909090846
20260212,SF2606,5450.0,22451.0,39874.0,0.2510091743119265
20260212,SF2607,5564.0,40246.0,74849.0,0.0
20260212,SF2608,0.0,0.0,82.0,0.0
20260212,SF2609,5534.0,2315.0,4988.0,-0.08673653776653412
20260212,SF2610,5494.0,81.0,917.0,0.3145249362941396
20260212,SF2611,5638.0,22.0,134.0,-0.03405462930117098
20260212,SF2612,5622.0,6.0,98.0,-0.00019186262635951937
20260212,SF2701,5614.0,40.0,121.0,0.0
20260213,SF2602,0.0,241.0,0.0,0.0
20260213,SF2603,5516.0,7655.0,19566.0,-0.02610587382160956
20260213,SF2604,5504.0,12804.0,30253.0,-0.0261627906976738
20260213,SF2605,5492.0,140909.0,200355.0,-0.13546977421704254
20260213,SF2606,5430.0,29673.0,39393.0,0.24751381215469603
20260213,SF2607,5542.0,46043.0,79743.0,-0.08661133164922408
20260213,SF2608,5502.0,3.0,83.0,0.021810250817884125
20260213,SF2609,5512.0,3035.0,7045.0,-0.10014513788098656
20260213,SF2610,5466.0,244.0,1095.0,0.31174533479692546
20260213,SF2611,5608.0,22.0,135.0,-0.02995720399429347
20260213,SF2612,5594.0,22.0,106.0,-0.0007712918737170205
20260213,SF2701,5562.0,40.0,135.0,0.0
20260224,SF2603,5476.0,10641.0,13299.0,-0.008765522279035487
20260224,SF2604,5472.0,14472.0,28359.0,-0.004385964912280826
20260224,SF2605,5470.0,120747.0,216249.0,-0.10530164533820807
20260224,SF2606,5422.0,19265.0,43979.0,0.27001106602729674
20260224,SF2607,5544.0,24962.0,82426.0,-0.06493506493506507
20260224,SF2608,5514.0,3.0,85.0,-0.008705114254624835
20260224,SF2609,5510.0,1823.0,7847.0,-0.11324863883847502
20260224,SF2610,5458.0,42.0,1130.0,0.31220227189446614
20260224,SF2611,5600.0,9.0,138.0,-0.021428571428571352
20260224,SF2612,5590.0,10.0,112.0,-0.0005306426001487472
20260224,SF2701,5568.0,37.0,147.0,0.07758620689655071
20260224,SF2702,5604.0,21.0,9.0,0.0
20260225,SF2603,5492.0,5859.0,9618.0,-0.004369992716678706
20260225,SF2604,5490.0,12313.0,25808.0,-0.008743169398907291
20260225,SF2605,5486.0,104314.0,224182.0,-0.10499453153481575
20260225,SF2606,5438.0,23027.0,47450.0,0.2559764619345337
20260225,SF2607,5554.0,27174.0,84254.0,-0.07778177889809212
20260225,SF2608,5518.0,2.0,85.0,0.013048205871691643
20260225,SF2609,5524.0,1783.0,8807.0,-0.008689355539464039
20260225,SF2610,5520.0,89.0,1194.0,0.32173913043478297
20260225,SF2611,5668.0,6.0,138.0,-0.1100917431192654
20260225,SF2612,5616.0,17.0,118.0,-0.0006242197253433237
20260225,SF2701,5590.0,44.0,174.0,0.012880143112702136
20260225,SF2702,5596.0,10.0,14.0,0.0
20260226,SF2603,5532.0,4499.0,7138.0,0.01301518438177851
20260226,SF2604,5538.0,18465.0,23035.0,0.0
20260226,SF2605,5538.0,242990.0,222108.0,-0.12134344528710717
20260226,SF2606,5482.0,43223.0,48384.0,0.29770156877052134
20260226,SF2607,5618.0,62875.0,83483.0,-0.12388750444998164
20260226,SF2608,5560.0,1.0,84.0,0.05179856115107828
20260226,SF2609,5584.0,4993.0,9145.0,-0.07306590257879675
20260226,SF2610,5550.0,82.0,1185.0,0.31135135135135084
20260226,SF2611,5694.0,9.0,140.0,-0.0716543730242365
20260226,SF2612,5660.0,3.0,117.0,-0.000571723508158969
20260226,SF2701,5636.0,54.0,197.0,0.0
20260226,SF2702,5636.0,3.0,13.0,0.0
20260227,SF2603,5706.0,4562.0,5091.0,0.029442691903258655
20260227,SF2604,5720.0,33703.0,13951.0,0.012587412587413027
20260227,SF2605,5726.0,346957.0,221874.0,-0.08801955990220023
20260227,SF2606,5684.0,80316.0,43517.0,0.2871217452498245
20260227,SF2607,5820.0,109718.0,81937.0,-0.07835051546391725
20260227,SF2608,5782.0,283.0,243.0,-0.012452438602560179
20260227,SF2609,5776.0,7927.0,7164.0,-0.0955678670360105
20260227,SF2610,5730.0,877.0,1058.0,0.23036649214659732
20260227,SF2611,5840.0,479.0,421.0,-0.08219178082191814
20260227,SF2612,5800.0,170.0,199.0,0.0
20260227,SF2701,5800.0,155.0,181.0,-0.05793103448275927
20260227,SF2702,5772.0,4.0,14.0,0.0
20260302,SF2603,5752.0,110.0,5018.0,0.004172461752433243
20260302,SF2604,5754.0,8666.0,12323.0,0.020855057351409023
20260302,SF2605,5764.0,275339.0,207578.0,-0.09160305343511466
20260302,SF2606,5720.0,39310.0,42582.0,0.27692307692307594
20260302,SF2607,5852.0,96597.0,90683.0,-0.06971975393028051
20260302,SF2608,5818.0,20332.0,16145.0,-0.008250257820556328
20260302,SF2609,5814.0,4811.0,7851.0,-0.11145510835913308
20260302,SF2610,5760.0,347.0,1114.0,0.21250000000000124
20260302,SF2611,5862.0,206.0,546.0,-0.08188331627430934
20260302,SF2612,5822.0,62.0,256.0,4.6317918472754e-05
20260302,SF2701,5824.0,159.0,216.0,-0.028846153846153744
20260302,SF2702,5810.0,6.0,18.0,0.0
20260303,SF2603,5780.0,189.0,4989.0,0.01245674740484315
20260303,SF2604,5786.0,4223.0,12126.0,0.0
20260303,SF2605,5786.0,227583.0,208759.0,-0.09540269616315289
20260303,SF2606,5740.0,28996.0,44487.0,0.2801393728223003
20260303,SF2607,5874.0,63540.0,92708.0,-0.08580183861082746
20260303,SF2608,5832.0,10278.0,21516.0,-0.00823045267489686
20260303,SF2609,5828.0,3382.0,8218.0,-0.11530542210020611
20260303,SF2610,5772.0,449.0,1166.0,0.2079002079002068
20260303,SF2611,5872.0,254.0,732.0,-0.08991825613078985
20260303,SF2612,5828.0,86.0,333.0,-0.00046270233587562967
20260303,SF2701,5808.0,223.0,353.0,-0.08264462809917372
20260303,SF2702,5768.0,20.0,20.0,0.0
20260304,SF2603,5754.0,417.0,4928.0,0.11678832116788307
20260304,SF2604,5810.0,6690.0,12215.0,0.016523235800343983
20260304,SF2605,5818.0,227441.0,207380.0,-0.08662770711584677
20260304,SF2606,5776.0,40214.0,48029.0,0.2991689750692519
20260304,SF2607,5920.0,82397.0,92584.0,-0.10135135135135132
20260304,SF2608,5870.0,18144.0,25982.0,0.0
20260304,SF2609,5870.0,3359.0,8642.0,-0.10630323679727383
20260304,SF2610,5818.0,419.0,1139.0,0.1856308009625307
20260304,SF2611,5908.0,219.0,873.0,-0.10155721056194933
20260304,SF2612,5858.0,45.0,358.0,-9.206654877033055e-05
20260304,SF2701,5854.0,175.0,495.0,-0.057396651861974846
20260304,SF2702,5826.0,5.0,24.0,0.0
20260305,SF2603,0.0,0.0,4928.0,0.0
20260305,SF2604,5814.0,3014.0,12797.0,0.028895768833849367
20260305,SF2605,5828.0,159825.0,208122.0,-0.09059711736444775
20260305,SF2606,5784.0,30105.0,46870.0,0.2655601659751028
20260305,SF2607,5912.0,65997.0,92218.0,-0.0730717185385652
20260305,SF2608,5876.0,19652.0,26681.0,0.0040844111640581104
20260305,SF2609,5878.0,3880.0,9647.0,-0.1347397073834644
20260305,SF2610,5812.0,322.0,1108.0,0.18995182381280085
20260305,SF2611,5904.0,138.0,955.0,-0.14227642276422792
20260305,SF2612,5834.0,106.0,447.0,9.244529357158994e-05
20260305,SF2701,5838.0,163.0,587.0,-0.01644398766700972
20260305,SF2702,5830.0,4.0,26.0,0.0
20260306,SF2603,0.0,0.0,4928.0,0.0
20260306,SF2604,5860.0,2577.0,12360.0,0.01638225255972614
20260306,SF2605,5868.0,157951.0,223284.0,-0.07770961145194244
20260306,SF2606,5830.0,17189.0,47389.0,0.25934819897083994
20260306,SF2607,5956.0,49217.0,97265.0,-0.07656145063801167
20260306,SF2608,5918.0,6126.0,27237.0,0.0
20260306,SF2609,5918.0,2439.0,9286.0,-0.13788442041230153
20260306,SF2610,5850.0,158.0,1099.0,0.18051282051282147
20260306,SF2611,5938.0,69.0,1002.0,-0.08083529808016188
20260306,SF2612,5898.0,9.0,453.0,9.144215712050101e-05
20260306,SF2701,5902.0,64.0,613.0,-0.06506269061335201
20260306,SF2702,5870.0,20.0,44.0,0.0
20260309,SF2603,0.0,0.0,4928.0,0.0
20260309,SF2604,5864.0,6655.0,12442.0,0.008185538881308574
20260309,SF2605,5868.0,404791.0,198486.0,-0.0572597137014319
20260309,SF2606,5840.0,50206.0,48994.0,0.3041095890410963
20260309,SF2607,5988.0,119664.0,99672.0,-0.08016032064128309
20260309,SF2608,5948.0,23163.0,31238.0,-0.016139878950908404
20260309,SF2609,5940.0,9250.0,11269.0,-0.08888888888888902
20260309,SF2610,5896.0,465.0,1091.0,0.2401628222523744
20260309,SF2611,6014.0,78.0,981.0,-0.11173927502494196
20260309,SF2612,5958.0,64.0,456.0,4.526064473788558e-05
20260309,SF2701,5960.0,244.0,620.0,-0.0724832214765101
20260309,SF2702,5924.0,149.0,83.0,0.0
20260310,SF2603,0.0,0.0,4928.0,0.0
20260310,SF2604,5862.0,2949.0,12125.0,0.028659160696006936
20260310,SF2605,5876.0,173099.0,197075.0,-0.08168822328114356
20260310,SF2606,5836.0,64001.0,49563.0,0.2673063742289239
20260310,SF2607,5966.0,104896.0,99751.0,-0.07643312101910826
20260310,SF2608,5928.0,18190.0,32406.0,0.0
20260310,SF2609,5928.0,4780.0,11408.0,-0.08906882591093135
20260310,SF2610,5884.0,153.0,1055.0,0.24065261726716614
20260310,SF2611,6002.0,30.0,997.0,-0.12395868043985292
20260310,SF2612,5940.0,26.0,482.0,-0.00013619339462036178
20260310,SF2701,5934.0,50.0,643.0,-0.048533872598583994
20260310,SF2702,5910.0,19.0,88.0,0.0
20260311,SF2603,0.0,908.0,4020.0,0.0
20260311,SF2604,5872.0,18887.0,9328.0,0.02452316076294281
20260311,SF2605,5884.0,109672.0,191953.0,-0.069340584636302
20260311,SF2606,5850.0,52041.0,49767.0,0.274871794871796
20260311,SF2607,5984.0,83860.0,100706.0,-0.07219251336898358
20260311,SF2608,5948.0,18059.0,33557.0,-0.004034969737726435
20260311,SF2609,5946.0,2296.0,11212.0,-0.09283551967709336
20260311,SF2610,5900.0,87.0,1049.0,0.2074576271186448
20260311,SF2611,6002.0,23.0,1009.0,-0.043985338220592585
20260311,SF2612,5980.0,8.0,486.0,0.00018037653601894543
20260311,SF2701,5988.0,49.0,659.0,-0.09218436873747482
20260311,SF2702,5942.0,20.0,101.0,0.0
20260312,SF2603,5524.0,2.0,4018.0,0.8254887762490943
20260312,SF2604,5904.0,4668.0,7129.0,0.03658536585365724
20260312,SF2605,5922.0,117753.0,180396.0,-0.05673758865248235
20260312,SF2606,5894.0,33572.0,52274.0,0.30946725483542536
20260312,SF2607,6046.0,78086.0,109597.0,-0.0714521998015214
20260312,SF2608,6010.0,20436.0,36011.0,-0.015973377703826674
20260312,SF2609,6002.0,3837.0,11431.0,-0.10396534488503884
20260312,SF2610,5950.0,74.0,1066.0,0.20168067226890685
20260312,SF2611,6050.0,17.0,1006.0,-0.047603305785124395
20260312,SF2612,6026.0,2.0,484.0,-0.0002237495198708171
20260312,SF2701,6016.0,28.0,656.0,-0.12765957446808462
20260312,SF2702,5952.0,16.0,94.0,0.0
20260313,SF2603,5524.0,610.0,0.0,0.747284576393918
20260313,SF2604,5868.0,1484.0,6571.0,0.04089979550102374
20260313,SF2605,5888.0,129096.0,173143.0,-0.07336956521739113
20260313,SF2606,5852.0,52181.0,53960.0,0.3075871496924121
20260313,SF2607,6002.0,98704.0,111475.0,-0.08397200933022342
20260313,SF2608,5960.0,18754.0,35979.0,0.0
20260313,SF2609,5960.0,3035.0,12637.0,-0.03221476510067056
20260313,SF2610,5944.0,174.0,1078.0,0.25033647375504664
20260313,SF2611,6068.0,117.0,949.0,-0.1067897165458147
20260313,SF2612,6014.0,16.0,487.0,-8.967839087074528e-05
20260313,SF2701,6010.0,233.0,725.0,-0.09584026622296138
20260313,SF2702,5962.0,35.0,108.0,0.0
20260316,SF2604,5856.0,971.0,6323.0,0.032786885245900343
20260316,SF2605,5872.0,118885.0,172137.0,-0.057220708446867
20260316,SF2606,5844.0,30948.0,53171.0,0.30800821355236163
20260316,SF2607,5994.0,63271.0,107840.0,-0.06806806806806787
20260316,SF2608,5960.0,8353.0,36382.0,-0.004026845637584486
20260316,SF2609,5958.0,3932.0,12749.0,-0.1127895266868082
20260316,SF2610,5902.0,94.0,1039.0,0.2561843442900713
20260316,SF2611,6028.0,35.0,931.0,-0.10749834107498346
20260316,SF2612,5974.0,5.0,486.0,0.00022569712198553064
20260316,SF2701,5984.0,45.0,710.0,-0.10828877005347604
20260316,SF2702,5930.0,22.0,101.0,0.0
20260316,SF2703,0.0,0.0,0.0,0.0
20260317,SF2604,5910.0,1343.0,6284.0,0.03654822335025365
20260317,SF2605,5928.0,121759.0,180530.0,-0.052631578947368585
20260317,SF2606,5902.0,14626.0,53267.0,0.2805828532700785
20260317,SF2607,6040.0,41290.0,109183.0,-0.07152317880794712
20260317,SF2608,6004.0,4624.0,35979.0,-0.01199200532977951
20260317,SF2609,5998.0,2882.0,12265.0,-0.08802934311437127
20260317,SF2610,5954.0,85.0,1050.0,0.2539469264360097
20260317,SF2611,6080.0,24.0,919.0,-0.08289473684210469
20260317,SF2612,6038.0,12.0,486.0,4.466096743100271e-05
20260317,SF2701,6040.0,43.0,701.0,-0.07152317880794712
20260317,SF2702,6004.0,6.0,106.0,0.0
20260317,SF2703,0.0,0.0,0.0,0.0
20260318,SF2604,5774.0,3181.0,4842.0,0.04572220297886975
20260318,SF2605,5796.0,169781.0,169839.0,-0.05797101449275388
20260318,SF2606,5768.0,28165.0,52638.0,0.3162274618585297
20260318,SF2607,5920.0,75006.0,107813.0,-0.0729729729729729
20260318,SF2608,5884.0,10422.0,36221.0,-0.008157715839564705
20260318,SF2609,5880.0,4696.0,13004.0,-0.0938775510204084
20260318,SF2610,5834.0,172.0,1033.0,0.25094274940006756
20260318,SF2611,5956.0,50.0,888.0,-0.14103425117528579
20260318,SF2612,5886.0,23.0,487.0,0.00013744287530495722
20260318,SF2701,5892.0,191.0,684.0,-0.0814663951120167
20260318,SF2702,5852.0,44.0,124.0,0.5249487354750517
20260318,SF2703,6108.0,3.0,3.0,0.0
20260319,SF2604,5796.0,1847.0,4773.0,0.05797101449275388
20260319,SF2605,5824.0,107934.0,165195.0,-0.05357142857142838
20260319,SF2606,5798.0,14369.0,52328.0,0.2856157295619175
20260319,SF2607,5936.0,36724.0,107258.0,-0.07681940700808676
20260319,SF2608,5898.0,5550.0,35646.0,-0.016276703967446515
20260319,SF2609,5890.0,3427.0,13713.0,-0.07741935483870988
20260319,SF2610,5852.0,53.0,1024.0,0.2419685577580326
20260319,SF2611,5970.0,8.0,883.0,-0.09246231155778872
20260319,SF2612,5924.0,11.0,485.0,0.0003186428847802479
20260319,SF2701,5938.0,47.0,693.0,-0.09700235769619425
20260319,SF2702,5890.0,15.0,135.0,0.0
20260319,SF2703,0.0,0.0,3.0,0.0
20260320,SF2604,5910.0,3130.0,4717.0,0.04467005076142261
20260320,SF2605,5932.0,409548.0,180829.0,-0.06068779501011523
20260320,SF2606,5902.0,71831.0,51164.0,0.29278210776008073
20260320,SF2607,6046.0,153646.0,112976.0,-0.0674826331458811
20260320,SF2608,6012.0,22355.0,35490.0,-0.011976047904191933
20260320,SF2609,6006.0,15993.0,14073.0,-0.09590409590409532
20260320,SF2610,5958.0,195.0,1020.0,0.2900302114803628
20260320,SF2611,6102.0,35.0,896.0,-0.21238938053097378
20260320,SF2612,5994.0,13.0,486.0,0.0012596866529450813
20260320,SF2701,6050.0,135.0,667.0,-0.20628099173553682
20260320,SF2702,5946.0,39.0,128.0,0.31079717457114153
20260320,SF2703,6100.0,6.0,8.0,0.0
20260323,SF2604,6096.0,1396.0,4687.0,0.04724409448818889
20260323,SF2605,6120.0,323783.0,181930.0,-0.0470588235294116
20260323,SF2606,6096.0,67254.0,51201.0,0.2677165354330713
20260323,SF2607,6232.0,160384.0,118486.0,-0.07317073170731714
20260323,SF2608,6194.0,24770.0,34251.0,0.0
20260323,SF2609,6194.0,13964.0,15528.0,-0.12011624152405576
20260323,SF2610,6132.0,242.0,1014.0,0.22700587084148793
20260323,SF2611,6248.0,67.0,908.0,-0.03457106274007726
20260323,SF2612,6230.0,42.0,483.0,-0.0004328457806553975
20260323,SF2701,6210.0,210.0,687.0,-0.09275362318840541
20260323,SF2702,6162.0,48.0,106.0,0.19863680623174318
20260323,SF2703,6264.0,6.0,6.0,0.0
20260324,SF2604,6092.0,1396.0,4622.0,0.01575837163492988
20260324,SF2605,6100.0,284622.0,178033.0,-0.01180327868852471
20260324,SF2606,6094.0,53768.0,52198.0,0.2362979980308495
20260324,SF2607,6214.0,131981.0,121815.0,-0.03862246540070746
20260324,SF2608,6194.0,19805.0,33495.0,-0.027123022279625708
20260324,SF2609,6180.0,8614.0,15579.0,-0.10485436893203826
20260324,SF2610,6126.0,148.0,1013.0,0.3290891283055837
20260324,SF2611,6294.0,47.0,919.0,-0.16396568160152558
20260324,SF2612,6208.0,5.0,483.0,0.0005212556469361732
20260324,SF2701,6232.0,105.0,692.0,-0.13863928112965374
20260324,SF2702,6160.0,20.0,103.0,0.0
20260324,SF2703,0.0,0.0,6.0,0.0
20260325,SF2604,6056.0,1379.0,4029.0,0.06340819022457023
20260325,SF2605,6088.0,203058.0,174788.0,-0.03547963206307436
20260325,SF2606,6070.0,36389.0,54120.0,0.27281713344316216
20260325,SF2607,6208.0,106404.0,125229.0,-0.07345360824742242
20260325,SF2608,6170.0,19222.0,31838.0,-0.007779578606159188
20260325,SF2609,6166.0,9357.0,14744.0,-0.12066169315601716
20260325,SF2610,6104.0,65.0,1005.0,0.2044560943643523
20260325,SF2611,6208.0,10.0,921.0,0.0
20260325,SF2612,0.0,0.0,483.0,0.0
20260325,SF2701,6172.0,113.0,698.0,-0.06610499027867833
20260325,SF2702,6138.0,9.0,106.0,0.04692082111436946
20260325,SF2703,6162.0,1.0,7.0,0.0
20260326,SF2604,5960.0,857.0,3682.0,0.04429530201342402
20260326,SF2605,5982.0,181701.0,171684.0,-0.03610832497492478
20260326,SF2606,5964.0,41191.0,56233.0,0.32193158953722456
20260326,SF2607,6124.0,105111.0,132640.0,-0.07054212932723702
20260326,SF2608,6088.0,10871.0,31821.0,-0.011826544021025232
20260326,SF2609,6082.0,5035.0,15337.0,-0.06708319631700155
20260326,SF2610,6048.0,127.0,1018.0,0.2063492063492065
20260326,SF2611,6152.0,81.0,899.0,0.0
20260326,SF2612,0.0,0.0,483.0,0.0
20260326,SF2701,6122.0,94.0,709.0,-0.08624632473048077
20260326,SF2702,6078.0,14.0,117.0,0.2053307008884495
20260326,SF2703,6182.0,5.0,7.0,0.0
20260327,SF2604,5986.0,853.0,3543.0,0.05212161710658236
20260327,SF2605,6012.0,172335.0,167016.0,-0.03592814371257447
20260327,SF2606,5994.0,34353.0,55011.0,0.30430430430430544
20260327,SF2607,6146.0,90698.0,132604.0,-0.06638464041653158
20260327,SF2608,6112.0,12156.0,32050.0,0.0
20260327,SF2609,6112.0,9602.0,16403.0,-0.1020942408376957
20260327,SF2610,6060.0,92.0,1040.0,0.19405940594059334
20260327,SF2611,6158.0,16.0,897.0,-0.09743423189347178
20260327,SF2612,6108.0,9.0,485.0,0.0004414913578066655
20260327,SF2701,6128.0,47.0,717.0,-0.11357702349869392
20260327,SF2702,6070.0,7.0,116.0,0.18583196046128503
20260327,SF2703,6164.0,3.0,8.0,0.0
20260330,SF2604,6036.0,609.0,3017.0,0.05964214711729632
20260330,SF2605,6066.0,136071.0,171561.0,-0.035608308605341144
20260330,SF2606,6048.0,26185.0,55155.0,0.2817460317460325
20260330,SF2607,6190.0,73455.0,138591.0,-0.05040387722132511
20260330,SF2608,6164.0,7877.0,31503.0,-0.0038935756002600463
20260330,SF2609,6162.0,7752.0,15570.0,-0.10516066212268749
20260330,SF2610,6108.0,74.0,1029.0,0.22396856581532543
20260330,SF2611,6222.0,18.0,908.0,0.0
20260330,SF2612,0.0,0.0,485.0,0.0
20260330,SF2701,6166.0,23.0,715.0,-0.0973078170613042
20260330,SF2702,6116.0,6.0,116.0,0.21582733812949773
20260330,SF2703,6226.0,3.0,11.0,0.0
20260331,SF2604,5860.0,392.0,2671.0,0.02866894197952341
20260331,SF2605,5874.0,166212.0,158901.0,-0.028600612870275377
20260331,SF2606,5860.0,40043.0,54767.0,0.3153583617747442
20260331,SF2607,6014.0,112877.0,129988.0,-0.06385101429996665
20260331,SF2608,5982.0,15908.0,31107.0,-0.004012036108325567
20260331,SF2609,5980.0,10491.0,17940.0,-0.08428093645484891
20260331,SF2610,5938.0,203.0,1060.0,0.2505894240485018
20260331,SF2611,6062.0,26.0,907.0,-0.0870999670075876
20260331,SF2612,6018.0,9.0,487.0,8.961878409714593e-05
20260331,SF2701,6022.0,132.0,703.0,-0.07970773829292632
20260331,SF2702,5982.0,21.0,130.0,0.25275827482447344
20260331,SF2703,6108.0,7.0,10.0,0.0
20260401,SF2604,5824.0,183.0,2528.0,-0.004120879120879106
20260401,SF2605,5822.0,143423.0,151673.0,-0.032978357952594184
20260401,SF2606,5806.0,39974.0,58483.0,0.3100241129865653
20260401,SF2607,5956.0,102052.0,132500.0,-0.04432505036937595
20260401,SF2608,5934.0,12894.0,31737.0,-0.008088978766431332
20260401,SF2609,5930.0,7872.0,20002.0,-0.06475548060708203
20260401,SF2610,5898.0,159.0,1082.0,0.20752797558494507
20260401,SF2611,6000.0,10.0,906.0,-0.08000000000000052
20260401,SF2612,5960.0,11.0,495.0,0.0
20260401,SF2701,5960.0,64.0,708.0,-0.06040268456375797
20260401,SF2702,5930.0,25.0,145.0,0.2630691399662739
20260401,SF2703,6060.0,1.0,11.0,0.0
20260402,SF2604,5878.0,27.0,2501.0,0.04491323579448814
20260402,SF2605,5900.0,136177.0,147212.0,-0.01627118644067771
20260402,SF2606,5892.0,38454.0,57904.0,0.3014256619144602
20260402,SF2607,6040.0,106006.0,134273.0,-0.06754966887417213
20260402,SF2608,6006.0,16639.0,32390.0,-0.007992007992007721
20260402,SF2609,6002.0,9982.0,19846.0,-0.10396534488503884
20260402,SF2610,5950.0,99.0,1080.0,0.25008403361344556
20260402,SF2611,6074.0,14.0,910.0,-0.04346394468225245
20260402,SF2612,6052.0,16.0,498.0,-4.4557653891002516e-05
20260402,SF2701,6050.0,101.0,724.0,-0.11504132231404984
20260402,SF2702,5992.0,23.0,150.0,0.25634178905206984
20260402,SF2703,6120.0,6.0,15.0,0.0
20260403,SF2604,0.0,0.0,2501.0,0.0
20260403,SF2605,5824.0,130759.0,138960.0,-0.028846153846153744
20260403,SF2606,5810.0,41573.0,59445.0,0.305679862306369
20260403,SF2607,5958.0,120261.0,138878.0,-0.08056394763343366
20260403,SF2608,5918.0,20306.0,31111.0,0.024332544778641996
20260403,SF2609,5930.0,6083.0,20753.0,-0.08903878583473812
20260403,SF2610,5886.0,74.0,1098.0,0.22426095820591296
20260403,SF2611,5996.0,26.0,898.0,0.004002668445629354
20260403,SF2612,5998.0,19.0,494.0,0.0
20260403,SF2701,5998.0,72.0,738.0,-0.21207069023007685
20260403,SF2702,5892.0,33.0,141.0,0.3014256619144602
20260403,SF2703,6040.0,4.0,12.0,0.0
20260407,SF2604,5716.0,52.0,2529.0,0.020993701889432614
20260407,SF2605,5726.0,106588.0,140254.0,-0.020957038071951928
20260407,SF2606,5716.0,31127.0,60323.0,0.3149055283414972
20260407,SF2607,5866.0,108499.0,145854.0,-0.04909648823729995
20260407,SF2608,5842.0,13617.0,30400.0,-0.008216364258815112
20260407,SF2609,5838.0,9855.0,23344.0,-0.07399794450154173
20260407,SF2610,5802.0,254.0,1055.0,0.2647362978283345
20260407,SF2611,5930.0,24.0,891.0,-0.08499156829679633
20260407,SF2612,5888.0,9.0,487.0,-0.00018319491939424002
20260407,SF2701,5880.0,107.0,744.0,-0.06530612244897993
20260407,SF2702,5848.0,19.0,149.0,0.3488372093023262
20260407,SF2703,6018.0,2.0,12.0,0.0
20260408,SF2604,0.0,0.0,2179.0,0.0
20260408,SF2605,5636.0,105550.0,111410.0,-0.021291696238466606
20260408,SF2606,5626.0,38918.0,60648.0,0.29861357980803316
20260408,SF2607,5766.0,194100.0,169302.0,-0.04162330905306977
20260408,SF2608,5746.0,20740.0,30697.0,-0.016707274625827218
20260408,SF2609,5738.0,12759.0,26261.0,-0.07528755663994469
20260408,SF2610,5702.0,349.0,1117.0,0.27779726411785255
20260408,SF2611,5834.0,52.0,864.0,-0.07816249571477529
20260408,SF2612,5796.0,24.0,471.0,-0.00018610277525763473
20260408,SF2701,5788.0,124.0,760.0,-0.07878369039391897
20260408,SF2702,5750.0,16.0,160.0,0.3130434782608704
20260408,SF2703,5900.0,3.0,13.0,0.0
20260409,SF2604,0.0,0.0,2179.0,0.0
20260409,SF2605,5572.0,79520.0,94275.0,-0.0430725053840626
20260409,SF2606,5552.0,42315.0,60587.0,0.2853025936599414
20260409,SF2607,5684.0,183542.0,195748.0,-0.050668543279380085
20260409,SF2608,5660.0,17336.0,31013.0,-0.012720848056537726
20260409,SF2609,5654.0,17174.0,34097.0,-0.07216130173328628
20260409,SF2610,5620.0,369.0,1261.0,0.277580071174377
20260409,SF2611,5750.0,119.0,777.0,-0.100173913043478
20260409,SF2612,5702.0,14.0,468.0,0.0
20260409,SF2701,5702.0,76.0,780.0,-0.05050859347597392
20260409,SF2702,5678.0,20.0,165.0,0.2578372666431843
20260409,SF2703,5800.0,25.0,23.0,0.0
20260410,SF2604,5550.0,486.0,1471.0,0.0216216216216214
20260410,SF2605,5560.0,56683.0,84067.0,-0.05611510791366925
20260410,SF2606,5534.0,56470.0,63302.0,0.3079147090711958
20260410,SF2607,5676.0,180992.0,208382.0,-0.06342494714587676
20260410,SF2608,5646.0,20619.0,32973.0,-0.012752391073325597
20260410,SF2609,5640.0,17565.0,38975.0,-0.06808510638297882
20260410,SF2610,5608.0,373.0,1361.0,0.291012838801711
20260410,SF2611,5744.0,147.0,688.0,-0.05013927576601729
20260410,SF2612,5720.0,64.0,439.0,-0.0004242948063172781
20260410,SF2701,5702.0,285.0,857.0,-0.06734479130129722
20260410,SF2702,5670.0,33.0,185.0,0.258201058201057
20260410,SF2703,5792.0,13.0,32.0,0.0
20260413,SF2604,5626.0,39.0,1471.0,-0.10664770707429794
20260413,SF2605,5576.0,58540.0,72539.0,-0.05595408895265397
20260413,SF2606,5550.0,50775.0,64731.0,0.30702702702702656
20260413,SF2607,5692.0,203701.0,214195.0,-0.05481377371749785
20260413,SF2608,5666.0,20666.0,32500.0,-0.021178962230850917
20260413,SF2609,5656.0,15980.0,41856.0,-0.07637906647807702
20260413,SF2610,5620.0,266.0,1389.0,0.3032028469750889
20260413,SF2611,5762.0,96.0,617.0,-0.07080874696285955
20260413,SF2612,5728.0,20.0,430.0,-0.0002824681438704438
20260413,SF2701,5716.0,153.0,887.0,-0.06717984604618676
20260413,SF2702,5684.0,13.0,193.0,0.36312456016889527
20260413,SF2703,5856.0,11.0,39.0,0.0
20260414,SF2604,0.0,0.0,1471.0,0.0
20260414,SF2605,5602.0,18187.0,69645.0,-0.07711531595858556
20260414,SF2606,5566.0,34536.0,63727.0,0.3190801293568093
20260414,SF2607,5714.0,130632.0,215627.0,-0.0630031501575079
20260414,SF2608,5684.0,10862.0,31579.0,-0.00422237860661534
20260414,SF2609,5682.0,10465.0,43571.0,-0.09292502639915545
20260414,SF2610,5638.0,68.0,1405.0,0.2979780063852431
20260414,SF2611,5778.0,12.0,618.0,-0.04984423676012417
20260414,SF2612,5754.0,27.0,432.0,-0.0004217876767700432
20260414,SF2701,5736.0,123.0,916.0,-0.07949790794979084
20260414,SF2702,5698.0,15.0,200.0,0.27799227799227744
20260414,SF2703,5830.0,7.0,37.0,0.0
20260415,SF2604,0.0,46.0,0.0,0.0
20260415,SF2605,5596.0,13800.0,65687.0,-0.04717655468191584
20260415,SF2606,5574.0,28302.0,59669.0,0.3013993541442419
20260415,SF2607,5714.0,115088.0,221453.0,-0.05460273013650685
20260415,SF2608,5688.0,9089.0,31279.0,-0.016877637130801038
20260415,SF2609,5680.0,7714.0,44227.0,-0.06338028169014143
20260415,SF2610,5650.0,133.0,1466.0,0.2803539823008858
20260415,SF2611,5782.0,26.0,620.0,-0.07886544448287758
20260415,SF2612,5744.0,33.0,399.0,9.389377484272651e-05
20260415,SF2701,5748.0,72.0,927.0,-0.06263048016701411
20260415,SF2702,5718.0,8.0,206.0,0.0
20260415,SF2703,0.0,0.0,37.0,0.0
20260416,SF2605,5610.0,24317.0,59572.0,-0.051336898395721864
20260416,SF2606,5586.0,32405.0,55369.0,0.30075187969924944
20260416,SF2607,5726.0,142228.0,219589.0,-0.05448829898707608
20260416,SF2608,5700.0,8469.0,30887.0,-0.00842105263157844
20260416,SF2609,5696.0,13889.0,45893.0,-0.06741573033707882
20260416,SF2610,5664.0,548.0,1647.0,0.2754237288135597
20260416,SF2611,5794.0,239.0,643.0,-0.14911977908180862
20260416,SF2612,5722.0,26.0,378.0,0.0008954203959486023
20260416,SF2701,5760.0,113.0,953.0,-0.09166666666666634
20260416,SF2702,5716.0,6.0,209.0,0.2687193841847444
20260416,SF2703,5844.0,3.0,36.0,0.0
20260416,SF2704,0.0,0.0,0.0,0.0
20260417,SF2605,5580.0,15772.0,54878.0,-0.03010752688172058
20260417,SF2606,5566.0,30729.0,54494.0,0.28889687387711227
20260417,SF2607,5700.0,131723.0,223280.0,-0.04631578947368409
20260417,SF2608,5678.0,7261.0,30156.0,-0.004226840436774015
20260417,SF2609,5676.0,15915.0,47150.0,-0.07188160676532807
20260417,SF2610,5642.0,294.0,1805.0,0.28500531726338085
20260417,SF2611,5776.0,24.0,642.0,-0.07479224376731297
20260417,SF2612,5740.0,20.0,374.0,0.0
20260417,SF2701,5740.0,90.0,1004.0,-0.06271777003484269
20260417,SF2702,5710.0,3.0,211.0,0.24798598949212014
20260417,SF2703,5828.0,1.0,36.0,0.0
20260417,SF2704,0.0,0.0,0.0,0.0
20260420,SF2605,5616.0,19709.0,47034.0,-0.02564102564102555
20260420,SF2606,5604.0,41440.0,53716.0,0.29550321199143426
20260420,SF2607,5742.0,195929.0,228475.0,-0.05015673981191204
20260420,SF2608,5718.0,15318.0,30833.0,-0.020986358866736055
20260420,SF2609,5708.0,19699.0,46900.0,-0.054660126138752485
20260420,SF2610,5682.0,312.0,1779.0,0.3041182682154169
20260420,SF2611,5826.0,168.0,691.0,-0.09886714727085533
20260420,SF2612,5778.0,16.0,375.0,-0.00023335316835264002
20260420,SF2701,5768.0,94.0,1014.0,-0.06657420249653256
20260420,SF2702,5736.0,15.0,217.0,0.29707112970711425
20260420,SF2703,5878.0,3.0,37.0,0.0
20260420,SF2704,0.0,0.0,0.0,0.0
20260421,SF2605,5588.0,12952.0,40762.0,-0.017179670722977658
20260421,SF2606,5580.0,33175.0,54918.0,0.2795698924731189
20260421,SF2607,5710.0,145481.0,229213.0,-0.046234676007004705
20260421,SF2608,5688.0,6915.0,31965.0,-0.012658227848101777
20260421,SF2609,5682.0,15909.0,50059.0,-0.0633579725448783
20260421,SF2610,5652.0,382.0,1929.0,0.2929936305732497
20260421,SF2611,5790.0,136.0,674.0,-0.09948186528497471
20260421,SF2612,5742.0,17.0,377.0,0.0001408897185727829
20260421,SF2701,5748.0,114.0,1101.0,-0.08768267223382109
20260421,SF2702,5706.0,28.0,235.0,0.31966351209253396
20260421,SF2703,5858.0,4.0,35.0,0.0
20260421,SF2704,0.0,0.0,0.0,0.0
20260422,SF2605,5618.0,14340.0,34533.0,-0.012815948736204952
20260422,SF2606,5612.0,34295.0,51716.0,0.29080541696364826
20260422,SF2607,5748.0,141009.0,224313.0,-0.05427974947807934
20260422,SF2608,5722.0,8003.0,31780.0,0.0
20260422,SF2609,5722.0,21532.0,44899.0,-0.08388675288360758
20260422,SF2610,5682.0,613.0,2013.0,0.2703273495248144
20260422,SF2611,5810.0,413.0,649.0,-0.016523235800343983
20260422,SF2612,5802.0,4.0,375.0,-0.0005112533841488168
20260422,SF2701,5780.0,144.0,1114.0,-0.07889273356401372
20260422,SF2702,5742.0,6.0,236.0,0.0
20260422,SF2703,0.0,0.0,35.0,0.0
20260422,SF2704,0.0,0.0,0.0,0.0
20260423,SF2605,5664.0,20342.0,24803.0,-0.021186440677965823
20260423,SF2606,5654.0,67893.0,47902.0,0.29713477184294224
20260423,SF2607,5794.0,279172.0,223462.0,-0.03727994477045282
20260423,SF2608,5776.0,25781.0,32656.0,-0.01662049861495829
20260423,SF2609,5768.0,29981.0,45136.0,-0.07073509015256585
20260423,SF2610,5734.0,481.0,1938.0,0.2888036274851764
20260423,SF2611,5872.0,186.0,649.0,-0.06130790190735702
20260423,SF2612,5842.0,7.0,379.0,-9.231869953724845e-05
20260423,SF2701,5838.0,176.0,1175.0,-0.08221993833504593
20260423,SF2702,5798.0,10.0,231.0,0.2773370127630219
20260423,SF2703,5932.0,9.0,36.0,0.0
20260423,SF2704,0.0,0.0,0.0,0.0
20260424,SF2605,5610.0,7672.0,21530.0,-0.012834224598930799
20260424,SF2606,5604.0,34098.0,47170.0,0.29550321199143426
20260424,SF2607,5742.0,189742.0,224791.0,-0.04597701149425326
20260424,SF2608,5720.0,24994.0,33290.0,-0.012587412587413027
20260424,SF2609,5714.0,26203.0,47019.0,-0.07140357017850896
20260424,SF2610,5680.0,726.0,2408.0,0.25352112676056304
20260424,SF2611,5800.0,97.0,630.0,-0.02896551724137897
20260424,SF2612,5786.0,2.0,379.0,-9.321220924586701e-05
20260424,SF2701,5782.0,146.0,1244.0,-0.11207194742303761
20260424,SF2702,5728.0,47.0,239.0,0.2849162011173183
20260424,SF2703,5864.0,28.0,44.0,0.0
20260424,SF2704,0.0,0.0,0.0,0.0
20260427,SF2605,5670.0,7254.0,16311.0,-0.016931216931217463
20260427,SF2606,5662.0,48856.0,42045.0,0.29671494171670787
20260427,SF2607,5802.0,202962.0,222075.0,-0.04963805584281289
20260427,SF2608,5778.0,12395.0,32574.0,-0.01246105919003071
20260427,SF2609,5772.0,23086.0,45116.0,-0.05821205821205844
20260427,SF2610,5744.0,332.0,2348.0,0.2799442896935931
20260427,SF2611,5878.0,53.0,641.0,-0.06124532153793849
20260427,SF2612,5848.0,7.0,382.0,-0.00036889592523708877
20260427,SF2701,5832.0,306.0,1327.0,-0.08230452674897126
20260427,SF2702,5792.0,210.0,303.0,0.23618784530386705
20260427,SF2703,5906.0,97.0,125.0,-0.0568912969861155
20260427,SF2704,5878.0,7.0,4.0,0.0
20260428,SF2605,5642.0,4406.0,13562.0,-0.02552286423254113
20260428,SF2606,5630.0,61523.0,36371.0,0.28987566607459936
20260428,SF2607,5766.0,197668.0,222051.0,-0.05411030176899123
20260428,SF2608,5740.0,16232.0,31683.0,-0.008362369337979292
20260428,SF2609,5736.0,17116.0,46971.0,-0.07949790794979084
20260428,SF2610,5698.0,378.0,2446.0,0.2737802737802735
20260428,SF2611,5828.0,16.0,644.0,-0.11118737131091327
20260428,SF2612,5774.0,1.0,382.0,0.0005604355829892295
20260428,SF2701,5798.0,107.0,1352.0,-0.08278716798896113
20260428,SF2702,5758.0,42.0,305.0,0.22924626606460485
20260428,SF2703,5868.0,28.0,147.0,-0.09406952965235194
20260428,SF2704,5822.0,2.0,5.0,0.0
20260429,SF2605,5720.0,5926.0,9553.0,-0.08811188811188853
20260429,SF2606,5678.0,77818.0,29397.0,0.27897146882705304
20260429,SF2607,5810.0,361673.0,221818.0,-0.045438898450947285
20260429,SF2608,5788.0,39335.0,31863.0,-0.02902557014512741
20260429,SF2609,5774.0,42965.0,43267.0,-0.058191894700380775
20260429,SF2610,5746.0,798.0,2680.0,0.25478593804385774
20260429,SF2611,5868.0,297.0,806.0,-0.07361963190184007
20260429,SF2612,5832.0,4.0,385.0,0.0
20260429,SF2701,5832.0,155.0,1332.0,-0.06995884773662597
20260429,SF2702,5798.0,32.0,305.0,0.2773370127630219
20260429,SF2703,5932.0,24.0,159.0,-0.06473364801078851
20260429,SF2704,5900.0,6.0,11.0,0.0
20260430,SF2605,5722.0,3689.0,6449.0,-0.0880810905277869
20260430,SF2606,5680.0,60577.0,22983.0,0.25352112676056304
20260430,SF2607,5800.0,218096.0,215470.0,-0.05379310344827637
20260430,SF2608,5774.0,28206.0,32203.0,-0.01662625562868003
20260430,SF2609,5766.0,17573.0,43991.0,-0.07075962539021807
20260430,SF2610,5732.0,443.0,2734.0,0.26378227494766104
20260430,SF2611,5858.0,118.0,767.0,-0.09013315124615895
20260430,SF2612,5814.0,2.0,384.0,0.00032467155993089175
20260430,SF2701,5828.0,118.0,1347.0,-0.09883321894303343
20260430,SF2702,5780.0,46.0,308.0,0.2615916955017301
20260430,SF2703,5906.0,24.0,181.0,-0.020318320352184394
20260430,SF2704,5896.0,4.0,13.0,0.0
20260506,SF2605,5746.0,1163.0,5397.0,-0.07935955447267729
20260506,SF2606,5708.0,12090.0,19156.0,0.2606867554309744
20260506,SF2607,5832.0,181748.0,234675.0,-0.0370370370370372
20260506,SF2608,5814.0,20875.0,34557.0,-0.012383900928793157
20260506,SF2609,5808.0,29402.0,50944.0,-0.07024793388429806
20260506,SF2610,5774.0,12142.0,12205.0,0.25770696224454515
20260506,SF2611,5898.0,285.0,950.0,-0.06510681586978606
20260506,SF2612,5866.0,12.0,392.0,-4.597049460421843e-05
20260506,SF2701,5864.0,294.0,1366.0,-0.07366984993178782
20260506,SF2702,5828.0,126.0,321.0,0.2182566918325337
20260506,SF2703,5934.0,76.0,256.0,0.0
20260506,SF2704,0.0,0.0,13.0,0.0
20260507,SF2605,5812.0,1142.0,4417.0,-0.09497591190640042
20260507,SF2606,5766.0,6193.0,17433.0,0.28303850156087496
20260507,SF2607,5902.0,278909.0,257340.0,-0.04879701796001301
20260507,SF2608,5878.0,32162.0,35168.0,-0.004083021435862921
20260507,SF2609,5876.0,44342.0,55266.0,-0.057181756296800224
20260507,SF2610,5848.0,30546.0,23896.0,0.22982216142270762
20260507,SF2611,5960.0,734.0,1164.0,-0.08053691275167774
20260507,SF2612,5920.0,48.0,433.0,0.0
20260507,SF2701,5920.0,568.0,1403.0,-0.10945945945946
20260507,SF2702,5866.0,232.0,393.0,0.2127514490282989
20260507,SF2703,5970.0,199.0,403.0,-0.14070351758793942
20260507,SF2704,5900.0,2.0,14.0,0.0
20260508,SF2605,5702.0,587.0,3866.0,-0.1010171869519465
20260508,SF2606,5654.0,4677.0,16327.0,0.24195259992925422
20260508,SF2607,5768.0,292098.0,264258.0,-0.01664355062413314
20260508,SF2608,5760.0,20119.0,33079.0,-0.02499999999999991
20260508,SF2609,5748.0,45242.0,60942.0,-0.058455114822547394
20260508,SF2610,5720.0,32360.0,31326.0,0.26013986013985946
20260508,SF2611,5844.0,504.0,801.0,-0.04928131416837722
20260508,SF2612,5820.0,40.0,459.0,0.00027800301169929244
20260508,SF2701,5832.0,478.0,1534.0,-0.06584362139917754
20260508,SF2702,5800.0,129.0,352.0,0.21103448275862124
20260508,SF2703,5902.0,112.0,352.0,-0.08539478143002377
20260508,SF2704,5860.0,3.0,12.0,0.0
20260511,SF2605,5684.0,491.0,3384.0,-0.18578465869106298
20260511,SF2606,5596.0,4660.0,15482.0,0.21443888491779806
20260511,SF2607,5696.0,269805.0,277211.0,-0.021067415730337213
20260511,SF2608,5686.0,20105.0,34846.0,-0.00844178684488206
20260511,SF2609,5682.0,54757.0,74099.0,-0.0633579725448783
20260511,SF2610,5652.0,38871.0,30028.0,0.297239915074309
20260511,SF2611,5792.0,901.0,413.0,-0.04143646408839752
20260511,SF2612,5772.0,366.0,188.0,-0.0001868765913709784
20260511,SF2701,5764.0,1046.0,1728.0,-0.05829285218598157
20260511,SF2702,5736.0,536.0,369.0,0.2719665271966516
20260511,SF2703,5866.0,268.0,151.0,-0.10637572451414945
20260511,SF2704,5814.0,12.0,11.0,0.0
20260512,SF2605,5692.0,82.0,3305.0,-0.08854532677442073
20260512,SF2606,5650.0,5390.0,13490.0,0.23787610619468946
20260512,SF2607,5762.0,328817.0,254725.0,-0.06247830614369976
20260512,SF2608,5732.0,23028.0,32369.0,-0.0041870202372642495
20260512,SF2609,5730.0,65839.0,69294.0,-0.07120418848167498
20260512,SF2610,5696.0,38747.0,32175.0,0.28651685393258397
20260512,SF2611,5832.0,307.0,481.0,-0.04526748971193406
20260512,SF2612,5810.0,76.0,143.0,-0.00018565433483532567
20260512,SF2701,5802.0,435.0,1698.0,-0.07859358841778752
20260512,SF2702,5764.0,74.0,384.0,0.24982650936849282
20260512,SF2703,5884.0,46.0,173.0,0.01631543167912941
20260512,SF2704,5892.0,5.0,10.0,0.0
20260513,SF2605,5694.0,78.0,3228.0,0.016859852476290627
20260513,SF2606,5702.0,14511.0,13281.0,0.2609610662925279
20260513,SF2607,5826.0,237202.0,259112.0,-0.06591143151390355
20260513,SF2608,5794.0,18050.0,32309.0,0.0
20260513,SF2609,5794.0,45435.0,66556.0,-0.07455988954090431
20260513,SF2610,5758.0,23532.0,31821.0,0.26675929142063115
20260513,SF2611,5886.0,370.0,508.0,-0.07339449541284448
20260513,SF2612,5850.0,73.0,170.0,0.0
20260513,SF2701,5850.0,507.0,1662.0,-0.06153846153846132
20260513,SF2702,5820.0,142.0,386.0,0.2268041237113394
20260513,SF2703,5930.0,105.0,260.0,-0.032377740303541014
20260513,SF2704,5914.0,2.0,10.0,0.0
20260514,SF2605,5710.0,5.0,3228.0,-0.037828371278458395
20260514,SF2606,5692.0,3127.0,11847.0,0.21925509486999406
20260514,SF2607,5796.0,218606.0,249619.0,-0.04968944099378847
20260514,SF2608,5772.0,63539.0,34162.0,-0.012474012474012142
20260514,SF2609,5766.0,34817.0,68697.0,-0.06243496357960465
20260514,SF2610,5736.0,33838.0,31579.0,0.2426778242677834
20260514,SF2611,5852.0,259.0,412.0,-0.0656185919343808
20260514,SF2612,5820.0,30.0,148.0,0.00041700451754893866
20260514,SF2701,5838.0,495.0,1563.0,-0.09455292908530355
20260514,SF2702,5792.0,25.0,387.0,0.24447513812154575
20260514,SF2703,5910.0,27.0,247.0,-0.0852791878172594
20260514,SF2704,5868.0,1.0,10.0,0.0
20260515,SF2605,5580.0,55.0,3182.0,0.13333333333333286
20260515,SF2606,5642.0,3268.0,10654.0,0.19142148174406248
20260515,SF2607,5732.0,244370.0,259964.0,-0.05861828332170216
20260515,SF2608,5704.0,54442.0,34123.0,0.012622720897616624
20260515,SF2609,5710.0,38088.0,71345.0,-0.07145359019264497
20260515,SF2610,5676.0,40244.0,31747.0,0.2959830866807609
20260515,SF2611,5816.0,418.0,436.0,-0.0453920220082531
20260515,SF2612,5794.0,85.0,122.0,-9.30835075416966e-05
20260515,SF2701,5790.0,516.0,1660.0,-0.06217616580310903
20260515,SF2702,5760.0,245.0,390.0,0.25833333333333375
20260515,SF2703,5884.0,162.0,121.0,-0.03670972127804184
20260515,SF2704,5866.0,1.0,10.0,0.0
20260518,SF2605,0.0,38.0,3144.0,0.0
20260518,SF2606,5688.0,3147.0,9803.0,0.20253164556962044
20260518,SF2607,5784.0,626465.0,277531.0,-0.053941908713692754
20260518,SF2608,5758.0,90793.0,34565.0,-0.00416811392844707
20260518,SF2609,5756.0,129402.0,83669.0,-0.06671299513551032
20260518,SF2610,5724.0,55452.0,33132.0,0.26834381551362707
20260518,SF2611,5852.0,1994.0,1134.0,-0.04511278195488755
20260518,SF2612,5830.0,382.0,293.0,-0.00023127180218552256
20260518,SF2701,5820.0,2185.0,1734.0,-0.08247422680412342
20260518,SF2702,5780.0,866.0,559.0,0.24498269896193747
20260518,SF2703,5898.0,550.0,558.0,-0.024415055951169773
20260518,SF2704,5886.0,63.0,44.0,0.0
20260519,SF2605,0.0,1232.0,0.0,0.0
20260519,SF2606,5766.0,1409.0,9217.0,0.1748178980228925
20260519,SF2607,5850.0,338209.0,267223.0,-0.06564102564102514
20260519,SF2608,5818.0,58361.0,32479.0,-0.01650051564111399
20260519,SF2609,5810.0,56775.0,84378.0,-0.06196213425129127
20260519,SF2610,5780.0,47591.0,33188.0,0.2532871972318338
20260519,SF2611,5902.0,576.0,713.0,-0.024398508980007172
20260519,SF2612,5890.0,42.0,262.0,-0.0003204822494801702
20260519,SF2701,5876.0,519.0,1687.0,-0.061266167460858334
20260519,SF2702,5846.0,41.0,580.0,0.2299007868628129
20260519,SF2703,5958.0,117.0,601.0,-0.06847935548841955
20260519,SF2704,5924.0,13.0,45.0,0.0
20260520,SF2606,5796.0,1732.0,8603.0,0.1656314699792949
20260520,SF2607,5876.0,246685.0,267685.0,-0.07760381211708678
20260520,SF2608,5838.0,33467.0,33143.0,0.0
20260520,SF2609,5838.0,42460.0,84509.0,-0.06577595066803754
20260520,SF2610,5806.0,39755.0,33189.0,0.2521529452290725
20260520,SF2611,5928.0,677.0,565.0,-0.05668016194331971
20260520,SF2612,5900.0,16.0,255.0,0.0
20260520,SF2701,5900.0,483.0,1735.0,-0.09355932203389816
20260520,SF2702,5854.0,34.0,588.0,0.24598565083703505
20260520,SF2703,5974.0,66.0,628.0,-0.06829594911282211
20260520,SF2704,5940.0,10.0,49.0,-0.004040404040403622
20260520,SF2705,5938.0,2.0,2.0,0.0
20260521,SF2606,5830.0,1242.0,7958.0,0.11114922813035921
20260521,SF2607,5884.0,286995.0,266524.0,-0.09381373215499611
20260521,SF2608,5838.0,36454.0,33129.0,-0.008221993833504193
20260521,SF2609,5834.0,56641.0,81622.0,-0.057593417895097865
20260521,SF2610,5806.0,44191.0,32674.0,0.2686875645883573
20260521,SF2611,5936.0,427.0,468.0,-0.1132075471698113
20260521,SF2612,5880.0,145.0,223.0,0.0
20260521,SF2701,5880.0,773.0,1848.0,-0.10612244897959222
20260521,SF2702,5828.0,76.0,630.0,0.2594371997254621
20260521,SF2703,5954.0,100.0,665.0,0.0
20260521,SF2704,5954.0,8.0,53.0,-0.028216325159557076
20260521,SF2705,5940.0,7.0,8.0,0.0
20260522,SF2606,5816.0,1994.0,6853.0,0.06189821182943689
20260522,SF2607,5846.0,231923.0,243005.0,-0.061580567909681694
20260522,SF2608,5816.0,22104.0,31819.0,-0.024759284731775022
20260522,SF2609,5804.0,45981.0,82314.0,-0.07856650585802871
20260522,SF2610,5766.0,34933.0,32343.0,0.27887617065556825
20260522,SF2611,5900.0,529.0,562.0,-0.044745762711865034
20260522,SF2612,5878.0,204.0,121.0,-0.00036701316277416526
20260522,SF2701,5862.0,997.0,1777.0,-0.0859774820880248
20260522,SF2702,5820.0,542.0,434.0,0.24742268041237025
20260522,SF2703,5940.0,452.0,365.0,-0.06464646464646462
20260522,SF2704,5908.0,16.0,49.0,0.0365605958023032
20260522,SF2705,5926.0,12.0,11.0,0.0
20260525,SF2606,6020.0,4134.0,4095.0,0.10365448504983377
20260525,SF2607,6072.0,514041.0,286204.0,-0.05928853754940677
20260525,SF2608,6042.0,54728.0,31526.0,-0.04766633565044742
20260525,SF2609,6018.0,112119.0,95593.0,-0.04785643070787593
20260525,SF2610,5994.0,53528.0,34872.0,0.2442442442442454
20260525,SF2611,6116.0,2597.0,2004.0,-0.14911706998037877
20260525,SF2612,6040.0,286.0,248.0,0.0003125232532182425
20260525,SF2701,6054.0,2585.0,2483.0,-0.11100099108027761
20260525,SF2702,5998.0,940.0,803.0,0.20406802267422552
20260525,SF2703,6100.0,831.0,900.0,-0.1377049180327865
20260525,SF2704,6030.0,182.0,176.0,0.03980099502487544
20260525,SF2705,6050.0,136.0,71.0,0.0
20260526,SF2606,5774.0,1551.0,2928.0,0.16210599237963397
20260526,SF2607,5852.0,440747.0,244191.0,-0.061517429938482415
20260526,SF2608,5822.0,40602.0,35309.0,0.0
20260526,SF2609,5822.0,111379.0,106300.0,-0.04122294744074173
20260526,SF2610,5802.0,49199.0,36311.0,0.2854188210961741
20260526,SF2611,5940.0,2296.0,1453.0,-0.08080808080808044
20260526,SF2612,5900.0,270.0,115.0,-9.141115977908824e-05
20260526,SF2701,5896.0,2484.0,2192.0,-0.06919945725915877
20260526,SF2702,5862.0,861.0,557.0,0.245649948822928
20260526,SF2703,5982.0,734.0,529.0,-0.04413239719157458
20260526,SF2704,5960.0,123.0,107.0,0.0
20260526,SF2705,5960.0,31.0,72.0,0.0
20260527,SF2606,5832.0,953.0,2531.0,0.185185185185186
20260527,SF2607,5922.0,239462.0,214104.0,-0.09321175278622063
20260527,SF2608,5876.0,27558.0,36146.0,0.0
20260527,SF2609,5876.0,65744.0,99062.0,-0.07351940095302867
20260527,SF2610,5840.0,26334.0,34442.0,0.27534246575342536
20260527,SF2611,5974.0,344.0,1489.0,-0.07231335788416482
20260527,SF2612,5938.0,61.0,142.0,-4.5413088809079706e-05
20260527,SF2701,5936.0,518.0,2276.0,-0.06469002695417769
20260527,SF2702,5904.0,115.0,557.0,0.21544715447154505
20260527,SF2703,6010.0,99.0,571.0,-0.0718801996672207
20260527,SF2704,5974.0,5.0,106.0,0.012052226314026804
20260527,SF2705,5980.0,6.0,71.0,0.0
20260528,SF2606,5802.0,410.0,2280.0,0.1737331954498451
20260528,SF2607,5886.0,254394.0,188056.0,-0.077471967380224
20260528,SF2608,5848.0,36187.0,34773.0,-0.004103967168262113
20260528,SF2609,5846.0,71056.0,101109.0,-0.061580567909681694
20260528,SF2610,5816.0,42880.0,31731.0,0.2847317744154054
20260528,SF2611,5954.0,984.0,1482.0,-0.05643265031911282
20260528,SF2612,5926.0,105.0,150.0,-9.101009832882072e-05
20260528,SF2701,5922.0,841.0,2283.0,-0.08105369807497498
20260528,SF2702,5882.0,145.0,587.0,0.2488949336960209
20260528,SF2703,6004.0,177.0,647.0,-0.07195203197868105
20260528,SF2704,5968.0,20.0,99.0,0.00804289544235992
20260528,SF2705,5972.0,12.0,67.0,0.0
20260529,SF2606,5742.0,1035.0,1543.0,0.17554858934169282
20260529,SF2607,5826.0,288346.0,171270.0,-0.08650875386199841
20260529,SF2608,5784.0,39700.0,38931.0,0.020746887966804906
20260529,SF2609,5794.0,93963.0,109475.0,-0.06213324128408715
20260529,SF2610,5764.0,61918.0,34662.0,0.26648160999305937
20260529,SF2611,5892.0,1317.0,2054.0,-0.028513238289205045
20260529,SF2612,5878.0,109.0,159.0,-0.00027525987208061646
20260529,SF2701,5866.0,978.0,2422.0,-0.09410160245482446
20260529,SF2702,5820.0,477.0,583.0,0.2556701030927826
20260529,SF2703,5944.0,347.0,445.0,-0.008075370121130021
20260529,SF2704,5940.0,83.0,81.0,-0.004040404040403622
20260529,SF2705,5938.0,32.0,63.0,0.0
20260601,SF2606,5756.0,122.0,1462.0,0.2793606671299509
20260601,SF2607,5890.0,166699.0,162572.0,-0.08149405772495699
20260601,SF2608,5850.0,66464.0,44149.0,0.012307692307692797
20260601,SF2609,5856.0,76924.0,113353.0,-0.07786885245901631
20260601,SF2610,5818.0,82725.0,43911.0,0.2681333791680993
20260601,SF2611,5948.0,75387.0,43329.0,-0.016139878950908404
20260601,SF2612,5940.0,19.0,153.0,-0.0004539779820678676
20260601,SF2701,5920.0,611.0,2347.0,-0.052702702702703164
20260601,SF2702,5894.0,301.0,575.0,0.22802850356294613
20260601,SF2703,6006.0,199.0,567.0,-0.03596403596403608
20260601,SF2704,5988.0,24.0,75.0,-0.02004008016032044
20260601,SF2705,5978.0,33.0,50.0,0.0
20260602,SF2606,5764.0,65.0,1504.0,0.26231783483691906
20260602,SF2607,5890.0,139179.0,158885.0,-0.08149405772495699
20260602,SF2608,5850.0,68389.0,44279.0,0.004102564102565154
20260602,SF2609,5852.0,55918.0,115336.0,-0.06971975393028051
20260602,SF2610,5818.0,46604.0,42182.0,0.27638363698865565
20260602,SF2611,5952.0,53725.0,55034.0,-0.06048387096774155
20260602,SF2612,5922.0,75.0,158.0,4.553578543537695e-05
20260602,SF2701,5924.0,646.0,2448.0,-0.0688723835246452
20260602,SF2702,5890.0,65.0,573.0,0.2322580645161283
20260602,SF2703,6004.0,52.0,548.0,-0.03597601598933986
20260602,SF2704,5986.0,3.0,76.0,-0.0160374206481797
20260602,SF2705,5978.0,15.0,51.0,0.0
20260603,SF2606,0.0,0.0,1504.0,0.0
20260603,SF2607,5962.0,216668.0,171252.0,-0.12076484401207654
20260603,SF2608,5902.0,93437.0,53857.0,0.00813283632666817
20260603,SF2609,5906.0,93071.0,124062.0,-0.06908228919742587
20260603,SF2610,5872.0,51072.0,40997.0,0.26566757493187954
20260603,SF2611,6002.0,68164.0,72802.0,-0.043985338220592585
20260603,SF2612,5980.0,175.0,215.0,-4.509413400472887e-05
20260603,SF2701,5978.0,1330.0,2963.0,-0.07226497156239553
20260603,SF2702,5942.0,294.0,534.0,0.22214742510939178
20260603,SF2703,6052.0,185.0,511.0,-0.11896893588896207
20260603,SF2704,5992.0,8.0,74.0,-0.024032042723631797
20260603,SF2705,5980.0,21.0,47.0,0.0
20260604,SF2606,0.0,0.0,1504.0,0.0
20260604,SF2607,5946.0,174362.0,160624.0,-0.12108980827447047
20260604,SF2608,5886.0,77300.0,50053.0,0.0
20260604,SF2609,5886.0,86244.0,118679.0,-0.06931702344546364
20260604,SF2610,5852.0,50246.0,39188.0,0.2665755297334256
20260604,SF2611,5982.0,56005.0,70663.0,-0.08425275827482492
20260604,SF2612,5940.0,156.0,186.0,0.00018159119282715904
20260604,SF2701,5948.0,1917.0,2953.0,-0.07262945527908515
20260604,SF2702,5912.0,80.0,547.0,0.2354533152909335
20260604,SF2703,6028.0,75.0,556.0,-0.05972130059721348
20260604,SF2704,5998.0,1.0,74.0,-0.024008002667555317
20260604,SF2705,5986.0,2.0,46.0,0.0
20260605,SF2606,0.0,0.0,1504.0,0.0
20260605,SF2607,5870.0,176544.0,151831.0,-0.14310051107325394
20260605,SF2608,5800.0,72573.0,49500.0,0.004137931034481568
20260605,SF2609,5802.0,114425.0,123196.0,-0.0661840744570843
20260605,SF2610,5770.0,50722.0,41637.0,0.2745233968804168
20260605,SF2611,5902.0,57637.0,75285.0,-0.04473059979667893
20260605,SF2612,5880.0,162.0,176.0,-0.00022930520522815144
20260605,SF2701,5870.0,1403.0,3299.0,-0.08994889267461703
20260605,SF2702,5826.0,724.0,503.0,0.25128733264675596
20260605,SF2703,5948.0,418.0,204.0,0.0
20260605,SF2704,0.0,0.0,74.0,0.0
20260605,SF2705,5922.0,9.0,51.0,0.0
20260608,SF2606,0.0,0.0,1504.0,0.0
20260608,SF2607,5920.0,170109.0,144424.0,-0.17027027027027053
20260608,SF2608,5836.0,62187.0,53698.0,0.00822481151473653
20260608,SF2609,5840.0,121595.0,131584.0,-0.07397260273972606
20260608,SF2610,5804.0,33465.0,43236.0,0.26878015161957247
20260608,SF2611,5934.0,65594.0,78858.0,-0.06875631951466099
20260608,SF2612,5900.0,34.0,174.0,-0.0002742334793372648
20260608,SF2701,5888.0,2226.0,4046.0,-0.06114130434782661
20260608,SF2702,5858.0,52.0,477.0,0.22533287811539804
20260608,SF2703,5968.0,20.0,202.0,0.0
20260608,SF2704,0.0,0.0,74.0,0.0
20260608,SF2705,5950.0,18.0,62.0,0.0
20260609,SF2606,5830.0,6.0,1498.0,0.1728987993138924
20260609,SF2607,5914.0,165982.0,133957.0,-0.16232668244842685
20260609,SF2608,5834.0,69780.0,50827.0,-0.008227631127871504
20260609,SF2609,5830.0,111788.0,145740.0,-0.07821612349914187
20260609,SF2610,5792.0,38810.0,45668.0,0.27348066298342655
20260609,SF2611,5924.0,59070.0,75378.0,-0.08507765023632619
20260609,SF2612,5882.0,20.0,166.0,-9.169089471210348e-05
20260609,SF2701,5878.0,767.0,4291.0,-0.05716230010207557
20260609,SF2702,5850.0,108.0,478.0,0.2174358974358972
20260609,SF2703,5956.0,113.0,133.0,-0.032236400268637055
20260609,SF2704,5940.0,4.0,75.0,-0.020202020202020776
20260609,SF2705,5930.0,28.0,60.0,0.0
20260610,SF2606,0.0,0.0,1498.0,0.0
20260610,SF2607,5954.0,163179.0,121701.0,-0.15317433658044965
20260610,SF2608,5878.0,46667.0,51099.0,0.004083021435861589
20260610,SF2609,5880.0,145817.0,168336.0,-0.08979591836734757
20260610,SF2610,5836.0,29073.0,43878.0,0.26319396847155563
20260610,SF2611,5964.0,44723.0,77254.0,-0.04024144869215274
20260610,SF2612,5944.0,158.0,201.0,-0.0005444069744582336
20260610,SF2701,5920.0,1562.0,5208.0,-0.08513513513513526
20260610,SF2702,5878.0,124.0,463.0,0.24906430758761555
20260610,SF2703,6000.0,99.0,184.0,-0.01200000000000001
20260610,SF2704,5994.0,5.0,72.0,-0.0480480480480483
20260610,SF2705,5970.0,19.0,66.0,0.0
20260611,SF2606,0.0,0.0,1498.0,0.0
20260611,SF2607,5892.0,131562.0,95677.0,-0.13441955193482702
20260611,SF2608,5826.0,60056.0,51780.0,0.00411946446961764
20260611,SF2609,5828.0,153735.0,174981.0,-0.08647906657515492
20260611,SF2610,5786.0,33736.0,45200.0,0.2654683719322506
20260611,SF2611,5914.0,66882.0,74205.0,-0.07304700710179235
20260611,SF2612,5878.0,171.0,163.0,9.17532906935488e-05
20260611,SF2701,5882.0,2039.0,5188.0,-0.06936416184971161
20260611,SF2702,5848.0,291.0,413.0,0.26265389876880985
20260611,SF2703,5976.0,162.0,118.0,-0.08032128514056192
20260611,SF2704,5936.0,3.0,72.0,0.020215633423181778
20260611,SF2705,5946.0,101.0,75.0,0.0
20260612,SF2606,0.0,827.0,0.0,0.0
20260612,SF2607,5872.0,84045.0,66042.0,-0.09809264305177123
20260612,SF2608,5824.0,41974.0,46631.0,-0.004120879120879106
20260612,SF2609,5822.0,175224.0,185349.0,-0.07832360013740969
20260612,SF2610,5784.0,31021.0,45507.0,0.25726141078838083
20260612,SF2611,5908.0,47068.0,73409.0,-0.05687203791469253
20260612,SF2612,5880.0,27.0,160.0,-9.172208209126956e-05
20260612,SF2701,5876.0,789.0,5407.0,-0.07760381211708678
20260612,SF2702,5838.0,49.0,427.0,0.23843782117163492
20260612,SF2703,5954.0,84.0,143.0,-0.032247228753778945
20260612,SF2704,5938.0,5.0,73.0,-0.03233411923206475
20260612,SF2705,5922.0,21.0,82.0,0.0
20260615,SF2607,5822.0,45300.0,57925.0,-0.14428031604259672
20260615,SF2608,5752.0,41078.0,46802.0,-0.004172461752434575
20260615,SF2609,5750.0,184195.0,204174.0,-0.09182608695652217
20260615,SF2610,5706.0,35103.0,47315.0,0.2397476340694018
20260615,SF2611,5820.0,58360.0,77355.0,-0.061855670103092564
20260615,SF2612,5790.0,21.0,168.0,-4.6573906968622997e-05
20260615,SF2701,5788.0,1755.0,5918.0,-0.07463718037318534
20260615,SF2702,5752.0,164.0,542.0,0.26703755215577285
20260615,SF2703,5880.0,117.0,157.0,0.012244897959182488
20260615,SF2704,5886.0,17.0,85.0,-0.0489296636085621
20260615,SF2705,5862.0,24.0,97.0,0.0
20260615,SF2706,0.0,0.0,0.0,0.0
20260616,SF2607,5794.0,27013.0,51143.0,-0.1325509147393853
20260616,SF2608,5730.0,40621.0,48376.0,-0.008376963350785527
20260616,SF2609,5726.0,151788.0,219641.0,-0.09640237513098127
20260616,SF2610,5680.0,23356.0,48845.0,0.21549295774647792
20260616,SF2611,5782.0,68076.0,85604.0,-0.06641300588031873
20260616,SF2612,5750.0,16.0,172.0,0.0
20260616,SF2701,5750.0,2099.0,6941.0,-0.100173913043478
20260616,SF2702,5702.0,64.0,550.0,0.290424412486848
20260616,SF2703,5840.0,15.0,156.0,0.0
20260616,SF2704,0.0,0.0,85.0,0.0
20260616,SF2705,5828.0,19.0,111.0,-0.05765271105010239
20260616,SF2706,5800.0,6.0,2.0,0.0
20260617,SF2607,5772.0,12500.0,46902.0,-0.1496881496881497
20260617,SF2608,5700.0,45746.0,45947.0,-0.025263157894736654
20260617,SF2609,5688.0,128890.0,230436.0,-0.10126582278481022
20260617,SF2610,5640.0,63840.0,51266.0,0.21702127659574533
20260617,SF2611,5742.0,85664.0,89628.0,-0.04597701149425326
20260617,SF2612,5720.0,171.0,204.0,-0.0002357193368429356
20260617,SF2701,5710.0,2257.0,8019.0,-0.07985989492119128
20260617,SF2702,5672.0,97.0,556.0,0.2877291960507753
20260617,SF2703,5808.0,41.0,159.0,0.0
20260617,SF2704,0.0,0.0,85.0,0.0
20260617,SF2705,5778.0,11.0,118.0,0.0
20260617,SF2706,0.0,0.0,2.0,0.0
20260618,SF2607,5802.0,10327.0,42582.0,-0.1902792140641152
20260618,SF2608,5710.0,34466.0,43950.0,-0.03362521891418524
20260618,SF2609,5694.0,109993.0,222246.0,-0.11801896733403572
20260618,SF2610,5638.0,42685.0,47836.0,0.2085846044696691
20260618,SF2611,5736.0,68673.0,91683.0,-0.09205020920502083
20260618,SF2612,5692.0,7.0,204.0,0.000284254660592028
20260618,SF2701,5704.0,2039.0,8925.0,-0.0715287517531551
20260618,SF2702,5670.0,37.0,554.0,0.2666666666666657
20260618,SF2703,5796.0,16.0,164.0,-0.06211180124223592
20260618,SF2704,5766.0,4.0,85.0,0.0
20260618,SF2705,5766.0,11.0,121.0,-0.08324661810613954
20260618,SF2706,5726.0,1.0,1.0,0.0
20260622,SF2607,5782.0,7851.0,38461.0,-0.2241438948460739
20260622,SF2608,5674.0,32351.0,44239.0,-0.03806838209376062
20260622,SF2609,5656.0,120384.0,225798.0,-0.0975954738330973
20260622,SF2610,5610.0,47378.0,48707.0,0.213903743315508
20260622,SF2611,5710.0,77068.0,94769.0,-0.046234676007004705
20260622,SF2612,5688.0,14.0,198.0,-0.0003318636514483462
20260622,SF2701,5674.0,956.0,9075.0,-0.07190694395488251
20260622,SF2702,5640.0,35.0,572.0,0.28510638297872415
20260622,SF2703,5774.0,24.0,172.0,-0.0374090751645304
20260622,SF2704,5756.0,2.0,83.0,-0.004169562195968979
20260622,SF2705,5754.0,10.0,128.0,0.0
20260622,SF2706,0.0,0.0,1.0,0.0
20260623,SF2607,5776.0,9968.0,32488.0,-0.25346260387811625
20260623,SF2608,5654.0,40441.0,42469.0,-0.06367173682348781
20260623,SF2609,5624.0,112407.0,233853.0,-0.08534850640113767
20260623,SF2610,5584.0,42482.0,51544.0,0.21489971346704895
20260623,SF2611,5684.0,76697.0,101991.0,-0.050668543279380085
20260623,SF2612,5660.0,12.0,194.0,-0.00042879263111923424
20260623,SF2701,5642.0,1239.0,8868.0,-0.07656859269762473
20260623,SF2702,5606.0,39.0,598.0,0.2911166607206557
20260623,SF2703,5742.0,35.0,175.0,-0.04179728317659315
20260623,SF2704,5722.0,2.0,84.0,-0.012583012932540605
20260623,SF2705,5716.0,10.0,136.0,-0.05878236529041292
20260623,SF2706,5688.0,1.0,1.0,0.0
20260624,SF2607,5768.0,8650.0,26733.0,-0.24965325936199712
20260624,SF2608,5648.0,28118.0,43840.0,-0.10198300283286166
20260624,SF2609,5600.0,130510.0,238872.0,-0.11142857142857077
20260624,SF2610,5548.0,71803.0,52792.0,0.2076423936553713
20260624,SF2611,5644.0,93379.0,105882.0,-0.05102763997165116
20260624,SF2612,5620.0,45.0,226.0,-0.00019193090487424166
20260624,SF2701,5612.0,2239.0,9845.0,-0.06842480399144657
20260624,SF2702,5580.0,26.0,604.0,0.2795698924731189
20260624,SF2703,5710.0,16.0,175.0,-0.004203152364273155
20260624,SF2704,5708.0,4.0,84.0,-0.04204625087596314
20260624,SF2705,5688.0,6.0,142.0,0.0
20260624,SF2706,5688.0,1.0,2.0,0.0
20260625,SF2607,5786.0,3695.0,24336.0,-0.24472865537504385
20260625,SF2608,5668.0,21264.0,42246.0,-0.097388849682428
20260625,SF2609,5622.0,144572.0,242804.0,-0.11526147278548526
20260625,SF2610,5568.0,45002.0,52595.0,0.18103448275862188
20260625,SF2611,5652.0,67190.0,107812.0,-0.03821656050955413
20260625,SF2612,5634.0,45.0,225.0,-0.0002871809599023572
20260625,SF2701,5622.0,1804.0,10251.0,-0.07257203842049087
20260625,SF2702,5588.0,24.0,610.0,0.2576950608446662
20260625,SF2703,5708.0,3.0,174.0,0.0
20260625,SF2704,0.0,0.0,84.0,0.0
20260625,SF2705,5686.0,3.0,145.0,0.10130144213858472
20260625,SF2706,5734.0,1.0,3.0,0.0
20260626,SF2607,5780.0,7788.0,19175.0,-0.26989619377162644
20260626,SF2608,5650.0,33803.0,39965.0,-0.09769911504424789
20260626,SF2609,5604.0,111631.0,248127.0,-0.10706638115631728
20260626,SF2610,5554.0,42658.0,53131.0,0.19013323730644682
20260626,SF2611,5642.0,65538.0,102274.0,-0.051045728465083595
20260626,SF2612,5618.0,44.0,239.0,-0.000623997504009989
20260626,SF2701,5592.0,3538.0,11063.0,-0.0772532188841204
20260626,SF2702,5556.0,70.0,611.0,0.3974082073434131
20260626,SF2703,5740.0,5.0,175.0,-0.1254355400696867
20260626,SF2704,5680.0,2.0,84.0,-0.03802816901408512
20260626,SF2705,5662.0,21.0,157.0,-0.038149063935005945
20260626,SF2706,5644.0,9.0,10.0,0.0
