date,symbol,close,volume,open_interest,roll_yield
20250526,RU2506,14355.0,1341.0,859.0,0.012532638214875
20250526,RU2507,14370.0,910.0,1306.0,0.0583132004849597
20250526,RU2508,14440.0,154.0,1189.0,-0.0332871225927024
20250526,RU2509,14400.0,441554.0,174632.0,0.004165943454443
20250526,RU2510,14405.0,110.0,303.0,-0.0375456589969645
20250526,RU2511,14360.0,1509.0,5582.0,0.3252828995648851
20250526,RU2601,15160.0,28171.0,33882.0,0.0039564788772922
20250526,RU2603,15170.0,14.0,47.0,0.0473684825595547
20250526,RU2604,15230.0,4.0,7.0,0.0432574612287287
20250526,RU2605,15285.0,108.0,266.0,0.0
20250527,RU2506,14445.0,738.0,518.0,0.0
20250527,RU2507,14445.0,585.0,1318.0,0.0290406364724606
20250527,RU2508,14480.0,47.0,1179.0,0.0124245049925808
20250527,RU2509,14495.0,305548.0,169229.0,0.0082758623969816
20250527,RU2510,14505.0,100.0,317.0,-0.0455880361791136
20250527,RU2511,14450.0,2394.0,5951.0,0.3331385429953076
20250527,RU2601,15275.0,26537.0,35895.0,-0.0039292732249071
20250527,RU2603,15265.0,5.0,47.0,-0.0157325489594768
20250527,RU2604,15245.0,0.0,7.0,0.0784572915777779
20250527,RU2605,15345.0,34.0,262.0,0.0
20250528,RU2506,13700.0,347.0,472.0,0.0655142664587876
20250528,RU2507,13775.0,1421.0,1173.0,0.0434783084330439
20250528,RU2508,13825.0,766.0,1492.0,-0.0173724243153695
20250528,RU2509,13805.0,627657.0,191713.0,0.013031675488873
20250528,RU2510,13820.0,177.0,310.0,-0.0434940671875243
20250528,RU2511,13770.0,2365.0,6184.0,0.3429504830396917
20250528,RU2601,14580.0,49606.0,38572.0,0.0082248128026717
20250528,RU2603,14600.0,36.0,42.0,-0.0041102928985522
20250528,RU2604,14595.0,29.0,10.0,0.008219178403514
20250528,RU2605,14605.0,536.0,451.0,0.0
20250529,RU2506,13770.0,176.0,369.0,0.078176172254324
20250529,RU2507,13860.0,695.0,1147.0,0.0561455046190858
20250529,RU2508,13925.0,21.0,1493.0,-0.0388419688162715
20250529,RU2509,13880.0,439838.0,181089.0,0.0560647920095266
20250529,RU2510,13945.0,55.0,312.0,-0.0733683278123418
20250529,RU2511,13860.0,1296.0,6078.0,0.3571232451095333
20250529,RU2601,14710.0,36243.0,39145.0,0.0081521751671562
20250529,RU2603,14730.0,46.0,49.0,0.0081438754398202
20250529,RU2604,14740.0,34.0,32.0,-0.0122178866824813
20250529,RU2605,14725.0,199.0,485.0,0.0
20250530,RU2506,13360.0,163.0,320.0,0.0313960186568683
20250530,RU2507,13395.0,1263.0,1177.0,0.0536313741875645
20250530,RU2508,13455.0,186.0,1508.0,-0.0446761498913575
20250530,RU2509,13405.0,568468.0,184427.0,0.0312907608849692
20250530,RU2510,13440.0,85.0,324.0,-0.0671518260494533
20250530,RU2511,13365.0,3011.0,6225.0,0.3636156900979966
20250530,RU2601,14200.0,47672.0,38816.0,0.0084447586072786
20250530,RU2603,14220.0,40.0,72.0,0.0673213546892013
20250530,RU2604,14300.0,64.0,72.0,-0.03361346735654
20250530,RU2605,14260.0,357.0,537.0,0.0
20250603,RU2506,13330.0,9.0,314.0,0.0896865161343461
20250603,RU2507,13430.0,1269.0,1131.0,0.0445931393881782
20250603,RU2508,13480.0,40.0,1502.0,-0.0267359932357549
20250603,RU2509,13450.0,381690.0,183288.0,0.0178306124930946
20250603,RU2510,13470.0,42.0,328.0,-0.0446263065448426
20250603,RU2511,13420.0,2464.0,6153.0,0.3642737006556843
20250603,RU2601,14260.0,33585.0,39504.0,-0.0105281655368938
20250603,RU2603,14235.0,29.0,73.0,-0.016871707524453
20250603,RU2604,14215.0,9.0,73.0,0.0589474869572787
20250603,RU2605,14285.0,178.0,563.0,0.0
20250604,RU2506,13585.0,5.0,313.0,0.0528829353838878
20250604,RU2507,13645.0,929.0,1078.0,0.0131843997881073
20250604,RU2508,13660.0,51.0,1499.0,-0.0043931906037078
20250604,RU2509,13655.0,529078.0,177460.0,0.008784773452356
20250604,RU2510,13665.0,23.0,318.0,-0.0175759826367544
20250604,RU2511,13645.0,2359.0,6081.0,0.3605136130337357
20250604,RU2601,14490.0,43151.0,40390.0,-0.0373832985038165
20250604,RU2603,14400.0,8.0,74.0,0.0374415280349241
20250604,RU2604,14445.0,5.0,72.0,0.0580111627007354
20250604,RU2605,14515.0,188.0,619.0,0.0
20250605,RU2506,13500.0,43.0,301.0,0.0310708514625701
20250605,RU2507,13535.0,909.0,1021.0,-0.0133062294173571
20250605,RU2508,13520.0,32.0,1494.0,0.0221688590668857
20250605,RU2509,13545.0,393799.0,177633.0,0.0265486833952877
20250605,RU2510,13575.0,57.0,318.0,-0.0221198219314706
20250605,RU2511,13550.0,2654.0,6157.0,0.3754575904107196
20250605,RU2601,14425.0,36112.0,41100.0,-0.018746760607576
20250605,RU2603,14380.0,18.0,61.0,-0.0334262054571157
20250605,RU2604,14340.0,28.0,59.0,0.1000005787097308
20250605,RU2605,14460.0,113.0,634.0,0.0
20250606,RU2506,13555.0,33.0,286.0,0.0706144001630754
20250606,RU2507,13635.0,1382.0,964.0,0.0351519841259167
20250606,RU2508,13675.0,94.0,1517.0,-0.0219579201249133
20250606,RU2509,13650.0,421243.0,172126.0,0.0219579201249138
20250606,RU2510,13675.0,63.0,305.0,-0.0263543297729168
20250606,RU2511,13645.0,2490.0,6235.0,0.381181907670429
20250606,RU2601,14540.0,37222.0,41854.0,-0.0020636285672043
20250606,RU2603,14535.0,80.0,107.0,-0.0123902953702711
20250606,RU2604,14520.0,52.0,83.0,0.0288908136112373
20250606,RU2605,14555.0,149.0,642.0,0.0
20250609,RU2506,13520.0,30.0,276.0,0.1499468242264749
20250609,RU2507,13690.0,532.0,975.0,0.0175182512863854
20250609,RU2508,13710.0,14.0,1518.0,0.0131219258564554
20250609,RU2509,13725.0,352642.0,168422.0,-0.0833489002458374
20250609,RU2510,13630.0,98.0,304.0,0.0746025441735048
20250609,RU2511,13715.0,2033.0,6291.0,0.3731332794990686
20250609,RU2601,14595.0,31332.0,41866.0,0.0061633287391805
20250609,RU2603,14610.0,54.0,80.0,-0.0082163645798082
20250609,RU2604,14600.0,47.0,64.0,0.0082163645798086
20250609,RU2605,14610.0,139.0,638.0,0.0
20250610,RU2506,13760.0,7.0,276.0,0.0261343116001534
20250610,RU2507,13790.0,898.0,966.0,0.0173913073918825
20250610,RU2508,13810.0,21.0,1514.0,-0.0043454644689959
20250610,RU2509,13805.0,376733.0,168567.0,0.013031675488873
20250610,RU2510,13820.0,129.0,302.0,-0.0173787141163785
20250610,RU2511,13800.0,2361.0,6249.0,0.3749903881357622
20250610,RU2601,14690.0,33549.0,41294.0,0.0
20250610,RU2603,14690.0,61.0,67.0,0.0204046979958012
20250610,RU2604,14715.0,18.0,63.0,0.0162988140506631
20250610,RU2605,14735.0,96.0,644.0,0.0
20250611,RU2506,13860.0,3.0,278.0,0.0043282236718099
20250611,RU2507,13865.0,585.0,963.0,0.0302539328268565
20250611,RU2508,13900.0,21.0,1513.0,-0.0086362004447235
20250611,RU2509,13890.0,293414.0,166116.0,0.0258899776802531
20250611,RU2510,13920.0,40.0,301.0,-0.0215711005416785
20250611,RU2511,13895.0,2159.0,6189.0,0.3501430036804309
20250611,RU2601,14730.0,29655.0,41381.0,0.0040719377199101
20250611,RU2603,14740.0,14.0,64.0,0.0243985173851738
20250611,RU2604,14770.0,1.0,63.0,0.0
20250611,RU2605,14770.0,206.0,719.0,0.0
20250612,RU2506,13745.0,0.0,278.0,-0.1626100692595148
20250612,RU2507,13560.0,949.0,961.0,0.0397570766755223
20250612,RU2508,13605.0,27.0,1507.0,-0.017653552282782
20250612,RU2509,13585.0,376608.0,172383.0,0.0
20250612,RU2510,13585.0,135.0,306.0,-0.0132572283783992
20250612,RU2511,13570.0,3871.0,6681.0,0.3749211604285248
20250612,RU2601,14445.0,40461.0,40927.0,0.0124481372451617
20250612,RU2603,14475.0,47.0,53.0,0.0082872931470577
20250612,RU2604,14485.0,51.0,40.0,0.0082815738276618
20250612,RU2605,14495.0,195.0,689.0,0.0
20250613,RU2506,13800.0,1.0,278.0,0.0260586421620951
20250613,RU2507,13830.0,1086.0,893.0,0.0303304006928945
20250613,RU2508,13865.0,678.0,1247.0,0.0086517667770825
20250613,RU2509,13875.0,505544.0,165596.0,0.0259179366411592
20250613,RU2510,13905.0,231.0,297.0,-0.0129519710361095
20250613,RU2511,13890.0,2944.0,6554.0,0.3441502670825623
20250613,RU2601,14710.0,48753.0,40647.0,0.0101884894578714
20250613,RU2603,14735.0,8.0,52.0,0.0203424357920203
20250613,RU2604,14760.0,26.0,29.0,0.0040643522827145
20250613,RU2605,14765.0,232.0,710.0,0.0
20250616,RU2506,13850.0,2.0,278.0,0.0173160203207128
20250616,RU2507,13870.0,1029.0,795.0,0.0345572593033358
20250616,RU2508,13910.0,244.0,1129.0,0.0
20250616,RU2509,13910.0,405243.0,159609.0,0.0258527927643146
20250616,RU2510,13940.0,83.0,302.0,-0.008611410487962
20250616,RU2511,13930.0,1836.0,6406.0,0.347256188283672
20250616,RU2601,14760.0,42184.0,40543.0,-0.0469310333557774
20250616,RU2603,14645.0,12.0,56.0,0.0081911265979082
20250616,RU2604,14655.0,10.0,31.0,0.1384004486512011
20250616,RU2605,14825.0,122.0,706.0,0.0
20250617,RU2507,13855.0,514.0,706.0,-0.0129987375050191
20250617,RU2508,13840.0,58.0,1128.0,0.0259834096466011
20250617,RU2509,13870.0,272689.0,156533.0,0.0086486490230179
20250617,RU2510,13880.0,108.0,304.0,-0.0216333211646005
20250617,RU2511,13855.0,1813.0,6304.0,0.3613272202229655
20250617,RU2601,14715.0,29027.0,39929.0,-0.0061193274044731
20250617,RU2603,14700.0,3.0,55.0,0.0488799046516304
20250617,RU2604,14760.0,2.0,31.0,0.0081273284515436
20250617,RU2605,14770.0,146.0,728.0,-0.0081273284515442
20250617,RU2606,14760.0,4.0,2.0,0.0
20250618,RU2507,13970.0,765.0,746.0,0.0042941492675098
20250618,RU2508,13975.0,649.0,995.0,0.0300160956930327
20250618,RU2509,14010.0,348272.0,156240.0,0.0213941935791614
20250618,RU2510,14035.0,86.0,315.0,-0.0299625623830458
20250618,RU2511,14000.0,2531.0,6138.0,0.36173058514083
20250618,RU2601,14870.0,31716.0,40575.0,-0.0060555093449563
20250618,RU2603,14855.0,0.0,55.0,0.0161453102054685
20250618,RU2604,14875.0,7.0,27.0,0.0120947431706888
20250618,RU2605,14890.0,420.0,914.0,-0.0808628396785098
20250618,RU2606,14790.0,0.0,2.0,0.0
20250619,RU2507,14005.0,424.0,740.0,-0.0558240405563285
20250619,RU2508,13940.0,90.0,992.0,0.0772258653838997
20250619,RU2509,14030.0,292773.0,153314.0,-0.0085561500951066
20250619,RU2510,14020.0,90.0,314.0,0.0
20250619,RU2511,14020.0,1681.0,6158.0,0.3551824189514967
20250619,RU2601,14875.0,25666.0,40807.0,-0.0080726551027346
20250619,RU2603,14855.0,0.0,55.0,0.0121110186899125
20250619,RU2604,14870.0,0.0,27.0,0.0201579083181828
20250619,RU2605,14895.0,123.0,922.0,0.0080536915774701
20250619,RU2606,14905.0,2.0,2.0,0.0
20250620,RU2507,13875.0,758.0,737.0,-0.0259740361148761
20250620,RU2508,13845.0,99.0,991.0,0.0475762021646506
20250620,RU2509,13900.0,389546.0,155355.0,0.017253777235529
20250620,RU2510,13920.0,81.0,298.0,-0.0215711005416785
20250620,RU2511,13895.0,2177.0,6132.0,0.3521793179711454
20250620,RU2601,14735.0,35405.0,41204.0,0.038559239761096
20250620,RU2603,14830.0,3.0,53.0,-0.0242997045572566
20250620,RU2604,14800.0,0.0,27.0,-0.0406091758108868
20250620,RU2605,14750.0,96.0,913.0,0.157604555400867
20250620,RU2606,14945.0,0.0,2.0,0.0
20250623,RU2507,13900.0,852.0,730.0,0.0
20250623,RU2508,13900.0,175.0,982.0,0.0430880175687424
20250623,RU2509,13950.0,425943.0,156387.0,0.0128962935571843
20250623,RU2510,13965.0,90.0,308.0,-0.0042972247549643
20250623,RU2511,13960.0,1850.0,6143.0,0.3465310763308923
20250623,RU2601,14790.0,42904.0,41791.0,-0.0386638611109667
20250623,RU2603,14695.0,6.0,50.0,0.1137834464628534
20250623,RU2604,14835.0,2.0,26.0,-0.0121396064981311
20250623,RU2605,14820.0,101.0,909.0,0.1007901104155248
20250623,RU2606,14945.0,0.0,2.0,0.0
20250624,RU2507,13725.0,2409.0,1269.0,-0.0613587896391119
20250624,RU2508,13655.0,442.0,732.0,0.008784773452356
20250624,RU2509,13665.0,434966.0,165045.0,0.0438276601144232
20250624,RU2510,13715.0,222.0,311.0,-0.0087527356178092
20250624,RU2511,13705.0,2036.0,6276.0,0.3527928255365406
20250624,RU2601,14535.0,47245.0,43066.0,0.0206044158530726
20250624,RU2603,14585.0,3.0,51.0,-0.0164665548994412
20250624,RU2604,14565.0,1.0,26.0,-0.0082417585657365
20250624,RU2605,14555.0,125.0,914.0,0.2931940892295046
20250624,RU2606,14915.0,0.0,2.0,0.0
20250625,RU2507,13720.0,1875.0,652.0,0.0174799739575699
20250625,RU2508,13740.0,175.0,696.0,0.0261723113563217
20250625,RU2509,13770.0,261733.0,156038.0,0.0087114341393871
20250625,RU2510,13780.0,41.0,305.0,0.013055305004843
20250625,RU2511,13795.0,1100.0,6284.0,0.3485054799142987
20250625,RU2601,14620.0,29854.0,43274.0,0.0122992868486629
20250625,RU2603,14650.0,3.0,51.0,-0.0287032427984045
20250625,RU2604,14615.0,0.0,26.0,0.0246069805978498
20250625,RU2605,14645.0,197.0,952.0,0.2192212522441816
20250625,RU2606,14915.0,0.0,2.0,0.0
20250626,RU2507,13970.0,282.0,632.0,0.0257418761566584
20250626,RU2508,14000.0,313.0,584.0,0.0342368277888777
20250626,RU2509,14040.0,367390.0,165921.0,0.0170818534182444
20250626,RU2510,14060.0,107.0,301.0,0.0
20250626,RU2511,14060.0,1388.0,6460.0,0.3421206485113245
20250626,RU2601,14885.0,34541.0,44448.0,0.006043310902043
20250626,RU2603,14900.0,25.0,49.0,-0.0080563950659499
20250626,RU2604,14890.0,0.0,26.0,0.0201308552495309
20250626,RU2605,14915.0,191.0,968.0,0.0
20250626,RU2606,14915.0,0.0,2.0,0.0
20250627,RU2507,13940.0,158.0,558.0,0.0772258653838997
20250627,RU2508,14030.0,112.0,545.0,0.0128227973020492
20250627,RU2509,14045.0,339351.0,160556.0,0.0170757766273589
20250627,RU2510,14065.0,91.0,304.0,-0.0170757766273576
20250627,RU2511,14045.0,2299.0,6310.0,0.3424757994951401
20250627,RU2601,14870.0,38913.0,45200.0,-0.0100959135380434
20250627,RU2603,14845.0,24.0,49.0,0.0564517170118647
20250627,RU2604,14915.0,1.0,27.0,0.0080428957434481
20250627,RU2605,14925.0,289.0,970.0,-0.0080428957434475
20250627,RU2606,14915.0,0.0,2.0,0.0
20250630,RU2507,13910.0,249.0,477.0,0.0602367704437519
20250630,RU2508,13980.0,151.0,556.0,0.0042910781791074
20250630,RU2509,13985.0,241709.0,155148.0,0.0085775557619246
20250630,RU2510,13995.0,170.0,357.0,0.0085714289358597
20250630,RU2511,14005.0,1926.0,6384.0,0.3474709741629758
20250630,RU2601,14840.0,29877.0,45525.0,0.0161507499942681
20250630,RU2603,14880.0,7.0,47.0,0.0080618074916623
20250630,RU2604,14890.0,3.0,27.0,0.0120825652094059
20250630,RU2605,14905.0,155.0,974.0,0.0080482900401245
20250630,RU2606,14915.0,0.0,2.0,0.0
20250701,RU2507,14025.0,38.0,457.0,0.0384410366104517
20250701,RU2508,14070.0,175.0,498.0,0.0213030412773389
20250701,RU2509,14095.0,275899.0,159610.0,-0.0042575838658438
20250701,RU2510,14090.0,62.0,367.0,0.0085136576824053
20250701,RU2511,14100.0,1824.0,6396.0,0.3592404062844859
20250701,RU2601,14970.0,27875.0,47065.0,-0.016053521282628
20250701,RU2603,14930.0,6.0,46.0,0.0361143894049692
20250701,RU2604,14975.0,0.0,27.0,0.0160160183935133
20250701,RU2605,14995.0,154.0,982.0,-0.0641927308111272
20250701,RU2606,14915.0,0.0,2.0,0.0
20250702,RU2507,14030.0,64.0,428.0,0.0384273589366146
20250702,RU2508,14075.0,89.0,507.0,0.0425532360810058
20250702,RU2509,14125.0,294565.0,156685.0,-0.0042485396089028
20250702,RU2510,14120.0,34.0,379.0,0.0042485396089037
20250702,RU2511,14125.0,2183.0,6616.0,0.3546205424167315
20250702,RU2601,14985.0,28537.0,47188.0,-0.0140304055915862
20250702,RU2603,14950.0,3.0,47.0,0.0360661483713229
20250702,RU2604,14995.0,2.0,26.0,0.0319680508742399
20250702,RU2605,15035.0,116.0,1005.0,-0.0439780602170276
20250702,RU2606,14980.0,1.0,3.0,0.0
20250703,RU2507,13895.0,52.0,409.0,0.0774751615134714
20250703,RU2508,13985.0,69.0,517.0,0.0257142955539426
20250703,RU2509,14015.0,278581.0,155114.0,0.0213865677709604
20250703,RU2510,14040.0,92.0,378.0,-0.0085500537995454
20250703,RU2511,14030.0,1982.0,6699.0,0.3529208117434574
20250703,RU2601,14880.0,33140.0,47225.0,-0.0181726539729642
20250703,RU2603,14835.0,7.0,45.0,0.0323123722668996
20250703,RU2604,14875.0,1.0,26.0,0.0603521808600235
20250703,RU2605,14950.0,284.0,1054.0,0.0
20250703,RU2606,14950.0,1.0,4.0,0.0
20250704,RU2507,13925.0,61.0,412.0,0.0473034119077968
20250704,RU2508,13980.0,78.0,520.0,0.0214400628768924
20250704,RU2509,14005.0,292869.0,152833.0,0.0342246221296229
20250704,RU2510,14045.0,31.0,371.0,-0.0171001097693631
20250704,RU2511,14025.0,2083.0,6676.0,0.3510258543798225
20250704,RU2601,14870.0,33524.0,47273.0,0.018129944967889
20250704,RU2603,14915.0,6.0,46.0,0.052182721468339
20250704,RU2604,14980.0,2.0,25.0,-0.0240561390285361
20250704,RU2605,14950.0,243.0,1063.0,0.0
20250704,RU2606,14950.0,0.0,4.0,0.0
20250707,RU2507,13855.0,51.0,377.0,0.0776981131741261
20250707,RU2508,13945.0,184.0,500.0,0.0214938262730174
20250707,RU2509,13970.0,302656.0,153660.0,0.0042941492675098
20250707,RU2510,13975.0,192.0,334.0,0.0171612471150489
20250707,RU2511,13995.0,2283.0,6702.0,0.3537779114898375
20250707,RU2601,14845.0,37325.0,48295.0,-0.0020212228589324
20250707,RU2603,14840.0,7.0,48.0,0.0524458726896049
20250707,RU2604,14905.0,4.0,25.0,-0.0161127919475413
20250707,RU2605,14885.0,273.0,1102.0,0.0522876644274675
20250707,RU2606,14950.0,0.0,4.0,0.0
20250708,RU2507,13880.0,171.0,340.0,0.0603666382645933
20250708,RU2508,13950.0,90.0,550.0,0.0300698206385811
20250708,RU2509,13985.0,251466.0,152867.0,0.0214324043399115
20250708,RU2510,14010.0,100.0,348.0,-0.004283419642125
20250708,RU2511,14005.0,1978.0,6667.0,0.3555517834652477
20250708,RU2601,14860.0,37262.0,48637.0,0.0100857310687589
20250708,RU2603,14885.0,21.0,53.0,-0.0322906350241989
20250708,RU2604,14845.0,1.0,25.0,0.0604738387186988
20250708,RU2605,14920.0,238.0,1165.0,0.024104460732967
20250708,RU2606,14950.0,0.0,4.0,0.0
20250709,RU2507,13905.0,16.0,336.0,0.0731316118975386
20250709,RU2508,13990.0,103.0,506.0,0.0470840625458063
20250709,RU2509,14045.0,256518.0,152032.0,-0.0042727435025026
20250709,RU2510,14040.0,46.0,357.0,0.0128136691299616
20250709,RU2511,14055.0,2383.0,6722.0,0.358346342502717
20250709,RU2601,14920.0,36521.0,48458.0,-0.0120764884781827
20250709,RU2603,14890.0,126.0,152.0,-0.0242016888756544
20250709,RU2604,14860.0,1.0,25.0,0.0925092565427985
20250709,RU2605,14975.0,176.0,1170.0,-0.0200501299778112
20250709,RU2606,14950.0,0.0,4.0,0.0
20250710,RU2507,14140.0,4.0,332.0,0.1769073808464411
20250710,RU2508,14350.0,189.0,571.0,0.0459051159703407
20250710,RU2509,14405.0,389700.0,156134.0,-0.0041659434544423
20250710,RU2510,14400.0,183.0,427.0,0.0
20250710,RU2511,14400.0,4806.0,6529.0,0.3539357908542242
20250710,RU2601,15275.0,65792.0,51128.0,-0.0157325557199201
20250710,RU2603,15235.0,148.0,143.0,0.0353924556084257
20250710,RU2604,15280.0,31.0,23.0,0.0392029097441798
20250710,RU2605,15330.0,371.0,1265.0,0.0312703760013808
20250710,RU2606,15370.0,2.0,6.0,0.0
20250711,RU2507,14140.0,50.0,332.0,0.1517940127688755
20250711,RU2508,14320.0,95.0,526.0,0.0334728250509431
20250711,RU2509,14360.0,227508.0,151993.0,0.0208732006011983
20250711,RU2510,14385.0,127.0,438.0,-0.0166956548671002
20250711,RU2511,14365.0,2606.0,6453.0,0.346893960013721
20250711,RU2601,15220.0,45213.0,50847.0,-0.0197433544385933
20250711,RU2603,15170.0,11.0,143.0,0.0631165163157578
20250711,RU2604,15250.0,3.0,25.0,0.0078662736346847
20250711,RU2605,15260.0,242.0,1311.0,0.0431725731411309
20250711,RU2606,15315.0,1.0,5.0,0.0
20250714,RU2507,14510.0,7.0,329.0,-0.1665536799328429
20250714,RU2508,14310.0,106.0,504.0,0.0418556406206232
20250714,RU2509,14360.0,233715.0,148593.0,0.0125282767600333
20250714,RU2510,14375.0,67.0,420.0,0.0125152105903467
20250714,RU2511,14390.0,3538.0,6987.0,0.3463083572456505
20250714,RU2601,15245.0,52752.0,53444.0,-0.0118187825477025
20250714,RU2603,15215.0,15.0,146.0,0.0433000305792791
20250714,RU2604,15270.0,7.0,28.0,0.0509721400280861
20250714,RU2605,15335.0,407.0,1459.0,-0.015660687377715
20250714,RU2606,15315.0,0.0,5.0,0.0
20250715,RU2507,14300.0,28.0,301.0,0.0544218619846963
20250715,RU2508,14365.0,238.0,489.0,0.0250347795946353
20250715,RU2509,14395.0,303673.0,149740.0,-0.0083391247275349
20250715,RU2510,14385.0,124.0,418.0,0.0250000090422512
20250715,RU2511,14415.0,4027.0,6898.0,0.3437597705788543
20250715,RU2601,15265.0,60937.0,54936.0,-0.0157428755452827
20250715,RU2603,15225.0,9.0,146.0,0.0589681776291499
20250715,RU2604,15300.0,16.0,37.0,0.0547767498253763
20250715,RU2605,15370.0,736.0,1824.0,-0.0430178071891914
20250715,RU2606,15315.0,0.0,5.0,0.0
20250716,RU2508,14470.0,170.0,470.0,0.0248533053976358
20250716,RU2509,14500.0,234246.0,148650.0,-0.0041386446349189
20250716,RU2510,14495.0,84.0,414.0,0.0124116542697323
20250716,RU2511,14510.0,2400.0,6654.0,0.3415719649405774
20250716,RU2601,15360.0,41046.0,56073.0,-0.0450908836758478
20250716,RU2603,15245.0,4.0,145.0,0.0314444988309566
20250716,RU2604,15285.0,2.0,35.0,0.1366090537977375
20250716,RU2605,15460.0,464.0,1846.0,-0.1130796344944481
20250716,RU2606,15315.0,0.0,5.0,0.0
20250716,RU2607,15315.0,0.0,0.0,0.0
20250717,RU2508,14630.0,623.0,516.0,0.0286738487685778
20250717,RU2509,14665.0,333832.0,151500.0,-0.0040920716509075
20250717,RU2510,14660.0,168.0,472.0,-0.0122845941457032
20250717,RU2511,14645.0,4762.0,6725.0,0.3443159814525033
20250717,RU2601,15510.0,62023.0,57971.0,-0.0193736041750295
20250717,RU2603,15460.0,12.0,148.0,0.0812251288115481
20250717,RU2604,15565.0,8.0,31.0,-0.0077120825276543
20250717,RU2605,15555.0,728.0,1797.0,-0.011577424921188
20250717,RU2606,15540.0,2.0,6.0,0.0
20250717,RU2607,15540.0,3.0,3.0,0.0
20250718,RU2508,14775.0,895.0,517.0,0.0283927798505472
20250718,RU2509,14810.0,394837.0,145815.0,0.0
20250718,RU2510,14810.0,187.0,439.0,-0.0202736997032031
20250718,RU2511,14785.0,6027.0,6257.0,0.3219465657063051
20250718,RU2601,15600.0,67986.0,62271.0,-0.0211912244686452
20250718,RU2603,15545.0,23.0,150.0,0.0692753687890503
20250718,RU2604,15635.0,8.0,29.0,0.0230032019322058
20250718,RU2605,15665.0,1459.0,2150.0,-0.0114960890159139
20250718,RU2606,15650.0,4.0,5.0,-0.0191846563643639
20250718,RU2607,15625.0,3.0,5.0,0.0
20250721,RU2508,14870.0,265.0,588.0,0.0201579083181828
20250721,RU2509,14895.0,357765.0,143431.0,0.0080536915774701
20250721,RU2510,14905.0,79.0,445.0,-0.0080536915774695
20250721,RU2511,14895.0,6691.0,6615.0,0.300504626384468
20250721,RU2601,15660.0,72516.0,64331.0,-0.0019160147057283
20250721,RU2603,15655.0,28.0,148.0,0.0497211866722965
20250721,RU2604,15720.0,43.0,44.0,0.02287893924698
20250721,RU2605,15750.0,1398.0,2517.0,-0.0611077068445519
20250721,RU2606,15670.0,0.0,5.0,0.0763361352842109
20250721,RU2607,15770.0,5.0,4.0,0.0
20250722,RU2508,15010.0,659.0,685.0,0.0399069207165228
20250722,RU2509,15060.0,460158.0,139121.0,0.0039834025262044
20250722,RU2510,15065.0,212.0,446.0,0.0079628403718153
20250722,RU2511,15075.0,9489.0,7175.0,0.3026829922623687
20250722,RU2601,15855.0,94397.0,65614.0,-0.0094682045843391
20250722,RU2603,15830.0,54.0,150.0,0.0981446175449031
20250722,RU2604,15960.0,59.0,72.0,0.0150281797975904
20250722,RU2605,15980.0,1985.0,3037.0,-0.1055946474221857
20250722,RU2606,15840.0,3.0,7.0,-0.0265444886243843
20250722,RU2607,15805.0,0.0,4.0,0.0
20250723,RU2508,14935.0,402.0,735.0,0.0561123266910883
20250723,RU2509,15005.0,358701.0,129179.0,-0.0080000002962964
20250723,RU2510,14995.0,745.0,664.0,-0.0120100093427876
20250723,RU2511,14980.0,9197.0,7854.0,0.3026507827209874
20250723,RU2601,15755.0,76888.0,65738.0,0.0038071067267169
20250723,RU2603,15765.0,21.0,150.0,0.0531646439229485
20250723,RU2604,15835.0,11.0,74.0,0.0264942545725758
20250723,RU2605,15870.0,1952.0,3075.0,-0.0302839277447629
20250723,RU2606,15830.0,1.0,7.0,-0.0189663387040766
20250723,RU2607,15805.0,0.0,4.0,0.0
20250724,RU2508,15155.0,839.0,1080.0,0.0710528391654208
20250724,RU2509,15245.0,404145.0,129837.0,-0.0118129623977715
20250724,RU2510,15230.0,576.0,507.0,0.0196818151387507
20250724,RU2511,15255.0,10426.0,7657.0,0.3010697056184127
20250724,RU2601,16040.0,104727.0,68248.0,0.0056083506186528
20250724,RU2603,16055.0,28.0,152.0,0.1152960984732899
20250724,RU2604,16210.0,9.0,79.0,-0.0370713918556245
20250724,RU2605,16160.0,1637.0,3274.0,0.051867941202607
20250724,RU2606,16230.0,4.0,6.0,-0.2238870912545124
20250724,RU2607,15930.0,0.0,4.0,0.0
20250725,RU2508,15505.0,3685.0,2014.0,0.0617563280026575
20250725,RU2509,15585.0,481613.0,127104.0,-0.0385604444914764
20250725,RU2510,15535.0,667.0,430.0,-0.0077269803056187
20250725,RU2511,15525.0,13147.0,8210.0,0.3106576171423197
20250725,RU2601,16350.0,130161.0,69333.0,0.0201496144188147
20250725,RU2603,16405.0,91.0,181.0,0.0219244884374136
20250725,RU2604,16435.0,44.0,102.0,0.0291704792686593
20250725,RU2605,16475.0,3416.0,3863.0,-0.0072859747229194
20250725,RU2606,16465.0,2.0,6.0,0.0109273038359761
20250725,RU2607,16480.0,15.0,15.0,0.0
20250728,RU2508,15015.0,1957.0,779.0,0.0398936537636528
20250728,RU2509,15065.0,425885.0,119335.0,-0.0119541766485584
20250728,RU2510,15050.0,888.0,325.0,-0.0159574491600189
20250728,RU2511,15030.0,12928.0,8590.0,0.3168347362680056
20250728,RU2601,15845.0,128646.0,71792.0,0.0037854890845588
20250728,RU2603,15855.0,130.0,215.0,-0.0075709781691191
20250728,RU2604,15845.0,17.0,106.0,0.094295629008444
20250728,RU2605,15970.0,2772.0,4133.0,0.0711723640908095
20250728,RU2606,16065.0,3.0,5.0,-0.1201136084005726
20250728,RU2607,15905.0,10.0,12.0,0.0
20250729,RU2508,14940.0,407.0,548.0,0.0560935912883927
20250729,RU2509,15010.0,265805.0,108879.0,-0.0200033385209284
20250729,RU2510,14985.0,258.0,354.0,-0.0080106812053616
20250729,RU2511,14975.0,7403.0,8604.0,0.3198677415152133
20250729,RU2601,15795.0,94129.0,75595.0,0.0056953018039929
20250729,RU2603,15810.0,119.0,237.0,-0.0342042986922776
20250729,RU2604,15765.0,3.0,108.0,0.1249419710991973
20250729,RU2605,15930.0,1696.0,4452.0,-0.0452830726036738
20250729,RU2606,15870.0,3.0,5.0,0.0452830726036738
20250729,RU2607,15930.0,11.0,13.0,0.0
20250730,RU2508,14925.0,320.0,440.0,0.0160696374868251
20250730,RU2509,14945.0,259375.0,99495.0,-0.0241125332302721
20250730,RU2510,14915.0,245.0,395.0,-0.0322255984202199
20250730,RU2511,14875.0,8107.0,9188.0,0.3429504830396917
20250730,RU2601,15750.0,107235.0,79135.0,0.0038083149485454
20250730,RU2603,15760.0,46.0,227.0,0.0114158879705257
20250730,RU2604,15775.0,10.0,105.0,0.0644856933531011
20250730,RU2605,15860.0,2272.0,4634.0,0.0189006181773317
20250730,RU2606,15885.0,6.0,7.0,0.060282701343189
20250730,RU2607,15965.0,5.0,16.0,0.0
20250731,RU2508,14540.0,292.0,428.0,0.0164948479579987
20250731,RU2509,14560.0,216338.0,87142.0,-0.0082445898124606
20250731,RU2510,14550.0,241.0,418.0,-0.020636290554319
20250731,RU2511,14525.0,5930.0,9612.0,0.3431799680371385
20250731,RU2601,15380.0,110128.0,83800.0,0.0408230960860093
20250731,RU2603,15485.0,449.0,406.0,-0.0077519382540756
20250731,RU2604,15475.0,51.0,89.0,0.0193704642544944
20250731,RU2605,15500.0,2493.0,4677.0,0.0502173596204461
20250731,RU2606,15565.0,4.0,9.0,0.0038541834280259
20250731,RU2607,15570.0,8.0,15.0,0.0
20250801,RU2508,14280.0,35.0,426.0,0.0251836398830544
20250801,RU2509,14310.0,194166.0,84339.0,0.0125720283893242
20250801,RU2510,14325.0,597.0,547.0,-0.0293552479083266
20250801,RU2511,14290.0,6947.0,9804.0,0.3546023296346978
20250801,RU2601,15160.0,124481.0,89332.0,0.0296101933406807
20250801,RU2603,15235.0,564.0,694.0,0.0157428687715264
20250801,RU2604,15255.0,28.0,107.0,0.0157222426683131
20250801,RU2605,15275.0,2836.0,4989.0,0.01962388008877
20250801,RU2606,15300.0,1.0,9.0,0.0469667918536357
20250801,RU2607,15360.0,0.0,15.0,0.0
20250804,RU2508,14295.0,17.0,424.0,0.058618399883733
20250804,RU2509,14365.0,132028.0,77028.0,0.0208659416162815
20250804,RU2510,14390.0,627.0,697.0,0.0041688379783525
20250804,RU2511,14395.0,5240.0,9850.0,0.3560194859611186
20250804,RU2601,15275.0,113069.0,94387.0,0.0156914113624775
20250804,RU2603,15315.0,43.0,685.0,0.0039170883324809
20250804,RU2604,15320.0,14.0,120.0,0.0547054024601126
20250804,RU2605,15390.0,1406.0,5095.0,-0.0234146415751416
20250804,RU2606,15360.0,2.0,9.0,0.0312093804006892
20250804,RU2607,15400.0,1.0,15.0,0.0
20250805,RU2508,14465.0,33.0,423.0,0.0661842422287985
20250805,RU2509,14545.0,115710.0,69436.0,0.0082474230050585
20250805,RU2510,14555.0,646.0,596.0,0.012360516114323
20250805,RU2511,14570.0,4921.0,10098.0,0.3557485377129741
20250805,RU2601,15460.0,127762.0,98440.0,0.0309678106813532
20250805,RU2603,15540.0,338.0,735.0,0.0038603828545887
20250805,RU2604,15545.0,6.0,119.0,0.0
20250805,RU2605,15545.0,2054.0,5375.0,0.0539153666918977
20250805,RU2606,15615.0,1.0,10.0,-0.0192276919842811
20250805,RU2607,15590.0,0.0,15.0,0.0
20250806,RU2508,14460.0,0.0,423.0,0.0620798073626471
20250806,RU2509,14535.0,67353.0,60350.0,0.0247422768067053
20250806,RU2510,14565.0,248.0,562.0,-0.0041201717142961
20250806,RU2511,14560.0,5139.0,9947.0,0.3734360908270305
20250806,RU2601,15495.0,185234.0,105295.0,0.0193299136260332
20250806,RU2603,15545.0,435.0,485.0,0.0192833080222767
20250806,RU2604,15570.0,4.0,118.0,0.0423145173186987
20250806,RU2605,15625.0,3055.0,5794.0,0.030680745380277
20250806,RU2606,15665.0,6.0,13.0,-0.0114960890159139
20250806,RU2607,15650.0,4.0,17.0,0.0
20250807,RU2508,14510.0,72.0,376.0,0.0330351206568609
20250807,RU2509,14550.0,75022.0,53856.0,0.0370561282629185
20250807,RU2510,14595.0,411.0,594.0,0.0
20250807,RU2511,14595.0,8964.0,9946.0,0.3706357410807862
20250807,RU2601,15525.0,313294.0,110799.0,0.0250683315008567
20250807,RU2603,15590.0,676.0,763.0,-0.0038492382046163
20250807,RU2604,15585.0,159.0,128.0,0.0461095668185404
20250807,RU2605,15645.0,5074.0,6271.0,0.0114997613017391
20250807,RU2606,15660.0,1.0,12.0,-0.049912086034685
20250807,RU2607,15595.0,1.0,16.0,0.0
20250808,RU2508,14645.0,67.0,368.0,-0.0574949765176892
20250808,RU2509,14575.0,34738.0,50337.0,0.0246744432377794
20250808,RU2510,14605.0,99.0,592.0,0.0123182217831386
20250808,RU2511,14620.0,3797.0,9955.0,0.3700211058216645
20250808,RU2601,15550.0,231106.0,114297.0,0.0250281126587918
20250808,RU2603,15615.0,195.0,753.0,0.0038418441179758
20250808,RU2604,15620.0,11.0,134.0,0.0191907925116667
20250808,RU2605,15645.0,3987.0,6500.0,-0.0153501779805634
20250808,RU2606,15625.0,4.0,13.0,0.0268499392823024
20250808,RU2607,15660.0,3.0,17.0,0.0
20250811,RU2508,14650.0,5.0,369.0,0.0978931329625458
20250811,RU2509,14770.0,49272.0,44590.0,0.0
20250811,RU2510,14770.0,371.0,543.0,0.0202942717066151
20250811,RU2511,14795.0,5272.0,9888.0,0.3772109361423894
20250811,RU2601,15755.0,350535.0,124913.0,0.020909256072856
20250811,RU2603,15810.0,1266.0,731.0,-0.0075925342615141
20250811,RU2604,15800.0,76.0,103.0,0.0454833140853699
20250811,RU2605,15860.0,9172.0,7007.0,-0.0113546767658139
20250811,RU2606,15845.0,2.0,12.0,0.0905379962863359
20250811,RU2607,15965.0,12.0,23.0,0.0
20250812,RU2508,14730.0,1.0,369.0,0.085236279218954
20250812,RU2509,14835.0,31675.0,40528.0,0.0121273380710815
20250812,RU2510,14850.0,141.0,545.0,0.0201850341958185
20250812,RU2511,14875.0,3638.0,9756.0,0.3847095886500512
20250812,RU2601,15860.0,271400.0,125703.0,0.0132262689363846
20250812,RU2603,15895.0,647.0,440.0,0.0113189758431548
20250812,RU2604,15910.0,47.0,83.0,0.030131842573897
20250812,RU2605,15950.0,5412.0,7173.0,0.0225493332872996
20250812,RU2606,15980.0,3.0,12.0,0.0374883153999958
20250812,RU2607,16030.0,7.0,24.0,0.0
20250813,RU2508,14730.0,0.0,369.0,0.0487805549780351
20250813,RU2509,14790.0,26778.0,37802.0,0.0162162186839874
20250813,RU2510,14810.0,225.0,501.0,-0.0081053701156569
20250813,RU2511,14800.0,3435.0,9839.0,0.3922965555771103
20250813,RU2601,15800.0,276779.0,126193.0,0.0094861679839126
20250813,RU2603,15825.0,545.0,375.0,0.0265109781175443
20250813,RU2604,15860.0,19.0,77.0,0.0
20250813,RU2605,15860.0,7659.0,7235.0,0.0490798230183008
20250813,RU2606,15925.0,9.0,17.0,0.0413728665588182
20250813,RU2607,15980.0,8.0,26.0,0.0
20250814,RU2508,14850.0,1.0,368.0,-0.1750073412583127
20250814,RU2509,14635.0,29307.0,35920.0,0.0245733874267823
20250814,RU2510,14665.0,176.0,486.0,-0.0204743267549859
20250814,RU2511,14640.0,4342.0,9554.0,0.3945268942598346
20250814,RU2601,15635.0,340726.0,127556.0,0.009586197917115
20250814,RU2603,15660.0,258.0,376.0,0.0267899967751186
20250814,RU2604,15695.0,10.0,74.0,0.0038222647241468
20250814,RU2605,15700.0,7345.0,7466.0,0.1141054556283282
20250814,RU2606,15850.0,3.0,19.0,0.0
20250814,RU2607,15850.0,14.0,33.0,0.0
20250815,RU2508,14700.0,1.0,368.0,0.1177873731723893
20250815,RU2509,14845.0,27821.0,33674.0,0.0121191728866784
20250815,RU2510,14860.0,268.0,436.0,0.0201714621375178
20250815,RU2511,14885.0,5485.0,9376.0,0.3976771844002069
20250815,RU2601,15905.0,362630.0,134507.0,0.0056559312907772
20250815,RU2603,15920.0,346.0,364.0,-0.011311862581554
20250815,RU2604,15905.0,22.0,69.0,0.0602070877283691
20250815,RU2605,15985.0,8177.0,7613.0,0.0112552767357182
20250815,RU2606,16000.0,7.0,22.0,0.0262213308640441
20250815,RU2607,16035.0,7.0,30.0,0.0
20250818,RU2509,14785.0,18564.0,31401.0,0.016221698989368
20250818,RU2510,14805.0,67.0,419.0,0.0
20250818,RU2511,14805.0,3258.0,9201.0,0.3978600047157192
20250818,RU2601,15820.0,290847.0,133455.0,0.0132596739048173
20250818,RU2603,15855.0,373.0,351.0,-0.0151467359964908
20250818,RU2604,15835.0,12.0,73.0,0.0604725689214371
20250818,RU2605,15915.0,6310.0,7718.0,0.0863988706488649
20250818,RU2606,16030.0,17.0,17.0,-0.0562764826950566
20250818,RU2607,15955.0,19.0,28.0,0.0525329169183235
20250818,RU2608,16025.0,0.0,0.0,0.0
20250819,RU2509,14880.0,21189.0,29264.0,-0.0040329356790285
20250819,RU2510,14875.0,115.0,424.0,0.008064516432556
20250819,RU2511,14885.0,3117.0,9287.0,0.3863493018660933
20250819,RU2601,15875.0,356368.0,134968.0,0.011327882534113
20250819,RU2603,15905.0,548.0,379.0,0.018847184650197
20250819,RU2604,15930.0,13.0,74.0,0.0225776171964668
20250819,RU2605,15960.0,9277.0,7943.0,0.0262869765578241
20250819,RU2606,15995.0,4.0,15.0,0.014995315915681
20250819,RU2607,16015.0,11.0,27.0,0.0
20250819,RU2608,16015.0,2.0,2.0,0.0
20250820,RU2509,14720.0,26389.0,25982.0,0.0081494060857042
20250820,RU2510,14730.0,323.0,423.0,-0.0203839016229667
20250820,RU2511,14705.0,6121.0,9164.0,0.3832770870781561
20250820,RU2601,15675.0,447952.0,131500.0,0.0172002028924562
20250820,RU2603,15720.0,701.0,376.0,-0.0152768957615771
20250820,RU2604,15700.0,36.0,93.0,0.0609912367615897
20250820,RU2605,15780.0,12671.0,8333.0,-0.0228354017530329
20250820,RU2606,15750.0,8.0,14.0,0.0228354017530327
20250820,RU2607,15780.0,3.0,25.0,0.1361073192472141
20250820,RU2608,15960.0,0.0,2.0,0.0
20250821,RU2509,14720.0,14803.0,24047.0,0.0325644704591559
20250821,RU2510,14760.0,167.0,429.0,-0.0325644704591552
20250821,RU2511,14720.0,2916.0,8921.0,0.3943600422019813
20250821,RU2601,15720.0,273280.0,128027.0,0.0095344053115651
20250821,RU2603,15745.0,471.0,358.0,0.0228426464914661
20250821,RU2604,15775.0,23.0,95.0,0.0303893799640233
20250821,RU2605,15815.0,7901.0,8517.0,0.0907090933402497
20250821,RU2606,15935.0,7.0,20.0,0.0188117298283558
20250821,RU2607,15960.0,1.0,25.0,-0.0376529960636069
20250821,RU2608,15910.0,3.0,4.0,0.0
20250822,RU2509,14670.0,11796.0,23011.0,0.0081771723777503
20250822,RU2510,14680.0,181.0,473.0,0.0
20250822,RU2511,14680.0,3402.0,9644.0,0.3743170346165745
20250822,RU2601,15625.0,292290.0,131207.0,0.0191693453791157
20250822,RU2603,15675.0,368.0,414.0,-0.0114887514759279
20250822,RU2604,15660.0,4.0,96.0,0.049705344286167
20250822,RU2605,15725.0,8479.0,8935.0,-0.0229153475110484
20250822,RU2606,15695.0,18.0,17.0,0.0267303213152358
20250822,RU2607,15730.0,3.0,27.0,0.1591434755025893
20250822,RU2608,15940.0,0.0,4.0,0.0
20250825,RU2509,14900.0,25375.0,21659.0,-0.0080563950659499
20250825,RU2510,14890.0,391.0,481.0,0.0201308552495309
20250825,RU2511,14915.0,4252.0,9395.0,0.3855966434063738
20250825,RU2601,15905.0,355578.0,132930.0,0.0188324071745967
20250825,RU2603,15955.0,507.0,396.0,0.0187881672950623
20250825,RU2604,15980.0,27.0,94.0,0.022507040045936
20250825,RU2605,16010.0,10249.0,8993.0,0.0
20250825,RU2606,16010.0,12.0,13.0,0.0635416529057771
20250825,RU2607,16095.0,28.0,29.0,0.0037272868757488
20250825,RU2608,16100.0,2.0,6.0,0.0
20250826,RU2509,14890.0,18149.0,16213.0,-0.01209474317069
20250826,RU2510,14875.0,651.0,452.0,0.008064516432556
20250826,RU2511,14885.0,3982.0,9313.0,0.3901276395224389
20250826,RU2601,15885.0,381852.0,139114.0,0.0207384338435366
20250826,RU2603,15940.0,230.0,366.0,-0.0075305932813416
20250826,RU2604,15930.0,19.0,94.0,0.0338505160996951
20250826,RU2605,15975.0,12694.0,9557.0,0.0187646637141931
20250826,RU2606,16000.0,2.0,14.0,0.0337026278644687
20250826,RU2607,16045.0,16.0,31.0,0.0634034109035667
20250826,RU2608,16130.0,7.0,9.0,0.0
20250827,RU2509,14805.0,12417.0,13525.0,-0.0202805524019869
20250827,RU2510,14780.0,304.0,386.0,0.0040588534126168
20250827,RU2511,14785.0,3014.0,9363.0,0.3831715867517556
20250827,RU2601,15760.0,359023.0,137392.0,0.0057079439852628
20250827,RU2603,15775.0,139.0,363.0,0.0038028838854169
20250827,RU2604,15780.0,4.0,96.0,0.0493281327018711
20250827,RU2605,15845.0,11224.0,10018.0,0.1055614724270492
20250827,RU2606,15985.0,3.0,14.0,-0.0602070877283674
20250827,RU2607,15905.0,8.0,30.0,0.041424801846664
20250827,RU2608,15960.0,0.0,9.0,0.0
20250828,RU2509,14960.0,7826.0,11770.0,0.012026057462182
20250828,RU2510,14975.0,306.0,410.0,-0.0120260574621817
20250828,RU2511,14960.0,3927.0,9855.0,0.3825919674941389
20250828,RU2601,15945.0,304978.0,139055.0,0.007521154228346
20250828,RU2603,15965.0,145.0,366.0,0.0112693700565981
20250828,RU2604,15980.0,12.0,97.0,0.0412307136838751
20250828,RU2605,16035.0,10030.0,10259.0,-0.011230698058861
20250828,RU2606,16020.0,2.0,14.0,0.0448598653272859
20250828,RU2607,16080.0,11.0,30.0,0.0186422283881023
20250828,RU2608,16105.0,3.0,8.0,0.0
20250829,RU2509,14885.0,7043.0,8121.0,0.0241610819876652
20250829,RU2510,14915.0,393.0,377.0,-0.0281926627411926
20250829,RU2511,14880.0,4919.0,10058.0,0.3826931208105369
20250829,RU2601,15860.0,308746.0,140408.0,0.0094503090886658
20250829,RU2603,15885.0,220.0,371.0,0.0075519196954384
20250829,RU2604,15895.0,10.0,101.0,0.0339249479916362
20250829,RU2605,15940.0,17610.0,10577.0,0.0450845865325481
20250829,RU2606,16000.0,0.0,14.0,-0.0526151798138891
20250829,RU2607,15930.0,1.0,29.0,0.1236544899457719
20250829,RU2608,16095.0,0.0,8.0,0.0
20250901,RU2509,14895.0,3384.0,6841.0,0.032182386033931
20250901,RU2510,14935.0,451.0,425.0,-0.0563759426161459
20250901,RU2511,14865.0,6243.0,9947.0,0.3887445585398459
20250901,RU2601,15860.0,411372.0,140984.0,0.0075614376737266
20250901,RU2603,15880.0,396.0,401.0,0.0414899046037211
20250901,RU2604,15935.0,8.0,103.0,0.0075282311126535
20250901,RU2605,15945.0,25191.0,11114.0,0.015042308456692
20250901,RU2606,15965.0,8.0,21.0,-0.0527307816477522
20250901,RU2607,15895.0,4.0,28.0,0.0940001673293653
20250901,RU2608,16020.0,6.0,10.0,0.0
20250902,RU2509,14930.0,2816.0,5574.0,0.0
20250902,RU2510,14930.0,517.0,494.0,-0.0281643046302406
20250902,RU2511,14895.0,8367.0,9927.0,0.380429690238433
20250902,RU2601,15870.0,475160.0,143220.0,0.0037795276840322
20250902,RU2603,15880.0,442.0,555.0,0.0151038408863532
20250902,RU2604,15900.0,224.0,218.0,0.052714236008824
20250902,RU2605,15970.0,25630.0,11990.0,0.0262705343388643
20250902,RU2606,16005.0,3.0,22.0,0.0523691604222814
20250902,RU2607,16075.0,4.0,29.0,-0.029897243742778
20250902,RU2608,16035.0,0.0,10.0,0.0
20250903,RU2509,14960.0,1262.0,5034.0,0.0040100250999718
20250903,RU2510,14965.0,396.0,547.0,-0.0401606800554045
20250903,RU2511,14915.0,4415.0,9877.0,0.3780470985286053
20250903,RU2601,15885.0,363316.0,147050.0,0.0018882769628707
20250903,RU2603,15890.0,152.0,550.0,0.0414638389607553
20250903,RU2604,15945.0,22.0,218.0,0.015042308456692
20250903,RU2605,15965.0,19535.0,13471.0,0.0711945882224424
20250903,RU2606,16060.0,5.0,26.0,0.0447483427183996
20250903,RU2607,16120.0,0.0,29.0,-0.0597016156813661
20250903,RU2608,16040.0,0.0,10.0,0.0
20250904,RU2509,15005.0,1166.0,4569.0,0.007994670515558
20250904,RU2510,15015.0,420.0,550.0,-0.0199966718494478
20250904,RU2511,14990.0,5060.0,9420.0,0.3762136794429387
20250904,RU2601,15960.0,410708.0,141446.0,-0.0018799937487352
20250904,RU2603,15955.0,424.0,606.0,0.0150328864007013
20250904,RU2604,15975.0,42.0,205.0,0.0262623209402965
20250904,RU2605,16010.0,24988.0,13892.0,-0.0714175952948065
20250904,RU2606,15915.0,2.0,25.0,0.0901412689327462
20250904,RU2607,16035.0,8.0,25.0,0.0485452661435878
20250904,RU2608,16100.0,3.0,12.0,0.0
20250905,RU2509,15355.0,1405.0,4048.0,0.0506905709087718
20250905,RU2510,15420.0,636.0,679.0,-0.0741586357548997
20250905,RU2511,15325.0,11051.0,9514.0,0.3792731600413181
20250905,RU2601,16325.0,555923.0,165865.0,0.0146833967438942
20250905,RU2603,16365.0,741.0,648.0,-0.0440771845423362
20250905,RU2604,16305.0,100.0,232.0,0.0440771845423354
20250905,RU2605,16365.0,34710.0,16043.0,-0.0256920116492411
20250905,RU2606,16330.0,0.0,25.0,0.0330224944673025
20250905,RU2607,16375.0,13.0,30.0,0.0329318700355973
20250905,RU2608,16420.0,5.0,14.0,0.0
20250908,RU2509,15335.0,1518.0,3317.0,-0.0039132561899047
20250908,RU2510,15330.0,271.0,672.0,-0.0352768504910994
20250908,RU2511,15285.0,4173.0,9298.0,0.3710168926611998
20250908,RU2601,16260.0,328026.0,162727.0,-0.0036911720635081
20250908,RU2603,16250.0,364.0,620.0,-0.0110820386512465
20250908,RU2604,16235.0,24.0,233.0,0.0479484270948891
20250908,RU2605,16300.0,22053.0,16487.0,0.0110378667908088
20250908,RU2606,16315.0,4.0,26.0,0.0220453215706788
20250908,RU2607,16345.0,4.0,30.0,0.0256684589849933
20250908,RU2608,16380.0,5.0,16.0,0.0
20250909,RU2509,14960.0,376.0,3186.0,0.0520260944992816
20250909,RU2510,15025.0,399.0,696.0,-0.0400000370370987
20250909,RU2511,14975.0,6938.0,8671.0,0.3746971761633351
20250909,RU2601,15940.0,407418.0,151745.0,-0.0037652966406708
20250909,RU2603,15930.0,342.0,629.0,0.0150564637067572
20250909,RU2604,15950.0,17.0,230.0,0.0263034393714135
20250909,RU2605,15985.0,25343.0,15130.0,0.0112552767357182
20250909,RU2606,16000.0,3.0,25.0,0.0374415280349241
20250909,RU2607,16050.0,13.0,39.0,0.011209715901563
20250909,RU2608,16065.0,5.0,16.0,0.0
20250910,RU2509,14995.0,154.0,3233.0,0.0359580758486554
20250910,RU2510,15040.0,227.0,697.0,-0.0039900249744164
20250910,RU2511,15035.0,5052.0,8184.0,0.3657427433858177
20250910,RU2601,15980.0,239641.0,150595.0,-0.0037558686672453
20250910,RU2603,15970.0,114.0,620.0,0.0337658500104037
20250910,RU2604,16015.0,18.0,221.0,0.0
20250910,RU2605,16015.0,13134.0,15359.0,-0.0037470726299778
20250910,RU2606,16010.0,5.0,24.0,0.0896083815419307
20250910,RU2607,16130.0,4.0,37.0,-0.0634034109035675
20250910,RU2608,16045.0,5.0,16.0,0.0
20250911,RU2509,14820.0,39.0,3209.0,0.1328649708082293
20250911,RU2510,14985.0,363.0,710.0,0.0
20250911,RU2511,14985.0,3118.0,7822.0,0.3575029465948851
20250911,RU2601,15905.0,281078.0,150967.0,-0.0018864958495295
20250911,RU2603,15900.0,169.0,606.0,-0.0529468239991807
20250911,RU2604,15830.0,10.0,224.0,0.086861118829203
20250911,RU2605,15945.0,18937.0,15611.0,-0.0339142948300209
20250911,RU2606,15900.0,8.0,20.0,0.0752353561631447
20250911,RU2607,16000.0,11.0,40.0,0.022478932580165
20250911,RU2608,16030.0,7.0,18.0,0.0
20250912,RU2509,14810.0,111.0,3174.0,0.0847774762440524
20250912,RU2510,14915.0,435.0,650.0,-0.0201308552495301
20250912,RU2511,14890.0,4377.0,7947.0,0.3635106938615416
20250912,RU2601,15820.0,284383.0,147024.0,-0.0037938667087628
20250912,RU2603,15810.0,142.0,609.0,-0.0075925342615141
20250912,RU2604,15800.0,16.0,223.0,0.0303413562403042
20250912,RU2605,15840.0,18394.0,15958.0,0.0642217808633661
20250912,RU2606,15925.0,0.0,20.0,0.0037670695647605
20250912,RU2607,15930.0,16.0,41.0,0.0300940596595672
20250912,RU2608,15970.0,0.0,18.0,0.0
20250915,RU2509,14940.0,1.0,3174.0,0.1079467549029334
20250915,RU2510,15075.0,402.0,668.0,-0.0239043903748864
20250915,RU2511,15045.0,3725.0,7889.0,0.3673827799168372
20250915,RU2601,15995.0,265069.0,147594.0,-0.0037523453380591
20250915,RU2603,15985.0,206.0,607.0,-0.0037541060841141
20250915,RU2604,15980.0,80.0,224.0,0.0150093828198321
20250915,RU2605,16000.0,15455.0,16825.0,-0.0752353561631444
20250915,RU2606,15900.0,7.0,22.0,-0.0340104148305029
20250915,RU2607,15855.0,2.0,42.0,0.1578970149301344
20250915,RU2608,16065.0,0.0,18.0,0.0
20250916,RU2510,15185.0,492.0,669.0,-0.0872442706135558
20250916,RU2511,15075.0,4123.0,7334.0,0.3722871589507153
20250916,RU2601,16040.0,301211.0,148333.0,-0.0224859726014392
20250916,RU2603,15980.0,197.0,604.0,0.0
20250916,RU2604,15980.0,57.0,216.0,0.0187587970043733
20250916,RU2605,16005.0,14769.0,17447.0,0.0
20250916,RU2606,16005.0,9.0,21.0,-0.0676693522532431
20250916,RU2607,15915.0,0.0,42.0,0.1312308032428272
20250916,RU2608,16090.0,9.0,18.0,-0.007460367041658
20250916,RU2609,16080.0,22.0,13.0,0.0
20250917,RU2510,14955.0,536.0,711.0,-0.0040127069425915
20250917,RU2511,14950.0,3553.0,6968.0,0.3620949358937649
20250917,RU2601,15880.0,270043.0,146808.0,-0.0056701847029843
20250917,RU2603,15865.0,266.0,533.0,-0.0189244637865487
20250917,RU2604,15840.0,27.0,218.0,0.0189244637865496
20250917,RU2605,15865.0,13021.0,17716.0,0.0377596283867662
20250917,RU2606,15915.0,10.0,26.0,-0.0113154180944441
20250917,RU2607,15900.0,4.0,40.0,0.0037729916990584
20250917,RU2608,15905.0,2.0,17.0,0.0
20250917,RU2609,15905.0,14.0,19.0,0.0
20250918,RU2510,14675.0,759.0,814.0,-0.0122720310678562
20250918,RU2511,14660.0,4947.0,6889.0,0.3613397363244092
20250918,RU2601,15570.0,435851.0,159271.0,0.0096261852831575
20250918,RU2603,15595.0,662.0,485.0,-0.0501205547900507
20250918,RU2604,15530.0,29.0,213.0,0.019301918268056
20250918,RU2605,15555.0,24046.0,19539.0,0.0730654396387429
20250918,RU2606,15650.0,38.0,31.0,-0.0038344783838008
20250918,RU2607,15645.0,5.0,41.0,0.0268156536169963
20250918,RU2608,15680.0,7.0,15.0,-0.0613812080012445
20250918,RU2609,15600.0,322.0,278.0,0.0
20250919,RU2510,14660.0,554.0,869.0,-0.0122845941457032
20250919,RU2511,14645.0,2435.0,6992.0,0.3539793753918834
20250919,RU2601,15535.0,264433.0,159362.0,-0.0057961685396282
20250919,RU2603,15520.0,236.0,509.0,0.0
20250919,RU2604,15520.0,95.0,189.0,0.007729468866276
20250919,RU2605,15530.0,15141.0,20376.0,0.0462725509090742
20250919,RU2606,15590.0,8.0,29.0,-0.0192585501133637
20250919,RU2607,15565.0,4.0,42.0,0.046168700746725
20250919,RU2608,15625.0,5.0,16.0,-0.0577386839666649
20250919,RU2609,15550.0,26.0,285.0,0.0
20251027,RU2511,14585.0,1776.0,2449.0,0.0072677408296194
20251027,RU2601,15380.0,169306.0,143704.0,0.0136540962288682
20251027,RU2603,15415.0,216.0,701.0,0.003892312682451
20251027,RU2604,15420.0,12.0,114.0,0.0194552529182878
20251027,RU2605,15445.0,20773.0,40251.0,-0.0038847523470373
20251027,RU2606,15440.0,10.0,25.0,0.0038860103626943
20251027,RU2607,15445.0,427.0,93.0,0.0621560375526053
20251027,RU2608,15525.0,4.0,27.0,-0.0115942028985505
20251027,RU2609,15510.0,298.0,1954.0,-0.0232108317214705
20251027,RU2610,15480.0,0.0,3.0,0.0
20251028,RU2511,14600.0,1170.0,1987.0,0.0069406392694063
20251028,RU2601,15360.0,230415.0,144081.0,0.0136718749999995
20251028,RU2603,15395.0,424.0,724.0,0.0584605391360844
20251028,RU2604,15470.0,10.0,114.0,-0.0349062702003877
20251028,RU2605,15425.0,23461.0,41313.0,0.0505672609400313
20251028,RU2606,15490.0,8.0,28.0,-0.0077469335054871
20251028,RU2607,15480.0,181.0,101.0,-0.0038759689922485
20251028,RU2608,15475.0,3.0,28.0,0.0038772213247169
20251028,RU2609,15480.0,347.0,2065.0,0.0271317829457355
20251028,RU2610,15515.0,2.0,4.0,0.0
20251029,RU2511,14855.0,1482.0,1577.0,0.0069112532256254
20251029,RU2601,15625.0,342256.0,146189.0,0.0134400000000001
20251029,RU2603,15660.0,1039.0,763.0,0.007662835249043
20251029,RU2604,15670.0,20.0,121.0,0.0268028079132109
20251029,RU2605,15705.0,43669.0,43684.0,0.0
20251029,RU2606,15705.0,20.0,25.0,0.0191021967526276
20251029,RU2607,15730.0,95.0,101.0,-0.2174189446916714
20251029,RU2608,15445.0,9.0,32.0,0.2525089025574614
20251029,RU2609,15770.0,1756.0,3056.0,-0.0114140773620801
20251029,RU2610,15755.0,5.0,7.0,0.0
20251030,RU2511,14695.0,657.0,1334.0,0.0063967335828513
20251030,RU2601,15400.0,232987.0,144722.0,0.023376623376623
20251030,RU2603,15460.0,659.0,854.0,0.0232858990944375
20251030,RU2604,15490.0,117.0,186.0,0.0
20251030,RU2605,15490.0,34801.0,44609.0,0.0503550677856692
20251030,RU2606,15555.0,15.0,22.0,0.0
20251030,RU2607,15555.0,59.0,108.0,0.0385728061716479
20251030,RU2608,15605.0,4.0,32.0,-0.0422941364947133
20251030,RU2609,15550.0,880.0,3153.0,0.0308681672025725
20251030,RU2610,15590.0,4.0,10.0,0.0
20251031,RU2511,14390.0,610.0,1082.0,0.0064396571693305
20251031,RU2601,15085.0,320571.0,140654.0,0.0198873052701364
20251031,RU2603,15135.0,991.0,888.0,-0.0237859266600599
20251031,RU2604,15105.0,29.0,188.0,0.0397219463753719
20251031,RU2605,15155.0,49561.0,43175.0,0.0039590894094363
20251031,RU2606,15160.0,14.0,20.0,0.0277044854881278
20251031,RU2607,15195.0,142.0,114.0,0.0473840078973353
20251031,RU2608,15255.0,12.0,30.0,-0.0235988200589964
20251031,RU2609,15225.0,2621.0,3776.0,0.0078817733990153
20251031,RU2610,15235.0,10.0,15.0,0.0
20251103,RU2511,14445.0,109.0,1047.0,0.0059997692396446
20251103,RU2601,15095.0,205944.0,138793.0,0.0218615435574691
20251103,RU2603,15150.0,402.0,868.0,-0.0158415841584163
20251103,RU2604,15130.0,43.0,196.0,0.0436219431592874
20251103,RU2605,15185.0,29986.0,44378.0,0.0
20251103,RU2606,15185.0,9.0,16.0,0.0197563384919341
20251103,RU2607,15210.0,193.0,145.0,0.0315581854043385
20251103,RU2608,15250.0,5.0,31.0,-0.007868852459016
20251103,RU2609,15240.0,1328.0,3655.0,0.0393700787401565
20251103,RU2610,15290.0,5.0,15.0,0.0
20251104,RU2511,14175.0,147.0,966.0,0.0065843621399176
20251104,RU2601,14875.0,213300.0,140178.0,0.014117647058824
20251104,RU2603,14910.0,746.0,1033.0,0.008048289738431
20251104,RU2604,14920.0,131.0,185.0,0.032171581769437
20251104,RU2605,14960.0,33792.0,46779.0,0.024064171122994
20251104,RU2606,14990.0,8.0,20.0,-0.0040026684456306
20251104,RU2607,14985.0,215.0,156.0,-0.0320320320320326
20251104,RU2608,14945.0,7.0,29.0,0.0682502509200402
20251104,RU2609,15030.0,3044.0,4620.0,-0.0239520958083838
20251104,RU2610,15000.0,14.0,22.0,0.0
20251105,RU2511,14265.0,143.0,937.0,0.0054679284963196
20251105,RU2601,14850.0,183745.0,142079.0,0.0202020202020207
20251105,RU2603,14900.0,1017.0,1059.0,0.0241610738255042
20251105,RU2604,14930.0,31.0,185.0,0.012056262558608
20251105,RU2605,14945.0,30619.0,47569.0,0.0120441619270659
20251105,RU2606,14960.0,21.0,26.0,0.012032085561497
20251105,RU2607,14975.0,119.0,151.0,-0.012020033388981
20251105,RU2608,14960.0,3.0,30.0,0.0320855614973263
20251105,RU2609,15000.0,1065.0,4754.0,0.0160000000000009
20251105,RU2610,15020.0,6.0,20.0,0.0
20251106,RU2511,14490.0,91.0,900.0,0.0051069703243616
20251106,RU2601,15045.0,204652.0,141561.0,0.0159521435692919
20251106,RU2603,15085.0,562.0,1043.0,0.0397746105402729
20251106,RU2604,15135.0,12.0,183.0,-0.0118929633300299
20251106,RU2605,15120.0,32705.0,49202.0,0.0039682539682548
20251106,RU2606,15125.0,26.0,21.0,0.027768595041322
20251106,RU2607,15160.0,127.0,144.0,0.0158311345646433
20251106,RU2608,15180.0,8.0,32.0,0.00395256916996
20251106,RU2609,15185.0,1850.0,5063.0,0.0474152123806392
20251106,RU2610,15245.0,3.0,20.0,0.0
20251107,RU2511,14445.0,15.0,889.0,0.0050767278181608
20251107,RU2601,14995.0,148265.0,141035.0,0.0280093364454816
20251107,RU2603,15065.0,581.0,1077.0,0.047792897444407
20251107,RU2604,15125.0,15.0,180.0,-0.0436363636363639
20251107,RU2605,15070.0,20989.0,49753.0,0.0278699402787001
20251107,RU2606,15105.0,3.0,23.0,0.0278053624627601
20251107,RU2607,15140.0,104.0,155.0,-0.0594451783355354
20251107,RU2608,15065.0,0.0,32.0,0.0358446730833046
20251107,RU2609,15110.0,815.0,5156.0,0.0595632031767037
20251107,RU2610,15185.0,1.0,21.0,0.0
20251110,RU2511,14290.0,215.0,801.0,0.0076510380219267
20251110,RU2601,15110.0,181938.0,140848.0,0.0119126406353404
20251110,RU2603,15140.0,1002.0,952.0,0.0237780713342141
20251110,RU2604,15170.0,19.0,176.0,0.0118655240606466
20251110,RU2605,15185.0,27024.0,49991.0,-0.0474152123806392
20251110,RU2606,15125.0,24.0,24.0,0.0793388429752068
20251110,RU2607,15225.0,51.0,158.0,-0.0157635467980292
20251110,RU2608,15205.0,13.0,27.0,0.0078921407431771
20251110,RU2609,15215.0,1691.0,5159.0,0.0197173841603683
20251110,RU2610,15240.0,6.0,23.0,0.0
20251111,RU2511,14365.0,20.0,811.0,0.0067757280426963
20251111,RU2601,15095.0,186759.0,140397.0,0.0158993044054316
20251111,RU2603,15135.0,475.0,949.0,0.0277502477700704
20251111,RU2604,15170.0,21.0,166.0,-0.0039551746868822
20251111,RU2605,15165.0,26555.0,50519.0,0.0118694362017803
20251111,RU2606,15180.0,10.0,28.0,0.0197628458498027
20251111,RU2607,15205.0,39.0,156.0,0.0157842814863542
20251111,RU2608,15225.0,6.0,32.0,-0.0118226600985216
20251111,RU2609,15210.0,1802.0,5267.0,0.0276134122287965
20251111,RU2610,15245.0,9.0,27.0,0.0
20251112,RU2511,14600.0,24.0,806.0,0.005662100456621
20251112,RU2601,15220.0,165191.0,136995.0,0.0137976346911963
20251112,RU2603,15255.0,513.0,930.0,0.0196656833824988
20251112,RU2604,15280.0,12.0,165.0,0.015706806282723
20251112,RU2605,15300.0,24136.0,52255.0,-0.0509803921568625
20251112,RU2606,15235.0,5.0,27.0,0.0708893994092543
20251112,RU2607,15325.0,47.0,155.0,-0.0665579119086459
20251112,RU2608,15240.0,2.0,34.0,0.0905511811023629
20251112,RU2609,15355.0,1935.0,5183.0,-0.015630087919245
20251112,RU2610,15335.0,44.0,44.0,0.0
20251113,RU2511,14750.0,34.0,785.0,0.0057853107344632
20251113,RU2601,15390.0,208817.0,133047.0,0.0175438596491233
20251113,RU2603,15435.0,645.0,943.0,0.0233236151603506
20251113,RU2604,15465.0,18.0,159.0,0.0077594568380208
20251113,RU2605,15475.0,34947.0,54670.0,-0.0193861066235858
20251113,RU2606,15450.0,8.0,29.0,0.0388349514563115
20251113,RU2607,15500.0,58.0,155.0,0.0
20251113,RU2608,15500.0,8.0,30.0,0.0116129032258065
20251113,RU2609,15515.0,1954.0,5398.0,-0.0038672252658722
20251113,RU2610,15510.0,7.0,47.0,0.0
20251114,RU2511,14600.0,141.0,654.0,0.0056164383561643
20251114,RU2601,15215.0,176802.0,129983.0,0.0197173841603683
20251114,RU2603,15265.0,320.0,906.0,0.0196528005240734
20251114,RU2604,15290.0,10.0,160.0,0.0078482668410737
20251114,RU2605,15300.0,29961.0,55067.0,0.0862745098039212
20251114,RU2606,15410.0,1.0,28.0,-0.0389357560025951
20251114,RU2607,15360.0,46.0,149.0,-0.01171875
20251114,RU2608,15345.0,0.0,30.0,0.0039100684261983
20251114,RU2609,15350.0,1623.0,5513.0,0.019543973941368
20251114,RU2610,15375.0,8.0,42.0,0.0
20251117,RU2511,14600.0,0.0,654.0,0.006529680365296789
20251117,RU2601,15315.0,206331.0,126129.0,0.013712047012733208
20251117,RU2603,15350.0,310.0,883.0,-0.03517915309446229
20251117,RU2604,15305.0,79.0,145.0,0.06272459980398626
20251117,RU2605,15385.0,36239.0,56059.0,0.019499512512187067
20251117,RU2606,15410.0,9.0,29.0,0.0
20251117,RU2607,15410.0,93.0,149.0,-0.011680726800778807
20251117,RU2608,15395.0,6.0,29.0,0.04287106203312785
20251117,RU2609,15450.0,1737.0,5642.0,-0.07766990291262177
20251117,RU2610,15350.0,2.0,41.0,0.0
20251118,RU2601,15295.0,172213.0,124031.0,0.025498528931023223
20251118,RU2603,15360.0,444.0,858.0,-0.01171875
20251118,RU2604,15345.0,12.0,143.0,0.03128054740957875
20251118,RU2605,15385.0,28139.0,56819.0,0.011699707507313306
20251118,RU2606,15400.0,3.0,30.0,0.007792207792206796
20251118,RU2607,15410.0,51.0,144.0,0.06619078520441146
20251118,RU2608,15495.0,3.0,30.0,-0.046466602129719536
20251118,RU2609,15435.0,1259.0,5761.0,-0.04275996112730862
20251118,RU2610,15380.0,2.0,40.0,0.13263979193758235
20251118,RU2611,15550.0,2.0,2.0,0.0
20251119,RU2601,15440.0,236458.0,126127.0,0.01943005181347157
20251119,RU2603,15490.0,673.0,897.0,0.01936733376371791
20251119,RU2604,15515.0,63.0,136.0,0.007734450531744486
20251119,RU2605,15525.0,45368.0,59762.0,-0.042512077294685646
20251119,RU2606,15470.0,80.0,72.0,0.06205559146735595
20251119,RU2607,15550.0,160.0,194.0,0.0038585209003212384
20251119,RU2608,15555.0,4.0,31.0,0.0192864030858253
20251119,RU2609,15580.0,2113.0,6063.0,-0.04621309370988458
20251119,RU2610,15520.0,1.0,39.0,0.0347938144329909
20251119,RU2611,15565.0,9.0,7.0,0.0
20251120,RU2601,15250.0,213312.0,123127.0,0.02557377049180376
20251120,RU2603,15315.0,595.0,899.0,0.019588638589617346
20251120,RU2604,15340.0,50.0,143.0,0.0
20251120,RU2605,15340.0,40679.0,59659.0,-0.0039113428943933215
20251120,RU2606,15335.0,18.0,71.0,0.04695141832409533
20251120,RU2607,15395.0,161.0,201.0,0.09743423189347311
20251120,RU2608,15520.0,2.0,31.0,-0.10051546391752542
20251120,RU2609,15390.0,2217.0,6251.0,0.10136452241715332
20251120,RU2610,15520.0,0.0,39.0,-0.02319587628865971
20251120,RU2611,15490.0,0.0,7.0,0.0
20251121,RU2601,15240.0,405214.0,113795.0,0.01968503937007826
20251121,RU2603,15290.0,1593.0,943.0,0.039241334205363465
20251121,RU2604,15340.0,60.0,135.0,-0.01564537157757462
20251121,RU2605,15320.0,87136.0,62695.0,0.0
20251121,RU2606,15320.0,83.0,35.0,0.0078328981723228
20251121,RU2607,15330.0,155.0,186.0,0.0
20251121,RU2608,15330.0,3.0,32.0,0.023483365949118706
20251121,RU2609,15360.0,3593.0,6767.0,0.019531250000000888
20251121,RU2610,15385.0,26.0,36.0,0.05459863503412432
20251121,RU2611,15455.0,5.0,8.0,0.0
20251124,RU2601,15320.0,269669.0,109679.0,0.011749347258485532
20251124,RU2603,15350.0,1650.0,1104.0,0.07035830618892458
20251124,RU2604,15440.0,40.0,132.0,-0.03497409326424883
20251124,RU2605,15395.0,65148.0,64710.0,0.050665800584606124
20251124,RU2606,15460.0,33.0,23.0,-0.03104786545925009
20251124,RU2607,15420.0,234.0,144.0,0.027237354085603016
20251124,RU2608,15455.0,11.0,30.0,-0.015528955030734704
20251124,RU2609,15435.0,4445.0,7626.0,-0.12827988338192453
20251124,RU2610,15270.0,2.0,36.0,0.14931237721021695
20251124,RU2611,15460.0,0.0,8.0,0.0
20251125,RU2601,15125.0,247957.0,106587.0,0.013884297520661004
20251125,RU2603,15160.0,2503.0,1326.0,0.00791556728232301
20251125,RU2604,15170.0,27.0,136.0,0.02373104812129334
20251125,RU2605,15200.0,61651.0,68998.0,0.03947368421052744
20251125,RU2606,15250.0,0.0,23.0,-0.027540983606556768
20251125,RU2607,15215.0,143.0,155.0,0.07098258297732407
20251125,RU2608,15305.0,1.0,30.0,-0.058804312316236285
20251125,RU2609,15230.0,3702.0,8313.0,0.047275114904792304
20251125,RU2610,15290.0,0.0,36.0,-0.019620667102681733
20251125,RU2611,15265.0,0.0,8.0,0.0
20251126,RU2601,15195.0,254723.0,99431.0,0.009871668311945303
20251126,RU2603,15220.0,3590.0,1627.0,0.0118265440210239
20251126,RU2604,15235.0,21.0,133.0,0.01575319986872259
20251126,RU2605,15255.0,70471.0,76920.0,-0.003933136676498972
20251126,RU2606,15250.0,10.0,27.0,0.0275409836065581
20251126,RU2607,15285.0,45.0,158.0,-0.019627085377821096
20251126,RU2608,15260.0,3.0,27.0,0.023591087811271727
20251126,RU2609,15290.0,5040.0,8742.0,0.023544800523218612
20251126,RU2610,15320.0,5.0,36.0,-0.0039164490861614
20251126,RU2611,15315.0,1.0,8.0,0.0
20251127,RU2601,15280.0,173395.0,89564.0,0.003926701570680091
20251127,RU2603,15290.0,3012.0,1747.0,0.0196206671026804
20251127,RU2604,15315.0,14.0,133.0,0.01175318315377094
20251127,RU2605,15330.0,63310.0,82648.0,-0.003913894324853562
20251127,RU2606,15325.0,6.0,24.0,0.011745513866232571
20251127,RU2607,15340.0,59.0,168.0,-0.03129074315515057
20251127,RU2608,15300.0,1.0,27.0,0.0470588235294116
20251127,RU2609,15360.0,4399.0,9887.0,0.0234375
20251127,RU2610,15390.0,2.0,35.0,-0.05847953216374302
20251127,RU2611,15315.0,0.0,8.0,0.0
20251128,RU2601,15410.0,291151.0,79595.0,-0.009733939000648784
20251128,RU2603,15385.0,2077.0,1694.0,0.035099122521937254
20251128,RU2604,15430.0,173.0,113.0,0.011665586519765903
20251128,RU2605,15445.0,109232.0,92047.0,-0.031078018776302674
20251128,RU2606,15405.0,5.0,25.0,0.050632911392404445
20251128,RU2607,15470.0,83.0,170.0,0.019392372333548735
20251128,RU2608,15495.0,4.0,28.0,-0.023233301064859102
20251128,RU2609,15465.0,7326.0,11315.0,-0.0038797284190104087
20251128,RU2610,15460.0,0.0,35.0,0.046571798188875135
20251128,RU2611,15520.0,6.0,9.0,0.0
20251201,RU2601,15250.0,225606.0,66940.0,0.003934426229508681
20251201,RU2603,15260.0,2161.0,1859.0,0.0
20251201,RU2604,15260.0,177.0,138.0,0.0
20251201,RU2605,15260.0,126550.0,100860.0,0.019659239842725107
20251201,RU2606,15285.0,67.0,28.0,-0.011776251226693457
20251201,RU2607,15270.0,108.0,178.0,0.09823182711198442
20251201,RU2608,15395.0,1.0,28.0,-0.09353686261773264
20251201,RU2609,15275.0,6318.0,10787.0,-0.01571194762684147
20251201,RU2610,15255.0,2.0,35.0,0.011799410029498247
20251201,RU2611,15270.0,8.0,12.0,0.0
20251202,RU2601,15360.0,140290.0,62962.0,-0.003906249999999778
20251202,RU2603,15350.0,2240.0,1639.0,0.027361563517915855
20251202,RU2604,15385.0,98.0,149.0,-0.011699707507311974
20251202,RU2605,15370.0,96293.0,104533.0,-0.023422251138581096
20251202,RU2606,15340.0,12.0,30.0,0.039113428943938544
20251202,RU2607,15390.0,174.0,164.0,0.003898635477583845
20251202,RU2608,15395.0,0.0,28.0,0.0
20251202,RU2609,15395.0,3510.0,11395.0,-0.0038973692757391376
20251202,RU2610,15390.0,2.0,36.0,0.01169590643274887
20251202,RU2611,15405.0,7.0,10.0,0.0
20251203,RU2601,15210.0,101901.0,58055.0,-0.00591715976331364
20251203,RU2603,15195.0,1341.0,1728.0,-0.003948667324778388
20251203,RU2604,15190.0,34.0,139.0,0.0
20251203,RU2605,15190.0,109256.0,107670.0,0.05134957208689972
20251203,RU2606,15255.0,9.0,30.0,-0.035398230088496074
20251203,RU2607,15210.0,102.0,168.0,0.11439842209073081
20251203,RU2608,15355.0,0.0,28.0,-0.10550309345490128
20251203,RU2609,15220.0,3305.0,11532.0,0.007884362680684376
20251203,RU2610,15230.0,1.0,35.0,0.0433355219960605
20251203,RU2611,15285.0,6.0,14.0,0.0
20251204,RU2601,15090.0,87724.0,48617.0,-0.01391650099403563
20251204,RU2603,15055.0,2052.0,2075.0,0.0
20251204,RU2604,15055.0,55.0,129.0,-0.011956160743938682
20251204,RU2605,15040.0,233647.0,123975.0,0.011968085106382809
20251204,RU2606,15055.0,14.0,31.0,0.015941547658585797
20251204,RU2607,15075.0,130.0,185.0,-0.01592039800995071
20251204,RU2608,15055.0,4.0,27.0,0.011956160743938682
20251204,RU2609,15070.0,6023.0,12457.0,-0.01990710019907116
20251204,RU2610,15045.0,1.0,36.0,0.04785643070787593
20251204,RU2611,15105.0,9.0,17.0,0.0
20251205,RU2601,15095.0,38722.0,45124.0,-0.007949652202715818
20251205,RU2603,15075.0,676.0,2064.0,-0.011940298507462366
20251205,RU2604,15060.0,17.0,126.0,0.003984063745019917
20251205,RU2605,15065.0,138085.0,122770.0,0.015930965814803244
20251205,RU2606,15085.0,9.0,30.0,-0.007954922108054596
20251205,RU2607,15075.0,62.0,182.0,0.01592039800995071
20251205,RU2608,15095.0,1.0,26.0,-0.007949652202715818
20251205,RU2609,15085.0,3157.0,12634.0,0.027842227378189754
20251205,RU2610,15120.0,1.0,37.0,0.0
20251205,RU2611,15120.0,3.0,18.0,0.0
20251208,RU2601,15090.0,37854.0,41535.0,-0.011928429423459397
20251208,RU2603,15060.0,1654.0,1819.0,0.06374501992031867
20251208,RU2604,15140.0,16.0,126.0,-0.05944517833553542
20251208,RU2605,15065.0,200106.0,123959.0,0.023896448722204866
20251208,RU2606,15095.0,0.0,30.0,0.015899304405431636
20251208,RU2607,15115.0,118.0,166.0,-0.015878266622559867
20251208,RU2608,15095.0,0.0,26.0,0.015899304405431636
20251208,RU2609,15115.0,4316.0,12653.0,0.0238173999338418
20251208,RU2610,15145.0,2.0,38.0,-0.01188511059755637
20251208,RU2611,15130.0,1.0,18.0,0.0
20251209,RU2601,15035.0,34296.0,38694.0,-0.0019953441968740826
20251209,RU2603,15030.0,1722.0,1894.0,-0.06786427145708629
20251209,RU2604,14945.0,43.0,132.0,0.03211776513884246
20251209,RU2605,14985.0,235164.0,127685.0,0.05205205205205221
20251209,RU2606,15050.0,0.0,30.0,-0.03189368770764167
20251209,RU2607,15010.0,117.0,187.0,-0.007994670219853894
20251209,RU2608,15000.0,4.0,30.0,0.020000000000000462
20251209,RU2609,15025.0,3906.0,12827.0,0.0638935108153067
20251209,RU2610,15105.0,1.0,37.0,-0.015888778550149585
20251209,RU2611,15085.0,14.0,22.0,0.0
20251210,RU2601,15220.0,39958.0,33783.0,-0.001971090670171094
20251210,RU2603,15215.0,1887.0,1783.0,0.04337824515280886
20251210,RU2604,15270.0,27.0,131.0,-0.04322200392927256
20251210,RU2605,15215.0,294644.0,126049.0,0.0473217219848836
20251210,RU2606,15275.0,2.0,30.0,-0.019639934533551173
20251210,RU2607,15250.0,170.0,184.0,-0.07475409836065561
20251210,RU2608,15155.0,1.0,30.0,0.06334543055097352
20251210,RU2609,15235.0,8660.0,13771.0,0.07088939940925432
20251210,RU2610,15325.0,2.0,38.0,-0.043066884176182096
20251210,RU2611,15270.0,25.0,29.0,0.0
20251211,RU2601,15205.0,24031.0,32323.0,0.005919105557382842
20251211,RU2603,15220.0,2532.0,1822.0,-0.03942181340341655
20251211,RU2604,15170.0,53.0,142.0,0.01186552406064667
20251211,RU2605,15185.0,210015.0,124546.0,0.007902535396773658
20251211,RU2606,15195.0,10.0,30.0,0.007897334649556775
20251211,RU2607,15205.0,1033.0,491.0,0.03551463334429439
20251211,RU2608,15250.0,2.0,31.0,-0.05114754098360619
20251211,RU2609,15185.0,6160.0,14601.0,-0.003951267698386829
20251211,RU2610,15180.0,1.0,38.0,-0.007905138339921347
20251211,RU2611,15170.0,16.0,29.0,0.0
20251212,RU2601,15245.0,19160.0,30874.0,0.0
20251212,RU2603,15245.0,1330.0,1599.0,0.0
20251212,RU2604,15245.0,145.0,208.0,-0.011807149885207924
20251212,RU2605,15230.0,202560.0,128402.0,0.019697964543664348
20251212,RU2606,15255.0,9.0,33.0,-0.01573254670599855
20251212,RU2607,15235.0,312.0,419.0,-0.05119789957335108
20251212,RU2608,15170.0,1.0,31.0,0.0276862228081729
20251212,RU2609,15205.0,4611.0,15007.0,0.023676422229528704
20251212,RU2610,15235.0,4.0,38.0,0.011814899901541942
20251212,RU2611,15250.0,5.0,30.0,0.0
20251215,RU2601,15225.0,26652.0,29131.0,0.0019704433497538254
20251215,RU2603,15230.0,992.0,1684.0,0.10242941562705088
20251215,RU2604,15360.0,8.0,203.0,-0.12499999999999956
20251215,RU2605,15200.0,319623.0,131752.0,0.04736842105263239
20251215,RU2606,15260.0,15.0,33.0,-0.03538663171690759
20251215,RU2607,15215.0,700.0,397.0,0.02366086099244047
20251215,RU2608,15245.0,3.0,32.0,-0.05116431616923611
20251215,RU2609,15180.0,6418.0,15206.0,0.0395256916996054
20251215,RU2610,15230.0,3.0,41.0,0.07091267235718846
20251215,RU2611,15320.0,9.0,35.0,0.0
20251216,RU2601,15195.0,14967.0,27930.0,0.0019743336623885277
20251216,RU2603,15200.0,850.0,1935.0,-0.039473684210526105
20251216,RU2604,15150.0,3.0,205.0,0.015841584158414967
20251216,RU2605,15170.0,206027.0,132080.0,-0.0039551746868822235
20251216,RU2606,15165.0,6.0,35.0,0.0039564787339259055
20251216,RU2607,15170.0,370.0,501.0,0.019775873434411118
20251216,RU2608,15195.0,0.0,32.0,-0.03553800592300149
20251216,RU2609,15150.0,4250.0,15432.0,0.0
20251216,RU2610,15150.0,1.0,41.0,-0.003960396039604408
20251216,RU2611,15145.0,15.0,34.0,0.0
20251217,RU2601,15390.0,22381.0,25167.0,-0.007797270955165692
20251217,RU2603,15370.0,2291.0,1696.0,0.007807417046193699
20251217,RU2604,15380.0,38.0,204.0,0.007802340702211197
20251217,RU2605,15390.0,300240.0,146495.0,0.0077972709551650254
20251217,RU2606,15400.0,13.0,39.0,-0.003896103896103398
20251217,RU2607,15395.0,1195.0,317.0,0.007794738551478275
20251217,RU2608,15405.0,7.0,31.0,-0.035053554040895385
20251217,RU2609,15360.0,10289.0,16376.0,0.0
20251217,RU2610,15360.0,0.0,41.0,0.0
20251217,RU2611,15360.0,6.0,34.0,0.0
20251218,RU2601,15335.0,19213.0,23354.0,-0.015650472774698665
20251218,RU2603,15295.0,2639.0,1851.0,0.011768551814317796
20251218,RU2604,15310.0,145.0,230.0,0.007838014369692559
20251218,RU2605,15320.0,288728.0,146623.0,-0.007832898172324132
20251218,RU2606,15310.0,12.0,40.0,0.003919007184846279
20251218,RU2607,15315.0,229.0,323.0,0.027424094025466417
20251218,RU2608,15350.0,2.0,31.0,-0.031270358306188406
20251218,RU2609,15310.0,7889.0,17501.0,0.06662312214238941
20251218,RU2610,15395.0,2.0,42.0,-0.04287106203312785
20251218,RU2611,15340.0,14.0,37.0,0.0
20251219,RU2601,15225.0,15028.0,22353.0,-0.013793103448276112
20251219,RU2603,15190.0,1841.0,1896.0,-0.003949967083608286
20251219,RU2604,15185.0,75.0,217.0,0.003951267698386829
20251219,RU2605,15190.0,232441.0,145655.0,-0.003949967083608286
20251219,RU2606,15185.0,3.0,38.0,-0.011853803095159154
20251219,RU2607,15170.0,212.0,273.0,0.03955174686881957
20251219,RU2608,15220.0,0.0,31.0,-0.03942181340341655
20251219,RU2609,15170.0,8591.0,17785.0,-0.0039551746868822235
20251219,RU2610,15165.0,2.0,41.0,-0.007912957467853143
20251219,RU2611,15155.0,34.0,45.0,0.0
20251222,RU2601,15225.0,14712.0,21217.0,-0.0019704433497538254
20251222,RU2603,15220.0,862.0,1957.0,-0.03942181340341655
20251222,RU2604,15170.0,42.0,225.0,0.0276862228081729
20251222,RU2605,15205.0,229623.0,147758.0,-0.03946070371588295
20251222,RU2606,15155.0,33.0,41.0,0.00791817881887269
20251222,RU2607,15165.0,4736.0,517.0,0.023738872403560762
20251222,RU2608,15195.0,7.0,29.0,-0.015794669299110886
20251222,RU2609,15175.0,8119.0,18117.0,-0.003953871499176476
20251222,RU2610,15170.0,0.0,41.0,0.0
20251222,RU2611,15170.0,10.0,45.0,0.0
20251223,RU2601,15325.0,13218.0,19691.0,-0.011745513866231905
20251223,RU2603,15295.0,1566.0,1638.0,-0.03530565544295472
20251223,RU2604,15250.0,8.0,222.0,0.03147540983606678
20251223,RU2605,15290.0,221214.0,146529.0,-0.02746893394375416
20251223,RU2606,15255.0,18.0,39.0,-0.007866273352999276
20251223,RU2607,15245.0,262.0,510.0,0.0
20251223,RU2608,15245.0,1.0,29.0,0.011807149885209256
20251223,RU2609,15260.0,7483.0,18435.0,0.007863695937090576
20251223,RU2610,15270.0,2.0,42.0,-0.027504911591355263
20251223,RU2611,15235.0,12.0,49.0,0.0
20251224,RU2601,15620.0,22024.0,16541.0,-0.009603072983354721
20251224,RU2603,15595.0,2250.0,1887.0,0.06540557871112451
20251224,RU2604,15680.0,46.0,220.0,-0.022959183673469497
20251224,RU2605,15650.0,342515.0,167630.0,-0.14952076677316262
20251224,RU2606,15455.0,21.0,33.0,0.13976059527660833
20251224,RU2607,15635.0,706.0,353.0,0.023025263831148557
20251224,RU2608,15665.0,2.0,29.0,-0.03064155761251186
20251224,RU2609,15625.0,19585.0,21553.0,0.03071999999999875
20251224,RU2610,15665.0,10.0,42.0,-0.011490584104691948
20251224,RU2611,15650.0,20.0,56.0,0.0
20251225,RU2601,15675.0,26766.0,14330.0,0.003827751196172624
20251225,RU2603,15685.0,2679.0,2465.0,0.007650621613007225
20251225,RU2604,15695.0,86.0,280.0,0.02676011468620665
20251225,RU2605,15730.0,382797.0,182848.0,-0.03432930705657977
20251225,RU2606,15685.0,158.0,146.0,0.02677717564552129
20251225,RU2607,15720.0,446.0,451.0,-0.11068702290076393
20251225,RU2608,15575.0,3.0,29.0,0.08475120385232682
20251225,RU2609,15685.0,23906.0,25365.0,0.007650621613007225
20251225,RU2610,15695.0,11.0,41.0,0.022937241159604937
20251225,RU2611,15725.0,14.0,57.0,0.0
20251226,RU2601,15735.0,13727.0,10635.0,0.0038131553860814016
20251226,RU2603,15745.0,1600.0,2369.0,0.049539536360749814
20251226,RU2604,15810.0,17.0,280.0,-0.02277039848197404
20251226,RU2605,15780.0,340531.0,185943.0,-0.0456273764258559
20251226,RU2606,15720.0,8.0,144.0,0.022900763358779663
20251226,RU2607,15750.0,214.0,474.0,0.03809523809523796
20251226,RU2608,15800.0,17.0,27.0,-0.037974683544304
20251226,RU2609,15750.0,31134.0,26805.0,0.015238095238095717
20251226,RU2610,15770.0,11.0,42.0,-0.02663284717818648
20251226,RU2611,15735.0,40.0,63.0,0.0
20251229,RU2601,15640.0,7584.0,8262.0,-0.007672634271099543
20251229,RU2603,15620.0,1020.0,2357.0,0.09218950064020426
20251229,RU2604,15740.0,21.0,279.0,-0.057179161372299614
20251229,RU2605,15665.0,305522.0,179391.0,-0.0880944781359716
20251229,RU2606,15550.0,18.0,157.0,0.03858520900321505
20251229,RU2607,15600.0,289.0,547.0,0.007692307692307665
20251229,RU2608,15610.0,17.0,25.0,0.011531069827034557
20251229,RU2609,15625.0,24940.0,27470.0,0.057599999999998985
20251229,RU2610,15700.0,5.0,45.0,-0.057324840764331864
20251229,RU2611,15625.0,21.0,64.0,0.0
20251230,RU2601,15630.0,4952.0,6333.0,-0.0019193857965451588
20251230,RU2603,15625.0,1702.0,2355.0,0.057599999999998985
20251230,RU2604,15700.0,7.0,279.0,-0.02292993630573248
20251230,RU2605,15670.0,260240.0,175574.0,0.015315890236120566
20251230,RU2606,15690.0,95.0,146.0,-0.022944550669215857
20251230,RU2607,15660.0,266.0,581.0,0.007662835249043098
20251230,RU2608,15670.0,11.0,31.0,-0.03446075303126994
20251230,RU2609,15625.0,24713.0,26755.0,0.0384000000000011
20251230,RU2610,15675.0,4.0,42.0,-0.015311004784689164
20251230,RU2611,15655.0,23.0,68.0,0.0
20251231,RU2601,15600.0,3386.0,4294.0,-0.01538461538461533
20251231,RU2603,15560.0,1383.0,2297.0,-0.00771208226221054
20251231,RU2604,15550.0,9.0,279.0,0.04244372990353629
20251231,RU2605,15605.0,217811.0,168775.0,-0.00384492149951976
20251231,RU2606,15600.0,188.0,26.0,-0.03076923076923066
20251231,RU2607,15560.0,424.0,669.0,0.0
20251231,RU2608,15560.0,4.0,30.0,-0.011568123393316476
20251231,RU2609,15545.0,17551.0,26403.0,0.0038597619813431905
20251231,RU2610,15550.0,1.0,43.0,0.05401929260450267
20251231,RU2611,15620.0,14.0,67.0,0.0
20260105,RU2601,15760.0,965.0,3763.0,0.0
20260105,RU2603,15760.0,2351.0,2217.0,0.04949238578680326
20260105,RU2604,15825.0,30.0,288.0,-0.026540284360189403
20260105,RU2605,15790.0,229450.0,181920.0,-0.04179860671310953
20260105,RU2606,15735.0,48.0,31.0,0.022878932316491074
20260105,RU2607,15765.0,353.0,681.0,0.06089438629876209
20260105,RU2608,15845.0,2.0,30.0,-0.07194698643105069
20260105,RU2609,15750.0,19828.0,27831.0,0.022857142857142243
20260105,RU2610,15780.0,11.0,40.0,-0.022813688212927286
20260105,RU2611,15750.0,37.0,88.0,0.0
20260106,RU2601,16040.0,1132.0,3144.0,-0.018703241895261513
20260106,RU2603,15990.0,3909.0,2325.0,0.03752345215759778
20260106,RU2604,16040.0,15.0,288.0,0.007481296758104605
20260106,RU2605,16050.0,328277.0,199609.0,-0.04112149532710241
20260106,RU2606,15995.0,96.0,49.0,0.01500468896530105
20260106,RU2607,16015.0,389.0,707.0,-0.07118326568841704
20260106,RU2608,15920.0,15.0,20.0,0.07537688442211188
20260106,RU2609,16020.0,24902.0,30144.0,0.029962546816479474
20260106,RU2610,16060.0,29.0,52.0,-0.03362391033623924
20260106,RU2611,16015.0,95.0,100.0,0.0
20260107,RU2601,16240.0,1359.0,2801.0,-0.03140394088669951
20260107,RU2603,16155.0,5482.0,2456.0,0.02599814298978753
20260107,RU2604,16190.0,156.0,222.0,-0.0074119827053737986
20260107,RU2605,16180.0,379261.0,200122.0,0.01483312731767672
20260107,RU2606,16200.0,42.0,56.0,-0.007407407407407973
20260107,RU2607,16190.0,468.0,716.0,0.03335392217418143
20260107,RU2608,16235.0,2.0,20.0,-0.048044348629504796
20260107,RU2609,16170.0,35376.0,31408.0,0.06307977736549208
20260107,RU2610,16255.0,1.0,52.0,-0.059058751153491684
20260107,RU2611,16175.0,26.0,100.0,0.0
20260108,RU2601,16180.0,858.0,2436.0,-0.03708281829419047
20260108,RU2603,16080.0,7878.0,2102.0,0.022388059701492935
20260108,RU2604,16110.0,103.0,215.0,0.007448789571695258
20260108,RU2605,16120.0,356190.0,196468.0,0.02977667493796421
20260108,RU2606,16160.0,23.0,53.0,-0.037128712871286496
20260108,RU2607,16110.0,311.0,707.0,0.10428305400372562
20260108,RU2608,16250.0,1.0,19.0,-0.10338461538461496
20260108,RU2609,16110.0,32979.0,32697.0,-0.029795158286778367
20260108,RU2610,16070.0,3.0,51.0,0.01866832607342772
20260108,RU2611,16095.0,18.0,98.0,0.0
20260109,RU2601,16005.0,139.0,2396.0,-0.016869728209934154
20260109,RU2603,15960.0,4334.0,2332.0,0.04135338345864703
20260109,RU2604,16015.0,11.0,219.0,0.01123946300343448
20260109,RU2605,16030.0,343450.0,197718.0,-0.018714909544604197
20260109,RU2606,16005.0,50.0,66.0,0.007497656982192069
20260109,RU2607,16015.0,206.0,697.0,-0.026225413674680453
20260109,RU2608,15980.0,10.0,20.0,0.018773466833541974
20260109,RU2609,16005.0,30548.0,33749.0,-0.01499531396438547
20260109,RU2610,15985.0,8.0,54.0,0.00375351892399145
20260109,RU2611,15990.0,25.0,97.0,0.0
20260112,RU2601,16055.0,45.0,2384.0,0.0056057303020868865
20260112,RU2603,16070.0,3520.0,2401.0,0.04853764779091474
20260112,RU2604,16135.0,19.0,220.0,-0.003718624109079194
20260112,RU2605,16130.0,349692.0,200506.0,0.007439553626782391
20260112,RU2606,16140.0,117.0,74.0,-0.037174721189590976
20260112,RU2607,16090.0,274.0,689.0,-0.20136730888750742
20260112,RU2608,15820.0,1.0,20.0,0.21997471554993808
20260112,RU2609,16110.0,29510.0,36350.0,0.011173184357542887
20260112,RU2610,16125.0,1.0,54.0,-0.03720930232558173
20260112,RU2611,16075.0,9.0,97.0,0.0
20260113,RU2601,16000.0,85.0,2337.0,-0.028124999999999734
20260113,RU2603,15925.0,3558.0,2335.0,0.1205651491365769
20260113,RU2604,16085.0,8.0,220.0,-0.08206403481504543
20260113,RU2605,15975.0,380256.0,194674.0,0.022535211267606492
20260113,RU2606,16005.0,24.0,76.0,-0.052483598875351145
20260113,RU2607,15935.0,308.0,731.0,-0.041418261688107805
20260113,RU2608,15880.0,0.0,20.0,0.04911838790931977
20260113,RU2609,15945.0,36480.0,37888.0,0.033866415804328476
20260113,RU2610,15990.0,9.0,56.0,-0.03752345215759911
20260113,RU2611,15940.0,28.0,98.0,0.0
20260114,RU2601,16100.0,7.0,2336.0,0.00745341614906847
20260114,RU2603,16120.0,4985.0,2552.0,-0.0037220843672458592
20260114,RU2604,16115.0,35.0,217.0,0.0335091529630791
20260114,RU2605,16160.0,481772.0,199739.0,-0.007425742574256766
20260114,RU2606,16150.0,81.0,84.0,0.011145510835913974
20260114,RU2607,16165.0,600.0,659.0,-0.025982060006186636
20260114,RU2608,16130.0,1.0,20.0,0.007439553626782391
20260114,RU2609,16140.0,47654.0,39094.0,-0.029739776951672514
20260114,RU2610,16100.0,3.0,53.0,0.04844720496894439
20260114,RU2611,16165.0,30.0,103.0,0.0
20260115,RU2601,16050.0,7.0,2332.0,-0.03364485981308385
20260115,RU2603,15960.0,5679.0,2206.0,-0.015037593984962072
20260115,RU2604,15940.0,11.0,222.0,0.04140526976160519
20260115,RU2605,15995.0,365272.0,198380.0,0.01500468896530105
20260115,RU2606,16015.0,24.0,77.0,-0.04495785201373659
20260115,RU2607,15955.0,588.0,626.0,0.05264807270448202
20260115,RU2608,16025.0,4.0,19.0,-0.04492979719188828
20260115,RU2609,15965.0,44444.0,38795.0,0.01879110554337604
20260115,RU2610,15990.0,10.0,55.0,-0.03377110694183827
20260115,RU2611,15945.0,12.0,107.0,0.0
20260116,RU2603,15855.0,3848.0,1903.0,-0.011352885525070633
20260116,RU2604,15840.0,8.0,219.0,-0.0037878787878788955
20260116,RU2605,15835.0,348181.0,190939.0,-0.018945374171140283
20260116,RU2606,15810.0,17.0,81.0,0.007590132827325569
20260116,RU2607,15820.0,494.0,576.0,0.041719342604298326
20260116,RU2608,15875.0,3.0,21.0,-0.052913385826771187
20260116,RU2609,15805.0,30827.0,38793.0,-0.003796267004112508
20260116,RU2610,15800.0,9.0,63.0,0.0265822784810128
20260116,RU2611,15835.0,21.0,112.0,0.005262603936427752
20260116,RU2701,16460.0,645.0,370.0,0.0
20260119,RU2603,15745.0,1658.0,1858.0,0.015242934264845687
20260119,RU2604,15765.0,25.0,220.0,-0.01522359657469119
20260119,RU2605,15745.0,216355.0,186443.0,-0.011432200698634265
20260119,RU2606,15730.0,58.0,67.0,-0.019071837253655577
20260119,RU2607,15705.0,169.0,564.0,0.0
20260119,RU2608,15705.0,4.0,21.0,0.0
20260119,RU2609,15705.0,21947.0,38373.0,0.034383954154727725
20260119,RU2610,15750.0,16.0,66.0,-0.022857142857142243
20260119,RU2611,15720.0,100.0,127.0,0.00525869380831212
20260119,RU2701,16340.0,471.0,644.0,0.0
20260120,RU2603,15635.0,3148.0,1826.0,-0.019187719859289576
20260120,RU2604,15610.0,56.0,222.0,0.007687379884689705
20260120,RU2605,15620.0,251199.0,178976.0,0.0038412291933429543
20260120,RU2606,15625.0,38.0,82.0,-0.01920000000000055
20260120,RU2607,15600.0,583.0,496.0,-0.01538461538461533
20260120,RU2608,15580.0,1.0,20.0,-0.0038510911424909366
20260120,RU2609,15575.0,29511.0,38651.0,0.026966292134832592
20260120,RU2610,15610.0,9.0,66.0,-0.05765534913517012
20260120,RU2611,15535.0,65.0,131.0,0.0060937667632228335
20260120,RU2701,16245.0,272.0,749.0,0.0
20260121,RU2603,15780.0,1607.0,1827.0,-0.060836501901140316
20260121,RU2604,15700.0,22.0,218.0,0.034394904458599385
20260121,RU2605,15745.0,206109.0,181112.0,-0.03429660209590413
20260121,RU2606,15700.0,22.0,85.0,0.0
20260121,RU2607,15700.0,306.0,474.0,0.007643312101912159
20260121,RU2608,15710.0,28.0,21.0,-0.015276893698281668
20260121,RU2609,15690.0,19676.0,39886.0,-0.022944550669215857
20260121,RU2610,15660.0,44.0,73.0,0.007662835249043098
20260121,RU2611,15670.0,61.0,148.0,0.006381620931716667
20260121,RU2701,16420.0,604.0,942.0,0.0
20260122,RU2603,15900.0,1517.0,1937.0,-0.026415094339623302
20260122,RU2604,15865.0,55.0,201.0,-0.011345729593444709
20260122,RU2605,15850.0,182370.0,183011.0,0.0
20260122,RU2606,15850.0,46.0,85.0,-0.022712933753943343
20260122,RU2607,15820.0,356.0,461.0,-0.007585335018962969
20260122,RU2608,15810.0,3.0,24.0,-0.01138519924098702
20260122,RU2609,15795.0,16607.0,40605.0,-0.003798670465337217
20260122,RU2610,15790.0,12.0,70.0,-0.030398986700443054
20260122,RU2611,15750.0,5.0,147.0,0.0063915343915343925
20260122,RU2701,16505.0,345.0,1070.0,0.0
20260123,RU2603,16375.0,5694.0,2067.0,-0.02564885496183189
20260123,RU2604,16340.0,538.0,246.0,-0.018359853121175274
20260123,RU2605,16315.0,445410.0,190135.0,0.007355194606189386
20260123,RU2606,16325.0,163.0,112.0,-0.047779479326186536
20260123,RU2607,16260.0,705.0,384.0,0.018450184501845435
20260123,RU2608,16285.0,29.0,41.0,-0.04789683758059571
20260123,RU2609,16220.0,44862.0,41104.0,-0.0036991368680636683
20260123,RU2610,16215.0,16.0,75.0,-0.0037002775208145877
20260123,RU2611,16210.0,63.0,135.0,0.005675508945095616
20260123,RU2701,16900.0,556.0,1248.0,0.0
20260126,RU2603,16280.0,3194.0,1865.0,-0.05528255528255466
20260126,RU2604,16205.0,43.0,235.0,0.01851280468990968
20260126,RU2605,16230.0,309950.0,181216.0,0.014787430683919744
20260126,RU2606,16250.0,100.0,140.0,-0.05169230769230815
20260126,RU2607,16180.0,540.0,348.0,0.0
20260126,RU2608,16180.0,12.0,37.0,-0.01483312731767672
20260126,RU2609,16160.0,34340.0,42966.0,0.025990099009900014
20260126,RU2610,16195.0,292.0,283.0,-0.011114541525162114
20260126,RU2611,16180.0,30.0,142.0,0.005480016481252588
20260126,RU2701,16845.0,144.0,1266.0,0.0
20260127,RU2603,16260.0,3087.0,1869.0,-0.03690036900368954
20260127,RU2604,16210.0,66.0,244.0,-0.0037014188772359624
20260127,RU2605,16205.0,275825.0,176097.0,0.011107682813945807
20260127,RU2606,16220.0,62.0,150.0,-0.03699136868064068
20260127,RU2607,16170.0,504.0,374.0,-0.04081632653061229
20260127,RU2608,16115.0,18.0,37.0,0.018616196090598613
20260127,RU2609,16140.0,29419.0,43984.0,0.022304832713754053
20260127,RU2610,16170.0,166.0,286.0,-0.04081632653061229
20260127,RU2611,16115.0,22.0,142.0,0.0059158134243458465
20260127,RU2701,16830.0,294.0,1290.0,0.0
20260128,RU2603,16395.0,3236.0,2128.0,-0.05123513266239765
20260128,RU2604,16325.0,21.0,243.0,0.02572741194486916
20260128,RU2605,16360.0,322789.0,184241.0,-0.029339853300732965
20260128,RU2606,16320.0,104.0,101.0,-0.01838235294117707
20260128,RU2607,16295.0,312.0,386.0,0.025774777539121274
20260128,RU2608,16330.0,6.0,35.0,-0.03674219228413911
20260128,RU2609,16280.0,30753.0,45464.0,0.01105651105651173
20260128,RU2610,16295.0,23.0,281.0,-0.00736422215403465
20260128,RU2611,16285.0,41.0,142.0,0.005854057926517254
20260128,RU2701,17000.0,212.0,1333.0,0.0
20260129,RU2603,16660.0,4795.0,2252.0,-0.007202881152461149
20260129,RU2604,16650.0,141.0,265.0,0.028828828828827646
20260129,RU2605,16690.0,418885.0,195654.0,0.017974835230676334
20260129,RU2606,16715.0,171.0,88.0,-0.06461262339216312
20260129,RU2607,16625.0,593.0,383.0,-0.014436090225563802
20260129,RU2608,16605.0,113.0,34.0,-0.021680216802167696
20260129,RU2609,16575.0,40978.0,48848.0,0.05067873303167403
20260129,RU2610,16645.0,31.0,279.0,-0.0360468609191944
20260129,RU2611,16595.0,88.0,137.0,0.00490107462086975
20260129,RU2701,17205.0,346.0,1417.0,0.0
20260130,RU2603,16355.0,4831.0,2073.0,0.0036686028737387133
20260130,RU2604,16360.0,174.0,223.0,0.0
20260130,RU2605,16360.0,518534.0,172618.0,-0.036674816625917206
20260130,RU2606,16310.0,101.0,107.0,-0.0220723482526064
20260130,RU2607,16280.0,764.0,355.0,-0.04422604422604426
20260130,RU2608,16220.0,82.0,38.0,0.0036991368680636683
20260130,RU2609,16225.0,59070.0,46832.0,0.007395993836671444
20260130,RU2610,16235.0,92.0,291.0,-0.01847859562673282
20260130,RU2611,16210.0,151.0,187.0,0.006004523956405508
20260130,RU2701,16940.0,558.0,1492.0,0.0
20260202,RU2603,16020.0,4024.0,1839.0,-0.05243445692883908
20260202,RU2604,15950.0,292.0,212.0,0.02257053291535982
20260202,RU2605,15980.0,430526.0,155994.0,-0.06758448060075084
20260202,RU2606,15890.0,93.0,86.0,0.026431718061672882
20260202,RU2607,15925.0,502.0,351.0,-0.04897959183673528
20260202,RU2608,15860.0,23.0,33.0,-0.007566204287515976
20260202,RU2609,15850.0,57239.0,45523.0,0.018927444794952564
20260202,RU2610,15875.0,50.0,285.0,-0.02267716535433051
20260202,RU2611,15845.0,83.0,195.0,0.006016619333122955
20260202,RU2701,16560.0,528.0,1629.0,0.0
20260203,RU2603,16250.0,1453.0,1837.0,-0.01476923076923109
20260203,RU2604,16230.0,10.0,209.0,-0.0369685767097967
20260203,RU2605,16180.0,254278.0,153505.0,0.007416563658837028
20260203,RU2606,16190.0,32.0,84.0,-0.05558987029030282
20260203,RU2607,16115.0,115.0,342.0,-0.029785913744958314
20260203,RU2608,16075.0,46.0,31.0,-0.018662519440124203
20260203,RU2609,16050.0,26163.0,45774.0,0.0
20260203,RU2610,16050.0,14.0,286.0,-0.007476635514019225
20260203,RU2611,16040.0,60.0,214.0,0.005818786367414782
20260203,RU2701,16740.0,225.0,1646.0,0.0
20260204,RU2603,16440.0,1013.0,1991.0,-0.021897810218977742
20260204,RU2604,16410.0,14.0,208.0,-0.018281535648994485
20260204,RU2605,16385.0,245413.0,159917.0,-0.07323771742447427
20260204,RU2606,16285.0,28.0,84.0,0.0073687442431698
20260204,RU2607,16295.0,60.0,345.0,-0.06627799938631451
20260204,RU2608,16205.0,5.0,29.0,0.044430731255785894
20260204,RU2609,16265.0,24047.0,46628.0,-0.05164463572087241
20260204,RU2610,16195.0,30.0,280.0,0.03334362457548501
20260204,RU2611,16240.0,27.0,205.0,0.005665024630541874
20260204,RU2701,16930.0,154.0,1678.0,0.0
20260205,RU2603,16200.0,1266.0,1807.0,-0.033333333333333215
20260205,RU2604,16155.0,24.0,206.0,0.014856081708448876
20260205,RU2605,16175.0,283333.0,150013.0,-0.025965996908810407
20260205,RU2606,16140.0,87.0,120.0,-0.04089219330854954
20260205,RU2607,16085.0,357.0,472.0,-0.11936586882188438
20260205,RU2608,15925.0,43.0,34.0,0.10549450549450512
20260205,RU2609,16065.0,33185.0,47136.0,0.014939309056955175
20260205,RU2610,16085.0,6.0,280.0,-0.03730183400683895
20260205,RU2611,16035.0,26.0,204.0,0.00561272217025257
20260205,RU2701,16710.0,226.0,1702.0,0.0
20260206,RU2603,16100.0,1020.0,1695.0,-0.03354037267080745
20260206,RU2604,16055.0,66.0,204.0,0.01868576767362118
20260206,RU2605,16080.0,229543.0,146030.0,-0.01865671641791078
20260206,RU2606,16055.0,111.0,108.0,-0.0597944565555899
20260206,RU2607,15975.0,320.0,442.0,0.11267605633802713
20260206,RU2608,16125.0,45.0,29.0,-0.11162790697674385
20260206,RU2609,15975.0,24635.0,46853.0,-0.048826291079811845
20260206,RU2610,15910.0,7.0,281.0,0.049025769956002385
20260206,RU2611,15975.0,19.0,201.0,0.005758998435054785
20260206,RU2701,16665.0,165.0,1681.0,0.0
20260209,RU2603,16270.0,842.0,1635.0,-0.011063306699446773
20260209,RU2604,16255.0,16.0,200.0,-0.007382343894185794
20260209,RU2605,16245.0,197424.0,150270.0,-0.011080332409972193
20260209,RU2606,16230.0,88.0,103.0,-0.025878003696857554
20260209,RU2607,16195.0,142.0,437.0,-0.04816301327570205
20260209,RU2608,16130.0,0.0,29.0,0.014879107253564783
20260209,RU2609,16150.0,23148.0,49201.0,0.01857585139318907
20260209,RU2610,16175.0,15.0,280.0,-0.029675425038639514
20260209,RU2611,16135.0,26.0,212.0,0.005536618117963007
20260209,RU2701,16805.0,131.0,1713.0,0.0
20260210,RU2603,16365.0,787.0,1577.0,-0.03666361136572016
20260210,RU2604,16315.0,23.0,212.0,0.014710389212381436
20260210,RU2605,16335.0,177554.0,151944.0,-0.033057851239669755
20260210,RU2606,16290.0,31.0,107.0,-0.0036832412523026825
20260210,RU2607,16285.0,156.0,390.0,-0.014737488486336936
20260210,RU2608,16265.0,18.0,35.0,-0.025822317860436872
20260210,RU2609,16230.0,17587.0,49741.0,-0.011090573012939142
20260210,RU2610,16215.0,5.0,278.0,0.0074005550416291754
20260210,RU2611,16225.0,28.0,204.0,0.0056702619414483735
20260210,RU2701,16915.0,80.0,1713.0,0.0
20260211,RU2603,16590.0,2088.0,1404.0,-0.0072332730560575875
20260211,RU2604,16580.0,19.0,210.0,-0.003618817852834244
20260211,RU2605,16575.0,270154.0,162081.0,-0.021719457013574583
20260211,RU2606,16545.0,102.0,119.0,-0.021758839528558394
20260211,RU2607,16515.0,341.0,374.0,-0.09082652134423208
20260211,RU2608,16390.0,1.0,35.0,0.06955460646735823
20260211,RU2609,16485.0,24742.0,51394.0,0.010919017288444799
20260211,RU2610,16500.0,10.0,279.0,0.0
20260211,RU2611,16500.0,114.0,155.0,0.005333333333333338
20260211,RU2701,17160.0,367.0,1758.0,0.0
20260212,RU2603,16415.0,1225.0,1256.0,0.029241547365214338
20260212,RU2604,16455.0,35.0,208.0,-0.00364630811303579
20260212,RU2605,16450.0,180678.0,152702.0,-0.021884498480243764
20260212,RU2606,16420.0,161.0,120.0,-0.03288672350791666
20260212,RU2607,16375.0,262.0,511.0,0.03297709923664005
20260212,RU2608,16420.0,12.0,31.0,-0.04750304506699132
20260212,RU2609,16355.0,19671.0,50665.0,0.08804646896973445
20260212,RU2610,16475.0,8.0,280.0,-0.08740515933232107
20260212,RU2611,16355.0,22.0,145.0,0.005502904310608366
20260212,RU2701,17030.0,194.0,1771.0,0.0
20260213,RU2603,16295.0,1706.0,1342.0,0.08100644369438381
20260213,RU2604,16405.0,147.0,202.0,-0.06583358732093858
20260213,RU2605,16315.0,165470.0,140235.0,-0.07722954336500187
20260213,RU2606,16210.0,40.0,119.0,0.0037014188772372947
20260213,RU2607,16215.0,180.0,466.0,-0.0037002775208145877
20260213,RU2608,16210.0,3.0,31.0,-0.01110425663170922
20260213,RU2609,16195.0,18875.0,49817.0,0.003704847175053594
20260213,RU2610,16200.0,23.0,280.0,-0.014814814814814614
20260213,RU2611,16180.0,23.0,138.0,0.005603625875566553
20260213,RU2701,16860.0,129.0,1759.0,0.0
20260224,RU2603,17015.0,1902.0,991.0,0.0035263003232435253
20260224,RU2604,17020.0,536.0,248.0,0.007050528789659616
20260224,RU2605,17030.0,245962.0,162068.0,-0.014092777451555794
20260224,RU2606,17010.0,91.0,120.0,-0.05643738977072266
20260224,RU2607,16930.0,490.0,467.0,0.017720023626699444
20260224,RU2608,16955.0,49.0,33.0,-0.08846947803007943
20260224,RU2609,16830.0,37053.0,51667.0,0.0
20260224,RU2610,16830.0,113.0,277.0,-0.007130124777183333
20260224,RU2611,16820.0,55.0,160.0,0.005112960760998823
20260224,RU2701,17465.0,718.0,1909.0,0.0
20260225,RU2603,17200.0,953.0,808.0,0.02790697674418663
20260225,RU2604,17240.0,103.0,240.0,0.0
20260225,RU2605,17240.0,272777.0,175091.0,-0.013921113689094877
20260225,RU2606,17220.0,138.0,143.0,-0.045296167247387054
20260225,RU2607,17155.0,256.0,397.0,-0.017487612940833674
20260225,RU2608,17130.0,12.0,32.0,-0.014010507880910517
20260225,RU2609,17110.0,32562.0,55531.0,0.017533606078317554
20260225,RU2610,17135.0,43.0,296.0,-0.02451123431572766
20260225,RU2611,17100.0,49.0,172.0,0.004639376218323577
20260225,RU2701,17695.0,790.0,2128.0,0.0
20260226,RU2603,17100.0,416.0,639.0,0.0070175438596482564
20260226,RU2604,17110.0,70.0,250.0,0.010520163646988934
20260226,RU2605,17125.0,269900.0,172951.0,-0.024525547445255924
20260226,RU2606,17090.0,172.0,137.0,-0.04212990052662402
20260226,RU2607,17030.0,305.0,424.0,0.0
20260226,RU2608,17030.0,132.0,38.0,-0.028185554903111587
20260226,RU2609,16990.0,33742.0,57069.0,0.01765744555620863
20260226,RU2610,17015.0,224.0,205.0,-0.017631501616221623
20260226,RU2611,16990.0,39.0,183.0,0.004708652148322537
20260226,RU2701,17590.0,670.0,2244.0,0.0
20260227,RU2603,17085.0,176.0,585.0,-0.017559262510974616
20260227,RU2604,17060.0,31.0,255.0,0.0668229777256748
20260227,RU2605,17155.0,218827.0,174215.0,-0.020985135529000942
20260227,RU2606,17125.0,45.0,133.0,-0.038540145985401786
20260227,RU2607,17070.0,290.0,383.0,-0.028119507908611396
20260227,RU2608,17030.0,13.0,37.0,0.014092777451557126
20260227,RU2609,17050.0,25875.0,59669.0,0.01407624633431137
20260227,RU2610,17070.0,115.0,195.0,-0.08084358523725843
20260227,RU2611,16955.0,49.0,186.0,0.005465447753858251
20260227,RU2701,17650.0,609.0,2377.0,0.0
20260302,RU2603,17205.0,107.0,536.0,0.017436791630339066
20260302,RU2604,17230.0,50.0,265.0,0.010446894950668195
20260302,RU2605,17245.0,364042.0,170621.0,-0.006958538706871131
20260302,RU2606,17235.0,147.0,101.0,-0.04177545691905982
20260302,RU2607,17175.0,253.0,363.0,-0.010480349344977657
20260302,RU2608,17160.0,35.0,37.0,-0.041958041958042536
20260302,RU2609,17100.0,51697.0,63574.0,0.03508771929824661
20260302,RU2610,17150.0,27.0,190.0,-0.03498542274052463
20260302,RU2611,17100.0,88.0,207.0,0.005263157894736844
20260302,RU2701,17775.0,1354.0,2668.0,0.0
20260303,RU2603,16800.0,161.0,507.0,0.05714285714285694
20260303,RU2604,16880.0,122.0,260.0,-0.031990521327013965
20260303,RU2605,16835.0,458473.0,160346.0,-0.04276804276804258
20260303,RU2606,16775.0,302.0,182.0,-0.025037257824143122
20260303,RU2607,16740.0,371.0,403.0,0.014336917562724594
20260303,RU2608,16760.0,19.0,36.0,-0.03937947494033445
20260303,RU2609,16705.0,60030.0,62777.0,0.02873391200239439
20260303,RU2610,16745.0,29.0,196.0,-0.02508211406389904
20260303,RU2611,16710.0,149.0,244.0,0.00510672252144424
20260303,RU2701,17350.0,1179.0,2815.0,0.0
20260304,RU2603,16635.0,18.0,499.0,0.03967538322813269
20260304,RU2604,16690.0,69.0,234.0,0.03594967046135533
20260304,RU2605,16740.0,370025.0,152591.0,-0.05376344086021456
20260304,RU2606,16665.0,118.0,158.0,-0.007200720072006561
20260304,RU2607,16655.0,347.0,402.0,-0.0396277394175919
20260304,RU2608,16600.0,9.0,39.0,0.010843373493976571
20260304,RU2609,16615.0,59171.0,64546.0,0.003611194703582399
20260304,RU2610,16620.0,238.0,306.0,-0.021660649819494893
20260304,RU2611,16590.0,245.0,304.0,0.005465139642354829
20260304,RU2701,17270.0,1088.0,2797.0,0.0
20260305,RU2603,16530.0,51.0,494.0,0.014519056261343977
20260305,RU2604,16550.0,59.0,238.0,0.003625377643503569
20260305,RU2605,16555.0,332143.0,147781.0,-0.054364240410752274
20260305,RU2606,16480.0,48.0,154.0,0.0036407766990302903
20260305,RU2607,16485.0,387.0,471.0,-0.06187443130118231
20260305,RU2608,16400.0,29.0,40.0,0.03658536585365724
20260305,RU2609,16450.0,55905.0,66212.0,0.04741641337386149
20260305,RU2610,16515.0,209.0,339.0,-0.08356039963669426
20260305,RU2611,16400.0,158.0,340.0,0.005609756097560966
20260305,RU2701,17090.0,1023.0,2902.0,0.0
20260306,RU2603,16650.0,37.0,485.0,0.0648648648648642
20260306,RU2604,16740.0,62.0,223.0,0.06810035842293782
20260306,RU2605,16835.0,231410.0,149723.0,-0.0035640035640036594
20260306,RU2606,16830.0,35.0,146.0,-0.035650623885918
20260306,RU2607,16780.0,204.0,411.0,-0.042908224076281254
20260306,RU2608,16720.0,23.0,45.0,0.02153110047846951
20260306,RU2609,16750.0,38330.0,69369.0,0.02149253731343226
20260306,RU2610,16780.0,54.0,314.0,-0.03575685339690171
20260306,RU2611,16730.0,36.0,346.0,0.005419406256226337
20260306,RU2701,17410.0,1700.0,3087.0,0.0
20260309,RU2603,17030.0,75.0,472.0,0.024662360540223638
20260309,RU2604,17065.0,479.0,313.0,-0.11954292411368295
20260309,RU2605,16895.0,607728.0,144455.0,0.035513465522343246
20260309,RU2606,16945.0,283.0,179.0,-0.05311301268810853
20260309,RU2607,16870.0,644.0,405.0,0.02845287492590387
20260309,RU2608,16910.0,53.0,51.0,-0.09580130100532225
20260309,RU2609,16775.0,119646.0,65382.0,0.09299552906110264
20260309,RU2610,16905.0,194.0,291.0,-0.06743566992014216
20260309,RU2611,16810.0,343.0,429.0,0.005234979179060092
20260309,RU2701,17470.0,2097.0,3204.0,0.0
20260310,RU2603,17025.0,0.0,472.0,0.12334801762114633
20260310,RU2604,17200.0,253.0,277.0,-0.05930232558139492
20260310,RU2605,17115.0,404983.0,147583.0,-0.056091148115687606
20260310,RU2606,17035.0,215.0,128.0,-0.007044320516583991
20260310,RU2607,17025.0,461.0,386.0,0.017621145374449476
20260310,RU2608,17050.0,197.0,56.0,-0.03870967741935427
20260310,RU2609,16995.0,89613.0,70810.0,-0.024713150926742866
20260310,RU2610,16960.0,39.0,287.0,0.02122641509433887
20260310,RU2611,16990.0,233.0,403.0,0.00537571120266825
20260310,RU2701,17675.0,1530.0,3493.0,0.0
20260311,RU2603,17170.0,37.0,468.0,0.06639487478159634
20260311,RU2604,17265.0,99.0,241.0,-0.0590790616854906
20260311,RU2605,17180.0,321087.0,143610.0,-0.02444703143189697
20260311,RU2606,17145.0,160.0,115.0,-0.020997375328084544
20260311,RU2607,17115.0,349.0,381.0,0.010517090271690677
20260311,RU2608,17130.0,6.0,54.0,-0.04203152364273155
20260311,RU2609,17070.0,70921.0,73074.0,0.007029876977154181
20260311,RU2610,17080.0,23.0,288.0,-0.02810304449648715
20260311,RU2611,17040.0,91.0,409.0,0.005438184663536768
20260311,RU2701,17735.0,1428.0,3682.0,0.0
20260312,RU2603,17345.0,1.0,467.0,-0.12107235514557502
20260312,RU2604,17170.0,54.0,237.0,-0.06639487478159634
20260312,RU2605,17075.0,421824.0,141956.0,-0.03162518301610495
20260312,RU2606,17030.0,133.0,98.0,-0.010569583088666512
20260312,RU2607,17015.0,521.0,384.0,0.05289450484866354
20260312,RU2608,17090.0,37.0,50.0,-0.07723815096547693
20260312,RU2609,16980.0,98622.0,76638.0,0.0
20260312,RU2610,16980.0,47.0,293.0,-0.010600706713780994
20260312,RU2611,16965.0,129.0,410.0,0.005658709106984983
20260312,RU2701,17685.0,2895.0,4332.0,0.0
20260313,RU2603,17130.0,8.0,467.0,-0.21366024518388738
20260313,RU2604,16825.0,34.0,223.0,-0.04279346210995527
20260313,RU2605,16765.0,340904.0,140305.0,0.01431553832388932
20260313,RU2606,16785.0,95.0,104.0,-0.053619302949061254
20260313,RU2607,16710.0,385.0,373.0,0.06822262118491906
20260313,RU2608,16805.0,35.0,55.0,-0.09639988098780128
20260313,RU2609,16670.0,81071.0,73750.0,0.014397120575885936
20260313,RU2610,16690.0,27.0,291.0,0.0
20260313,RU2611,16690.0,110.0,422.0,0.005791891352107056
20260313,RU2701,17415.0,1283.0,4512.0,0.0
20260316,RU2603,16950.0,0.0,467.0,-0.014159292035397897
20260316,RU2604,16930.0,39.0,224.0,-0.042528056704076
20260316,RU2605,16870.0,278101.0,134869.0,0.0
20260316,RU2606,16870.0,76.0,132.0,-0.01778304682868992
20260316,RU2607,16845.0,266.0,372.0,-0.01068566340160304
20260316,RU2608,16830.0,29.0,43.0,-0.03208556149732633
20260316,RU2609,16785.0,63101.0,74940.0,-0.017873100983020862
20260316,RU2610,16760.0,13.0,291.0,0.021479713603818062
20260316,RU2611,16790.0,275.0,472.0,0.005916219972205669
20260316,RU2701,17535.0,1851.0,4706.0,0.0
20260317,RU2604,16810.0,44.0,220.0,-0.0071386079714450545
20260317,RU2605,16800.0,258506.0,133055.0,0.003571428571429891
20260317,RU2606,16805.0,29.0,130.0,-0.03570365962511168
20260317,RU2607,16755.0,191.0,365.0,0.00358102059086729
20260317,RU2608,16760.0,29.0,50.0,-0.03937947494033445
20260317,RU2609,16705.0,59878.0,77058.0,0.10775217000897896
20260317,RU2610,16855.0,11.0,293.0,-0.11747256007119589
20260317,RU2611,16690.0,95.0,484.0,0.005831835430397447
20260317,RU2701,17420.0,2634.0,5211.0,0.01894374282433997
20260317,RU2703,17475.0,0.0,0.0,0.0
20260318,RU2604,16415.0,37.0,222.0,-0.010965580261955044
20260318,RU2605,16400.0,298877.0,127172.0,-0.007317073170731714
20260318,RU2606,16390.0,113.0,139.0,-0.04392922513727937
20260318,RU2607,16330.0,329.0,393.0,0.03674219228413911
20260318,RU2608,16380.0,28.0,58.0,-0.0586080586080584
20260318,RU2609,16300.0,82083.0,78140.0,-0.014723926380368013
20260318,RU2610,16280.0,47.0,288.0,-0.003685503685503466
20260318,RU2611,16275.0,266.0,496.0,0.00606246799795187
20260318,RU2701,17015.0,2166.0,5157.0,-0.02997355274757596
20260318,RU2703,16930.0,1.0,1.0,0.0
20260319,RU2604,16160.0,70.0,235.0,-0.05198019801980136
20260319,RU2605,16090.0,303515.0,117267.0,0.007458048477316126
20260319,RU2606,16100.0,161.0,163.0,-0.02608695652173898
20260319,RU2607,16065.0,371.0,407.0,-0.007469654528477587
20260319,RU2608,16055.0,10.0,56.0,-0.01868576767362251
20260319,RU2609,16030.0,94503.0,83437.0,-0.007485963817841945
20260319,RU2610,16020.0,82.0,305.0,0.0
20260319,RU2611,16020.0,188.0,482.0,0.006242197253433209
20260319,RU2701,16770.0,3485.0,4772.0,0.010733452593917114
20260319,RU2703,16800.0,2.0,2.0,0.0
20260320,RU2604,16055.0,188.0,317.0,-0.041108688881968725
20260320,RU2605,16000.0,251638.0,116500.0,0.003749999999999254
20260320,RU2606,16005.0,79.0,146.0,-0.018744142455482837
20260320,RU2607,15980.0,296.0,415.0,0.04130162703379181
20260320,RU2608,16035.0,18.0,60.0,-0.06361085126286259
20260320,RU2609,15950.0,80552.0,85714.0,-0.015047021943573213
20260320,RU2610,15930.0,140.0,333.0,0.007532956685499137
20260320,RU2611,15940.0,244.0,504.0,0.006566290255123371
20260320,RU2701,16725.0,2551.0,5083.0,0.010762331838564787
20260320,RU2703,16755.0,2.0,2.0,0.0
20260323,RU2604,16200.0,163.0,364.0,-0.04074074074074119
20260323,RU2605,16145.0,326382.0,116891.0,-0.007432641684731678
20260323,RU2606,16135.0,232.0,186.0,-0.018593120545398634
20260323,RU2607,16110.0,654.0,451.0,0.055865921787709105
20260323,RU2608,16185.0,15.0,58.0,-0.051899907321594
20260323,RU2609,16115.0,112733.0,88867.0,0.018616196090598613
20260323,RU2610,16140.0,200.0,292.0,-0.04089219330854954
20260323,RU2611,16085.0,280.0,510.0,0.006755776603460776
20260323,RU2701,16900.0,2497.0,5552.0,-0.0035502958579880506
20260323,RU2703,16890.0,0.0,2.0,0.0
20260324,RU2604,16230.0,30.0,360.0,-0.00369685767097927
20260324,RU2605,16225.0,299408.0,111774.0,0.040677966101694274
20260324,RU2606,16280.0,370.0,190.0,-0.025798525798525596
20260324,RU2607,16245.0,365.0,445.0,0.03324099722991658
20260324,RU2608,16290.0,20.0,60.0,-0.040515653775322846
20260324,RU2609,16235.0,92005.0,91760.0,-0.014782876501385989
20260324,RU2610,16215.0,24.0,285.0,0.029602220166511373
20260324,RU2611,16255.0,214.0,524.0,0.006316005331692824
20260324,RU2701,17025.0,1903.0,5695.0,0.03700440528634363
20260324,RU2703,17130.0,14.0,9.0,0.0
20260325,RU2604,16435.0,453.0,391.0,-0.0036507453605105766
20260325,RU2605,16430.0,243858.0,107227.0,0.04382227632379809
20260325,RU2606,16490.0,108.0,193.0,-0.0181928441479684
20260325,RU2607,16465.0,370.0,436.0,0.0072881870634669
20260325,RU2608,16475.0,24.0,68.0,0.0
20260325,RU2609,16475.0,92597.0,93058.0,-0.029135053110774134
20260325,RU2610,16435.0,49.0,276.0,0.007301490721021153
20260325,RU2611,16445.0,160.0,511.0,0.006486267355832561
20260325,RU2701,17245.0,2097.0,5794.0,0.01565671209046071
20260325,RU2703,17290.0,32.0,11.0,0.0
20260326,RU2604,16405.0,349.0,215.0,0.04023163669612906
20260326,RU2605,16460.0,205890.0,102159.0,0.029161603888213428
20260326,RU2606,16500.0,107.0,205.0,-0.0036363636363629936
20260326,RU2607,16495.0,230.0,428.0,0.032737193088815175
20260326,RU2608,16540.0,22.0,68.0,-0.02539298669891199
20260326,RU2609,16505.0,85699.0,96195.0,0.0036352620418060866
20260326,RU2610,16510.0,21.0,283.0,-0.02180496668685672
20260326,RU2611,16480.0,136.0,521.0,0.0065533980582524205
20260326,RU2701,17290.0,3288.0,6173.0,0.029496818970502936
20260326,RU2703,17375.0,10.0,11.0,0.0
20260327,RU2604,16485.0,65.0,216.0,0.01819836214740711
20260327,RU2605,16510.0,233521.0,91950.0,0.03634161114475987
20260327,RU2606,16560.0,110.0,187.0,-0.01449275362318847
20260327,RU2607,16540.0,261.0,451.0,0.02539298669891199
20260327,RU2608,16575.0,30.0,68.0,-0.014479638009049722
20260327,RU2609,16555.0,82998.0,102743.0,0.01449713077620185
20260327,RU2610,16575.0,102.0,262.0,-0.025339366515837014
20260327,RU2611,16540.0,1950.0,717.0,0.006287787182587667
20260327,RU2701,17320.0,1448.0,6186.0,0.006928406466512271
20260327,RU2703,17340.0,6.0,15.0,0.0
20260330,RU2604,16450.0,20.0,206.0,0.06565349544072863
20260330,RU2605,16540.0,183593.0,81467.0,0.03264812575574361
20260330,RU2606,16585.0,62.0,190.0,-0.010853180584865285
20260330,RU2607,16570.0,281.0,451.0,-0.02172601086300574
20260330,RU2608,16540.0,16.0,63.0,0.018137847642080374
20260330,RU2609,16565.0,88708.0,108804.0,0.007244189556293357
20260330,RU2610,16575.0,23.0,253.0,-0.0036199095022624306
20260330,RU2611,16570.0,376.0,723.0,0.005954536310601485
20260330,RU2701,17310.0,1470.0,6489.0,0.031195840554592458
20260330,RU2703,17400.0,8.0,19.0,0.0
20260331,RU2604,16340.0,17.0,200.0,0.003671970624235854
20260331,RU2605,16345.0,181782.0,71598.0,0.029366778831446005
20260331,RU2606,16385.0,179.0,233.0,-0.0036618858712231805
20260331,RU2607,16380.0,278.0,503.0,0.05494505494505475
20260331,RU2608,16455.0,28.0,70.0,-0.040109389243391025
20260331,RU2609,16400.0,90295.0,111032.0,0.01829268292682862
20260331,RU2610,16425.0,20.0,259.0,0.0036529680365298134
20260331,RU2611,16430.0,507.0,765.0,0.006086427267194149
20260331,RU2701,17180.0,2597.0,7016.0,0.031431897555296295
20260331,RU2703,17270.0,12.0,20.0,0.0
20260401,RU2604,16360.0,24.0,196.0,0.040342298288509326
20260401,RU2605,16415.0,331751.0,63272.0,0.05117270788912709
20260401,RU2606,16485.0,271.0,254.0,-0.01819836214740711
20260401,RU2607,16460.0,524.0,525.0,0.029161603888213428
20260401,RU2608,16500.0,69.0,72.0,0.0036363636363629936
20260401,RU2609,16505.0,175871.0,115270.0,-0.014541048167221682
20260401,RU2610,16485.0,160.0,243.0,0.003639672429482488
20260401,RU2611,16490.0,578.0,660.0,0.0063068526379624085
20260401,RU2701,17270.0,6032.0,7037.0,-0.006948465547191418
20260401,RU2703,17250.0,21.0,22.0,0.0
20260402,RU2604,16615.0,9.0,196.0,0.06139030996087946
20260402,RU2605,16700.0,185312.0,59785.0,0.003592814371256914
20260402,RU2606,16705.0,358.0,343.0,0.03232565100269369
20260402,RU2607,16750.0,712.0,488.0,-0.01791044776119355
20260402,RU2608,16725.0,60.0,81.0,0.0286995515695061
20260402,RU2609,16765.0,115145.0,119784.0,-0.017894422904860985
20260402,RU2610,16740.0,94.0,199.0,0.007168458781362297
20260402,RU2611,16750.0,186.0,645.0,0.005970149253731331
20260402,RU2701,17500.0,1878.0,7149.0,0.008571428571428008
20260402,RU2703,17525.0,9.0,25.0,0.0
20260403,RU2604,16815.0,20.0,192.0,0.02140945584299825
20260403,RU2605,16845.0,199047.0,55553.0,0.014247551202138276
20260403,RU2606,16865.0,355.0,244.0,0.017788319003853026
20260403,RU2607,16890.0,461.0,486.0,0.0
20260403,RU2608,16890.0,71.0,88.0,0.02486678507993023
20260403,RU2609,16925.0,137121.0,125605.0,-0.014180206794682348
20260403,RU2610,16905.0,84.0,211.0,-0.00709849157054121
20260403,RU2611,16895.0,182.0,653.0,0.005879451514254707
20260403,RU2701,17640.0,3447.0,7550.0,0.017006802721088565
20260403,RU2703,17690.0,19.0,26.0,0.0
20260407,RU2604,16930.0,25.0,192.0,-0.0035440047253398888
20260407,RU2605,16925.0,118260.0,53347.0,0.046085672082718965
20260407,RU2606,16990.0,80.0,250.0,0.0035314891112427915
20260407,RU2607,16995.0,237.0,533.0,0.010591350397176846
20260407,RU2608,17010.0,9.0,87.0,0.003527336860670083
20260407,RU2609,17015.0,102625.0,129971.0,-0.014105201292976766
20260407,RU2610,16995.0,62.0,217.0,0.017652250661960522
20260407,RU2611,17020.0,115.0,665.0,0.005366235801018397
20260407,RU2701,17705.0,4311.0,8180.0,-0.008472182999152977
20260407,RU2703,17680.0,8.0,29.0,0.0
20260408,RU2604,16950.0,10.0,190.0,0.02477876106194632
20260408,RU2605,16985.0,188529.0,47746.0,0.03532528701795634
20260408,RU2606,17035.0,257.0,283.0,0.028177282066333298
20260408,RU2607,17075.0,1070.0,794.0,-0.0035139092240115133
20260408,RU2608,17070.0,75.0,138.0,0.038664323374341336
20260408,RU2609,17125.0,208546.0,142116.0,-0.035036496350364654
20260408,RU2610,17075.0,135.0,205.0,0.014055636896046053
20260408,RU2611,17095.0,466.0,631.0,0.006005654674856201
20260408,RU2701,17865.0,6146.0,8910.0,-0.04198152812762368
20260408,RU2703,17740.0,22.0,42.0,0.0
20260409,RU2604,16905.0,0.0,190.0,0.0709849157054121
20260409,RU2605,17005.0,75706.0,40827.0,0.035283740076447856
20260409,RU2606,17055.0,223.0,297.0,0.03166226912928671
20260409,RU2607,17100.0,451.0,837.0,0.021052631578947434
20260409,RU2608,17130.0,14.0,134.0,0.0070052539404565906
20260409,RU2609,17140.0,265971.0,154416.0,0.00700116686114427
20260409,RU2610,17150.0,76.0,170.0,-0.013994169096209319
20260409,RU2611,17130.0,276.0,644.0,0.0054485308425763716
20260409,RU2701,17830.0,5697.0,9845.0,0.006730229949523547
20260409,RU2703,17850.0,15.0,42.0,0.0
20260410,RU2604,16905.0,0.0,190.0,-0.14906832298136674
20260410,RU2605,16695.0,65821.0,34608.0,0.03953279424977474
20260410,RU2606,16750.0,329.0,345.0,0.01791044776119488
20260410,RU2607,16775.0,685.0,897.0,0.007153502235469844
20260410,RU2608,16785.0,171.0,210.0,0.021447721179625567
20260410,RU2609,16815.0,311929.0,156066.0,-0.010704727921499124
20260410,RU2610,16800.0,104.0,158.0,0.003571428571429891
20260410,RU2611,16805.0,439.0,697.0,0.005791927005851427
20260410,RU2701,17535.0,6186.0,10129.0,-0.0051325919589391145
20260410,RU2703,17520.0,24.0,35.0,0.0
20260413,RU2604,16905.0,0.0,190.0,-0.15616681455190795
20260413,RU2605,16685.0,45670.0,30672.0,0.03596044351213745
20260413,RU2606,16735.0,201.0,275.0,0.02151180161338484
20260413,RU2607,16765.0,740.0,902.0,0.0035788845809729963
20260413,RU2608,16770.0,193.0,180.0,0.017889087656528524
20260413,RU2609,16795.0,284602.0,153389.0,-0.021434950878237213
20260413,RU2610,16765.0,43.0,144.0,-0.003578884580971664
20260413,RU2611,16760.0,993.0,1034.0,0.006125696101829744
20260413,RU2701,17530.0,6077.0,10254.0,-0.06332002281802596
20260413,RU2703,17345.0,15.0,34.0,0.0
20260414,RU2604,16905.0,0.0,190.0,-0.20230700976042648
20260414,RU2605,16620.0,30016.0,28999.0,0.03971119133573975
20260414,RU2606,16675.0,167.0,301.0,0.03598200899550186
20260414,RU2607,16725.0,372.0,914.0,0.0
20260414,RU2608,16725.0,43.0,178.0,0.01076233183856612
20260414,RU2609,16740.0,245263.0,152384.0,-0.02150537634408556
20260414,RU2610,16710.0,38.0,148.0,0.0071813285457817955
20260414,RU2611,16720.0,262.0,1032.0,0.006020733652312593
20260414,RU2701,17475.0,3926.0,10975.0,-0.0017167381974245721
20260414,RU2703,17470.0,7.0,34.0,0.0
20260415,RU2604,16905.0,0.0,190.0,-0.1739130434782603
20260415,RU2605,16660.0,24220.0,27396.0,0.028811524609844597
20260415,RU2606,16700.0,155.0,296.0,0.057485029940118615
20260415,RU2607,16780.0,267.0,910.0,-0.0035756853396904376
20260415,RU2608,16775.0,78.0,178.0,0.01788375558867461
20260415,RU2609,16800.0,227316.0,154163.0,0.0
20260415,RU2610,16800.0,33.0,149.0,-0.0071428571428571175
20260415,RU2611,16790.0,232.0,1035.0,0.005955926146515781
20260415,RU2701,17540.0,2901.0,11033.0,-0.006841505131128578
20260415,RU2703,17520.0,12.0,32.0,0.0
20260416,RU2605,16680.0,24269.0,26326.0,0.03597122302158251
20260416,RU2606,16730.0,82.0,291.0,0.03586371787208531
20260416,RU2607,16780.0,292.0,924.0,-0.0035756853396904376
20260416,RU2608,16775.0,25.0,181.0,0.021460506706409532
20260416,RU2609,16805.0,266468.0,159391.0,-0.01428146385004414
20260416,RU2610,16785.0,32.0,147.0,-0.007149240393208078
20260416,RU2611,16775.0,165.0,1043.0,0.0059215101838052675
20260416,RU2701,17520.0,2692.0,11268.0,0.020547945205478868
20260416,RU2703,17580.0,10.0,32.0,-0.020477815699659008
20260416,RU2704,17550.0,17.0,10.0,0.0
20260417,RU2605,16535.0,26819.0,23862.0,0.029029331720591856
20260417,RU2606,16575.0,117.0,285.0,0.0036199095022624306
20260417,RU2607,16580.0,230.0,910.0,-0.0832328106151996
20260417,RU2608,16465.0,49.0,176.0,0.12025508654722117
20260417,RU2609,16630.0,299313.0,159547.0,-0.014431749849669107
20260417,RU2610,16610.0,40.0,156.0,0.0
20260417,RU2611,16610.0,258.0,1044.0,0.0059803331326510134
20260417,RU2701,17355.0,4164.0,11552.0,-0.010371650821089151
20260417,RU2703,17325.0,15.0,31.0,-0.020779220779220342
20260417,RU2704,17295.0,4.0,11.0,0.0
20260420,RU2605,16945.0,32055.0,22051.0,0.03894954263794581
20260420,RU2606,17000.0,315.0,330.0,0.038823529411764035
20260420,RU2607,17055.0,396.0,947.0,0.024626209322780035
20260420,RU2608,17090.0,158.0,193.0,-0.007021650087771114
20260420,RU2609,17080.0,344937.0,174962.0,0.003512880562061227
20260420,RU2610,17085.0,96.0,164.0,-0.01404741000877996
20260420,RU2611,17065.0,403.0,1150.0,0.005859947260474651
20260420,RU2701,17815.0,7372.0,12375.0,0.015155767611563675
20260420,RU2703,17860.0,15.0,30.0,-0.04703247480403139
20260420,RU2704,17790.0,13.0,15.0,0.0
20260421,RU2605,16920.0,19348.0,20064.0,0.04964539007092306
20260421,RU2606,16990.0,140.0,325.0,0.02472042377869421
20260421,RU2607,17025.0,172.0,956.0,0.014096916299560114
20260421,RU2608,17045.0,18.0,193.0,0.014080375476678064
20260421,RU2609,17065.0,251739.0,182907.0,0.0
20260421,RU2610,17065.0,32.0,157.0,-0.02461177849399343
20260421,RU2611,17030.0,290.0,1089.0,0.00598943041691132
20260421,RU2701,17795.0,5266.0,12438.0,0.0016858668165209423
20260421,RU2703,17800.0,14.0,31.0,-0.06741573033707882
20260421,RU2704,17700.0,3.0,18.0,0.0
20260422,RU2605,17070.0,25049.0,17304.0,0.04569420035149285
20260422,RU2606,17135.0,166.0,293.0,0.028012839217973706
20260422,RU2607,17175.0,388.0,978.0,0.027947598253276418
20260422,RU2608,17215.0,43.0,194.0,0.003485332558814669
20260422,RU2609,17220.0,296397.0,193347.0,0.0
20260422,RU2610,17220.0,44.0,159.0,-0.013937282229965042
20260422,RU2611,17200.0,277.0,1133.0,0.00569767441860464
20260422,RU2701,17935.0,7558.0,13324.0,0.0016727069974904474
20260422,RU2703,17940.0,21.0,41.0,-0.02675585284280979
20260422,RU2704,17900.0,14.0,26.0,0.0
20260423,RU2605,16955.0,36613.0,15573.0,0.03184901209082902
20260423,RU2606,17000.0,349.0,366.0,0.04941176470588271
20260423,RU2607,17070.0,842.0,1206.0,0.014059753954305698
20260423,RU2608,17090.0,165.0,237.0,0.021064950263310678
20260423,RU2609,17120.0,503399.0,199237.0,0.003504672897196137
20260423,RU2610,17125.0,134.0,132.0,-0.014014598540145862
20260423,RU2611,17105.0,568.0,1143.0,0.006197018415667947
20260423,RU2701,17900.0,15196.0,14723.0,0.008379888268156499
20260423,RU2703,17925.0,40.0,43.0,-0.02008368200836852
20260423,RU2704,17895.0,44.0,34.0,0.0
20260424,RU2605,16895.0,24621.0,14233.0,0.0390648120745789
20260424,RU2606,16950.0,134.0,363.0,0.046017699115043165
20260424,RU2607,17015.0,349.0,1189.0,0.035263003232443246
20260424,RU2608,17065.0,121.0,229.0,-0.003515968356284205
20260424,RU2609,17060.0,305088.0,193257.0,-0.003516998827667095
20260424,RU2610,17055.0,31.0,126.0,-0.010554089709762682
20260424,RU2611,17040.0,192.0,1108.0,0.006181533646322368
20260424,RU2701,17830.0,10777.0,14469.0,0.010095344924285321
20260424,RU2703,17860.0,7.0,43.0,-0.013437849944009539
20260424,RU2704,17840.0,17.0,35.0,0.0
20260427,RU2605,17070.0,16951.0,10241.0,0.052724077328647034
20260427,RU2606,17145.0,156.0,377.0,0.031496062992126816
20260427,RU2607,17190.0,377.0,1237.0,0.0139616055846421
20260427,RU2608,17210.0,70.0,190.0,0.01045903544450777
20260427,RU2609,17225.0,295265.0,194078.0,0.017416545718432097
20260427,RU2610,17250.0,65.0,118.0,-0.010434782608696125
20260427,RU2611,17235.0,881.0,1475.0,0.005840827772942644
20260427,RU2701,17990.0,10404.0,15516.0,0.010005558643690904
20260427,RU2703,18020.0,1.0,43.0,-0.013318534961154427
20260427,RU2704,18000.0,14.0,37.0,0.0
20260428,RU2605,17225.0,17882.0,7097.0,0.05573294629898484
20260428,RU2606,17305.0,208.0,383.0,0.03813926610806018
20260428,RU2607,17360.0,466.0,1235.0,-0.006912442396313168
20260428,RU2608,17350.0,85.0,167.0,0.031123919308356562
20260428,RU2609,17395.0,355892.0,192155.0,-0.03449267030755987
20260428,RU2610,17345.0,150.0,151.0,0.006918420294034
20260428,RU2611,17355.0,1024.0,1777.0,0.005954095841736281
20260428,RU2701,18130.0,11312.0,16266.0,-0.001654715940430318
20260428,RU2703,18125.0,16.0,44.0,-0.01986206896551712
20260428,RU2704,18095.0,23.0,43.0,0.0
20260429,RU2605,17470.0,13841.0,5014.0,0.06525472238122454
20260429,RU2606,17565.0,430.0,464.0,0.010247651579847528
20260429,RU2607,17580.0,721.0,1219.0,0.01023890784983017
20260429,RU2608,17595.0,37.0,168.0,0.027280477408355708
20260429,RU2609,17635.0,398376.0,199149.0,-0.017011624610149934
20260429,RU2610,17610.0,99.0,165.0,0.02044293015332066
20260429,RU2611,17640.0,851.0,1930.0,0.0058201058201058295
20260429,RU2701,18410.0,14163.0,17147.0,-0.009777294948397408
20260429,RU2703,18380.0,46.0,52.0,-0.045701849836779385
20260429,RU2704,18310.0,27.0,54.0,0.0
20260430,RU2605,17410.0,4207.0,3352.0,0.05169442848937411
20260430,RU2606,17485.0,225.0,507.0,0.024020589076350518
20260430,RU2607,17520.0,320.0,1180.0,-0.003424657534246034
20260430,RU2608,17515.0,76.0,183.0,0.05138452754781486
20260430,RU2609,17590.0,276267.0,191346.0,0.006822057987491803
20260430,RU2610,17600.0,59.0,158.0,-0.006818181818182278
20260430,RU2611,17590.0,607.0,1965.0,0.005647148000757992
20260430,RU2701,18335.0,17163.0,17499.0,-0.003272429779110686
20260430,RU2703,18325.0,16.0,49.0,-0.042564802182810446
20260430,RU2704,18260.0,14.0,52.0,0.0
20260506,RU2605,17655.0,1208.0,2850.0,0.057774001699234745
20260506,RU2606,17740.0,213.0,520.0,0.0
20260506,RU2607,17740.0,273.0,1205.0,0.0033821871476877874
20260506,RU2608,17745.0,24.0,183.0,0.016906170752323924
20260506,RU2609,17770.0,246957.0,201756.0,0.003376477208779427
20260506,RU2610,17775.0,71.0,132.0,0.01687763713080237
20260506,RU2611,17800.0,312.0,1999.0,0.0053932584269662815
20260506,RU2701,18520.0,17779.0,18465.0,0.006479481641469054
20260506,RU2703,18540.0,34.0,62.0,-0.042071197411003514
20260506,RU2704,18475.0,33.0,60.0,0.0
20260507,RU2605,17835.0,1663.0,2295.0,0.05382674516400421
20260507,RU2606,17915.0,614.0,656.0,-0.010047446274072502
20260507,RU2607,17900.0,523.0,1143.0,-0.05363128491620106
20260507,RU2608,17820.0,99.0,203.0,0.08417508417508479
20260507,RU2609,17945.0,432915.0,211502.0,0.010030649205908126
20260507,RU2610,17960.0,102.0,140.0,0.0033407572383072903
20260507,RU2611,17965.0,415.0,1974.0,0.005380833101400858
20260507,RU2701,18690.0,25900.0,19256.0,-0.006420545746388173
20260507,RU2703,18670.0,67.0,80.0,-0.0642742367434388
20260507,RU2704,18570.0,38.0,63.0,0.0
20260508,RU2605,17730.0,1561.0,1798.0,0.08798646362098062
20260508,RU2606,17860.0,686.0,697.0,-0.030235162374019797
20260508,RU2607,17815.0,717.0,1150.0,0.0067358967162514105
20260508,RU2608,17825.0,81.0,205.0,0.003366058906030922
20260508,RU2609,17830.0,452438.0,205462.0,0.023555804823332416
20260508,RU2610,17865.0,105.0,149.0,0.0033585222502088286
20260508,RU2611,17870.0,1031.0,2153.0,0.005334825592240241
20260508,RU2701,18585.0,24183.0,19700.0,0.0016142050040355294
20260508,RU2703,18590.0,48.0,77.0,-0.02904787520172114
20260508,RU2704,18545.0,43.0,66.0,0.0
20260511,RU2605,17785.0,188.0,1748.0,0.0
20260511,RU2606,17785.0,434.0,706.0,0.0404835535563679
20260511,RU2607,17845.0,566.0,1090.0,-0.030260577192490867
20260511,RU2608,17800.0,108.0,208.0,0.0438202247191013
20260511,RU2609,17865.0,338959.0,204956.0,-0.040302267002519265
20260511,RU2610,17805.0,63.0,162.0,0.07076663858466592
20260511,RU2611,17910.0,405.0,2176.0,0.005322910850549049
20260511,RU2701,18625.0,19708.0,20040.0,0.0016107382550329952
20260511,RU2703,18630.0,35.0,90.0,-0.02254428341384873
20260511,RU2704,18595.0,26.0,74.0,0.0
20260512,RU2605,17600.0,186.0,1706.0,0.07840909090909154
20260512,RU2606,17715.0,317.0,702.0,-0.0033869602032172708
20260512,RU2607,17710.0,610.0,1091.0,-0.006775832862789155
20260512,RU2608,17700.0,5.0,204.0,0.033898305084744784
20260512,RU2609,17750.0,348526.0,203078.0,0.006760563380282747
20260512,RU2610,17760.0,65.0,164.0,0.020270270270271062
20260512,RU2611,17790.0,296.0,2197.0,0.005246393104740487
20260512,RU2701,18490.0,21644.0,20496.0,0.00973499188750715
20260512,RU2703,18520.0,43.0,94.0,-0.07451403887688945
20260512,RU2704,18405.0,12.0,73.0,0.0
20260513,RU2605,18205.0,71.0,1696.0,0.0560285635814326
20260513,RU2606,18290.0,464.0,738.0,-0.016402405686167132
20260513,RU2607,18265.0,793.0,1126.0,0.00656994251300258
20260513,RU2608,18275.0,174.0,250.0,0.03283173734610223
20260513,RU2609,18325.0,428371.0,229923.0,-0.013096862210095317
20260513,RU2610,18305.0,116.0,143.0,0.02622234362196174
20260513,RU2611,18345.0,575.0,2244.0,0.0050149904606159685
20260513,RU2701,19035.0,28527.0,22944.0,0.0047281323877061965
20260513,RU2703,19050.0,43.0,95.0,-0.031496062992125484
20260513,RU2704,19000.0,43.0,89.0,0.0
20260514,RU2605,17715.0,96.0,1652.0,-0.0033869602032172708
20260514,RU2606,17710.0,1008.0,690.0,0.0033879164313939114
20260514,RU2607,17715.0,1263.0,1085.0,0.0033869602032172708
20260514,RU2608,17720.0,158.0,215.0,0.030474040632054056
20260514,RU2609,17765.0,506593.0,203974.0,0.0033774275260336495
20260514,RU2610,17770.0,171.0,161.0,0.020258863252673898
20260514,RU2611,17800.0,636.0,2359.0,0.0053932584269662815
20260514,RU2701,18520.0,31875.0,22323.0,0.01943844492440583
20260514,RU2703,18580.0,37.0,96.0,-0.038751345532831216
20260514,RU2704,18520.0,47.0,71.0,0.0
20260515,RU2605,17530.0,30.0,1637.0,0.01026811180832965
20260515,RU2606,17545.0,523.0,759.0,-0.006839555428896915
20260515,RU2607,17535.0,883.0,1061.0,-0.03763900769888817
20260515,RU2608,17480.0,63.0,218.0,0.0720823798626995
20260515,RU2609,17585.0,387907.0,191052.0,-0.010235996588001228
20260515,RU2610,17570.0,120.0,154.0,0.013659647125783714
20260515,RU2611,17590.0,594.0,2503.0,0.005836649611521713
20260515,RU2701,18360.0,28387.0,20555.0,-0.009803921568627416
20260515,RU2703,18330.0,25.0,95.0,0.009819967266776253
20260515,RU2704,18345.0,32.0,86.0,0.0
20260518,RU2606,17730.0,540.0,836.0,-0.04060913705583813
20260518,RU2607,17670.0,935.0,1083.0,0.02037351443123825
20260518,RU2608,17700.0,23.0,206.0,-0.00677966101694949
20260518,RU2609,17690.0,300281.0,192149.0,0.010175240248726958
20260518,RU2610,17705.0,105.0,165.0,-0.010166619598983573
20260518,RU2611,17690.0,2501.0,1823.0,0.005615225174298111
20260518,RU2701,18435.0,21339.0,19540.0,0.014646053702196848
20260518,RU2703,18480.0,22.0,93.0,-0.012987012987013546
20260518,RU2704,18460.0,39.0,82.0,-0.045503791982664854
20260518,RU2705,18390.0,62.0,22.0,0.0
20260519,RU2606,17750.0,351.0,805.0,-0.04056338028168982
20260519,RU2607,17690.0,437.0,1020.0,0.02035048049745658
20260519,RU2608,17720.0,10.0,201.0,0.013544018058691876
20260519,RU2609,17740.0,296477.0,189733.0,0.0
20260519,RU2610,17740.0,25.0,159.0,-0.030439684329199412
20260519,RU2611,17695.0,906.0,1724.0,0.005915041913911641
20260519,RU2701,18480.0,18449.0,19797.0,0.012987012987013546
20260519,RU2703,18520.0,18.0,94.0,-0.058315334773217486
20260519,RU2704,18430.0,17.0,82.0,0.02278893109061375
20260519,RU2705,18465.0,126.0,88.0,0.0
20260520,RU2606,17510.0,696.0,816.0,-0.010279840091375725
20260520,RU2607,17495.0,702.0,839.0,0.006859102600743405
20260520,RU2608,17505.0,76.0,192.0,0.02399314481576642
20260520,RU2609,17540.0,390180.0,182079.0,-0.030786773090079933
20260520,RU2610,17495.0,64.0,144.0,0.03086596170334399
20260520,RU2611,17540.0,1164.0,1609.0,0.005587229190421894
20260520,RU2701,18275.0,27179.0,19867.0,0.00984952120382987
20260520,RU2703,18305.0,46.0,78.0,-0.02622234362196174
20260520,RU2704,18265.0,38.0,83.0,0.03613468382151552
20260520,RU2705,18320.0,234.0,126.0,0.0
20260521,RU2606,17370.0,350.0,791.0,-0.010362694300518616
20260521,RU2607,17355.0,478.0,709.0,-0.03457216940363006
20260521,RU2608,17305.0,33.0,192.0,0.027737648078590915
20260521,RU2609,17345.0,323918.0,179803.0,0.0
20260521,RU2610,17345.0,76.0,153.0,0.006918420294034
20260521,RU2611,17355.0,548.0,1610.0,0.005877268798617111
20260521,RU2701,18120.0,21958.0,21209.0,0.006622516556290758
20260521,RU2703,18140.0,18.0,73.0,-0.0033076074972431257
20260521,RU2704,18135.0,25.0,81.0,0.016542597187757302
20260521,RU2705,18160.0,157.0,189.0,0.0
20260522,RU2606,17435.0,331.0,824.0,-0.003441353599082042
20260522,RU2607,17430.0,583.0,655.0,-0.013769363166953319
20260522,RU2608,17410.0,54.0,171.0,0.006892590465248816
20260522,RU2609,17420.0,300661.0,178563.0,0.003444316877152964
20260522,RU2610,17425.0,229.0,143.0,-0.010329985652797635
20260522,RU2611,17410.0,2287.0,1576.0,0.005820409726211
20260522,RU2701,18170.0,25418.0,20235.0,0.011557512383048696
20260522,RU2703,18205.0,11.0,75.0,-0.006591595715462972
20260522,RU2704,18195.0,18.0,79.0,0.0032976092333063534
20260522,RU2705,18200.0,143.0,207.0,0.0
20260525,RU2606,17440.0,1052.0,700.0,0.0
20260525,RU2607,17440.0,386.0,562.0,0.013761467889907841
20260525,RU2608,17460.0,129.0,145.0,0.0
20260525,RU2609,17460.0,263840.0,181003.0,-0.010309278350515427
20260525,RU2610,17445.0,37.0,141.0,0.0
20260525,RU2611,17445.0,713.0,1631.0,0.005770516862520303
20260525,RU2701,18200.0,18923.0,20589.0,-0.03296703296703285
20260525,RU2703,18100.0,0.0,75.0,0.07955801104972249
20260525,RU2704,18220.0,8.0,79.0,0.019758507135015257
20260525,RU2705,18250.0,91.0,240.0,0.0
20260526,RU2606,17310.0,662.0,437.0,0.020797227036394972
20260526,RU2607,17340.0,584.0,597.0,-0.010380622837369735
20260526,RU2608,17325.0,10.0,143.0,0.027705627705627123
20260526,RU2609,17365.0,303466.0,177925.0,-0.003455226029369207
20260526,RU2610,17360.0,48.0,153.0,-0.020737327188939503
20260526,RU2611,17330.0,1218.0,1638.0,0.006078091940757849
20260526,RU2701,18120.0,20969.0,20811.0,0.011589403973510493
20260526,RU2703,18155.0,7.0,76.0,-0.003304874690167825
20260526,RU2704,18150.0,42.0,105.0,0.036363636363635266
20260526,RU2705,18205.0,220.0,331.0,0.0
20260527,RU2606,17330.0,248.0,316.0,0.027697634160414708
20260527,RU2607,17370.0,1042.0,699.0,0.02072538860103723
20260527,RU2608,17400.0,28.0,143.0,-0.0034482758620688614
20260527,RU2609,17395.0,409951.0,177846.0,0.0
20260527,RU2610,17395.0,70.0,154.0,-0.01034780109226796
20260527,RU2611,17380.0,1419.0,1680.0,0.006137322593018801
20260527,RU2701,18180.0,31288.0,23629.0,0.0066006600660064585
20260527,RU2703,18200.0,14.0,78.0,0.0
20260527,RU2704,18200.0,29.0,106.0,0.02637362637362628
20260527,RU2705,18240.0,239.0,363.0,0.0
20260528,RU2606,17755.0,110.0,274.0,0.04055195719515581
20260528,RU2607,17815.0,1614.0,1018.0,0.016839741790627194
20260528,RU2608,17840.0,70.0,149.0,0.006726457399102159
20260528,RU2609,17850.0,387649.0,191092.0,-0.003361344537815114
20260528,RU2610,17845.0,36.0,150.0,-0.0033622863547209114
20260528,RU2611,17840.0,1010.0,1594.0,0.005642750373692084
20260528,RU2701,18595.0,29869.0,25793.0,0.022586716859371414
20260528,RU2703,18665.0,10.0,77.0,-0.03536030002678858
20260528,RU2704,18610.0,21.0,102.0,0.019344438473939185
20260528,RU2705,18640.0,178.0,425.0,0.0
20260529,RU2606,17690.0,102.0,231.0,0.0712266817410967
20260529,RU2607,17795.0,1244.0,979.0,0.006743467266086434
20260529,RU2608,17805.0,79.0,160.0,0.03032855939342749
20260529,RU2609,17850.0,297698.0,189801.0,-0.006722689075630228
20260529,RU2610,17840.0,43.0,146.0,0.0033632286995510796
20260529,RU2611,17845.0,454.0,1559.0,0.005902680489399467
20260529,RU2701,18635.0,24849.0,26593.0,0.0
20260529,RU2703,18635.0,10.0,75.0,0.02253823450496295
20260529,RU2704,18670.0,6.0,98.0,0.0
20260529,RU2705,18670.0,95.0,445.0,0.0
20260601,RU2606,17870.0,18.0,226.0,0.09065472859541224
20260601,RU2607,18005.0,1114.0,1023.0,0.006664815329075147
20260601,RU2608,18015.0,30.0,162.0,0.03330557868442874
20260601,RU2609,18065.0,316733.0,193053.0,0.0
20260601,RU2610,18065.0,93.0,149.0,0.023249377248823144
20260601,RU2611,18100.0,2257.0,2476.0,0.005598526703499088
20260601,RU2701,18860.0,28196.0,27932.0,0.0
20260601,RU2703,18860.0,20.0,82.0,0.015906680805938045
20260601,RU2704,18885.0,18.0,102.0,-0.00317712470214504
20260601,RU2705,18880.0,338.0,530.0,0.0
20260602,RU2606,18005.0,45.0,213.0,0.06998056095529037
20260602,RU2607,18110.0,1056.0,1047.0,0.03975704030922156
20260602,RU2608,18170.0,17.0,163.0,0.0
20260602,RU2609,18170.0,331575.0,194821.0,-0.00330214639515658
20260602,RU2610,18165.0,73.0,163.0,0.013212221304708116
20260602,RU2611,18185.0,1006.0,2533.0,0.005682338924021627
20260602,RU2701,18960.0,31616.0,29238.0,0.01740506329113911
20260602,RU2703,19015.0,52.0,118.0,-0.01577701814357102
20260602,RU2704,18990.0,52.0,110.0,0.025276461295417718
20260602,RU2705,19030.0,314.0,607.0,0.0
20260603,RU2606,18000.0,27.0,207.0,0.06666666666666643
20260603,RU2607,18100.0,1431.0,1076.0,0.023204419889502503
20260603,RU2608,18135.0,35.0,169.0,0.01985111662531036
20260603,RU2609,18165.0,371024.0,191901.0,0.003303055326176363
20260603,RU2610,18170.0,99.0,170.0,0.019812878370942144
20260603,RU2611,18200.0,2346.0,2843.0,0.005238095238095249
20260603,RU2701,18915.0,42586.0,32151.0,-0.007930214115781098
20260603,RU2703,18890.0,35.0,128.0,0.0571731074642674
20260603,RU2704,18980.0,30.0,109.0,0.0
20260603,RU2705,18980.0,336.0,645.0,0.0
20260604,RU2606,17715.0,2.0,206.0,0.07790008467400522
20260604,RU2607,17830.0,1148.0,1014.0,0.0033651149747617737
20260604,RU2608,17835.0,54.0,167.0,0.060555088309502736
20260604,RU2609,17925.0,397923.0,179922.0,0.006694560669455285
20260604,RU2610,17935.0,99.0,179.0,0.010036241984945349
20260604,RU2611,17950.0,1802.0,3034.0,0.005496750232126264
20260604,RU2701,18690.0,37938.0,30329.0,0.011235955056179137
20260604,RU2703,18725.0,161.0,229.0,0.0064085447263018125
20260604,RU2704,18735.0,37.0,107.0,0.016012810248199116
20260604,RU2705,18760.0,663.0,828.0,0.0
20260605,RU2606,17660.0,23.0,206.0,0.08493771234428138
20260605,RU2607,17785.0,1104.0,1004.0,0.03036266516727526
20260605,RU2608,17830.0,40.0,164.0,0.020190689848570642
20260605,RU2609,17860.0,306702.0,174183.0,0.010078387458006155
20260605,RU2610,17875.0,68.0,160.0,0.006713286713285527
20260605,RU2611,17885.0,958.0,2857.0,0.005479452054794513
20260605,RU2701,18620.0,24300.0,30609.0,0.006444683136412888
20260605,RU2703,18640.0,27.0,229.0,-0.00965665236051505
20260605,RU2704,18625.0,24.0,104.0,0.05798657718120914
20260605,RU2705,18715.0,617.0,822.0,0.0
20260608,RU2606,17370.0,24.0,205.0,0.09326424870466354
20260608,RU2607,17505.0,1679.0,879.0,0.037703513281920564
20260608,RU2608,17560.0,45.0,156.0,0.003416856492027165
20260608,RU2609,17565.0,349035.0,160319.0,-0.006831767719897908
20260608,RU2610,17555.0,71.0,159.0,0.02050697806892643
20260608,RU2611,17585.0,932.0,2870.0,0.005648753672637655
20260608,RU2701,18330.0,42345.0,27893.0,0.008183306055646877
20260608,RU2703,18355.0,70.0,226.0,0.016344320348679275
20260608,RU2704,18380.0,116.0,92.0,0.01958650707290488
20260608,RU2705,18410.0,1010.0,876.0,0.0
20260609,RU2606,17520.0,7.0,203.0,0.003424657534247366
20260609,RU2607,17525.0,993.0,893.0,0.04108416547788796
20260609,RU2608,17585.0,19.0,153.0,0.003411998862667076
20260609,RU2609,17590.0,294662.0,158908.0,0.01364411597498627
20260609,RU2610,17610.0,194.0,157.0,-0.003407155025552999
20260609,RU2611,17605.0,900.0,2900.0,0.0056423364574457995
20260609,RU2701,18350.0,28090.0,28548.0,0.00980926430517659
20260609,RU2703,18380.0,108.0,248.0,-0.016322089227420733
20260609,RU2704,18355.0,14.0,95.0,0.042495232906563984
20260609,RU2705,18420.0,307.0,907.0,0.0
20260610,RU2606,17485.0,0.0,203.0,-0.12353445810694819
20260610,RU2607,17305.0,1099.0,979.0,0.0
20260610,RU2608,17305.0,34.0,150.0,0.01733603004911899
20260610,RU2609,17330.0,324260.0,160045.0,-0.0034622042700518385
20260610,RU2610,17325.0,89.0,182.0,-0.006926406926406781
20260610,RU2611,17315.0,2404.0,2374.0,0.005852343825199716
20260610,RU2701,18075.0,30096.0,29280.0,0.01327800829875514
20260610,RU2703,18115.0,51.0,239.0,-0.02318520563069315
20260610,RU2704,18080.0,33.0,81.0,0.02654867256637239
20260610,RU2705,18120.0,577.0,912.0,0.0
20260611,RU2606,17400.0,5.0,200.0,0.02068965517241317
20260611,RU2607,17430.0,336.0,928.0,-0.0068846815834766595
20260611,RU2608,17420.0,11.0,149.0,0.03444316877152698
20260611,RU2609,17470.0,211769.0,156811.0,0.0
20260611,RU2610,17470.0,35.0,178.0,-0.013737836290783623
20260611,RU2611,17450.0,728.0,2304.0,0.005883476599808989
20260611,RU2701,18220.0,19071.0,29827.0,0.008232711306257467
20260611,RU2703,18245.0,20.0,243.0,0.009865716634694266
20260611,RU2704,18260.0,13.0,78.0,0.01971522453450092
20260611,RU2705,18290.0,374.0,1033.0,0.0
20260612,RU2606,17500.0,1.0,199.0,0.017142857142856016
20260612,RU2607,17525.0,581.0,878.0,-0.010271041369472655
20260612,RU2608,17510.0,17.0,151.0,0.037692747001714544
20260612,RU2609,17565.0,255349.0,156486.0,0.010247651579847528
20260612,RU2610,17580.0,67.0,170.0,0.0
20260612,RU2611,17580.0,1630.0,2675.0,0.005574516496018204
20260612,RU2701,18315.0,24249.0,30062.0,0.0016380016380015405
20260612,RU2703,18320.0,27.0,243.0,0.01637554585152934
20260612,RU2704,18345.0,16.0,79.0,0.022894521668028744
20260612,RU2705,18380.0,1270.0,988.0,0.0
20260615,RU2606,17500.0,0.0,199.0,0.1474285714285708
20260615,RU2607,17715.0,977.0,849.0,0.0067739204064345415
20260615,RU2608,17725.0,53.0,164.0,0.023695345557121605
20260615,RU2609,17760.0,315546.0,163214.0,-0.010135135135135531
20260615,RU2610,17745.0,82.0,169.0,0.0
20260615,RU2611,17745.0,3411.0,2858.0,0.005785667324128862
20260615,RU2701,18515.0,31504.0,30431.0,0.008101539292465265
20260615,RU2703,18540.0,29.0,239.0,0.012944983818770517
20260615,RU2704,18560.0,33.0,76.0,0.012931034482758896
20260615,RU2705,18580.0,880.0,1153.0,0.0
20260616,RU2607,18090.0,1024.0,973.0,0.003316749585406953
20260616,RU2608,18095.0,126.0,217.0,0.026526664824538138
20260616,RU2609,18135.0,361618.0,169498.0,-0.013234077750206907
20260616,RU2610,18115.0,97.0,161.0,0.009936516698868303
20260616,RU2611,18130.0,849.0,2911.0,0.005589262732119889
20260616,RU2701,18890.0,36983.0,32347.0,0.004764425622022728
20260616,RU2703,18905.0,158.0,199.0,0.0031737635546154053
20260616,RU2704,18910.0,26.0,84.0,0.012691697514541467
20260616,RU2705,18930.0,1420.0,1280.0,0.006339144215531611
20260616,RU2706,18940.0,7.0,4.0,0.0
20260617,RU2607,17835.0,989.0,904.0,0.01345668629099972
20260617,RU2608,17855.0,61.0,200.0,0.023522822738727633
20260617,RU2609,17890.0,276247.0,162057.0,0.01676914477361624
20260617,RU2610,17915.0,85.0,163.0,-0.010047446274072502
20260617,RU2611,17900.0,1083.0,2770.0,0.005772811918063307
20260617,RU2701,18675.0,24137.0,32841.0,-0.0016064257028109985
20260617,RU2703,18670.0,39.0,207.0,0.022495982860204045
20260617,RU2704,18705.0,59.0,97.0,0.009623095429029505
20260617,RU2705,18720.0,548.0,1241.0,-0.028846153846153744
20260617,RU2706,18675.0,8.0,5.0,0.0
20260618,RU2607,17750.0,813.0,876.0,0.01352112676056283
20260618,RU2608,17770.0,39.0,197.0,0.010129431626335617
20260618,RU2609,17785.0,260826.0,154652.0,0.0033736294630308805
20260618,RU2610,17790.0,171.0,166.0,0.006745362563237656
20260618,RU2611,17800.0,621.0,2789.0,0.005730337078651685
20260618,RU2701,18565.0,24623.0,32231.0,0.004847831941825476
20260618,RU2703,18580.0,39.0,209.0,0.012917115177610405
20260618,RU2704,18600.0,61.0,68.0,0.006451612903225268
20260618,RU2705,18610.0,452.0,1235.0,-0.006448146157979728
20260618,RU2706,18600.0,21.0,7.0,0.0
20260622,RU2607,17800.0,754.0,863.0,-0.013483146067416296
20260622,RU2608,17780.0,17.0,194.0,0.043869516310461876
20260622,RU2609,17845.0,192459.0,158280.0,0.0033622863547222437
20260622,RU2610,17850.0,77.0,163.0,-0.003361344537815114
20260622,RU2611,17845.0,538.0,2819.0,0.005827963014850113
20260622,RU2701,18625.0,22650.0,33150.0,-0.025771812080536582
20260622,RU2703,18545.0,14.0,211.0,0.012941493664061277
20260622,RU2704,18565.0,7.0,69.0,0.06140587126312891
20260622,RU2705,18660.0,449.0,1244.0,-0.006430868167202952
20260622,RU2706,18650.0,22.0,8.0,0.0
20260623,RU2607,17630.0,1617.0,878.0,-0.013613159387407592
20260623,RU2608,17610.0,61.0,180.0,0.044293015332198316
20260623,RU2609,17675.0,354106.0,150558.0,0.010183875530411335
20260623,RU2610,17690.0,100.0,184.0,-0.01695873374788004
20260623,RU2611,17665.0,916.0,2869.0,0.00600056609114068
20260623,RU2701,18460.0,44886.0,34345.0,0.00487540628385652
20260623,RU2703,18475.0,37.0,199.0,-0.01299052774019005
20260623,RU2704,18455.0,20.0,67.0,0.022758060146300885
20260623,RU2705,18490.0,1213.0,1406.0,-0.0032449972958357165
20260623,RU2706,18485.0,18.0,8.0,0.0
20260624,RU2607,17585.0,2767.0,1215.0,-0.003411998862667076
20260624,RU2608,17580.0,145.0,200.0,0.01706484641638273
20260624,RU2609,17605.0,303855.0,146023.0,-0.006816245384833941
20260624,RU2610,17595.0,121.0,185.0,0.02046035805626545
20260624,RU2611,17625.0,928.0,2883.0,0.006014184397163133
20260624,RU2701,18420.0,32364.0,35362.0,-0.0032573289902280145
20260624,RU2703,18410.0,71.0,186.0,-0.006518196632264939
20260624,RU2704,18400.0,18.0,62.0,0.029347826086957518
20260624,RU2705,18445.0,830.0,1523.0,0.006505828137705727
20260624,RU2706,18455.0,14.0,8.0,0.0
20260625,RU2607,16660.0,2080.0,487.0,0.0
20260625,RU2608,16660.0,425.0,227.0,0.01800720288115354
20260625,RU2609,16685.0,542923.0,141900.0,0.01438417740485498
20260625,RU2610,16705.0,366.0,206.0,-0.025142173002095092
20260625,RU2611,16670.0,4964.0,2603.0,0.006838632273545287
20260625,RU2701,17525.0,66037.0,36578.0,0.0034236804564913292
20260625,RU2703,17535.0,350.0,74.0,0.010265183917879561
20260625,RU2704,17550.0,110.0,53.0,-0.023931623931623403
20260625,RU2705,17515.0,4801.0,1897.0,0.023979446188981512
20260625,RU2706,17550.0,54.0,13.0,0.0
20260626,RU2607,16495.0,422.0,339.0,0.02909972719005882
20260626,RU2608,16535.0,188.0,223.0,-0.003628666465074648
20260626,RU2609,16530.0,306172.0,139914.0,0.007259528130671988
20260626,RU2610,16540.0,206.0,205.0,0.014510278113663233
20260626,RU2611,16560.0,3142.0,3578.0,0.006521739130434797
20260626,RU2701,17370.0,33338.0,38400.0,0.005181347150258642
20260626,RU2703,17385.0,40.0,72.0,-0.006902502157032142
20260626,RU2704,17375.0,21.0,51.0,0.003453237410070642
20260626,RU2705,17380.0,1066.0,1934.0,0.0034522439585735754
20260626,RU2706,17385.0,31.0,15.0,0.0
