date,symbol,close,volume,open_interest,roll_yield
20250526,RM2507,2509.0,14011.0,114026.0,0.3115832007769699
20250526,RM2508,2575.0,4698.0,29905.0,-0.0420152150670579
20250526,RM2509,2566.0,332092.0,606583.0,-0.3292116970404551
20250526,RM2511,2429.0,6602.0,14130.0,-0.2445202891907367
20250526,RM2601,2332.0,42443.0,160878.0,-0.0438994857002915
20250526,RM2603,2315.0,3431.0,14443.0,0.0874801088314705
20250526,RM2605,2349.0,959.0,1511.0,0.0
20250527,RM2507,2540.0,21476.0,109923.0,0.3170347564075361
20250527,RM2508,2608.0,5644.0,29125.0,-0.0414826608606391
20250527,RM2509,2599.0,354434.0,615879.0,-0.3517839066802662
20250527,RM2511,2451.0,2772.0,13673.0,-0.2601491260625345
20250527,RM2601,2347.0,33012.0,164305.0,-0.0539271766344823
20250527,RM2603,2326.0,2898.0,13978.0,0.069246333892516
20250527,RM2605,2353.0,904.0,1509.0,0.0
20250528,RM2507,2539.0,27217.0,105506.0,0.3676843771820014
20250528,RM2508,2618.0,16158.0,24276.0,-0.0643433176966248
20250528,RM2509,2604.0,488864.0,602245.0,-0.3413242464123081
20250528,RM2511,2460.0,8748.0,14603.0,-0.2821405984523096
20250528,RM2601,2347.0,58042.0,161931.0,-0.0384698902838428
20250528,RM2603,2332.0,5229.0,13034.0,0.0563384420990348
20250528,RM2605,2354.0,1133.0,1695.0,0.0
20250529,RM2507,2548.0,24948.0,104170.0,0.3801013017570757
20250529,RM2508,2630.0,3411.0,23830.0,-0.0548781444235796
20250529,RM2509,2618.0,377556.0,578743.0,-0.3637477308986091
20250529,RM2511,2464.0,2884.0,14101.0,-0.2791200938093569
20250529,RM2601,2352.0,32907.0,161812.0,-0.0409557904223992
20250529,RM2603,2336.0,3915.0,12781.0,0.0384042275517112
20250529,RM2605,2351.0,930.0,2072.0,0.0
20250530,RM2507,2567.0,28744.0,101667.0,0.3863883050146218
20250530,RM2508,2651.0,5216.0,23702.0,-0.0635402392288665
20250530,RM2509,2637.0,409980.0,570876.0,-0.3707199259085768
20250530,RM2511,2479.0,3207.0,13745.0,-0.2900792116672976
20250530,RM2601,2362.0,64503.0,164607.0,-0.0433398952615675
20250530,RM2603,2345.0,4091.0,12496.0,0.0153322059581382
20250530,RM2605,2351.0,1205.0,2350.0,0.0
20250603,RM2507,2489.0,37959.0,92240.0,0.3982981189698256
20250603,RM2508,2573.0,4278.0,23385.0,-0.0748540438866904
20250603,RM2509,2557.0,482401.0,552037.0,-0.325446307068894
20250603,RM2511,2422.0,4316.0,14201.0,-0.2762895712895902
20250603,RM2601,2313.0,47084.0,170668.0,-0.0312094331764397
20250603,RM2603,2301.0,4295.0,13813.0,0.0802947446101033
20250603,RM2605,2332.0,1391.0,2654.0,0.0
20250604,RM2507,2461.0,42939.0,85937.0,0.4638951809727864
20250604,RM2508,2558.0,4087.0,22934.0,-0.0705746006000206
20250604,RM2509,2543.0,464176.0,541628.0,-0.3223064336245136
20250604,RM2511,2410.0,2771.0,13899.0,-0.2516784972619195
20250604,RM2601,2311.0,70353.0,180822.0,-0.0312365130671948
20250604,RM2603,2299.0,6895.0,15109.0,0.0777884707269573
20250604,RM2605,2329.0,2070.0,3255.0,0.0
20250605,RM2507,2486.0,21254.0,84764.0,0.4500231317754887
20250605,RM2508,2581.0,1606.0,22634.0,-0.0652682261696816
20250605,RM2509,2567.0,373962.0,545017.0,-0.3538221703224499
20250605,RM2511,2420.0,1743.0,13778.0,-0.2713329415157574
20250605,RM2601,2313.0,51618.0,179755.0,-0.0338175618851886
20250605,RM2603,2300.0,5578.0,15862.0,0.075179207802599
20250605,RM2605,2329.0,1732.0,3887.0,0.0
20250606,RM2507,2529.0,28938.0,77744.0,0.4287834798412938
20250606,RM2508,2621.0,3981.0,22696.0,-0.0596673633223528
20250606,RM2509,2608.0,556199.0,541873.0,-0.3383510194185188
20250606,RM2511,2465.0,2840.0,14396.0,-0.2943233437546017
20250606,RM2601,2347.0,74628.0,169783.0,-0.0590884672753303
20250606,RM2603,2324.0,12307.0,16028.0,0.069305583409606
20250606,RM2605,2351.0,2457.0,4306.0,0.0
20250609,RM2507,2536.0,16210.0,74035.0,0.4230536895410812
20250609,RM2508,2627.0,3721.0,22584.0,-0.0595307460164708
20250609,RM2509,2614.0,349171.0,542050.0,-0.330272047390404
20250609,RM2511,2474.0,3173.0,15767.0,-0.3059730264741818
20250609,RM2601,2351.0,50775.0,169376.0,-0.0589874381324466
20250609,RM2603,2328.0,3319.0,16270.0,0.0819125350099635
20250609,RM2605,2360.0,1321.0,4278.0,0.0
20250610,RM2507,2546.0,24620.0,71479.0,0.4168693980605527
20250610,RM2508,2636.0,3376.0,23954.0,-0.0319088507102001
20250610,RM2509,2629.0,314462.0,552069.0,-0.3597551455523672
20250610,RM2511,2476.0,1552.0,15928.0,-0.2980745341980565
20250610,RM2601,2356.0,36830.0,170449.0,-0.0562903915498563
20250610,RM2603,2334.0,3417.0,16491.0,0.0943696393134255
20250610,RM2605,2371.0,1208.0,4521.0,0.0
20250611,RM2507,2557.0,48132.0,73973.0,0.4332267719740683
20250611,RM2508,2651.0,6212.0,22954.0,-0.0589904761411882
20250611,RM2509,2638.0,306564.0,547917.0,-0.3802601968366393
20250611,RM2511,2476.0,1465.0,15797.0,-0.3159278948734437
20250611,RM2601,2349.0,62047.0,173789.0,-0.0513042886474309
20250611,RM2603,2329.0,8433.0,15908.0,0.0869580438154009
20250611,RM2605,2363.0,1262.0,4670.0,0.0
20250612,RM2507,2600.0,39538.0,72920.0,0.3815612889839887
20250612,RM2508,2684.0,6054.0,23812.0,-0.0447928851562069
20250612,RM2509,2674.0,372178.0,573176.0,-0.4061089609616168
20250612,RM2511,2499.0,5557.0,14408.0,-0.3357519218882669
20250612,RM2601,2363.0,63919.0,177062.0,-0.0484387589400279
20250612,RM2603,2344.0,3834.0,15731.0,0.0763045468362601
20250612,RM2605,2374.0,2676.0,4393.0,0.0
20250613,RM2507,2608.0,21109.0,67140.0,0.3357496895409632
20250613,RM2508,2682.0,9264.0,26071.0,-0.0358476741568242
20250613,RM2509,2674.0,339348.0,565236.0,-0.4085104018581929
20250613,RM2511,2498.0,2355.0,14954.0,-0.3333504809916908
20250613,RM2601,2363.0,50666.0,182161.0,-0.0433214878409221
20250613,RM2603,2346.0,2981.0,15560.0,0.0686593633340562
20250613,RM2605,2373.0,1862.0,4594.0,0.0
20250616,RM2507,2615.0,14826.0,62405.0,0.2991091408432311
20250616,RM2508,2681.0,2370.0,25490.0,-0.0448431015119813
20250616,RM2509,2671.0,327941.0,534182.0,-0.3969732135220121
20250616,RM2511,2500.0,4301.0,15198.0,-0.3102866141200726
20250616,RM2601,2374.0,46033.0,183241.0,-0.0533111186535048
20250616,RM2603,2353.0,3375.0,15427.0,0.0709767465570012
20250616,RM2605,2381.0,1643.0,4695.0,0.0
20250617,RM2507,2612.0,15710.0,59119.0,0.357559923967009
20250617,RM2508,2691.0,3293.0,25750.0,-0.0402010426233836
20250617,RM2509,2682.0,365696.0,526737.0,-0.402462972532875
20250617,RM2511,2508.0,1691.0,14660.0,-0.2841347200937336
20250617,RM2601,2392.0,37434.0,181916.0,-0.0554392856480732
20250617,RM2603,2370.0,3420.0,14843.0,0.0604539119324498
20250617,RM2605,2394.0,1777.0,4945.0,0.0
20250618,RM2507,2619.0,13277.0,55945.0,0.3432676660246272
20250618,RM2508,2695.0,3388.0,26290.0,-0.0312093804006884
20250618,RM2509,2688.0,268716.0,517117.0,-0.3729623923956221
20250618,RM2511,2526.0,2318.0,15454.0,-0.2770844703801624
20250618,RM2601,2412.0,36244.0,178596.0,-0.0700591779710137
20250618,RM2603,2384.0,3225.0,14352.0,0.0576084575869893
20250618,RM2605,2407.0,2238.0,5579.0,0.0
20250619,RM2507,2613.0,8805.0,51819.0,0.3796926914294102
20250619,RM2508,2697.0,2256.0,26419.0,-0.0133555940330486
20250619,RM2509,2694.0,234604.0,520553.0,-0.3602687842261647
20250619,RM2511,2537.0,1558.0,14986.0,-0.2634864445193578
20250619,RM2601,2428.0,38226.0,181707.0,-0.0846135963688224
20250619,RM2603,2394.0,2202.0,14082.0,0.0399668422006933
20250619,RM2605,2410.0,1947.0,5962.0,0.0
20250620,RM2507,2596.0,10481.0,46005.0,0.4000370432111005
20250620,RM2508,2684.0,2771.0,26488.0,-0.0223755425635646
20250620,RM2509,2679.0,264257.0,523058.0,-0.3957478067507843
20250620,RM2511,2508.0,1518.0,15278.0,-0.2766143514467739
20250620,RM2601,2395.0,55170.0,182476.0,-0.0604285426776609
20250620,RM2603,2371.0,2604.0,14162.0,0.0453783675624248
20250620,RM2605,2389.0,4706.0,7528.0,0.0
20250623,RM2507,2558.0,12566.0,40267.0,0.487236594257901
20250623,RM2508,2664.0,3592.0,26837.0,-0.0315730308055944
20250623,RM2509,2657.0,264589.0,519120.0,-0.3967230117384533
20250623,RM2511,2487.0,796.0,15477.0,-0.2689041993160653
20250623,RM2601,2378.0,45046.0,191626.0,-0.0481319870583124
20250623,RM2603,2359.0,2683.0,14693.0,0.0657679434885989
20250623,RM2605,2385.0,2215.0,7564.0,0.0
20250624,RM2507,2550.0,8424.0,36535.0,0.5518213589018812
20250624,RM2508,2670.0,3084.0,26420.0,-0.0360090292708598
20250624,RM2509,2662.0,235255.0,516622.0,-0.4346001909034214
20250624,RM2511,2476.0,11178.0,10672.0,-0.25240835180924
20250624,RM2601,2374.0,53011.0,187449.0,-0.0558615969065748
20250624,RM2603,2352.0,3600.0,15065.0,0.0583884447013442
20250624,RM2605,2375.0,1897.0,7850.0,0.0
20250625,RM2507,2475.0,13932.0,31158.0,0.5727768338542802
20250625,RM2508,2596.0,8714.0,26472.0,-0.0370370664382726
20250625,RM2509,2588.0,523033.0,550961.0,-0.382905020648414
20250625,RM2511,2428.0,2715.0,10184.0,-0.254927933262583
20250625,RM2601,2327.0,90825.0,213920.0,-0.0388016010601415
20250625,RM2603,2312.0,5505.0,17679.0,0.0799152522931648
20250625,RM2605,2343.0,6034.0,9964.0,0.0
20250626,RM2507,2434.0,16727.0,24329.0,0.5868905033994356
20250626,RM2508,2556.0,10151.0,25943.0,-0.0282021281394435
20250626,RM2509,2550.0,685426.0,600032.0,-0.3787665122073201
20250626,RM2511,2394.0,4933.0,11173.0,-0.2273095841230175
20250626,RM2601,2305.0,112553.0,240335.0,-0.0313180354370669
20250626,RM2603,2293.0,13279.0,20293.0,0.0960435822110503
20250626,RM2605,2330.0,10754.0,12656.0,0.0
20250627,RM2507,2440.0,6675.0,21472.0,0.6135521582712511
20250627,RM2508,2568.0,4759.0,26176.0,-0.0421299438007556
20250627,RM2509,2559.0,439012.0,593101.0,-0.4049203265355986
20250627,RM2511,2392.0,2417.0,11156.0,-0.2614681111334223
20250627,RM2601,2290.0,77841.0,240191.0,-0.0288904038156067
20250627,RM2603,2279.0,11609.0,22553.0,0.109568262172517
20250627,RM2605,2321.0,6235.0,14771.0,0.0
20250630,RM2507,2432.0,10049.0,17492.0,0.7135554795906744
20250630,RM2508,2581.0,9964.0,24529.0,-0.0419173723332469
20250630,RM2509,2572.0,373772.0,577028.0,-0.4003091329373148
20250630,RM2511,2406.0,1190.0,11182.0,-0.2677308389955498
20250630,RM2601,2301.0,72483.0,225568.0,-0.041866720242365
20250630,RM2603,2285.0,5183.0,22243.0,0.0756696265519007
20250630,RM2605,2314.0,9362.0,16968.0,0.0
20250701,RM2507,2453.0,2043.0,13164.0,0.6521533252211291
20250701,RM2508,2590.0,7352.0,24941.0,-0.0185471443413671
20250701,RM2509,2586.0,369505.0,576397.0,-0.4179360089083604
20250701,RM2511,2412.0,3704.0,12243.0,-0.2696511421084301
20250701,RM2601,2306.0,47784.0,221765.0,-0.0470180899758951
20250701,RM2603,2288.0,6374.0,23026.0,0.0833346729640025
20250701,RM2605,2320.0,4891.0,16738.0,0.0
20250702,RM2507,2447.0,1649.0,11852.0,0.6490647558380265
20250702,RM2508,2583.0,6506.0,23589.0,-0.0232513151604929
20250702,RM2509,2578.0,302980.0,579524.0,-0.4267715236672768
20250702,RM2511,2401.0,1725.0,11877.0,-0.273529791191623
20250702,RM2601,2294.0,48703.0,225371.0,-0.034098452429568
20250702,RM2603,2281.0,3962.0,23539.0,0.0835886396823067
20250702,RM2605,2313.0,4597.0,17727.0,0.0
20250703,RM2507,2460.0,527.0,11365.0,0.6780393128178824
20250703,RM2508,2603.0,6723.0,23296.0,-0.0092236745509653
20250703,RM2509,2601.0,380413.0,571649.0,-0.4228615095566789
20250703,RM2511,2424.0,1354.0,11923.0,-0.2656980596020407
20250703,RM2601,2319.0,80576.0,223496.0,-0.0493616120297433
20250703,RM2603,2300.0,5459.0,23121.0,0.0700245683103045
20250703,RM2605,2327.0,8497.0,17393.0,0.0
20250704,RM2507,2458.0,558.0,11213.0,0.6693449341861226
20250704,RM2508,2599.0,5824.0,23138.0,-0.0092378757449016
20250704,RM2509,2597.0,297362.0,564558.0,-0.4161029450773359
20250704,RM2511,2423.0,983.0,11763.0,-0.245138326427496
20250704,RM2601,2326.0,64156.0,227094.0,-0.0544162658871653
20250704,RM2603,2305.0,4365.0,22185.0,0.0595731205234767
20250704,RM2605,2328.0,5429.0,17883.0,0.0
20250707,RM2507,2449.0,740.0,11147.0,0.6253154515619438
20250707,RM2508,2580.0,6747.0,22475.0,-0.0046520644118205
20250707,RM2509,2579.0,333272.0,565758.0,-0.3991856415378782
20250707,RM2511,2413.0,1111.0,11887.0,-0.2487665946281838
20250707,RM2601,2315.0,72930.0,236328.0,-0.0494472544852647
20250707,RM2603,2296.0,7381.0,21316.0,0.0468549018849896
20250707,RM2605,2314.0,11782.0,20482.0,0.0
20250708,RM2507,2450.0,397.0,11180.0,0.5924770154075909
20250708,RM2508,2574.0,9184.0,22905.0,0.0093203888180663
20250708,RM2509,2576.0,246001.0,568141.0,-0.3996663644372611
20250708,RM2511,2410.0,816.0,11880.0,-0.2542753378131684
20250708,RM2601,2310.0,47293.0,237679.0,-0.0469363540872542
20250708,RM2603,2292.0,5251.0,21681.0,0.0521289117458269
20250708,RM2605,2312.0,4959.0,21979.0,0.0
20250709,RM2507,2440.0,368.0,8721.0,0.6927296238633827
20250709,RM2508,2585.0,6208.0,21768.0,0.0046412686712797
20250709,RM2509,2586.0,280603.0,567429.0,-0.4055110717699185
20250709,RM2511,2417.0,1033.0,11896.0,-0.263890310832263
20250709,RM2601,2313.0,73273.0,238034.0,-0.0521062762412082
20250709,RM2603,2293.0,5141.0,22164.0,0.0339205078265998
20250709,RM2605,2306.0,15387.0,25554.0,0.0
20250710,RM2507,2491.0,150.0,8701.0,0.5691837016096961
20250710,RM2508,2612.0,9773.0,21580.0,-0.0045950603663136
20250710,RM2509,2611.0,356874.0,567403.0,-0.4359924991184395
20250710,RM2511,2428.0,1163.0,12133.0,-0.283357880919018
20250710,RM2601,2316.0,72692.0,235126.0,-0.0442038835782255
20250710,RM2603,2299.0,6130.0,22316.0,0.0260417075478826
20250710,RM2605,2309.0,11602.0,27714.0,0.0
20250711,RM2507,2501.0,340.0,7881.0,0.5989547262271471
20250711,RM2508,2629.0,20820.0,24866.0,0.0182440171971381
20250711,RM2509,2633.0,383591.0,555040.0,-0.4665991839991307
20250711,RM2511,2436.0,1855.0,12324.0,-0.2849873763562711
20250711,RM2601,2323.0,79577.0,236019.0,-0.0492762657277636
20250711,RM2603,2304.0,4636.0,22190.0,0.018201530751593
20250711,RM2605,2311.0,10561.0,29498.0,0.0
20250714,RM2507,2518.0,157.0,0.0,0.6312360034543236
20250714,RM2508,2654.0,8456.0,21987.0,0.0225861162104038
20250714,RM2509,2659.0,483973.0,560897.0,-0.5280201343579777
20250714,RM2511,2435.0,2749.0,12311.0,-0.3318000822054497
20250714,RM2601,2304.0,171455.0,261723.0,-0.0391902111792907
20250714,RM2603,2289.0,9605.0,24331.0,0.0443962852586262
20250714,RM2605,2306.0,20005.0,35166.0,0.0
20250715,RM2508,2651.0,4795.0,20417.0,0.0180927286441629
20250715,RM2509,2655.0,374562.0,535658.0,-0.5115997418089344
20250715,RM2511,2438.0,2926.0,12104.0,-0.3183904814936927
20250715,RM2601,2312.0,101392.0,264427.0,-0.0547472840326354
20250715,RM2603,2291.0,6556.0,22777.0,0.0261324454912221
20250715,RM2605,2301.0,11457.0,37474.0,-0.0078277897599891
20250715,RM2607,2298.0,749.0,545.0,0.0
20250716,RM2508,2646.0,5683.0,19649.0,0.0317041135540629
20250716,RM2509,2653.0,300375.0,532049.0,-0.4996997024686772
20250716,RM2511,2441.0,2708.0,13091.0,-0.3335595662307883
20250716,RM2601,2309.0,67890.0,268595.0,-0.0521969364115718
20250716,RM2603,2289.0,3579.0,22754.0,0.0287644917880462
20250716,RM2605,2300.0,8982.0,38894.0,-0.0052196610512406
20250716,RM2607,2298.0,460.0,796.0,0.0
20250717,RM2508,2706.0,7231.0,15910.0,0.0575116308208492
20250717,RM2509,2719.0,521660.0,544567.0,-0.4441386175380627
20250717,RM2511,2525.0,9918.0,15541.0,-0.3372222922237809
20250717,RM2601,2387.0,154614.0,269793.0,-0.103953582752456
20250717,RM2603,2346.0,12545.0,20752.0,-0.0153649251700422
20250717,RM2605,2340.0,26948.0,37758.0,-0.0154043730314748
20250717,RM2607,2334.0,873.0,1167.0,0.0
20250718,RM2508,2710.0,2000.0,15438.0,0.0530192320519768
20250718,RM2509,2722.0,373712.0,538450.0,-0.4246732059257688
20250718,RM2511,2536.0,7119.0,17548.0,-0.3457345766351884
20250718,RM2601,2394.0,120722.0,268002.0,-0.0883668402614603
20250718,RM2603,2359.0,6646.0,20244.0,-0.0178306223349448
20250718,RM2605,2352.0,22301.0,40406.0,-0.0153256788305804
20250718,RM2607,2346.0,906.0,1513.0,0.0
20250721,RM2508,2714.0,2370.0,14631.0,0.0573425094092879
20250721,RM2509,2727.0,307324.0,548829.0,-0.3908992812467023
20250721,RM2511,2555.0,5880.0,19487.0,-0.3381176193067904
20250721,RM2601,2415.0,95597.0,280180.0,-0.0699716384870578
20250721,RM2603,2387.0,16793.0,18633.0,-0.053019490802988
20250721,RM2605,2366.0,20286.0,43316.0,-0.0177777907839424
20250721,RM2607,2359.0,910.0,1847.0,0.0
20250722,RM2508,2726.0,2269.0,13778.0,0.043939997831558
20250722,RM2509,2736.0,391923.0,551501.0,-0.3615551491091811
20250722,RM2511,2576.0,6231.0,20573.0,-0.3328202015942282
20250722,RM2601,2437.0,127208.0,293113.0,-0.0842989073324236
20250722,RM2603,2403.0,8590.0,17937.0,-0.0652726102576498
20250722,RM2605,2377.0,20248.0,47136.0,-0.0278305369311713
20250722,RM2607,2366.0,1459.0,2190.0,0.0
20250723,RM2508,2749.0,1930.0,12743.0,0.0392228422560158
20250723,RM2509,2758.0,358895.0,538604.0,-0.3747712667468228
20250723,RM2511,2591.0,7737.0,22227.0,-0.350447161623744
20250723,RM2601,2444.0,86339.0,289172.0,-0.0965168265097462
20250723,RM2603,2405.0,7803.0,16573.0,-0.0551382326467165
20250723,RM2605,2383.0,17284.0,46551.0,-0.0353536376397399
20250723,RM2607,2369.0,1124.0,2224.0,0.0
20250724,RM2508,2671.0,2396.0,11378.0,0.0493182087799542
20250724,RM2509,2682.0,559845.0,512685.0,-0.3476898197789986
20250724,RM2511,2531.0,7855.0,23417.0,-0.2889492161882878
20250724,RM2601,2412.0,148432.0,288195.0,-0.0524675423325082
20250724,RM2603,2391.0,21980.0,20178.0,-0.0503992883575156
20250724,RM2605,2371.0,35963.0,49837.0,-0.0355330987756464
20250724,RM2607,2357.0,1835.0,2612.0,0.0
20250725,RM2508,2670.0,1225.0,10821.0,0.0224508952297392
20250725,RM2509,2675.0,300978.0,483508.0,-0.3320093927098971
20250725,RM2511,2531.0,2534.0,23687.0,-0.3063874680315749
20250725,RM2601,2405.0,90767.0,278106.0,-0.0425622481642127
20250725,RM2603,2388.0,6367.0,19706.0,-0.0378073084603748
20250725,RM2605,2373.0,18866.0,51910.0,-0.032960150496647
20250725,RM2607,2360.0,1067.0,2862.0,0.0
20250728,RM2508,2647.0,1093.0,10226.0,0.0587903945837219
20250728,RM2509,2660.0,288201.0,468326.0,-0.3458702557089584
20250728,RM2511,2511.0,6536.0,23762.0,-0.2887996274952702
20250728,RM2601,2393.0,90921.0,276839.0,-0.0377280639458767
20250728,RM2603,2378.0,7290.0,20867.0,-0.0202190587293019
20250728,RM2605,2370.0,14896.0,55433.0,-0.0304569181911639
20250728,RM2607,2358.0,1116.0,3058.0,0.0
20250729,RM2508,2655.0,1775.0,9408.0,0.0225776171964668
20250729,RM2509,2660.0,324482.0,453220.0,-0.3626200173345337
20250729,RM2511,2504.0,3387.0,24149.0,-0.3072553315021886
20250729,RM2601,2379.0,109004.0,277328.0,-0.0328767945877535
20250729,RM2603,2366.0,6928.0,23193.0,0.0151962934757043
20250729,RM2605,2372.0,14990.0,57934.0,-0.032974084259646
20250729,RM2607,2359.0,1068.0,3296.0,0.0
20250730,RM2508,2730.0,949.0,8921.0,0.0219579201249138
20250730,RM2509,2735.0,452891.0,446780.0,-0.3733532218008965
20250730,RM2511,2570.0,7398.0,26517.0,-0.3410281542592598
20250730,RM2601,2428.0,124299.0,286515.0,-0.0620994986575197
20250730,RM2603,2403.0,7780.0,23151.0,-0.0577048144256911
20250730,RM2605,2380.0,30879.0,63387.0,-0.0455506194492764
20250730,RM2607,2362.0,1513.0,3635.0,0.0
20250731,RM2508,2702.0,1048.0,8811.0,-0.0133308660256736
20250731,RM2509,2699.0,481102.0,442990.0,-0.347790828231286
20250731,RM2511,2547.0,6267.0,26363.0,-0.3292475807897155
20250731,RM2601,2411.0,135968.0,298718.0,-0.05751242201207
20250731,RM2603,2388.0,7872.0,23381.0,-0.0352793960572764
20250731,RM2605,2374.0,23812.0,67300.0,-0.0380309745716295
20250731,RM2607,2359.0,1582.0,4345.0,0.0
20250801,RM2508,2656.0,1600.0,9841.0,0.0855377848053885
20250801,RM2509,2675.0,296815.0,419679.0,-0.3107117959051482
20250801,RM2511,2540.0,2059.0,26335.0,-0.3177141443862653
20250801,RM2601,2409.0,102367.0,306990.0,-0.0525331686142721
20250801,RM2603,2388.0,3278.0,23495.0,-0.0327525482625065
20250801,RM2605,2375.0,14981.0,69291.0,-0.0278540276565166
20250801,RM2607,2364.0,993.0,4492.0,0.0
20250804,RM2508,2686.0,462.0,9639.0,-0.0357942099847802
20250804,RM2509,2678.0,263514.0,400411.0,-0.2821081416798782
20250804,RM2511,2555.0,3817.0,27065.0,-0.2960295573104831
20250804,RM2601,2432.0,119248.0,311539.0,-0.0644900793086004
20250804,RM2603,2406.0,7655.0,24382.0,-0.0651907792146225
20250804,RM2605,2380.0,27966.0,73864.0,-0.0455506194492764
20250804,RM2607,2362.0,2532.0,5004.0,0.0
20250805,RM2508,2727.0,90.0,9729.0,-0.0132085869142261
20250805,RM2509,2724.0,413488.0,413741.0,-0.337511125029399
20250805,RM2511,2575.0,8395.0,28187.0,-0.3255684892914971
20250805,RM2601,2439.0,157729.0,336526.0,-0.066791042213065
20250805,RM2603,2412.0,5752.0,24418.0,-0.062513589049476
20250805,RM2605,2387.0,27212.0,75664.0,-0.0428843532579194
20250805,RM2607,2370.0,1324.0,4846.0,0.0
20250806,RM2508,2745.0,100.0,9829.0,0.0
20250806,RM2509,2745.0,546334.0,397721.0,-0.3719500561678071
20250806,RM2511,2580.0,9568.0,26690.0,-0.2784556787707508
20250806,RM2601,2463.0,224918.0,356443.0,-0.0834028147101927
20250806,RM2603,2429.0,9902.0,22299.0,-0.0670675581734619
20250806,RM2605,2402.0,28032.0,80759.0,-0.0577289540218272
20250806,RM2607,2379.0,3730.0,4922.0,0.0
20250807,RM2509,2739.0,373422.0,365846.0,-0.3611469802904002
20250807,RM2511,2579.0,3692.0,26564.0,-0.2615310992169913
20250807,RM2601,2469.0,195625.0,376497.0,-0.0881288793699414
20250807,RM2603,2433.0,4776.0,22067.0,-0.0744426422823225
20250807,RM2605,2403.0,19167.0,82867.0,-0.0526649149273411
20250807,RM2607,2382.0,1513.0,5090.0,0.0
20250808,RM2509,2773.0,377379.0,356354.0,-0.3795908437272759
20250808,RM2511,2603.0,5130.0,25272.0,-0.2278606172313106
20250808,RM2601,2506.0,238450.0,435837.0,-0.1209230771338829
20250808,RM2603,2456.0,6471.0,20571.0,-0.0935595485537706
20250808,RM2605,2418.0,23451.0,84782.0,-0.0623576595981882
20250808,RM2607,2393.0,1729.0,5127.0,0.0
20250811,RM2509,2724.0,427177.0,287113.0,-0.3889935001675149
20250811,RM2511,2553.0,6578.0,25039.0,-0.2348542620771771
20250811,RM2601,2455.0,344291.0,452004.0,-0.0614130233641611
20250811,RM2603,2430.0,14842.0,23710.0,-0.0570605913091328
20250811,RM2605,2407.0,38217.0,92083.0,-0.0375079362752978
20250811,RM2607,2392.0,2117.0,5352.0,0.0
20250812,RM2509,2653.0,664234.0,206640.0,-0.1072475787176951
20250812,RM2511,2606.0,16869.0,24886.0,-0.1021696513686653
20250812,RM2601,2562.0,614056.0,433832.0,-0.1397891461494322
20250812,RM2603,2503.0,18960.0,21817.0,-0.0990959081242525
20250812,RM2605,2462.0,63298.0,93301.0,-0.0661636273662522
20250812,RM2607,2435.0,3641.0,5038.0,0.0
20250813,RM2509,2723.0,712226.0,191477.0,-0.0575650172041777
20250813,RM2511,2697.0,91343.0,42721.0,-0.020055728980139
20250813,RM2601,2688.0,327729.0,431061.0,-0.0786380850318032
20250813,RM2603,2653.0,71574.0,32674.0,-0.1767196014809723
20250813,RM2605,2576.0,213738.0,112225.0,-0.1104830433256747
20250813,RM2607,2529.0,11371.0,5902.0,0.0
20250814,RM2509,2686.0,413358.0,115197.0,-0.115019496646321
20250814,RM2511,2635.0,65587.0,36202.0,-0.0664002197440335
20250814,RM2601,2606.0,932430.0,404448.0,-0.1045120289115912
20250814,RM2603,2561.0,35639.0,23138.0,-0.0896948253508051
20250814,RM2605,2523.0,121937.0,101891.0,-0.088642059422408
20250814,RM2607,2486.0,6152.0,5189.0,0.0
20250815,RM2509,2649.0,128705.0,91431.0,-0.1746580619419534
20250815,RM2511,2573.0,29101.0,31628.0,-0.0632941989863537
20250815,RM2601,2546.0,601242.0,448610.0,-0.0878353965055774
20250815,RM2603,2509.0,12482.0,21896.0,-0.052842615378106
20250815,RM2605,2487.0,69003.0,107177.0,-0.0728164276933533
20250815,RM2607,2457.0,4508.0,6493.0,0.3133337280442296
20250815,RM2608,2522.0,95.0,79.0,0.0
20250818,RM2509,2688.0,75769.0,83153.0,-0.1974086171663315
20250818,RM2511,2601.0,13519.0,31662.0,-0.0254286645304085
20250818,RM2601,2590.0,470562.0,434330.0,-0.1240535705658092
20250818,RM2603,2537.0,9367.0,20346.0,-0.0785569642757564
20250818,RM2605,2504.0,65007.0,113178.0,-0.0844574572488576
20250818,RM2607,2469.0,3807.0,6853.0,0.3023555270266472
20250818,RM2608,2532.0,65.0,108.0,0.0
20250819,RM2509,2678.0,39371.0,73756.0,-0.1336660904604358
20250819,RM2511,2619.0,11540.0,33803.0,-0.034463047075512
20250819,RM2601,2604.0,408169.0,437984.0,-0.1398664732106826
20250819,RM2603,2544.0,3641.0,20570.0,-0.0926934656462856
20250819,RM2605,2505.0,53821.0,119800.0,-0.0674435041776334
20250819,RM2607,2477.0,2127.0,6934.0,0.3297041955359079
20250819,RM2608,2546.0,112.0,179.0,0.0
20250820,RM2509,2667.0,34101.0,60542.0,-0.0792613904208387
20250820,RM2511,2632.0,8415.0,34581.0,-0.011409016558008
20250820,RM2601,2627.0,384930.0,436474.0,-0.1620468863661198
20250820,RM2603,2557.0,4603.0,20526.0,-0.0946018809352245
20250820,RM2605,2517.0,50031.0,116821.0,-0.0671201566063433
20250820,RM2607,2489.0,2350.0,7242.0,0.2952529892906329
20250820,RM2608,2551.0,59.0,201.0,0.0
20250821,RM2509,2610.0,28672.0,50302.0,-0.0577482802452573
20250821,RM2511,2585.0,10158.0,33390.0,-0.0559662044580253
20250821,RM2601,2561.0,445845.0,417790.0,-0.13025970446107
20250821,RM2603,2506.0,4917.0,20439.0,-0.0722610099091613
20250821,RM2605,2476.0,51088.0,117174.0,-0.0682379410336201
20250821,RM2607,2448.0,2849.0,7866.0,0.3478504424790262
20250821,RM2608,2520.0,63.0,228.0,0.0
20250822,RM2509,2584.0,16665.0,43676.0,-0.034931206755653
20250822,RM2511,2569.0,10227.0,34196.0,-0.0610333901265836
20250822,RM2601,2543.0,288806.0,421028.0,-0.123961500959635
20250822,RM2603,2491.0,7938.0,18866.0,-0.0532261555020056
20250822,RM2605,2469.0,39638.0,119977.0,-0.0414551537344649
20250822,RM2607,2452.0,6298.0,9850.0,0.3330195615818149
20250822,RM2608,2521.0,76.0,278.0,0.0
20250825,RM2509,2602.0,12392.0,38642.0,-0.0439731958596607
20250825,RM2511,2583.0,10356.0,33662.0,-0.0842119086983008
20250825,RM2601,2547.0,310617.0,422516.0,-0.1406221267223217
20250825,RM2603,2488.0,4515.0,18937.0,-0.0362831180259229
20250825,RM2605,2473.0,40617.0,119614.0,-0.0487213395775614
20250825,RM2607,2453.0,2585.0,9920.0,0.3423981528313749
20250825,RM2608,2524.0,50.0,280.0,0.0
20250826,RM2509,2592.0,10666.0,32256.0,-0.0721918276358402
20250826,RM2511,2561.0,5951.0,33296.0,-0.0825646997345332
20250826,RM2601,2526.0,310537.0,432019.0,-0.1345132397304812
20250826,RM2603,2470.0,3433.0,19432.0,-0.0170281890089094
20250826,RM2605,2463.0,51611.0,124380.0,-0.0366525269299275
20250826,RM2607,2448.0,3904.0,10646.0,0.3383228516649081
20250826,RM2608,2518.0,71.0,324.0,0.0
20250827,RM2509,2572.0,13390.0,24523.0,-0.0916766121350088
20250827,RM2511,2533.0,8363.0,33474.0,-0.0762823147443368
20250827,RM2601,2501.0,428608.0,419022.0,-0.1481556755422291
20250827,RM2603,2440.0,14698.0,20039.0,0.0147359877592204
20250827,RM2605,2446.0,72767.0,124202.0,-0.0467886631230976
20250827,RM2607,2427.0,4153.0,10229.0,0.3315936295082125
20250827,RM2608,2495.0,89.0,369.0,0.0
20250828,RM2509,2542.0,12481.0,16289.0,-0.0497731473688774
20250828,RM2511,2521.0,18904.0,35587.0,-0.0911288500785195
20250828,RM2601,2483.0,503056.0,410500.0,-0.1940009391184102
20250828,RM2603,2404.0,13096.0,22356.0,0.0099750646416807
20250828,RM2605,2408.0,80698.0,138636.0,-0.0349855218647592
20250828,RM2607,2394.0,8479.0,10975.0,0.3361010475177656
20250828,RM2608,2462.0,123.0,392.0,0.0
20250829,RM2509,2550.0,8605.0,10978.0,0.0023524799360379
20250829,RM2511,2551.0,13167.0,36828.0,-0.0900490835893155
20250829,RM2601,2513.0,321780.0,414170.0,-0.2312190382131249
20250829,RM2603,2418.0,5464.0,23480.0,0.014869896086802
20250829,RM2605,2424.0,36207.0,139269.0,-0.0322648140482039
20250829,RM2607,2411.0,3769.0,10907.0,0.3965280207140714
20250829,RM2608,2492.0,846.0,640.0,0.0
20250901,RM2509,2540.0,495.0,9709.0,0.0282797067125888
20250901,RM2511,2552.0,7992.0,36217.0,-0.0924006415265298
20250901,RM2601,2513.0,331859.0,404322.0,-0.2486139561745269
20250901,RM2603,2411.0,5848.0,24822.0,-0.0124558898792812
20250901,RM2605,2406.0,48144.0,145688.0,-0.0249896237957053
20250901,RM2607,2396.0,2313.0,11140.0,0.4038132354449745
20250901,RM2608,2478.0,191.0,674.0,0.0
20250902,RM2509,2553.0,380.0,9373.0,-0.0259077929525066
20250902,RM2511,2542.0,7084.0,35512.0,-0.0999626453586432
20250902,RM2601,2500.0,326531.0,398350.0,-0.2374366507189388
20250902,RM2603,2403.0,5653.0,25015.0,-0.0225140977113027
20250902,RM2605,2394.0,61578.0,150561.0,-0.0276324541150578
20250902,RM2607,2383.0,4332.0,12777.0,0.4690990210841467
20250902,RM2608,2478.0,88.0,719.0,0.0
20250903,RM2509,2562.0,276.0,9097.0,-0.0258165858892089
20250903,RM2511,2551.0,12642.0,32306.0,-0.0709787457233492
20250903,RM2601,2521.0,316850.0,396028.0,-0.252771278906621
20250903,RM2603,2417.0,4049.0,25522.0,-0.0273689050131527
20250903,RM2605,2406.0,45313.0,151531.0,-0.0350146887846112
20250903,RM2607,2392.0,4948.0,12956.0,0.4625418840016078
20250903,RM2608,2486.0,62.0,774.0,0.0
20250904,RM2509,2558.0,489.0,8904.0,-0.0470960031867298
20250904,RM2511,2538.0,9570.0,31025.0,-0.0450862315303364
20250904,RM2601,2519.0,305618.0,395062.0,-0.2654114992074571
20250904,RM2603,2410.0,7440.0,25979.0,-0.0550233118332476
20250904,RM2605,2388.0,61887.0,157733.0,-0.0226557852572104
20250904,RM2607,2379.0,6146.0,15010.0,0.4892586226335617
20250904,RM2608,2478.0,235.0,743.0,0.0
20250905,RM2509,2585.0,249.0,8675.0,-0.0653448699080571
20250905,RM2511,2557.0,6893.0,30583.0,-0.0164480228322889
20250905,RM2601,2550.0,368621.0,396574.0,-0.3040457457796007
20250905,RM2603,2424.0,6256.0,25979.0,-0.0797353927120965
20250905,RM2605,2392.0,61590.0,165763.0,-0.0301760904300118
20250905,RM2607,2380.0,9280.0,18158.0,0.5084042261117555
20250905,RM2608,2483.0,61.0,756.0,0.0
20250908,RM2509,2582.0,230.0,8445.0,-0.067770924990624
20250908,RM2511,2553.0,13510.0,28810.0,-0.0259077929525066
20250908,RM2601,2542.0,371381.0,393462.0,-0.2777714761367881
20250908,RM2603,2427.0,7376.0,24608.0,-0.0721252208348508
20250908,RM2605,2398.0,86518.0,172737.0,-0.0426869346035806
20250908,RM2607,2381.0,12330.0,19473.0,0.4694854478114869
20250908,RM2608,2476.0,61.0,763.0,0.0
20250909,RM2509,2550.0,130.0,8315.0,0.0047040378732517
20250909,RM2511,2552.0,6015.0,29222.0,-0.0047040378732518
20250909,RM2601,2550.0,249787.0,394346.0,-0.2694919686675301
20250909,RM2603,2438.0,3153.0,25348.0,-0.0742890216750309
20250909,RM2605,2408.0,48815.0,172830.0,-0.0450189690189316
20250909,RM2607,2390.0,9862.0,22858.0,0.4774055865341788
20250909,RM2608,2487.0,311.0,723.0,0.0
20250910,RM2511,2535.0,4586.0,29088.0,-0.0047355961416501
20250910,RM2601,2533.0,303031.0,386706.0,-0.2564906656504427
20250910,RM2603,2427.0,6139.0,26744.0,-0.0546361391204386
20250910,RM2605,2405.0,55718.0,175352.0,-0.0400502112843121
20250910,RM2607,2389.0,6880.0,23187.0,0.4727734944590356
20250910,RM2608,2485.0,86.0,722.0,0.0
20250911,RM2509,2550.0,37.0,8178.0,0.0070546745340722
20250911,RM2511,2553.0,7302.0,27712.0,0.0328125817779391
20250911,RM2601,2567.0,341171.0,407316.0,-0.2823487435138359
20250911,RM2603,2449.0,4819.0,27822.0,-0.0714734268086141
20250911,RM2605,2420.0,52622.0,178836.0,-0.0522933378662248
20250911,RM2607,2399.0,7409.0,22597.0,0.4852611341499421
20250911,RM2608,2498.0,96.0,719.0,0.0
20250912,RM2509,2560.0,664.0,0.0,-0.0659865252572484
20250912,RM2511,2532.0,9094.0,27383.0,-0.0023701363136565
20250912,RM2601,2531.0,309614.0,402900.0,-0.2443393452631798
20250912,RM2603,2430.0,5146.0,27375.0,-0.0595538387998195
20250912,RM2605,2406.0,45293.0,177503.0,-0.0350146887846112
20250912,RM2607,2392.0,2796.0,23070.0,0.4914691780418578
20250912,RM2608,2492.0,52.0,709.0,0.0
20250915,RM2511,2509.0,8128.0,26671.0,-0.0119688848785991
20250915,RM2601,2504.0,402346.0,393656.0,-0.2196259833750739
20250915,RM2603,2414.0,7194.0,25952.0,-0.0524238824946207
20250915,RM2605,2393.0,67350.0,179793.0,-0.0326839274571174
20250915,RM2607,2380.0,6097.0,23490.0,0.4648294354429549
20250915,RM2608,2474.0,512.0,1060.0,-0.0583469544964129
20250915,RM2609,2462.0,967.0,691.0,0.0
20250916,RM2511,2530.0,6822.0,24938.0,-0.0285262027036404
20250916,RM2601,2518.0,283948.0,376582.0,-0.2456270034048568
20250916,RM2603,2417.0,2527.0,26048.0,-0.0498548776145922
20250916,RM2605,2397.0,39741.0,178878.0,-0.0351465440138531
20250916,RM2607,2383.0,3838.0,23659.0,0.4884538639897235
20250916,RM2608,2482.0,195.0,1150.0,-0.0533011173113095
20250916,RM2609,2471.0,233.0,767.0,0.0
20250917,RM2511,2490.0,15249.0,22796.0,-0.0727281631940691
20250917,RM2601,2460.0,394731.0,399317.0,-0.1958446946372742
20250917,RM2603,2381.0,5864.0,26218.0,-0.050611856408099
20250917,RM2605,2361.0,75024.0,189631.0,-0.0203648901489025
20250917,RM2607,2353.0,9399.0,26194.0,0.4945548999448738
20250917,RM2608,2452.0,1137.0,1875.0,-0.0539547199577036
20250917,RM2609,2441.0,3225.0,2561.0,0.0
20250918,RM2511,2504.0,11683.0,21280.0,-0.0820278155877978
20250918,RM2601,2470.0,304376.0,385353.0,-0.2302737735709736
20250918,RM2603,2377.0,6736.0,26558.0,-0.050697386544377
20250918,RM2605,2357.0,45138.0,188969.0,-0.0255102425106458
20250918,RM2607,2347.0,3210.0,26648.0,0.4859774932855489
20250918,RM2608,2444.0,83.0,1836.0,-0.0442714172975487
20250918,RM2609,2435.0,704.0,2691.0,0.0
20250919,RM2511,2543.0,10366.0,20800.0,-0.0497534933835287
20250919,RM2601,2522.0,376413.0,381171.0,-0.2650887053989985
20250919,RM2603,2413.0,5331.0,26413.0,-0.0650006357172101
20250919,RM2605,2387.0,58850.0,181130.0,-0.0277136751377671
20250919,RM2607,2376.0,2932.0,25658.0,0.4655969896738481
20250919,RM2608,2470.0,472.0,1953.0,-0.0779856522139935
20250919,RM2609,2454.0,1231.0,2989.0,0.0
20250922,RM2511,2548.0,7426.0,19971.0,-0.0010465724751439
20250922,RM2601,2528.0,339716.0,391260.0,-0.2634493670886073
20250922,RM2603,2417.0,8490.0,25868.0,-0.1092263136119153
20250922,RM2605,2373.0,69474.0,189814.0,-0.025284450063211
20250922,RM2607,2363.0,3244.0,25971.0,0.4875158696572166
20250922,RM2608,2459.0,353.0,2117.0,-0.0585603904026021
20250922,RM2609,2447.0,2488.0,4007.0,0.0
20250923,RM2511,2492.0,13263.0,20575.0,-0.0024077046548956
20250923,RM2601,2447.0,488999.0,400933.0,-0.2206783816918673
20250923,RM2603,2357.0,10991.0,24415.0,-0.0738226559185404
20250923,RM2605,2328.0,110092.0,191317.0,-0.0180412371134019
20250923,RM2607,2321.0,6990.0,26399.0,0.5118483412322288
20250923,RM2608,2420.0,955.0,2591.0,-0.0446280991735537
20250923,RM2609,2411.0,2654.0,4887.0,0.0
20250924,RM2511,2457.0,8411.0,21245.0,-0.00336453669787
20250924,RM2601,2395.0,516024.0,398111.0,-0.1753653444676408
20250924,RM2603,2325.0,9384.0,22601.0,-0.0154838709677418
20250924,RM2605,2319.0,100171.0,192647.0,-0.033635187580854
20250924,RM2607,2306.0,9759.0,25760.0,0.5359930615784902
20250924,RM2608,2409.0,784.0,3016.0,-0.0547945205479458
20250924,RM2609,2398.0,3484.0,5328.0,0.0
20250925,RM2511,2479.0,4521.0,20901.0,-0.0018824794944197
20250925,RM2601,2444.0,370416.0,378057.0,-0.2135842880523728
20250925,RM2603,2357.0,4054.0,22548.0,-0.0356385235468819
20250925,RM2605,2343.0,77375.0,190826.0,-0.0332906530089631
20250925,RM2607,2330.0,5197.0,26201.0,0.5201716738197426
20250925,RM2608,2431.0,632.0,3276.0,-0.0493624023035783
20250925,RM2609,2421.0,2036.0,5916.0,0.0
20250926,RM2511,2456.0,2752.0,20812.0,-0.0027687296416938
20250926,RM2601,2405.0,302757.0,371100.0,-0.1721413721413718
20250926,RM2603,2336.0,3552.0,22657.0,-0.0231164383561643
20250926,RM2605,2327.0,53808.0,193715.0,-0.0232058444348948
20250926,RM2607,2318.0,1959.0,26245.0,0.5176876617773933
20250926,RM2608,2418.0,110.0,3281.0,-0.0545905707196028
20250926,RM2609,2407.0,737.0,5860.0,0.0
20250929,RM2511,2480.0,3316.0,20323.0,-0.0034408602150537
20250929,RM2601,2416.0,216668.0,359652.0,-0.2036423841059604
20250929,RM2603,2334.0,2537.0,22369.0,-0.0282776349614397
20250929,RM2605,2323.0,43551.0,188356.0,-0.0206629358588035
20250929,RM2607,2315.0,4184.0,25014.0,0.5339092872570186
20250929,RM2608,2418.0,174.0,3215.0,-0.0545905707196028
20250929,RM2609,2407.0,947.0,5670.0,0.0
20250930,RM2511,2496.0,3269.0,20876.0,-0.0040064102564102
20250930,RM2601,2421.0,217653.0,352864.0,-0.2280049566294917
20250930,RM2603,2329.0,2434.0,22026.0,-0.0309145556032632
20250930,RM2605,2317.0,31850.0,187917.0,-0.0207164436771689
20250930,RM2607,2309.0,1969.0,24942.0,0.5352966652230391
20250930,RM2608,2412.0,87.0,3236.0,-0.0447761194029845
20250930,RM2609,2403.0,458.0,5718.0,0.0
20251009,RM2511,2498.0,5711.0,20903.0,-0.0033626901521217
20251009,RM2601,2435.0,206329.0,356202.0,-0.2242299794661189
20251009,RM2603,2344.0,1857.0,22149.0,-0.0255972696245734
20251009,RM2605,2334.0,30913.0,186212.0,-0.0282776349614397
20251009,RM2607,2323.0,1331.0,24859.0,0.547567800258288
20251009,RM2608,2429.0,82.0,3254.0,-0.0691642651296828
20251009,RM2609,2415.0,563.0,5820.0,0.0
20251010,RM2511,2458.0,19600.0,19015.0,-0.0036343911038784
20251010,RM2601,2391.0,296776.0,371708.0,-0.1606022584692599
20251010,RM2603,2327.0,4157.0,22203.0,0.0025784271594324
20251010,RM2605,2328.0,55993.0,194198.0,-0.0206185567010308
20251010,RM2607,2320.0,2464.0,25537.0,0.5327586206896564
20251010,RM2608,2423.0,186.0,3314.0,-0.0445728435823364
20251010,RM2609,2414.0,1226.0,6144.0,0.0
20251013,RM2511,2400.0,45579.0,13723.0,-0.0004444444444444
20251013,RM2601,2392.0,287966.0,363923.0,-0.1831103678929766
20251013,RM2603,2319.0,2774.0,22213.0,-0.0103492884864164
20251013,RM2605,2315.0,58544.0,202312.0,-0.0207343412526999
20251013,RM2607,2307.0,3235.0,26781.0,0.5409622886866057
20251013,RM2608,2411.0,205.0,3399.0,-0.039817503110743
20251013,RM2609,2403.0,1296.0,6550.0,0.0
20251014,RM2511,2388.0,8557.0,11254.0,-0.0022333891680625
20251014,RM2601,2348.0,274532.0,370714.0,-0.1507666098807498
20251014,RM2603,2289.0,3782.0,22371.0,0.0052424639580599
20251014,RM2605,2291.0,84498.0,218799.0,-0.0235704932343951
20251014,RM2607,2282.0,7839.0,26244.0,0.5521472392638032
20251014,RM2608,2387.0,482.0,3517.0,-0.035190615835777
20251014,RM2609,2380.0,1705.0,6817.0,0.0
20251015,RM2511,2378.0,2196.0,10230.0,-0.0011774600504625
20251015,RM2601,2357.0,184143.0,361931.0,-0.1476453118370808
20251015,RM2603,2299.0,1587.0,22346.0,-0.0026098303610262
20251015,RM2605,2298.0,37318.0,219669.0,-0.028720626631854
20251015,RM2607,2287.0,3395.0,25233.0,0.5666812418014864
20251015,RM2608,2395.0,218.0,3569.0,-0.0350730688935279
20251015,RM2609,2388.0,1092.0,6904.0,0.0
20251016,RM2511,2409.0,1173.0,9803.0,-0.0024906600249065
20251016,RM2601,2364.0,138837.0,354755.0,-0.1497461928934012
20251016,RM2603,2305.0,1279.0,21997.0,0.0026030368763554
20251016,RM2605,2306.0,29751.0,220263.0,-0.0234171725932348
20251016,RM2607,2297.0,3652.0,24979.0,0.548541575968656
20251016,RM2608,2402.0,129.0,3566.0,-0.0349708576186507
20251016,RM2609,2395.0,1011.0,7140.0,0.0
20251017,RM2511,2369.0,1233.0,9541.0,-0.0035457999155761
20251017,RM2601,2306.0,259810.0,367868.0,-0.08326105810928
20251017,RM2603,2274.0,5013.0,21199.0,0.0052770448548806
20251017,RM2605,2276.0,51431.0,228741.0,-0.0158172231985942
20251017,RM2607,2270.0,4370.0,26119.0,0.5656387665198226
20251017,RM2608,2377.0,210.0,3552.0,-0.0353386621792175
20251017,RM2609,2370.0,1450.0,7433.0,0.0
20251020,RM2511,2414.0,1023.0,8810.0,-0.0035349351008008
20251020,RM2601,2350.0,251122.0,363641.0,-0.1225531914893616
20251020,RM2603,2302.0,2166.0,20907.0,0.0078192875760207
20251020,RM2605,2305.0,47079.0,227583.0,-0.0208242950108461
20251020,RM2607,2297.0,3228.0,26087.0,0.5433173704832379
20251020,RM2608,2401.0,149.0,3579.0,-0.0349854227405246
20251020,RM2609,2394.0,1239.0,7223.0,0.0
20251021,RM2511,2408.0,806.0,8674.0,-0.0048172757475083
20251021,RM2601,2321.0,190258.0,377520.0,-0.0620422231796637
20251021,RM2603,2297.0,3020.0,20936.0,0.0156726164562477
20251021,RM2605,2303.0,46634.0,235162.0,-0.0156317846287452
20251021,RM2607,2297.0,4051.0,27329.0,0.548541575968656
20251021,RM2608,2402.0,95.0,3601.0,-0.0299750208159861
20251021,RM2609,2396.0,829.0,7367.0,0.0
20251022,RM2511,2406.0,887.0,8250.0,-0.0054862842892768
20251022,RM2601,2307.0,286297.0,377467.0,-0.0546163849154743
20251022,RM2603,2286.0,3222.0,21226.0,0.0341207349081367
20251022,RM2605,2299.0,70863.0,243038.0,-0.0078294910830793
20251022,RM2607,2296.0,5123.0,28498.0,0.527874564459931
20251022,RM2608,2397.0,505.0,3463.0,-0.0350438047559453
20251022,RM2609,2390.0,2114.0,7658.0,0.0
20251023,RM2511,2439.0,1096.0,7738.0,-0.00546672133388
20251023,RM2601,2339.0,239891.0,364445.0,-0.0666951688755881
20251023,RM2603,2313.0,4482.0,21568.0,-0.0025940337224383
20251023,RM2605,2312.0,78098.0,248307.0,-0.0129757785467128
20251023,RM2607,2307.0,7529.0,29402.0,0.566970091027307
20251023,RM2608,2416.0,622.0,3710.0,-0.0149006622516552
20251023,RM2609,2413.0,3757.0,8631.0,0.0
20251024,RM2511,2440.0,1636.0,7533.0,-0.0062841530054644
20251024,RM2601,2325.0,244910.0,371495.0,-0.0696774193548386
20251024,RM2603,2298.0,2567.0,21412.0,0.0052219321148823
20251024,RM2605,2300.0,78268.0,259908.0,-0.005217391304348
20251024,RM2607,2298.0,4015.0,30216.0,0.5587467362924272
20251024,RM2608,2405.0,941.0,4395.0,-0.0199584199584199
20251024,RM2609,2401.0,2211.0,9171.0,0.0
20251027,RM2511,2400.0,1406.0,6959.0,-0.0036111111111111
20251027,RM2601,2335.0,256734.0,368836.0,-0.0591006423982867
20251027,RM2603,2312.0,3947.0,21338.0,0.0285467128027687
20251027,RM2605,2323.0,81202.0,256765.0,-0.0103314679294017
20251027,RM2607,2319.0,8136.0,29375.0,0.5329883570504528
20251027,RM2608,2422.0,3236.0,5381.0,-0.0346820809248558
20251027,RM2609,2415.0,4923.0,8549.0,0.0
20251028,RM2511,2406.0,2657.0,4453.0,-0.0005541701302299
20251028,RM2601,2396.0,321692.0,366983.0,-0.157762938230384
20251028,RM2603,2333.0,6121.0,19237.0,0.0128589798542644
20251028,RM2605,2338.0,88941.0,260296.0,-0.0128314798973481
20251028,RM2607,2333.0,6666.0,30662.0,0.5503643377625362
20251028,RM2608,2440.0,471.0,5276.0,-0.0344262295081962
20251028,RM2609,2433.0,4338.0,10432.0,0.0
20251029,RM2511,2411.0,1487.0,4144.0,-0.0021014793308447
20251029,RM2601,2373.0,330938.0,351848.0,-0.1238938053097342
20251029,RM2603,2324.0,4007.0,19398.0,0.0154905335628221
20251029,RM2605,2330.0,89213.0,272373.0,-0.0103004291845494
20251029,RM2607,2326.0,5465.0,31522.0,0.5468615649183137
20251029,RM2608,2432.0,246.0,5273.0,-0.0296052631578942
20251029,RM2609,2426.0,1749.0,10706.0,0.0
20251030,RM2511,2436.0,1651.0,3898.0,-0.0019157088122605
20251030,RM2601,2401.0,242253.0,350537.0,-0.1699291961682629
20251030,RM2603,2333.0,4868.0,19865.0,0.0051435919417057
20251030,RM2605,2335.0,68348.0,274550.0,-0.0128479657387581
20251030,RM2607,2330.0,3624.0,31530.0,0.5304721030042927
20251030,RM2608,2433.0,181.0,5265.0,-0.0197287299630084
20251030,RM2609,2429.0,1869.0,10790.0,0.0
20251031,RM2511,2427.0,2328.0,3022.0,-0.0021425628347754
20251031,RM2601,2388.0,349973.0,343443.0,-0.1306532663316584
20251031,RM2603,2336.0,18749.0,19577.0,0.0154109589041091
20251031,RM2605,2342.0,122157.0,272328.0,-0.0230572160546542
20251031,RM2607,2333.0,7655.0,31219.0,0.5400771538791247
20251031,RM2608,2438.0,291.0,5354.0,-0.0295324036095157
20251031,RM2609,2432.0,2340.0,10702.0,0.0
20251103,RM2511,2486.0,224.0,3020.0,0.0002681684097613
20251103,RM2601,2491.0,559625.0,368657.0,-0.2240064231232439
20251103,RM2603,2398.0,11940.0,20314.0,-0.0450375312760633
20251103,RM2605,2380.0,152446.0,270195.0,-0.0252100840336133
20251103,RM2607,2370.0,9754.0,29908.0,0.5215189873417714
20251103,RM2608,2473.0,790.0,5680.0,-0.0145572179539019
20251103,RM2609,2470.0,5747.0,11588.0,0.0
20251104,RM2511,2480.0,10.0,3014.0,0.0009139784946236
20251104,RM2601,2497.0,421278.0,375310.0,-0.2450941129355224
20251104,RM2603,2395.0,7923.0,21146.0,-0.0425887265135702
20251104,RM2605,2378.0,87784.0,272888.0,-0.0252312867956268
20251104,RM2607,2368.0,4254.0,29623.0,0.5168918918918921
20251104,RM2608,2470.0,414.0,5628.0,-0.0194331983805664
20251104,RM2609,2466.0,2067.0,11500.0,0.0
20251105,RM2511,2489.0,620.0,2804.0,0.0025713137806347
20251105,RM2601,2537.0,496698.0,408102.0,-0.2554197871501775
20251105,RM2603,2429.0,8403.0,21849.0,-0.0592836558254423
20251105,RM2605,2405.0,116998.0,279628.0,-0.042411642411642
20251105,RM2607,2388.0,9253.0,28266.0,0.5025125628140703
20251105,RM2608,2488.0,1066.0,5254.0,-0.0482315112540194
20251105,RM2609,2478.0,7520.0,12675.0,0.0
20251106,RM2511,2519.0,40.0,2804.0,0.001587931718936
20251106,RM2601,2549.0,362939.0,442304.0,-0.2636327971753631
20251106,RM2603,2437.0,7211.0,22430.0,-0.051702913418137
20251106,RM2605,2416.0,90710.0,273650.0,-0.0372516556291393
20251106,RM2607,2401.0,4495.0,26600.0,0.4798000832986258
20251106,RM2608,2497.0,423.0,5213.0,-0.0480576692030436
20251106,RM2609,2487.0,2299.0,12710.0,0.0
20251107,RM2511,2455.0,55.0,2804.0,0.0045621181262729
20251107,RM2601,2539.0,334297.0,463486.0,-0.2339503741630564
20251107,RM2603,2440.0,8800.0,22530.0,-0.0590163934426228
20251107,RM2605,2416.0,92459.0,278076.0,-0.0397350993377485
20251107,RM2607,2400.0,3249.0,25493.0,0.4850000000000012
20251107,RM2608,2497.0,97.0,5180.0,-0.0480576692030436
20251107,RM2609,2487.0,2165.0,12886.0,0.0
20251110,RM2511,2422.0,20.0,2804.0,0.0057803468208092
20251110,RM2601,2527.0,399239.0,451261.0,-0.1899485555995248
20251110,RM2603,2447.0,7742.0,21946.0,-0.0465876583571718
20251110,RM2605,2428.0,84374.0,272496.0,-0.0420098846787482
20251110,RM2607,2411.0,3648.0,24682.0,0.4728328494400653
20251110,RM2608,2506.0,116.0,5199.0,-0.0478850758180371
20251110,RM2609,2496.0,1984.0,12874.0,0.0
20251111,RM2511,0.0,0.0,2804.0,0.0
20251111,RM2601,2500.0,356508.0,465838.0,-0.1488000000000002
20251111,RM2603,2438.0,10349.0,22525.0,-0.0418375717801478
20251111,RM2605,2421.0,78106.0,274772.0,-0.0297397769516731
20251111,RM2607,2409.0,4837.0,23309.0,0.4831880448318806
20251111,RM2608,2506.0,358.0,5003.0,-0.0574620909816445
20251111,RM2609,2494.0,2023.0,12830.0,0.0
20251112,RM2511,0.0,0.0,2804.0,0.0
20251112,RM2601,2494.0,310875.0,468864.0,-0.1178829190056134
20251112,RM2603,2445.0,6183.0,21778.0,-0.0319018404907975
20251112,RM2605,2432.0,103368.0,275452.0,-0.0345394736842108
20251112,RM2607,2418.0,3658.0,22499.0,0.4863523573200998
20251112,RM2608,2516.0,144.0,4974.0,-0.0572337042925279
20251112,RM2609,2504.0,2585.0,13006.0,0.0
20251113,RM2511,2500.0,7.0,2805.0,-0.0004266666666666
20251113,RM2601,2492.0,299956.0,479461.0,-0.1227929373996792
20251113,RM2603,2441.0,6348.0,21304.0,-0.0294961081523965
20251113,RM2605,2429.0,69451.0,278039.0,-0.0271716755866608
20251113,RM2607,2418.0,3006.0,21978.0,0.4665012406947895
20251113,RM2608,2512.0,208.0,4948.0,-0.0716560509554145
20251113,RM2609,2497.0,2659.0,13417.0,0.0
20251114,RM2511,2460.0,775.0,0.0,0.0016260162601626
20251114,RM2601,2490.0,355883.0,472680.0,-0.1156626506024098
20251114,RM2603,2442.0,4896.0,21517.0,-0.0417690417690419
20251114,RM2605,2425.0,86007.0,277110.0,-0.0395876288659791
20251114,RM2607,2409.0,2972.0,21597.0,0.4831880448318806
20251114,RM2608,2506.0,210.0,4881.0,-0.0718276137270557
20251114,RM2609,2491.0,2879.0,13662.0,0.0
20251117,RM2601,2449.0,455565.0,424779.0,-0.10044916292364237
20251117,RM2603,2408.0,9147.0,22200.0,-0.03737541528239219
20251117,RM2605,2393.0,112232.0,277696.0,-0.02758044295862927
20251117,RM2607,2382.0,5095.0,22238.0,0.458438287153653
20251117,RM2608,2473.0,276.0,4921.0,-0.07278608976951118
20251117,RM2609,2458.0,6195.0,15436.0,-0.21480878763222155
20251117,RM2611,2370.0,688.0,445.0,0.0
20251118,RM2601,2431.0,286235.0,411174.0,-0.0691073632250101
20251118,RM2603,2403.0,4274.0,22382.0,-0.014981273408239737
20251118,RM2605,2397.0,76744.0,275367.0,-0.022528160200250502
20251118,RM2607,2388.0,5463.0,21341.0,0.4170854271356781
20251118,RM2608,2471.0,518.0,4734.0,-0.07284500202347166
20251118,RM2609,2456.0,3844.0,16072.0,-0.19543973941368087
20251118,RM2611,2376.0,334.0,648.0,0.0
20251119,RM2601,2419.0,288072.0,387336.0,-0.06448945845390686
20251119,RM2603,2393.0,7099.0,23501.0,-0.01504387797743445
20251119,RM2605,2387.0,80633.0,279619.0,-0.015081692501047517
20251119,RM2607,2381.0,4810.0,21826.0,0.433431331373372
20251119,RM2608,2467.0,826.0,4171.0,-0.0632346980137819
20251119,RM2609,2454.0,2883.0,15893.0,-0.19315403422982858
20251119,RM2611,2375.0,229.0,800.0,0.0
20251120,RM2601,2412.0,217806.0,377665.0,-0.07462686567164178
20251120,RM2603,2382.0,7382.0,22727.0,-0.012594458438287104
20251120,RM2605,2377.0,67236.0,285102.0,-0.015145140933950474
20251120,RM2607,2371.0,3819.0,22561.0,0.440320539856601
20251120,RM2608,2458.0,773.0,3587.0,-0.0683482506102524
20251120,RM2609,2444.0,3205.0,16383.0,-0.20376432078559725
20251120,RM2611,2361.0,294.0,1038.0,0.0
20251121,RM2601,2431.0,341836.0,356184.0,-0.11846976552858912
20251121,RM2603,2383.0,22784.0,18652.0,-0.04028535459504812
20251121,RM2605,2367.0,119126.0,297172.0,-0.01774397972116626
20251121,RM2607,2360.0,5446.0,22953.0,0.48305084745762716
20251121,RM2608,2455.0,397.0,3641.0,-0.09775967413441977
20251121,RM2609,2435.0,3106.0,16761.0,-0.19466119096509216
20251121,RM2611,2356.0,121.0,1082.0,0.0
20251124,RM2601,2446.0,254616.0,360472.0,-0.10302534750613268
20251124,RM2603,2404.0,6944.0,17435.0,-0.04742096505823623
20251124,RM2605,2385.0,88637.0,306691.0,-0.025157232704402288
20251124,RM2607,2375.0,4727.0,23690.0,0.4951578947368427
20251124,RM2608,2473.0,228.0,3581.0,-0.11645774363121708
20251124,RM2609,2449.0,2568.0,16761.0,-0.1959983666802776
20251124,RM2611,2369.0,290.0,1257.0,0.0
20251125,RM2601,2431.0,261245.0,355847.0,-0.08885232414644184
20251125,RM2603,2395.0,9208.0,17534.0,-0.025052192066805645
20251125,RM2605,2385.0,91418.0,314074.0,-0.02264150943396226
20251125,RM2607,2376.0,2895.0,23336.0,0.4848484848484853
20251125,RM2608,2472.0,190.0,3590.0,-0.10679611650485477
20251125,RM2609,2450.0,3312.0,16908.0,-0.20816326530612228
20251125,RM2611,2365.0,213.0,1345.0,0.0
20251126,RM2601,2439.0,189593.0,345210.0,-0.09348093480934816
20251126,RM2603,2401.0,5080.0,17477.0,-0.03498542274052463
20251126,RM2605,2387.0,88598.0,327005.0,-0.017595307917888547
20251126,RM2607,2380.0,2670.0,23111.0,0.4840336134453791
20251126,RM2608,2476.0,117.0,3554.0,-0.12116316639741465
20251126,RM2609,2451.0,1835.0,16900.0,-0.20563035495716053
20251126,RM2611,2367.0,193.0,1228.0,0.0
20251127,RM2601,2469.0,257533.0,338327.0,-0.0850546780072905
20251127,RM2603,2434.0,5763.0,17622.0,-0.04930156121610496
20251127,RM2605,2414.0,106817.0,342947.0,-0.019884009942004788
20251127,RM2607,2406.0,3098.0,22763.0,0.48379052369077336
20251127,RM2608,2503.0,192.0,3534.0,-0.13423891330403492
20251127,RM2609,2475.0,2113.0,16596.0,-0.22303030303030313
20251127,RM2611,2383.0,153.0,1168.0,0.0
20251128,RM2601,2452.0,184980.0,319701.0,-0.06117455138662331
20251128,RM2603,2427.0,6903.0,17948.0,-0.029666254635352107
20251128,RM2605,2415.0,96169.0,361719.0,-0.022360248447204745
20251128,RM2607,2406.0,3625.0,21713.0,0.4738154613466321
20251128,RM2608,2501.0,83.0,3562.0,-0.0959616153538585
20251128,RM2609,2481.0,1955.0,16914.0,-0.23941958887545334
20251128,RM2611,2382.0,103.0,1120.0,0.0
20251201,RM2601,2423.0,266634.0,289881.0,-0.03466776723070586
20251201,RM2603,2409.0,8884.0,18706.0,-0.014943960149439661
20251201,RM2605,2403.0,160709.0,387607.0,-0.014981273408239737
20251201,RM2607,2397.0,7973.0,23942.0,0.4755944931163958
20251201,RM2608,2492.0,215.0,3556.0,-0.11556982343499245
20251201,RM2609,2468.0,2627.0,16912.0,-0.22609400324149131
20251201,RM2611,2375.0,237.0,1161.0,0.0
20251202,RM2601,2423.0,204233.0,271187.0,-0.029715229054890546
20251202,RM2603,2411.0,15568.0,22062.0,0.004977187888843382
20251202,RM2605,2413.0,133255.0,409254.0,-0.017405719021964083
20251202,RM2607,2406.0,3632.0,24229.0,0.4738154613466321
20251202,RM2608,2501.0,72.0,3543.0,-0.10555777688924461
20251202,RM2609,2479.0,2412.0,17598.0,-0.22993142396127442
20251202,RM2611,2384.0,196.0,1161.0,0.0
20251203,RM2601,2408.0,152104.0,244739.0,-0.01744186046511631
20251203,RM2603,2401.0,7887.0,22102.0,0.019991670137442075
20251203,RM2605,2409.0,135991.0,432354.0,-0.01743462017434605
20251203,RM2607,2402.0,5310.0,25329.0,0.48459616985845066
20251203,RM2608,2499.0,151.0,3566.0,-0.11044417767106784
20251203,RM2609,2476.0,2543.0,18086.0,-0.23021001615508863
20251203,RM2611,2381.0,176.0,1172.0,0.0
20251204,RM2601,2422.0,171067.0,205310.0,-0.052023121387283044
20251204,RM2603,2401.0,10842.0,20675.0,-0.014993752603081889
20251204,RM2605,2395.0,225766.0,461656.0,-0.010020876826722258
20251204,RM2607,2391.0,6779.0,27923.0,0.4818067754077804
20251204,RM2608,2487.0,132.0,3520.0,-0.1109770808202657
20251204,RM2609,2464.0,7503.0,18102.0,-0.22889610389610393
20251204,RM2611,2370.0,347.0,1205.0,0.0
20251205,RM2601,2397.0,125677.0,172248.0,-0.04755944931163958
20251205,RM2603,2378.0,10386.0,19761.0,-0.002523128679562614
20251205,RM2605,2377.0,295977.0,494958.0,-0.010096760622633871
20251205,RM2607,2373.0,5639.0,29004.0,0.5006321112515799
20251205,RM2608,2472.0,612.0,3520.0,-0.1262135922330092
20251205,RM2609,2446.0,8686.0,20528.0,-0.22322158626328692
20251205,RM2611,2355.0,401.0,1309.0,0.0
20251208,RM2601,2395.0,103310.0,150196.0,-0.08768267223382042
20251208,RM2603,2360.0,14477.0,17841.0,-0.04576271186440706
20251208,RM2605,2342.0,366808.0,536927.0,-0.005123825789923098
20251208,RM2607,2340.0,8466.0,31117.0,0.482051282051283
20251208,RM2608,2434.0,301.0,3453.0,-0.1281840591618737
20251208,RM2609,2408.0,16666.0,24819.0,-0.20431893687707658
20251208,RM2611,2326.0,1311.0,2114.0,0.0
20251209,RM2601,2358.0,81554.0,117787.0,-0.07124681933842236
20251209,RM2603,2330.0,6111.0,17750.0,-0.03347639484978515
20251209,RM2605,2317.0,264911.0,552863.0,-0.00517911091929224
20251209,RM2607,2315.0,6724.0,32523.0,0.4976241900647951
20251209,RM2608,2411.0,207.0,3426.0,-0.11945250933222784
20251209,RM2609,2387.0,13895.0,28456.0,-0.2036028487641388
20251209,RM2611,2306.0,456.0,2291.0,0.0
20251210,RM2601,2398.0,91350.0,94097.0,-0.09758131776480372
20251210,RM2603,2359.0,18847.0,19391.0,-0.07630351844001693
20251210,RM2605,2329.0,309362.0,579248.0,-0.018033490768570415
20251210,RM2607,2322.0,9895.0,32174.0,0.4857881136950901
20251210,RM2608,2416.0,243.0,3350.0,-0.12417218543046404
20251210,RM2609,2391.0,18038.0,31818.0,-0.21079046424090309
20251210,RM2611,2307.0,631.0,2566.0,0.0
20251211,RM2601,2401.0,91069.0,86268.0,-0.06247396917950865
20251211,RM2603,2376.0,19104.0,24013.0,-0.13383838383838365
20251211,RM2605,2323.0,290115.0,590971.0,-0.023245802841153962
20251211,RM2607,2314.0,9157.0,31619.0,0.4978392394122739
20251211,RM2608,2410.0,145.0,3358.0,-0.12448132780082943
20251211,RM2609,2385.0,11118.0,34724.0,-0.20880503144654106
20251211,RM2611,2302.0,239.0,2642.0,0.0
20251212,RM2601,2411.0,46488.0,75740.0,-0.014931563666528147
20251212,RM2603,2405.0,22342.0,31370.0,-0.1446985446985447
20251212,RM2605,2347.0,293158.0,581668.0,-0.020451640391989656
20251212,RM2607,2339.0,11473.0,32202.0,0.4873877725523732
20251212,RM2608,2434.0,676.0,3336.0,-0.17255546425636803
20251212,RM2609,2399.0,13459.0,36643.0,-0.21008753647353062
20251212,RM2611,2315.0,483.0,2463.0,0.0
20251215,RM2601,2412.0,34261.0,65109.0,-0.024875621890547484
20251215,RM2603,2402.0,9469.0,31749.0,-0.1523730224812656
20251215,RM2605,2341.0,237997.0,583558.0,-0.0307560871422472
20251215,RM2607,2329.0,5338.0,32452.0,0.5203950193215983
20251215,RM2608,2430.0,283.0,3324.0,-0.17777777777777803
20251215,RM2609,2394.0,8385.0,37756.0,-0.2080200501253131
20251215,RM2611,2311.0,298.0,2553.0,0.0
20251216,RM2601,2419.0,31221.0,57201.0,-0.012401818933443831
20251216,RM2603,2414.0,13494.0,33554.0,-0.13670256835128392
20251216,RM2605,2359.0,314197.0,577756.0,-0.03815175922000846
20251216,RM2607,2344.0,9747.0,31273.0,0.4965870307167233
20251216,RM2608,2441.0,314.0,3315.0,-0.13273248668578486
20251216,RM2609,2414.0,10331.0,39279.0,-0.21872410936205466
20251216,RM2611,2326.0,389.0,2428.0,0.0
20251217,RM2601,2401.0,22393.0,48357.0,-0.024989587671803593
20251217,RM2603,2391.0,7352.0,32070.0,-0.15056461731493087
20251217,RM2605,2331.0,269146.0,592352.0,-0.02574002574002554
20251217,RM2607,2321.0,5987.0,32741.0,0.5325290822921165
20251217,RM2608,2424.0,351.0,3337.0,-0.11881188118811892
20251217,RM2609,2400.0,10470.0,41953.0,-0.2124999999999999
20251217,RM2611,2315.0,223.0,2449.0,0.0
20251218,RM2601,2406.0,15971.0,42260.0,-0.01995012468827917
20251218,RM2603,2398.0,5411.0,31870.0,-0.14512093411176008
20251218,RM2605,2340.0,294457.0,591613.0,-0.03076923076923066
20251218,RM2607,2328.0,6029.0,33463.0,0.5206185567010317
20251218,RM2608,2429.0,177.0,3294.0,-0.123507616303006
20251218,RM2609,2404.0,9997.0,42692.0,-0.20715474209650564
20251218,RM2611,2321.0,597.0,2633.0,0.0
20251219,RM2601,2389.0,18085.0,35091.0,-0.017580577647551054
20251219,RM2603,2382.0,4784.0,31279.0,-0.14861460957178863
20251219,RM2605,2323.0,232500.0,598488.0,-0.023245802841153962
20251219,RM2607,2314.0,4562.0,33967.0,0.513396715643907
20251219,RM2608,2413.0,139.0,3293.0,-0.1541649399088274
20251219,RM2609,2382.0,12102.0,43916.0,-0.20151133501259433
20251219,RM2611,2302.0,442.0,2846.0,0.0
20251222,RM2601,2412.0,27754.0,28099.0,-0.00995024875621886
20251222,RM2603,2408.0,12084.0,31953.0,-0.176910299003322
20251222,RM2605,2337.0,343580.0,604362.0,-0.025673940949936025
20251222,RM2607,2327.0,7052.0,33819.0,0.49505801461108856
20251222,RM2608,2423.0,272.0,3321.0,-0.14857614527445273
20251222,RM2609,2393.0,9164.0,44862.0,-0.2030923526953614
20251222,RM2611,2312.0,534.0,2810.0,0.0
20251223,RM2601,2417.0,12273.0,25561.0,-0.01985932974762128
20251223,RM2603,2409.0,6846.0,30805.0,-0.14943960149439595
20251223,RM2605,2349.0,230737.0,620191.0,-0.02298850574712663
20251223,RM2607,2340.0,3902.0,33896.0,0.49743589743589833
20251223,RM2608,2437.0,172.0,3341.0,-0.16741895773491944
20251223,RM2609,2403.0,8116.0,46412.0,-0.20224719101123578
20251223,RM2611,2322.0,437.0,2801.0,0.0
20251224,RM2601,2415.0,9140.0,22475.0,-0.01242236024844745
20251224,RM2603,2410.0,5718.0,31456.0,-0.16431535269709552
20251224,RM2605,2344.0,228602.0,630650.0,-0.020477815699659008
20251224,RM2607,2336.0,4284.0,33241.0,0.48801369863013644
20251224,RM2608,2431.0,61.0,3341.0,-0.1530234471410945
20251224,RM2609,2400.0,6128.0,47504.0,-0.20500000000000007
20251224,RM2611,2318.0,356.0,2855.0,0.0
20251225,RM2601,2436.0,15472.0,15669.0,-0.04187192118226579
20251225,RM2603,2419.0,11632.0,31560.0,-0.16618437370814387
20251225,RM2605,2352.0,434921.0,638009.0,-0.030612244897958885
20251225,RM2607,2340.0,14514.0,32706.0,0.5384615384615392
20251225,RM2608,2445.0,345.0,3296.0,-0.19631901840490862
20251225,RM2609,2405.0,11939.0,48426.0,-0.1945945945945946
20251225,RM2611,2327.0,1214.0,3130.0,0.0
20251226,RM2601,2459.0,9495.0,11717.0,-0.017080113867425473
20251226,RM2603,2452.0,11952.0,31961.0,-0.14926590538336026
20251226,RM2605,2391.0,432299.0,650686.0,-0.035131744040150625
20251226,RM2607,2377.0,11531.0,30612.0,0.51998317206563
20251226,RM2608,2480.0,305.0,3313.0,-0.16935483870967794
20251226,RM2609,2445.0,14378.0,48894.0,-0.20613496932515352
20251226,RM2611,2361.0,1318.0,2676.0,0.0
20251229,RM2601,2465.0,5172.0,8179.0,-0.031643002028397316
20251229,RM2603,2452.0,6615.0,32020.0,-0.15905383360522007
20251229,RM2605,2387.0,298025.0,651735.0,-0.035190615835777095
20251229,RM2607,2373.0,7924.0,29377.0,0.5056890012642228
20251229,RM2608,2473.0,316.0,3311.0,-0.13101496158511905
20251229,RM2609,2446.0,16455.0,49644.0,-0.2011447260834014
20251229,RM2611,2364.0,611.0,2599.0,0.0
20251230,RM2601,2472.0,4573.0,4772.0,-0.007281553398058582
20251230,RM2603,2469.0,7726.0,30416.0,-0.16038882138517652
20251230,RM2605,2403.0,254733.0,655159.0,-0.04494382022471921
20251230,RM2607,2385.0,9493.0,27316.0,0.4880503144654096
20251230,RM2608,2482.0,256.0,3332.0,-0.15471394037066943
20251230,RM2609,2450.0,15357.0,48530.0,-0.200816326530612
20251230,RM2611,2368.0,440.0,2651.0,0.0
20251231,RM2601,2428.0,4094.0,1823.0,0.022240527182867176
20251231,RM2603,2437.0,7117.0,29351.0,-0.1772671317193273
20251231,RM2605,2365.0,317781.0,631470.0,-0.030443974630021353
20251231,RM2607,2353.0,8781.0,27389.0,0.5099872503187424
20251231,RM2608,2453.0,341.0,3284.0,-0.1761108846310644
20251231,RM2609,2417.0,17682.0,48789.0,-0.19362846503930498
20251231,RM2611,2339.0,684.0,2819.0,0.0
20260105,RM2601,2613.0,1731.0,306.0,-0.40183696900114807
20260105,RM2603,2438.0,8816.0,30211.0,-0.18949958982772763
20260105,RM2605,2361.0,271120.0,644700.0,-0.030495552731893527
20260105,RM2607,2349.0,6736.0,28239.0,0.5057471264367805
20260105,RM2608,2448.0,504.0,3341.0,-0.20098039215686336
20260105,RM2609,2407.0,13368.0,50070.0,-0.18944744495222277
20260105,RM2611,2331.0,620.0,3068.0,0.0
20260106,RM2601,2637.0,119.0,208.0,-0.40045506257110386
20260106,RM2603,2461.0,8711.0,30465.0,-0.17310036570499787
20260106,RM2605,2390.0,297437.0,662451.0,-0.042677824267782105
20260106,RM2607,2373.0,8364.0,26166.0,0.49051833122629684
20260106,RM2608,2470.0,717.0,3702.0,-0.1603238866396759
20260106,RM2609,2437.0,18516.0,52485.0,-0.20188756668034458
20260106,RM2611,2355.0,1072.0,3367.0,0.0
20260107,RM2601,2677.0,6.0,202.0,-0.37654090399701134
20260107,RM2603,2509.0,26866.0,30973.0,-0.21522518931845336
20260107,RM2605,2419.0,536371.0,720911.0,-0.052087639520463025
20260107,RM2607,2398.0,15063.0,24454.0,0.47039199332777226
20260107,RM2608,2492.0,943.0,3766.0,-0.130016051364366
20260107,RM2609,2465.0,40817.0,48755.0,-0.20933062880324527
20260107,RM2611,2379.0,1294.0,3391.0,0.0
20260108,RM2601,2590.0,56.0,201.0,-0.40077220077220077
20260108,RM2603,2417.0,51810.0,26359.0,-0.14646255688870502
20260108,RM2605,2358.0,701628.0,785807.0,-0.02290076335877833
20260108,RM2607,2349.0,20697.0,29501.0,0.5057471264367805
20260108,RM2608,2448.0,1208.0,4066.0,-0.14215686274509753
20260108,RM2609,2419.0,50880.0,55857.0,-0.19594873914840827
20260108,RM2611,2340.0,2236.0,4686.0,0.0
20260109,RM2601,0.0,0.0,201.0,0.0
20260109,RM2603,2397.0,15633.0,23542.0,-0.14768460575719655
20260109,RM2605,2338.0,462002.0,809345.0,-0.017964071856287234
20260109,RM2607,2331.0,14526.0,32122.0,0.5045045045045038
20260109,RM2608,2429.0,848.0,3823.0,-0.15314944421572685
20260109,RM2609,2398.0,29692.0,59885.0,-0.19266055045871577
20260109,RM2611,2321.0,2365.0,5618.0,0.0
20260112,RM2601,0.0,0.0,201.0,0.0
20260112,RM2603,2397.0,13097.0,21336.0,-0.1677096370463078
20260112,RM2605,2330.0,450615.0,827782.0,-0.015450643776823814
20260112,RM2607,2324.0,17820.0,36708.0,0.5060240963855431
20260112,RM2608,2422.0,644.0,3779.0,-0.1387283236994219
20260112,RM2609,2394.0,34004.0,61693.0,-0.1879699248120299
20260112,RM2611,2319.0,2281.0,6525.0,0.0
20260113,RM2601,2600.0,23.0,198.0,-0.44999999999999973
20260113,RM2603,2405.0,11409.0,20996.0,-0.2270270270270267
20260113,RM2605,2314.0,480155.0,834183.0,-0.023336214347450257
20260113,RM2607,2305.0,27538.0,43423.0,0.5206073752711484
20260113,RM2608,2405.0,1327.0,3788.0,-0.13471933471933406
20260113,RM2609,2378.0,36577.0,64120.0,-0.20185029436501245
20260113,RM2611,2298.0,4372.0,7940.0,0.0
20260114,RM2601,2355.0,85.0,158.0,0.06878980891719744
20260114,RM2603,2382.0,9650.0,21203.0,-0.23425692695214106
20260114,RM2605,2289.0,472524.0,870951.0,-0.01834862385321112
20260114,RM2607,2282.0,16272.0,49183.0,0.5258545135845738
20260114,RM2608,2382.0,695.0,3666.0,-0.13098236775818695
20260114,RM2609,2356.0,32352.0,67133.0,-0.19864176570458425
20260114,RM2611,2278.0,3166.0,9415.0,0.0
20260115,RM2601,0.0,0.0,158.0,0.0
20260115,RM2603,2376.0,4374.0,21283.0,-0.23484848484848486
20260115,RM2605,2283.0,363726.0,869905.0,-0.015768725361366753
20260115,RM2607,2277.0,13334.0,53248.0,0.5217391304347823
20260115,RM2608,2376.0,646.0,3570.0,-0.12626262626262585
20260115,RM2609,2351.0,30379.0,68606.0,-0.19140791152700976
20260115,RM2611,2276.0,1723.0,9899.0,0.0
20260116,RM2601,0.0,74.0,0.0,0.0
20260116,RM2603,2344.0,12857.0,21341.0,-0.2278156996587033
20260116,RM2605,2255.0,737095.0,917639.0,-0.007982261640798294
20260116,RM2607,2252.0,35948.0,59078.0,0.49023090586145734
20260116,RM2608,2344.0,1732.0,3183.0,-0.10750853242320879
20260116,RM2609,2323.0,58118.0,75783.0,-0.17563495479982794
20260116,RM2611,2255.0,3660.0,11090.0,0.0
20260119,RM2603,2327.0,20982.0,27357.0,-0.2733132788998709
20260119,RM2605,2221.0,902701.0,1013517.0,-0.021611886537595826
20260119,RM2607,2213.0,46111.0,66260.0,0.5259828287392674
20260119,RM2608,2310.0,1313.0,2807.0,-0.1194805194805193
20260119,RM2609,2287.0,121582.0,102940.0,-0.1416703104503716
20260119,RM2611,2233.0,7359.0,12031.0,-0.0009553664726078548
20260119,RM2701,2217.0,7362.0,5467.0,0.0
20260120,RM2603,2371.0,12188.0,29233.0,-0.35934204976803064
20260120,RM2605,2229.0,563126.0,1001168.0,-0.04845222072678346
20260120,RM2607,2211.0,34125.0,68568.0,0.5264586160108538
20260120,RM2608,2308.0,381.0,2896.0,-0.13518197573656865
20260120,RM2609,2282.0,59472.0,114184.0,-0.12883435582822078
20260120,RM2611,2233.0,2318.0,12447.0,-0.0009553664726078548
20260120,RM2701,2217.0,4881.0,8105.0,0.0
20260121,RM2603,2377.0,13115.0,27291.0,-0.3761043331931002
20260121,RM2605,2228.0,426448.0,1027084.0,-0.08078994614003587
20260121,RM2607,2198.0,29160.0,73872.0,0.518653321201092
20260121,RM2608,2293.0,848.0,2922.0,-0.14129960750109039
20260121,RM2609,2266.0,85130.0,135483.0,-0.1297440423654017
20260121,RM2611,2217.0,3024.0,12875.0,-0.0005412719891745669
20260121,RM2701,2208.0,4777.0,10161.0,0.0
20260122,RM2603,2396.0,9599.0,26938.0,-0.36560934891485797
20260122,RM2605,2250.0,484503.0,1006148.0,-0.11733333333333329
20260122,RM2607,2206.0,27519.0,75892.0,0.5167724388032635
20260122,RM2608,2301.0,1243.0,3100.0,-0.11994784876140852
20260122,RM2609,2278.0,83233.0,149256.0,-0.12906057945566296
20260122,RM2611,2229.0,1704.0,12811.0,-0.0006579931209810041
20260122,RM2701,2218.0,4308.0,11277.0,0.0
20260123,RM2603,2367.0,6924.0,25224.0,-0.33460076045627374
20260123,RM2605,2235.0,400506.0,1014253.0,-0.08590604026845661
20260123,RM2607,2203.0,22836.0,79928.0,0.5174761688606457
20260123,RM2608,2298.0,933.0,3212.0,-0.10443864229765021
20260123,RM2609,2278.0,65529.0,152864.0,-0.1369622475856016
20260123,RM2611,2226.0,1527.0,12546.0,-0.000718778077268641
20260123,RM2701,2214.0,4515.0,13144.0,0.0
20260126,RM2603,2400.0,6034.0,23463.0,-0.3274999999999999
20260126,RM2605,2269.0,513795.0,968068.0,-0.10841780520052868
20260126,RM2607,2228.0,25305.0,81399.0,0.5439856373429084
20260126,RM2608,2329.0,361.0,3192.0,-0.13911550021468377
20260126,RM2609,2302.0,78181.0,160808.0,-0.14074717636837564
20260126,RM2611,2248.0,2006.0,12112.0,-0.0008896797153024938
20260126,RM2701,2233.0,5331.0,13843.0,0.0
20260127,RM2603,2410.0,3009.0,23159.0,-0.34605809128630716
20260127,RM2605,2271.0,344500.0,970411.0,-0.14002642007926025
20260127,RM2607,2218.0,26600.0,86681.0,0.5464382326420187
20260127,RM2608,2319.0,366.0,3250.0,-0.13454075032341484
20260127,RM2609,2293.0,49505.0,162865.0,-0.1386829481029217
20260127,RM2611,2240.0,850.0,12188.0,-0.0008928571428571472
20260127,RM2701,2225.0,4889.0,15416.0,0.0
20260128,RM2603,2426.0,3864.0,22179.0,-0.31904369332234106
20260128,RM2605,2297.0,490704.0,940606.0,-0.16978667827601202
20260128,RM2607,2232.0,28204.0,92439.0,0.5322580645161299
20260128,RM2608,2331.0,1089.0,3303.0,-0.11325611325611318
20260128,RM2609,2309.0,71609.0,176376.0,-0.14291901255954964
20260128,RM2611,2254.0,1190.0,12047.0,-0.0010647737355811888
20260128,RM2701,2236.0,5539.0,16216.0,0.0
20260129,RM2603,2443.0,7107.0,20620.0,-0.28980761358984863
20260129,RM2605,2325.0,430834.0,911550.0,-0.18580645161290343
20260129,RM2607,2253.0,25907.0,94154.0,0.5326231691078549
20260129,RM2608,2353.0,673.0,3497.0,-0.10199745006374794
20260129,RM2609,2333.0,66054.0,178926.0,-0.1620231461637378
20260129,RM2611,2270.0,2180.0,11468.0,-0.0010572687224669566
20260129,RM2701,2252.0,6760.0,17421.0,0.0
20260130,RM2603,2389.0,11538.0,20167.0,-0.2561741314357471
20260130,RM2605,2287.0,661019.0,914363.0,-0.15478793178836892
20260130,RM2607,2228.0,31315.0,97930.0,0.5439856373429084
20260130,RM2608,2329.0,681.0,3392.0,-0.11850579647917625
20260130,RM2609,2306.0,88579.0,182116.0,-0.1457068516912403
20260130,RM2611,2250.0,2212.0,12147.0,-0.0007111111111111068
20260130,RM2701,2238.0,6146.0,18366.0,0.0
20260202,RM2603,2383.0,6180.0,20361.0,-0.2694083088543855
20260202,RM2605,2276.0,495138.0,912962.0,-0.15817223198594044
20260202,RM2607,2216.0,38653.0,103273.0,0.5631768953068592
20260202,RM2608,2320.0,2923.0,3965.0,-0.11896551724137971
20260202,RM2609,2297.0,64402.0,182872.0,-0.13844144536351788
20260202,RM2611,2244.0,1424.0,12347.0,-0.0004159239453357166
20260202,RM2701,2237.0,5561.0,19684.0,0.0
20260203,RM2603,2362.0,5822.0,19532.0,-0.28704487722269234
20260203,RM2605,2249.0,442481.0,922401.0,-0.12005335704757703
20260203,RM2607,2204.0,23570.0,108427.0,0.5771324863883844
20260203,RM2608,2310.0,2242.0,4528.0,-0.1194805194805193
20260203,RM2609,2287.0,74306.0,188157.0,-0.1416703104503716
20260203,RM2611,2233.0,1793.0,12746.0,-0.00047768323630392
20260203,RM2701,2225.0,5714.0,20220.0,0.0
20260204,RM2603,2349.0,6381.0,18388.0,-0.2605363984674327
20260204,RM2605,2247.0,328156.0,926083.0,-0.10680907877169532
20260204,RM2607,2207.0,17428.0,109934.0,0.5926597190756686
20260204,RM2608,2316.0,281.0,4563.0,-0.12435233160621806
20260204,RM2609,2292.0,51677.0,194759.0,-0.1465968586387434
20260204,RM2611,2236.0,1133.0,12775.0,-0.00041741204531902846
20260204,RM2701,2229.0,3484.0,20892.0,0.0
20260205,RM2603,2333.0,10377.0,16818.0,-0.24432061723103282
20260205,RM2605,2238.0,584370.0,945034.0,-0.10723860589812317
20260205,RM2607,2198.0,29529.0,114825.0,0.5896269335759792
20260205,RM2608,2306.0,1656.0,4741.0,-0.11448395490026053
20260205,RM2609,2284.0,133463.0,221694.0,-0.12084063047285487
20260205,RM2611,2238.0,2750.0,12912.0,-0.00017873100983020567
20260205,RM2701,2235.0,11922.0,23294.0,0.0
20260206,RM2603,2342.0,5473.0,16919.0,-0.26387702818104186
20260206,RM2605,2239.0,336314.0,932849.0,-0.09915140687807078
20260206,RM2607,2202.0,18137.0,112694.0,0.5885558583106274
20260206,RM2608,2310.0,393.0,4789.0,-0.12467532467532472
20260206,RM2609,2286.0,56487.0,220652.0,-0.1207349081364828
20260206,RM2611,2240.0,1060.0,12709.0,-0.0004166666666666726
20260206,RM2701,2233.0,3603.0,23414.0,0.0
20260209,RM2603,2346.0,5227.0,16581.0,-0.2762148337595909
20260209,RM2605,2238.0,356161.0,934874.0,-0.09651474530831106
20260209,RM2607,2202.0,18120.0,110145.0,0.5940054495912808
20260209,RM2608,2311.0,476.0,4768.0,-0.1298139333621804
20260209,RM2609,2286.0,56126.0,219750.0,-0.1364829396325462
20260209,RM2611,2234.0,1287.0,12905.0,-0.00023873470605789335
20260209,RM2701,2230.0,4315.0,24280.0,0.0
20260210,RM2603,2368.0,5346.0,15676.0,-0.3141891891891895
20260210,RM2605,2244.0,250134.0,934733.0,-0.10427807486630991
20260210,RM2607,2205.0,13424.0,109248.0,0.5768707482993207
20260210,RM2608,2311.0,304.0,4787.0,-0.09865858935525784
20260210,RM2609,2292.0,41433.0,222353.0,-0.13874345549738187
20260210,RM2611,2239.0,524.0,12885.0,-0.0004764031561709163
20260210,RM2701,2231.0,3672.0,23657.0,0.0
20260211,RM2603,2394.0,46212.0,13978.0,-0.2656641604010028
20260211,RM2605,2288.0,461610.0,914902.0,-0.11276223776223748
20260211,RM2607,2245.0,32452.0,99174.0,0.5719376391982172
20260211,RM2608,2352.0,1475.0,4540.0,-0.11224489795918347
20260211,RM2609,2330.0,89485.0,231478.0,-0.14678111587982823
20260211,RM2611,2273.0,1949.0,11797.0,-0.0011731925502273051
20260211,RM2701,2253.0,5477.0,23017.0,0.0
20260212,RM2603,2415.0,6621.0,9390.0,-0.27826086956521756
20260212,RM2605,2303.0,387948.0,876987.0,-0.10681719496309161
20260212,RM2607,2262.0,21336.0,92067.0,0.5835543766578262
20260212,RM2608,2372.0,974.0,4844.0,-0.11635750421585156
20260212,RM2609,2349.0,91171.0,232429.0,-0.1660280970625796
20260212,RM2611,2284.0,1953.0,10888.0,-0.0012259194395796888
20260212,RM2701,2263.0,4302.0,22540.0,0.0
20260213,RM2603,2415.0,2563.0,8000.0,-0.2633540372670806
20260213,RM2605,2309.0,341207.0,832836.0,-0.1169337375487225
20260213,RM2607,2264.0,16186.0,89537.0,0.56183745583039
20260213,RM2608,2370.0,370.0,4772.0,-0.11139240506329084
20260213,RM2609,2348.0,67315.0,239071.0,-0.17120954003407185
20260213,RM2611,2281.0,1867.0,10491.0,-0.0009937162063422544
20260213,RM2701,2264.0,5786.0,22961.0,0.0
20260224,RM2603,2391.0,1799.0,6974.0,-0.25345043914680065
20260224,RM2605,2290.0,348598.0,855671.0,-0.08908296943231409
20260224,RM2607,2256.0,12780.0,91472.0,0.5478723404255321
20260224,RM2608,2359.0,194.0,4801.0,-0.0864773208986862
20260224,RM2609,2342.0,64497.0,236952.0,-0.15883859948761736
20260224,RM2611,2280.0,1027.0,10478.0,-0.0009941520467836213
20260224,RM2701,2263.0,3693.0,23493.0,0.0
20260225,RM2603,2440.0,3065.0,5340.0,-0.3147540983606558
20260225,RM2605,2312.0,499622.0,868002.0,-0.09602076124567471
20260225,RM2607,2275.0,36041.0,97700.0,0.5485714285714298
20260225,RM2608,2379.0,1379.0,5107.0,-0.0756620428751571
20260225,RM2609,2364.0,87093.0,241770.0,-0.16243654822335052
20260225,RM2611,2300.0,3623.0,11298.0,-0.00040579710144927894
20260225,RM2701,2293.0,6621.0,24285.0,0.0
20260226,RM2603,2428.0,1851.0,5361.0,-0.3261943986820426
20260226,RM2605,2296.0,412843.0,904520.0,-0.06533101045296164
20260226,RM2607,2271.0,26358.0,102808.0,0.5653896961690892
20260226,RM2608,2378.0,199.0,5175.0,-0.08578637510513021
20260226,RM2609,2361.0,71250.0,248474.0,-0.15501905972045749
20260226,RM2611,2300.0,1306.0,11553.0,-0.00028985507246376643
20260226,RM2701,2295.0,6072.0,25402.0,0.0
20260227,RM2603,2372.0,5407.0,3085.0,-0.21500843170320394
20260227,RM2605,2287.0,329069.0,908742.0,-0.06296458242238767
20260227,RM2607,2263.0,23299.0,108958.0,0.5673884224480776
20260227,RM2608,2370.0,366.0,5284.0,-0.06582278481012604
20260227,RM2609,2357.0,54059.0,255794.0,-0.14764531183708085
20260227,RM2611,2299.0,1518.0,11981.0,0.0
20260227,RM2701,2299.0,4350.0,26124.0,0.0
20260302,RM2603,2330.0,741.0,2572.0,-0.09012875536480669
20260302,RM2605,2295.0,487190.0,909258.0,-0.06535947712418322
20260302,RM2607,2270.0,41752.0,107593.0,0.5497797356828205
20260302,RM2608,2374.0,603.0,5069.0,-0.07076663858466725
20260302,RM2609,2360.0,142197.0,289358.0,-0.12711864406779694
20260302,RM2611,2310.0,4616.0,12745.0,0.000750360750360753
20260302,RM2701,2323.0,13227.0,27044.0,0.0
20260303,RM2603,2380.0,1137.0,2346.0,-0.17647058823529416
20260303,RM2605,2310.0,521031.0,888198.0,-0.08051948051948066
20260303,RM2607,2279.0,36403.0,105634.0,0.563405002193945
20260303,RM2608,2386.0,486.0,5042.0,-0.08549874266554935
20260303,RM2609,2369.0,109085.0,300184.0,-0.13676656817222477
20260303,RM2611,2315.0,2254.0,12348.0,0.00046076313894888684
20260303,RM2701,2323.0,6698.0,27109.0,0.0
20260304,RM2603,0.0,0.0,2346.0,0.0
20260304,RM2605,2303.0,455856.0,880720.0,-0.09118541033434635
20260304,RM2607,2268.0,28127.0,109103.0,0.5396825396825387
20260304,RM2608,2370.0,542.0,5061.0,-0.07088607594936702
20260304,RM2609,2356.0,99812.0,318957.0,-0.12478777589134094
20260304,RM2611,2307.0,1732.0,12947.0,0.0003467706978760236
20260304,RM2701,2313.0,6009.0,26743.0,0.0
20260305,RM2603,2300.0,250.0,2346.0,0.0469565217391299
20260305,RM2605,2318.0,315684.0,878387.0,-0.11389128559102701
20260305,RM2607,2274.0,20372.0,110174.0,0.5540897097625335
20260305,RM2608,2379.0,513.0,5190.0,-0.06052963430012648
20260305,RM2609,2367.0,58569.0,326079.0,-0.13434727503168586
20260305,RM2611,2314.0,1112.0,12902.0,0.000518582541054465
20260305,RM2701,2323.0,3246.0,26605.0,0.0
20260306,RM2603,0.0,0.0,2346.0,0.0
20260306,RM2605,2374.0,706317.0,854490.0,-0.14406065711878657
20260306,RM2607,2317.0,41539.0,106881.0,0.5334484246870961
20260306,RM2608,2420.0,2202.0,5664.0,-0.05454545454545423
20260306,RM2609,2409.0,138907.0,329510.0,-0.14943960149439595
20260306,RM2611,2349.0,3375.0,11981.0,0.0005108556832694807
20260306,RM2701,2358.0,7712.0,25803.0,0.0
20260309,RM2603,0.0,0.0,2346.0,0.0
20260309,RM2605,2433.0,1049488.0,746843.0,-0.15536374845869272
20260309,RM2607,2370.0,77460.0,98277.0,0.5316455696202533
20260309,RM2608,2475.0,4441.0,6358.0,-0.06303030303030344
20260309,RM2609,2462.0,253077.0,305002.0,-0.14134849715678288
20260309,RM2611,2404.0,7442.0,10246.0,0.000443704936217415
20260309,RM2701,2412.0,18606.0,23929.0,0.0
20260310,RM2603,0.0,0.0,2346.0,0.0
20260310,RM2605,2402.0,682686.0,717351.0,-0.12239800166527881
20260310,RM2607,2353.0,42174.0,95793.0,0.530386740331493
20260310,RM2608,2457.0,2475.0,5510.0,-0.073260073260073
20260310,RM2609,2442.0,143554.0,305366.0,-0.15724815724815722
20260310,RM2611,2378.0,3586.0,9794.0,5.6069526212502535e-05
20260310,RM2701,2379.0,12816.0,25995.0,0.0
20260311,RM2603,0.0,0.0,2346.0,0.0
20260311,RM2605,2480.0,1001478.0,652140.0,-0.15725806451612923
20260311,RM2607,2415.0,66826.0,86785.0,0.4273291925465843
20260311,RM2608,2501.0,4502.0,4479.0,-0.1487405037984808
20260311,RM2609,2470.0,273632.0,278440.0,-0.15546558704453428
20260311,RM2611,2406.0,4197.0,9470.0,-0.0004987531172069885
20260311,RM2701,2397.0,15976.0,27424.0,0.0
20260312,RM2603,0.0,0.0,2296.0,0.0
20260312,RM2605,2492.0,811092.0,606359.0,-0.18780096308186223
20260312,RM2607,2414.0,29267.0,84326.0,0.412593206296604
20260312,RM2608,2497.0,1817.0,4258.0,-0.12975570684821802
20260312,RM2609,2470.0,211905.0,276775.0,-0.14817813765182186
20260312,RM2611,2409.0,2422.0,9533.0,-0.000276740002767406
20260312,RM2701,2404.0,16996.0,27771.0,0.0
20260313,RM2603,2513.0,328.0,0.0,0.18623159570234726
20260313,RM2605,2591.0,1669276.0,600562.0,-0.3705133153222693
20260313,RM2607,2431.0,76767.0,86516.0,0.2863019333607566
20260313,RM2608,2489.0,3721.0,5097.0,-0.08196062675773375
20260313,RM2609,2472.0,307368.0,271067.0,-0.16747572815534006
20260313,RM2611,2403.0,5442.0,10500.0,-0.0002774309890414717
20260313,RM2701,2398.0,24504.0,29396.0,0.0
20260316,RM2605,2482.0,1182322.0,619851.0,-0.18130539887187758
20260316,RM2607,2407.0,49300.0,83618.0,0.45367677606979573
20260316,RM2608,2498.0,2303.0,5156.0,-0.06725380304243389
20260316,RM2609,2484.0,224208.0,267571.0,-0.16666666666666674
20260316,RM2611,2415.0,3256.0,10388.0,-0.00033126293995859867
20260316,RM2701,2409.0,15577.0,28689.0,-0.03985056039850554
20260316,RM2703,2393.0,582.0,425.0,0.0
20260317,RM2605,2485.0,769982.0,621064.0,-0.2390342052313883
20260317,RM2607,2386.0,24647.0,88016.0,0.43252305113160183
20260317,RM2608,2472.0,2073.0,4919.0,-0.08252427184466038
20260317,RM2609,2455.0,154393.0,276599.0,-0.15397148676171057
20260317,RM2611,2392.0,3656.0,11761.0,0.0
20260317,RM2701,2392.0,14204.0,30145.0,-0.030100334448160515
20260317,RM2703,2380.0,674.0,787.0,0.0
20260318,RM2605,2443.0,642501.0,600206.0,-0.20139173147769163
20260318,RM2607,2361.0,29396.0,94511.0,0.43202033036848775
20260318,RM2608,2446.0,1222.0,4801.0,-0.09321340964840541
20260318,RM2609,2427.0,129717.0,275543.0,-0.15080346106304088
20260318,RM2611,2366.0,2472.0,12262.0,0.00011270780501551058
20260318,RM2701,2368.0,13634.0,31401.0,-0.03547297297297303
20260318,RM2703,2354.0,584.0,1125.0,0.0
20260319,RM2605,2443.0,640450.0,586674.0,-0.18665575112566546
20260319,RM2607,2367.0,20728.0,93397.0,0.43599493029150693
20260319,RM2608,2453.0,855.0,4860.0,-0.07337953526294294
20260319,RM2609,2438.0,109987.0,271449.0,-0.15996718621821193
20260319,RM2611,2373.0,1999.0,12197.0,0.0003933136676499416
20260319,RM2701,2380.0,8730.0,30832.0,-0.037815126050420034
20260319,RM2703,2365.0,285.0,1100.0,0.0
20260320,RM2605,2423.0,575037.0,578378.0,-0.12628972348328515
20260320,RM2607,2372.0,32982.0,95140.0,0.5008431703204046
20260320,RM2608,2471.0,3156.0,6706.0,-0.038850667745852
20260320,RM2609,2463.0,135626.0,269275.0,-0.1559074299634593
20260320,RM2611,2399.0,2316.0,12231.0,0.00044462970682227854
20260320,RM2701,2407.0,12357.0,29472.0,-0.029912754466140612
20260320,RM2703,2395.0,643.0,1187.0,0.0
20260323,RM2605,2399.0,606303.0,570722.0,-0.08003334722801148
20260323,RM2607,2367.0,31416.0,98027.0,0.4917617237008862
20260323,RM2608,2464.0,1359.0,6706.0,-0.043831168831168554
20260323,RM2609,2455.0,152766.0,276662.0,-0.14908350305498952
20260323,RM2611,2394.0,2052.0,12353.0,0.0007240323029796751
20260323,RM2701,2407.0,10509.0,29837.0,-0.03489821354383049
20260323,RM2703,2393.0,1052.0,1141.0,0.0
20260324,RM2605,2365.0,519321.0,569315.0,-0.06342494714587743
20260324,RM2607,2340.0,36238.0,100904.0,0.5076923076923086
20260324,RM2608,2439.0,799.0,6725.0,-0.039360393603935506
20260324,RM2609,2431.0,121883.0,289044.0,-0.160427807486631
20260324,RM2611,2366.0,3376.0,12118.0,0.001183431952662713
20260324,RM2701,2387.0,8979.0,31182.0,-0.032677000418936064
20260324,RM2703,2374.0,747.0,1588.0,0.0
20260325,RM2605,2339.0,490605.0,555556.0,-0.06412997007268051
20260325,RM2607,2314.0,87135.0,105356.0,0.5341400172860853
20260325,RM2608,2417.0,2050.0,6962.0,-0.049648324369052865
20260325,RM2609,2407.0,179277.0,302870.0,-0.152056501869547
20260325,RM2611,2346.0,2144.0,12758.0,0.001420858198351797
20260325,RM2701,2371.0,9123.0,32906.0,-0.03795866722901731
20260325,RM2703,2356.0,750.0,2008.0,0.0
20260326,RM2605,2344.0,449239.0,543967.0,-0.0716723549488052
20260326,RM2607,2316.0,41224.0,110815.0,0.5751295336787559
20260326,RM2608,2427.0,1775.0,7779.0,-0.02472187886279409
20260326,RM2609,2422.0,128231.0,311557.0,-0.161023947151115
20260326,RM2611,2357.0,2846.0,12719.0,0.0013576580398812154
20260326,RM2701,2381.0,7626.0,33108.0,-0.037799244015119804
20260326,RM2703,2366.0,1076.0,2135.0,0.0
20260327,RM2605,2315.0,520647.0,527901.0,-0.059611231101511564
20260327,RM2607,2292.0,58937.0,127398.0,0.6125654450261768
20260327,RM2608,2409.0,1577.0,8140.0,-0.029887920298879322
20260327,RM2609,2403.0,146381.0,320845.0,-0.15230961298377022
20260327,RM2611,2342.0,3277.0,13306.0,0.0021064617136350586
20260327,RM2701,2379.0,10186.0,34264.0,-0.04035308953341765
20260327,RM2703,2363.0,465.0,2260.0,0.0
20260330,RM2605,2320.0,545451.0,533529.0,-0.13965517241379288
20260330,RM2607,2266.0,64462.0,146870.0,0.6354810238305388
20260330,RM2608,2386.0,2293.0,8092.0,-0.035205364626990754
20260330,RM2609,2379.0,157679.0,330954.0,-0.1563682219419924
20260330,RM2611,2317.0,1783.0,13823.0,0.002474464105884048
20260330,RM2701,2360.0,10297.0,35359.0,-0.03050847457627137
20260330,RM2703,2348.0,1565.0,3413.0,0.0
20260331,RM2605,2299.0,484885.0,541727.0,-0.1148325358851674
20260331,RM2607,2255.0,47913.0,151583.0,0.606651884700665
20260331,RM2608,2369.0,2081.0,8188.0,-0.0354579991557622
20260331,RM2609,2362.0,149847.0,348587.0,-0.14987298899237955
20260331,RM2611,2303.0,2450.0,13978.0,0.0024316109422492477
20260331,RM2701,2345.0,9732.0,37989.0,-0.03582089552238776
20260331,RM2703,2331.0,2086.0,4241.0,0.0
20260401,RM2605,2265.0,461868.0,542764.0,-0.08211920529801353
20260401,RM2607,2234.0,42204.0,161350.0,0.5747538048343772
20260401,RM2608,2341.0,2083.0,8444.0,-0.025630072618539224
20260401,RM2609,2336.0,153143.0,369475.0,-0.14126712328767121
20260401,RM2611,2281.0,1809.0,14344.0,0.0024550635686102495
20260401,RM2701,2323.0,12285.0,38554.0,-0.04132587171760638
20260401,RM2703,2307.0,2252.0,4965.0,0.0
20260402,RM2605,2256.0,410945.0,541500.0,-0.055851063829787106
20260402,RM2607,2235.0,49221.0,171117.0,0.6013422818791936
20260402,RM2608,2347.0,2388.0,9186.0,-0.015338730293992242
20260402,RM2609,2344.0,154297.0,384399.0,-0.15102389078498302
20260402,RM2611,2285.0,2188.0,14290.0,0.0021006564551422358
20260402,RM2701,2321.0,9496.0,40164.0,-0.03360620422231819
20260402,RM2703,2308.0,1341.0,5681.0,0.0
20260403,RM2605,2215.0,407860.0,528861.0,-0.021670428893905136
20260403,RM2607,2207.0,57476.0,187190.0,0.6252831898504754
20260403,RM2608,2322.0,1772.0,9569.0,-0.01550387596899272
20260403,RM2609,2319.0,147883.0,392177.0,-0.14230271668822736
20260403,RM2611,2264.0,1814.0,14518.0,0.0018845700824499545
20260403,RM2701,2296.0,17901.0,45297.0,-0.018292682926829285
20260403,RM2703,2289.0,7263.0,8845.0,0.0
20260407,RM2605,2239.0,293857.0,503941.0,-0.05627512282268898
20260407,RM2607,2218.0,35066.0,193342.0,0.6167718665464372
20260407,RM2608,2332.0,1439.0,10097.0,-0.00514579759862821
20260407,RM2609,2331.0,112944.0,405606.0,-0.14414414414414423
20260407,RM2611,2275.0,1196.0,14627.0,0.0019340659340659392
20260407,RM2701,2308.0,5026.0,46412.0,-0.031195840554592458
20260407,RM2703,2296.0,570.0,8904.0,0.0
20260408,RM2605,2231.0,353674.0,498596.0,-0.034961900493052145
20260408,RM2607,2218.0,57815.0,198437.0,0.6438232642019832
20260408,RM2608,2337.0,2182.0,10620.0,-0.010269576379974943
20260408,RM2609,2335.0,197748.0,433610.0,-0.0976445396145611
20260408,RM2611,2297.0,5233.0,15660.0,0.0008707009142359704
20260408,RM2701,2312.0,18341.0,50987.0,-0.028546712802768104
20260408,RM2703,2301.0,1401.0,9400.0,0.0
20260409,RM2605,2241.0,471390.0,479980.0,-0.04819277108433728
20260409,RM2607,2223.0,52172.0,209869.0,0.6423751686909576
20260409,RM2608,2342.0,3315.0,11042.0,-0.010247651579846195
20260409,RM2609,2340.0,243819.0,478692.0,-0.10256410256410287
20260409,RM2611,2300.0,3090.0,15851.0,0.000985507246376797
20260409,RM2701,2317.0,8867.0,51887.0,-0.02071644367716896
20260409,RM2703,2309.0,876.0,9639.0,0.0
20260410,RM2605,2241.0,406051.0,431635.0,-0.03212851405622463
20260410,RM2607,2229.0,58878.0,219995.0,0.6244952893674292
20260410,RM2608,2345.0,1845.0,10997.0,-0.010234541577824885
20260410,RM2609,2343.0,285500.0,525283.0,-0.11267605633802846
20260410,RM2611,2299.0,2545.0,16207.0,0.0015079019863708965
20260410,RM2701,2325.0,10081.0,53107.0,-0.02838709677419371
20260410,RM2703,2314.0,1035.0,9935.0,0.0
20260413,RM2605,2277.0,544846.0,334789.0,-0.10276679841897218
20260413,RM2607,2238.0,69786.0,228762.0,0.5951742627345835
20260413,RM2608,2349.0,2129.0,10859.0,-0.010217113665389022
20260413,RM2609,2347.0,310650.0,571473.0,-0.1252662974009373
20260413,RM2611,2298.0,2278.0,16169.0,0.0013344937626921904
20260413,RM2701,2321.0,11867.0,54415.0,-0.018095648427401745
20260413,RM2703,2314.0,887.0,10191.0,0.0
20260414,RM2605,2274.0,259704.0,294984.0,-0.08707124010554113
20260414,RM2607,2241.0,51917.0,235342.0,0.5890227576974576
20260414,RM2608,2351.0,3065.0,11401.0,-0.005104210974053558
20260414,RM2609,2350.0,272454.0,575110.0,-0.1404255319148935
20260414,RM2611,2295.0,2455.0,15819.0,0.0014524328249818494
20260414,RM2701,2320.0,10730.0,56259.0,-0.02327586206896548
20260414,RM2703,2311.0,938.0,10486.0,0.0
20260415,RM2605,2267.0,210595.0,230812.0,-0.08734009704455237
20260415,RM2607,2234.0,64189.0,243607.0,0.6069829901521935
20260415,RM2608,2347.0,2718.0,11120.0,-0.020451640391989656
20260415,RM2609,2343.0,448966.0,630856.0,-0.13316261203585134
20260415,RM2611,2291.0,2231.0,16000.0,0.0016295649643532548
20260415,RM2701,2319.0,11715.0,58025.0,-0.02069857697283295
20260415,RM2703,2311.0,1931.0,11014.0,0.0
20260416,RM2605,2249.0,132698.0,201785.0,-0.056024899955535945
20260416,RM2607,2228.0,87960.0,256776.0,0.635547576301617
20260416,RM2608,2346.0,2529.0,11207.0,-0.010230179028132724
20260416,RM2609,2344.0,439050.0,646108.0,-0.14334470989761106
20260416,RM2611,2288.0,8224.0,16803.0,0.0019813519813519716
20260416,RM2701,2322.0,13467.0,59876.0,-0.01808785529715795
20260416,RM2703,2315.0,7312.0,13201.0,0.0
20260417,RM2605,2224.0,93554.0,182002.0,-0.03507194244604328
20260417,RM2607,2211.0,74190.0,269071.0,0.6132971506105847
20260417,RM2608,2324.0,2100.0,10749.0,-0.02065404475042998
20260417,RM2609,2320.0,400695.0,685617.0,-0.13965517241379288
20260417,RM2611,2266.0,3434.0,17768.0,0.0020005884083553896
20260417,RM2701,2300.0,14615.0,63300.0,-0.01565217391304352
20260417,RM2703,2294.0,1294.0,13718.0,0.0
20260420,RM2605,2239.0,116924.0,149859.0,-0.05627512282268898
20260420,RM2607,2218.0,100841.0,280781.0,0.6384129846708735
20260420,RM2608,2336.0,3533.0,11286.0,0.0
20260420,RM2609,2336.0,617728.0,700177.0,-0.14383561643835607
20260420,RM2611,2280.0,5281.0,18716.0,0.002046783625730993
20260420,RM2701,2315.0,20691.0,65629.0,-0.023326133909287394
20260420,RM2703,2306.0,1645.0,14031.0,0.0
20260421,RM2605,2250.0,70318.0,128402.0,-0.03466666666666662
20260421,RM2607,2237.0,64573.0,279645.0,0.6490835940992392
20260421,RM2608,2358.0,3330.0,11447.0,-0.01017811704834548
20260421,RM2609,2356.0,531165.0,721878.0,-0.1578947368421051
20260421,RM2611,2294.0,8212.0,19547.0,0.0016855565242662074
20260421,RM2701,2323.0,25519.0,70566.0,-0.015497201894102641
20260421,RM2703,2317.0,1028.0,13959.0,0.0
20260422,RM2605,2280.0,82694.0,94370.0,0.0
20260422,RM2607,2280.0,128464.0,262395.0,0.6736842105263152
20260422,RM2608,2408.0,4876.0,11813.0,0.009966777408638272
20260422,RM2609,2410.0,883534.0,769563.0,-0.17925311203319505
20260422,RM2611,2338.0,6387.0,18657.0,0.0011405759908753883
20260422,RM2701,2358.0,30009.0,72284.0,-0.02290076335877833
20260422,RM2703,2349.0,2054.0,13706.0,0.0
20260423,RM2605,2254.0,38964.0,78945.0,0.0053238686779062405
20260423,RM2607,2256.0,89931.0,271648.0,0.6595744680851077
20260423,RM2608,2380.0,3583.0,11361.0,0.005042016806722671
20260423,RM2609,2381.0,691113.0,773323.0,-0.19151616967660656
20260423,RM2611,2305.0,7356.0,20249.0,0.0017353579175704978
20260423,RM2701,2335.0,25994.0,79185.0,-0.020556745182013003
20260423,RM2703,2327.0,1939.0,13927.0,0.0
20260424,RM2605,2253.0,28703.0,64273.0,-0.013315579227696439
20260424,RM2607,2248.0,76795.0,276713.0,0.6459074733096086
20260424,RM2608,2369.0,2673.0,11400.0,0.010130856901646723
20260424,RM2609,2371.0,653922.0,786891.0,-0.17714044706874743
20260424,RM2611,2301.0,8101.0,19540.0,0.0011589164131536951
20260424,RM2701,2321.0,22880.0,83212.0,-0.018095648427401745
20260424,RM2703,2314.0,2996.0,14820.0,0.0
20260427,RM2605,2258.0,20027.0,52350.0,0.005314437555359319
20260427,RM2607,2260.0,61621.0,270321.0,0.6265486725663729
20260427,RM2608,2378.0,1793.0,11241.0,0.005046257359125228
20260427,RM2609,2379.0,498939.0,785388.0,-0.1815889029003781
20260427,RM2611,2307.0,3241.0,19800.0,0.0012714925588787728
20260427,RM2701,2329.0,16779.0,83935.0,-0.018033490768570415
20260427,RM2703,2322.0,1520.0,14797.0,0.0
20260428,RM2605,2274.0,27091.0,34128.0,-0.010554089709762682
20260428,RM2607,2270.0,85113.0,260005.0,0.6502202643171806
20260428,RM2608,2393.0,2806.0,11547.0,0.010029251984955856
20260428,RM2609,2395.0,635405.0,744054.0,-0.1853862212943631
20260428,RM2611,2321.0,4584.0,19300.0,0.0012063765618268126
20260428,RM2701,2342.0,24114.0,83910.0,-0.023057216054654273
20260428,RM2703,2333.0,2378.0,14054.0,0.0
20260429,RM2605,2290.0,25772.0,15406.0,-0.03930131004366788
20260429,RM2607,2275.0,112309.0,259287.0,0.7279120879120891
20260429,RM2608,2413.0,3823.0,12200.0,0.019892250310816095
20260429,RM2609,2417.0,684625.0,744542.0,-0.2184526272238314
20260429,RM2611,2329.0,9782.0,20597.0,0.0014312294260770148
20260429,RM2701,2354.0,38381.0,88129.0,-0.02039082412914195
20260429,RM2703,2346.0,2692.0,13609.0,0.0
20260430,RM2605,2253.0,16453.0,3420.0,0.05592543275632478
20260430,RM2607,2274.0,68437.0,253838.0,0.7493403693931411
20260430,RM2608,2416.0,4527.0,12650.0,0.02483443708609201
20260430,RM2609,2421.0,495976.0,734149.0,-0.22304832713754652
20260430,RM2611,2331.0,4096.0,20300.0,0.0016016016016015952
20260430,RM2701,2359.0,23585.0,87689.0,-0.02289105553200521
20260430,RM2703,2350.0,2866.0,12606.0,0.0
20260506,RM2605,2240.0,108.0,3442.0,0.04553571428571379
20260506,RM2607,2257.0,61523.0,254630.0,0.7230837394771834
20260506,RM2608,2393.0,13718.0,17793.0,0.0
20260506,RM2609,2393.0,510402.0,780616.0,-0.19807772670288348
20260506,RM2611,2314.0,15018.0,27550.0,0.001786228752520902
20260506,RM2701,2345.0,22033.0,92725.0,-0.02558635394456288
20260506,RM2703,2335.0,1513.0,13114.0,0.0
20260507,RM2605,2218.0,177.0,3219.0,0.03246167718665438
20260507,RM2607,2230.0,80266.0,264099.0,0.7426008968609876
20260507,RM2608,2368.0,20881.0,31968.0,0.005067567567568432
20260507,RM2609,2369.0,568731.0,825705.0,-0.1722245673279863
20260507,RM2611,2301.0,17662.0,38886.0,0.001448645516442119
20260507,RM2701,2326.0,29956.0,102581.0,-0.02321582115219245
20260507,RM2703,2317.0,2151.0,13605.0,0.0
20260508,RM2605,2235.0,256.0,3219.0,0.04563758389261707
20260508,RM2607,2252.0,151579.0,254830.0,0.7087033747779756
20260508,RM2608,2385.0,22357.0,44666.0,0.010062893081760116
20260508,RM2609,2387.0,756255.0,807756.0,-0.19857561793045675
20260508,RM2611,2308.0,20758.0,48398.0,0.0015020219526285256
20260508,RM2701,2334.0,36095.0,107197.0,-0.01799485861182548
20260508,RM2703,2327.0,2439.0,13892.0,0.0
20260511,RM2605,2245.0,280.0,3219.0,0.04543429844097968
20260511,RM2607,2262.0,108573.0,244648.0,0.7374005305039795
20260511,RM2608,2401.0,25559.0,57478.0,0.014993752603082555
20260511,RM2609,2404.0,634092.0,806229.0,-0.18968386023294492
20260511,RM2611,2328.0,22989.0,60628.0,0.0014891179839633395
20260511,RM2701,2354.0,28322.0,107525.0,-0.017841971112999122
20260511,RM2703,2347.0,2059.0,13421.0,0.0
20260512,RM2605,2220.0,538.0,3200.0,0.05135135135135149
20260512,RM2607,2239.0,84648.0,255922.0,0.7235372934345694
20260512,RM2608,2374.0,21911.0,61920.0,0.010109519797808275
20260512,RM2609,2376.0,685328.0,834786.0,-0.18181818181818166
20260512,RM2611,2304.0,25788.0,72328.0,0.0018518518518518454
20260512,RM2701,2336.0,42962.0,119450.0,-0.017979452054794676
20260512,RM2703,2329.0,2215.0,13967.0,0.0
20260513,RM2605,2227.0,205.0,3200.0,0.03771890435563474
20260513,RM2607,2241.0,110653.0,253219.0,0.7175368139223561
20260513,RM2608,2375.0,22255.0,68706.0,0.015157894736842259
20260513,RM2609,2378.0,683254.0,838160.0,-0.1740958788898237
20260513,RM2611,2309.0,26119.0,79037.0,0.0013281362783311638
20260513,RM2701,2332.0,49678.0,132027.0,-0.010291595197255754
20260513,RM2703,2328.0,2511.0,14497.0,0.0
20260514,RM2605,2220.0,51.0,3000.0,0.013513513513514042
20260514,RM2607,2225.0,116102.0,265723.0,0.7226966292134831
20260514,RM2608,2359.0,25307.0,71907.0,0.005086901229333307
20260514,RM2609,2360.0,740763.0,853491.0,-0.17796610169491545
20260514,RM2611,2290.0,23874.0,86021.0,0.0011644832605531322
20260514,RM2701,2310.0,42439.0,136985.0,-0.005194805194805419
20260514,RM2703,2308.0,2599.0,15051.0,0.0
20260515,RM2605,2200.0,165.0,3000.0,-0.01363636363636389
20260515,RM2607,2195.0,117087.0,284309.0,0.7052391799544431
20260515,RM2608,2324.0,19494.0,73400.0,0.0
20260515,RM2609,2324.0,684835.0,877491.0,-0.18330464716006856
20260515,RM2611,2253.0,30890.0,90170.0,0.001597869507323561
20260515,RM2701,2280.0,56450.0,149809.0,-0.010526315789473717
20260515,RM2703,2276.0,5647.0,17284.0,0.0
20260518,RM2605,2192.0,28.0,3000.0,-0.008211678832116487
20260518,RM2607,2189.0,67581.0,288567.0,0.6907263590680675
20260518,RM2608,2315.0,22807.0,74981.0,0.020734341252699906
20260518,RM2609,2319.0,496959.0,888632.0,-0.18111254851228997
20260518,RM2611,2249.0,23007.0,90394.0,0.0015414258188824804
20260518,RM2701,2275.0,40401.0,153392.0,-0.0026373626373623615
20260518,RM2703,2274.0,2247.0,17729.0,0.0
20260519,RM2605,2215.0,263.0,0.0,0.06501128668171541
20260519,RM2607,2239.0,107528.0,263240.0,0.7020991514068768
20260519,RM2608,2370.0,19154.0,75787.0,0.0151898734177216
20260519,RM2609,2373.0,745334.0,859076.0,-0.20986093552465235
20260519,RM2611,2290.0,25930.0,94325.0,0.0012809315866084544
20260519,RM2701,2312.0,43772.0,153372.0,-0.010380622837370401
20260519,RM2703,2308.0,2989.0,16983.0,0.0
20260520,RM2607,2238.0,105222.0,247556.0,0.7131367292225201
20260520,RM2608,2371.0,20041.0,77404.0,0.020244622522143096
20260520,RM2609,2375.0,588253.0,858009.0,-0.22484210526315795
20260520,RM2611,2286.0,24025.0,98214.0,0.0012248468941382206
20260520,RM2701,2307.0,44851.0,160153.0,-0.013003901170351329
20260520,RM2703,2302.0,2595.0,16462.0,0.06776715899218066
20260520,RM2705,2328.0,957.0,706.0,0.0
20260521,RM2607,2204.0,71078.0,249524.0,0.6860254083484563
20260521,RM2608,2330.0,19918.0,77136.0,0.015450643776825146
20260521,RM2609,2333.0,607834.0,859638.0,-0.20317188169738531
20260521,RM2611,2254.0,24199.0,100503.0,0.0013605442176870615
20260521,RM2701,2277.0,41787.0,168734.0,-0.005270092226614231
20260521,RM2703,2275.0,2995.0,16967.0,0.07912087912087884
20260521,RM2705,2305.0,1770.0,1955.0,0.0
20260522,RM2607,2212.0,84990.0,244893.0,0.6672694394213394
20260522,RM2608,2335.0,17331.0,77005.0,0.010278372591006502
20260522,RM2609,2337.0,466586.0,868388.0,-0.2130937098844674
20260522,RM2611,2254.0,19615.0,103142.0,0.0014788524105294222
20260522,RM2701,2279.0,30652.0,172277.0,-0.007898200965335889
20260522,RM2703,2276.0,2533.0,17203.0,0.057996485061512004
20260522,RM2705,2298.0,1752.0,2731.0,0.0
20260525,RM2607,2192.0,62433.0,250261.0,0.6514598540145995
20260525,RM2608,2311.0,14394.0,76974.0,0.005192557334486203
20260525,RM2609,2312.0,578907.0,927311.0,-0.19463667820069186
20260525,RM2611,2237.0,25981.0,109940.0,0.001907316346297113
20260525,RM2701,2269.0,46954.0,176065.0,-0.010577346848831937
20260525,RM2703,2265.0,2981.0,18014.0,0.07682119205297999
20260525,RM2705,2294.0,1811.0,3218.0,0.0
20260526,RM2607,2181.0,64358.0,254286.0,0.6437414030261346
20260526,RM2608,2298.0,11825.0,77323.0,0.010443864229764621
20260526,RM2609,2300.0,540665.0,961018.0,-0.1982608695652177
20260526,RM2611,2224.0,21809.0,114424.0,0.002278177458033574
20260526,RM2701,2262.0,37865.0,177704.0,-0.0053050397877985045
20260526,RM2703,2260.0,2259.0,18339.0,0.08495575221239005
20260526,RM2705,2292.0,625.0,3380.0,0.0
20260527,RM2607,2164.0,67661.0,259952.0,0.6654343807763405
20260527,RM2608,2284.0,17204.0,77760.0,0.010507880910683554
20260527,RM2609,2286.0,563239.0,1019109.0,-0.18635170603674567
20260527,RM2611,2215.0,25717.0,119512.0,0.0024680210684725405
20260527,RM2701,2256.0,42321.0,178102.0,-0.005319148936170137
20260527,RM2703,2254.0,4691.0,19823.0,0.08518189884649452
20260527,RM2705,2286.0,3407.0,5066.0,0.0
20260528,RM2607,2179.0,54895.0,249047.0,0.682882055988987
20260528,RM2608,2303.0,11797.0,79202.0,0.005210594876247754
20260528,RM2609,2304.0,531514.0,1000012.0,-0.20312499999999978
20260528,RM2611,2226.0,20372.0,126012.0,0.0020964360587002236
20260528,RM2701,2261.0,38096.0,183285.0,-0.010614772224679658
20260528,RM2703,2257.0,3174.0,19590.0,0.08506867523260997
20260528,RM2705,2289.0,1950.0,5680.0,0.0
20260529,RM2607,2174.0,60092.0,239703.0,0.6954921803127876
20260529,RM2608,2300.0,13415.0,78304.0,0.005217391304348062
20260529,RM2609,2301.0,519378.0,1000025.0,-0.21642764015645377
20260529,RM2611,2218.0,25377.0,134560.0,0.0021039975954313247
20260529,RM2701,2253.0,53948.0,195959.0,-0.00798934753661773
20260529,RM2703,2250.0,4273.0,19866.0,0.08533333333333282
20260529,RM2705,2282.0,1985.0,6479.0,0.0
20260601,RM2607,2198.0,69268.0,226188.0,0.6878980891719744
20260601,RM2608,2324.0,15412.0,76237.0,0.01549053356282215
20260601,RM2609,2327.0,648727.0,982202.0,-0.23463687150837997
20260601,RM2611,2236.0,31854.0,149389.0,0.0021466905187835414
20260601,RM2701,2272.0,58958.0,199489.0,-0.013204225352112742
20260601,RM2703,2267.0,4466.0,20039.0,0.0741067490074987
20260601,RM2705,2295.0,1858.0,7123.0,0.0
20260602,RM2607,2177.0,47112.0,222491.0,0.6669728984841523
20260602,RM2608,2298.0,42705.0,82066.0,0.005221932114883643
20260602,RM2609,2299.0,526783.0,989415.0,-0.21922575032622849
20260602,RM2611,2215.0,53407.0,175460.0,0.0025884123401053393
20260602,RM2701,2258.0,39387.0,205474.0,-0.007971656333038313
20260602,RM2703,2255.0,3597.0,20425.0,0.07184035476718398
20260602,RM2705,2282.0,1986.0,7956.0,0.0
20260603,RM2607,2188.0,62424.0,204482.0,0.6526508226691039
20260603,RM2608,2307.0,25468.0,80304.0,0.015604681404422394
20260603,RM2609,2310.0,768131.0,983291.0,-0.22337662337662367
20260603,RM2611,2224.0,53977.0,181720.0,0.0017985611510791405
20260603,RM2701,2254.0,67180.0,213405.0,-0.007985803016858695
20260603,RM2703,2251.0,5582.0,21104.0,0.09062638827187897
20260603,RM2705,2285.0,2316.0,8216.0,0.0
20260604,RM2607,2170.0,39822.0,201813.0,0.6193548387096763
20260604,RM2608,2282.0,27628.0,77945.0,0.005258545135845338
20260604,RM2609,2283.0,664247.0,1023630.0,-0.2049934296977658
20260604,RM2611,2205.0,32248.0,186244.0,0.0019349962207105167
20260604,RM2701,2237.0,76870.0,220625.0,-0.01072865444792126
20260604,RM2703,2233.0,4603.0,22310.0,0.09941782355575501
20260604,RM2705,2270.0,2907.0,9193.0,0.0
20260605,RM2607,2145.0,52139.0,190546.0,0.6601398601398607
20260605,RM2608,2263.0,28381.0,75518.0,-0.03711886875828574
20260605,RM2609,2256.0,724378.0,1031037.0,-0.20478723404255295
20260605,RM2611,2179.0,35683.0,196554.0,0.0022028453418999542
20260605,RM2701,2215.0,78641.0,231032.0,-0.008126410835214593
20260605,RM2703,2212.0,7205.0,23510.0,0.12206148282097695
20260605,RM2705,2257.0,11023.0,10475.0,0.0
20260608,RM2607,2129.0,53354.0,178665.0,0.6876467825270085
20260608,RM2608,2251.0,25736.0,75099.0,-0.05864060417592176
20260608,RM2609,2240.0,599349.0,1030232.0,-0.19017857142857175
20260608,RM2611,2169.0,53060.0,206774.0,0.0020900568618410866
20260608,RM2701,2203.0,71288.0,238450.0,-0.002723558783477076
20260608,RM2703,2202.0,5009.0,23500.0,0.13896457765667547
20260608,RM2705,2253.0,4816.0,11836.0,0.0
20260609,RM2607,2120.0,31808.0,171892.0,0.6849056603773587
20260609,RM2608,2241.0,22633.0,76898.0,-0.05354752342704172
20260609,RM2609,2231.0,578883.0,1051091.0,-0.18825638727028227
20260609,RM2611,2161.0,40926.0,211000.0,0.0022828937220422674
20260609,RM2701,2198.0,83035.0,238768.0,-0.008189262966332933
20260609,RM2703,2195.0,4258.0,22751.0,0.1230068337129846
20260609,RM2705,2240.0,9937.0,13695.0,0.0
20260610,RM2607,2128.0,30892.0,159021.0,0.6484962406015047
20260610,RM2608,2243.0,12215.0,76403.0,-0.021399910833704627
20260610,RM2609,2239.0,514345.0,1062002.0,-0.19026351049575685
20260610,RM2611,2168.0,34267.0,209918.0,0.002337023370233708
20260610,RM2701,2206.0,53725.0,241182.0,-0.01359927470534883
20260610,RM2703,2201.0,2740.0,23360.0,0.13630168105406693
20260610,RM2705,2251.0,1804.0,14267.0,0.0
20260611,RM2607,2143.0,122420.0,131271.0,0.6215585627624822
20260611,RM2608,2254.0,20594.0,74310.0,-0.02129547471162363
20260611,RM2609,2250.0,592122.0,1049049.0,-0.18666666666666654
20260611,RM2611,2180.0,66882.0,224686.0,0.002018348623853209
20260611,RM2701,2213.0,76224.0,242154.0,-0.010845006778129163
20260611,RM2703,2209.0,3439.0,22974.0,0.11951109099139945
20260611,RM2705,2253.0,4005.0,14533.0,0.0
20260612,RM2607,2147.0,48205.0,107889.0,0.648346530041918
20260612,RM2608,2263.0,12699.0,74960.0,-0.02121078214759109
20260612,RM2609,2259.0,454413.0,1022109.0,-0.2151394422310755
20260612,RM2611,2178.0,50418.0,237555.0,0.0020814202632384315
20260612,RM2701,2212.0,54362.0,251224.0,-0.005424954792043524
20260612,RM2703,2210.0,3691.0,24220.0,0.10045248868778245
20260612,RM2705,2247.0,2415.0,14932.0,0.0
20260615,RM2607,2147.0,43416.0,84788.0,0.6651141127154157
20260615,RM2608,2266.0,18158.0,76052.0,-0.021182700794351028
20260615,RM2609,2262.0,497687.0,1021100.0,-0.2228116710875332
20260615,RM2611,2178.0,37766.0,241068.0,0.0020202020202020185
20260615,RM2701,2211.0,55890.0,256688.0,-0.013568521031207537
20260615,RM2703,2206.0,4372.0,25178.0,0.13327289211242066
20260615,RM2705,2255.0,2752.0,15584.0,0.0
20260616,RM2607,2154.0,25069.0,71107.0,0.7298050139275754
20260616,RM2608,2285.0,25033.0,77457.0,-0.026258205689277503
20260616,RM2609,2280.0,481522.0,981345.0,-0.2342105263157892
20260616,RM2611,2191.0,39707.0,244743.0,0.0017647953750190128
20260616,RM2701,2220.0,47507.0,259152.0,-0.01621621621621605
20260616,RM2703,2214.0,3683.0,24407.0,0.11924119241192432
20260616,RM2705,2258.0,5624.0,15959.0,0.0
20260617,RM2607,2155.0,27085.0,57549.0,0.7071925754060331
20260617,RM2608,2282.0,26536.0,77036.0,-0.010517090271692009
20260617,RM2609,2280.0,473271.0,956208.0,-0.21578947368421053
20260617,RM2611,2198.0,51043.0,247823.0,0.0019411586290567048
20260617,RM2701,2230.0,73394.0,259756.0,-0.008071748878923923
20260617,RM2703,2227.0,4517.0,25018.0,0.11585092052088042
20260617,RM2705,2270.0,3927.0,15636.0,0.0
20260618,RM2607,2163.0,15688.0,47998.0,0.6990291262135919
20260618,RM2608,2289.0,24581.0,75242.0,-0.01572739187418115
20260618,RM2609,2286.0,535381.0,920784.0,-0.21784776902887115
20260618,RM2611,2203.0,50035.0,253522.0,0.0015130882130428348
20260618,RM2701,2228.0,67827.0,267583.0,-0.013464991023339534
20260618,RM2703,2223.0,2733.0,24624.0,0.09986504723346856
20260618,RM2705,2260.0,6962.0,16675.0,0.0
20260622,RM2607,2171.0,20778.0,37914.0,0.591432519576232
20260622,RM2608,2278.0,25834.0,73132.0,-0.03687445127304656
20260622,RM2609,2271.0,403608.0,924125.0,-0.2113606340819021
20260622,RM2611,2191.0,38871.0,257449.0,0.0013996652974288832
20260622,RM2701,2214.0,57965.0,272599.0,-0.005420054200542257
20260622,RM2703,2212.0,3744.0,25704.0,0.11934900542495486
20260622,RM2705,2256.0,2405.0,17280.0,0.0
20260623,RM2607,2177.0,12037.0,30705.0,0.727606798346347
20260623,RM2608,2309.0,32173.0,70078.0,-0.03118233001299231
20260623,RM2609,2303.0,656972.0,899203.0,-0.23968736430742532
20260623,RM2611,2211.0,57002.0,255149.0,0.0015076134479119635
20260623,RM2701,2236.0,87526.0,269059.0,-0.018783542039356282
20260623,RM2703,2229.0,5341.0,23298.0,0.1022880215343207
20260623,RM2705,2267.0,5733.0,17450.0,0.0
20260624,RM2607,2194.0,9804.0,23901.0,0.6836827711941647
20260624,RM2608,2319.0,49340.0,59119.0,-0.015523932729625045
20260624,RM2609,2316.0,715686.0,885481.0,-0.24352331606217614
20260624,RM2611,2222.0,49181.0,254978.0,0.0015001500150015148
20260624,RM2701,2247.0,117349.0,276051.0,-0.013351134846461665
20260624,RM2703,2242.0,4456.0,22519.0,0.0749330954504912
20260624,RM2705,2270.0,7236.0,18483.0,0.0
20260625,RM2607,2166.0,15817.0,14640.0,0.5650969529085872
20260625,RM2608,2268.0,74251.0,56558.0,-0.010582010582010248
20260625,RM2609,2266.0,1103226.0,891513.0,-0.21182700794351295
20260625,RM2611,2186.0,106916.0,262720.0,0.0021347971942665468
20260625,RM2701,2221.0,188301.0,283362.0,-0.010805943268797913
20260625,RM2703,2217.0,7892.0,24362.0,0.13261163734776682
20260625,RM2705,2266.0,10631.0,16920.0,0.0
20260626,RM2607,2191.0,6360.0,10728.0,0.6188954815152901
20260626,RM2608,2304.0,45561.0,52379.0,0.005208333333332149
20260626,RM2609,2305.0,859786.0,866278.0,-0.24468546637744026
20260626,RM2611,2211.0,65291.0,261130.0,0.0019297452133272943
20260626,RM2701,2243.0,103207.0,286932.0,-0.008024966562639069
20260626,RM2703,2240.0,5112.0,23950.0,0.12053571428571486
20260626,RM2705,2285.0,5660.0,16520.0,0.0
