时间,MA5,MA10,MA20,MA60,EMA20,ATR14,RSI14,MACD,MACD_SIGNAL,MACD_HIST,BOLL_UP,BOLL_LOW,BOLL_MID,BOLL_WIDTH,KDJ_K,KDJ_D,KDJ_J,WILLIAMS_R14,CCI20,STOCH_RSI,VOL_MA20,OBV,OI_MA20,OI_CHANGE,OI_CHANGE_PCT
2019-08-09,1702.0,1702.0,1702.0,1702.0,1702.0,86.0,0.0,0.0,0.0,0.0,1702.0,1702.0,1702.0,0.0,0.0,0.0,0.0,-100.0,0.0,0.0,329700.0,0,39409.0,0.0,0.0
2019-08-12,1709.0,1709.0,1709.0,1709.0,1703.3333333333333,66.5,99.99999999857144,1.116809116809236,0.2233618233618472,0.8934472934473888,1728.7989898732233,1689.2010101267767,1709.0,39.597979746446526,11.31498470948012,3.7716615698267058,26.40163098878695,-66.05504587155963,-35.35533905932755,100.0,301493.0,273286,43174.5,7531.0,19.109848004262982
2019-08-13,1728.3333333333333,1728.3333333333333,1728.3333333333333,1728.3333333333333,1709.3968253968253,66.0,99.99999999953846,6.047450913547664,1.3881796413990106,4.659271272148653,1796.7536032343892,1659.913063432277,1728.3333333333333,136.84053980211183,34.454638124362894,13.999320421338767,75.36527353041114,-19.26605504587156,45.66929587463069,100.0,308679.6666666667,596339,50511.0,18244.0,38.86663826161056
2019-08-14,1729.25,1729.25,1729.25,1729.25,1711.549508692366,66.25,65.0,7.049549746735693,2.5204536624663474,4.529096084269345,1785.2351170699262,1673.2648829300738,1729.25,111.97023413985244,39.177709819911655,22.392116887529728,72.74889568467552,-51.37614678899082,33.89195506744266,65.0000000003,304121.0,305894,49351.0,-19313.0,-29.628436426116835
2019-08-15,1731.0,1731.0,1731.0,1731.0,1714.0686031026166,58.8,66.98113207547169,8.232965644569958,3.6629560588870698,4.570009585682889,1780.1121166312348,1681.8878833687652,1731.0,98.22423326246962,44.16128666893192,29.64850681466379,73.18684637746819,-45.87155963302752,17.07352780933285,66.98113207578083,279198.2,485401,48627.8,-136.0,-0.2964836171001295
2019-08-16,1738.4,1732.3333333333333,1732.3333333333333,1732.3333333333333,1716.4430218547484,52.66666666666666,67.28971962616822,9.146092451766664,4.759583337462988,4.386509114303674,1776.743542369845,1687.9231242968217,1732.3333333333333,88.82041807302357,47.78948163249896,35.69549842060885,71.97744805627919,-44.95412844036697,25.058190706472335,67.2897196264788,245628.3333333333,563180,47608.5,-3223.0,-7.047119274078928
2019-08-19,1743.4,1733.571428571429,1733.571428571429,1733.571428571429,1718.7817816781055,48.0,67.88990825688074,9.916820378182592,5.79103074560691,4.125789632575683,1774.638157080968,1692.5047000618897,1733.571428571429,82.13345701907838,50.81989906998402,40.73696530373391,70.98576660248423,-43.11926605504587,18.91590876369437,67.88990825719408,218745.42857142855,620628,46678.142857142855,-1416.0,-3.330824237862251
2019-08-20,1738.2,1734.5,1734.5,1734.5,1720.897802470667,43.625,67.88990825688074,10.407654846135983,6.714355565712724,3.6932992804232594,1772.8815431834478,1696.1184568165522,1734.5,76.76308636689555,52.84017736164072,44.77136932303618,68.9777934388498,-43.11926605504587,23.3532247205676,67.88990825719408,194936.5,620628,45566.5,-3311.0,-8.056745182012847
2019-08-21,1735.4,1732.6666666666667,1732.6666666666667,1732.6666666666667,1720.621821282985,42.66666666666666,56.060606060606055,8.838848177482532,7.139254088066686,1.6995940894158466,1770.216633377704,1695.1166999556294,1732.6666666666667,75.09993342207463,47.15339041234763,45.565376352806666,50.32941853142958,-64.22018348623853,-53.48676130326237,56.06060606086479,183650.66666666663,527264,44523.333333333336,-1607.0,-4.253010453883821
2019-08-22,1732.4,1731.7,1731.7,1731.7,1720.848314494129,39.6,57.66423357664234,7.907858927939742,7.292975056041298,0.614883871898444,1767.626468113511,1695.773531886489,1731.7,71.85293622702193,45.53815771079586,45.5563034721364,45.50186618811476,-59.63302752293578,-38.42792170056043,57.66423357690848,168288.9,557297,43411.4,-2774.0,-7.667643319144235
2019-08-23,1728.6,1733.5,1730.6363636363635,1730.6363636363635,1720.7675226375454,37.18181818181818,56.42857142857142,6.849017106469546,7.204183466126948,-0.3551663596574022,1765.44179685904,1695.8309304136874,1730.6363636363635,69.61086644535271,37.76617921460465,42.95959538629248,27.37934687122897,-62.38532110091743,-47.0487193438041,56.428571428831866,154793.81818181818,537454,42470.81818181818,-339.0,-1.014848521135192
2019-08-26,1727.6,1735.5,1731.0833333333333,1731.0833333333333,1722.2182347673029,37.083333333333336,60.8974358974359,7.217741980172377,7.206895168936034,0.0108468112363429,1764.4131816360002,1697.7534850306663,1731.0833333333333,66.65969660533392,38.16446579674942,41.36121885644479,31.77095967735866,-47.70642201834863,-0.5799066495441286,60.89743589771697,145398.16666666666,579500,41567.41666666666,-1435.0,-4.339936488734308
2019-08-27,1727.0,1732.6,1731.6153846153843,1731.6153846153843,1723.7212600275598,36.30769230769231,61.392405063291136,7.583919679168503,7.282300070982528,0.3016196081859741,1763.756100864803,1699.474668365966,1731.6153846153843,64.28143249883715,45.95579771065346,42.89274514118102,52.081902849598336,-45.87155963302752,39.844319769767566,61.392405063574486,138796.76923076922,639080,40852.230769230766,640.0,2.0233955105912083
2019-08-28,1733.4,1734.4,1732.928571428571,1732.928571428571,1726.2239971677925,35.142857142857146,64.11764705882354,8.741649560955693,7.574169968977162,1.1674795919785312,1765.3343096261788,1700.522833230964,1732.928571428571,64.81147639521487,58.84232667889717,48.209272320419736,80.10843539585206,-34.86238532110092,60.40621228226211,64.11764705911946,131162.14285714287,670992,40271.142857142855,447.0,1.3851874806321662
2019-08-29,1746.0,1739.2,1736.4666666666667,1736.4666666666667,1731.9169498184788,33.714285714285715,70.38834951456312,12.420877820920168,8.543511539365763,3.877366281554405,1778.0143443852771,1694.9189889480565,1736.4666666666667,83.09535543722086,63.6930495902128,53.37053141035075,84.33808594993687,-21.323529411764707,133.25671818402392,32.607967861072375,137792.6,901611,40550.93333333333,11751.0,35.91710731424029
2019-08-30,1759.8,1744.2,1739.75,1739.75,1737.3534307881473,32.0,68.71794871794872,15.401231838602826,9.915055599213176,5.48617623938965,1787.719434712811,1691.780565287189,1739.75,95.93886942562268,67.84429605708377,58.19511962592843,87.14264891939445,-23.00884955752212,117.98238577042468,28.806366048047945,134318.1875,983813,40767.9375,-445.0,-1.0007196186021416
2019-09-02,1771.8,1749.7,1743.0588235294117,1743.0588235294117,1742.9388183321332,30.571428571428573,59.60264900662252,18.119158982501403,11.555876275870824,6.563282706630581,1796.9265809926442,1689.1910660661792,1743.0588235294117,107.73551492646492,70.2295307047225,62.206589985526456,86.27541214311462,-25.0,111.68610834140426,24.72156873410668,130817.9411764706,1058627,41147.17647058824,3192.0,7.25075528700907
2019-09-03,1782.4,1754.7,1745.7222222222222,1745.7222222222222,1747.516073729073,27.285714285714285,74.3801652892562,19.64324253988593,13.173349528673844,6.469893011212088,1802.6589489429707,1688.7854955014736,1745.7222222222222,113.87345344149708,69.91910234116003,64.77742743740431,80.20245214867145,-29.166666666666668,86.07098747739082,100.0,126127.88888888888,1012230,41418.27777777778,-1188.0,-2.5161495287514546
2019-09-04,1795.0,1764.2,1749.2631578947369,1749.2631578947369,1753.752638135828,28.928571428571427,77.37226277372262,22.36845623823706,15.012370870586487,7.3560853676505715,1812.6240014120708,1685.902314377403,1749.2631578947369,126.72168703466788,72.31248044118047,67.28911177199636,82.35921777954869,-21.8978102189781,106.1707102365243,100.0,127461.94736842104,1163705,41816.68421052631,2961.0,6.433180524474769
2019-09-05,1800.2,1773.1,1752.4,1752.4,1759.3000059324158,29.0,76.64233576642336,24.168911913717466,16.843679079212684,7.325232834504781,1820.1531121833257,1684.6468878166745,1752.4,135.50622436665117,73.65361291498546,69.41061215299273,82.13961443897094,-22.62773722627737,93.13522679839323,96.57498702646602,124269.25,1100097,42047.6,-2553.0,-5.211480362537769
2019-09-06,1806.4,1783.1,1758.3,1755.6190476190477,1765.0809577483762,28.785714285714285,77.62237762237763,25.94227277725668,18.663397818821483,7.278874958435193,1828.093982548641,1688.506017451359,1758.3,139.587965097282,75.59050384808555,71.470576051357,83.83035944154264,-16.78832116788321,84.23657057320554,100.0,110020.1,1144814,42412.6,274.0,0.5900721438570011
2019-09-09,1811.8,1791.8,1763.65,1758.6818181818182,1770.5970570104355,29.5,78.08219178082192,27.275335872311416,20.38578542951947,6.889550442791947,1836.1432664749664,1691.1567335250336,1763.65,144.986532949933,77.37779621618401,73.43964943963266,85.25408976928671,-14.5985401459854,84.35851253266023,100.0,98519.6,1188090,42481.2,1603.0,3.431886788413374
2019-09-10,1815.8,1799.1,1765.85,1760.9565217391305,1774.4449563427752,29.285714285714285,84.44444444444444,27.05166352943661,21.7189610495029,5.332702479933708,1841.3783843472452,1690.3216156527544,1765.85,151.05676869449098,73.57101308029289,73.48343731985273,73.7461646011732,-24.427480916030536,63.0726863990723,100.0,85213.4,1131161,41506.8,-2616.0,-5.414803775459509
2019-09-11,1816.6,1805.8,1770.1,1763.2916666666667,1778.4978176434631,29.285714285714285,84.55882352941177,27.046773078130627,22.784523455228445,4.262249622902182,1847.158829201427,1693.041170798573,1770.1,154.11765840285398,68.402180763206,71.78968513430382,61.62717202101038,-19.84732824427481,55.347686859593885,100.0,71959.55,1156529,41383.8,-2285.0,-5.000437675070025
2019-09-12,1817.2,1808.7,1773.95,1765.36,1781.9742159631337,29.142857142857142,85.18518518518519,26.57517203419434,23.542653171021627,3.032518863172712,1851.9445342214503,1695.9554657785495,1773.95,155.98906844290104,63.88102373461045,69.15346466773937,53.33614186835263,-21.37404580152672,51.17601190025897,100.0,63895.05,1138312,41185.15,-1649.0,-3.7985763976872255
2019-09-16,1811.2,1808.8,1776.5,1766.3076923076924,1782.7385763475968,30.142857142857142,68.75,23.90853107915359,23.61582875264802,0.2927023265055695,1853.0038698711585,1699.9961301288415,1776.5,153.00773974231652,49.94029033287756,62.74907322278544,24.322724553061803,-47.32142857142857,23.70549640530074,35.756232023010526,62338.9,1091656,40958.95,-3774.0,-9.036923518988548
2019-09-17,1802.8,1807.3,1778.5,1766.851851851852,1782.5729976478258,29.5,64.23841059602648,20.82887185706568,23.058437373531557,-2.2295655164658754,1853.165570167387,1703.834429832613,1778.5,149.33114033477386,36.23470335917328,53.91094993491471,0.8822102076904059,-59.04761904761905,6.115461585315218,18.12080536912747,60973.85,1061509,40657.9,-2913.0,-7.668211014004422
2019-09-18,1797.6,1806.7,1780.7,1767.5,1782.8041407289852,29.642857142857142,62.23776223776223,18.49775569324106,22.146301037473457,-3.648545344232396,1853.2769283334292,1708.1230716665707,1780.7,145.1538566668587,33.366995221904986,47.06296503057813,5.97505560455869,-61.70212765957447,-5.14606454349017,10.300437817216306,61287.7,1096060,40408.65,-2275.0,-6.486101211689233
2019-09-19,1789.8,1803.2,1783.7,1767.8620689655172,1782.3466035167007,26.357142857142858,46.49122807017544,15.902177437330238,20.897476317444816,-4.995298880114579,1850.05819863676,1717.34180136324,1783.7,132.71639727352022,28.38501435846297,40.836981473206414,3.481080128976103,-82.27848101265823,-4.70941959597636,0.0,58143.2,1065586,40307.35,1352.0,4.121951219512199
2019-09-20,1778.8,1798.0,1785.55,1767.6,1780.2183555627294,26.714285714285715,38.75968992248063,12.25148589851301,19.16827823365845,-6.916792335145445,1846.6365649799736,1724.463435020026,1785.55,122.1731299599478,21.953645935945016,34.54253629411929,-3.2241347804035314,-91.2087912087912,-36.98861990810026,0.0,58816.2,1022093,40419.15,1488.0,4.356992269852422
2019-09-23,1773.4,1792.3,1787.7,1767.451612903226,1778.5785121758029,24.428571428571427,36.8,9.490955651308695,17.232813717188503,-7.741858065879807,1841.686743012082,1733.7132569879182,1787.7,107.97348602416378,19.0534346400276,29.37950240942206,-1.5987008987613225,-87.91208791208791,-47.837415548508126,0.0,58982.9,1045270,40627.85,1599.0,4.486531986531994
2019-09-24,1771.6,1787.2,1789.5,1767.59375,1777.951987206679,24.142857142857142,42.63565891472868,7.937936732259004,15.373838320202603,-7.435901587943601,1838.3887028172956,1740.611297182705,1789.5,97.77740563459064,21.8347098513426,26.864571556728908,11.774986440569982,-78.02197802197803,-44.47417507728317,12.060838234665832,58151.55,1070689,40793.15,-2303.0,-6.184376594430574
2019-09-25,1765.8,1781.7,1790.4,1767.2424242424242,1775.861321758424,21.928571428571427,26.82926829268293,5.354369924088815,13.369944640979847,-8.015574716891033,1835.837753836256,1744.9622461637446,1790.4,90.87550767251103,16.38295725249324,23.370700121983685,2.4074715135123554,-95.45454545454544,-65.49481964884454,0.0,56260.1,1048938,41032.15,2114.0,6.051064804213424
2019-09-26,1761.8,1775.8,1790.8,1766.970588235294,1774.1602434957167,21.785714285714285,28.22580645161291,3.428733593766537,11.381702431537184,-7.952968837770648,1834.8602458363296,1746.73975416367,1790.8,88.12049167265968,16.683288374090143,21.14156287268584,7.766739376898755,-85.41666666666667,-81.38364701364894,2.3931389194047887,55658.25,1068813,41161.75,-1741.0,-4.699055330634283
2019-09-27,1759.6,1769.2,1788.95,1766.4571428571428,1771.7640298294582,21.357142857142858,21.599999999999994,1.1630215561206114,9.337966256453871,-8.17494470033326,1836.8027346191025,1741.0972653808976,1788.95,95.70546923820484,14.327320454521637,18.87014873329777,5.241663896969364,-94.79166666666669,-81.71269173784826,0.0,44688.4,1057591,40582.9,-2418.0,-6.848112379280069
2019-09-30,1758.0,1765.7,1787.25,1766.138888888889,1770.167455559986,20.785714285714285,23.4375,-0.1467302859794017,7.441026947967217,-7.587757233946618,1837.453271019452,1737.046728980548,1787.25,100.40654203890426,16.884880303014423,18.208392589869987,14.237855729303291,-87.91208791208791,-64.63795822119545,2.8898240913327204,41172.4,1069473,39979.0,-946.0,-2.876166732540819
2019-10-08,1754.2,1762.9,1785.1,1765.7837837837835,1768.5324597923682,21.071428571428573,25.42372881355932,-1.3307611561606336,5.686669327141647,-7.017430483302281,1837.366120655937,1732.8338793440628,1785.1,104.53224131187426,23.882849494938903,20.09987822489296,31.44879203503079,-74.22680412371135,-70.64048930405025,6.013553003617301,38391.85,1050270,39253.25,755.0,2.363437157614645
2019-10-09,1756.8,1761.3,1784.0,1765.8684210526317,1768.5769874311902,21.714285714285715,31.25,-0.966902024180854,4.355955056877147,-5.322857081058001,1836.667777025825,1731.332222974175,1784.0,105.33555405164998,42.20395094534388,27.467902465043267,71.6760479059451,-57.7319587628866,-37.19271585501315,15.17649114631874,37452.2,1077874,38796.95,4201.0,12.847094801223236
2019-10-10,1756.8,1759.3,1781.25,1765.6666666666667,1767.5696552948864,22.571428571428573,29.197080291970792,-1.5483012566849084,3.1751037941647366,-4.723405050849645,1833.2818728230457,1729.2181271769543,1781.25,104.06374564609132,47.74381043415082,34.226538454745786,74.77835439296088,-69.0721649484536,-33.87984743785647,16.112577501528733,30766.9,1060105,38207.25,293.0,0.794016422319177
2019-10-11,1757.4,1758.5,1778.25,1765.325,1766.0868309810878,20.071428571428573,33.89830508474576,-2.46480149575018,2.0471227361817537,-4.511924231931934,1829.7327513271237,1726.7672486728766,1778.25,102.96550265424683,47.51548146590447,38.65618612513201,65.23407214744938,-64.70588235294117,-47.77779135466088,28.843254035111368,28248.15,1046872,37762.2,340.0,0.9141259342904772
2019-10-14,1754.2,1756.1,1774.2,1764.6829268292684,1763.507132792413,20.142857142857142,32.786885245901644,-4.191805369709982,0.7993371150034065,-4.9911424847133885,1824.586297218275,1723.8137027817252,1774.2,100.77259443654977,38.86653012759645,38.72630079262015,39.14698879754904,-83.33333333333333,-65.19488617446683,27.528300353867287,26785.0,1031418,37455.0,3031.0,8.075345020514725
2019-10-15,1751.0,1752.6,1769.9,1764.0238095238096,1760.9826439550402,19.214285714285715,30.0,-5.65664538070746,-0.4918593841387667,-5.164785996568693,1817.3437062544424,1722.456293745558,1769.9,94.88741250888415,31.79337302624077,36.41532487049369,22.549469337734934,-86.36363636363636,-74.16993953447131,33.74682830561039,25142.85,1020985,37134.4,1335.0,3.2910144212991543
2019-10-16,1743.2,1750.0,1765.85,1763.2325581395348,1758.031915959322,18.642857142857142,30.0,-7.298253419173079,-1.8531381911456293,-5.44511522802745,1812.3406328992012,1719.3593671007984,1765.85,92.981265798403,22.50277155997751,31.77780710032163,3.952700479289277,-96.15384615384616,-71.14178606528581,39.93219339622644,22843.95,1010034,36967.0,448.0,1.0692124105011969
2019-10-17,1734.6,1745.7,1760.75,1762.1363636363635,1753.9336382489105,18.0,30.769230769230774,-9.697823780715453,-3.4220753090595943,-6.2757484716558585,1805.9763314080576,1715.5236685919422,1760.75,90.45266281611566,16.962632020377164,26.83941540700681,-2.79093475288213,-94.11764705882354,-97.36430769315852,43.58898766328016,22642.1,988703,37034.3,2409.0,5.68858033437234
2019-10-18,1727.0,1742.2,1755.7,1761.0666666666666,1750.130434606157,18.071428571428573,28.695652173913032,-11.54708461918085,-5.047077171083846,-6.500007448097005,1797.8730769692293,1713.5269230307708,1755.7,84.34615393845843,12.779009582212227,22.15261346540862,-5.968198184180551,-95.58823529411764,-96.3861365886434,33.731542247744024,22315.2,977024,37208.75,494.0,1.103737962776763
2019-10-21,1719.2,1736.7,1751.2,1759.7391304347825,1745.3561075008088,18.0,20.0,-13.981154112346758,-6.833892559336428,-7.147261553010329,1797.0124322358934,1705.3875677641067,1751.2,91.62486447178662,8.936006388141486,17.747077772986245,-8.686136381548032,-98.75,-109.34195644751094,0.0,20856.7,959538,37676.75,2097.0,4.634151731453451
2019-10-22,1708.4,1729.7,1746.3,1758.106382978723,1739.4174305959698,18.714285714285715,19.83471074380165,-17.084984580071023,-8.884110963483348,-8.200873616587675,1799.11985272703,1693.4801472729698,1746.3,105.63970545406028,9.10199168014464,14.86538240870571,-2.424789776977501,-90.56603773584904,-121.91190239164324,0.0,21848.4,909557,38729.05,8773.0,18.528765734561127
2019-10-23,1698.2,1720.7,1741.0,1756.4583333333333,1733.66338958683,18.0,17.886178861788622,-19.64114822766055,-11.035518416318787,-8.605629811341762,1798.5316846341389,1683.4683153658611,1741.0,115.06336926827773,8.290216675651982,12.673660497687802,-0.4766709684196613,-94.33962264150944,-111.57648581845427,0.0,21078.65,890401,39927.65,651.0,1.159993585288932
2019-10-24,1691.8,1713.2,1736.25,1754.9591836734694,1728.8383048642747,18.214285714285715,22.033898305084747,-21.100921476026546,-13.04859902826034,-8.052322447766201,1796.540088213918,1675.959911786082,1736.25,120.58017642783624,9.693477783767989,11.680266259714532,5.719900831874902,-90.56603773584904,-91.09174501345352,25.903614457831324,20563.15,910565,41054.25,-88.0,-0.1550059888677513
2019-10-25,1685.0,1706.0,1732.25,1753.46,1724.187037734344,17.785714285714285,17.391304347826093,-22.24346836319592,-14.887572895247455,-7.355895467948461,1796.3974452869484,1668.1025547130516,1732.25,128.29489057389674,9.843961034589288,11.068164518006116,7.395554067755629,-93.39622641509432,-83.39451528832068,0.0,19199.45,894346,42152.3,917.0,1.6177404558605613
2019-10-28,1682.0,1700.6,1728.35,1752.1176470588234,1720.4549389025017,16.142857142857142,21.186440677966104,-22.48627896296489,-16.407314108790942,-6.078964854173947,1794.0903985384932,1662.6096014615066,1728.35,131.48079707698662,12.359742139001554,11.498690391671262,14.081845633662136,-88.67924528301887,-69.10567025612225,22.99107142857142,18849.35,910521,43076.75,-1873.0,-3.251679658339268
2019-10-29,1682.6,1695.5,1724.05,1750.8461538461538,1717.1735161498823,15.714285714285714,9.708737864077662,-22.34048921676708,-17.59394913038617,-4.746540086380911,1789.0146867637775,1659.0853132362224,1724.05,129.92937352755507,16.118615971455583,13.0386655849327,22.278516744501346,-87.73584905660377,-60.21363365090743,0.0,18486.95,928692,44057.45,-1178.0,-2.1138386448464
2019-10-30,1684.8,1691.5,1720.75,1749.698113207547,1714.585562230846,15.0,14.583333333333329,-21.65258569234697,-18.405676442778333,-3.246909249568642,1785.5862309369168,1655.9137690630832,1720.75,129.67246187383353,21.643179878406286,15.906837016090565,33.11586560303773,-81.11111111111111,-51.724696665921485,20.15164399092972,18153.55,943775,44912.65,-396.0,-0.7259395050412509
2019-10-31,1685.4,1688.6,1717.15,1748.5185185185185,1711.86312773267,14.714285714285714,14.893617021276595,-21.185965145381488,-18.961734183298965,-2.2242309620825225,1781.2692146256525,1653.0307853743475,1717.15,128.23842925130475,24.74624690306451,18.85330697841521,36.53212675236311,-83.75,-45.87095271003652,22.46661775495234,17879.75,929376,45878.55,473.0,0.8734350186505146
2019-11-01,1686.8,1685.9,1714.05,1747.4,1709.4952108057491,14.0,18.292682926829272,-20.49917166675732,-19.26922167999064,-1.229949986766684,1777.678775350713,1650.4212246492868,1714.05,127.25755070142624,31.551261376236557,23.085958444355654,48.48186723999834,-79.71014492753623,-46.7708038590483,40.75851928732057,17934.15,941686,46924.85,-810.0,-1.4827832390576057
2019-11-04,1686.2,1684.1,1710.4,1746.232142857143,1706.8766193004396,14.0,17.647058823529406,-20.126337212943557,-19.44064478658122,-0.6856924263623334,1772.4946645729003,1648.3053354271,1710.4,124.18932914580046,31.640234856884973,25.93738391519876,43.0459367402574,-86.95652173913044,-45.84884315973012,37.69294952023361,17812.35,932240,48037.25,376.0,0.6986639909322356
2019-11-05,1689.4,1686.0,1707.85,1745.4561403508771,1706.4121793670645,14.857142857142858,35.71428571428572,-18.009428883454802,-19.154401605955936,1.1449727225011337,1766.6816957179765,1649.018304282023,1707.85,117.66339143595314,49.66491847601854,33.84656210213869,81.30163122377823,-47.27272727272727,-21.173169806197365,100.0,18251.9,960234,49209.25,1947.0,3.5927149262819924
2019-11-06,1688.0,1686.4,1703.55,1744.3793103448277,1704.182447998773,15.214285714285714,34.31372549019608,-17.66131633034024,-18.8557845508328,1.1944682204925563,1755.7620171688668,1651.337982831133,1703.55,104.4240343377337,39.06232660305998,35.585150269112454,46.01667927095504,-80.76923076923077,-28.2817957443243,94.61437908496728,17797.45,941719,50075.6,-1912.0,-3.405771286070536
2019-11-07,1684.4,1684.9,1699.05,1743.084745762712,1700.7365005703182,15.785714285714286,30.17241379310346,-18.383891209462945,-18.76140588255883,0.3775146730958845,1746.827885216797,1651.2721147832028,1699.05,95.55577043359426,26.89625192340751,32.68885082054414,15.311054129134265,-97.91666666666669,-55.49556621043765,78.68965517241381,18631.75,907264,51155.25,4559.0,8.40709596518403
2019-11-08,1675.6,1681.2,1693.6,1741.4166666666667,1695.2377862302878,17.071428571428573,27.55905511811024,-20.73481008957947,-19.15608672396296,-1.5787233656165114,1740.8101683962254,1646.3898316037744,1693.6,94.42033679245104,20.381815007761872,28.58650554961672,3.972433924052183,-92.6470588235294,-98.66790429871132,68.64041994750656,19987.6,866914,52405.8,3758.0,6.392569785836999
2019-11-11,1666.4,1676.3,1688.45,1740.3166666666666,1689.596092303594,15.857142857142858,29.914529914529908,-22.89880852739634,-19.904631084649637,-2.9941774427467074,1737.252394246702,1639.6476057532982,1688.45,97.6047884934037,14.513802597767176,23.895604565666872,-4.2498013380322135,-97.22222222222224,-110.1108719780319,77.69800569800566,20299.1,845230,53521.65,337.0,0.5388120553201592
2019-11-12,1655.2,1672.3,1683.9,1739.15,1685.4440835127757,16.571428571428573,36.585365853658544,-23.53557301825117,-20.63081947136994,-2.9047535468812318,1730.565213009941,1637.234786990059,1683.9,93.330426019882,15.231423954067008,21.00754436180025,3.679183138600522,-83.33333333333333,-89.54088925115533,100.0,20709.05,863862,54481.6,-1783.0,-2.8354696097452337
2019-11-13,1648.4,1668.2,1679.85,1737.1833333333334,1681.9732184163206,16.857142857142858,36.0655737704918,-23.526934678969383,-21.210042512889828,-2.3168921660795547,1723.6402897191172,1636.0597102808829,1679.85,87.58057943823451,17.098727080489116,19.704605268029876,11.886970705407606,-79.16666666666667,-74.00509937412578,98.06600707734523,21033.05,881293,55354.85,-1286.0,-2.1047807656426443
2019-11-14,1641.8,1663.1,1675.85,1735.5666666666666,1677.4995785671472,18.0,33.0827067669173,-24.368862650426763,-21.84180654039722,-2.527056110029545,1720.723037268322,1630.9769627316778,1675.85,89.7460745366443,13.592133843133094,17.66711479306428,5.442171943270722,-93.42105263157896,-88.21299968602705,86.96763936272397,21237.0,855883,56144.15,730.0,1.220470466286594
2019-11-15,1642.6,1659.1,1672.5,1734.05,1674.5948567988476,18.285714285714285,36.42857142857143,-23.79352003375766,-22.232149239069308,-1.5613707946883508,1715.3387429173276,1629.6612570826724,1672.5,85.67748583465527,16.51756291296592,17.283930833031494,14.984827072834776,-77.63157894736842,-75.6628887541648,99.4166142227816,21987.3,882568,56575.25,-6670.0,-11.016963150157745
2019-11-18,1636.4,1651.4,1667.75,1731.8166666666666,1667.9667751989573,20.571428571428573,27.62430939226519,-26.42202915136727,-23.0701252215289,-3.351903929838368,1718.149979114449,1617.350020885551,1667.75,100.79995822889803,12.584035652669105,15.717299106244033,6.317508745519255,-95.28301886792453,-114.0617312302178,59.27168795375955,24147.9,821870,57126.7,4504.0,8.360403170419328
2019-11-19,1628.0,1641.6,1663.8,1729.5333333333333,1661.8747013704851,21.714285714285715,25.84269662921348,-28.26006872611697,-24.108113922446517,-4.151954803670456,1721.0808409229662,1606.5191590770337,1663.8,114.56168184593253,15.24293965629654,15.559179289594868,14.610460389699876,-82.25806451612904,-119.48868609155758,50.475780871996086,23665.95,781528,57080.8,-3174.0,-5.437072819774913
2019-11-20,1618.4,1633.4,1659.9,1727.2,1656.0771107637725,22.857142857142858,25.98870056497175,-29.617392396064812,-25.209969617170177,-4.407422778894638,1723.1352333501047,1596.6647666498957,1659.9,126.47046670020929,17.198996807901395,16.105785129030377,19.38542016564343,-84.6774193548387,-92.9224979899522,44.04639616504023,24211.8,751455,56876.55,-2516.0,-4.557723312138828
2019-11-21,1611.4,1626.6,1655.75,1725.2333333333331,1650.736433548175,23.071428571428573,25.42372881355932,-30.423074560313808,-26.252590605798904,-4.170483954514904,1723.3459357233546,1588.1540642766454,1655.75,135.19187144670923,19.15830556424196,17.12329194076757,23.22833281119073,-85.48387096774194,-86.77629862882851,41.06317411402157,23882.7,737873,56699.7,460.0,0.8730806460796714
2019-11-22,1606.8,1624.7,1652.95,1723.5833333333333,1648.190106543587,24.928571428571427,35.20408163265306,-28.793075406260414,-26.76068756589121,-2.0323878403692035,1720.954566410144,1584.945433589856,1652.95,136.00913282028796,30.720921658212585,21.655835179915904,48.851094614805945,-66.12903225806451,-50.79113751755587,87.62471655328788,25141.7,779272,56302.85,-3483.0,-6.55352136526991
2019-11-25,1617.8,1627.1,1651.7,1722.5833333333333,1649.3148583013406,26.5,40.09433962264151,-24.316089454722714,-26.271767943657512,1.9556784889347971,1718.1247892851688,1585.2752107148312,1651.7,132.8495785703376,50.026068984262935,31.112579781364914,87.85304739005898,-37.096774193548384,2.000144324477781,100.0,26817.65,828966,55648.4,-7025.0,-14.145054768041232
2019-11-26,1628.0,1628.0,1650.15,1721.2333333333331,1649.8563003678796,26.071428571428573,42.92929292929293,-20.930233345059836,-25.203461023937976,4.273227678878143,1714.6228420997645,1585.6771579002357,1650.15,128.94568419952884,61.002227807690446,41.07579579014009,100.85509184279115,-31.77570093457944,5.609704831232588,100.0,27305.65,801035,54934.4,-2369.0,-5.555946434015812
2019-11-27,1642.4,1630.4,1649.3,1720.15,1652.0604622376054,25.928571428571427,51.24378109452736,-16.603078463186193,-23.483384511787623,6.88030604860143,1711.98417075433,1586.6158292456698,1649.3,125.36834150866024,73.28463932699076,51.81207696909031,116.22976404279164,-2.150537634408602,28.4697376941348,100.0,27762.25,825250,54243.6,68.0,0.1688601936925771
2019-11-28,1656.8,1634.1,1648.6,1718.85,1653.9594658340238,24.857142857142858,58.19209039548023,-13.103420610285866,-21.407391731487277,8.303971121201407,1709.8549460946033,1587.3450539053963,1648.6,122.50989218920677,79.78426126954022,61.13613840257362,117.08050700347344,-7.216494845360825,34.9323600812433,100.0,28105.65,803983,53544.3,303.0,0.7511527591848921
2019-11-29,1667.0,1636.9,1648.0,1717.0,1655.9633262307834,24.928571428571427,61.27167630057803,-9.972880462170224,-19.120489477623863,9.14760901545364,1707.891129296593,1588.108870703407,1648.0,119.78225859318536,85.14827039962475,69.14018240159066,117.16444639569292,-4.123711340206185,38.827093723273045,100.0,28749.95,829179,52668.15,-4347.0,-10.69609507640068
2019-12-02,1667.2,1642.5,1646.95,1714.8666666666666,1656.4430094468992,24.642857142857142,54.23728813559322,-8.523336124333582,-17.00105880696581,8.477722682632226,1705.0405826229503,1588.8594173770498,1646.95,116.1811652459005,83.12210274703665,73.80082251673933,101.76466320763129,-18.55670103092784,28.864015243880157,80.37715222738454,29182.05,811091,51756.95,-325.0,-0.895464815120961
2019-12-03,1668.4,1648.2,1644.9,1712.6166666666666,1656.8770085471945,24.285714285714285,53.44827586206896,-7.290521202959553,-15.05895128616456,7.768430083205006,1697.4393085924107,1592.3606914075897,1644.9,105.07861718482128,81.68924496861267,76.43029666736378,92.20714157111044,-18.55670103092784,33.14041555859786,78.17615515827765,28405.3,811091,50715.0,-668.0,-1.857154772164915
2019-12-04,1670.2,1656.3,1644.85,1710.8,1659.2696743998426,25.142857142857142,62.98342541436464,-4.566344028629828,-12.960429834657614,8.394085806027785,1697.2383273459402,1592.4616726540596,1644.85,104.7766546918806,82.23727442351955,78.3659559194157,89.97991143172726,-13.79310344827586,70.43497251240301,100.0,28663.25,834765,49585.7,-3659.0,-10.365145463301316
2019-12-05,1679.8,1668.3,1647.45,1709.25,1665.053514933191,27.142857142857142,67.6328502415459,0.651359957282466,-10.2380718762696,10.889431833552065,1709.030841176458,1585.8691588235422,1647.45,123.1616823529157,86.69298148381156,81.14163110754765,97.79568223633942,-2.816901408450704,106.8495822172291,100.0,29146.2,878879,47967.1,-5227.0,-16.51918336388345
2019-12-06,1690.0,1678.5,1651.6,1707.8166666666666,1670.857942082411,25.357142857142858,85.38011695906432,5.210514248726213,-7.148354651270436,12.358868899996647,1722.4130228879294,1580.7869771120704,1651.6,141.62604577585898,88.09835129223801,83.46053783577777,97.37397820515848,-5.2631578947368425,110.46874652083864,100.0,28251.85,901342,46153.7,-138.0,-0.5224304372515642
2019-12-09,1706.2,1686.7,1656.9,1706.5166666666669,1677.6333761698004,24.857142857142858,87.09677419354838,9.999475425797757,-3.7187886358567983,13.718264061654551,1737.927350807906,1575.872649192094,1656.9,162.05470161581206,89.89165448468042,85.60424338541199,98.46647668321724,-3.870967741935484,108.07961478711236,100.0,28136.1,920711,44322.5,-19.0,-0.0723065798987732
2019-12-10,1722.2,1695.3,1661.65,1705.15,1683.6682927250577,24.285714285714285,88.04347826086956,13.557784320360042,-0.2634740446134302,13.821258364973472,1750.725426347267,1572.5745736527329,1661.65,178.15085269453448,89.05057667399747,86.75302114827382,93.6456877254448,-7.547169811320755,95.67889393790888,100.0,28242.9,899943,42526.9,-1071.0,-4.078756950262774
2019-12-11,1732.2,1701.2,1665.8,1703.8333333333333,1688.2713124655284,24.928571428571427,84.375,15.473179786808032,2.8838567216708624,12.589323065137169,1759.9814597913044,1571.6185402086955,1665.8,188.3629195826088,85.33196339670008,86.27933523108257,83.43721972793509,-13.90728476821192,71.86173560276694,93.0573047858942,28263.8,882094,40820.55,499.0,1.9811807678564275
2019-12-12,1731.6,1705.7,1669.9,1702.1666666666667,1691.0073779450015,23.714285714285715,75.40983606557377,15.600932020785194,5.4272717814937295,10.173660239291465,1765.563665213629,1574.2363347863711,1669.9,191.32733042725795,77.58972998376497,83.38280014864337,66.00358965400815,-30.0,55.93126988933188,73.65199343701356,27749.15,866977,38722.45,-7105.0,-27.660982636455657
2019-12-13,1728.4,1709.2,1673.05,1700.4166666666667,1692.8161990930969,22.285714285714285,66.23376623376623,14.964829844889437,7.334783394172872,7.630046450716565,1769.6827284646683,1576.4172715353316,1673.05,193.2654569293368,69.97210069093103,78.91256699607258,52.09116808064792,-40.18691588785047,42.749951756964975,51.65664221395543,27086.25,853550,36698.0,-5197.0,-27.969431139335875
2019-12-16,1725.8,1716.0,1679.25,1699.4,1696.262275369945,23.285714285714285,72.02380952380952,15.811589338476551,9.030144583033607,6.781444755442943,1773.3784117295986,1585.1215882704014,1679.25,188.2568234591972,70.99263641567686,76.27259013594067,60.43272897514922,-24.742268041237114,55.66279539839668,56.4679332423638,25012.2,872767,35413.65,19306.0,144.2468619246862
2019-12-17,1723.4,1722.8,1685.5,1698.5333333333333,1699.3801539061408,22.857142857142858,68.66666666666667,16.29481584384007,10.483078835194902,5.811737008645167,1775.0803079864506,1595.9196920135494,1685.5,179.16061597290127,69.85094679964043,74.13204235717393,61.2887556845734,-25.26315789473684,50.07346831396814,43.9898880462261,23858.8,872767,34380.6,1852.0,5.665341082899977
2019-12-18,1718.6,1725.4,1690.85,1697.25,1700.2010916293657,23.071428571428573,60.588235294117645,14.812502526459866,11.348963573447897,3.4635389530119696,1771.5189792331987,1610.181020766801,1690.85,161.3379584663976,51.05447735360645,66.4395206893181,20.28439068218313,-47.36842105263158,29.57523880808201,20.638582626983627,23491.45,850041,33538.6,1305.0,3.77800937988535
2019-12-19,1720.6,1726.1,1697.2,1696.4,1702.7533686170448,23.428571428571427,63.97849462365591,14.99801200684351,12.07877326012702,2.9192387467164918,1767.022632433903,1627.377367566097,1697.2,139.64526486780596,50.702984902404296,61.19400876034683,29.720937186519222,-27.36842105263158,34.59536412260507,30.43837882547561,23829.25,870379,32627.1,-930.0,-2.59435936061595
2019-12-20,1721.6,1725.0,1701.75,1695.65,1703.9197144630405,23.285714285714285,64.67391304347825,14.015171719316868,12.46605295196499,1.549118767351878,1762.79657410966,1640.70342589034,1701.75,122.09314821932004,42.77634890929517,55.05478880999628,18.21946910789296,-40.0,31.000306195488363,32.44853737811483,22396.3,857639,31917.45,554.0,1.5866196981413117
2019-12-23,1719.0,1722.4,1704.55,1694.8666666666666,1705.0702178475128,23.142857142857142,64.86486486486487,13.165195178156864,12.605881397203364,0.5593137809534987,1762.5970770831282,1646.5029229168715,1704.55,116.09415416625644,40.71268789074963,50.27408850358073,21.58988666508742,-41.57303370786517,23.47439100060897,15.576731831971728,20498.25,869372,31638.6,1591.0,4.4853542330354434
2019-12-24,1713.2,1718.3,1706.8,1693.6666666666667,1704.5873399572736,22.071428571428573,55.0,11.0728751510012,12.299280147962934,-1.226404996961735,1760.0505497871284,1653.5494502128715,1706.8,106.50109957425684,30.040342651804103,43.52950655298852,3.0620148494352577,-71.62162162162163,-3.5441479657076758,0.0,20418.3,843040,31794.4,6324.0,17.063299336247372
2019-12-25,1712.6,1715.6,1708.4,1692.8166666666666,1704.6266409137236,19.428571428571427,44.89795918367347,9.706266865896396,11.780677491549628,-2.074410625653231,1759.2429987934984,1657.5570012065018,1708.4,101.68599758699656,26.54863423163752,37.86921577920486,3.907471136502835,-84.21052631578948,-8.069808368546179,0.0,19838.2,855653,31998.1,1026.0,2.364818144101788
2019-12-26,1710.0,1715.3,1710.5,1692.0833333333333,1705.519341779083,18.785714285714285,46.0,9.242898359151468,11.273121665069995,-2.0302233059185277,1758.3968189252455,1662.6031810747545,1710.5,95.793637850491,30.74256774862791,35.49366643567921,21.240370374525316,-68.42105263157895,-0.071433251955556,2.554241645244212,19503.8,870232,32199.25,252.0,0.5674142123750281
2019-12-27,1709.2,1715.4,1712.3,1691.45,1706.0413092286942,18.142857142857142,38.68613138686131,8.535211940942418,10.72553972024448,-2.190327779302063,1757.1909790492462,1667.4090209507538,1712.3,89.7819580984924,32.99504516575194,34.66079267903679,29.663550139182234,-73.6842105263158,3.49655966009851,0.0,19210.9,850894,32636.6,377.0,0.8440802435966344
2019-12-30,1709.0,1714.0,1715.0,1690.7833333333333,1706.8945178735803,18.142857142857142,40.71428571428571,8.202577716522683,10.22094731950012,-2.0183696029774385,1752.8417758568469,1677.1582241431531,1715.0,75.68355171369376,40.62414775756012,36.64857770521123,48.575287862257895,-58.69565217391305,-7.9791456832194205,4.439055702161034,19440.6,873576,33340.5,5006.0,11.114318065762308
2019-12-31,1713.6,1713.4,1718.1,1690.2833333333333,1708.428373314192,17.928571428571427,46.76258992805756,8.486666825977181,9.874091220795536,-1.3874243948183531,1746.226780645383,1689.9732193546167,1718.1,56.25356129076636,53.553353407000856,42.2835029391411,76.09305434272036,-41.30434782608695,11.873302253344058,21.99249398135452,19864.55,894514,34212.15,2687.0,5.36895318400703
2020-01-02,1715.8,1714.2,1719.8,1689.4,1709.1494806176022,17.714285714285715,49.61832061068702,8.054125053316511,9.51009798729973,-1.4559729339832188,1742.2836782905622,1697.3163217094375,1719.8,44.96735658112448,54.74985465228629,46.43895351018949,71.3716569364799,-56.52173913043478,5.880592667366577,32.7922933892314,19759.3,872945,35295.05,566.0,1.0733113361398816
2020-01-03,1715.8,1712.9,1719.5,1688.6666666666667,1709.6114348444971,16.857142857142858,51.58730158730159,7.463909988658315,9.100860387571448,-1.6369503989131324,1742.1320685381518,1696.8679314618482,1719.5,45.26413707630354,53.642760244381336,48.84022242158677,63.247835889970446,-60.869565217391305,-35.890372893237135,38.69846648420871,18880.55,846406,36616.65,-453.0,-0.8499061913696093
2020-01-06,1719.2,1714.2,1719.6,1688.2666666666669,1711.3627267640686,16.071428571428573,49.58677685950413,8.033241091975697,8.887336528452298,-0.8540954364766016,1742.3702483632946,1696.8297516367052,1719.6,45.54049672658948,63.11226751334824,53.59757078550727,82.14166096903021,-20.0,30.0959178315663,36.35907554987988,19045.4,872166,37862.8,-1647.0,-3.1165439854674792
2020-01-07,1724.6,1716.8,1719.6,1688.3166666666666,1714.280562310348,16.5,54.81481481481482,9.504560433982531,9.010781309558348,0.4937791244241865,1742.3702483632946,1696.8297516367052,1719.6,45.54049672658948,71.86207905145201,59.68574020748885,96.21475673937834,-9.803921568627452,89.96414147501153,61.60986910044935,19555.9,901745,39168.05,1163.0,2.271484374999999
2020-01-08,1729.0,1721.3,1719.8,1688.45,1717.2062230426957,18.214285714285715,65.81196581196582,10.788305668500923,9.366286181346862,1.4220194871540637,1743.4162299232812,1696.1837700767187,1719.8,47.232459846562506,67.46360825652357,62.278362890500425,77.83409898856986,-38.75,132.17463049605283,100.0,20953.05,950456,40059.1,-9355.0,-17.8656685063881
2020-01-09,1732.0,1723.9,1719.75,1688.4666666666667,1718.5199160862485,17.857142857142858,51.78571428571429,10.554336200747684,9.603896185227027,0.9504400155206572,1743.2614753617042,1696.2385246382958,1719.75,47.022950723408485,58.309072171015714,60.95526598400552,53.0166845450361,-56.25,59.07762362515239,48.291907609409925,20965.95,932349,40926.25,21.0,0.048828125
2020-01-10,1736.8,1726.3,1720.8,1688.85,1720.3751621732729,17.857142857142858,60.74766355140186,10.809154011473764,9.844947750476376,0.9642062609973898,1745.6329153385248,1695.9670846614752,1720.8,49.6658306770496,55.31715922512159,59.07589706437754,47.799683546609685,-47.5,69.93627582948321,81.33033557162382,21232.05,952788,42131.05,-352.0,-0.8180529410397597
2020-01-13,1743.6,1731.4,1723.4,1689.65,1724.3394324424848,19.428571428571427,67.6923076923077,12.800146267609762,10.435987453903053,2.364158813706709,1753.7481552374377,1693.0518447625627,1723.4,60.696310474874736,63.63866953036275,60.59682121970594,69.72236615167637,-17.5,114.2291948489948,100.0,22624.45,994063,43678.3,1652.0,3.870937507322436
2020-01-14,1746.2,1735.4,1724.7,1690.5666666666666,1727.2594864955815,19.428571428571427,72.72727272727272,13.65576531423926,11.079943025970294,2.5758222882689665,1758.1292654641632,1691.270734535837,1724.7,66.85853092832622,65.89995809066437,62.36453351002542,72.97080725194228,-27.63157894736842,105.46321246208636,100.0,23023.8,966859,44168.75,-1830.0,-4.128223059396785
2020-01-15,1748.8,1738.9,1726.15,1691.8166666666666,1730.1871544483831,19.5,72.26890756302521,14.409817099327938,11.745917840641823,2.663899258686113,1762.731703796179,1689.568296203821,1726.15,73.163407592358,68.81593450175747,64.51500050726943,77.41780249073355,-24.0,85.29391412428657,98.65349648631384,23121.4,986085,44679.0,2248.0,5.289536224381752
2020-01-16,1754.0,1743.0,1728.6,1693.1166666666666,1732.7407587866323,19.571428571428573,69.36936936936937,14.756611892781166,12.348056651069694,2.408555241711472,1766.599445979338,1690.6005540206618,1728.6,75.99889195867627,68.65506744561608,65.89502282005165,74.17515669674495,-25.33333333333333,79.56024746571676,90.1357497848726,22568.5,974417,45131.25,145.0,0.3240440699935121
2020-01-17,1755.6,1746.2,1729.55,1694.1666666666667,1734.0035436640958,19.714285714285715,64.70588235294117,13.982657820497934,12.674976884955342,1.3076809355425922,1768.3231594629149,1690.776840537085,1729.55,77.54631892582984,58.69521503177127,63.49508689062486,49.09547131406407,-40.0,51.401872160114834,74.94332418565804,22216.3,961123,45567.45,-1251.0,-2.786688051323172
2020-01-20,1753.0,1748.3,1731.25,1695.3166666666666,1735.4317776008484,19.285714285714285,64.40677966101694,13.456253258788593,12.831232159721992,0.6250210990666005,1770.3174181114457,1692.1825818885543,1731.25,78.13483622289141,52.89825929654316,59.96281102593096,38.76915583776756,-38.0281690140845,41.30175058127752,67.95457456346324,22044.8,970433,45996.75,416.0,0.953232052427766
2020-01-21,1746.0,1746.1,1731.45,1695.9,1733.9620844960057,20.928571428571427,48.92086330935252,10.577090103503224,12.38040374847824,-1.803313644975015,1770.2285887748408,1692.671411225159,1731.45,77.55717754968146,37.05122048340973,52.32561417842388,6.502433093381413,-78.87323943661971,-2.201223257737123,0.0,22947.9,940638,46169.45,-3541.0,-8.037315296093695
2020-01-22,1737.6,1743.2,1732.25,1696.4,1732.2514097821004,20.928571428571427,50.0,7.881710536217042,11.480665106026,-3.5989545698089582,1768.8984005538807,1695.6015994461193,1732.25,73.29680110776144,30.092970518351585,44.91473295839979,0.4494456382551703,-84.50704225352112,-51.54878675978285,4.532967032967029,22663.8,919988,45947.8,-1563.0,-3.85773521571725
2020-01-23,1728.2,1741.1,1732.5,1696.7333333333331,1730.1322278980908,20.714285714285715,48.57142857142856,5.201493376249346,10.224830760070668,-5.023337383821323,1768.4268262180929,1696.5731737819071,1732.5,71.85365243618571,22.512960737724587,37.447475551508056,-7.356068889842348,-92.95774647887325,-62.727873459874765,0.0,22637.8,907895,45663.15,-234.0,-0.6007239493748928
2020-02-03,1709.0,1732.3,1729.3,1696.1333333333334,1722.5005871458916,26.357142857142858,29.032258064516128,-1.7439929271583878,7.831066022624857,-9.575058949783244,1780.3731158036644,1678.2268841963355,1729.3,102.1462316073289,23.188599592020893,32.69451689834567,4.176764979371342,-75.90361445783132,-161.29938141814424,0.0,23290.4,880264,45549.45,3671.0,9.48113329373177
2020-02-04,1697.6,1725.3,1728.35,1696.2166666666667,1719.5957693224734,28.428571428571427,38.31775700934579,-3.815311336641116,5.501790550771663,-9.31710188741278,1781.520134078207,1675.1798659217927,1728.35,106.34026815641435,32.86883284903303,32.75262221524146,33.10125411661619,-50.60240963855421,-81.09008693516233,21.25070563883836,24372.4,921242,45898.85,9639.0,22.73885350318472
2020-02-05,1694.0,1720.0,1727.7,1696.55,1717.919981767952,27.571428571428573,40.27149321266968,-4.596939021146,3.48204463638813,-8.07898365753413,1781.8658272539528,1673.5341727460473,1727.7,108.33165450790555,41.44546393757192,35.650236122684944,53.03591956734586,-43.55828220858896,-46.34643436488291,25.722007956512503,24692.3,950322,46130.7,2655.0,5.102923369659229
2020-02-06,1692.4,1715.0,1726.95,1696.65,1716.975221599576,27.714285714285715,44.60093896713615,-4.678306135545654,1.8499744820013733,-6.528280617547027,1781.8008983757911,1672.099101624209,1726.95,109.70179675158217,49.40808706949238,40.23618643828742,67.75188833190231,-39.877300613496935,-35.99770142815277,35.630336830828384,24651.6,970446,46220.6,-152.0,-0.2779606466242423
2020-02-07,1693.0,1710.6,1726.8,1697.15,1716.596629066283,27.571428571428573,44.07582938388626,-4.289880870354182,0.6220034115302625,-4.911884281884444,1781.7932053219188,1671.8067946780811,1726.8,109.98641064383764,56.136922911193125,45.53643192925598,77.33790487506741,-36.809815950920246,-27.541577136411217,34.428575972518225,24324.05,985464,46320.85,773.0,1.4175163206924468
2020-02-10,1706.8,1707.9,1727.05,1698.0,1716.8255215361607,26.428571428571427,38.86010362694301,-3.458039071467738,-0.1940050850693375,-3.2640339863984003,1781.8432957865984,1672.2567042134017,1727.05,109.58659157319698,61.97416482367829,51.01567622739675,83.89114201624139,-33.12883435582822,-11.431234239491015,22.491915011997094,24201.55,1009553,46443.15,-12.0,-0.0216978573365889
2020-02-11,1715.6,1706.6,1727.45,1699.55,1718.6516623422406,26.5,45.320197044334975,-1.410777957565415,-0.437359659568553,-0.973418297996862,1782.3891050451105,1672.5108949548896,1727.45,109.87821009022082,74.1286098824522,58.71998744574857,104.94585475585944,-19.745222929936304,4.577077339847007,37.67160306993839,24343.1,1038144,46978.55,6615.0,11.96353968856818
2020-02-12,1722.2,1708.1,1727.1,1701.2,1720.2086468810749,27.285714285714285,44.27860696517413,0.129506709538191,-0.3239863857472042,0.4534930952853952,1781.7371764701595,1672.4628235298403,1727.1,109.2743529403192,79.61230996994396,65.68409495381371,107.46874000220448,-20.38216560509554,17.091387042906884,37.79732461611254,24807.0,999287,47565.1,2186.0,3.5310460683595
2020-02-13,1727.0,1709.7,1726.45,1702.6333333333334,1721.331632892401,27.571428571428573,43.8423645320197,1.095490346618817,-0.0400910392739999,1.135581385892817,1780.4966659958127,1672.4033340041874,1726.45,108.09333199162528,82.5434723471124,71.3038874182466,105.02264220484398,-18.666666666666668,10.373717950383606,41.515564406246725,23842.45,969867,48521.4,-1960.0,-3.0580085499422704
2020-02-14,1731.8,1712.4,1726.75,1704.1,1722.82385833122,27.785714285714285,47.71573604060914,2.2386913118914435,0.4156654309590887,1.8230258809323547,1780.969340111302,1672.530659888698,1726.75,108.43868022260403,84.46160567821677,75.68979350490332,102.00523002484368,-14.18918918918919,10.042588626562358,52.81619971912538,24562.8,1002381,49577.05,2008.0,3.231724981491624
2020-02-17,1738.6,1722.7,1727.5,1706.0666666666666,1725.6977765853894,28.142857142857142,50.95238095238095,4.385202708479255,1.209572886463122,3.175629822016133,1782.779195667846,1672.220804332154,1727.5,110.5583913356918,88.7151445262186,80.03157717867508,106.08227922130564,-3.3783783783783785,37.9556244615645,100.0,25389.85,1039361,50679.6,586.0,0.9135979545383588
2020-02-18,1742.0,1728.8,1727.05,1707.8333333333333,1728.297988339162,25.928571428571427,59.11602209944751,6.01696858662126,2.17105202649475,3.8459165601265104,1781.2833166197563,1672.8166833802436,1727.05,108.4666332395127,88.83092968414573,82.96469468049864,100.56339969143988,-4.666666666666667,47.91823130216439,100.0,24697.6,1039361,51988.55,5780.0,8.929674947472499
2020-02-19,1746.2,1734.2,1727.1,1710.35,1730.9362751640035,25.714285714285715,61.11111111111111,7.466164433181348,3.23007450783207,4.236089925349278,1781.4435465591946,1672.7564534408052,1727.1,108.68709311838938,90.25510254805116,85.39483063634948,99.97564637145452,-2.6666666666666665,47.31477717771524,100.0,24149.85,1055610,53462.35,1467.0,2.080614965677663
2020-02-20,1749.2,1738.1,1726.55,1712.7333333333331,1732.4661537198128,26.642857142857142,60.10928961748633,7.798541071560976,4.143767820577851,3.654773250983125,1779.7881936504018,1673.311806349598,1726.55,106.47638730080372,84.475623920923,85.088428397874,83.250014967021,-8.666666666666666,38.95827122646899,96.8770033885887,24580.95,1027762,54813.2,-211.0,-0.2931573463007986
2020-02-21,1760.4,1746.1,1728.35,1715.9333333333334,1738.2312819369736,23.642857142857142,92.3076923076923,11.639593525316286,5.642932961525538,5.996660563790748,1787.9743503771278,1668.725649622872,1728.35,119.24870075425588,85.53056576001609,85.23580751858802,86.12008224287223,-7.333333333333333,89.97319497973604,100.0,28759.9,1123009,56722.8,11320.0,15.773925645170284
2020-02-24,1771.2,1754.9,1731.4,1719.3833333333334,1744.7806836572618,22.142857142857142,90.78014184397163,15.633129282243544,7.64097222566914,7.992157056574404,1800.3390272174186,1662.4609727825816,1731.4,137.87805443483694,86.61221390803793,85.69460964840465,88.4474224273045,-8.148148148148149,109.19591779594636,97.14196561262104,32722.4,1215553,58722.6,553.0,0.6655914496172644
2020-02-25,1782.4,1762.2,1734.4,1722.4666666666667,1750.8968090232368,22.071428571428573,90.22556390977444,18.743356678329064,9.861449116201126,8.881907562127939,1811.3234753026104,1657.4765246973896,1734.4,153.84695060522108,87.40814260535862,86.26578730072264,89.69285321463056,-8.870967741935484,95.13852314997368,96.10435484684866,35969.9,1289813,60978.3,5534.0,6.616688786063585
2020-02-26,1789.0,1767.6,1737.85,1724.6166666666666,1754.525684354357,23.428571428571427,77.55102040816327,19.37110342251799,11.7633799774645,7.607723445053491,1818.1685106802563,1657.5314893197435,1737.85,160.6370213605128,81.27209507023909,84.60122322389479,74.61383876292768,-26.271186440677965,73.5638013193675,72.39038792250682,37674.5,1225926,63279.5,-2631.0,-2.950510816296781
2020-02-27,1790.4,1769.8,1739.75,1726.2666666666669,1754.4756191777517,25.285714285714285,61.5819209039548,16.850151687366406,12.78073431944488,4.069417367921526,1819.6891215731976,1659.8108784268024,1739.75,159.8782431463951,61.32425385634987,76.84223343471315,30.28829469962332,-61.11111111111112,31.01952083808864,42.51233374200045,41045.2,1137862,64746.3,-18251.0,-21.089669516986365
2020-02-28,1781.6,1771.0,1741.7,1727.5333333333333,1753.9541316370132,26.928571428571427,58.52272727272727,14.284162132049689,13.081419881965845,1.202742250083844,1820.4777687047876,1662.922231295213,1741.7,157.55553740957475,47.01310410346697,66.89919032429776,7.240931661805405,-67.61904761904762,14.47132497614082,30.29044352832469,44146.05,1063752,65924.45,-6007.0,-8.796438665085148
2020-03-02,1773.6,1772.4,1747.55,1729.1166666666666,1755.196595290631,27.714285714285715,58.75706214689266,13.546886416265352,13.174513188825744,0.3723732274396063,1814.08048371354,1681.0195162864602,1747.55,133.0609674270795,44.36888932568296,59.38908999142616,14.328487994196536,-53.0,34.729816883679824,30.773953874628408,45721.05,1122883,67162.15,4862.0,7.806428823737188
2020-03-03,1767.2,1774.8,1751.8,1730.8166666666666,1757.2731100248566,27.571428571428573,61.29032258064516,13.612589072944274,13.262128365649453,0.3504607072948218,1814.1153271675569,1689.484672832443,1751.8,124.63065433511385,46.437497098348025,55.07189236040012,29.16870657424384,-43.0,39.62141154265188,36.000907967414065,45790.9,1165258,67762.25,-3113.0,-4.636304062909568
2020-03-04,1772.6,1780.8,1757.5,1733.4,1762.8661471653463,30.142857142857142,68.91891891891892,16.620047404268917,13.933712173373346,2.686335230895571,1821.4687423668752,1693.5312576331248,1757.5,127.93748473375037,59.189623915905486,56.44446954556858,64.6799326565793,-13.513513513513514,83.72300049270426,47.549344440763,51305.8,1304636,69148.75,18383.0,28.7095313207665
2020-03-05,1783.8,1787.1,1762.6,1735.8833333333334,1767.3550855305516,30.357142857142858,66.3677130044843,18.308283448420298,14.808626428382738,3.49965702003756,1826.215291111159,1698.9847088888407,1762.6,127.2305822223184,65.65022546774651,59.51305485296122,77.92456669731709,-21.428571428571427,81.40337586635037,37.27533791164052,53400.9,1242610,70279.05,-5276.0,-6.401824932657075
2020-03-06,1799.4,1790.5,1768.3,1738.3,1773.035553575261,31.0,66.51785714285714,20.77845945510967,16.002593033728125,4.775866421381544,1833.609304568013,1702.990695431987,1768.3,130.61860913602595,74.7899192887287,64.60534299821704,95.159071869752,-6.930693069306931,86.8660781750751,23.66475697652928,58169.45,1352999,71461.3,1812.0,2.349036791205372
2020-03-09,1798.2,1785.9,1770.4,1738.9833333333331,1771.8893103776172,35.42857142857143,51.37931034482759,17.212033711574577,16.244481169297416,0.9675525422771614,1831.6068107665328,1709.1931892334676,1770.4,122.413621533065,59.10087028489504,62.77051876044304,51.76157333379902,-72.27722772277228,11.93469934780658,0.0,65200.6,1188287,72387.75,-5128.0,-6.495250158328059
2020-03-10,1796.2,1781.7,1771.95,1739.6666666666667,1771.423661770225,36.642857142857146,51.877133105802045,14.700309454256969,15.935646826289323,-1.2353373720323582,1831.0216781367717,1712.8783218632286,1771.95,118.14335627354284,50.62170230214125,58.72091327434244,34.423280357738875,-66.33663366336634,-5.030182244997207,1.216326512555869,68604.45,1284955,72639.55,-6878.0,-9.317005770637476
2020-03-11,1783.4,1778.0,1772.8,1739.8333333333333,1769.5737892206798,37.21428571428572,50.8361204013378,11.368328233233116,15.022183107678083,-3.6538548744449706,1830.0955403794048,1715.5044596205953,1772.8,114.59108075880933,40.01842859746711,52.486751715384,15.08178236163333,-81.18811881188118,-20.99794904992086,0.0,70427.5,1209637,72855.7,1473.0,2.200346558317401
2020-03-12,1766.2,1775.0,1772.4,1739.55,1765.2334283425198,36.07142857142857,37.72241992882562,6.39462980384701,13.296672446911872,-6.902042643064862,1830.9918981286269,1713.8081018713733,1772.4,117.18379625725356,27.5639081505238,44.179137193763935,-5.666549935956482,-97.34513274336284,-69.90511416369264,0.0,73435.8,1120051,72924.2,-4913.0,-7.18096379554789
2020-03-13,1746.2,1772.8,1771.9,1739.4666666666667,1761.5921494527558,36.0,35.185185185185176,2.664300495309817,11.17019805659146,-8.505897561281644,1831.9171905198364,1711.8828094801638,1771.9,120.03438103967255,23.844688767015867,37.40098771818125,-3.267909135314895,-83.59375,-92.05098907357464,0.0,75067.55,1185200,72675.1,-4344.0,-6.840513983371121
2020-03-16,1733.4,1765.8,1769.1,1739.1333333333334,1755.440516171541,36.5,31.20805369127517,-2.681846974288419,8.399789050415487,-11.081636024703906,1837.473278867972,1700.7267211320277,1769.1,136.7465577359444,17.51682954838095,30.772934994914483,-8.995381344686116,-95.13888888888889,-104.60670855741547,0.0,76317.6,1123219,72469.4,1454.0,2.4577417173766047
2020-03-17,1719.8,1758.0,1766.4,1738.95,1750.0652289171087,35.357142857142854,33.92857142857143,-6.680317533383459,5.383767733655698,-12.064085267039156,1841.3944559354372,1691.4055440645627,1766.4,149.98891187087474,14.80987741704144,25.45191580229013,-6.474199353455951,-90.60402684563758,-101.69097279921516,7.214148285576861,77451.1,1173319,71775.7,-3980.0,-6.566139835681528
2020-03-18,1705.6,1744.5,1762.65,1738.15,1743.4875880678603,34.5,36.12167300380228,-11.172790848533168,2.0724560172179243,-13.245246865751092,1846.7784106214056,1678.5215893785944,1762.65,168.25682124281138,11.131113246581087,20.67831495038712,-7.963290161030983,-96.22641509433964,-99.14752945899554,13.029717782569486,78838.65,1129319,70954.3,-1087.0,-1.9193417381784816
2020-03-19,1690.0,1728.1,1757.6,1736.7666666666669,1734.2030558709214,35.642857142857146,32.42320819112628,-17.357232439051813,-1.813481674036024,-15.54375076501579,1856.5106986922503,1658.6893013077497,1757.6,197.82139738450087,11.085663630355976,17.48076451037674,-1.7045381296855524,-89.95215311004785,-116.33899685414086,3.222292812736493,80934.6,1059552,69966.5,-3539.0,-6.371181161898932
2020-03-20,1675.4,1710.8,1750.65,1735.8666666666666,1726.5646695975,35.642857142857146,30.035335689045937,-21.366612802688223,-5.724107899766464,-15.64250490292176,1858.2404026242205,1643.0595973757795,1750.65,215.18080524844072,13.432109086903983,16.13121270255249,8.033901855606977,-86.1244019138756,-90.40049137152349,0.0,78248.65,1101080,68298.35,-2287.0,-4.397400399938467
2020-03-23,1665.4,1699.4,1742.65,1734.5333333333333,1718.987082016786,36.285714285714285,26.78571428571428,-24.82277561975161,-9.543841443763494,-15.278934175988116,1856.2258962567591,1629.074103743241,1742.65,227.1517925135181,13.596089602239788,15.28617166911492,10.215925468489525,-89.47368421052632,-90.6187480564638,0.0,75615.05,1061208,66506.45,-1922.0,-3.8655698799300087
2020-03-24,1656.6,1688.2,1734.95,1733.5333333333333,1712.8930742056637,34.357142857142854,17.670682730923687,-26.60953821865064,-12.956980798740924,-13.652557419909716,1850.4506949170247,1619.4493050829751,1734.95,231.0013898340494,16.31043654642073,15.627593294883525,17.676123049495132,-85.64593301435407,-71.24782785734601,0.0,74056.0,1104287,64470.95,662.0,1.3849662126822704
2020-03-25,1650.6,1678.1,1728.05,1732.45,1706.998495709886,35.0,17.81376518218623,-28.02526916401416,-15.970638471795572,-12.05463069221859,1846.4080206518825,1609.6919793481177,1728.05,236.716041303765,18.898315722305178,16.717834104024078,23.259278958867377,-87.5598086124402,-68.58789084166092,0.2929185832857267,73321.15,1055097,62420.0,-2940.0,-6.066734074823055
2020-03-26,1651.6,1670.8,1722.9,1731.6333333333334,1701.665305642278,34.785714285714285,11.73913043478261,-28.81508378885428,-18.539527535207316,-10.275556253646968,1845.3949408192668,1600.4050591807334,1722.9,244.98988163853343,20.852845402171702,18.09617120340662,26.366193799701875,-86.38743455497382,-60.611978357128045,0.0,70915.7,1055097,61238.85,-855.0,-1.8782539926627264
2020-03-27,1650.6,1663.0,1717.9,1730.7,1696.6495622477753,30.5,16.265060240963848,-29.26505155716086,-20.684632339598025,-8.580419217562834,1844.0192418225488,1591.780758177451,1717.9,252.2384836450983,23.90189693478113,20.03141311386479,31.642864576613825,-85.0,-55.81154081618188,11.275921832176929,68729.9,1024703,60157.1,-4019.0,-8.99789549097748
2020-03-30,1645.4,1655.4,1710.6,1729.15,1689.4448420337014,31.857142857142858,11.170212765957444,-31.51770377954176,-22.85124662758677,-8.666457151954987,1841.5614648022763,1579.6385351977235,1710.6,261.9229296045528,19.26793128985409,19.77691917252789,18.24995552450649,-94.73684210526316,-63.75326777587741,0.0,68797.8,964214,58821.5,-215.0,-0.528944325534475
2020-03-31,1635.8,1646.2,1702.1,1727.4166666666667,1681.592952316206,32.142857142857146,11.229946524064175,-34.04023524973127,-25.089044352015677,-8.951190897715595,1836.926047772286,1567.2739522277138,1702.1,269.65209554457215,16.50382411193525,18.68588748566368,12.139697364478394,-94.54545454545456,-69.27376017992168,0.2249672041963621,68970.8,918379,57705.7,1283.0,3.1732291254451983
2020-04-01,1630.6,1640.6,1692.55,1725.9166666666667,1676.2031473337104,30.714285714285715,22.033898305084747,-34.19275722495422,-26.909786926603385,-7.282970298350836,1820.277464795783,1564.8225352042168,1692.55,255.45492959156627,21.978159164054397,19.78331137846058,26.36785473524202,-80.0,-58.5632140664752,43.53927760368082,63430.15,946944,55455.65,-4302.0,-10.312837108953609
2020-04-02,1626.2,1638.9,1683.5,1724.35,1671.7076094924046,30.928571428571427,22.471910112359552,-33.60350512890409,-28.24853056706353,-5.35497456184056,1801.4643121768977,1565.5356878231023,1683.5,235.92862435379536,28.807357250922102,22.79132666928109,40.83941841420413,-76.51515151515152,-47.66649648224382,45.29473320868167,61840.45,977176,53417.85,-1031.0,-2.755726619089627
2020-04-03,1623.6,1637.1,1673.95,1723.0166666666669,1668.3068847788422,29.0,30.32258064516128,-32.20048989548718,-29.03892243274826,-3.161567462738919,1772.2930622603196,1575.6069377396805,1673.95,196.6861245206392,36.55650300746405,27.379718782008744,54.910071458374674,-64.48598130841121,-40.174894652927485,76.75850510005306,57384.0,998436,51171.45,-2360.0,-6.48672420427684
2020-04-07,1638.4,1641.9,1670.65,1722.7,1670.8490862284762,32.714285714285715,49.0566037735849,-26.02775157989845,-28.4366882621783,2.408936682279851,1760.7803734072295,1580.5196265927707,1670.65,180.2607468144588,53.76494139891543,36.17479298764431,88.94523822145766,-11.818181818181818,11.556017800634372,100.0,51762.55,1050719,49130.2,-1025.0,-3.012756451707721
2020-04-08,1651.8,1643.8,1666.0,1721.8,1671.1491732543354,33.357142857142854,48.372093023255815,-22.57016171349824,-27.26338295244229,4.693221238944052,1743.977054654763,1588.022945345237,1666.0,155.95410930952585,58.87359729624664,43.74106109051175,89.13866970771642,-30.90909090909091,13.896835252037125,98.19325427383338,48809.95,1013103,47299.9,-2659.0,-8.058308331060404
2020-04-09,1662.0,1646.3,1662.2,1720.7,1671.6111567539226,30.5,58.24175824175824,-19.444469804341225,-25.69960032282208,6.255130518480854,1729.1598465696566,1595.2401534303435,1662.2,133.91969313931304,62.885428500528064,50.12251689385052,88.41125171388316,-29.09090909090909,18.986838435209197,100.0,45928.7,1030796,45317.1,-1577.0,-5.198101390994792
2020-04-10,1652.6,1639.4,1655.1,1717.9833333333331,1663.0767608725969,35.785714285714285,36.56716417910449,-24.27255198600642,-25.41419065545895,1.1416386694525291,1724.5365291395517,1585.6634708604483,1655.1,138.87305827910313,45.25695233368538,48.50066204046214,38.76953292013188,-90.0,-113.36397710257908,53.953935772522,42855.5,1002674,44200.3,12407.0,43.13827752859776
2020-04-13,1640.8,1632.2,1647.6,1715.4166666666667,1654.8789741228254,35.285714285714285,36.8421052631579,-28.17748757578965,-25.96685003952509,-2.210637536264564,1716.7402845479314,1578.4597154520684,1647.6,138.28056909586303,32.314158698647404,43.10516092652389,10.732154242894424,-93.57142857142856,-98.95922791364748,54.53802767193659,41215.9,970317,43566.65,5319.0,12.920229304314024
2020-04-14,1615.6,1627.0,1641.2,1712.6,1646.7000242063657,36.642857142857146,33.834586466165405,-31.553975715069328,-27.08427517463394,-4.469700540435387,1714.649158928942,1567.750841071058,1641.2,146.8983178578842,28.69908131698904,38.30313439001228,9.490975170942576,-78.53107344632768,-111.1970007605087,48.14877750691144,39580.85,941037,42876.4,322.0,0.6926667670531517
2020-04-15,1592.0,1621.9,1634.05,1709.1666666666667,1638.0619266629024,35.714285714285715,32.72727272727272,-34.87681997558707,-28.642784134824566,-6.234035840762502,1711.5381315190684,1556.5618684809317,1634.05,154.97626303813695,23.840818806429606,33.48236252881805,4.5577313616527135,-85.87570621468926,-94.8085266902925,45.79637176433401,38436.7,913820,42652.5,5347.0,11.423016941186525
2020-04-16,1568.0,1615.0,1627.8,1705.85,1630.2465050759592,34.785714285714285,32.72727272727272,-37.08273134806586,-30.330773577472826,-6.751957770593037,1709.3987616005145,1546.2012383994856,1627.8,163.19752320102862,20.60197713272332,29.18890073011981,3.428129937930329,-85.87570621468926,-89.67462581135341,45.79637176433401,37364.9,913820,42499.5,331.0,0.6346345578648771
2020-04-17,1561.0,1606.8,1622.85,1702.3333333333333,1622.3182664972965,35.642857142857146,31.91489361702128,-39.10636297780775,-32.085891457539816,-7.020471520267932,1711.5061067448748,1534.193893255125,1622.85,177.3122134897499,16.74783409601517,25.041878518751595,0.1597452505423149,-90.96045197740114,-85.27480468340194,44.0705327207252,35802.3,875305,42790.85,5348.0,10.18918970411722
2020-04-20,1558.8,1599.8,1618.45,1699.15,1616.9546220689824,34.857142857142854,39.92673992673993,-38.73050328056502,-33.41481382214486,-5.31568945842016,1709.3043658250638,1527.5956341749363,1618.45,181.70873165012745,18.06857578787599,22.7174442751264,8.770838813375178,-80.22598870056497,-65.47964398079966,61.04166666666668,36464.5,930077,43244.4,957.0,1.6547073571366866
2020-04-21,1551.8,1583.7,1612.8,1695.6166666666666,1609.0541818719364,35.857142857142854,37.45704467353952,-40.54735960573862,-34.84132297886361,-5.706036626875012,1710.0107856264217,1515.5892143735782,1612.8,194.42157125284348,15.4187330649332,20.28454053839533,5.687118118008939,-91.09947643979058,-75.8999701498133,42.59612801040828,37453.25,870430,43626.4,-3353.0,-5.703156892094164
2020-04-22,1545.0,1568.5,1606.15,1691.8333333333333,1600.7633074079424,35.92857142857143,31.929824561403507,-42.46600932368665,-36.36626024782822,-6.099749075858426,1709.2253939701725,1503.074606029828,1606.15,206.15078794034437,12.876557974024731,17.815213016938465,2.99924788819726,-96.875,-79.06479735727616,26.44102489568761,36925.2,837912,43873.5,-2036.0,-3.6725049153123246
2020-04-23,1542.4,1555.2,1600.75,1688.8833333333334,1595.2620400357575,36.07142857142857,35.76158940397352,-41.810068113262105,-37.455021820915,-4.3550462923471045,1705.2384783373943,1496.2615216626057,1600.75,208.97695667478865,20.27268367099484,18.634369901623923,23.54931120973668,-85.9375,-57.96206295889445,19.48126423134753,36273.6,874070,44339.55,1439.0,2.694605171994091
2020-04-24,1538.2,1549.6,1594.5,1685.7166666666667,1588.6656552704471,37.0,32.37179487179488,-42.17581140294942,-38.39917973732189,-3.7766316656275336,1701.2619092333914,1487.7380907666086,1594.5,213.5238184667828,18.979603321646835,18.749447708298227,19.43991454834405,-94.79166666666669,-58.03952730705908,1.735494375370053,35680.6,845975,45011.9,3271.0,5.964406841471859
2020-04-27,1532.0,1545.4,1588.8,1682.8,1583.5546404827855,33.5,19.465648854961827,-41.26377766805536,-38.97209932346858,-2.2916783445867708,1695.4832004729842,1482.1167995270157,1588.8,213.3664009459685,23.764179992209,20.421025136268483,30.45048970409005,-89.67391304347827,-54.767721145675765,0.0,35629.5,875347,45807.15,-1561.0,-2.686145957014785
2020-04-28,1525.8,1538.8,1582.9,1680.35,1575.8827699606154,33.285714285714285,18.68131868131869,-42.63168539521166,-39.7040165378172,-2.9276688573944583,1694.9993919885906,1470.8006080114096,1582.9,224.1987839771809,16.312270229547785,19.051440167361584,10.833930353920188,-99.4535519125683,-64.56071746307754,0.0,35306.65,821315,47176.95,11276.0,19.93917102843401
2020-04-29,1523.2,1534.1,1578.0,1677.3,1569.5129823453187,33.0,19.855595667870038,-42.73894432224074,-40.31100209470191,-2.4279422275388285,1694.157787422749,1461.842212577251,1578.0,232.31557484549785,14.161231796224344,17.421370710315838,7.640953968041359,-92.3076923076923,-61.01557754862938,5.5272002987675535,34416.0,849337,48234.9,-4954.0,-7.303768355251517
2020-04-30,1518.6,1530.5,1572.75,1674.2666666666669,1564.7974602171932,26.285714285714285,34.02061855670104,-41.45843272008688,-40.54048821977891,-0.9179445003079678,1689.4536282302588,1456.0463717697412,1572.75,233.4072564605176,17.89152542283501,17.57808894782223,18.518398372860567,-80.21978021978022,-48.25197837091156,72.20049768929971,34303.4,875650,49209.85,-5962.0,-9.482456977446962
2020-05-06,1517.2,1527.7,1567.25,1671.1166666666666,1560.4357973393653,26.357142857142858,34.73684210526315,-40.06249419737287,-40.4448894152977,0.3823952179248309,1683.1571770176972,1451.3428229823028,1567.25,231.81435403539444,20.645632333172056,18.600603409605505,24.73569018030516,-77.33333333333333,-39.31512521130414,75.57168784029034,34369.4,844098,50505.1,5375.0,9.444405397807133
2020-05-07,1514.6,1523.3,1561.55,1667.9333333333334,1556.7752452118068,23.928571428571427,37.2972972972973,-38.27294128986296,-40.01049979021075,1.7375585003477951,1674.3935806070149,1448.706419392985,1561.55,225.68716121402983,26.58426770929419,21.261824842835065,37.22915344221244,-71.83098591549296,-35.30929364978372,87.62348555452004,34764.25,873255,52066.9,2971.0,4.76985566811694
2020-05-08,1516.2,1521.0,1552.35,1664.4666666666667,1552.4156980487776,23.642857142857142,37.70491803278689,-37.31220392597516,-39.47084061736364,2.15863669138848,1648.089284133093,1456.6107158669065,1552.35,191.4785682661868,23.492075908760228,22.00524186481012,26.465743996660443,-87.32394366197182,-41.5503923027872,89.54211418880726,33763.4,840989,54132.9,9059.0,13.881822918262898
2020-05-11,1517.2,1520.2,1544.35,1660.7666666666669,1548.7570601393702,23.928571428571427,38.70967741935485,-35.89496292662193,-38.7556650792153,2.860702152593369,1622.3925659833442,1466.3074340166556,1544.35,156.08513196668855,23.824649245295934,22.611710991638724,26.25052575261036,-83.09859154929578,-44.857073293231,94.27141268075644,33432.3,871983,56584.6,5055.0,6.801943027840207
2020-05-12,1521.0,1519.8,1537.5,1657.5,1547.8278163165728,24.428571428571427,48.01980198019802,-32.381227523406324,-37.480777568053504,5.099550044647181,1584.9374934990797,1490.0625065009203,1537.5,94.87498699815932,46.71643283019728,30.646618271158243,78.85606194827537,-47.88732394366197,-16.0855731648972,100.0,36920.75,959445,59552.55,8748.0,11.021518923549856
2020-05-13,1524.4,1520.8,1535.2,1654.2333333333331,1546.7013576197562,23.428571428571427,41.935483870967744,-29.49860032688798,-35.8843421198204,6.385741792932421,1577.7631419497334,1492.6368580502667,1535.2,85.12628389946667,55.78196971288514,39.02506875173387,89.29577163518769,-47.69230769230769,1.8630242283600864,79.2616474163043,39370.85,882321,61855.4,-895.0,-1.015660463004997
2020-05-14,1527.8,1521.2,1533.3,1650.9333333333334,1545.9678949893032,21.214285714285715,51.59235668789809,-26.664649100819588,-34.04040351602024,7.375754415200653,1571.1367685278904,1495.4632314721096,1533.3,75.6735370557808,63.429114560363146,47.15975068794363,95.9678423052022,-28.846153846153847,17.53680045935644,100.0,40080.85,928878,63740.65,-3033.0,-3.477214101461734
2020-05-15,1536.0,1526.1,1532.45,1647.5833333333333,1546.5423811807982,20.857142857142858,59.49367088607595,-23.10340926158301,-31.853004665132797,8.749595403549783,1567.5766880096587,1497.3233119903414,1532.45,70.25337601931733,72.58910667660572,55.63620268416432,106.49491466148852,-9.090909090909092,53.95449364387605,100.0,41314.05,982822,65673.7,1278.0,1.5179589509692226
2020-05-18,1542.4,1529.8,1531.95,1644.1333333333334,1546.490725830246,19.857142857142858,51.04895104895105,-20.528609851792453,-29.58812570246473,9.059515850672271,1565.931264187653,1497.9687358123472,1531.95,67.96252837530574,73.68009410624289,61.65083315819051,97.73861600234764,-24.13793103448276,55.73287506412168,79.30842163970998,42213.15,937623,67213.95,-2509.0,-2.9355329355329363
2020-05-19,1539.8,1530.4,1530.45,1640.3,1544.5392281321272,20.857142857142858,50.0,-19.87281419054011,-27.64506340007981,7.7722492095396944,1562.5582052146624,1498.3417947853377,1530.45,64.2164104293247,62.913166185771125,62.07161083405072,64.59627688921194,-58.62068965517241,2.297863568968358,76.73824130879346,43990.0,879522,68635.75,-2038.0,-2.456575981485276
2020-05-20,1540.2,1532.3,1530.0,1636.8166666666666,1543.9164445004958,20.357142857142858,51.00671140939597,-18.17527839678928,-25.7511063994217,7.57582800263242,1561.375484898774,1498.624515101226,1530.0,62.750969797547896,62.63176596292787,62.25832921034311,63.37863946809739,-37.93103448275862,14.53615430549823,79.20492444517642,43953.05,917298,69889.1,1979.0,2.4455346440443337
2020-05-21,1540.2,1534.0,1528.65,1632.5833333333333,1543.4482116909248,18.785714285714285,65.25423728813558,-16.55840245129457,-23.91256560979628,7.354163158501709,1555.500659111807,1501.7993408881932,1528.65,53.701318223613725,63.01887845804387,62.51184562624336,64.0329441216449,-36.206896551724135,39.26199042173639,100.0,43083.2,954673,71085.0,-192.0,-0.2315987551566922
2020-05-22,1536.2,1536.1,1528.55,1628.0,1542.3579058155988,19.285714285714285,59.663865546218496,-15.661324118485028,-22.26231731153403,6.600993193049003,1555.331572612163,1501.768427387837,1528.55,53.56314522432604,56.2982999244102,60.44066372563231,48.013572321966,-48.27586206896552,-0.9726924073238228,82.10142798378097,42503.6,906618,72230.5,-4361.0,-5.272639342280261
2020-05-25,1536.0,1539.2,1529.7,1623.6,1542.6095338331609,19.714285714285715,60.3305785123967,-13.742971303679724,-20.55844810996317,6.815476806283446,1557.2612237143635,1502.1387762856366,1529.7,55.1224474287269,59.75442217182902,60.211916541031215,58.83943343342463,-25.86206896551724,47.389718573664695,83.86605820636278,43380.9,956682,73749.1,5426.0,6.925423425953103
2020-05-26,1537.4,1538.6,1529.2,1619.3333333333333,1541.6943401347646,19.785714285714285,55.30303030303031,-13.040638228790383,-19.054886133728616,6.01424790493823,1556.1002054384942,1502.299794561506,1529.2,53.80041087698828,53.169614781219344,57.86448262109393,43.779879101470186,-46.55172413793103,39.586908295905296,64.40523537852725,43706.35,914015,75056.15,-2792.0,-3.3327364965681894
2020-05-27,1537.8,1539.0,1529.9,1615.7666666666669,1541.5329744076444,19.785714285714285,56.61764705882353,-11.783361452409508,-17.600581197464795,5.817219745055287,1557.1755915561598,1502.6244084438404,1529.9,54.55118311231945,53.96492837266474,56.56463120495087,48.76552270809248,-34.48275862068966,37.92469464187923,68.65044050903268,43893.9,945861,76150.85,-976.0,-1.2051912129706244
2020-05-28,1537.4,1538.8,1530.0,1612.2333333333331,1541.1012625592973,19.785714285714285,60.15625,-10.903348462909662,-16.261134650553768,5.3577861876441055,1557.368825907966,1502.631174092034,1530.0,54.73765181593217,52.27291521140612,55.134059207102624,46.550627220013126,-39.6551724137931,32.046464597712976,80.79460607621012,44062.65,913114,77310.65,-259.0,-0.3237216743534943
2020-05-29,1537.6,1536.9,1531.5,1608.3333333333333,1540.329713744126,20.357142857142858,57.36434108527132,-10.408713232243144,-15.090650366891644,4.6819371346485,1555.7487113059972,1507.2512886940028,1531.5,48.49742261199435,49.84861014093741,53.37224285171422,42.80134471938379,-55.10204081632653,17.764379026622898,66.16501722148007,43947.85,861378,77816.9,-1795.0,-2.250840146461353
2020-06-01,1536.0,1536.0,1532.9,1604.3333333333333,1540.0125981494473,18.857142857142858,49.07407407407408,-9.583472373660925,-13.9892147682455,4.405742394584577,1554.798329664768,1511.001670335232,1532.9,43.79665932953594,49.89907342729161,52.21451971024002,45.26818086139478,-51.11111111111112,25.303798661016188,30.613086709218024,44106.7,892577,78577.1,125.0,0.160353033237981
2020-06-02,1537.2,1537.3,1533.85,1599.7166666666667,1539.916160230452,17.857142857142858,51.4018691588785,-8.668158625499245,-12.92500353969625,4.256844914197005,1555.028688394394,1512.6713116056058,1533.85,42.35737678878832,51.8934999319199,52.10751311746665,51.46547356082638,-46.66666666666666,15.41365787536948,14.38672190142947,44008.4,916924,79639.95,91.0,0.1165501165501181
2020-06-03,1541.6,1539.7,1536.0,1595.5833333333333,1542.0193830656472,18.357142857142858,59.055118110236215,-6.0174922002954645,-11.543501271816094,5.52600907152063,1559.4408550230596,1512.5591449769404,1536.0,46.88171004611922,65.70677773239105,56.640601322441455,83.83913055229021,-6.0,92.6906047134878,61.6869181362029,45737.85,983065,81073.6,12791.0,16.36326420959715
2020-06-04,1545.2,1541.3,1537.65,1591.05,1543.2556322974904,18.857142857142858,51.2396694214876,-4.430588394790675,-10.12091869641101,5.690330301620335,1561.5821409076293,1513.7178590923709,1537.65,47.86428181525844,62.75876685427377,58.67998983305223,70.91632089671687,-35.483870967741936,99.55853377660674,13.384261448805985,47975.25,909160,82212.7,-2920.0,-3.2102022867194324
2020-06-05,1550.4,1544.0,1540.05,1587.6833333333334,1544.7550958882057,18.5,55.46218487394958,-2.8177083375458096,-8.66027662463797,5.84256828709216,1562.2971760479124,1517.8028239520877,1540.05,44.49435209582498,63.40780535382957,60.25592833997801,69.71155938153268,-29.032258064516128,87.12563319747366,39.48112707740713,48170.4,945329,82943.45,892.0,1.0131758291685555
2020-06-08,1555.6,1545.8,1542.5,1584.2833333333333,1546.4927058036146,16.428571428571427,67.96116504854369,-1.202856915629809,-7.168792682836338,5.965935767206529,1563.4209036737866,1521.5790963262134,1542.5,41.8418073475732,66.4548767718341,62.32224448393004,74.72014134764218,-24.56140350877193,104.10141461802316,100.0,48533.9,983593,83502.0,1611.0,1.811496424234238
2020-06-09,1555.0,1546.1,1542.35,1580.6833333333334,1545.493400488985,17.428571428571427,49.15254237288136,-2.0777983153750483,-6.150593809344081,4.072795493969033,1563.4190593800347,1521.2809406199651,1542.35,42.13811876006957,50.83919889364103,58.494562620500375,35.52847143992236,-71.9298245614035,9.191763092378302,0.4154599504674847,47354.1,919727,83945.95,6456.0,7.130313773566144
2020-06-10,1549.8,1545.7,1542.35,1577.55,1544.5892671090812,17.357142857142858,48.71794871794872,-2.739615100755145,-5.468398067626294,2.728782966871149,1563.4190593800347,1521.2809406199651,1542.35,42.13811876006957,40.42874697484566,52.4726240719488,16.340992780639368,-71.9298245614035,-39.6499213621461,0.0,44642.55,919727,84309.25,-2508.0,-2.585593665914077
2020-06-11,1543.2,1544.2,1541.5,1574.1333333333334,1542.4379083367878,17.285714285714285,45.96774193548387,-4.343720957098412,-5.243462645520718,0.8997416884223055,1564.4278043110949,1518.5721956889051,1541.5,45.85560862218972,28.1220886265053,44.35577892346763,-4.345291967419371,-96.49122807017544,-74.38127976839561,0.0,44683.0,872361,84726.2,-1960.0,-2.0742716237525216
2020-06-12,1536.2,1543.3,1540.1,1571.25,1540.6819170666174,17.357142857142858,40.70796460176991,-5.391453796602718,-5.273060875737118,-0.1183929208656007,1563.736724325584,1516.463275674416,1540.1,47.27344865116811,25.313715649993437,38.00842449897623,-0.0757020479721717,-80.3030303030303,-82.18569838300485,0.0,44287.05,918386,85302.75,4470.0,4.830813457111671
2020-06-15,1528.6,1542.1,1539.05,1568.35,1539.188401155511,16.5,46.07843137254902,-6.071113955227702,-5.432671491635235,-0.638442463592467,1563.4370112107044,1514.6629887892957,1539.05,48.77402242140897,23.946517504036027,33.3211221673295,5.197308177449088,-78.78787878787878,-68.05315494541826,19.705820537546675,43249.6,942836,86035.15,608.0,0.6267976618797855
2020-06-16,1528.6,1541.8,1539.55,1565.9333333333334,1538.8847439026051,16.5,48.11320754716981,-5.656931869190203,-5.477523567146228,-0.1794083020439743,1563.2096480821244,1515.8903519178757,1539.55,47.31929616424896,28.590607628953308,31.74428398787077,22.283254911118384,-62.121212121212125,-30.978792785775333,27.172012182064755,41837.75,972700,86691.9,-3551.0,-3.637984202276434
2020-06-17,1526.4,1538.1,1538.9,1563.9166666666667,1537.5623873404522,16.642857142857142,44.73684210526316,-6.145456652275698,-5.611110184172123,-0.5343464681035748,1563.436975320856,1514.3630246791442,1538.9,49.07395064171169,26.970009605742884,30.152859193828142,20.604310429572365,-78.78787878787878,-47.96728499222925,14.783135328864413,41309.2,945495,87168.55,-1623.0,-1.7255310553062952
2020-06-18,1526.8,1535.0,1538.15,1561.75,1536.2707314032664,15.5,45.94594594594595,-6.5379423751799095,-5.796476622373681,-0.7414657528062287,1563.5750187600506,1512.7249812399496,1538.15,50.85003752010107,25.32463917219017,28.543452519948826,18.88701247667288,-80.3030303030303,-59.87092089670999,19.21969258034834,40716.65,919971,87773.15,2367.0,2.560718342619128
2020-06-19,1527.0,1531.6,1537.8,1559.7166666666667,1535.197328412479,15.285714285714286,44.44444444444444,-6.691166888849239,-5.975414675668793,-0.7157522131804459,1563.7684018518353,1511.8315981481646,1537.8,51.93680370367065,25.52506809010209,27.53732437666658,21.500555516973115,-78.78787878787878,-51.94285200725837,13.710242398766963,39544.05,944574,88555.15,-813.0,-0.8575768443703669
2020-06-22,1525.4,1527.0,1536.4,1557.4166666666667,1533.4642495160524,15.5,40.35087719298246,-7.373138608802719,-6.254959462295578,-1.1181791465071411,1563.7180102535324,1509.0819897464678,1536.4,54.636020507064586,23.91326378420599,26.32930417917972,19.081182994258533,-90.9090909090909,-64.04047379753455,0.0,38575.05,913890,89273.2,4147.0,4.41221845109534
2020-06-23,1520.8,1524.7,1535.4,1555.1166666666666,1531.5152733716664,14.214285714285714,24.210526315789465,-8.142510883879822,-6.632469746612427,-1.510041137267395,1564.638763023758,1506.1612369762422,1535.4,58.47752604751577,18.411311658606465,23.68997333898864,7.853988297842122,-96.96969696969695,-76.06925372832774,0.0,37752.65,887671,90306.2,3507.0,3.573612130105164
2020-06-24,1517.0,1521.7,1533.7,1552.7,1529.0852473362695,14.071428571428571,24.210526315789465,-9.210907841460084,-7.14815736558196,-2.0627504758781248,1565.6413937012856,1501.7586062987143,1533.7,63.88278740257101,22.64457814277468,23.341508273583983,21.25071788115608,-82.05128205128206,-93.73951370593844,0.0,38690.0,837078,91424.05,721.0,0.7093454541877042
2020-06-29,1517.4,1522.1,1533.15,1550.65,1528.7914142566246,14.785714285714286,35.13513513513513,-8.347561778692807,-7.388038248204129,-0.9595235304886778,1565.2306549349328,1501.0693450650674,1533.15,64.16130986986536,40.28157061370163,28.988195720289863,62.86832040052517,-56.41025641025641,-39.94094349974968,24.970169889581243,39582.55,887676,92181.45,-7468.0,-7.2955335860263375
2020-06-30,1513.6,1520.3,1531.8,1548.7333333333331,1526.6208033750413,15.714285714285714,27.55905511811024,-9.171463732038092,-7.744723344970922,-1.42674038706717,1566.1026775079165,1497.4973224920834,1531.8,68.60535501583308,37.2247507795048,31.733714073361508,48.20682419179136,-80.82191780821918,-56.64825215965992,13.425253173825409,39233.55,842920,93145.45,2337.0,2.4626960040465384
2020-07-01,1511.6,1518.5,1530.3,1547.0666666666666,1524.7521554345612,14.142857142857142,35.64356435643565,-9.63268077546195,-8.122314831069128,-1.510365944392822,1566.2303419644986,1494.3696580355013,1530.3,71.86068392899733,35.92761163078097,33.13167992583466,41.5194750406736,-68.75,-67.15180174959025,46.65132812840759,38930.65,868061,94173.3,1402.0,1.441897298242356
2020-07-02,1511.6,1516.2,1529.0,1545.2,1523.6329025360317,14.285714285714286,39.25233644859813,-9.405626541387392,-8.378977173132782,-1.0266493682546098,1565.4821513677944,1492.5178486322056,1529.0,72.96430273558872,42.87066000610624,36.378006619258514,55.85596677980169,-54.34782608695652,-54.20532151128314,62.92938431133495,39352.0,900835,95168.9,-554.0,-0.5616667511532447
2020-07-03,1516.6,1516.8,1527.45,1543.5666666666666,1524.3345308659334,14.357142857142858,54.054054054054056,-7.684650984304653,-8.240111935367157,0.5554609510625035,1560.501634245789,1494.398365754211,1527.45,66.10326849157809,61.08044000407082,44.61215108086262,94.01701785048724,-13.333333333333334,-6.397499317112329,100.0,38814.9,956234,94969.3,-11113.0,-11.33043097032045
2020-07-06,1519.2,1518.3,1526.65,1541.95,1525.7312422120349,13.857142857142858,56.41025641025641,-5.610557303008363,-7.714201008895398,2.103643705887035,1557.6017451255568,1495.6982548744434,1526.65,61.90349025111345,73.3591822249361,54.19449479555378,111.68855708370076,-2.083333333333333,25.68589250393775,100.0,36711.9,988079,94814.8,-2018.0,-2.320393708030544
2020-07-07,1524.0,1518.8,1525.2,1539.2,1526.1377905727936,14.5,52.0,-4.639565874037999,-7.099273981923918,2.45970810788592,1552.2407100498792,1498.1592899501209,1525.2,54.08142009975836,72.80549255247313,60.398160714526895,97.62015622836556,-28.30188679245283,29.218100282027244,86.30343671416597,36077.25,964603,94458.0,-3154.0,-3.712772218952321
2020-07-08,1531.6,1521.6,1524.3,1537.05,1527.9341914706229,15.357142857142858,53.48837209302327,-2.6293638613231,-6.205291957803755,3.575928096480656,1546.8724564342326,1501.7275435657673,1524.3,45.144912868465326,77.03161869089607,65.94264670664995,99.2095626593883,-14.516129032258064,85.06844419752521,90.92574903994236,35988.85,1001099,94002.6,-361.0,-0.4413418749083075
2020-07-09,1538.4,1525.0,1524.85,1534.9,1529.7499827591348,15.214285714285714,59.16666666666666,-0.8649108443944442,-5.137215735121893,4.272304890727449,1549.096757786548,1500.6032422134515,1524.85,48.49351557309637,80.20056630675123,70.69528657335039,99.21112577355292,-11.290322580645162,99.1591329841646,100.0,34041.4,1026016,92893.75,-6613.0,-8.120586971204025
2020-07-10,1541.0,1528.8,1525.25,1534.2666666666669,1531.1071272582649,15.928571428571429,58.19672131147541,0.2880356599728202,-4.052165456102951,4.340201116075772,1550.5138706040143,1499.9861293959857,1525.25,50.5277412080286,78.02844771327275,73.13967361999119,87.80599589983589,-22.388059701492537,92.83603073491813,97.22525042680545,34504.25,993866,91637.1,-5464.0,-7.302664991580022
2020-07-13,1542.6,1530.9,1526.5,1533.7666666666669,1532.620734186049,16.142857142857142,58.87096774193549,1.4273751074404115,-2.956257343394279,4.383632450834691,1553.5009746413084,1499.4990253586916,1526.5,54.001949282616806,78.33475461586605,74.87136728528282,85.26152927703251,-17.91044776119403,82.69438958589059,99.15408588659086,32917.3,1009493,90417.9,-1211.0,-1.7460134375270386
2020-07-14,1545.0,1534.5,1527.4,1533.3166666666666,1533.5139975969016,17.142857142857142,60.3305785123967,1.9048931918387095,-1.9840272363476807,3.888920428186391,1555.2371202382633,1499.562879761737,1527.4,55.67424047652639,74.44539196613292,74.72937551223285,73.87742487393305,-28.571428571428573,67.2766701699479,100.0,32502.65,971761,88895.85,-1587.0,-2.3287892350360218
2020-07-15,1543.4,1537.5,1528.0,1533.0,1533.845997825768,17.428571428571427,59.83606557377049,1.85844846375403,-1.215532096327339,3.073980560081369,1556.1350128375666,1499.8649871624334,1528.0,56.27002567513318,65.2330981901879,71.56394973821787,52.57139509412798,-35.714285714285715,43.3663400736506,98.6309185381724,32226.0,952844,87295.15,-965.0,-1.449819711538458
2020-07-16,1542.0,1540.2,1528.2,1532.7333333333331,1534.4320932709331,16.642857142857142,64.40677966101694,2.0401974834735483,-0.5643861803671617,2.6045836638407103,1556.6297842338026,1499.7702157661977,1528.2,56.85956846760519,56.45169508975489,66.52653152206355,36.30202222513759,-36.66666666666666,40.1821720487462,100.0,31704.4,972276,85764.15,-2157.0,-3.2883603933226646
2020-07-17,1538.8,1539.9,1528.35,1532.4166666666667,1533.8195129594155,16.857142857142858,50.909090909090914,1.2020783680577551,-0.2110932706821783,1.4131716387399336,1556.7403245194098,1499.95967548059,1528.35,56.780649038819774,41.14323532299449,58.065432789040536,7.298840390902413,-56.66666666666666,16.37799952612459,63.36900332554084,31964.8,939863,83996.75,-6351.0,-10.0113496642391
2020-07-20,1537.0,1539.8,1529.05,1531.95,1534.2176545823286,16.785714285714285,66.0,1.3294542364008066,0.0970162307344186,1.232438005666388,1557.6781054394844,1500.4218945605155,1529.05,57.256210878968886,42.15750571920563,52.7627904324289,20.94693629275909,-40.0,11.419065430366285,100.0,31991.8,965927,82086.9,-482.0,-0.8443253280081331
2020-07-21,1537.6,1541.3,1530.05,1532.1333333333334,1535.2445446221068,17.571428571428573,67.9245283018868,1.97250422742286,0.4721138300721069,1.500390397350753,1559.468755206438,1500.6312447935618,1530.05,58.83751041287633,48.26004257249368,51.26187447911716,42.25637875924672,-28.33333333333333,52.78963589351008,100.0,32431.5,999324,79986.75,-4619.0,-8.160056532108474
2020-07-22,1552.4,1547.9,1534.75,1533.6166666666666,1542.4593498961915,21.428571428571427,79.51807228915663,7.718796907255864,1.9214504455088584,5.797346461747006,1580.7517162151414,1488.7482837848586,1534.75,92.00343243028284,65.5066950483291,56.01014800218781,84.4997891406117,-0.0,139.9736619458884,100.0,36455.3,1110484,77962.1,5657.0,10.881775862732267
2020-07-23,1570.6,1556.3,1540.65,1535.0833333333333,1550.891792763221,24.0,79.76190476190476,13.728356164592242,4.282831589325536,9.445524575266706,1602.4587883378326,1478.8412116621676,1540.65,123.61757667566508,69.0679554290448,60.36275047780681,86.47836533152079,-23.80952380952381,161.70078694964948,100.0,42257.5,1252747,75304.2,-9158.0,-15.88744513644328
2020-07-24,1593.0,1565.9,1547.35,1536.9833333333331,1559.3782886905333,26.0,79.88165680473372,18.99820052672635,7.225905376805699,11.772295149920652,1621.2183751148398,1473.48162488516,1547.35,147.73675022967973,73.4829453427192,64.73614876611094,90.97653849593571,-17.687074829931973,131.07076266242944,100.0,45124.35,1360677,72687.15,1538.0,3.172115087140348
2020-07-27,1610.2,1573.6,1552.25,1538.4666666666667,1565.532737386673,26.714285714285715,76.70454545454545,21.634138981085243,10.107552097661609,11.526586883423636,1632.850052239772,1471.649947760228,1552.25,161.20010447954428,72.79815403800328,67.42348385674171,83.5474944005264,-28.571428571428573,98.2235862007255,89.03406981062014,44592.85,1320709,70430.75,-255.0,-0.5097655078663776
2020-07-28,1614.2,1575.9,1555.2,1539.5,1565.4820004927042,29.214285714285715,54.54545454545455,18.746237325884067,11.8352891433061,6.910948182577968,1632.9407296893523,1477.4592703106478,1555.2,155.4814593787046,58.96294169426976,64.60330313591773,47.68221881097381,-68.70748299319727,30.309197428284897,12.55105829929446,46442.95,1238951,67659.8,-7954.0,-15.982157209451852
2020-07-29,1617.8,1585.1,1561.3,1541.5,1571.5313337791133,33.214285714285715,64.53900709219857,21.37541708518916,13.743314731682712,7.632102353506443,1642.1978563244788,1480.402143675521,1561.3,161.79571264895776,64.2519384537762,64.48618157520389,63.78345221092084,-25.170068027210885,72.8607410023497,47.04421497288739,51382.45,1362882,64376.3,-8849.0,-21.16276845075812
2020-07-30,1616.8,1593.7,1566.95,1543.2666666666669,1576.7188258001502,33.642857142857146,64.53900709219857,22.95240502099591,15.585132789545357,7.367272231450556,1649.4133251815692,1484.4866748184309,1566.95,164.92665036313838,67.09766418460364,65.35667577833713,70.57964099713666,-27.21088435374149,71.46293802999577,47.04421497288739,51729.9,1323159,61132.85,247.0,0.7492795389048901
2020-07-31,1620.8,1606.9,1573.4,1545.6166666666666,1584.6503662001355,35.714285714285715,68.05111821086263,26.63862172259951,17.795830576156185,8.842791146443325,1663.8198394624887,1482.9801605375114,1573.4,180.8396789249773,76.50260945640242,69.0719870043589,91.36385436048948,-4.081632653061225,90.90784884978486,59.16641060897442,52729.9,1398558,58520.0,1499.0,4.513428881127313
2020-08-03,1639.6,1624.9,1582.35,1548.8833333333334,1597.3503313239326,38.0,74.04371584699453,33.84988983100584,21.00664242712612,12.843247403879722,1691.8546742573649,1472.845325742635,1582.35,219.00934851472996,84.33507297093496,74.15968232655092,104.68585425970304,-0.0,123.21697701825256,79.85010724018352,54726.65,1470338,56276.05,5360.0,15.441790786782295
2020-08-04,1680.4,1647.3,1594.3,1553.1833333333334,1613.6979188168912,44.642857142857146,78.15533980582524,43.18236610020176,25.44178716174125,17.740578938460516,1729.0123250720465,1459.5876749279537,1594.3,269.424650144093,82.57997112791013,76.96644526033732,93.80702286305572,-17.763157894736842,136.82572277384307,94.04154604350003,65800.55,1715292,53813.85,-7519.0,-18.764193556437327
2020-08-05,1708.6,1663.2,1605.55,1557.45,1628.5838313105205,48.35714285714285,78.04878048780488,50.08180060056657,30.36978984950631,19.71201075106025,1759.179047417886,1451.9209525821138,1605.55,307.2580948357722,81.53910219896851,78.49066423988106,87.6359781171434,-17.43421052631579,105.4946261102262,93.67375218497824,70960.35,1854984,51224.8,-2898.0,-8.90267879085771
2020-08-06,1736.6,1676.7,1616.5,1561.2333333333331,1641.671085471423,48.42857142857143,79.60199004975124,54.59751936181442,35.215335751967935,19.38218360984649,1783.218798864248,1449.781201135752,1616.5,333.4375977284958,80.32839371404103,79.1032407312677,82.77869967958767,-18.75,91.23061134098737,98.89617728765936,73005.25,1789169,48795.35,-3421.0,-11.536386322249948
2020-08-07,1766.2,1693.5,1629.7,1565.7666666666669,1657.511934474145,51.285714285714285,81.10599078341014,60.86370905382569,40.34501041233949,20.5186986414862,1813.2086115862585,1446.1913884137416,1629.7,367.0172231725169,84.82639375015863,81.01095840423135,92.4572644420132,-5.594405594405594,93.31180343692334,100.0,77544.5,1912104,46707.2,1362.0,5.1919338238097135
2020-08-10,1768.2,1703.9,1638.75,1568.9166666666667,1664.2250835718455,55.642857142857146,68.04733727810651,58.69774702843483,44.01555773555856,14.682189292876274,1822.93740456394,1454.5625954360603,1638.75,368.3748091278794,75.72497046470752,79.24896242439007,68.67698654534243,-34.65703971119134,59.48487443855437,50.83437552498461,80445.4,1838459,44617.7,-1238.0,-4.4863199855046165
2020-08-11,1759.8,1720.1,1648.0,1571.8333333333333,1670.2036470411936,54.57142857142857,63.12217194570135,56.25207595978464,46.46286138040377,9.78921457938086,1830.3010812105256,1465.6989187894744,1648.0,364.6021624210512,68.41982157964628,75.63924880947548,53.980967119987895,-37.45173745173745,46.92658805288051,32.29120573247497,82246.05,1764714,42046.4,-11223.0,-42.58071859468073
2020-08-12,1741.8,1725.2,1655.15,1574.0666666666666,1671.1366330372705,55.85714285714285,55.223880597014926,49.94561485517488,47.15941207535799,2.7862027798168896,1830.1931826420955,1480.106817357905,1655.15,350.0863652841904,53.5497223229388,68.27607331396325,24.097020340889884,-55.5984555984556,14.783113073205756,2.554263383398462,86076.85,1669181,40753.85,24610.0,162.61398176291792
2020-08-13,1725.2,1730.9,1662.3,1576.6833333333334,1672.2664775099113,56.07142857142857,54.64362850971923,44.67479074352718,46.66248780899183,-1.987697065464644,1829.0233447487503,1495.5766552512496,1662.3,333.4466894975008,41.38608939176313,59.31274533989655,5.532777495496276,-54.44015444015444,13.185405616808032,0.3696234269712851,88722.5,1741526,39662.4,1865.0,4.69253220611916
2020-08-14,1694.8,1730.5,1668.7,1578.65,1670.717289175634,57.57142857142857,53.375527426160346,37.88226711481707,44.90644367015688,-7.024176555339807,1823.0872097238496,1514.3127902761505,1668.7,308.7744194476991,31.604687866760063,50.07672618218439,-5.339388764088582,-64.86486486486487,-9.33921383049075,0.0,91886.25,1645838,38813.9,-1492.0,-3.585762695570671
2020-08-17,1675.6,1721.9,1673.4,1580.2,1667.029928301764,56.142857142857146,57.63097949886105,30.21425268075859,41.96800547227722,-11.753752791518629,1816.332299027418,1530.4677009725822,1673.4,285.8645980548358,23.485250848371447,41.21290107091341,-11.970049596712483,-84.95575221238938,-29.97605720254156,15.34576619899202,93437.95,1588740,38192.2,4054.0,10.105441583368656
2020-08-18,1665.0,1712.4,1679.85,1582.5666666666666,1667.693744653977,54.42857142857143,55.39568345323742,27.212654446886745,39.01693526719913,-11.804280820312384,1809.401899780907,1550.2981002190932,1679.85,259.1037995618135,24.835577860266955,35.75379333403126,2.999146912738354,-71.42857142857143,-14.152426331725025,7.284970326862304,95288.3,1659144,37900.25,1976.0,4.47352335242579
2020-08-19,1657.0,1699.4,1681.3,1584.15,1665.0562451631222,56.785714285714285,51.5625,21.838608486481007,35.58126991105551,-13.7426614245745,1808.229901914403,1554.370098085597,1681.3,253.859803828806,20.26075561054834,30.58944742620362,-0.3966280207622219,-88.88888888888889,-19.799525585971637,0.0,95322.35,1547303,37357.1,633.0,1.3717034693479624
2020-08-20,1652.4,1688.8,1682.75,1586.2666666666669,1664.5746980047295,56.92857142857143,50.0,18.974742181473857,32.25996436513918,-13.285222183665326,1807.9107387574704,1557.5892612425298,1682.75,250.3214775149404,21.792334183525483,27.65707634531091,10.062849859954632,-79.22705314009661,-25.742331264567824,0.0,92383.05,1630780,37126.05,-2916.0,-6.233433091064555
2020-08-21,1649.4,1672.1,1682.8,1587.95,1662.3294886709457,55.42857142857143,40.25316455696203,14.999066390582584,28.807784770227865,-13.80871837964528,1807.8896099854649,1557.710390014535,1682.8,250.1792199709298,19.970399659765288,25.09485078346237,9.721497412371122,-88.40579710144928,-27.566918626699717,0.0,91425.45,1542002,37014.0,3918.0,8.932153930330111
2020-08-24,1652.8,1664.2,1684.05,1589.8166666666666,1661.060013559427,49.92857142857143,32.95454545454545,12.351467792128233,25.51652137460794,-13.165053582479707,1807.1494035643336,1560.9505964356665,1684.05,246.1988071286673,24.541669948615453,24.91045717184673,23.804095502152904,-84.54106280193237,-30.969384343899677,0.0,92010.55,1593672,36921.65,139.0,0.2909045247164288
2020-08-25,1649.0,1657.0,1688.55,1591.85,1660.4828694109103,48.42857142857143,33.89355742296918,10.615013416790816,22.536219783044515,-11.9212063662537,1799.2843430776647,1577.8156569223352,1688.55,221.4686861553296,30.129229241105957,26.65004786159981,37.087592000118256,-81.64251207729468,-25.65926772127532,1.9501220825469825,93927.7,1713773,37451.25,4485.0,9.359153606978143
2020-08-26,1658.6,1657.8,1691.5,1594.3666666666666,1663.1035485146333,49.142857142857146,39.89637305699482,11.766053283215342,20.38218648307868,-8.616133199863338,1798.6398495818476,1584.3601504181524,1691.5,214.2796991636951,50.04395873457696,34.448018152592184,81.23583989854652,-65.70048309178743,-12.723273870206832,14.416654692373363,94145.05,1842051,39130.9,14152.0,27.00454146471778
2020-08-27,1662.8,1657.6,1694.25,1596.7333333333331,1664.8079724656209,47.142857142857146,31.9088319088319,11.97537450866821,18.700824088196587,-6.725449579528377,1797.046426315109,1591.453573684891,1694.25,205.59285263021863,57.88371195331951,42.25991608616796,89.1313036876226,-63.005780346820806,-10.32254671092893,0.0,99017.35,1704882,40978.1,3598.0,5.405811472700495
2020-08-28,1674.6,1662.0,1696.25,1599.0333333333333,1668.1595941355615,43.285714285714285,45.17241379310345,13.518570631075136,17.664373396772298,-4.145802765697162,1797.7894660114705,1594.7105339885295,1696.25,203.0789320229405,68.96888813765604,51.16290676999731,104.58085087297349,-43.53741496598639,-0.7760672780974042,42.49331173339508,100495.1,1809836,42724.7,-513.0,-0.7312275500313548
2020-08-31,1671.6,1662.2,1692.05,1600.35,1664.9062994559845,45.5,36.901408450704224,9.308612372208245,15.993221191859488,-6.684608819651244,1796.70275916095,1587.3972408390498,1692.05,209.3055183219003,48.41828314868126,50.24803222955863,44.758784986926514,-82.10526315789474,-36.567973843461,19.40964114445728,107103.65,1605885,44813.1,12196.0,17.51216920580676
2020-09-01,1667.6,1658.3,1685.35,1601.6166666666666,1662.0580804601764,42.0,42.71844660194175,5.983903054039274,13.991357564295448,-8.007454510256172,1786.353960318395,1584.346039681605,1685.35,202.00792063679,36.87655658187946,45.79087368033224,19.0479223849739,-80.64516129032258,-53.85810197196204,42.02454190605785,101075.9,1730284,46940.05,-6748.0,-8.245457544691403
2020-09-02,1657.6,1658.1,1678.75,1602.8666666666666,1659.7668347020644,40.5,42.71844660194175,3.550197428077354,11.90312553705183,-8.352928108974476,1773.5225809781666,1583.9774190218334,1678.75,189.54516195633323,30.33149749136792,40.6377482840108,9.718995906082156,-77.41935483870968,-46.61334546314126,42.02454190605785,98038.2,1809222,49112.2,-1994.0,-2.655444727064493
2020-09-03,1642.8,1652.8,1670.8,1604.05,1654.7414218732963,40.21428571428572,42.17252396166134,-0.8699445572553941,9.348511518190383,-10.21845607544578,1761.3366456774622,1580.2633543225377,1670.8,181.07329135492452,20.54151114809144,33.93900257203769,-6.253471699801061,-99.03846153846152,-60.188908352882656,39.90215831281532,100649.5,1691181,51085.3,-7402.0,-10.1262705719797
2020-09-04,1625.4,1650.0,1661.05,1605.3333333333333,1650.766048361554,39.642857142857146,46.77966101694916,-3.844472385567542,6.7099147374388,-10.554387123006345,1728.407569027269,1593.692430972731,1661.05,134.71513805453787,20.305911013328178,29.39463871913452,2.128455601715501,-80.16528925619835,-81.90880912114616,63.31554946818507,99773.75,1796601,52724.7,-5312.0,-8.085851282441581
2020-09-07,1625.4,1648.5,1656.35,1607.2,1649.1692818509298,38.785714285714285,42.7007299270073,-4.455917579993411,4.476748273952358,-8.93266585394577,1716.801894750682,1595.8981052493175,1656.35,120.90378950136436,25.93396822376148,28.241081887343505,21.31974089659744,-62.8099173553719,-48.89737993181807,54.9103504145622,101191.6,1898603,54485.85,1197.0,1.9823460245433244
2020-09-08,1623.6,1645.6,1651.3,1608.9,1646.962683579413,35.857142857142854,47.17741935483871,-5.5223670334039525,2.4769252124810963,-7.999292245885049,1703.1666305867393,1599.4333694132606,1651.3,103.7332611734787,27.48214961473906,27.988104463142022,26.470239917933142,-69.42148760330579,-47.8567718176493,84.3980187960376,100605.55,1836579,56761.15,-940.0,-1.526469632997729
2020-09-09,1623.4,1640.5,1649.15,1610.7666666666669,1646.0138565718496,36.285714285714285,45.18828451882845,-5.417478519313818,0.8980444661221136,-6.315522985435932,1699.5516499312248,1598.7483500687754,1649.15,100.80329986244942,31.54457357236048,29.17359416621484,36.28653238465175,-60.33057851239669,-28.111444306121093,86.97237158941985,104619.45,2012390,57538.95,-5340.0,-8.806068601583117
2020-09-10,1630.8,1636.8,1647.2,1612.5666666666666,1645.8220607078638,35.142857142857146,50.66079295154185,-4.715158703211273,-0.2245961677445636,-4.49056253546671,1695.040084492095,1599.359915507905,1647.2,95.68016898419,36.18123086642213,31.509473066283935,45.52474646669852,-54.54545454545455,-14.987309800289813,100.0,105264.3,2097632,58180.55,-859.0,-1.5533453887884296
2020-09-11,1635.2,1630.3,1646.15,1614.4,1644.791388259496,35.0,46.92982456140351,-4.829122850672775,-1.145501504330206,-3.683621346342569,1694.0985469841894,1598.2014530158108,1646.15,95.8970939683786,45.12538678766042,36.04811097340943,63.27993841616238,-61.98347107438016,-33.64782191445339,80.10358286453031,104623.45,2014761,58612.85,-5678.0,-10.42963942616778
2020-09-14,1640.8,1633.1,1647.65,1616.7,1646.4303036633537,34.642857142857146,51.40562248995984,-2.709532107508039,-1.4583076249657725,-1.2512244825422667,1695.611717189752,1599.6882828102482,1647.65,95.92343437950376,59.051845160027575,43.71602236894881,89.7234907421851,-39.66942148760331,21.266376458061472,100.0,108779.0,2154970,58843.95,30.0,0.0615220556569484
2020-09-15,1648.4,1636.0,1647.15,1619.0166666666669,1648.1036080763674,33.92857142857143,44.49541284403671,-0.8584620710398667,-1.3383385141805917,0.4798764431407247,1694.1540311821093,1600.145968817891,1647.15,94.0080623642184,67.45778441380116,51.62994305056626,99.11346714027096,-38.01652892561984,34.60618657199804,64.55719408192279,110429.05,2258375,59082.55,2126.0,4.357182382718827
2020-09-16,1647.6,1635.5,1646.8,1620.95,1646.6651692119517,33.92857142857143,40.082644628099175,-1.8713449533393032,-1.444939802012334,-0.4264051513269693,1694.1313070977258,1599.468692902274,1646.8,94.66261419545162,61.45125702493111,54.90371437535454,74.54634232408424,-63.63636363636363,-8.996347288767392,21.93318554721368,109796.4,2159187,59278.85,-213.0,-0.418311435809815
2020-09-17,1647.8,1639.3,1646.05,1623.15,1646.5065816679564,33.142857142857146,38.29787234042553,-1.6863233374390347,-1.493216509097674,-0.1931068283413606,1692.9742390511194,1599.1257609488805,1646.05,93.84847810223891,57.88292756885954,55.8967854398562,61.855211826866224,-53.71900826446281,-12.483778904590444,9.627987327970878,108578.0,2218296,59478.2,-2855.0,-5.630497377036248
2020-09-18,1655.6,1645.4,1647.7,1625.95,1649.1250024614842,29.857142857142858,60.1010101010101,0.79124429139938,-1.0363243489982634,1.8275686403976437,1696.171804066632,1599.2281959333682,1647.7,96.94360813326377,68.38659817721948,60.06005635231063,85.03968182703721,-7.608695652173913,43.69694086946028,100.0,109444.9,2324412,59710.35,4574.0,9.558838895738852
2020-09-21,1650.8,1645.8,1647.15,1627.8166666666666,1648.0654784175333,30.928571428571427,50.64377682403434,-0.1484533702387125,-0.8587501532463533,0.7102967830076408,1695.808963581671,1598.4910364183293,1647.15,97.31792716334166,57.20722706764127,59.10911325742085,53.40345468808212,-46.73913043478261,-0.7897735858654983,56.62443919391995,111093.8,2239764,59722.75,-4256.0,-8.118264186933711
2020-09-22,1644.2,1646.3,1645.95,1629.9,1646.4401947587205,30.642857142857142,48.52320675105485,-1.4413965140265643,-0.9752794254023956,-0.466117088624169,1694.976201372867,1596.923798627133,1645.95,98.05240274573408,44.58976428165332,54.26933026549834,25.230632313963294,-54.34782608695652,-35.643600069622174,46.89845343780998,108783.65,2165866,59476.05,-697.0,-1.4469887271896908
2020-09-23,1643.8,1645.7,1643.1,1631.9666666666667,1644.9697000197946,29.428571428571427,55.8252427184466,-2.437959985495354,-1.2678155374209872,-1.1701444480743668,1688.3124808106447,1597.887519189355,1643.1,90.42496162128964,36.604816399409096,48.38115897680193,13.05213124462344,-54.34782608695652,-31.067524737488267,80.38921081215578,106765.95,2165866,58441.2,-1611.0,-3.3935793731041497
2020-09-24,1640.2,1644.0,1640.4,1633.8666666666666,1643.2583000179095,28.428571428571427,53.431372549019606,-3.510048631398149,-1.7162621562164198,-1.7937864751817294,1682.419544324796,1598.3804556752043,1640.4,84.03908864959158,29.16511569484416,41.97581121614935,3.5437246522337915,-77.14285714285714,-40.12922662848013,69.40973530861332,102534.25,2113331,57213.4,-261.0,-0.5691110093543505
2020-09-25,1630.8,1643.2,1636.75,1635.4666666666667,1641.7098904923944,27.071428571428573,48.08743169398907,-4.310003568998354,-2.235010438772807,-2.0749931302255478,1668.365286109568,1605.134713890432,1636.75,63.230572219135865,24.205315225134207,36.05231255247763,0.5113205704473671,-81.81818181818181,-37.43389011795621,44.89977296415095,99556.65,2113331,55965.6,-913.0,-2.0021929824561413
2020-09-28,1624.4,1637.6,1635.35,1636.5833333333333,1638.308948540738,27.857142857142858,44.89795918367347,-6.5628457159045865,-3.100577494199163,-3.462268221705424,1669.828215853223,1600.871784146777,1635.35,68.95643170644598,18.22021015008947,30.10827841834824,-5.5559263864280695,-93.75,-83.06927308870381,30.27127065710465,92451.75,2051478,54118.95,219.0,0.4900754134312013
2020-09-29,1618.4,1631.3,1633.65,1637.7666666666669,1634.7557153463815,25.357142857142858,40.526315789473685,-8.651963116290972,-4.210854618617525,-4.441108497673447,1671.398614474405,1595.9013855255953,1633.65,75.4972289488096,12.558329400471171,24.25829541238922,-10.841602623364928,-98.76543209876544,-89.36166178851197,10.220746543539748,87713.5,2021844,52466.9,-2856.0,-6.359951899523453
2020-09-30,1619.0,1631.4,1633.45,1639.25,1634.6837424562502,26.571428571428573,47.68518518518518,-7.557659505581569,-4.880215596010334,-2.6774439095712346,1671.14391965487,1595.7560803451302,1633.45,75.38783930973977,23.054759282853794,23.85711670254408,21.450044443473224,-55.95238095238095,-35.11941199227454,43.054871036635454,86771.3,2081938,50553.95,-7212.0,-17.151010701545776
2020-10-09,1622.0,1631.1,1635.2,1640.8333333333333,1635.3805288889882,26.785714285714285,51.62790697674419,-5.975995314791362,-5.0993715397665405,-0.8766237750248216,1670.921731554665,1599.478268445335,1635.2,71.44346310932997,35.106681627165685,27.606971677417945,50.10610152666116,-46.42857142857143,31.39895233467422,61.13814801655074,82580.5,2116163,48970.55,-811.0,-2.327917790917966
2020-10-12,1624.4,1627.6,1636.5,1642.4166666666667,1635.7252404233702,24.714285714285715,43.97905759162304,-4.908013452322621,-5.061099922277757,0.1530864699551362,1670.6790948726873,1602.3209051273127,1636.5,68.3581897453746,44.61657563023167,33.27683966168919,67.29604756731662,-50.0,13.034125988188247,26.056732354679166,79017.6,2082001,47959.5,6135.0,18.029799864813235
2020-10-13,1633.0,1628.7,1637.25,1644.1166666666666,1636.989503240192,24.214285714285715,46.23115577889447,-3.2176229509318546,-4.692404528008577,1.4747815770767223,1671.8537722312458,1602.6462277687542,1637.25,69.20754446249157,56.00701001611404,40.853563113164135,86.31390382201384,-38.095238095238095,31.76898796279633,36.3859712559842,76783.85,2139328,46926.9,766.0,1.9072755340869385
2020-10-14,1642.4,1630.4,1638.35,1645.8833333333334,1638.0381219792214,22.928571428571427,54.4378698224852,-1.936346940429985,-4.141193010492859,2.2048460700628745,1672.8465291923137,1603.8534708076863,1638.35,68.99305838462715,63.09558243498511,48.267569553771125,92.75160819741308,-39.285714285714285,30.812856759293467,74.02603083688876,75479.15,2103398,46062.9,2432.0,5.942142298670827
2020-10-15,1643.2,1631.1,1638.4,1647.5666666666666,1638.0344913145336,24.285714285714285,47.90419161676647,-1.7081523801741696,-3.6545848844291218,1.946432504254952,1672.8911888061791,1603.9088111938208,1638.4,68.9823776123585,62.16176083900968,52.898966648850646,80.68734921932776,-51.19047619047619,16.36255085530199,37.690886559309405,70900.35,2019163,45462.35,-71.0,-0.163745387453873
2020-10-16,1644.2,1633.1,1638.55,1649.35,1638.888349284578,22.785714285714285,40.81632653061224,-0.7919526263535772,-3.082058432814013,2.290105806460436,1673.1695867894755,1603.9304132105244,1638.55,69.23917357895107,65.95097781424175,57.24963703731435,83.35365936809656,-34.21052631578947,19.833386727808545,1.8956279906752171,68884.15,2064081,45053.8,2981.0,6.886275959250621
2020-10-19,1658.6,1641.5,1642.35,1652.4,1645.7561255431897,24.571428571428573,70.85714285714286,5.04030590015941,-1.4575855662193284,6.497891466378738,1689.6798614985717,1595.0201385014282,1642.35,94.65972299714348,77.30065187616117,63.93330865026329,104.03533832795692,-0.0,124.42971017643772,100.0,72921.8,2227705,46393.3,29283.0,63.28722714501838
2020-10-20,1663.8,1648.4,1643.0,1654.6833333333334,1648.5412564438384,25.857142857142858,60.78431372549019,6.680504963379917,0.1700325397005206,6.5104724236793965,1691.8003451238906,1594.1996548761094,1643.0,97.60069024778112,74.34078546130043,67.40246758727567,88.21742120934996,-31.57894736842105,90.91524970931478,66.79012705726811,71967.0,2106592,47249.85,-9629.0,-12.74469577647479
2020-10-21,1674.2,1658.3,1644.8,1657.2666666666669,1653.442089163473,25.785714285714285,65.06550218340611,9.883732093100887,2.1127724503805947,7.770959642720294,1699.1965943206417,1590.4034056793582,1644.8,108.79318864128344,78.31052364086695,71.0384862718061,92.85459837898864,-9.649122807017545,101.56240276661256,80.90510139794279,70797.2,2186601,48224.15,4481.0,6.797221042412471
2020-10-22,1687.2,1665.2,1648.3,1658.8,1658.161890195523,28.0,66.66666666666666,12.520064093958354,4.194230779096147,8.325833314862207,1708.226621796996,1588.3733782030038,1648.3,119.85324359399236,75.50798663436437,72.52831972599219,81.46732045110872,-22.62773722627737,106.20744212643282,86.18410180135511,76473.45,2399314,49398.6,3790.0,5.383140401960085
2020-10-23,1698.4,1671.3,1651.2,1660.0,1662.432186367378,28.5,66.66666666666666,14.442887580738898,6.243962139424697,8.1989254413142,1715.879289779001,1586.520710220999,1651.2,129.35857955800202,73.63962863002932,72.8987560273379,75.12137383541216,-22.62773722627737,87.87742743193266,86.18410180135511,76942.55,2399314,50608.3,-2150.0,-2.89776939146843
2020-10-26,1697.2,1677.9,1652.75,1661.0833333333333,1666.486263856199,28.285714285714285,73.6842105263158,15.944326066612804,8.184034924862319,7.760291141750484,1721.1108844758166,1584.3891155241834,1652.75,136.7217689516333,73.0413058180778,72.94627262425121,73.23137220573099,-21.16788321167883,86.69361808812815,100.0,75292.6,2472431,51721.95,2653.0,3.682420709278933
2020-10-27,1707.0,1685.4,1657.05,1662.75,1671.963762536561,30.285714285714285,77.57847533632287,18.454634554786026,10.23815485084706,8.216479703938965,1732.0053551332926,1582.0946448667073,1657.05,149.91071026658528,78.7912912573593,74.89461216862057,86.58464943483676,-7.299270072992701,79.59200118361967,100.0,75005.0,2551327,53077.65,585.0,0.7831534980856203
2020-10-28,1711.8,1693.0,1661.7,1665.4,1676.9195946759362,29.5,73.68421052631578,20.211091238627887,12.232742128403228,7.978349110224659,1741.2489918557314,1582.1510081442686,1661.7,159.0979837114628,80.09163006900877,76.62695146874997,87.02098726952639,-16.216216216216218,84.70108260941817,89.40686293777759,75078.95,2551327,54460.55,-153.0,-0.2032331336423887
2020-10-29,1714.6,1700.9,1666.0,1666.8666666666666,1680.7367761353707,28.785714285714285,69.84126984126985,20.79850213065629,13.94589412885384,6.852608001802448,1747.8265173850657,1584.1734826149343,1666.0,163.65303477013094,77.1492093180365,76.80103741851214,77.84555311708522,-22.52252252252252,64.54555197551207,78.95333720576441,73540.9,2494164,55752.65,-3427.0,-4.561426860109141
2020-10-30,1726.2,1712.3,1672.7,1669.1166666666666,1688.3808926939068,31.5,76.52173913043478,24.53167588218116,16.063050479519305,8.468625402661857,1762.6241785880568,1582.7758214119433,1672.7,179.8483571761135,83.66723844645657,79.08977109449361,92.82217315038248,-2.255639097744361,89.41274965300948,97.12547758980854,77877.9,2633439,57428.75,7419.0,10.346847412242166
2020-11-02,1737.0,1717.1,1679.3,1670.7666666666669,1695.1065219611537,32.0,74.77477477477478,27.01741969454747,18.253924322524934,8.763495372022533,1774.332625976555,1584.267374023445,1679.3,190.06525195311,83.79234336146749,80.6572951834849,90.06243971743265,-10.48951048951049,89.23451542940273,92.37340402388948,78748.0,2570635,59058.65,-1837.0,-2.321730997699756
2020-11-03,1733.4,1720.2,1684.3,1670.5666666666666,1696.1439960600912,36.07142857142857,60.58394160583942,24.429128724811108,19.48896520298217,4.940163521828936,1773.43407996118,1595.16592003882,1684.3,178.26815992236016,63.4373198167359,74.91730339456858,40.47735266107054,-47.55244755244755,45.40020988614694,53.77165295668593,81860.35,2446535,60158.9,-10374.0,-13.423044575273336
2020-11-04,1730.4,1721.1,1689.7,1669.5666666666666,1697.3683773877017,34.642857142857146,63.29588014981273,22.362187039407218,20.063609570267182,2.298577469140035,1770.2588376020233,1609.1411623979768,1689.7,161.11767520404646,50.13468379939257,66.65643019617659,17.091191005824527,-47.794117647058826,26.837054234302045,61.14863888399396,82876.5,2496492,61209.8,-3843.0,-5.743450254816096
2020-11-05,1730.6,1722.6,1693.9,1668.7,1699.3332938269682,34.857142857142854,63.29588014981273,21.20589726264461,20.292067108742668,0.9138301539019444,1770.912370844933,1616.8876291550669,1693.9,154.02474168986646,44.79567155253622,59.36951064829647,15.647993361015722,-47.05882352941177,26.03032858183135,15.95771079678903,82109.2,2541240,62627.2,118.0,0.1870996384854439
2020-11-06,1726.0,1726.1,1698.7,1668.2333333333331,1703.0158372720189,32.142857142857146,56.05381165919282,21.653751172444345,20.56440392148301,1.0893472509613389,1774.040909415659,1623.3590905843412,1698.7,150.68181883131774,49.07946730953395,55.9394962020423,35.35940952451726,-35.64356435643565,45.108491818828334,0.0,83763.1,2608543,63989.2,-1919.0,-3.0370651726648323
2020-11-09,1725.4,1731.2,1704.55,1667.3666666666666,1708.061948008017,31.142857142857142,69.7560975609756,23.193764906077377,21.09027611840188,2.103488787675495,1778.530011525159,1630.569988474841,1704.55,147.9600230503179,58.36067051404827,56.74655430604429,61.58890293005624,-19.148936170212767,65.41909203316318,63.65853658536584,85633.35,2680110,65157.8,2267.0,3.7001974962051376
2020-11-10,1729.2,1731.3,1708.35,1667.3166666666666,1709.6750958167772,32.785714285714285,55.92417061611374,21.66307749047837,21.204836392817175,0.4582410976611939,1777.996551280466,1638.7034487195338,1708.35,139.2931025609323,51.30027606919458,54.93112822709439,44.03857175339496,-55.68181818181818,44.99800921145174,0.0,87258.55,2590279,65860.4,-8554.0,-13.463657254383476
2020-11-11,1736.8,1733.6,1713.3,1667.65,1713.2298485961317,31.642857142857142,59.56521739130435,21.971934045316857,21.35825592331712,0.6136781219997403,1778.8377753665727,1647.7622246334272,1713.3,131.07555073314552,55.99505584100152,55.28577076506343,57.41362599287768,-31.764705882352946,49.33230634941613,16.814424763278414,88382.0,2648678,66329.15,-2245.0,-4.083303019279738
2020-11-12,1751.8,1741.2,1721.05,1669.5333333333333,1720.8270058726905,34.57142857142857,66.30434782608695,25.633038935343397,22.213212525722373,3.41982640962102,1785.7484096444848,1656.351590355515,1721.05,129.3968192889697,67.26830883227261,59.27995012079983,83.24502625521816,-9.565217391304348,100.8607511371553,47.93586007074978,90899.85,2783270,67518.55,14342.0,27.196359154261884
2020-11-13,1764.4,1745.2,1728.75,1671.5,1728.4625291229104,35.285714285714285,67.02127659574468,28.84748819179913,23.540067658937726,5.307420532861404,1792.9958272247204,1664.5041727752796,1728.75,128.49165444944083,74.76006913604498,64.4399897925482,95.4002278230385,-9.67741935483871,120.73594059513988,51.24665106090633,93447.0,2879131,68367.15,-3835.0,-5.717309957213357
2020-11-16,1771.0,1748.2,1732.65,1673.7166666666667,1734.228002539776,34.285714285714285,61.81818181818182,30.079920079999056,24.84803814315,5.23188193684906,1801.652745940778,1663.6472540592222,1732.65,138.00549188155583,75.96617221682277,68.28205060063972,91.33441544918888,-20.512820512820515,95.44930798388316,28.61508239659502,89768.85,2789070,67587.05,-3291.0,-5.203820246039026
2020-11-17,1786.8,1758.0,1739.1,1676.5833333333333,1740.872954678845,35.214285714285715,63.793103448275865,31.899290703745464,26.25828865526909,5.641002048476373,1809.515010361496,1668.6849896385042,1739.1,140.83002072299132,78.2863912339794,71.61683081175295,91.62551207843232,-16.27906976744186,100.03367080823352,38.20321231941055,89542.6,2905658,67425.7,2746.0,4.580407332655012
2020-11-18,1800.6,1768.7,1744.9,1678.95,1748.0279113760978,35.57142857142857,66.77966101694915,33.918463805498504,27.790323685314974,6.128140120183531,1820.6611204274327,1669.138879572567,1744.9,151.52224085486614,82.27942306454084,75.1710282293489,96.49621273492473,-8.396946564885496,99.5687130031474,52.70277602566449,89477.3,2984361,67130.4,1802.0,2.8741407084868387
2020-11-19,1803.6,1777.7,1750.15,1681.75,1753.7395388640884,34.857142857142854,59.07335907335908,34.475725195128234,29.127403987277628,5.348321207850606,1828.20335557033,1672.09664442967,1750.15,156.10671114066008,82.32208451216303,77.55471365695361,91.85682622258189,-14.50381679389313,75.38313960529808,16.706034622229446,83941.2,2882370,66423.8,-4436.0,-6.877626009705573
2020-11-20,1804.0,1784.2,1755.15,1684.1333333333334,1758.4310113532229,34.5,58.3969465648855,34.12057984289936,30.126039158401976,3.994540684497384,1833.2977009123977,1677.0022990876023,1755.15,156.2954018247956,80.80731560070129,78.6389143048695,85.14411819236486,-18.3206106870229,67.77588331925075,17.87730631190416,82882.05,2835062,65711.4,-2266.0,-3.772705326074288
2020-11-23,1801.2,1786.1,1758.65,1686.3666666666666,1760.0090102719637,32.0,64.55696202531645,31.219875309467625,30.34480638861511,0.8750689208525166,1833.5429762710476,1683.7570237289528,1758.65,149.7859525420945,70.04316089551703,75.77366316841868,58.58215634971376,-41.6,30.967692939292,62.41206625523371,83083.9,2757908,64474.45,-7838.0,-13.561257504714774
2020-11-24,1796.4,1791.6,1761.45,1688.55,1761.912914055586,32.714285714285715,64.85355648535565,28.990321896556907,30.07390949020347,-1.0835875936465629,1835.0648583400105,1687.8351416599896,1761.45,147.22971668002083,61.597401381325085,71.04824257272081,42.69571899853364,-37.6,27.751360041069532,64.55634059402624,82140.4,2817934,63168.8,-789.0,-1.5792950219179702
2020-11-25,1794.4,1797.5,1765.55,1691.0666666666666,1766.1116841455305,33.785714285714285,67.1875,28.98722082494237,29.85657175715125,-0.8693509322088815,1839.515781562179,1691.584218437821,1765.55,147.93156312435804,63.28715647643895,68.46121387396019,52.93904168139648,-18.58407079646018,45.27914363958045,81.42993690456295,81538.75,2881278,62104.8,4680.0,9.517998779743753
2020-11-26,1785.0,1794.3,1767.75,1692.2833333333333,1765.6248570840512,35.57142857142857,54.092526690391466,25.064708921826423,28.898199190086288,-3.833490268259865,1838.1679253494804,1697.3320746505196,1767.75,140.8358506989607,44.96921542873709,60.63054772555249,13.646550835106297,-61.11111111111112,8.881133865976755,0.0,82273.05,2809429,60941.9,-5405.0,-10.037140204271122
2020-11-27,1780.6,1792.3,1768.75,1693.95,1767.0891564093797,35.5,54.41696113074206,23.301319722270364,27.778823296523104,-4.47750357425274,1839.332165631708,1698.1678343682922,1768.75,141.16433126341553,42.016513989528434,54.42586981354447,17.197802341496356,-42.5925925925926,8.980895781215407,2.4775494587112847,77815.4,2859551,59232.45,-3512.0,-7.249458148415733
2020-11-30,1783.2,1792.2,1770.2,1695.4166666666667,1769.080665322772,33.785714285714285,62.16216216216216,22.212609440882943,26.665580525395075,-4.452971084512132,1841.129468302553,1699.270531697447,1770.2,141.858936605106,43.28878710413007,50.71350891040634,28.43934349157753,-38.613861386138616,24.573454087185773,61.62391691054109,77343.35,2912914,57468.1,-2935.0,-6.531947566376606
2020-12-01,1777.8,1787.1,1772.55,1697.4,1767.54917338727,35.214285714285715,51.10294117647059,18.31447335784833,24.995359091885728,-6.6808857340374,1837.3751900356376,1707.7248099643623,1772.55,129.65038007127532,34.143744248281834,45.19025402303151,12.050724698782489,-85.05747126436782,-16.39295646658651,0.0,74934.25,2836996,56147.0,-1509.0,-3.593028239439977
2020-12-02,1762.4,1778.4,1773.55,1698.9666666666667,1763.8778235408631,33.0,37.2,13.137136274469867,22.62371452840256,-9.486578253932691,1834.7639474990765,1712.3360525009236,1773.55,122.42789499815262,23.86139726442232,38.08063510349511,-4.577078413723257,-97.02970297029702,-61.643567138729765,0.0,74871.0,2788304,54822.2,-3917.0,-9.67423250759466
2020-12-03,1758.6,1771.8,1774.75,1700.7,1761.7942212988764,32.642857142857146,38.43137254901961,9.968144129093844,20.09260044854081,-10.12445631944697,1832.2043296888808,1717.2956703111192,1774.75,114.90865937776152,22.41166321693196,32.85764447464073,1.5197007015144095,-84.15841584158416,-59.18276986955749,4.106286115947014,75203.1,2839694,53252.85,-4773.0,-13.050967953625726
2020-12-04,1758.4,1769.5,1776.85,1703.5833333333333,1763.5281049846976,33.857142857142854,48.39857651245551,10.403057472413366,18.154691853315327,-7.751634380901962,1831.657894168235,1722.0421058317647,1776.85,109.61578833647036,36.89232832348309,34.20253909092152,42.27190678860623,-46.53465346534654,-12.456296463673263,37.34414843670033,75198.35,2906902,51728.0,-1029.0,-3.235950816063393
2020-12-07,1757.6,1770.4,1778.25,1706.4333333333334,1765.477809271869,33.285714285714285,46.2962962962963,10.94433650239398,16.712620783131058,-5.7682842807370776,1832.2397651119236,1724.2602348880766,1778.25,107.97953022384672,48.17212132134645,38.85906650106316,66.79823096191303,-42.57425742574257,8.953801375420309,30.33362666543158,74473.25,2963967,50050.95,-777.0,-2.5251868703282443
2020-12-08,1768.4,1773.1,1782.35,1709.3166666666666,1769.4323036269293,33.92857142857143,48.39857651245551,13.078451565741943,15.985786939653234,-2.907335373911291,1831.555369839593,1733.144630160407,1782.35,98.41073967918646,61.78507721789397,46.501070073340095,92.35309150700174,-15.625,47.30393233082725,37.34414843670033,73362.6,3031585,48832.25,613.0,2.043810222385223
2020-12-09,1790.8,1776.6,1787.05,1712.9,1776.248274710079,34.857142857142854,55.37459283387622,17.313687566191447,16.251367064960878,1.0623205012305696,1839.8633754988011,1734.2366245011983,1787.05,105.6267509976028,70.45213799259089,54.48475937975702,102.38689521825862,-12.213740458015268,105.12072879219303,60.60722912505617,74965.05,3122033,48095.45,7393.0,24.155394367117555
2020-12-10,1804.6,1781.6,1787.95,1715.8,1779.5579628329283,39.57142857142857,51.20481927710844,18.04142303587514,16.609378259143732,1.4320447767314093,1841.793731003892,1734.106268996108,1787.95,107.68746200778423,65.36636039332899,58.11195971761435,79.87516174475827,-44.8051948051948,77.9049319839388,46.7021901695988,74395.45,2998833,46209.5,-8641.0,-22.740072107160717
2020-12-11,1812.0,1785.2,1788.75,1718.6833333333334,1783.1238711345543,38.57142857142857,56.7741935483871,18.88461836926376,17.064426281167737,1.8201920880960247,1843.8704422868063,1733.6295577131934,1788.75,110.24088457361312,63.27454329252235,59.83282090925034,70.15798805906635,-40.90909090909091,59.42563656731975,65.27450954026546,73567.65,3078138,44416.1,-1984.0,-6.757953539069417
2020-12-14,1810.2,1783.9,1788.05,1721.0166666666669,1782.3501691217396,40.35714285714285,49.27953890489914,15.979604817140626,16.847461988362316,-0.86785717122169,1843.511603598189,1732.588396401811,1788.05,110.92320719637792,52.78908946774217,57.484910428747625,43.39744754573127,-68.18181818181819,-1.829389198422752,40.28191381375287,72751.95,3004391,42410.6,-7533.0,-27.51881347263827
2020-12-15,1793.6,1781.0,1784.05,1722.05,1776.7930101577642,42.142857142857146,38.97849462365591,9.45311722140741,15.368593034971337,-5.9154758135639245,1845.8458438391124,1722.2541561608875,1784.05,123.59168767822484,35.82165712943818,50.26382599564448,6.93731939702559,-98.1132075471698,-81.06326494126293,7.124761918067171,69683.2,2949178,40059.6,-4164.0,-20.986845421097723
2020-12-16,1776.8,1783.8,1781.1,1723.6,1774.9079615713104,41.5,49.44444444444445,6.864523039890855,13.66777903595524,-6.803255996064385,1842.101811879895,1720.0981881201049,1781.1,122.00362375979012,31.42827456427954,43.98530885185617,6.314205989126279,-77.35849056603773,-60.615837134629466,49.052018670901326,68463.75,3003492,37515.0,-2070.0,-13.204056898641326
2020-12-17,1766.6,1785.6,1778.7,1725.7166666666667,1773.488155707376,42.92857142857143,46.93877551020408,4.997510241951659,11.933725277154524,-6.936215035202865,1839.018802165953,1718.381197834047,1778.7,120.637604331906,29.128283671783844,39.03296712516539,9.318916765020743,-75.47169811320755,-40.94297333552685,39.014150484793305,66021.25,3056633,35123.3,-1378.0,-10.127140442419346
2020-12-18,1764.6,1788.3,1778.9,1728.4166666666667,1776.679759925721,44.785714285714285,52.4804177545692,7.227086992945715,10.992397620312763,-3.765310627367049,1839.583475596944,1718.2165244030564,1778.9,121.36695119388742,37.44820588601103,38.50471337878061,35.33519090047187,-45.911949685534594,23.650961916259057,78.06409861431194,65869.5,3100906,32763.9,-1620.0,-13.247199280399046
2020-12-21,1785.0,1797.6,1784.0,1731.8,1786.234068504224,46.642857142857146,64.83253588516746,14.47559200306432,11.689036496863077,2.786555506201246,1858.80500968306,1709.19499031694,1784.0,149.61001936612,56.67278766384474,44.56073814046865,80.89688671059692,-4.878048780487805,121.94039364630184,100.0,65986.4,3180398,33354.35,51159.0,482.22264115373736
2020-12-22,1804.2,1798.9,1786.0,1734.8333333333333,1789.4498715038217,51.57142857142857,60.08869179600887,15.442647586455678,12.439758714781595,3.0028888716740827,1862.4749701054536,1709.5250298945462,1786.0,152.9499402109077,54.96935844256316,48.030278241166826,68.84751884535584,-48.4375,82.45864397244333,82.03168538916832,70539.45,3029311,33245.9,-14767.0,-23.907201139748736
2020-12-23,1819.6,1798.2,1787.4,1738.2166666666667,1793.69274088441,51.21428571428572,60.17699115044248,17.141136746246957,13.38003432107467,3.761102425172288,1866.400066622214,1708.399933377786,1787.4,158.00013324442807,56.26429451726433,50.77495033319933,67.24298288539435,-41.145833333333336,55.88211592584823,81.9929708952093,70397.5,3089816,32746.05,-3148.0,-6.697729835535416
2020-12-24,1834.6,1800.6,1791.1,1741.6166666666666,1797.6267655620854,50.21428571428572,56.62650602409638,18.356293361511007,14.375286129161935,3.9810072323490697,1871.8071378829752,1710.3928621170246,1791.1,161.4142757659506,57.30119634484289,52.950365670413845,66.002857693701,-40.625,55.69075218344386,68.26016568138131,69244.45,3138604,32625.8,2187.0,4.987116046792695
2020-12-25,1839.0,1801.8,1793.5,1744.9833333333331,1800.614692651411,50.21428571428572,55.39568345323742,18.6205181357318,15.224332530475907,3.3961856052558907,1875.7819286931956,1711.2180713068046,1793.5,164.56385738639074,56.95079756322859,54.28384296801876,62.28470675364824,-43.75,33.78585805017818,63.49950734402782,69095.95,3091452,32575.9,-2105.0,-4.572111207645524
2020-12-28,1832.0,1808.5,1796.2,1748.5666666666666,1804.5561504941331,50.42857142857143,54.29975429975431,19.6523692478911,16.10993987395895,3.5424293739321517,1881.2203690764345,1711.1796309235658,1796.2,170.04073815286847,58.77848585343988,55.78205726315913,64.77134303400138,-36.97916666666666,47.19908965933549,59.26059884071928,69980.6,3162508,32958.25,5710.0,12.99647206099921
2020-12-29,1829.6,1816.9,1798.95,1751.9333333333334,1804.8841361613588,50.42857142857143,45.94594594594595,17.524590270262024,16.392869953219567,1.1317203170424577,1881.612216914752,1716.287783085248,1798.95,165.32443382950396,52.85606922064531,54.80672791565452,48.95475183062689,-54.6875,24.23924499800615,26.94917692679003,70331.15,3079579,33068.95,-6942.0,-13.983281297210192
2020-12-30,1825.6,1822.6,1803.2,1755.4833333333331,1805.752313669801,45.142857142857146,50.39164490861619,16.136449016902816,16.341585765956218,-0.2051367490534019,1879.1905811337888,1727.2094188662113,1803.2,151.98116226757747,47.00208536278316,52.205180398030734,36.59589529228799,-51.5625,10.261240280861752,44.1445504380425,69431.75,3110283,33480.0,2090.0,4.894269723438627
2020-12-31,1824.8,1829.7,1807.65,1758.7666666666669,1808.156855225058,45.35714285714285,51.77664974619289,16.22110816008967,16.31749024478291,-0.0963820846932392,1878.8214756582065,1736.4785243417937,1807.65,142.34295131641284,40.263295003760206,48.22455193327389,24.34078114473283,-42.708333333333336,30.376664870809776,49.50156531849187,69741.75,3167873,34295.15,3309.0,7.3873149822516915
2021-01-04,1827.2,1833.1,1810.7,1762.0833333333333,1811.2847737750524,44.57142857142857,59.11602209944751,16.900301412898898,16.43405247840611,0.4662489344927891,1882.110157024852,1739.289842975148,1810.7,142.82031404970394,38.74695857393538,45.06535414682772,26.11016742815069,-37.5,29.58827354163786,77.88928342808047,69210.95,3224465,35382.4,4413.0,9.174254708743913
2021-01-05,1828.8,1830.4,1814.0,1765.6,1814.971938177428,42.71428571428572,69.6875,17.957785569226417,16.73879909657017,1.2189864726562476,1886.309277267482,1741.690722732518,1814.0,144.618554534964,55.52827541292662,48.55299456886069,69.47883710105846,-33.333333333333336,42.45870757495528,100.0,69877.2,3294855,36783.6,5502.0,10.47700656955155
2021-01-06,1837.6,1833.6,1816.25,1768.9833333333331,1818.498420255768,41.285714285714285,66.43598615916954,18.741195827668435,17.139278442789823,1.601917384878611,1890.4187265631424,1742.0812734368576,1816.25,148.3374531262848,64.0029772594114,53.70298879904426,84.60295418014564,-34.26966292134831,51.25741748262328,86.30454504609298,68947.25,3343874,38144.35,-196.0,-0.3378320147542912
2021-01-07,1853.8,1839.7,1818.95,1773.1,1825.784284993314,41.57142857142857,70.51671732522796,22.571603342656545,18.22574342276317,4.345859919893375,1900.478748562108,1737.421251437892,1818.95,163.05749712421584,74.64144062192052,60.68247274000302,102.55937638575551,-11.764705882352942,85.1400567256366,100.0,68839.2,3432161,39877.25,14836.0,25.658497777624056
2021-01-08,1865.2,1845.0,1822.8,1777.2666666666669,1831.709591184427,40.642857142857146,64.01384083044982,24.757004064169905,19.53199555104452,5.225008513125388,1909.8344154555105,1735.7655845444897,1822.8,174.06883091102054,76.61281226646554,65.99258591549052,97.85326496841556,-22.321428571428573,81.54142017226194,73.53409710099154,66208.1,3361583,41860.55,-3633.0,-5.000206449481814
2021-01-11,1879.6,1853.4,1827.6,1781.7,1839.451534881148,39.5,57.377049180327866,28.181383500521637,21.26187314093994,6.919510359581693,1923.4318703168165,1731.7681296831834,1827.6,191.6637406336331,77.36628798985026,69.7838199402771,92.5312240889966,-21.12676056338028,94.24122606191078,46.523176085633935,69952.35,3515773,44073.8,2615.0,3.788537320352337
2021-01-12,1899.8,1864.3,1836.4,1785.7,1850.0751982258007,37.0,79.11111111111111,33.574485526147555,23.724395617981465,9.85008990816609,1943.5494774896915,1729.2505225103089,1836.4,214.2989549793824,82.59018355441495,74.05260781165637,99.6653350399321,-6.832298136645963,101.39620576661488,100.0,73948.65,3669446,48040.2,27530.0,38.42878878822988
2021-01-13,1920.0,1878.8,1847.85,1790.3333333333333,1859.877560299534,37.785714285714285,77.93427230046947,37.57677930091268,26.494872354567708,11.081906946344969,1953.3558491768315,1742.3441508231683,1847.85,211.01169835366272,83.16089756340841,77.08870439557371,95.3052838990778,-15.083798882681563,108.44540630504488,96.4515816375981,76847.7,3782640,52306.45,1833.0,1.8483598705240525
2021-01-14,1942.6,1898.2,1860.4,1795.4666666666667,1873.984459318626,39.92857142857143,82.39700374531836,44.67171853412265,30.130241590478697,14.54147694364395,1979.2708277257648,1741.5291722742354,1860.4,237.74165545152937,88.12033693769712,80.76591524294818,102.829180327195,-1.895734597156398,118.77243173313634,100.0,81697.15,3933943,57513.05,16737.0,16.570958990911077
2021-01-15,1971.6,1918.4,1874.05,1800.9666666666667,1889.128796526376,40.5,85.66433566433567,51.715654189382576,34.44732411025947,17.268330079123103,2006.320018880828,1741.7799811191717,1874.05,264.5400377616565,89.84808176798856,83.7933040846283,101.95763713470907,-6.0728744939271255,124.37631226524122,100.0,87055.25,4094246,62638.6,-2999.0,-2.547159394932863
2021-01-18,1982.4,1931.0,1882.05,1805.3666666666663,1896.545101619102,43.42857142857143,68.43657817109144,51.380097746188994,37.83387883744538,13.546218908743612,2016.5799418834172,1747.5200581165825,1882.05,269.0598837668349,80.12525839548752,82.57062218824805,75.23453080996646,-32.79352226720648,77.39078147657622,56.6252367847941,92475.0,3941578,66629.25,-24318.0,-21.194003834756835
2021-01-19,1981.8,1940.8,1885.6,1809.4166666666667,1901.4455681315685,43.07142857142857,71.60493827160494,49.01599970384427,40.07030301072516,8.94569669311911,2023.279108226713,1747.9208917732867,1885.6,275.3582164534264,69.38906115254724,78.17676850968111,51.81364643827951,-40.98360655737705,53.330166877281854,60.140842415173566,94904.65,3813493,67343.75,-14364.0,-15.885514587157989
2021-01-20,1977.2,1948.6,1891.1,1812.85,1904.165037833324,44.57142857142857,67.26190476190476,45.16930181079511,41.09010277073915,4.079199040055954,2026.5149956711928,1755.6850043288066,1891.1,270.8299913423866,57.618778198532425,71.32410507263155,30.208124450334168,-49.16666666666666,34.27393019497706,45.695817215484105,91350.25,3733494,68617.9,-3574.0,-4.699045465302798
2021-01-21,1968.0,1955.3,1897.5,1816.8166666666664,1909.6731294682456,45.35714285714285,68.66096866096866,44.19346383976472,41.710774984544265,2.482688855220452,2033.6492988558705,1761.3507011441295,1897.5,272.2985977117405,54.5801834696803,65.74279787164781,32.25495466574529,-35.833333333333336,42.23508829317368,39.89042740815792,92761.35,3822221,70295.25,4916.0,6.782186413553326
2021-01-22,1949.8,1960.7,1902.85,1820.5666666666664,1912.7518790426984,45.785714285714285,63.988919667590025,41.32984760787713,41.63458950921084,-0.3047419013337133,2037.0537335742224,1768.6462664257776,1902.85,268.40746714844454,46.32056381422395,59.26871985250652,20.424251737658807,-47.32142857142857,36.79068966942806,23.374000510795465,96113.5,3706390,71720.55,-2854.0,-3.687338501291992
2021-01-25,1954.6,1968.5,1910.95,1824.4,1920.204081038632,47.57142857142857,67.58104738154614,42.52411013152255,41.81249363367319,0.7116164978493629,2045.9392393372143,1775.9607606627858,1910.95,269.9784786744285,49.01370920948264,55.85038297149856,35.34036168545077,-27.66990291262136,47.10638549871718,36.07273609289848,99825.15,3827775,74111.45,17207.0,23.08239208005796
2021-01-26,1958.4,1970.1,1917.2,1827.8666666666663,1924.6608352254289,48.92857142857143,63.593380614657214,41.0606507397174,41.66212505488203,-0.60147431516463,2050.309531470961,1784.0904685290395,1917.2,266.21906294192127,44.40913947298843,52.03663513866185,29.15414814164157,-42.1875,46.7040197840502,21.97570784261596,102781.1,3697600,76129.05,-1756.0,-1.9138338800911088
2021-01-27,1971.8,1974.5,1926.65,1832.7166666666667,1931.5502794896736,48.07142857142857,62.4390243902439,41.83930049554283,41.697560143014194,0.141740352528636,2053.820461648085,1799.4795383519154,1926.65,254.34092329616945,49.339426315325625,51.13756553088311,45.74314788421066,-28.491620111731844,51.17023744335989,17.89487730743569,104677.3,3818453,79236.0,14845.0,16.494994277587026
2021-01-28,1977.2,1972.6,1935.4,1837.3833333333332,1937.021681443038,47.42857142857143,62.28710462287104,41.33437593961639,41.62492330233464,-0.2905473627182431,2053.708072421105,1817.091927578895,1935.4,236.6161448422106,54.04679703072991,52.107309364165374,57.92577236385896,-35.32934131736527,47.5937779191868,17.357817072058403,109426.05,3692774,82079.7,-3175.0,-3.0283664943438704
2021-01-29,2000.4,1975.1,1946.75,1843.05,1948.5434260675104,48.0,65.93406593406593,45.97200626258427,42.49433989438457,3.4776663681997064,2066.4335740389392,1827.0664259610608,1946.75,239.36714807787848,69.11943331460424,57.77801734764499,91.80226524852272,-0.6172839506172839,79.72490754927115,15.600484525845696,116249.9,3886841,86277.1,30383.0,29.884820049770333
2021-02-01,2009.2,1981.9,1956.45,1848.0,1956.7773854896525,47.35714285714285,59.54545454545455,47.24682197131892,43.444836309771446,3.801985661547477,2071.3989131378644,1841.501086862136,1956.45,229.89782627572868,70.16564371511251,61.90722613680083,86.68247887173587,-27.741935483870968,78.74742689669276,0.0,123157.95,3692088,89799.85,-9080.0,-6.8761832639151805
2021-02-02,2024.8,1991.6,1966.2,1852.8166666666664,1965.1795392525428,47.5,60.26785714285714,48.5049046836175,44.45684998454065,4.048054699076843,2076.100624968279,1856.299375031721,1966.2,219.80124993655815,72.62743594612942,65.48062940657702,86.92104902523423,-21.29032258064516,75.43189992064858,2.765825205584221,126303.4,3825387,93437.55,7801.0,6.343823696836637
2021-02-03,2021.6,1996.7,1972.65,1857.0833333333333,1966.68624979992,50.142857142857146,47.04595185995624,43.832406470362685,44.33196128170506,-0.499554811342378,2068.5847914498363,1876.715208550164,1972.65,191.8695828996722,59.14090135336368,63.36738672217257,50.68793061574587,-62.58064516129032,31.566716340094185,0.0,135951.65,3583403,96490.7,-11887.0,-9.089935842044492
2021-02-04,2025.6,2001.4,1978.35,1861.45,1970.716130771356,50.92857142857143,47.391304347826086,41.90572090191108,43.84671320574627,-1.940992303835188,2068.213697957092,1888.486302042908,1978.35,179.72739591418417,56.676684818326365,61.13715275422384,47.75574894653144,-44.516129032258064,15.934697130494444,1.406216372618864,140376.0,3760177,98918.4,2327.0,1.957370209616105
2021-02-05,2010.8,2005.6,1983.15,1864.6333333333332,1971.981261174084,49.21428571428572,52.02863961813842,37.92434934939865,42.66224043447675,-4.737891085078097,2062.312125446834,1903.987874553166,1983.15,158.32425089366825,45.00667876777314,55.76032809207361,23.4993801191722,-60.64516129032258,8.40927862849365,20.288653915370126,145127.25,3594574,101364.1,-3273.0,-2.7002499773122857
2021-02-08,1996.2,2002.7,1985.6,1867.3166666666664,1971.0306648717903,49.5,51.65876777251184,32.617869080628225,40.65336616370705,-8.035497083078823,2058.3979178418062,1912.8020821581936,1985.6,145.59583568361268,34.265104140921444,48.59525344168956,5.604805539385225,-74.83870967741936,-28.355301638219125,21.340792630517612,146359.5,3415739,103606.05,-1460.0,-1.2379385778968577
2021-02-09,1990.4,2007.6,1988.85,1871.1,1975.3134586935248,51.785714285714285,59.3886462882096,32.39634899449038,39.00196272986372,-6.605613735373339,2060.94430957906,1916.7556904209405,1988.85,144.18861915811954,40.63788897615314,45.94279861984409,30.028069688771254,-42.17687074829932,13.407298586872384,57.10240497095169,145455.05,3551323,104070.65,-8017.0,-6.882844829066437
2021-02-10,1988.2,2004.9,1989.7,1873.8666666666663,1974.8074150084271,53.35714285714285,50.84745762711864,28.184088539601817,36.838387891811344,-8.654299352209527,2060.402043445473,1918.9979565545275,1989.7,141.40408689094556,33.3575901445031,41.74772912806376,16.577312177381785,-75.52447552447552,-15.90556968107606,18.51223805200044,145834.95,3430531,103992.3,-9026.0,-8.321885285955322
2021-02-18,1992.0,2008.8,1990.7,1877.4,1979.873375483815,56.0,58.431372549019606,29.18947891210109,35.308606095869294,-6.1191271837682,2063.0386771410936,1918.3613228589063,1990.7,144.67735428218725,43.04039844220006,42.178618899442526,44.76395752771512,-34.96503496503497,49.156929818335485,55.44371915432836,144454.4,3554223,103461.2,7682.0,7.725649922059641
2021-02-19,2000.4,2005.6,1990.35,1881.0333333333333,1984.2663873424992,54.42857142857143,53.779697624190064,29.48499012802381,34.1438829023002,-4.658892774276389,2061.89027205926,1918.8097279407405,1990.35,143.08054411851913,51.007648548243566,45.121628782376206,62.779688079978285,-39.097744360902254,46.76342092700709,35.65070465909512,142822.7,3426554,103529.0,8979.0,8.382422958073876
2021-02-22,2016.8,2006.5,1994.2,1885.05,1989.9553028336895,54.57142857142857,58.42450765864333,30.816402161832,33.47838675420656,-2.661984592374558,2068.676700701397,1919.723299298603,1994.2,148.95340140279382,60.61800225796883,50.28708660757375,81.279833558759,-25.56390977443609,77.69596827248247,60.241884150222816,144560.65,3613981,105065.55,5057.0,4.355877894156568
2021-02-23,2022.6,2006.5,1999.05,1889.55,1995.197654944767,56.71428571428572,55.60747663551402,31.588119257700328,33.10033325490532,-1.512213997204988,2073.492418581125,1924.6075814188744,1999.05,148.8848371622512,61.509047918814666,54.027740377987385,76.47166300046922,-36.70886075949367,87.83167434053806,45.32757871942986,152950.85,3909870,107313.15,-143.0,-0.1180325703862061
2021-02-24,2033.4,2010.8,2003.75,1893.6166666666663,1997.9407354262175,58.285714285714285,53.96825396825397,30.15754867175474,32.5117763382752,-2.3542276665204582,2071.395749078697,1936.1042509213032,2003.75,135.2914981573933,57.67269861254312,55.24272645617263,62.532642925284094,-50.0,42.47148550857754,36.64898507673811,158187.15,3725145,110267.9,10569.0,8.733988926535009
2021-02-25,2033.6,2012.8,2007.1,1897.3333333333333,2000.8987606237208,57.21428571428572,46.15384615384615,29.09191589163493,31.827804248947142,-2.73588835731222,2072.6435572328337,1941.556442767166,2007.1,131.08711446566758,56.16998472903718,55.55181254712748,57.40632909285658,-46.83544303797469,46.67206271997431,0.0,166768.75,3985504,113100.85,2480.0,1.8847992460802927
2021-02-26,2021.2,2010.8,2008.2,1900.7166666666667,1997.3845929452712,57.85714285714285,41.527446300716,22.74030142411493,30.010303683980705,-7.270002259865773,2069.7607530475902,1946.6392469524096,2008.2,123.1215060951804,39.47368351305182,50.19243620243559,18.036178134284285,-87.9746835443038,-48.30650936242265,0.0,171665.85,3771731,115940.6,-2718.0,-2.0274655189133184
2021-03-01,2001.0,2008.9,2005.8,1903.4166666666667,1992.2051079028645,59.785714285714285,38.13953488372093,15.829602893446918,27.17416352587395,-11.344560632427031,2073.6096406745974,1937.9903593254028,2005.8,135.61928134919458,31.430427456672994,43.93843328718139,6.414415795656211,-84.65608465608466,-99.8039370164092,0.0,175658.3,3570497,117813.35,-2133.0,-1.6240168721115222
2021-03-02,1979.8,2001.2,2004.4,1905.9333333333332,1987.1379547692584,55.92857142857143,44.32432432432433,9.915755293710845,23.72248187944133,-13.806726585730487,2076.5968070441163,1932.203192955884,2004.4,144.39361408823265,25.962253883032428,37.9463734857984,1.9940146775004732,-84.97409326424871,-102.0293140023946,29.10610859377828,177820.9,3397070,119787.5,272.0,0.2105132809113952
2021-03-03,1956.4,1994.9,1999.9,1908.5,1979.5057686007576,56.285714285714285,36.36363636363636,2.6166922991174038,19.50132396337655,-16.884631664259146,2084.2374175558925,1915.5625824441076,1999.9,168.67483511178511,18.13735665170653,31.343367874434445,-8.2746657937493,-97.51243781094529,-100.25503726320775,0.0,182921.75,3174200,121094.1,1494.0,1.1538461538461495
2021-03-04,1929.6,1981.6,1995.2,1911.2666666666669,1971.45760016259,55.21428571428572,37.67313019390581,-4.089031611736573,14.783252848353928,-18.872284460090498,2091.6956502973726,1898.7043497026275,1995.2,192.9913005947451,14.881585785425498,25.85610717809813,-7.06745699991977,-91.62995594713657,-110.01143118818626,5.687267169739228,186953.05,2967895,122204.65,-7096.0,-5.417869195412828
2021-03-05,1905.2,1963.2,1984.4,1912.9333333333332,1959.12830490901,55.85714285714285,34.69387755102041,-13.524125483639182,9.121777181955306,-22.645902665594488,2098.1150640393384,1870.6849359606615,1984.4,227.43012807867672,10.174542614871754,20.62891899035601,-10.734210136096747,-99.23954372623574,-117.4003453700448,0.0,185925.25,2794384,121416.8,-7585.0,-6.122959686142815
2021-03-08,1896.4,1948.7,1977.6,1914.9166666666667,1953.4017996795808,55.785714285714285,35.189873417721515,-16.215163411954563,4.054389063173332,-20.26955247512789,2094.787029999045,1860.4129700009544,1977.6,234.37405999809107,15.33375304759566,18.86386367610256,8.273531790581863,-77.56653992395437,-81.00429068528011,2.08950382819634,186213.25,2994897,120292.5,-15809.0,-13.594111425451228
2021-03-09,1887.6,1933.7,1970.1,1916.7666666666669,1947.8397235196203,54.142857142857146,39.376770538243626,-18.457826593262325,-0.4480540681137994,-18.009772525148527,2088.3199555689907,1851.880044431009,1970.1,236.43991113798165,18.193516524484064,18.64041462556306,17.299720322326067,-79.08745247148289,-65.09323500633612,19.72783138076673,187437.8,2837107,118730.6,-951.0,-0.946419330440662
2021-03-10,1894.0,1925.2,1968.0,1918.9666666666667,1946.9978450891808,52.142857142857146,36.873156342182895,-16.49458177413544,-3.657359609318128,-12.837222164817312,2086.8949115816035,1849.1050884183965,1968.0,237.78982316320707,30.879011016322707,22.719946755816277,47.19713953733557,-62.3574144486692,-33.29332474471261,9.183400446086113,185406.1,3038457,117437.0,-6521.0,-6.5515959531009855
2021-03-11,1900.4,1915.0,1963.9,1920.4,1945.093288414021,53.21428571428572,35.816618911174785,-15.72571951670966,-6.0710315907964345,-9.654687925913226,2082.496884666626,1845.3031153333743,1963.9,237.1937693332518,41.75389055589397,29.064594689175504,67.13248228933088,-66.92015209125475,-36.23149915173249,4.7311906808312,184872.75,2872350,115951.4,-1513.0,-1.626671827291104
2021-03-12,1913.2,1909.2,1960.0,1921.9833333333331,1941.370118088876,53.642857142857146,30.397727272727263,-16.619337753578975,-8.180692823352944,-8.438644930226031,2080.921026859846,1839.0789731401544,1960.0,241.84205371969145,46.479994833872816,34.869728070741274,69.7005283601359,-74.90494296577947,-38.30981953932363,0.0,183239.65,2739409,114686.25,1136.0,1.2415436234275878
2021-03-15,1927.2,1911.8,1960.35,1924.5166666666669,1944.0015354137445,54.57142857142857,40.82125603864733,-12.104430813763656,-8.965440421435087,-3.1389903923285694,2081.3359060952207,1839.3640939047789,1960.35,241.97181219044185,60.84777433369298,43.52907682505851,95.48516935096193,-43.91304347826087,1.1786732587413835,44.222723151529244,185517.15,2963794,113789.3,5904.0,6.373400982350086
2021-03-16,1938.2,1912.9,1957.05,1927.4333333333332,1944.5728177552928,53.285714285714285,41.01941747572815,-9.944837845944903,-9.16131990633705,-0.7835179396078527,2075.2121989603925,1838.887801039608,1957.05,236.3243979207848,66.02814585209161,51.02876650073621,96.02690455480244,-52.17391304347826,-3.7925805438444784,67.4131128556616,184511.4,2848325,113226.9,-1326.0,-1.3456600939729446
2021-03-17,1946.6,1920.3,1957.6,1931.7166666666667,1948.0420732071696,54.142857142857146,44.52054794520548,-5.666583095136048,-8.46237254409685,2.795789448960802,2076.117864520602,1839.082135479398,1957.6,237.03572904120392,75.14459171596394,59.06737490581212,107.2990253362676,-19.88636363636364,4.406497123816217,100.0,187635.5,3031599,113154.3,770.0,0.7920751339841381
2021-03-18,1955.0,1927.7,1954.65,1935.25,1950.038066235058,51.92857142857143,50.64935064935064,-3.207362614073645,-7.411370558092209,4.204007944018564,2068.6403504687896,1840.6596495312103,1954.65,227.98070093757903,77.99762904521053,65.37745961894493,103.23796789774173,-14.56953642384106,11.719865154599592,100.0,187666.95,2907278,112309.2,-7768.0,-7.927905861220818
2021-03-19,1961.6,1937.4,1950.3,1938.2333333333331,1948.9868218317192,51.71428571428572,49.492385786802025,-3.637234173194429,-6.656543281112653,3.0193091079182244,2059.359327166927,1841.2406728330727,1950.3,218.11865433385375,69.7161370811914,66.82368543969375,75.50104036418674,-34.437086092715234,-1.5868784563966691,94.28705125988016,191198.4,2708980,110815.9,-3985.0,-4.417225516820933
2021-03-22,1950.2,1938.7,1943.7,1939.9833333333331,1945.4642673715557,53.85714285714285,46.76258992805756,-6.0864243215291935,-6.5425194891959615,0.4560951676667679,2044.5513236089728,1842.8486763910269,1943.7,201.7026472179464,53.47742472079428,62.37493186672726,35.68241042892832,-52.31788079470199,-25.07213854098749,80.80765848243253,190771.75,2530086,109233.15,3268.0,3.789864316363212
2021-03-23,1948.0,1943.1,1938.4,1941.0166666666669,1944.8486228599788,52.5,53.883495145631066,-5.78209837710142,-6.390435266777053,0.6083368896756332,2027.265125478522,1849.534874521478,1938.4,177.73025095704406,51.65161648052951,58.80049340466134,37.35386263226584,-34.437086092715234,-13.490262724451972,100.0,182224.1,2655022,107629.75,-556.0,-0.6212429328029678
2021-03-24,1945.6,1946.1,1935.65,1943.5,1947.148754016172,53.21428571428572,58.6046511627907,-3.084611117198392,-5.729270436861322,2.6446593196629298,2016.39462667472,1854.9053733252808,1935.65,161.48925334943897,60.43441098701968,59.34513259878078,62.612967763497466,-14.56953642384106,29.09395429156185,100.0,180928.55,2813836,105406.4,-1830.0,-2.057520631422727
2021-03-25,1947.6,1951.3,1933.15,1945.9166666666667,1950.1822060146312,51.21428571428572,67.70025839793283,-0.1383221116652748,-4.611080771822113,4.472758660156838,2004.2445256608771,1862.0554743391228,1933.15,142.1890513217545,69.6229406580131,62.77106861852489,83.32668473698953,-8.88888888888889,58.818895857260856,100.0,173959.7,2934818,103159.65,2012.0,2.3096703094866333
2021-03-26,1963.8,1962.7,1935.95,1949.0,1956.8315197275235,50.35714285714285,66.30727762803235,5.44225556630704,-2.6004135041962826,8.042669070503322,2016.0064932111125,1855.893506788888,1935.95,160.11298642222482,79.4922168489318,68.34478469532719,101.78708115614104,-0.7092198581560284,98.28556101288764,96.26572050774531,171938.7,3108171,101396.85,6961.0,7.810466316592612
2021-03-29,1983.8,1967.0,1939.4,1952.05,1962.0856607058545,50.21428571428572,65.6,9.114306390173624,-0.2574695253223014,9.371775915495926,2026.383119959521,1852.416880040479,1939.4,173.96623991904198,81.00407049188047,72.56454662751162,97.88311822061816,-15.97222222222222,98.97832884350343,94.36966250122993,168452.15,2976668,99589.0,-3034.0,-3.157620856533283
2021-03-30,1996.6,1972.3,1942.6,1954.7333333333331,1965.9822644481544,48.42857142857143,59.41176470588236,11.169453828927317,2.0279151455276225,9.141538683399697,2034.1122079862787,1851.087792013721,1942.6,183.0244159725576,79.92863958717956,75.01924428073426,89.74743020007017,-22.22222222222222,77.02335668374276,77.78034508106104,164538.1,2881522,97706.05,-1230.0,-1.321855756520618
2021-03-31,1992.2,1968.9,1944.6,1957.05,1964.174429738806,49.21428571428572,52.60416666666667,8.185088388305076,3.2593497940831133,4.925738594221962,2034.571691454343,1854.6283085456569,1944.6,179.9433829086861,66.24872268774934,72.09573708307262,54.554693897102766,-61.11111111111112,13.840222251033756,59.53065039850438,162484.75,2699719,94676.1,-21446.0,-23.356312826041968
2021-04-01,1982.0,1964.8,1946.25,1958.95,1960.729245954158,48.0,52.87958115183246,4.237963460315768,3.4550725273296443,0.782890932986124,2033.562807283852,1858.937192716148,1946.25,174.6256145677039,52.73062993998104,65.64070136870876,26.91048708252561,-74.30555555555556,-20.17341325453712,44.86150546811316,158635.2,2570405,91663.7,-6745.0,-9.584369449378327
2021-04-02,1962.6,1963.2,1950.3,1960.4833333333331,1957.1359844347144,45.07142857142857,42.90123456790124,0.6983303861322838,2.9037240990901725,-2.2053937129578887,2023.6502053955985,1876.9497946044016,1950.3,146.70041079119665,39.54651815120184,56.942640296206456,4.754273861192601,-77.77777777777777,-25.607645642272583,7.053065147609284,154259.1,2484416,88945.75,-1696.0,-2.665409398082663
2021-04-06,1947.6,1965.7,1952.2,1962.0833333333333,1955.218271631408,45.642857142857146,47.96238244514107,-0.9660354741099582,2.1297721844501463,-3.0958076585601044,2021.8293948815904,1882.5706051184095,1952.2,139.25878976318063,34.37468135144722,49.419987314620045,4.284069425101578,-68.05555555555556,-33.44209282564767,20.408657663011645,148171.2,2563171,87079.5,1225.0,1.9779119708076327
2021-04-07,1942.0,1969.3,1956.2,1964.1666666666667,1957.1022457617505,44.0,49.079754601227,0.772322162157252,1.8582821799915676,-1.0859600178343154,2021.0191004987812,1891.380899501219,1956.2,129.63820099756276,40.74591159863923,46.52862874262644,29.180477310664827,-41.66666666666666,17.580349247193624,24.914367902834844,144934.85,2656234,85170.75,-1801.0,-2.851533431498288
2021-04-08,1947.8,1970.0,1958.05,1966.2333333333331,1958.9020318796788,42.85714285714285,51.11111111111111,2.2052539608037023,1.9276765361539945,0.2775774246497078,2022.9141495337312,1893.185850466269,1958.05,129.72829906746256,45.25179636291711,46.10301794939,43.54935318997133,-40.97222222222222,31.28761999271073,33.10564399421124,137807.15,2715030,83502.75,-1706.0,-2.780403533361586
2021-04-09,1964.6,1973.3,1962.3,1968.1833333333332,1963.9589812244717,41.35714285714285,61.37071651090343,6.17458509694211,2.7770582483116177,3.397526848630492,2029.687645283386,1894.912354716614,1962.3,134.77529056677213,57.55804512049771,49.92136033975923,72.83141468197468,-15.97222222222222,71.61777911160638,74.47664903904672,134730.0,2819594,82334.8,8488.0,14.229196003486887
2021-04-12,1978.2,1970.4,1966.55,1969.9,1966.5343163459504,39.35714285714285,62.53968253968254,7.538880601358869,3.729422718921068,3.809457882437801,2029.567040301956,1903.532959698044,1966.55,126.03408060391212,62.38332951536005,54.07535006495951,78.99928841616114,-34.10852713178294,57.822479298625936,79.19040727723791,132261.75,2736018,80800.95,-6182.0,-9.072497798649836
2021-04-13,1992.6,1970.1,1968.55,1971.5,1970.5786671701453,41.92857142857143,61.43790849673203,9.957757357225546,4.975089646581964,4.982667710643582,2034.371049264753,1902.7289507352468,1968.55,131.64209852950626,65.43147893616596,57.860726355361656,80.57298409777458,-28.47222222222222,72.92721193083112,74.74759513067163,127667.25,2868513,78893.85,-1561.0,-2.5194486587688414
2021-04-14,2004.8,1973.4,1972.85,1972.9166666666667,1976.8092702967983,41.5,61.056105610561055,13.89325615618418,6.758722948502407,7.1345332076817725,2044.543132608048,1901.156867391952,1972.85,143.38626521609558,73.71357855003656,63.14501042025329,94.85071480960308,-9.72222222222222,83.36743988777219,73.20800676304962,125908.35,2948804,77199.25,2924.0,4.841300064572751
2021-04-15,2017.6,1982.7,1975.8,1974.3666666666663,1982.8274350304368,41.142857142857146,60.26936026936027,17.137384774670863,8.834455313736099,8.302929460934765,2053.5082262122214,1898.0917737877785,1975.8,155.41645242444315,80.1609042185429,68.81697501968316,102.84876261626238,-6.944444444444445,87.26926372804539,74.20359629707414,120430.1,3022513,74999.95,-9324.0,-14.72497275785285
2021-04-16,2026.4,1995.5,1980.15,1975.1666666666667,1989.796250741824,41.0,56.61764705882353,20.76013642989915,11.219591536968707,9.54054489293044,2065.609193093591,1894.690806906409,1980.15,170.9183861871818,83.20250757426669,73.61215253787768,102.38321764704472,-10.714285714285714,90.35641637925094,60.42801108260121,118250.55,3103243,72691.45,-9952.0,-18.430653554827124
2021-04-19,2040.4,2009.3,1986.25,1975.6333333333332,1996.5775601949836,42.21428571428572,59.10780669144981,23.76075226883995,13.727823683342958,10.032928585496991,2076.617378837121,1895.8826211628784,1986.25,180.73475767424247,82.35722727173335,76.5271774491629,94.01732691687424,-15.76086956521739,90.2979628115744,82.52470942121276,112048.45,3177499,70192.55,-7793.0,-17.69326824838233
2021-04-20,2048.6,2020.6,1993.15,1977.0166666666669,2001.665411604985,43.42857142857143,58.67158671586716,24.963391433037717,15.97493723328191,8.988454199755804,2080.675695475204,1905.6243045247968,1993.15,175.0513909504068,76.61024453774472,76.55486647869017,76.7210006558538,-23.80952380952381,82.92480306460084,80.30345458371512,106095.25,3117669,67074.45,-9116.0,-25.14619883040936
2021-04-21,2051.8,2028.3,1998.8,1978.75,2006.45918192832,41.785714285714285,74.19354838709677,25.78069116073607,17.936088018772743,7.844603141963326,2086.196495172392,1911.403504827608,1998.8,174.79299034478436,72.25993703646259,75.12322333128097,66.53336444682583,-22.75132275132275,51.98366749409897,100.0,107395.25,3268605,66830.05,56918.0,209.75088443396223
2021-04-22,2063.2,2040.4,2005.2,1981.5333333333333,2015.0821169827652,43.142857142857146,84.77366255144032,29.716972244707904,20.292264863959776,9.424707380748128,2101.682559100198,1908.7174408998023,2005.2,192.96511820039564,79.91932310367346,76.72192325541181,86.31412280019677,-3.045685279187817,87.65604124755262,100.0,108912.75,3457769,67514.1,16739.0,19.91457872320175
2021-04-23,2070.4,2048.4,2010.85,1983.7,2022.4076296510732,42.07142857142857,84.77366255144032,32.063437797737606,22.646499450715343,9.416938347022263,2113.884536877061,1907.8154631229388,2010.85,206.069073754122,83.70282915906273,79.0488918899621,93.01070369726398,-5.583756345177665,82.51771795251214,100.0,109192.25,3331197,67975.1,-2449.0,-2.4297322234678957
2021-04-26,2070.8,2055.6,2013.0,1985.7166666666667,2026.2735696843044,42.0,74.41860465116278,31.223051119368165,24.361809784445907,6.8612413349222585,2118.601036677512,1907.3989633224885,2013.0,211.20207335502343,76.19023562060494,78.09600646684305,72.37869392812871,-24.539877300613497,52.78732516974838,70.98928502107135,107149.85,3198692,67750.25,-6756.0,-6.869763279915397
2021-04-27,2082.0,2065.3,2017.7,1987.6333333333332,2033.866563047704,42.285714285714285,74.90494296577947,33.63900969193492,26.217249765943716,7.4217599259912035,2131.1865630812595,1904.2134369187409,2017.7,226.97312616251884,82.33470905172945,79.50890732847185,87.98631249824464,-3.4482758620689653,73.03888386278463,70.6833880279268,108518.25,3357563,68205.55,10569.0,11.539721360876976
2021-04-28,2092.2,2072.0,2022.7,1989.9,2040.450699900304,43.07142857142857,73.9622641509434,34.909187950305295,27.95563740281603,6.9535505474892645,2142.1162996896805,1903.2837003103195,2022.7,238.832599379361,82.39789664937302,80.47190376877224,86.2498824105746,-12.5,72.24481291020156,61.601816836150185,111629.15,3200199,68751.8,589.0,0.5765635247706902
2021-04-29,2095.8,2079.5,2031.1,1991.8666666666663,2047.550633243132,41.92857142857143,71.36929460580913,36.46378130999369,29.657266184251565,6.806515125742127,2151.7245152703504,1910.4754847296492,2031.1,241.2490305407009,86.32351686009982,82.42244146588143,94.1256676485366,-4.166666666666667,67.43454107838679,52.39252532324345,108617.7,3321773,70102.35,-5360.0,-5.216748097249524
2021-04-30,2103.2,2086.8,2041.15,1994.2,2055.307715791405,41.0,79.48717948717949,38.38303500992061,31.40241994938537,6.980615060535232,2159.069285508068,1923.2307144919323,2041.15,235.8385710161356,90.58472552578084,85.14320281918123,101.46777093898004,-0.6535947712418301,70.34958814825092,81.22432108461128,108201.5,3442763,71663.55,-2532.0,-2.599963033700947
2021-05-06,2119.8,2095.3,2052.3,1995.6666666666667,2063.9450761922235,42.35714285714285,79.39914163090128,40.80543565789867,33.28302309108803,7.522412566810637,2165.2473095599817,1939.3526904400185,2052.3,225.8946191199632,91.08526066227115,87.12388876687787,99.00800445305774,-7.006369426751593,68.39105937298083,80.9116424092451,115307.4,3670870,73818.25,10174.0,10.725957787758023
2021-05-07,2123.0,2102.5,2061.55,1997.1166666666663,2069.474116554869,43.42857142857143,68.69565217391305,40.3237787791586,34.691174228702145,5.632604550456456,2164.607418844756,1958.492581155244,2061.55,206.1148376895119,83.15341365023684,85.80039706133086,77.85944682804882,-25.179856115107917,66.06141536513275,42.896712847230354,121427.4,3469715,75268.95,-12855.0,-12.239593251323456
2021-05-10,2138.4,2115.3,2071.8,1999.3666666666663,2080.000391168691,46.785714285714285,74.64788732394366,44.11366266300456,36.57567191556263,7.537990747441931,2179.2951161681126,1964.304883831888,2071.8,214.99023233622484,85.7386394031882,85.7798111752833,85.65629585899802,-7.428571428571429,97.27039202552548,64.03690277073513,124379.35,3621817,77187.25,7551.0,8.192203790697917
2021-05-11,2164.4,2130.1,2085.25,2003.7666666666669,2095.714639628816,50.21428571428572,78.37837837837839,51.76541029094096,39.61361959063829,12.15179070030267,2208.444112983048,1962.055887016952,2085.25,246.3882259660959,89.82240951837338,87.12734395631333,95.21254064249348,-1.7316017316017316,122.6610964338087,75.49894417076922,132686.85,3846763,79521.1,6605.0,6.623280253499653
2021-05-12,2194.4,2148.8,2098.6,2008.2666666666669,2113.170388235595,50.285714285714285,80.11049723756906,59.88270076535309,43.66743582558125,16.215264939771842,2244.2013302426067,1952.9986697573931,2098.6,291.2026604852133,91.30598226335024,88.5202233919923,96.87750000606611,-4.744525547445256,132.90140152245587,82.13488711301622,137191.6,4041422,80960.6,-9399.0,-8.839545185226982
2021-05-13,2224.0,2171.9,2113.75,2013.4333333333332,2130.392256022681,56.285714285714285,83.33333333333333,66.7565585357288,48.28526036761076,18.47129816811804,2274.47975030023,1953.02024969977,2113.75,321.45950060045993,86.65894313052179,87.8997966381688,84.1772361152278,-19.533527696793,122.51602066456968,91.0416202982417,148378.45,4348735,82270.15,-8781.0,-9.059114825131545
2021-05-14,2242.8,2182.9,2124.1,2017.6666666666667,2138.545374496712,60.785714285714285,68.55203619909503,65.1590789138213,51.66002407685287,13.499054836968432,2283.0781845345136,1965.1218154654864,2124.1,317.95636906902723,74.7771332581857,83.52557551150777,57.28024875154156,-46.62379421221865,81.83623958836164,0.0,151544.4,4152921,83426.4,-4627.0,-5.249066920781853
2021-05-17,2260.2,2199.3,2135.65,2021.85,2150.779148354168,62.57142857142857,68.97321428571428,67.23331477798138,54.77468221707857,12.458632560902808,2301.1111100753387,1970.1888899246612,2135.65,330.9222201506773,72.59916991987154,79.8834403142957,58.03062913102323,-30.22508038585209,77.69049386545092,2.596398643828685,155649.7,4315318,84252.75,-3674.0,-4.39884102392184
2021-05-18,2279.2,2221.8,2150.65,2028.0166666666669,2168.800181844247,66.57142857142857,74.03100775193798,73.91559854872776,58.60286548340841,15.31273306531935,2333.119925423904,1968.180074576096,2150.65,364.9398508478082,79.36791508171616,79.71159857010252,78.68054810494345,-6.752411575562701,96.98467859017428,37.06691979117223,160670.1,4489435,85934.2,7778.0,9.74100791503858
2021-05-19,2279.8,2237.1,2161.95,2032.25,2179.5811169067,72.42857142857143,70.09174311926606,73.68188243123586,61.61866887297391,12.063213558261957,2347.701928515864,1976.1980714841357,2161.95,371.50385703172856,76.34552734771053,78.58957482930519,71.85743238452122,-26.68918918918919,66.09645832509658,10.416588653810123,171519.45,4191718,87999.25,-2280.0,-2.6019674525825653
2021-05-20,2279.8,2251.9,2173.6,2036.7166666666667,2190.478153391776,78.14285714285714,68.28793774319067,73.61635689837203,64.01820647805354,9.59815042031849,2361.902556094104,1985.297443905896,2173.6,376.6051121882074,74.9247960095848,77.3679818893984,70.03842424995761,-22.635135135135137,48.13121241232799,0.0,181264.55,4460876,90992.8,10777.0,12.62742249197384
2021-05-21,2293.0,2267.9,2185.2,2040.6833333333332,2199.194519735416,81.78571428571429,67.11281070745699,71.76882143076227,65.5683294685953,6.2004919621669785,2369.9941671442043,2000.405832855795,2185.2,369.5883342884092,70.86181369192445,75.19925915690708,62.18692276195921,-26.68918918918919,59.235408711317454,0.0,192682.15,4172694,94433.95,-164.0,-0.1706147332064089
2021-05-24,2293.0,2276.6,2195.95,2044.3833333333332,2205.6521845225197,84.14285714285714,64.44866920152091,68.30686262929294,66.11603610073482,2.1908265285581194,2372.969148533039,2018.9308514669608,2195.95,354.03829706607826,64.33965472380456,71.57939101253956,49.86018214633455,-31.75675675675676,40.37817621227147,0.0,194424.55,3986910,95021.0,-164.0,-0.1709063245761255
2021-05-25,2272.6,2275.9,2203.0,2047.95,2208.732928853708,86.78571428571429,60.07393715341959,62.50268564661155,65.39336600991017,-2.890680363298614,2374.573522678192,2031.426477321808,2203.0,343.1470453563843,54.9829131664742,66.04723173051778,32.85427603838704,-41.554054054054056,35.214250915349794,0.0,193320.15,3819834,94504.75,-5327.0,-5.560833028863721
2021-05-26,2268.6,2274.2,2211.5,2051.833333333333,2213.805983248593,83.5,60.58394160583942,59.15750213429283,64.14619323478671,-4.988691100493881,2376.643000234068,2046.3569997659324,2211.5,330.2860004681352,54.35772365523892,62.15072903875816,38.77171288820045,-37.21804511278196,28.30596842206149,2.192681394112268,194859.2,3977187,93919.0,-3839.0,-4.243489410620327
2021-05-27,2249.6,2264.7,2218.3,2055.75,2212.39588960587,86.14285714285714,56.5587734241908,50.83683126698588,61.48432084122655,-10.647489574240666,2368.1927335761834,2068.407266423817,2218.3,299.78546715236644,42.076523868087726,55.45932731520135,15.310916973860486,-67.5,2.179077967982725,0.0,199390.35,3754059,93180.65,-9808.0,-11.321843724387904
2021-05-28,2251.6,2272.3,2227.6,2061.5666666666666,2219.97723345293,88.5,59.00321543408361,51.15725345052624,59.41890736308649,-8.261653912560249,2371.099715752491,2084.1002842475086,2227.6,286.99943150498257,51.40318163710556,54.10727875583609,45.99498739964452,-32.54716981132076,39.54043629773001,9.129718726238048,201537.1,3955865,91960.2,927.0,1.206701292615309
2021-05-31,2267.4,2280.2,2239.75,2068.35,2231.979401695508,85.92857142857143,58.26513911620295,55.13300013619983,58.56172591770916,-3.4287257815093355,2379.940659648297,2099.559340351703,2239.75,280.3813192965936,65.82907144601364,58.01454298589528,81.45812836625038,-7.772020725388601,74.3363981797379,6.373085861364569,200171.3,4085913,90851.9,2832.0,3.642537428615533
2021-06-01,2288.8,2280.7,2251.25,2075.65,2242.743268200698,85.28571428571429,55.70934256055364,57.53983300803884,58.3573473357751,-0.8175143277362622,2385.9807256012728,2116.5192743987272,2251.25,269.4614512025455,73.9880884470023,63.33905813959761,95.28614906181168,-9.693877551020408,74.33206351746603,0.0,198374.8,4000269,89763.15,-4969.0,-6.166542566393652
2021-06-02,2311.2,2289.9,2263.5,2083.633333333333,2255.243909324441,80.71428571428571,56.75675675675676,61.083193998704246,58.90251666836093,2.1806773303433147,2395.9625071084884,2131.037492891512,2263.5,264.9250142169767,79.46237859937139,68.71349829285553,100.9601392124031,-9.251101321585905,84.68119021318103,5.716806770902362,198068.4,4115131,88578.75,-4445.0,-5.878774252423591
2021-06-03,2370.8,2310.2,2281.05,2094.55,2278.2682989125897,82.35714285714286,72.05651491365776,72.97519256405485,61.71705184749972,11.258140716555133,2438.597620202818,2123.5023797971826,2281.05,315.0952404056352,86.20473273084386,74.54390977218497,109.52637864816164,-0.303030303030303,130.09097676929647,89.2231802204927,193257.7,4247024,86805.25,-1608.0,-2.259505943849593
2021-06-04,2400.2,2325.9,2296.9,2103.55,2293.5760799685336,82.78571428571429,63.35403726708074,76.83387870426941,64.74041721885365,12.09346148541576,2450.815766436993,2142.984233563008,2296.9,307.83153287398545,84.69549469840936,77.92777141425978,98.23094126670853,-17.87878787878788,104.63394774189445,41.72489032340783,188933.35,4132356,84779.75,-17895.0,-25.72673164840852
2021-06-07,2414.4,2340.9,2308.75,2112.25,2305.3307390191494,86.35714285714286,56.49241146711636,77.22648033886207,67.23762984285534,9.988850496006734,2461.2572905936054,2156.2427094063946,2308.75,305.01458118721075,79.81637631056748,78.55730637969567,82.33451617231108,-29.26136363636364,95.18567160035212,4.790240719606961,185490.1,4049119,82031.4,-6906.0,-13.367400267115723
2021-06-08,2422.0,2355.4,2315.65,2119.65,2312.727811493516,84.0,58.87521968365553,73.94174964985177,68.57845380425464,5.363295845597136,2468.499805881089,2162.800194118912,2315.65,305.6996117621775,73.26905707526204,76.79455661155113,66.21805800268388,-38.92045454545455,39.31165155857394,19.3665121693094,181195.85,3910058,81092.8,42800.0,95.6274996089997
2021-06-09,2418.0,2364.6,2319.4,2126.766666666667,2316.658496113181,82.07142857142857,55.11945392491468,68.2122113647315,68.50520531635001,-0.2929939516185129,2472.1438860865924,2166.656113913408,2319.4,305.48777217318457,62.966408420545065,72.18517388121577,44.528877499203645,-48.25581395348837,35.733559711347965,0.0,180769.4,3723928,80928.2,6081.0,6.945189990520451
2021-06-10,2377.0,2373.9,2319.3,2133.2,2314.3100679119257,81.14285714285714,50.786163522012586,58.00004078391339,66.4041724098627,-8.404131625949304,2472.1165050330565,2166.483494966944,2319.3,305.63301006611255,42.41050604659715,62.260284603009566,2.7109489337723147,-66.27906976744185,-2.7061786239378463,0.0,174264.65,3546710,81020.8,-3637.0,-3.8841068796856
2021-06-11,2352.4,2376.3,2324.3,2138.983333333333,2314.471013825076,81.85714285714286,53.798449612403104,51.25261322590632,63.37386057307143,-12.12124734716511,2469.225534417878,2179.3744655821224,2324.3,289.85106883575554,35.25041488377795,53.25699469659903,-0.7627447418642106,-59.30232558139535,-11.959686356391702,14.161900924559804,171063.35,3678498,81035.75,-6180.0,-6.866590371218095
2021-06-15,2321.2,2367.8,2324.0,2144.1666666666665,2309.378536317926,82.78571428571429,51.71385991058121,40.99462738158854,58.89801393477485,-17.90338655318631,2469.4488515631674,2178.5511484368326,2324.0,290.8977031263348,26.54121226169992,44.351733884966,-9.079830984832228,-75.29069767441861,-38.157965218459374,4.361453045543097,169453.15,3548305,81163.35,-1421.0,-1.695279225969626
2021-06-16,2279.0,2350.5,2315.6,2147.35,2296.294866192409,86.14285714285714,43.88586956521739,25.390853544797665,52.19658185677942,-26.805728311981756,2475.8135417103067,2155.386458289693,2315.6,320.4270834206136,17.789652491563082,35.49770675383169,-17.62645603297414,-99.7134670487106,-74.21348056936728,0.0,167917.75,3404896,81188.05,5720.0,6.941747572815538
2021-06-17,2240.4,2329.2,2309.55,2150.55,2283.409640840751,83.14285714285714,47.22222222222223,11.998827278995122,44.157030941222565,-32.15820366222744,2483.643108784661,2135.4568912153395,2309.55,348.18621756932134,12.763110694465723,27.91950806737637,-17.54968405135557,-97.289972899729,-84.30675394269413,11.843366084581197,159846.0,3268614,81071.85,-5098.0,-5.785292782569229
2021-06-18,2207.8,2292.4,2301.3,2153.7166666666667,2268.70396076068,79.28571428571429,36.91813804173355,-1.1829463170497547,35.0890354895681,-36.27198180661785,2493.221146088131,2109.3788539118696,2301.3,383.84229217626125,10.05345591013162,21.964157348294787,-13.76794696619471,-95.36585365853658,-96.16828092362408,0.0,151685.05,3162675,80205.1,-4234.0,-5.099853050998526
2021-06-21,2186.0,2269.2,2297.55,2158.633333333333,2262.827393069186,82.14285714285714,39.258114374034,-5.274843620878983,27.01625966747868,-32.29110328835766,2493.9378814998327,2101.162118500168,2297.55,392.77576299966495,16.999543855162056,20.30928618391721,10.380059197651748,-76.34146341463415,-52.12930225331262,6.659318217313868,145104.85,3319253,79306.7,-797.0,-1.011575366807127
2021-06-22,2174.0,2247.6,2294.25,2163.0,2256.93906991974,82.21428571428571,38.95705521472392,-8.899266367515793,19.83315446047979,-28.732420827995583,2494.969626397233,2093.5303736027668,2294.25,401.4392527944665,20.993326476689777,20.5372996148414,21.90538020038654,-77.8048780487805,-49.178192291475554,5.802536583923662,140689.05,3221785,78229.1,-3748.0,-4.805682706979009
2021-06-23,2191.0,2235.0,2295.2,2167.8,2256.9448727845265,82.64285714285714,41.38438880706922,-7.170261210408171,14.4324713263022,-21.60273253671037,2494.9762959438503,2095.4237040561493,2295.2,399.55259188770106,33.91425017145172,24.996283133711504,51.75018424693214,-64.14634146341463,-27.06534216983977,12.71046406501558,138316.3,3341406,77520.55,2054.0,2.766590789704071
2021-06-24,2222.4,2231.4,2298.0,2173.45,2262.759646805048,78.21428571428571,35.49432739059968,-0.8678182957460194,11.372413401892556,-12.240231697638576,2497.38642724221,2098.61357275779,2298.0,398.7728544844204,54.4137814598669,34.802115909096635,93.63711256140742,-49.26829268292683,1.86739568235338,0.0,136022.6,3452885,76943.7,-1205.0,-1.5793543651781872
2021-06-25,2256.8,2232.3,2303.1,2178.133333333333,2266.4015852045677,78.14285714285714,38.020833333333336,2.723757415692944,9.642682204652631,-6.918924788959689,2496.9658244630264,2109.234175536973,2303.1,387.7316489260529,62.15661311416601,43.92028164411976,98.6292760542585,-53.41463414634146,4.737323515782736,10.805857668161073,131108.15,3328046,76701.8,-3109.0,-4.14025462099824
2021-06-28,2260.8,2223.4,2299.85,2181.7166666666667,2262.6490532803227,78.42857142857143,34.872611464968145,-0.3965038635583369,7.63484499101044,-8.031348854568776,2496.6563702434787,2103.043629756521,2299.85,393.6127404869576,57.29140061269604,48.37732130031185,75.11955923746441,-62.73885350318472,-21.730464432764155,0.0,129292.05,3162562,76616.05,4050.0,5.626328438659134
2021-06-29,2271.4,2222.7,2295.25,2185.9,2261.825333920292,74.64285714285714,39.61352657004832,-0.6827882975749162,5.97131833329337,-6.654106630868286,2491.815109073954,2098.684890926046,2295.25,393.1302181479077,57.70646219708191,51.48703493256853,70.14531672610866,-54.14012738853504,-27.32317477042547,23.41557758677147,128060.05,3267970,76563.65,3499.0,4.60194915365697
2021-06-30,2283.0,2237.0,2293.75,2192.0333333333333,2266.889587832645,72.71428571428571,47.01378254211332,3.966792710504251,5.5704132087355465,-1.6036204982312956,2489.171137681224,2098.328862318776,2293.75,390.84227536244816,66.24875257583238,56.40760748032315,85.93104276685085,-16.666666666666668,0.3341636768255577,64.15129931136329,130383.7,3400087,76934.75,3501.0,4.402001710003511
2021-07-01,2282.6,2252.5,2290.85,2198.5,2271.566769943822,71.14285714285714,52.02702702702703,7.644193298480332,5.985169226684503,1.6590240717958284,2482.9500561658942,2098.7499438341056,2290.85,384.2001123317887,70.51836559156713,61.11119351740447,89.33270973989244,-16.260162601626018,6.841156724309434,90.64018950401857,129298.7,3493249,77388.55,-2791.0,-3.3613141762913523
2021-07-02,2283.0,2269.9,2281.15,2204.833333333333,2274.560410901553,68.92857142857143,48.88123924268502,9.401197254319412,6.6683748322114855,2.732822422107928,2447.25367719873,2115.04632280127,2281.15,332.2073543974602,70.30769827316597,64.1766951026583,82.56970461418132,-21.54471544715447,10.26702932930326,81.66193553513025,126486.25,3417605,77704.35,-4368.0,-5.443533311732008
2021-07-05,2286.6,2273.7,2271.45,2209.9666666666667,2271.7451336728336,70.28571428571429,48.63013698630137,6.043850527364157,6.54346997124202,-0.4996194438778634,2420.526419823395,2122.3735801766047,2271.45,298.1528396467902,56.334164440175165,61.56251821516392,45.877456890197664,-45.1219512195122,-16.67685074792854,80.19815931101324,125959.25,3313477,78644.85,-5401.0,-7.118380472889263
2021-07-06,2298.6,2285.0,2266.3,2215.616666666667,2275.769406656373,70.07142857142857,62.5886524822695,8.848848384850498,7.004545653963716,1.844302730886782,2400.5881426751844,2132.011857324816,2266.3,268.5762853503684,61.73911616273115,61.621384197686325,61.974580092820815,-17.073170731707318,23.00437293570395,100.0,127797.6,3433481,80100.0,3387.0,4.806095951641054
2021-07-07,2294.2,2288.6,2261.8,2220.9,2277.4104155462423,71.92857142857143,61.49825783972125,9.270441026643311,7.4577247284996355,1.812716298143676,2385.213894978147,2138.3861050218534,2261.8,246.8277899562936,60.76725391240901,61.33667410259389,59.62841353203925,-25.60975609756097,12.496573116909785,96.06583551428724,126696.1,3316450,79273.05,-2842.0,-3.847820200379093
2021-07-08,2292.0,2287.3,2259.35,2225.7833333333333,2280.037995018029,71.28571428571429,65.88447653429603,10.452367557658818,8.056653294331472,2.3957142633273456,2376.861522391337,2141.8384776086627,2259.35,235.02304478267436,64.62497778557763,62.43277533025514,69.00938269622259,-26.701570680628272,37.14811957984469,100.0,122912.7,3426912,78487.4,6907.0,9.725703342814509
2021-07-09,2300.0,2291.5,2261.9,2231.65,2286.0343764448835,67.21428571428571,63.2295719844358,14.290602104093525,9.303443056283882,4.987159047809641,2384.498016640578,2139.301983359422,2261.9,245.1960332811559,75.26722656969542,66.7109257434019,92.37982822228248,-7.386363636363637,67.06676452624036,91.43906842131192,118596.9,3517814,78084.7,4022.0,5.161373115174839
2021-07-12,2330.0,2308.3,2265.85,2238.083333333333,2296.412054878704,68.35714285714286,67.32142857142857,21.28305820623973,11.699366086275052,9.583692119964676,2400.3044923991333,2131.3955076008665,2265.85,268.90898479826683,81.8613193632953,71.76105695003304,102.0618441898198,-4.901960784313726,101.9692779304466,100.0,117975.65,3637177,78529.35,10767.0,13.138980072485884
2021-07-13,2348.6,2323.6,2273.15,2244.266666666667,2306.944240128352,66.07142857142857,64.53488372093022,27.476201212693468,14.854733111558737,12.621468101134733,2421.6190646494665,2124.6809353505337,2273.15,296.93812929893284,86.8017010605223,76.7746049868628,106.85589320784132,-3.3175355450236967,96.16845837940826,91.41249173627486,115695.95,3721776,79122.6,1551.0,1.672886511206495
2021-07-14,2376.8,2335.5,2286.25,2250.833333333333,2319.044788687556,65.78571428571429,62.03319502074689,34.16910583355957,18.717607655958904,15.451498177600666,2443.136650332729,2129.3633496672705,2286.25,313.7733006654589,87.2571136841141,80.26877455261324,101.23379194711586,-11.83206106870229,104.45683715795612,83.70284644481288,113690.25,3825071,79314.8,-2301.0,-2.4409908237415845
2021-07-15,2397.8,2344.9,2298.7,2256.733333333333,2327.707189764932,63.85714285714285,61.14519427402863,37.10891309112003,22.39586874299113,14.7130443481289,2453.2384980139686,2144.161501986031,2298.7,309.07699602793764,84.50728698533815,81.6816120301882,90.15863689563804,-20.99236641221374,74.44701106691292,80.96622666664086,111792.25,3726749,79653.6,-2166.0,-2.3552694532643192
2021-07-16,2420.8,2360.4,2315.15,2263.35,2340.1160288349383,58.71428571428572,74.94600431965443,42.81834711808551,26.48036441801001,16.337982700075504,2463.5495673138557,2166.750432686145,2315.15,296.7991346277104,87.9621229474904,83.77511566928894,96.33613750389333,-4.49438202247191,97.69627682226977,100.0,111663.05,3830104,80402.4,3966.0,4.416579433840395
2021-07-19,2446.8,2388.4,2331.05,2271.266666666667,2357.724026088754,63.0,76.93836978131213,52.14832138857855,31.61395581212372,20.53436557645483,2497.6828772765616,2164.4171227234388,2331.05,333.26575455312286,90.64584497717522,86.06535877191769,99.80681738769027,-3.592814371257485,111.08994753931246,100.0,110297.45,3959370,81367.2,3523.0,3.757305575700687
2021-07-20,2466.2,2407.4,2346.2,2278.8,2371.6550712231583,62.92857142857143,70.41036717062634,57.18863374992179,36.72889139968333,20.459742350238457,2518.062368435333,2174.3376315646665,2346.2,343.7247368706667,89.61295325522373,87.24789026635304,94.34307923296512,-9.880239520958083,93.22294751594713,76.93956151216783,110172.35,3864404,82345.7,-3474.0,-3.5708779179129846
2021-07-21,2482.8,2429.8,2359.2,2285.8,2385.497445392381,63.57142857142857,71.15789473684211,61.522911141288205,41.68769534800431,19.835215793283894,2541.6599162901903,2176.7400837098094,2359.2,364.9198325803809,88.89176640766603,87.79584898012403,91.08360126275002,-8.985507246376812,94.62209492893302,79.58023347367408,109069.8,3961974,83181.95,-791.0,-0.8431667252939312
2021-07-22,2500.4,2449.1,2368.2,2292.5666666666666,2396.211974402631,65.35714285714286,70.27027027027027,62.70192720413934,45.89054171923132,16.811385484908016,2559.639532847408,2176.760467152592,2368.2,382.87906569481584,83.9589323546789,86.51687677164233,78.84304352075202,-14.492753623188406,76.96697172309104,76.44466343297455,108859.35,3854704,83793.95,-5690.0,-6.116832577239794
2021-07-23,2518.8,2469.8,2380.65,2300.6833333333334,2410.858453030952,64.57142857142857,82.10526315789474,67.05925400888964,50.12428417716299,16.934969831726647,2585.5985429642024,2175.701457035798,2380.65,409.8970859284045,83.48834484022618,85.50736612783695,79.45030226500464,-10.54131054131054,86.205848434695,100.0,110216.5,4006686,84470.0,-1828.0,-2.093161727659965
2021-07-26,2523.0,2484.9,2396.6,2308.016666666667,2423.7290765518133,60.57142857142857,78.29268292682927,69.3898176991197,53.97739088155434,15.41242681756536,2600.8510323364794,2192.3489676635204,2396.6,408.502064672959,82.38997546514273,84.46823590693887,78.23345458155043,-11.68091168091168,73.45620690458583,81.81026860078605,105241.1,3940710,84846.15,-1948.0,-2.2782559880239472
2021-07-27,2531.8,2499.0,2411.3,2315.4333333333334,2435.5644025944976,59.07142857142857,82.6086956521739,70.58453491854061,57.2988196889516,13.285715229589016,2614.65512106448,2207.9448789355206,2411.3,406.7102421289592,81.9797904067135,83.63875407353042,78.66186307307967,-12.38095238095238,71.03566765029242,100.0,103414.35,4009583,85007.65,-794.0,-0.9502609028675392
2021-07-28,2543.8,2513.3,2424.4,2323.133333333333,2449.03445949026,59.5,83.33333333333333,73.02957507713563,60.44497076658841,12.58460431054722,2635.2523055051406,2213.54769449486,2424.4,421.704611010281,85.95400661260575,84.41050491988887,89.0410099980395,-3.4965034965034967,67.04307508678511,100.0,100269.75,4078808,85115.55,2429.0,2.934921824025527
2021-07-29,2556.4,2528.4,2436.65,2330.333333333333,2459.6978443007115,61.142857142857146,78.23834196891191,72.8366056848422,62.92329775023917,9.913307934603026,2649.444217372934,2223.855782627066,2436.65,425.5884347458677,80.27818896584263,83.03306626854013,74.76843436044766,-21.0727969348659,65.47796198330006,77.03732002578734,101263.15,3965778,85280.1,-1658.0,-1.946214975760352
2021-07-30,2552.0,2535.4,2447.9,2336.7,2466.2028115101675,63.35714285714285,68.11989100817439,69.22289341811847,64.18321688381504,5.039676534303439,2654.648155977244,2241.151844022756,2447.9,413.4963119544882,68.9659471154398,78.34402655084003,50.20978824463936,-36.51452282157676,41.84126758759383,31.43434749306249,104078.2,3833833,85431.1,-4639.0,-5.553493828786227
2021-08-02,2543.4,2533.2,2460.8,2343.05,2469.707305652056,65.92857142857143,62.63157894736842,63.60847049213135,64.0682676054783,-0.4597971133469514,2645.234955015501,2276.3650449844995,2460.8,368.8699100310014,56.202246952215496,70.96343335129852,26.679874154049458,-47.88135593220339,18.390739424790155,6.699005578462289,103153.9,3748191,85489.3,-7257.0,-9.198418130656329
2021-08-03,2532.6,2532.2,2469.8,2348.2833333333333,2472.020895589956,64.92857142857143,58.28729281767956,57.76687451886892,62.80798898815642,-5.041114469287507,2641.177822062038,2298.4221779379623,2469.8,342.75564412407584,45.852622712519945,62.59316313837233,12.37154186081517,-51.69491525423729,13.390563816877693,0.0,100797.5,3675315,85163.9,-4285.0,-5.981545849212
2021-08-04,2528.4,2536.1,2482.95,2353.4666666666667,2480.0189055337696,65.71428571428571,68.25,57.47768252250762,61.74192769502667,-4.264245172519047,2636.657137799508,2329.242862200492,2482.95,307.41427559901604,51.63180982470655,58.93937870048374,37.016672073152165,-31.088082901554404,38.86429879322598,39.777573529411775,98657.45,3749545,84989.9,186.0,0.2761610642594059
2021-08-05,2517.6,2537.0,2493.05,2357.266666666667,2482.588533578172,66.92857142857143,56.109725685785534,52.68725936270903,59.93099402856315,-7.24373466585412,2622.0909563706155,2364.009043629385,2493.05,258.0819127412305,45.464151335080444,54.44763624534932,27.49718151454272,-61.5819209039548,9.465204845020992,0.0,96924.7,3673738,84240.55,-4600.0,-6.810980485060258
2021-08-06,2522.8,2537.4,2503.6,2361.6,2489.3896256183466,64.71428571428571,53.80577427821523,52.08294196557108,58.36138361596474,-6.27844165039366,2614.1667695390715,2393.0332304609283,2503.6,221.1335390781433,50.96383095140333,53.28636781403399,46.31875722614198,-37.80487804878049,41.68614414704148,0.0,95889.75,3743941,83365.0,1498.0,2.3801201182115816
2021-08-09,2532.0,2537.7,2511.3,2367.15,2495.066804130885,62.642857142857146,56.16438356164384,50.617075720342655,56.81252203684033,-6.195446316497673,2610.9311090710485,2411.668890928952,2511.3,199.26221814209657,53.60778914142635,53.39350825649811,54.03635091128285,-41.104294478527606,31.5906579266776,7.987823439878217,92381.65,3694740,81611.25,-6797.0,-10.54845117636104
2021-08-10,2544.2,2538.4,2518.7,2371.95,2500.7747275469915,63.142857142857146,55.3072625698324,49.37040472228273,55.32409857392881,-5.953693851646079,2607.0607438437555,2430.339256156244,2518.7,176.7214876875114,56.5974217998057,54.46147943760064,60.8693065242158,-37.42331288343559,47.974757353047686,5.085040347610132,91303.4,3757774,79486.75,-5864.0,-10.173667135099496
2021-08-11,2545.4,2536.9,2525.1,2375.65,2506.6057058758493,60.57142857142857,59.2485549132948,48.38944704890446,53.93716826892394,-5.547721220019483,2605.8436489273017,2444.356351072698,2525.1,161.48729785460364,64.4473008077136,57.79008656097163,77.76172930119756,-33.12883435582822,49.17039816776553,18.4328837508028,87770.45,3790410,77203.55,-5475.0,-10.574601641718973
2021-08-12,2537.0,2527.3,2527.85,2378.7,2502.643257697197,61.5,39.130434782608695,39.33155203928982,51.01604502299712,-11.6844929837073,2594.6262170078903,2461.073782992109,2527.85,133.55243401578082,45.90604367573064,53.82873893255797,30.060653162075965,-92.63803680981596,-46.38442474070408,0.0,85607.4,3735349,74589.95,-8774.0,-18.950323974082075
2021-08-13,2493.6,2508.2,2521.8,2379.4166666666665,2486.867709345083,70.07142857142857,29.708737864077666,21.5758616239018,45.12800834317806,-23.55214671927626,2626.422831361493,2417.177168638507,2521.8,209.2456627229867,33.7215351123576,47.12633765915785,6.911930018757104,-91.47540983606558,-177.38666126925463,0.0,86352.65,3617089,73130.1,27041.0,72.05937216862975
2021-08-16,2451.6,2491.8,2512.5,2380.366666666667,2472.785070359837,70.35714285714286,29.708737864077666,7.578373559151714,37.61808138637279,-30.03970782722108,2645.219728434697,2379.780271565303,2512.5,265.43945686939423,25.83833755691946,40.03033762507839,-2.545662579398396,-90.81967213114754,-129.58657741401277,0.0,84333.9,3705980,71596.75,2053.0,3.179642851611497
2021-08-17,2410.0,2477.1,2504.65,2381.7,2460.8055398493766,69.42857142857143,26.720647773279357,-2.836505962337924,29.52716391663065,-32.36366987896858,2656.657305918571,2352.642694081429,2504.65,304.0146118371422,21.54210513386957,33.86759346134212,-3.108871521075528,-88.19672131147541,-108.52983138686834,0.0,82638.85,3767045,70394.25,3143.0,4.717802461723197
2021-08-18,2370.4,2457.9,2497.0,2383.8,2451.5859646256267,67.21428571428571,30.101010101010104,-9.607861644846253,21.70015880433527,-31.308020449181523,2661.2937036304866,2332.706296369513,2497.0,328.5874072609731,20.716319489726,29.483835470803413,3.1812875275711647,-80.93525179856115,-86.84097184539235,8.139694328185962,81464.9,3841136,69333.95,2053.0,2.942820692917447
2021-08-19,2347.0,2442.0,2489.5,2385.233333333333,2441.7206346612816,64.85714285714286,31.171548117154813,-16.07991681894964,14.14414367967829,-30.22406049862793,2666.78300301463,2312.21699698537,2489.5,354.5660060292603,18.95707849022669,25.97491647727784,4.921402516124388,-84.56140350877193,-87.1860046723932,10.7174807822109,81220.05,3738763,68486.15,-1440.0,-2.005124206304998
2021-08-20,2332.4,2413.0,2475.2,2386.3166666666666,2424.794859931636,66.14285714285714,27.746741154562383,-27.668223102717548,5.781670323199124,-33.44989342591667,2676.4535452449845,2273.946454755015,2475.2,402.5070904899694,12.841925925186803,21.59725295991416,-4.668728144267909,-99.38837920489296,-93.73180004793542,2.470766641582308,80981.1,3591560,67903.4,3473.0,4.934920995794023
2021-08-23,2319.0,2385.3,2461.5,2385.983333333333,2410.242968509576,67.71428571428571,29.291044776119406,-35.793896423587285,-2.5334430261581584,-33.260453397429124,2679.1007933421865,2243.899206657813,2461.5,435.201586684373,12.023202842310493,18.40590292071294,-0.7421973144944047,-90.05681818181819,-90.43766563516436,6.1893500982329765,83908.05,3716075,67376.75,-826.0,-1.1184985578680862
2021-08-24,2301.0,2355.5,2446.95,2384.5,2395.648400080092,66.64285714285714,19.427402862985687,-42.948838239954966,-10.616522068917522,-32.33231617103745,2678.6562341573044,2215.243765842695,2446.95,463.4124683146092,10.46945629160168,15.760420711009186,-0.1124725472133363,-93.25842696629212,-84.0679839149743,0.0,85218.85,3620986,66945.0,1104.0,1.511852430056293
2021-08-25,2264.2,2317.3,2427.1,2381.75,2375.1104572153213,68.14285714285714,18.375241779497102,-54.20756657767879,-19.33473097066977,-34.872835607009016,2679.0339094620526,2175.166090537947,2427.1,503.8678189241055,8.985810367240626,13.502217263086331,-0.0470034244507857,-96.91943127962084,-92.68935109530064,0.0,90503.7,3446064,66368.15,-473.0,-0.638094081778573
2021-08-26,2234.2,2290.6,2408.95,2378.8166666666666,2358.242794623386,67.28571428571429,13.52459016393442,-60.97486010065131,-27.662756796666084,-33.312103303985225,2672.310849106501,2145.5891508934988,2408.95,526.7216982130021,11.420404498220748,12.808279674797806,8.644654145066632,-91.56908665105388,-85.52310588388558,0.0,91120.1,3571422,65905.15,619.0,0.8404159991310722
2021-08-27,2225.4,2278.9,2393.55,2374.2,2345.076814183064,67.71428571428571,17.425742574257427,-63.82701474000987,-34.895608385334846,-28.931406354675023,2663.536724819832,2123.563275180168,2393.55,539.9734496396641,16.77632021840309,14.130959855999569,22.067040943210134,-86.4168618266979,-69.37701529736553,8.531964434203138,91030.95,3701584,65614.65,-1189.0,-1.6008509148681238
2021-08-30,2240.2,2279.6,2385.7,2372.65,2345.16473664182,72.35714285714286,33.28,-55.282953392043055,-38.97307738667649,-16.30987600536656,2651.382913500865,2120.0170864991346,2385.7,531.3658270017304,40.25214396866683,22.83802122688865,75.08038945222319,-55.33980582524272,-27.846921434881224,43.205811097870594,94759.3,3861793,65969.1,5642.0,7.719883969131414
2021-08-31,2259.0,2280.0,2378.55,2371.55,2345.720476009265,73.57142857142857,33.06581059390048,-47.560022667657904,-40.690466442872776,-6.8695562247851285,2639.6178274439585,2117.482172556042,2378.55,522.1356548879166,58.81445807724997,34.830166843675755,106.78304054439838,-52.39294710327456,-13.593893622280948,76.3154690695682,97604.0,3991563,66453.15,-1693.0,-2.150496659299339
2021-09-01,2297.2,2280.7,2369.3,2371.35,2348.128049722669,70.42857142857143,41.39194139194139,-39.37185731188447,-40.42674461667512,1.0548873047906469,2616.643868882325,2121.956131117675,2369.3,494.6877377646506,68.11696928524825,45.92576765753325,112.49937254067824,-13.278008298755188,1.575282927103802,100.0,99767.35,4109060,67168.1,4804.0,6.236288343956487
2021-09-02,2332.0,2283.1,2362.55,2371.65,2350.4015687967003,62.642857142857146,54.17661097852029,-32.42817383016063,-38.827030459372224,6.398856629211593,2601.290092106333,2123.8099078936675,2362.55,477.4801842126653,74.45695601035914,55.43616377514188,112.49854048079364,-12.863070539419088,0.0422960315006274,100.0,102526.4,4240048,67865.7,-4947.0,-6.044942996444148
2021-09-03,2370.4,2297.9,2355.45,2373.65,2356.2680860541577,63.35714285714285,57.98687089715536,-23.427530944704813,-35.74713055643875,12.319599611733937,2578.1222632976505,2132.777736702349,2355.45,445.34452659530143,81.20362723922932,64.02531826317102,115.56024519134591,-5.303030303030303,19.39295709652021,100.0,105468.0,4369083,68590.95,2051.0,2.667447002210954
2021-09-06,2388.4,2314.3,2349.8,2375.65,2363.861601668048,65.64285714285714,59.40803382663848,-14.194234884080744,-31.43655142196715,17.242316537886406,2556.9903269434662,2142.609673056534,2349.8,414.3806538869321,86.75479911186716,71.60181187940306,117.06077357679536,-2.142857142857143,33.44878692516839,100.0,108386.95,4476663,69767.25,2224.0,2.817293928376885
2021-09-07,2411.0,2335.0,2345.25,2379.0333333333333,2373.398591985376,68.64285714285714,60.3305785123967,-4.564795122804753,-26.062200162134676,21.49740503932992,2536.878890251289,2153.621109748711,2345.25,383.2577805025776,90.6269779095401,77.94353388944874,115.99386594972285,-1.6286644951140066,52.15653140745842,100.0,112718.2,4626322,71364.85,2562.0,3.1565329883570525
2021-09-08,2432.0,2364.6,2340.95,2384.1,2383.170154653436,68.42857142857143,63.333333333333336,3.988923153098767,-20.051975499087987,24.040898652186755,2515.168827914761,2166.7311720852385,2340.95,348.4376558295225,92.02532076385737,82.63746284758494,110.80103659640218,-4.848484848484849,77.42690092420732,100.0,119065.2,4785898,73220.9,-306.0,-0.365473503171021
2021-09-09,2479.2,2405.6,2348.1,2391.55,2404.5825208769184,71.21428571428571,82.57575757575758,21.175010997147183,-11.806578199840953,32.98158919698814,2552.822045196571,2143.377954803429,2348.1,409.4440903931418,94.68354717590492,86.65282429035827,110.74499294699824,-0.0,122.07897320549976,100.0,128503.05,5029716,75809.65,5880.0,7.048584888697085
2021-09-10,2507.0,2438.7,2358.8,2398.583333333333,2418.527042698164,74.71428571428571,74.17677642980937,29.85157542200432,-3.4749474754718994,33.32652289747622,2582.5635970581766,2135.036402941824,2358.8,447.5271941163528,87.46928223430234,86.92497693833963,88.55789282622777,-18.105263157894736,103.28639665121734,87.83658341957283,136005.65,4761404,76650.6,-7915.0,-8.863282606017853
2021-09-13,2525.4,2456.9,2368.25,2403.9333333333334,2428.9530386316724,76.92857142857143,73.16239316239316,34.474506804191606,4.114943380460803,30.359563423730805,2604.12853698571,2132.37146301429,2368.25,471.75707397142014,79.61528307893887,84.48841231853937,69.86902459973786,-22.94736842105263,79.0600926218962,86.36755211215642,139486.8,4602890,77385.9,-60.0,-0.073722753299088
2021-09-14,2534.4,2472.7,2376.35,2409.0666666666666,2436.576558761989,74.42857142857143,81.21442125237192,36.18792020272349,10.52953874491334,25.65838145781015,2620.1491192074086,2132.550880792591,2376.35,487.5982384148174,72.28215339920428,80.41965934542768,56.00714150675748,-26.94736842105263,61.01359792092875,98.0285107777156,144718.6,4437189,77971.15,142.0,0.1746059070899752
2021-09-15,2552.8,2492.4,2386.55,2414.25,2449.0930769751326,79.07142857142857,82.57042253521126,41.82449286308065,16.788529568546803,25.035963294533847,2644.814226183783,2128.285773816217,2386.55,516.5284523675655,73.3654072306752,78.06824197384353,63.95973774433856,-15.198237885462555,61.86192744613588,99.991811144562,150716.5,4631238,78683.75,4600.0,5.646388766141297
2021-09-16,2564.6,2521.9,2402.5,2420.0666666666666,2469.846117263215,82.57142857142857,84.65116279069767,53.66141454440776,24.163106563719,29.498307980688764,2688.6376187118663,2116.3623812881337,2402.5,572.2752374237325,82.24360482045014,79.46002958937906,87.81075528259231,-0.0,93.38735569479648,100.0,149458.25,4708446,79758.4,5801.0,6.740019519449736
2021-09-17,2593.0,2550.0,2423.95,2426.6,2491.098868000052,78.78571428571429,81.8348623853211,64.3979040150275,32.210066053980704,32.1878379610468,2729.9981386283644,2117.9018613716357,2423.95,612.0962772567291,84.90796534381094,81.27600817418968,92.17187968305348,-8.088235294117647,92.03230702494736,94.54050367896602,154548.8,4957460,80218.35,-8821.0,-9.601715486181403
2021-09-22,2657.0,2591.2,2452.75,2436.95,2525.089452000047,86.92857142857143,85.75539568345323,84.44047663143829,42.65614816947222,41.78432846196607,2803.704113059921,2101.795886940079,2452.75,701.9082261198419,89.93864356254063,84.16355330364,101.48882408034191,-0.0,110.3593233883632,100.0,157841.65,5147832,81291.25,11433.0,13.766737308544451
2021-09-23,2738.2,2636.3,2485.65,2447.9666666666667,2562.223789904805,92.42857142857144,86.65768194070081,104.52579162570372,55.03007686071852,49.49571476498521,2880.02106491488,2091.2789350851203,2485.65,788.7421298297595,92.58320918353772,86.9701052636059,103.80941702340132,-1.694915254237288,106.06734544615344,100.0,165830.95,5402707,82319.2,205.0,0.2169748415025152
2021-09-24,2776.4,2664.6,2514.6,2455.366666666667,2580.9643813424423,102.5,71.57190635451505,106.62652797020564,65.34936708261596,41.27716088758969,2899.3888826493258,2129.811117350674,2514.6,769.5777652986517,83.28242314363507,85.74087789028229,78.36551365034063,-29.12280701754386,76.85920832606712,47.38280837862116,175499.8,5034408,83203.55,-3345.0,-3.532729231354159
2021-09-27,2811.6,2688.1,2546.85,2464.15,2605.920154547924,113.07142857142856,72.90116896918173,113.7581415965792,75.03112198540862,38.72701961117059,2928.013468178253,2165.686531821747,2546.85,762.3269363565059,80.25074226146737,83.91083268067732,72.93056142304746,-22.388059701492537,86.7997436199102,49.51673168792237,190179.75,5453365,84352.4,5909.0,6.469164997098775
2021-09-28,2851.2,2722.1,2580.4,2473.95,2633.07061601955,114.64285714285714,73.57512953367876,121.87825892098545,84.40054937252398,37.47770954846146,2958.5402691566774,2202.259730843323,2580.4,756.2805383133546,81.2888950959177,83.03685348575743,77.79297831623822,-14.745762711864408,80.70725121463734,50.30766509255601,199754.7,5775026,85635.65,1499.0,1.5413881748072011
2021-09-29,2865.6,2761.3,2609.1,2485.2,2660.397224017688,117.71428571428572,73.6024844720497,129.16463848944022,93.35336719590724,35.811271293533,2999.272377559605,2218.9276224403943,2609.1,780.3447551192112,83.82930801168254,83.30100499439914,84.88591404624935,-10.681399631675877,75.48222779684366,44.02760099149194,205332.85,6046798,86420.95,-4317.0,-4.371689839897108
2021-09-30,2874.8,2806.5,2639.6,2495.983333333333,2689.026059825527,120.07142857142856,74.37185929648241,136.67203400900507,102.0171005585268,34.65493345047827,3040.0541632223267,2239.145836777673,2639.6,800.9083264446535,87.11331156822793,84.57177385234206,92.19638699999967,-4.3478260869565215,78.78463782185345,18.5602187038452,206713.35,6204178,87022.15,-5375.0,-5.69192646560488
2021-10-08,2942.6,2859.5,2675.95,2509.4,2727.9759588897623,125.57142857142856,74.5,151.92515546725144,111.99871154027174,39.9264439269797,3104.726705474869,2247.1732945251306,2675.95,857.5534109497385,86.76670803452461,85.30341857973625,89.69328694410132,-10.06993006993007,102.5495457474474,19.409632794526274,214493.9,6477286,87128.3,-5097.0,-5.723300807348108
2021-10-11,3028.2,2919.9,2720.9,2525.5,2779.6925342335944,132.78571428571428,82.25806451612902,175.94483574972674,124.78793638216274,51.156899367564,3200.9381125219866,2240.8618874780136,2720.9,960.076225043973,88.72766290620729,86.44483335522659,93.29332200816869,-5.005820721769499,110.1728776286852,70.83598785202285,221146.05,6741317,87570.3,1770.0,2.108146736541205
2021-10-12,3112.6,2981.9,2765.95,2541.6666666666665,2830.483721449443,137.28571428571428,84.58149779735683,196.10903157503023,139.05215542073626,57.056876154294,3290.9356038126307,2240.964396187369,2765.95,1049.9712076252615,90.14965212855432,87.67977294633583,95.08941049299132,-4.878048780487805,102.82572963503796,86.2374716402041,230161.85,7050668,87916.1,127.0,0.1481395077569169
2021-10-13,3135.8,3000.7,2795.95,2552.35,2850.0567003590195,152.64285714285714,68.91600861450107,187.5754638418639,148.75681710496178,38.81864673690211,3310.0065092835885,2281.893490716411,2795.95,1028.1130185671773,76.39488485852667,83.91814358373279,61.34836740811443,-35.58758314855876,63.33249033078852,0.0,242065.85,6705008,87622.25,-10569.0,-12.310003843600404
2021-10-14,3137.6,3006.2,2821.25,2561.733333333333,2861.4798717533986,155.85714285714286,64.35714285714286,173.4870507877663,153.70286384152269,19.784186946243608,3315.960494819138,2326.539505180862,2821.25,989.4209896382764,60.93595096656449,76.25741271134335,30.29302747700677,-52.5101763907734,27.194586571897663,0.0,246850.4,6459658,87073.95,-2527.0,-3.35644458612262
2021-10-15,3133.6,3038.1,2851.35,2572.4666666666667,2882.1008363483134,162.35714285714286,64.58481192334989,169.08744453982308,156.77977998118277,12.307664558640312,3330.628086511904,2372.0719134880965,2851.35,958.5561730238068,56.57412307428287,69.69631616565653,30.32973689153556,-39.63068181818182,37.07556320951378,1.0209128369227942,252152.4,6725274,86704.9,3279.0,4.506535094349995
2021-10-18,3125.4,3076.8,2882.45,2586.133333333333,2915.2340900294266,172.35714285714286,67.49185667752442,175.83889326818917,160.59160263858405,15.247290629605118,3375.757409228753,2389.1425907712464,2882.45,986.6148184575068,63.13664279718546,67.50975837616618,54.39041163922403,-20.22292993630573,59.33537983786296,14.056672839325074,250942.05,6944885,85970.45,-1428.0,-1.8779589689637
2021-10-19,3104.4,3108.5,2915.3,2598.633333333333,2943.116557645672,171.21428571428572,62.83880171184023,177.36964206371022,163.9472105236093,13.422431540100916,3403.1447121347933,2427.455287865207,2915.3,975.6894242695862,65.20494979345972,66.74148884859736,62.13187168318444,-23.726114649681527,66.28881609437293,0.0,252942.65,6636561,85605.25,-530.0,-0.710341500026801
2021-10-20,3092.8,3114.3,2937.8,2606.1833333333334,2946.438790250846,178.0,52.01277955271566,158.20006186574255,162.79778079203598,-4.597718926293425,3390.68994829113,2484.9100517088705,2937.8,905.7798965822594,50.80878683075642,61.43058817598372,29.565184140301824,-60.35031847133758,10.73693316839822,0.0,245521.65,6626467,84922.0,-6421.0,-8.667422585783324
2021-10-21,3077.4,3107.5,2957.0,2612.6666666666665,2941.3493816555274,185.14285714285717,54.48460508701473,134.59768351273988,157.15776133617678,-22.5600778234369,3363.5345198005425,2550.465480199457,2957.0,813.069039601085,36.63932297280994,53.16683310825913,3.5843027019115823,-83.90596745027125,2.0454796024180606,7.589569585550955,253931.75,6292564,84084.25,-2948.0,-4.357015119492768
2021-10-22,3019.0,3076.3,2967.9,2617.15,2926.5542024502392,181.0,48.12129202373105,106.03630236992832,146.9334695429271,-40.89716717299879,3340.8195764857346,2594.9804235142656,2967.9,745.839152971469,25.82442560603437,44.05269727418421,-10.632117730265309,-95.80536912751678,-39.989214036795815,0.0,258643.7,6004276,82528.7,-9756.0,-15.075796207871685
2021-10-25,2924.0,3024.7,2972.3,2621.4333333333334,2910.215706978788,185.3571428571429,45.46666666666666,79.97782651878106,133.5423409380979,-53.56451441931685,3332.1175561089185,2612.482443891082,2972.3,719.6351122178366,20.24658676765928,36.11732710534257,-11.494893907707294,-91.62861491628615,-59.89273875167285,0.0,268805.05,5723841,80666.15,-339.0,-0.6168458977018343
2021-10-26,2839.0,2971.7,2976.8,2625.3166666666666,2898.09992536176,189.2142857142857,45.43028685790527,60.88383174630053,119.01063909973844,-58.12680735343791,3323.937830960837,2629.6621690391635,2976.8,694.2756619216734,20.78315365348942,31.00593595472485,0.3375890510185542,-79.72222222222223,-69.30701655176863,0.0,272345.05,6043655,79229.5,-303.0,-0.5547621663188007
2021-10-27,2749.8,2921.3,2961.0,2625.083333333333,2863.233265803497,203.5,37.44880046811001,25.207524369042854,100.25001615359932,-75.04249178455647,3358.0051040371686,2563.9948959628314,2961.0,794.0102080743372,15.456420990667826,25.82276430003918,-5.276265628074874,-95.48611111111111,-104.03720673857076,0.0,281372.5,5672734,77431.4,4204.0,7.740034981128607
2021-10-28,2689.2,2883.3,2944.75,2625.7833333333333,2837.211050012688,209.0,34.417177914110425,1.59551688692909,80.51911630026528,-78.92359941333619,3374.9043786522097,2514.5956213477903,2944.75,860.3087573044195,17.244110856089364,22.963213152055907,5.8059062641562775,-80.31413612565446,-94.05126673871422,0.0,288898.9,6078137,75157.3,-9315.0,-15.917907004562624
2021-10-29,2625.6,2822.3,2930.2,2623.9666666666667,2802.048092868623,206.8571428571429,24.572514249525028,-26.654295435375843,59.084433953137065,-85.73872938851291,3404.255115605309,2456.1448843946905,2930.2,948.1102312106186,13.9323972706155,19.95294119157577,1.891309428694953,-93.08900523560207,-92.87477384147527,0.0,285981.95,5768177,73437.5,7741.0,15.73246077554671
2021-11-01,2543.6,2733.8,2905.3,2620.366666666667,2758.5197030716117,207.42857142857144,20.843373493975903,-58.29555243506957,35.608436675495746,-93.9039891105653,3446.237626524037,2364.3623734759635,2905.3,1081.875253048073,9.867255748648548,16.591046043933368,-3.5803248419210902,-98.56262833675564,-101.7896466368775,0.0,277668.95,5515480,71653.25,4620.0,8.113091579594345
2021-11-02,2446.8,2642.9,2875.7,2616.55,2714.755921826696,198.42857142857144,24.212736179146265,-86.09088994269177,11.268571351858244,-97.35946129455002,3480.9030890100885,2270.496910989911,2875.7,1210.406178020177,9.28284886167213,14.154980316512956,-0.4614140480095159,-93.14814814814817,-99.70061207958318,7.2228772625100675,272611.2,5294974,70938.1,22881.0,37.16559733614879
2021-11-03,2431.4,2590.6,2852.45,2615.75,2690.0172626051058,200.2142857142857,33.048057932850554,-94.44232656612576,-9.873608231738556,-84.5687183343872,3485.571082624124,2219.328917375876,2852.45,1266.242165248248,17.188087667704902,15.166016100243604,21.232230802627495,-78.70370370370371,-72.59274392516902,26.16308957110714,271809.35,5550709,69825.4,-12268.0,-14.52762712265827
2021-11-04,2395.0,2542.1,2824.8,2614.3166666666666,2663.158475690334,197.07142857142856,27.02331961591221,-103.65849683729311,-28.63058595284947,-75.02791088444364,3485.6548212253792,2163.945178774621,2824.8,1321.709642450758,21.218725111803263,17.183585770763493,29.289003793882813,-83.05555555555556,-65.3204896665635,13.247903683427348,276907.55,5291365,69274.9,5869.0,8.131286541605466
2021-11-05,2379.2,2502.4,2789.35,2611.5333333333333,2637.048144672207,188.0,18.26415094339623,-111.21351916556114,-45.14717259539181,-66.06634657016933,3464.411408512695,2114.288591487305,2789.35,1350.1228170253898,23.41135346436602,19.259508335297667,31.715043722502728,-84.81481481481481,-60.517190427834045,0.0,272814.85,5100111,68481.1,-9963.0,-12.765384960344406
2021-11-08,2386.4,2465.0,2744.85,2609.4333333333334,2612.6626070843777,187.3571428571429,18.459191456903127,-116.50348230975304,-59.41843453826407,-57.08504777148899,3403.360368379378,2086.3396316206217,2744.85,1317.0207367587564,26.440902309577343,21.653306326724227,36.01609427528358,-82.89473684210526,-53.67970647751139,0.538481689747834,266608.6,4960205,67622.3,470.0,0.6903237177604105
2021-11-09,2391.0,2418.9,2695.3,2605.5666666666666,2584.9804540287228,177.92857142857142,21.228070175438603,-124.02691802318304,-72.34013123524787,-51.686786787935176,3322.184392934814,2068.4156070651866,2695.3,1253.7687858696272,24.610709531078925,22.639107394842465,28.55391380355185,-89.3640350877193,-57.04130636984704,8.182998535275324,258662.95,4809767,66965.05,4158.0,6.065291594947042
2021-11-10,2364.6,2398.0,2659.65,2601.8,2560.029934597416,165.57142857142858,23.01136363636364,-128.42816346221525,-83.55773768064134,-44.87042578157392,3286.04932614065,2033.25067385935,2659.65,1252.7986522813,24.78112342722335,23.353112738969426,27.637144803731204,-85.32763532763532,-60.53040064172688,15.899756377190863,249113.9,4964446,66621.65,-4292.0,-5.902739575310811
2021-11-11,2350.6,2372.8,2628.05,2598.1833333333334,2538.8842265405187,159.57142857142858,26.76348547717842,-129.216282669865,-92.68944667848608,-36.52683599137892,3252.2896553955925,2003.810344604408,2628.05,1248.4793107911848,31.47638900217932,26.06087149337272,42.30742401979251,-81.26984126984127,-47.89007996902926,31.244663619517446,242642.35,5080365,66354.65,-999.0,-1.4600993861443978
2021-11-12,2325.4,2352.3,2587.3,2593.2,2512.6095382985645,154.64285714285714,25.595238095238088,-134.3441107366002,-101.02037949010892,-33.323731246491306,3194.025846352013,1980.5741536479875,2587.3,1213.4516927040258,26.539814890341766,26.220519292362404,27.178406086300484,-92.77310924369748,-52.44355392527618,26.98612410286304,235095.25,4965691,65966.25,851.0,1.2622180032927366
2021-11-15,2302.0,2344.2,2539.0,2589.85,2488.932439412987,147.71428571428572,23.5474006116208,-136.7508807520012,-108.16647974248738,-28.58440100951381,3080.606576963864,1997.393423036136,2539.0,1083.213153927728,24.108304266517152,25.51644761708065,21.292017565390147,-89.63414634146342,-52.49625885814046,27.53894284812792,229994.2,5083281,65671.75,450.0,0.6591281931099147
2021-11-16,2292.8,2341.9,2492.4,2588.833333333333,2468.653159468893,132.5,32.74932614555256,-136.12084722273448,-113.7573532385368,-22.363493984197675,2944.6530265238566,2040.146973476144,2492.4,904.5060530477128,23.99673114623156,25.00987546013096,21.970442518432776,-86.73684210526316,-45.72012746548897,89.67467972670559,219842.75,5188576,65279.5,-2485.0,-3.616018160123391
2021-11-17,2285.6,2325.1,2457.85,2587.9666666666667,2451.352858567094,116.28571428571428,28.20143884892086,-133.19850360609826,-117.64558331204913,-15.552920294049144,2856.278108816038,2059.4218911839616,2457.85,796.8562176320766,25.305996864783303,25.108582595015072,25.70082540431976,-82.25419664268586,-45.703187000357694,67.21692657166409,223323.75,5268290,65140.6,-1354.0,-2.04417470598004
2021-11-18,2261.4,2306.0,2424.05,2585.8,2429.033538703561,109.35714285714286,30.48211508553655,-134.97503207048794,-121.11147306373688,-13.86355900675106,2779.4128094156417,2068.687190584358,2424.05,710.7256188312831,18.21870379220848,22.811956327412872,9.032198721799697,-96.028880866426,-53.54031356436909,82.64367565932099,211686.5,5167132,65483.1,6680.0,10.2954548957354
2021-11-19,2246.0,2285.7,2394.05,2582.833333333333,2405.88748739846,103.85714285714286,35.571687840290394,-137.30165657027464,-124.34950976504444,-12.952146805230214,2720.9180564322214,2067.181943567779,2394.05,653.7361128644425,15.079135861472322,20.23434950543269,4.768708573551585,-92.9936305732484,-63.46026540587994,100.0,205919.3,4994188,66783.4,9400.0,13.13527940416137
2021-11-22,2231.0,2266.5,2365.75,2580.1833333333334,2385.231536217654,96.92857142857144,39.173228346456696,-137.32050304081667,-126.94370842019887,-10.376794620617789,2657.115478575022,2074.384521424978,2365.75,582.7309571500437,13.965120308274193,18.144606439713197,5.606148045396189,-92.03821656050955,-61.45780533901784,100.0,197062.55,5097488,68048.25,-1048.0,-1.2944184380519477
2021-11-23,2222.6,2257.7,2338.3,2579.6833333333334,2370.8285327683534,88.07142857142857,22.16624685138538,-132.18061918678725,-127.99109057351656,-4.189528613270667,2559.033800144663,2117.5661998553373,2338.3,441.4676002893257,20.26469679393553,18.85130322445397,23.09148393289865,-77.70700636942675,-52.957161430513935,18.662209875496465,187479.55,5225642,69180.2,-2961.0,-3.705186760933488
2021-11-24,2229.8,2257.7,2327.85,2580.5333333333333,2366.273434409463,85.42857142857143,40.31890660592255,-119.54759771497766,-126.30239200180878,6.754794286831128,2528.8823618880897,2126.81763811191,2327.85,402.0647237761796,43.11873641010972,26.940447619672558,75.47531399098406,-49.36305732484077,-12.015752402102084,100.0,176580.25,5378577,69709.85,-7842.0,-10.190503417626118
2021-11-25,2266.0,2263.7,2318.25,2582.883333333333,2369.295012084752,84.78571428571429,50.909090909090914,-102.30465955085356,-121.50284551161776,19.198185960764192,2481.326830455976,2155.173169544024,2318.25,326.1536609119521,61.7966717310336,38.55918899012623,108.27163721284832,-25.477707006369428,36.141979484937096,100.0,162230.95,5496994,70515.1,-3803.0,-5.502662345178844
2021-11-26,2302.0,2274.0,2313.15,2585.983333333333,2368.981201410014,79.92857142857143,48.55491329479769,-90.18207654989192,-115.23869171927258,25.056615169380663,2462.2924963265486,2164.0075036734515,2313.15,298.2849926530971,69.72885460035008,48.94907752686751,111.2884087473152,-19.2,36.47849317578071,92.06840750047368,153639.4,5358865,70812.05,-2425.0,-3.713117640753949
2021-11-29,2347.2,2289.1,2316.65,2589.6,2373.3639441328696,81.0,59.13555992141454,-75.74777845455264,-107.3405090663286,31.592730611775963,2472.092018298206,2161.2079817017943,2316.65,310.88403659641153,73.0467496277466,56.981634893827206,105.1769790955854,-20.31746031746032,72.33776578979833,100.0,147842.95,5495633,70962.6,1692.0,2.6906685325361
2021-11-30,2372.0,2297.3,2319.6,2591.9,2371.9007113583107,80.42857142857143,53.09734513274336,-68.12264144590154,-99.4969355422432,31.374294096341657,2475.8688641243834,2163.3311358756164,2319.6,312.53772824876705,69.22693361426494,61.06340113397312,85.55399857484858,-38.41269841269841,32.667974733930635,83.66695432713806,141960.75,5392771,69607.0,-7242.0,-11.214692765113975
2021-12-01,2378.8,2304.3,2314.7,2592.083333333333,2370.4815959908524,79.64285714285714,51.72413793103448,-61.45197693546697,-91.88794382088795,30.43596688542098,2458.76153655913,2170.6384634408696,2314.7,288.12307311826044,66.57456949945706,62.90045725580109,73.92279398676898,-38.73015873015873,39.71606111299037,79.95250283298213,133407.9,5308093,68757.7,-2142.0,-3.736003069731753
2021-12-02,2360.6,2313.3,2309.65,2591.35,2364.435729706009,79.28571428571429,54.18250950570343,-59.51396939098959,-85.41314893490829,25.899179543918702,2446.858677031082,2172.441322968918,2309.65,274.4173540621641,58.79448747708578,61.53180066289599,53.31986110546535,-54.6031746031746,-1.5651092838018488,86.60226548886968,125182.95,5213248,67603.6,-227.0,-0.4112914915205157
2021-12-03,2340.8,2321.4,2303.55,2589.616666666667,2355.156136400675,78.92857142857143,50.26548672566371,-60.5082487291802,-80.43216889376268,19.923920164582483,2436.6925433214096,2170.4074566785907,2303.55,266.2850866428189,48.16184222610317,57.07514785063172,30.33523097704605,-67.3015873015873,-27.758660081731364,76.00692991252318,120544.45,5114764,66716.4,-4625.0,-8.414445556263072
2021-12-06,2311.6,2329.4,2297.95,2587.9,2346.950790076801,76.35714285714286,49.369369369369366,-60.43814566104811,-76.43336424721977,15.99521858617166,2426.726387178415,2169.173612821585,2297.95,257.55277435683,36.86979957930688,50.34003176019012,9.929335217540398,-66.66666666666667,-21.29775315047424,73.58298074528581,116718.85,5178158,65756.3,-988.0,-1.962653953118787
2021-12-07,2311.6,2341.8,2299.75,2587.0,2348.003095783773,79.5,55.60821484992101,-52.59475270839721,-71.66564193945526,19.070889231058047,2430.9258562508594,2168.5741437491406,2299.75,262.3517125017188,41.45061468552432,47.37689273530151,29.598058585969923,-38.41269841269841,31.58277665107463,90.4587216299858,113694.65,5268112,64846.75,5169.0,10.4737396660723
2021-12-08,2296.6,2337.7,2297.7,2584.4333333333334,2341.717086661509,80.5,55.08607198748043,-51.9129519311532,-67.71510393779485,15.802152006641649,2428.627219637833,2166.7727803621665,2297.7,261.85443927566666,34.16435536858084,42.97271361306129,16.54763887961994,-62.53968253968254,-2.1734785369541565,89.04635331940477,110517.8,5176970,63923.7,-4562.0,-8.367418059096499
2021-12-09,2303.2,2331.9,2297.8,2582.366666666667,2341.553554598508,81.07142857142857,61.56156156156156,-46.16039631443937,-63.40416241312376,17.24376609868439,2428.8598095687566,2166.740190431244,2297.8,262.1196191375129,37.198005619870216,41.04781094866426,29.49839496228212,-45.87458745874587,27.5581868638038,100.0,108862.45,5259782,63140.6,1800.0,3.602954422626548
2021-12-10,2319.6,2330.2,2302.1,2580.25,2342.2627398748405,81.21428571428571,61.90476190476191,-40.4094151752538,-58.80521296554976,18.39579779029597,2433.992939039242,2170.2070609607576,2302.1,263.78587807848453,44.97410900973804,42.356576969022186,50.20917309116973,-44.82758620689656,37.363609547621216,100.0,105776.35,5312734,62163.8,-3023.0,-5.840530149346012
2021-12-13,2343.8,2327.7,2308.4,2576.616666666667,2346.809145601046,82.71428571428571,61.67664670658683,-32.172499294977115,-53.47867023143524,21.306170936458123,2444.5970708394693,2172.202929160531,2308.4,272.39414167893847,58.55416791125393,47.755773949766095,80.15095583422959,-36.326530612244895,48.00592667070824,98.94321908945928,103550.75,5385812,61509.1,6892.0,14.141497045305318
2021-12-14,2350.8,2331.2,2314.25,2573.983333333333,2351.2082745914227,78.14285714285714,56.01374570446736,-25.11312076433296,-47.80556033801479,22.692439573681824,2454.5757488469662,2173.9242511530338,2314.25,280.65149769393247,69.14974830447231,54.88709873466816,97.6750474440806,-35.10204081632653,57.02605956007099,55.87203741098946,100279.0,5425672,60614.0,-7293.0,-13.110304163370968
2021-12-15,2382.6,2339.6,2321.95,2572.5333333333333,2359.759867487477,76.71428571428571,53.87387387387388,-15.467019399704895,-41.33785215035281,25.870832750647917,2472.5075252886445,2171.392474711355,2321.95,301.11505057728937,78.04427664742599,62.60615803892077,108.92051386443644,-15.510204081632653,76.45686701506354,39.84285316244078,98817.05,5476147,59709.05,-1551.0,-3.208854867073552
2021-12-16,2415.4,2359.3,2336.3,2572.45,2373.4970229648607,77.78571428571429,61.77474402730376,-2.70762922058384,-33.611807564399015,30.904178343815172,2498.9621943589614,2173.637805641039,2336.3,325.3243887179224,83.58845312616738,69.60025640133631,111.5648465758295,-4.929577464788732,101.22754108338022,98.962793729107,97441.4,5549792,58662.45,3847.0,8.222896716826256
2021-12-17,2433.4,2376.5,2348.95,2570.3,2379.735401730112,77.71428571428571,51.99335548172758,2.134714984944821,-26.46250305453025,28.597218039475077,2501.429127130616,2196.470872869384,2348.95,304.9582542612316,78.02866572047523,72.40972617438263,89.26654481266044,-30.74324324324324,77.44857271553082,20.932620218709797,92127.65,5483123,56457.0,-13777.0,-27.21060220023306
2021-12-20,2420.2,2382.0,2355.7,2564.583333333333,2374.427268232006,80.5,47.42424242424243,-3.2695420048539745,-21.823910844595,18.554368839741024,2489.127843697155,2222.2721563028445,2355.7,266.85568739431073,60.38274684395319,68.40073306423947,44.34677440338061,-69.5945945945946,-13.147101282317132,0.0,91987.45,5382627,55903.75,31996.0,86.81825582026374
2021-12-21,2402.4,2376.6,2359.2,2558.1,2367.7199093527674,79.64285714285714,46.09720176730487,-9.061828341535602,-19.27149434398312,10.209666002447516,2482.472227631577,2235.9277723684227,2359.2,246.5444552631543,43.45516456263546,60.0855435637048,10.194406560496788,-76.35135135135135,-44.74441720713445,0.0,89051.5,5313192,55564.05,1310.0,1.902687000726222
2021-12-22,2370.2,2376.4,2357.05,2548.633333333333,2359.365632271552,78.42857142857143,47.932618683001536,-15.41120563276445,-18.499436601739387,3.088230968974937,2484.412681471329,2229.6873185286718,2357.05,254.7253629426577,30.252160990474923,50.14108270596151,-9.525682440498244,-84.45945945945945,-54.47013150604827,11.611007010168064,85013.0,5241027,55723.1,2133.0,3.040193842645378
2021-12-23,2336.4,2375.9,2353.9,2538.9666666666667,2357.045095864737,78.21428571428571,55.08982035928143,-15.822698318112089,-17.964088945013927,2.1413906269018383,2480.1093498913147,2227.690650108685,2353.9,252.41869978262912,28.501440660316614,42.92786869074655,-0.3514154005432459,-70.9090909090909,-29.15175543105825,56.88808717967786,83211.15,5323407,56153.75,1629.0,2.2533301979444698
2021-12-24,2334.2,2383.8,2357.0,2533.45,2363.802705782382,82.07142857142857,60.47430830039526,-8.54597380300629,-16.0804659166124,7.53449211360611,2487.4357070905003,2226.5642929095,2357.0,260.87141418100055,39.25737069662134,41.70436935937148,34.36337337112104,-37.09090909090909,40.30302995740234,90.95082611150664,82209.35,5441500,57268.5,11257.0,15.228213522361411
2021-12-27,2347.6,2383.9,2355.8,2525.9166666666665,2366.392924279298,81.07142857142857,52.33380480905233,-5.699013299114995,-14.00417539311292,8.305162093997925,2484.417916407633,2227.1820835923672,2355.8,257.2358328152659,41.68440097723474,41.697713231992566,41.65777646771909,-50.54545454545455,39.57103650727505,39.453293155402456,79240.85,5364102,57949.9,-6975.0,-8.188638044588458
2021-12-28,2367.2,2384.8,2358.0,2517.766666666667,2369.784074347936,77.35714285714286,59.345794392523366,-2.5260497898084395,-11.708550272452024,9.182500482643585,2488.2709726523053,2227.7290273476947,2358.0,260.54194530461064,44.71267757456675,42.70270134618396,48.73263003133232,-49.23076923076923,34.2046478501322,83.8117489986649,77625.95,5434666,59257.4,5280.0,6.751572809574968
2021-12-29,2389.6,2379.9,2359.75,2508.9666666666667,2371.8998767909898,74.57142857142857,54.37710437710438,-0.8090436239435803,-9.528648942750335,8.719605318806757,2490.9017802916624,2228.5982197083376,2359.75,262.3035605833247,45.449477357403474,43.6182933499238,49.11184537236282,-53.07692307692308,26.531390335249394,52.37938390112304,76365.4,5375199,60564.45,-2151.0,-2.576541612764127
2021-12-30,2405.4,2370.9,2365.1,2499.85,2375.909412334705,73.85714285714286,55.35420098846787,2.3003947524343857,-7.162840203713393,9.46323495614778,2495.920729083288,2234.279270916712,2365.1,261.64145816657583,56.24559751754826,47.82739473913195,73.08200307438088,-44.61538461538461,32.9566637029924,59.04623995039168,76276.1,5468258,62275.4,7851.0,9.65290841355908
2021-12-31,2405.4,2369.8,2373.15,2488.6833333333334,2380.870420683781,71.92857142857143,53.27586206896552,5.827158212531685,-4.564840520464378,10.391998732996065,2498.242428985379,2248.0575710146213,2373.15,250.18485797075755,65.96553348016731,53.87344098614373,90.14971846821445,-39.23076923076923,39.04473566483014,45.78944953621298,75541.6,5552052,64097.9,-2394.0,-2.6843379978471527
2022-01-04,2421.6,2384.6,2383.3,2475.366666666667,2389.5494282377067,75.92857142857143,56.36070853462157,12.033857126139992,-1.2451009911435036,13.278958117283496,2505.72479968918,2260.8752003108207,2383.3,244.84959937835904,69.97444831753754,59.24044342994167,91.44245809272928,-22.307692307692307,89.00138844157313,65.46629948180046,76649.2,5637598,66241.85,5441.0,6.269155432653539
2022-01-05,2437.6,2402.4,2389.5,2461.516666666667,2398.35424459602,75.07142857142857,53.516295025728986,17.55723824505185,2.515366856095567,15.04187138895628,2518.891287431366,2260.108712568634,2389.5,258.782574862732,73.79060717875362,64.09049801287898,93.19082551050288,-18.46153846153846,75.64934173004998,47.32306336914727,74885.55,5692279,68028.3,-1981.0,-2.147867853541652
2022-01-06,2445.4,2417.5,2396.95,2451.4333333333334,2401.463364158304,76.14285714285714,43.6077057793345,17.616215039127383,5.53553649270193,12.080678546425451,2517.108623231254,2276.791376768745,2396.95,240.3172464625086,63.08262700805797,63.75454101127198,61.73879900162996,-38.07692307692308,33.12554440721967,0.0,75565.65,5587535,70095.45,1052.0,1.165650969529075
2022-01-07,2472.4,2438.9,2407.4,2444.4166666666665,2415.5144723337035,77.42857142857143,58.81410256410257,26.874772754837068,9.803383745128958,17.07138900970811,2542.169042204917,2272.6309577950838,2407.4,269.5380844098336,74.33021694717092,67.27976632323829,88.43111819503619,-2.1052631578947367,84.64204591572184,90.15684555191451,77420.05,5707435,71950.0,-2452.0,-2.6855928676261187
2022-01-10,2496.2,2450.8,2417.3,2435.5666666666666,2428.036903540017,70.5,71.81996086105676,33.66281913888497,14.57527082388016,19.08754831500481,2562.678055246853,2271.9219447531477,2417.3,290.7561104937058,78.21692401953102,70.92548555533587,92.79980094792134,-9.477124183006536,98.90494374594284,100.0,79366.9,5615546,74227.5,5436.0,6.118176702307254
2022-01-11,2508.4,2465.0,2424.45,2423.95,2438.0333889171584,70.64285714285714,72.67326732673267,37.48065811055949,19.156348281216022,18.324309829343463,2578.0105143874425,2270.889485612557,2424.45,307.1210287748854,78.55363372638622,73.46820161235266,88.72449795445334,-14.052287581699346,68.27305772568913,100.0,78995.2,5549902,75727.8,-8652.0,-9.176335829285364
2022-01-12,2520.2,2478.9,2431.85,2412.833333333333,2447.83973282981,70.0,76.68711656441718,40.68288912129492,23.461656449231803,17.221232672063117,2593.1007364323914,2270.5992635676084,2431.85,322.5014728647829,78.97165325348826,75.30268549273119,86.3095887750024,-13.680781758957655,80.19803140957195,100.0,80490.8,5619674,77718.75,2520.0,2.9427563818109626
2022-01-13,2538.6,2492.0,2435.95,2405.25,2454.997853512685,69.92857142857143,70.79646017699115,41.2922394673551,27.02777305285646,14.264466414498642,2602.270521251776,2269.6294787482243,2435.95,332.64104250355103,76.1288854202237,75.57808546856202,77.23048532354704,-27.027027027027028,62.08177445462735,82.19237813606264,81609.25,5546830,79763.85,-468.0,-0.5308891258479442
2022-01-14,2536.4,2504.4,2437.65,2399.333333333333,2462.9028198448104,67.92857142857143,64.70588235294117,42.49566507219015,30.1213514567232,12.37431361546695,2607.555577492755,2267.744422507245,2437.65,339.81115498551026,75.41925694681579,75.52514262797995,75.2074855844875,-23.214285714285715,66.89466912963988,63.78038808091768,82102.5,5630340,81845.25,4573.0,5.215199689802241
2022-01-17,2525.8,2511.0,2440.4,2394.4666666666667,2465.8644560500666,67.78571428571429,63.517060367454064,39.44426729737779,31.98593462485412,7.458332672523671,2612.167774687341,2268.632225312658,2440.4,343.5355493746829,67.61283796454387,72.88770774016793,57.06309841329576,-43.43891402714932,28.947282850561194,60.186545393661554,82984.65,5546028,84210.4,-8102.0,-8.781799065673813
2022-01-18,2521.2,2514.8,2449.7,2390.383333333333,2470.0678411881554,67.92857142857143,63.98963730569948,37.880416991785296,33.16483109824036,4.71558589354494,2614.9495401697213,2284.4504598302783,2449.7,330.499080339443,65.07522530969591,70.28354693001059,54.65858206906657,-36.199095022624434,31.222306305387523,61.61515892404076,81015.65,5607144,84931.25,-890.0,-1.0575472034411892
2022-01-19,2528.4,2524.3,2463.35,2386.95,2480.251856313093,73.57142857142857,70.88036117381489,41.56822182937822,34.845509244467934,6.722712584910283,2622.928754686697,2303.771245313302,2463.35,319.15750937339453,67.74245789877163,69.43651725293094,64.354339190453,-21.705426356589147,72.84952815735473,82.446013236666,82789.95,5712065,86191.05,12089.0,14.518356611863048
2022-01-20,2541.6,2540.1,2478.8,2387.9,2490.6088223785127,74.07142857142857,70.20785219399538,44.941080641402095,36.86462352385477,8.076457117547328,2622.698502241536,2334.9014977584648,2478.8,287.79700448307085,70.43636387390637,69.76979945992275,71.76949270187362,-17.391304347826086,71.97563742847417,80.41299945601311,81746.8,5763367,87071.35,-5457.0,-5.722765216661774
2022-01-21,2556.2,2546.3,2492.6,2388.25,2502.074648818654,75.0,70.74829931972789,48.82647052955281,39.25699292499438,9.569477604558427,2631.275539527152,2353.924460472848,2492.6,277.35107905430414,75.6314110413856,71.72366998707703,83.44689315000275,-10.526315789473683,81.76233315956178,82.0467864942521,80770.15,5826214,87988.9,2374.0,2.6407412763212124
2022-01-24,2576.2,2551.0,2500.9,2390.35,2510.8294441692587,73.78571428571429,64.73429951690821,49.95802704557309,41.39719974911012,8.560827296462968,2643.121324924031,2358.6786750759693,2500.9,284.4426498480616,76.04818083762625,73.16517360392677,81.81419530502518,-17.408906882591094,62.62868887197158,63.86629397613348,77906.8,5765388,88115.25,-4567.0,-4.949443499181772
2022-01-25,2589.0,2555.1,2510.05,2394.1666666666665,2516.8456875817105,74.42857142857143,60.84905660377358,48.679810332534544,42.85372186579501,5.826088466739535,2645.905147317356,2374.1948526826445,2510.05,271.7102946347113,72.74179797777234,73.02404839520862,72.17729714289976,-25.506072874493928,47.48148970512719,52.121094104294485,76659.4,5712938,88502.2,-1763.0,-2.010124734909813
2022-01-26,2596.4,2562.4,2520.65,2399.4166666666665,2526.098479240595,71.64285714285714,72.15496368038741,50.31448600941303,44.34587469451861,5.968611314894417,2654.068652526902,2387.231347473098,2520.65,266.8373050538039,77.70600151923173,74.58469943654967,83.94860568459586,-10.849056603773583,60.47999183371658,74.64248120686308,75590.4,5762122,88681.65,1130.0,1.314824942112791
2022-01-27,2599.0,2570.3,2531.15,2401.866666666667,2533.327195503396,68.0,58.63192182410424,50.06456540287081,45.48961283618906,4.574952566681752,2654.6213263111786,2407.6786736888216,2531.15,246.94265262235692,74.27423910805925,74.48121266038619,73.86029200340536,-32.589285714285715,75.63837621818531,0.0,75377.9,5706905,89162.8,3883.0,4.459476531186479
2022-01-28,2589.2,2572.7,2538.55,2404.4333333333334,2536.0579387887865,69.21428571428571,52.17391304347826,46.1073391111031,45.61315809117187,0.4941810199312328,2649.571050635452,2427.5289493645487,2538.55,222.042101270903,64.74051837973181,71.23431456683474,51.75292600552595,-50.44642857142857,33.00722896550053,0.0,73667.15,5648061,88719.55,-10637.0,-11.694665552574868
2022-02-07,2607.2,2591.7,2551.35,2409.35,2550.1476589041404,74.57142857142857,66.66666666666666,52.21370211201338,46.933266895340175,5.2804352166732045,2667.6115472476176,2435.088452752382,2551.35,232.52309449523543,74.71853099082712,72.39572004149886,79.36415288948365,-3.71900826446281,93.65665400613456,59.12223431265864,73094.9,5720410,88855.8,9196.0,11.44934573388612
2022-02-08,2632.4,2610.7,2562.75,2414.6666666666665,2564.41931043708,74.85714285714286,67.24511930585683,57.6792149803955,49.08245651235124,8.596758468044257,2690.4055810311875,2435.0944189688125,2562.75,255.31116206237493,76.71590729337713,73.83578245879161,82.47615696254815,-13.2404181184669,117.23273183256744,75.42749646276819,71603.15,5776121,88821.55,2031.0,2.2688934815394024
2022-02-09,2638.4,2617.4,2570.85,2420.0333333333333,2571.9984237287863,75.57142857142857,62.12424849699399,56.83676249858263,50.63331770959752,6.203444788985109,2697.486279826952,2444.213720173048,2570.85,253.27255965390395,68.57202618204838,72.08119703321053,61.55368447972407,-32.75261324041812,63.94400128642534,49.79886010165747,71796.1,5717581,88697.9,-3769.0,-4.117055906320322
2022-02-10,2655.8,2627.4,2583.75,2426.133333333333,2583.141430992712,75.14285714285714,64.27221172022684,59.11875257695056,52.33040468306813,6.788347893882424,2702.7349614557265,2464.765038544273,2583.75,237.96992291145307,70.75698530579875,71.63979312407326,68.9913696692497,-17.073170731707318,87.49615551200736,60.54886150180965,69233.8,5771079,88554.2,651.0,0.7416521412215049
2022-02-11,2657.0,2623.1,2584.7,2429.9666666666667,2581.699389945786,78.28571428571429,56.1056105610561,50.58049691097722,51.98042312864995,-1.3999262176727356,2702.8169803737837,2466.5830196262164,2584.7,236.23396074756693,51.29503487740536,64.85820704185063,24.168690548514803,-62.73062730627306,20.49582091498028,19.677131042925154,67438.1,5687093,88540.0,138.0,0.1560591667797428
2022-02-14,2622.6,2614.9,2582.95,2434.116666666667,2575.0613528080926,81.64285714285714,50.154798761609904,38.8473279771124,49.35380409834245,-10.506476121230044,2704.4086349338286,2461.491365066171,2582.95,242.91726986765752,35.19812053343477,54.97151153904535,-4.3486614777863934,-96.99570815450645,-38.66543235964433,0.0,67356.65,5596833,88277.6,472.0,0.5329358896190461
2022-02-15,2576.8,2604.6,2579.85,2437.5666666666666,2565.1507477787504,78.35714285714286,41.4516129032258,25.94131439101193,44.67130615687635,-18.72999176586442,2709.561055406723,2450.138944593277,2579.85,259.4221108134461,25.01303273657556,44.98535193822209,-14.931605666717488,-95.35714285714286,-79.5240880927655,0.0,68005.9,5518204,88523.85,1521.0,1.7082593948651192
2022-02-16,2548.6,2593.5,2577.95,2441.35,2559.231628942679,77.64285714285714,43.28125,18.08684432337168,39.35441379017541,-21.26756946680373,2711.124163765822,2444.775836234178,2577.95,266.3483275316439,22.0324980148599,37.33440063043469,-8.571307216289682,-83.92857142857143,-69.33577373506688,5.959079548200834,66975.2,5567362,88426.6,-4350.0,-4.803498271844875
2022-02-17,2506.2,2581.0,2575.65,2444.516666666667,2551.4000452338523,77.21428571428571,39.59627329192546,9.652865275239035,33.41410408718814,-23.761238811949102,2714.296502413757,2437.0034975862427,2575.65,277.2930048275148,19.213718323372383,31.29417319474726,-4.9471914193773685,-86.42384105960265,-80.2090108532649,0.0,66856.8,5496886,88596.0,4865.0,5.6432623043997765
2022-02-18,2487.8,2572.4,2572.55,2448.833333333333,2544.219088544914,77.0,40.60509554140128,2.855270690232373,27.30233740779699,-24.447066717564617,2717.3758118895344,2427.724188110466,2572.55,289.6516237790684,17.22415658644252,26.60416765864568,-1.5358655579638023,-86.75496688741723,-58.018291250742486,3.098473057237328,67015.7,5410198,88386.7,-3001.0,-3.295122647517401
2022-02-21,2479.6,2551.1,2571.4,2453.583333333333,2537.2458420168277,76.78571428571429,41.59869494290376,-2.9018791491917,21.26149409639925,-24.163373245590957,2719.1870445144123,2423.612955485588,2571.4,295.57408902882435,15.819821863080636,23.009385726790665,1.4406941356605856,-88.41059602649007,-68.94609957596995,6.150191015323835,65571.25,5354775,88489.3,-1864.0,-2.116426146492112
2022-02-22,2467.0,2521.9,2566.3,2457.233333333333,2524.9367142057013,81.57142857142857,33.80503144654088,-12.405037808009183,14.528187715517566,-26.93322552352675,2729.2686440618486,2403.331355938152,2566.3,325.9372881236968,10.87988124205376,18.966217565211696,-5.292791404262111,-99.09909909909908,-84.18036095819392,0.0,67629.05,5252503,89414.75,15567.0,18.057279402382576
2022-02-23,2446.0,2497.3,2557.35,2459.9666666666667,2512.847503328968,80.5,33.91167192429023,-20.50688532921322,7.52117310657141,-28.02805843578463,2736.683590947413,2378.016409052587,2557.35,358.6671818948262,8.850698250826042,15.594377793749812,-4.636660835021498,-95.77464788732394,-92.78755105882374,0.318900112338201,65990.35,5180356,89645.05,-1814.0,-1.7823455431535962
2022-02-24,2439.2,2472.7,2550.05,2461.9666666666667,2506.19536015478,82.71428571428571,40.6885758998435,-23.031046374838297,1.4107292102894684,-24.441775585127765,2735.732779860791,2364.367220139209,2550.05,371.365559721582,15.653012807683156,15.61392279839426,15.731192826260944,-81.49171270718232,-71.41252929713794,20.584708037437043,67580.85,5263468,90024.4,-2476.0,-2.476941237670316
2022-02-25,2413.8,2450.8,2536.95,2461.15,2491.224373473373,85.78571428571429,22.58592471358429,-32.244778859304006,-5.320372403629227,-26.924406455674777,2740.624120517089,2333.2758794829106,2536.95,407.3482410341785,17.15687822295475,16.128241273247756,19.214152122368738,-88.81278538812785,-88.54010109182988,0.0,71771.9,5116800,90102.05,-3660.0,-3.754385245060832
2022-02-28,2412.4,2446.0,2530.45,2462.7833333333333,2488.6315759997183,90.78571428571428,33.38028169014085,-29.92226409517525,-10.240750741938433,-19.68151335323682,2734.7547002061,2326.1452997938995,2530.45,408.60940041220056,33.93448946002195,22.06365733550582,57.67615370905421,-59.50617283950617,-45.93638937916384,25.89426344168412,72773.2,5197652,90013.55,-7890.0,-8.409182955683924
2022-03-01,2424.2,2445.6,2525.1,2463.65,2486.5714259045067,91.5,36.529680365296805,-27.522319318776223,-13.697064457305991,-13.825254861470237,2730.2052618073003,2319.9947381926995,2525.1,410.2105236146008,45.531086251811615,29.88613364094108,76.82099147355268,-58.76543209876543,-33.82398677275227,33.44926270236213,74304.8,5280734,89692.85,-6407.0,-7.45554831502514
2022-03-02,2460.6,2453.3,2523.4,2467.35,2495.4693853421727,96.28571428571428,42.48275862068966,-16.31413102594206,-14.220477771033206,-2.0936532549088547,2725.950474541115,2320.849525458885,2523.4,405.1009490822298,61.99247558030379,40.58824762072865,104.80093149945408,-29.29292929292929,16.481440868220382,59.35865269634103,76355.7,5370936,89222.8,-1857.0,-2.3349972965836407
2022-03-03,2509.4,2474.3,2527.65,2472.85,2513.710396261966,95.0,58.36849507735584,1.1887416368304002,-11.138633889460484,12.327375526290885,2740.4521319639675,2314.8478680360327,2527.65,425.6042639279349,74.15274453445188,51.7764132586364,118.90540708608287,-1.5267175572519085,63.82737084788721,100.0,77632.7,5451693,88754.3,3914.0,5.039138943248522
2022-03-04,2571.2,2492.5,2532.45,2478.7,2527.452263284636,93.07142857142856,60.67251461988304,12.574881282742808,-6.395930855019826,18.97081213776264,2752.714410485,2312.185589515,2532.45,440.5288209700002,79.799878883867,61.1175684670466,117.1644997175078,-8.9058524173028,56.42212321518312,100.0,78795.15,5369600,88790.95,-534.0,-0.654524060500572
2022-03-07,2629.8,2521.1,2536.1,2486.866666666667,2549.313952495623,102.0,69.2722371967655,29.249778369622614,0.7332109899086623,28.516567379713955,2768.99563960572,2303.20436039428,2536.1,465.79127921143936,80.40230020829227,67.54581238079516,106.11527586328651,-18.392857142857142,106.38630194655347,100.0,79529.75,5456641,88658.6,5816.0,7.175640329664912
2022-03-08,2693.0,2558.6,2540.25,2495.4333333333334,2571.569766543659,105.64285714285714,69.02173913043478,44.05489969558676,9.39754873104428,34.65735096454247,2787.9313530154577,2292.5686469845423,2540.25,495.3627060309154,82.35153347219486,72.48105274459505,102.09249492739448,-13.75,94.31916124519088,99.4634443094623,80446.85,5530694,87933.2,-9830.0,-11.316019708062807
2022-03-09,2726.2,2593.4,2545.35,2501.9,2588.182169729977,110.35714285714286,68.0053547523427,52.20073663535277,17.95818631190598,34.24255032344679,2805.8929755438667,2284.807024456133,2545.35,521.0859510877335,81.44864136241561,75.47024895053524,93.40542618617636,-20.357142857142858,82.92974039022526,97.28639428337976,80651.1,5468069,87346.9,-987.0,-1.2811859082530686
2022-03-10,2744.2,2626.8,2549.75,2510.15,2606.1648202318843,117.85714285714286,69.36936936936937,60.46085689715983,26.458720428956752,34.00213646820308,2823.161873611165,2276.338126388835,2549.75,546.82374722233,81.55184149435766,77.49744646514272,89.66063155278755,-14.821428571428571,63.36723128002904,100.0,81496.55,5538476,87000.2,5443.0,7.157039355169559
2022-03-11,2766.6,2668.9,2559.85,2517.3166666666666,2621.7681706859908,121.21428571428572,69.19127086007703,65.68504391826582,34.30398512681857,31.38105879144725,2850.4821784625437,2269.2178215374565,2559.85,581.2643569250868,80.91389734616303,78.63626342548282,85.46916518752343,-16.071428571428573,69.28220527676683,99.61931296294507,81735.9,5449703,86929.75,5663.0,6.948977838859305
2022-03-14,2772.4,2701.1,2573.55,2524.6,2637.409297287325,119.07142857142856,75.81967213114754,70.30587370496414,41.50436284244768,28.80151086251646,2880.0820280338016,2267.0179719661987,2573.55,613.0640560676029,80.20811876563687,79.16021520553417,82.30392588584226,-13.214285714285714,68.59010975424734,100.0,81224.1,5529727,86906.5,1416.0,1.624654359374467
2022-03-15,2764.8,2728.9,2587.25,2530.516666666667,2647.6560308790085,119.85714285714286,72.7391874180865,69.85432013380205,47.17435430071856,22.679965833083493,2898.932615221908,2275.567384778092,2587.25,623.3652304438156,72.39438494150228,76.90493845085687,63.37327792279311,-20.535714285714285,56.44326335687756,94.21328600277218,82102.15,5433537,87036.35,4583.0,5.174263037268689
2022-03-16,2758.6,2742.4,2597.85,2535.883333333333,2654.069742223865,122.57142857142856,68.18181818181819,66.31131582438638,51.00174660545212,15.309569218934264,2911.8793482764568,2283.820651723543,2597.85,628.0586965529137,63.42583056250528,72.41190248807301,45.45368671136984,-25.892857142857142,40.63588137927088,85.6522331794184,85719.35,5312035,86886.45,-9945.0,-10.675640860492075
2022-03-17,2746.8,2745.5,2609.9,2540.5,2660.158338202544,114.07142857142856,78.08219178082192,63.019089475706096,53.40521517950292,9.613874296203178,2922.8976626783247,2296.9023373216755,2609.9,625.9953253566491,57.82273415946467,67.5488463785369,38.37050972132022,-31.208791208791208,34.49962254764561,100.0,84685.1,5361826,86359.25,-2681.0,-3.221929792936029
2022-03-18,2752.8,2759.7,2626.1,2545.4333333333334,2673.476591707064,111.21428571428572,76.92307692307692,66.26285413727373,55.976742971057085,10.28611116621665,2943.4262641111286,2308.773735888871,2626.1,634.6525282222574,66.69056594237536,67.26275289981638,65.5461920274933,-13.574660633484164,53.67285824688884,97.21048182586644,82873.25,5412277,86289.1,6140.0,7.624487768533461
2022-03-21,2780.2,2776.3,2648.7,2553.5,2697.2407258302005,117.21428571428572,80.64516129032258,77.86109876799128,60.35361413044392,17.507484637547357,2983.4219427336025,2313.978057266397,2648.7,669.4438854672053,73.16892877833749,69.23147819265675,81.04382994969896,-11.397849462365592,84.62497100401151,100.0,85971.4,5529663,86839.25,10542.0,12.163378331602637
2022-03-22,2807.2,2786.0,2672.3,2562.766666666667,2714.646370989229,114.0,72.25519287833828,82.63053716792092,64.80899873793932,17.8215384299816,3002.08723603654,2342.51276396346,2672.3,659.57447207308,73.73565583477298,70.73287074002883,79.7412260242613,-25.130890052356023,69.94579905765023,62.33741471109044,84529.75,5456224,86331.15,-5598.0,-5.758548327366997
2022-03-23,2827.0,2792.8,2693.1,2571.266666666667,2724.1086213712074,111.85714285714286,60.03159557661927,80.16066084686463,67.87933115972439,12.281329687140245,3001.847486672045,2384.352513327955,2693.1,617.4949733440899,65.87505260779739,69.11359802928501,59.39796176482213,-42.40837696335078,47.97467248249468,0.0,83887.2,5396928,85658.4,-5107.0,-5.574475516842403
2022-03-24,2847.2,2797.0,2711.9,2580.25,2733.1458955263306,111.85714285714286,63.2183908045977,77.71092115547435,69.84564915887438,7.865271996599972,3001.7369051362098,2422.0630948637904,2711.9,579.6738102724194,61.14747096930082,66.45822234262361,50.52596822265522,-41.09947643979058,41.63107602868351,15.459699075060778,82470.05,5451697,85127.1,353.0,0.4080594633960155
2022-03-25,2840.4,2796.6,2732.75,2587.4333333333334,2736.2748578571563,102.35714285714286,50.799289520426285,70.6780946604481,70.01213825918913,0.6659564012589669,2967.410673268735,2498.089326731265,2732.75,469.32134653747016,52.55985244107234,61.82543237543986,34.02869257233732,-54.9738219895288,23.29504994004888,0.0,78045.8,5393514,84584.0,-3896.0,-4.485378770435178
2022-03-28,2812.0,2796.1,2748.6,2593.3166666666666,2740.534395204093,101.92857142857144,49.81884057971014,65.55917823659001,69.12154625466931,-3.5623680180792974,2946.8230535214234,2550.3769464785764,2748.6,396.44610704284696,48.373234960714896,57.34136657053154,30.436971741081592,-51.047120418848166,14.083619772207712,0.0,76830.25,5450055,84175.7,-5194.0,-6.2605467431657065
2022-03-29,2787.8,2797.5,2763.2,2599.45,2742.293024232275,98.5,51.21042830540037,59.04653228357802,67.10654346045106,-8.060011176873047,2910.5879235215307,2615.812076478469,2763.2,294.77584704306173,41.309225991707024,51.99731971092337,19.93303855327433,-56.80628272251309,-3.661169671809588,4.514284201329137,75425.5,5395068,83878.6,-4183.0,-5.3786807252153785
2022-03-30,2784.2,2805.6,2774.0,2606.016666666667,2747.407974305392,88.92857142857143,51.74953959484347,56.22270388980951,64.92977554632276,-8.70707165651325,2893.970171731359,2654.029828268641,2774.0,239.9403434627184,38.56798461405004,47.52087467863227,20.662204484885592,-55.38461538461539,15.057598215356489,6.263151004163319,73137.55,5439511,83398.75,-5512.0,-7.490453476836945
2022-03-31,2777.2,2812.2,2778.85,2612.55,2750.89292913345,87.14285714285714,51.27737226277372,52.412323195093,62.42628507607681,-10.013961880983814,2891.6390905511566,2666.060909448843,2778.85,225.5781811023135,35.253501514695074,43.431750290653206,18.89700396277881,-59.07692307692308,19.842907208470507,4.731449129968515,71197.95,5397546,82656.2,-1340.0,-1.9684171869261855
2022-04-01,2769.4,2804.9,2782.3,2617.766666666667,2748.617412073121,85.21428571428571,44.991511035653645,44.28268221552753,58.79756450396695,-14.514882288439424,2883.109565126734,2681.490434873266,2782.3,201.61913025346803,26.3513371921329,37.73827925781311,3.577453060772484,-76.61538461538461,-37.00286832708139,0.0,68974.6,5359920,81529.35,-8220.0,-12.317374690941785
2022-04-06,2764.2,2788.1,2782.2,2623.2166666666667,2749.2252775899665,85.57142857142857,50.86805555555555,39.642277662130255,54.96650713559961,-15.32422947346936,2883.119144289868,2681.280855710132,2782.2,201.8382885797355,26.407337133613463,33.96129854974656,11.29941430134727,-68.0,-14.201151589853644,16.4823082010582,66237.9,5392227,79804.25,-6149.0,-10.50841664530462
2022-04-07,2752.4,2770.1,2778.05,2627.016666666667,2744.537155914732,82.78571428571429,48.75207986688852,31.167404833546243,50.20668667518895,-19.039281841642705,2885.448863073416,2670.6511369265845,2778.05,214.7977261468313,23.854891422408976,30.59249617396737,10.379681919292205,-87.61904761904762,-71.3158747456229,10.547500198082584,66094.3,5321046,79593.6,20459.0,39.06924340220754
2022-04-08,2715.6,2749.9,2771.35,2629.1833333333334,2731.914569637138,85.35714285714286,42.27405247813411,17.152420083703873,43.59583335689194,-26.443413273188064,2901.4807439704564,2641.2192560295434,2771.35,260.26148794091296,16.325201876542696,25.836731408159142,-2.697857186690193,-99.1825613079019,-100.98429339981526,0.0,67183.2,5236643,79467.6,706.0,0.9694473051836684
2022-04-11,2683.2,2730.2,2763.6,2632.366666666667,2721.446515385982,83.57142857142857,35.504885993485345,6.774270549397443,36.23152079539304,-29.4572502459956,2909.7857506195437,2617.414249380457,2763.6,292.3715012390867,16.45967609613379,22.711046304150692,3.956935680099981,-88.7218045112782,-105.44810215311624,0.0,66736.0,5298106,79155.85,1728.0,2.350029239368423
2022-04-12,2667.2,2718.3,2757.45,2634.0,2714.356371063508,75.64285714285714,23.25581395348837,0.5603440418994978,29.09728544469433,-28.536941402794834,2912.577757195869,2602.322242804131,2757.45,310.255514391738,19.647219008327117,21.689770538876168,15.562115947229003,-80.76923076923077,-80.9995289029911,0.0,65808.35,5368326,78510.8,-1003.0,-1.3327309690535305
2022-04-13,2655.6,2709.9,2753.0,2636.5,2712.7033833431733,74.78571428571429,32.50478011472275,-0.3258985955067146,23.212648636654123,-23.53854723216084,2909.776743710316,2596.2232562896843,2753.0,313.5534874206314,27.96803448138784,23.78252518638006,36.339053071403406,-61.41479099678457,-38.98352524762694,23.14406850112228,66137.8,5454939,78149.85,7098.0,9.558823529411775
2022-04-14,2657.2,2704.8,2751.15,2639.4166666666665,2712.255442072395,71.5,38.67521367521367,-0.1390414185966619,18.542310625603967,-18.68135204420063,2909.192332769918,2593.1076672300824,2751.15,316.08466553983544,34.878317907046664,27.481122759935595,49.6727082012688,-55.136986301369866,-30.715356398137608,38.58459823342765,63809.85,5504570,77547.2,-251.0,-0.3085281608771528
2022-04-15,2694.0,2704.8,2755.2,2643.6666666666665,2720.2311142559765,76.0,47.91288566243194,7.02888419201463,16.2396253388861,-9.21074114687147,2913.4929994794443,2596.907000520556,2755.2,316.5859989588889,50.59303590806856,35.185093809313244,81.4089201055792,-18.587360594795538,21.577437389925787,86.5350920384974,61977.8,5589431,77977.9,10722.0,13.220226132202262
2022-04-18,2732.6,2707.9,2760.05,2648.5333333333333,2729.256722422074,74.07142857142857,54.73887814313346,14.080348597000466,15.807769990508977,-1.727421393508509,2919.4838338258537,2600.6161661741467,2760.05,318.86766765170705,63.44154953172111,44.6039123834492,101.11682382826493,-11.524163568773234,28.25735037671861,100.0,62662.1,5652908,78636.6,1879.0,2.046283691805062
2022-04-19,2761.0,2714.1,2759.5,2652.7166666666667,2734.9465583818765,72.85714285714286,50.75757575757576,17.370466309203493,16.12030925424788,1.250157054955615,2918.428649995721,2600.571350004279,2759.5,317.85729999144223,68.46720586065358,52.55834354251732,100.28493049692612,-21.48148148148148,25.036843279270304,87.35414583035671,63510.85,5585482,78967.1,-424.0,-0.4524886877828038
2022-04-20,2781.0,2718.3,2753.2,2657.766666666667,2740.856409964555,70.0,53.69649805447472,20.388416467661955,16.973930696930694,3.414485770731261,2893.7681703882663,2612.6318296117333,2753.2,281.13634077653296,72.80529773426288,59.30732827309917,99.8012366565903,-18.51851851851852,23.50210173329086,96.6890767608269,60582.85,5644308,78715.95,-1091.0,-1.1695969125214425
2022-04-21,2803.8,2730.5,2750.3,2662.9666666666667,2748.584370920312,70.0,52.58964143426295,24.51486270044097,18.482117097632752,6.03274560280822,2881.964805671905,2618.635194328095,2750.3,263.32961134381003,78.78377873642216,65.79947842754018,104.75237935418612,-9.25925925925926,39.81633625088363,93.17335601158732,59807.6,5702242,78990.45,4915.0,5.331438674896138
2022-04-22,2808.2,2751.1,2750.5,2666.983333333333,2755.195383213615,67.35714285714286,53.44129554655871,27.149373421843848,20.21556836247497,6.933805059368876,2882.5837055171714,2618.416294482829,2750.5,264.1674110343429,82.0650028177455,71.22131989094194,103.7523686713526,-10.74074074074074,51.08624658493356,95.8784742528285,59802.7,5643044,79692.65,3447.0,3.5498022738507107
2022-04-25,2803.2,2767.9,2749.05,2670.333333333333,2758.5101086218424,70.21428571428571,56.7741935483871,26.67043597084239,21.506541884148454,5.163894086693933,2878.579472362529,2619.520527637471,2749.05,259.0589447250586,74.64620602522746,72.36294860237044,79.2127208709415,-28.282828282828284,46.543405558092665,100.0,64661.45,5491100,80450.45,1465.0,1.4569720838181643
2022-04-26,2832.2,2796.6,2757.45,2675.7166666666667,2775.2234316102385,75.07142857142857,65.40447504302927,37.478442971101686,24.700922101539103,12.777520869562585,2911.1434406023864,2603.7565593976133,2757.45,307.3868812047731,82.57459486649151,75.76683069041079,96.19012321865296,-1.10803324099723,94.11741871494462,100.0,72577.5,5707604,82793.0,27799.0,27.249647114178167
2022-04-27,2861.6,2821.3,2765.6,2681.55,2791.297390504501,72.28571428571429,72.76119402985074,46.316870757959805,29.024111832823245,17.29275892513656,2940.390581463675,2590.8094185363248,2765.6,349.5811629273503,86.0021108633753,79.17859074806562,99.64915109399467,-4.177545691906006,103.88169621980823,100.0,75046.25,5813520,85254.1,-2823.0,-2.1746331317644363
2022-04-28,2896.6,2850.2,2777.5,2688.6,2810.8881152183585,70.21428571428571,88.42315369261478,56.94165753389689,34.607620973037974,22.334036560858912,2980.525017903521,2574.4749820964785,2777.5,406.0500358070431,89.41807390891687,82.5917518016827,103.07071812338518,-2.097902097902098,107.851642755638,100.0,78672.65,5941035,88100.5,3523.0,2.774190500188989
2022-04-29,2915.4,2861.8,2783.3,2693.5666666666666,2820.517818530896,73.5,75.17361111111111,57.83638611864626,39.25337400215963,18.58301211648663,2994.993025019942,2571.6069749800586,2783.3,423.3860500398832,79.88982705038903,81.69111021791815,76.28726071533077,-22.70531400966184,71.40394549260863,79.6684310967068,82689.55,5816254,90696.9,-10512.0,-8.05424663831743
2022-05-05,2951.4,2877.3,2792.6,2699.7,2834.754216766049,73.64285714285714,76.51888341543514,62.50506080905007,43.90371136353773,18.60134944551234,3020.1696770106355,2565.0303229893643,2792.6,455.1393540212712,81.59321803359268,81.65847948980966,81.4626951211587,-10.557184750733136,73.97658843126652,78.71134384730009,84379.35,5892015,93176.95,-3667.0,-3.0557569394098483
2022-05-06,2955.8,2894.0,2804.05,2706.266666666667,2846.3014342169013,71.85714285714286,72.60034904013962,64.33373686780988,47.98971646439216,16.344020403417716,3040.5895037664814,2567.510496233519,2804.05,473.0790075329624,80.63661344083484,81.31785747348472,79.27412537553508,-15.479876160990711,65.71767158930226,68.19405055377052,86423.65,5813503,96066.1,-38.0,-0.0326640077018325
2022-05-09,2963.4,2912.5,2815.4,2711.233333333333,2859.225107148625,73.64285714285714,73.29931972789116,67.10738635125153,51.81325044176403,15.2941359094875,3063.530186542613,2567.269813457387,2815.4,496.2603730852261,82.23277603208152,81.62283032635032,83.4526674435439,-12.76595744680851,72.90216467208097,62.666665267543145,90628.6,5929909,99749.2,9730.0,8.366437943902728
2022-05-10,2945.4,2921.0,2825.75,2714.6833333333334,2863.775096943993,73.35714285714286,59.65217391304347,62.53281103085647,53.95716255958253,8.575648471273936,3070.862970731947,2580.637029268053,2825.75,490.2259414638938,73.17542693636744,78.80702919635604,61.91222241639025,-44.04761904761905,31.08845261943087,23.61465997099003,95042.6,5770448,101883.75,-10512.0,-8.341003586504591
2022-05-11,2944.6,2930.0,2840.55,2719.083333333333,2867.986992473137,75.28571428571429,58.34829443447037,58.31588950028026,54.82890794772208,3.486981552558184,3066.301120531084,2614.7988794689168,2840.55,451.5022410621668,64.902553794824,74.17220406251202,46.36325325944796,-43.65079365079365,31.77084712168765,20.152932977654437,96109.85,5876196,104129.15,2923.0,2.530385401156554
2022-05-12,2932.6,2942.0,2854.95,2722.766666666667,2871.98823128522,75.64285714285714,61.35084427767355,54.50700921848647,54.76452820187496,-0.2575189833884863,3057.5587492265445,2652.341250773455,2854.95,405.2174984530893,55.17313110131124,67.83917974211177,29.84103381971019,-42.85714285714285,32.93582244958412,24.449746316365072,97171.35,5958889,106217.9,-1405.0,-1.1862646594449466
2022-05-13,2927.0,2941.4,2869.0,2728.766666666667,2877.322685448532,76.85714285714286,62.06261510128913,52.33757869322426,54.27913830014482,-1.9415596069205636,3048.551487997432,2689.448512002568,2869.0,359.1029759948642,52.25827787706464,62.64554578709606,31.483742057001805,-36.43724696356275,27.478230230453,26.4360735803069,98445.35,6054589,108073.9,-5658.0,-4.8344925406292205
2022-05-16,2917.6,2940.5,2880.9,2735.8166666666666,2882.8157630248625,77.21428571428571,60.76190476190476,50.59984732792464,53.54328010570079,-2.9434327777761524,3043.1693018280907,2718.630698171909,2880.9,324.5386036561813,51.70393128312246,58.99834095243819,37.11511194449098,-33.60323886639676,32.99438191076501,20.92687353765224,97532.8,6122951,109521.85,-1063.0,-0.9544246516305144
2022-05-17,2928.4,2936.9,2893.55,2743.983333333333,2890.2618808320185,79.78571428571429,63.07129798903108,50.735814522314286,52.98178698902349,-2.2459724667092047,3037.4761140855817,2749.6238859144187,2893.55,287.852228171163,56.49309704589116,58.16325965025585,53.152771837161794,-23.07692307692308,60.19890355277896,19.896718286943404,98723.55,6196397,111223.25,4818.0,4.367572271627096
2022-05-18,2932.0,2938.3,2900.05,2751.0333333333333,2893.665511228969,75.14285714285714,62.27436823104693,47.47213281396125,51.87985615401104,-4.407723340049792,3036.9994336184245,2763.100566381576,2900.05,273.8988672368487,52.74142977662586,56.35598302571252,45.51232327845253,-43.1924882629108,30.085850220240083,13.054338053180953,96963.05,6146746,111875.3,-10265.0,-8.915930548679329
2022-05-19,2924.0,2928.3,2902.8,2757.583333333333,2891.4116530166866,72.35714285714286,43.13304721030043,39.90688779671655,49.48526248255215,-9.578374685835598,3034.6733044290577,2770.9266955709427,2902.8,263.746608858115,43.95033958574395,52.22076854572299,27.409481665785847,-73.6318407960199,-28.266873583579876,0.0,98013.2,6062266,112174.25,-5183.0,-4.942498045124255
2022-05-20,2903.0,2915.0,2904.5,2763.366666666667,2884.8962574912875,73.35714285714286,37.97216699801193,29.775634432245624,45.54333687249084,-15.767702440245216,3030.961976810951,2778.038023189049,2904.5,252.923953621902,30.35285796944333,44.93146502029644,1.1956438677371182,-97.01492537313432,-47.77333744072307,0.0,98170.4,5991696,112133.35,-7221.0,-7.243963363863449
2022-05-23,2884.0,2900.8,2906.65,2769.516666666667,2880.620423444498,72.64285714285714,33.19057815845825,22.85484465173749,41.00563842834017,-18.15079377660268,3026.7171303457358,2786.582869654265,2906.65,240.13426069147044,25.87371294148627,38.57888099402639,0.4633768364060415,-83.9622641509434,-60.84209680156324,0.0,98474.75,6056609,112196.75,995.0,1.076117756483752
2022-05-24,2860.8,2894.6,2907.8,2776.8,2877.22800216407,69.0,41.343669250646,17.570979784937663,36.31870669965967,-18.74772691472201,3024.8561718509845,2790.743828149016,2907.8,234.1123437019687,23.716803652533137,33.62485521352863,3.9007005305421383,-81.60377358490567,-55.28298848991918,18.81700898254012,98147.85,6108005,111847.7,-3334.0,-3.5674160309019154
2022-05-25,2849.6,2890.8,2910.4,2784.6666666666665,2876.5396210055874,67.21428571428571,35.87570621468926,15.225262527074849,32.10001786514271,-16.874755338067864,3021.2007220192454,2799.599277980755,2910.4,221.60144403849063,26.424801108322256,31.22483717845984,16.82472896804709,-69.81132075471699,-45.668901878167766,6.694620551938131,97213.7,6148520,111348.75,449.0,0.4982080046159076
2022-05-26,2843.2,2883.6,2912.8,2791.25,2872.8691809098173,67.28571428571429,34.13978494623656,10.66123604268614,27.8122615006514,-17.151025457965257,3014.3098647007523,2811.290135299248,2912.8,203.01972940150424,22.92333340886492,28.457669255261536,11.85466171607169,-84.90566037735849,-70.31667415835425,2.366583319835954,91775.45,6105341,110729.95,-932.0,-1.029015589807003
2022-05-27,2833.0,2868.0,2904.7,2798.3,2863.2625922517395,71.28571428571429,24.51456310679612,1.6989789846297754,22.58960499744708,-20.8906260128173,3023.4728482173864,2785.927151782613,2904.7,237.5456964347732,16.379615962562898,24.43165149102866,0.2755449056313779,-96.70781893004116,-92.48679408216844,0.0,85677.1,6010804,109152.65,8629.0,9.62628290941543
2022-05-30,2816.0,2850.0,2895.25,2803.15,2852.9518691801454,64.85714285714286,28.53107344632768,-6.698219325637638,16.732040132830132,-23.43025945846777,3029.874428845925,2760.625571154075,2895.25,269.2488576918504,11.713394768692726,20.19223258358335,-5.244280861088519,-98.0544747081712,-106.67576918811676,10.41714333902836,83456.05,5949309,107552.95,-3271.0,-3.3286183842310413
2022-05-31,2799.8,2830.3,2883.6,2808.1,2844.4802625915604,64.14285714285714,30.110497237569064,-12.482939149059805,10.889044276452143,-23.37198342551195,3021.438043789717,2745.7619562102823,2883.6,275.67608757943526,12.48372659376263,17.622730586976445,2.205718607335001,-91.35338345864662,-91.58851932420896,14.51350625996932,80260.1,6012905,105678.35,-1975.0,-2.078991136655506
2022-06-01,2792.4,2821.0,2879.65,2812.3166666666666,2843.386904249507,65.78571428571429,41.02564102564102,-11.368597823831353,6.437515856395445,-17.806113680226794,3018.584706360814,2740.7152936391863,2879.65,277.86941272162767,29.127853523358525,21.45777156577047,44.46801743853463,-65.1685393258427,-57.21086659273134,42.82281155101749,77178.15,6076047,104314.0,-307.0,-0.3300259075712408
2022-06-02,2811.4,2827.3,2877.8,2816.4166666666665,2851.921484797173,71.85714285714286,50.489236790606654,-2.3887737334230223,4.672257938431751,-7.061031671854773,3012.5927844390376,2743.007215560963,2877.8,269.5855688780748,50.05348965049298,30.989677594011305,88.18111376345634,-27.715355805243444,14.55710877797588,67.36741003392999,77119.9,6150643,103026.95,-2121.0,-2.287631045342764
2022-06-06,2848.0,2840.5,2877.75,2821.366666666667,2861.7384862450617,71.71428571428571,51.90114068441065,6.428909228958673,5.023588196537136,1.4053210324215373,3012.4213348156886,2743.0786651843114,2877.75,269.34266963137725,63.99577372710928,41.991709638377294,108.00390190457324,-19.47565543071161,56.995680205710926,71.02929659698158,76611.95,6218996,101686.25,-1111.0,-1.226336994315358
2022-06-07,2890.8,2853.4,2877.1,2824.9,2871.9538685074367,68.57142857142857,50.77821011673152,14.380895490323384,6.895049655294386,7.485845835028996,3009.7632460106865,2744.4367539893133,2877.1,265.32649202137327,74.73667828305884,52.90669918660447,118.39663647596755,-3.7815126050420167,72.80489245802207,69.55450888454895,72667.05,6256504,99949.25,1804.0,2.016002860846622
2022-06-08,2949.8,2874.8,2884.7,2829.5,2889.7677857924427,72.64285714285714,61.6871704745167,27.626686487230018,11.041377021681512,16.585309465548505,3040.051011718919,2729.3489882810804,2884.7,310.7020234378388,82.64338222985816,62.81892686768904,122.2922929541964,-1.5432098765432098,108.48154301346588,100.0,68598.9,6334602,99287.9,11001.0,12.05087196564718
2022-06-09,2979.4,2885.9,2888.35,2833.4166666666665,2898.4565680979244,72.07142857142857,59.39086294416244,31.467386710022765,15.126578959349764,16.340807750673,3049.3341770583197,2727.365822941681,2888.35,321.9683541166387,79.88982683636635,68.50922685724814,102.6510267946028,-25.617283950617285,72.7131313627389,93.82258148415951,66754.8,6265736,97997.25,-9663.0,-9.446763581616793
2022-06-10,2989.0,2900.2,2891.9,2836.8166666666666,2906.317847326693,69.85714285714286,64.52205882352942,34.11787962862081,18.92483909320397,15.193040535416838,3057.946157184609,2725.853842815391,2891.9,332.092314369218,78.05412324070514,71.69085898506714,90.78065175198114,-25.617283950617285,56.68617116681567,100.0,64675.25,6265736,96656.6,-2405.0,-2.5964631960788576
2022-06-13,2967.2,2907.6,2887.8,2838.083333333333,2900.5732904384367,76.14285714285714,50.45317220543807,25.03643813032977,20.147158900629137,4.889279229700634,3054.1421964378733,2721.457803562127,2887.8,332.6843928757462,62.941431954708776,68.77438330828102,51.27552924756429,-67.28395061728395,-7.101788842811455,64.8343732441944,63547.15,6192598,95290.8,-6161.0,-6.828787089480281
2022-06-14,2941.8,2916.3,2883.15,2839.016666666667,2894.9948818252524,76.14285714285714,49.77307110438729,17.316944784030056,19.58111607730932,-2.264171293279265,3049.135763498552,2717.1642365014486,2883.15,331.97152699710296,52.45478179696634,63.33451613784279,30.69531311521344,-68.51851851851852,-31.009308877636496,63.13443904719759,63126.45,6132650,93590.0,-7763.0,-9.23507018796098
2022-06-15,2892.8,2921.3,2875.8,2840.1666666666665,2887.281083556181,78.14285714285714,45.78313253012048,8.837946352780818,17.43248213240362,-8.594535779622802,3040.282729856479,2711.317270143521,2875.8,328.96545971295745,38.752360441476384,55.14046423905398,5.976152846321185,-77.1604938271605,-39.03838023668093,53.161461476901934,61867.1,6084391,91612.0,-726.0,-0.951544621675815
2022-06-16,2847.2,2913.3,2867.15,2840.8,2874.492408931783,79.28571428571429,43.86724386724387,-2.771957789683256,13.391594147986249,-16.163551937669503,3038.566728287612,2695.733271712388,2867.15,342.83345657522386,26.047899506245177,45.44294266145105,-12.742186804166565,-95.98765432098766,-62.24980756229936,48.37263721146488,62206.05,6027961,90208.0,1215.0,1.6077595903190467
2022-06-17,2801.0,2895.0,2861.15,2841.333333333333,2862.635989033518,74.57142857142857,48.25396825396825,-12.07576351053467,8.298122616282065,-20.373886126816732,3040.3696828945667,2681.930317105433,2861.15,358.43936578913326,20.272243081682834,37.052709468194976,-13.288689691341446,-91.27906976744184,-68.36709144720207,54.79954105433833,60415.45,5979293,89045.85,-346.0,-0.450602974500558
2022-06-20,2770.2,2868.7,2854.6,2839.5333333333333,2846.384942458897,78.64285714285714,45.30551415797318,-23.85423507518408,1.867651077988836,-25.721886153172917,3048.651973504625,2660.548026495375,2854.6,388.1039470092501,16.82394897939469,30.309789305261543,-10.14773167233902,-90.0726392251816,-86.30648581883084,44.1567200676053,60083.55,5915361,88155.65,-1782.0,-2.331240188383044
2022-06-21,2749.2,2845.5,2849.45,2836.4333333333334,2835.9673288913827,80.5,48.09052333804809,-29.22079558794121,-4.350038255197173,-24.87075733274404,3050.475240625172,2648.424759374828,2849.45,402.0504812503441,18.31167555722022,26.31041805591444,2.314190559831779,-79.17675544794189,-58.992336995517896,30.067912365100945,59584.45,5970292,87048.55,-3343.0,-4.47775188191486
2022-06-22,2715.4,2804.1,2839.45,2832.516666666667,2817.779964235061,80.92857142857143,37.12328767123288,-40.4313966097543,-11.566309926108598,-28.865086683645703,3060.3252684446898,2618.57473155531,2839.45,441.7505368893799,12.673333053044392,21.76472305495776,-5.5094469507823405,-98.82075471698111,-79.84981298058516,0.0,60001.25,5910560,86111.05,58.0,0.0813293136086468
2022-06-23,2708.2,2777.7,2831.8,2830.9,2808.18187240315,78.71428571428571,34.61538461538461,-43.010284628442605,-17.8551048665754,-25.15517976186721,3058.735279435832,2604.864720564168,2831.8,453.8705588716639,18.85929911244001,20.79624840745184,14.985400522416334,-76.94013303769401,-67.46077676326117,0.0,61340.9,5977868,84975.7,-3508.0,-4.915023888585324
2022-06-24,2686.6,2743.8,2822.0,2827.95,2792.355027412374,81.0,29.271523178807957,-50.52354122851512,-24.388792138963343,-26.13474908955177,3064.221299424152,2579.778700575848,2822.0,484.44259884830353,16.50240537035296,19.36496739508555,10.77728132088778,-93.56984478935698,-72.05745540040397,0.0,61446.0,5932587,83875.85,-222.0,-0.3271200176821587
2022-06-27,2689.4,2729.8,2818.7,2826.95,2784.1307390873862,84.21428571428571,33.66459627329192,-50.72881587269149,-29.65679688570897,-21.072018986982517,3065.5437391933106,2571.856260806689,2818.7,493.6874783866215,23.972314877306435,20.90074988915918,30.11544485360095,-79.37915742793791,-54.3651211988271,12.46242933372787,58812.8,5974460,82315.35,-584.0,-0.8633561491950381
2022-06-28,2677.8,2713.5,2814.9,2825.25,2774.1182877457304,84.0,24.393530997304595,-52.46538357542022,-34.218514223651226,-18.246869351768996,3068.129997391572,2561.6700026084286,2814.9,506.459994783143,27.560490619958674,23.120663466092346,36.440144927691335,-85.06787330316742,-51.56013558725941,0.0,58903.8,5911145,80986.25,1357.0,2.023591165988159
2022-06-29,2663.4,2689.4,2805.35,2822.15,2754.96416510328,84.57142857142857,23.506493506493516,-61.68388666359306,-39.71158871163959,-21.972297951953465,3080.150042135883,2530.549957864117,2805.35,549.6000842717658,18.8567522007454,21.699359710976697,13.171537180282796,-99.29906542056077,-76.14798634366338,0.0,60304.35,5819538,80224.0,9362.0,13.683933582787656
2022-06-30,2634.4,2671.3,2792.3,2818.4166666666665,2737.539006522015,86.14285714285714,23.476005188067447,-68.2831823974775,-45.42590744880718,-22.857274948670323,3085.7291629749834,2498.870837025017,2792.3,586.8583259499665,17.55042124586346,20.31638022260562,12.018503292379144,-91.21951219512196,-80.16708867776408,0.0,60426.1,5753961,79506.95,597.0,0.7675692355164632
2022-07-01,2621.8,2654.2,2774.6,2815.0,2722.4400535199184,80.5,29.237947122861584,-72.11701030980794,-50.76412802100734,-21.3528822888006,3074.9201099178035,2474.2798900821963,2774.6,600.6402198356072,18.633614163908973,19.75545820304007,16.389926085646778,-84.33734939759036,-72.0508738970807,21.910968900976524,59823.65,5816508,78800.75,-1904.0,-2.429346092503992
2022-07-04,2578.8,2634.1,2751.4,2811.0666666666666,2700.3981436608788,85.14285714285714,25.859697386519954,-81.31881838573918,-56.875066093953706,-24.443752291785472,3064.4605456826966,2438.3394543173035,2751.4,626.1210913653931,16.035463055659598,18.515459820579917,11.075469525818969,-92.09183673469389,-84.78970504327245,9.620210475383756,59491.3,5754802,78084.35,-1315.0,-1.7196061251977923
2022-07-05,2540.2,2609.0,2727.25,2806.583333333333,2679.979272836033,84.71428571428571,26.704545454545453,-88.00036239524934,-63.10012535421284,-24.900237041036505,3044.1281103864635,2410.3718896135365,2727.25,633.756220772927,13.807814698976902,16.946244780045575,7.530954536839559,-92.4198250728863,-73.04033763976732,13.029885700818935,59979.8,5707524,77191.0,-1735.0,-2.308531587631057
2022-07-06,2501.6,2582.5,2693.3,2801.25,2651.4098182802204,89.07142857142857,25.100133511348474,-100.6881776460591,-70.61773581258208,-30.07044183347702,3005.988915529042,2380.6110844709583,2693.3,625.3778310580838,10.800954480169,14.897814680086716,2.6072340803335727,-95.66265060240964,-95.45288901789456,6.554728970098988,59730.85,5634405,75697.35,-1005.0,-1.3688181855327497
2022-07-07,2462.4,2548.4,2663.05,2797.3166666666666,2625.180311777342,90.64285714285714,25.066666666666663,-109.80041833947416,-78.4542723179605,-31.34614602151366,2975.6065043652825,2350.493495634718,2663.05,625.1130087305646,10.06258918206553,13.286072847412989,3.615621851370612,-92.183908045977,-94.34042361837764,6.462289730422642,59219.85,5575759,74642.8,-881.0,-1.2165819708351733
2022-07-08,2401.6,2511.7,2627.75,2791.5333333333333,2591.8298058937853,96.21428571428572,23.70744010088272,-123.7453314942636,-87.51248415322112,-36.232847341042486,2948.4740985152416,2307.0259014847584,2627.75,641.4481970304832,7.204846688752907,11.258997461192962,-0.9034548561272048,-98.62475442043224,-99.8949541463624,0.9402374298172324,62742.0,5464214,74277.5,11380.0,15.908296638009368
2022-07-11,2346.6,2462.7,2596.25,2784.35,2556.036491046758,95.71428571428572,17.71995043370508,-137.9671827523548,-97.60342387304786,-40.36375887930694,2948.883326782777,2243.616673217223,2596.25,705.2666535655544,6.119932442536589,9.545975788307503,-0.7321542490052408,-96.5391621129326,-111.98912120241106,0.0,63233.3,5381250,73923.95,-5926.0,-7.147078333232826
2022-07-12,2284.0,2412.1,2562.8,2775.616666666667,2519.5568252327807,92.92857142857144,18.86543535620052,-150.9675826525422,-108.27625562894674,-42.69132702359546,2943.1137762703947,2182.4862237296056,2562.8,760.6275525407891,4.07995496169106,7.723968846102024,-3.2080728071308684,-100.0,-103.5023793802032,6.779848982736067,64203.8,5301892,73988.75,604.0,0.7845276597955531
2022-07-13,2224.6,2363.1,2526.25,2765.2,2477.9799847344207,93.85714285714286,9.149484536082484,-166.61214003699024,-119.94343251055544,-46.66870752643479,2943.61561026464,2108.88438973536,2526.25,834.7312205292801,5.109675856813648,6.852537849672565,1.6239518710958123,-94.38040345821324,-109.48047146789258,0.0,66896.1,5199787,74305.9,4321.0,5.568801309396476
2022-07-14,2182.6,2322.5,2496.9,2754.7,2448.2676052359043,95.42857142857144,19.64285714285714,-170.3494754232447,-130.02464109309332,-40.32483433015139,2929.409884280114,2064.390115719886,2496.9,865.0197685602279,11.53978390454243,8.414953201295853,17.789445311035582,-82.42074927953891,-83.29015414525911,42.80369071639858,68807.9,5294453,74286.15,-5523.0,-6.742437190223893
2022-07-15,2165.2,2283.4,2468.8,2744.25,2423.480214261056,96.21428571428572,15.094339622641511,-169.58129687488827,-137.93597224945233,-31.645324625435933,2905.082187773486,2032.5178122265145,2468.8,872.5643755469719,17.293189269694953,11.374365224095552,29.13083736089376,-79.2507204610951,-70.6502960260719,29.593380085101888,70874.15,5384446,74085.5,-3964.0,-5.189092955976493
2022-07-18,2178.0,2262.3,2448.2,2735.766666666667,2409.81543195048,98.07142857142856,25.278810408921927,-159.70786585409724,-142.29035097038133,-17.41751488371591,2878.9802468227044,2017.419753177295,2448.2,861.5604936454095,29.995146524084586,17.581292324091894,54.82285492406995,-62.77602523659306,-44.03885237889547,80.29148972034675,71617.0,5463235,73933.35,-812.0,-1.1211288607839598
2022-07-19,2178.8,2231.4,2420.2,2725.4333333333334,2387.642533669482,100.0,25.37313432835822,-158.36876330670748,-145.50603343764658,-12.8627298690609,2844.694547730158,1995.7054522698415,2420.2,848.9890954603161,31.05245844747784,22.07168103188721,49.0140132786591,-75.90579710144928,-53.338404736458585,80.76103246921977,73536.6,5369912,74022.5,1483.0,2.070795224464139
2022-07-20,2200.2,2212.4,2397.45,2714.9,2368.819435224769,100.28571428571428,26.59313725490196,-154.47779962078403,-147.30038667427408,-7.177412946509946,2819.982452817782,1974.9175471822175,2397.45,845.0649056355642,32.8379648170218,25.66044229359873,47.19300986386793,-73.16176470588235,-49.32631103412712,86.83418476384419,74041.55,5439743,74013.7,-1901.0,-2.600618347971217
2022-07-21,2195.4,2189.0,2368.7,2703.633333333333,2347.217584250982,101.71428571428572,24.50408401400233,-153.49795286263043,-148.53989991194535,-4.958052950685072,2777.71581490464,1959.68418509536,2368.7,818.0316298092803,34.36016992890512,28.560351505367528,45.95980677598031,-80.4,-56.21019522167497,87.46537280181775,74301.75,5367231,74264.55,1685.0,2.3666727530654352
2022-07-22,2194.4,2179.8,2345.75,2693.516666666667,2331.577814322317,99.0,30.98765432098766,-147.71034696535708,-148.37398932262772,0.6636423572706462,2741.4914759530216,1950.0085240469784,2345.75,791.4829519060431,40.591258324104686,32.57065377827991,56.63246741575424,-72.2,-47.377220433839504,100.0,74896.0,5424397,74452.45,-1481.0,-2.032051809774704
2022-07-25,2157.4,2167.7,2315.2,2679.5333333333333,2309.046593910668,102.64285714285714,28.107502799552066,-148.51253212315942,-148.40169788273406,-0.1108342404253619,2687.485459235112,1942.914540764888,2315.2,744.5709184702237,33.549388501057074,32.8968986858723,34.85436813142661,-88.02816901408451,-53.28974520561246,86.81138781407226,76362.1,5353202,74814.25,2894.0,4.053164521505304
2022-07-26,2155.4,2167.1,2289.6,2666.583333333333,2295.518346871557,100.0,37.601862630966245,-141.70498451604544,-147.06235520939634,5.3573706933509015,2625.1557213120755,1954.0442786879244,2289.6,671.1114426241511,35.198117407784366,33.66397159317633,38.26640903700044,-69.32668329177058,-47.04727629222749,100.0,76627.6,5421827,74914.75,-3869.0,-5.207618278484416
2022-07-27,2146.4,2173.3,2268.2,2652.383333333333,2281.1832662171228,98.71428571428572,36.83010262257697,-136.51154995758225,-144.95219415903352,8.440644201451278,2581.5093981153027,1954.890601884697,2268.2,626.6187962306058,33.052432254157125,33.46012514683659,32.2370464687982,-74.81296758104739,-39.50423788893499,97.28753777341358,74448.7,5373798,74402.5,-2893.0,-4.1078578933916425
2022-07-28,2149.4,2172.4,2247.45,2639.8,2269.356288482159,90.5,42.51269035532995,-129.92966761169146,-141.9476888495651,12.018021237873654,2529.4477416856294,1965.4522583143705,2247.45,563.9954833712591,33.39188698949708,33.43737909439009,33.300902779711066,-56.87022900763359,-29.513187467036616,100.0,74660.5,5443611,73791.0,-1388.0,-2.0552914871248107
2022-07-29,2158.4,2176.4,2229.9,2627.4333333333334,2265.417594341001,91.85714285714286,50.75,-117.62842454739848,-137.0838359891318,19.455411441733304,2464.7687427389938,1995.0312572610064,2229.9,469.7374854779873,46.09378617335232,37.656181454044166,62.96899561196862,-29.77099236641221,-8.167700226844438,100.0,75153.15,5516011,73088.65,-3721.0,-5.625519691586667
2022-08-01,2176.8,2167.1,2214.7,2614.616666666667,2257.9492520228105,96.71428571428572,50.87719298245614,-109.920858903894,-131.65124057208425,21.73038166819026,2415.2635218971686,2014.136478102831,2214.7,401.1270437943376,46.37246563603605,40.56160951470813,57.994177878691886,-45.833333333333336,-0.5673276962843277,100.0,75279.8,5451772,72239.85,-4244.0,-6.798667179290019
2022-08-02,2189.6,2172.5,2201.95,2602.1,2255.3826565920667,93.21428571428572,59.840425531914896,-99.11953700195863,-125.14489985805912,26.0253628561005,2357.197137442909,2046.7028625570904,2201.95,310.4942748858184,52.991000482503566,44.704739837306604,69.56352177289747,-33.771929824561404,3.047753852821731,100.0,75549.2,5504438,71280.2,-3952.0,-6.792712272258505
2022-08-03,2211.4,2178.9,2195.65,2591.2166666666667,2255.2509750118697,90.57142857142856,56.35838150289017,-87.69263765426604,-117.65444741730052,29.96180976303449,2329.1822157068705,2062.1177842931297,2195.65,267.06443141374075,60.765930146230446,50.05846994028121,82.1808505581289,-23.68421052631579,27.41931287489836,92.21821538517383,74099.8,5548569,70241.7,-2582.0,-4.76137788596297
2022-08-04,2228.2,2188.8,2188.9,2580.1,2253.893739296453,88.78571428571429,53.879941434846266,-78.77762947411657,-109.87908382866374,31.10145435454717,2294.845169532999,2082.954830467001,2188.9,211.890339065998,64.0486317933934,54.72185722465194,82.70218093087632,-29.385964912280706,39.05173645806489,83.13214146957696,73508.2,5501755,69177.35,-1398.0,-2.706889207295826
2022-08-05,2227.0,2192.7,2186.25,2568.633333333333,2250.856240315839,85.07142857142857,45.24590163934426,-72.41085520791239,-102.38543810451348,29.97458289660108,2285.5716465514533,2086.9283534485467,2186.25,198.64329310290668,63.45932178039092,57.63434540989827,75.10927452137622,-37.719298245614034,49.52924695869507,58.69826001887481,70311.3,5454148,67388.45,-3111.0,-6.191291195669479
2022-08-08,2234.0,2205.4,2186.55,2556.866666666667,2248.108026952425,79.0,54.4378698224852,-66.59744682034034,-95.22783984767884,28.6303930273385,2286.28538674126,2086.814613258741,2186.55,199.4707734825188,59.80161046869524,58.35676709616393,62.69129721375786,-37.719298245614034,34.898122310894124,84.71104965212359,67783.25,5454148,65754.15,-2834.0,-6.012262129537305
2022-08-09,2226.2,2207.9,2187.5,2544.483333333333,2242.764405337909,80.0,50.19083969465649,-63.67699925947545,-88.91767173003817,25.240672470562718,2287.053741107145,2087.9462588928545,2187.5,199.1074822142909,49.6238378734391,55.445790688588986,37.97993224313933,-50.87719298245614,-9.07974712902576,72.69217631834672,68189.5,5366665,65965.9,37525.0,84.70081032887163
2022-08-10,2223.4,2217.4,2195.35,2532.4666666666667,2242.50112863906,79.5,59.351145038167935,-56.83417568034247,-82.50097252009903,25.66679683975656,2284.4159720006937,2106.284027999306,2195.35,178.13194400138764,52.59475370424396,54.49544502714064,48.7933710584506,-29.82456140350877,31.454119485799925,98.45812975415603,68259.6,5470172,66228.3,5334.0,6.5185511072004765
2022-08-11,2222.8,2225.5,2198.95,2521.0,2242.0724497210545,76.42857142857143,55.6701030927835,-50.984850361302506,-76.19774808833972,25.212897727037216,2288.837590619482,2109.0624093805177,2198.95,179.77518123896425,54.16886019307321,54.386583415784834,53.73341374764995,-30.70175438596491,54.02064578704407,86.85805756279017,67513.2,5390434,66772.8,119.0,0.1365273857873772
2022-08-12,2245.6,2236.3,2206.35,2512.1,2251.0179307000017,76.0,74.34343434343435,-38.00335787075801,-68.55887004482338,30.55551217406537,2314.8775128833167,2097.822487116683,2206.35,217.0550257666337,68.2733774821493,59.01551477123965,86.7891029039686,-2.661596958174905,110.1292367726522,100.0,69664.75,5523458,68042.8,10546.0,12.082812983352609
2022-08-15,2261.4,2247.7,2207.4,2503.4,2255.778127776192,74.78571428571429,64.62882096069869,-30.191608963683848,-60.88541782859548,30.69380886491163,2319.282268949419,2095.517731050581,2207.4,223.76453789883817,71.42317574717543,63.151401763218246,87.96672371508981,-20.54794520547945,103.09113000721588,74.10357081843961,70816.8,5421628,69329.15,-485.0,-0.4957731505617069
2022-08-16,2277.4,2251.8,2212.15,2493.9333333333334,2257.323067987983,75.0,63.655913978494624,-26.04061926197437,-53.91645811527126,27.87583885329689,2326.6342439171,2097.6657560829003,2212.15,228.96848783419955,68.73756270933808,65.01345541192485,76.18577730416453,-36.63366336633664,66.95304263329517,66.42390649450793,70675.75,5331126,70537.6,-75.0,-0.0770479340880592
2022-08-17,2282.8,2253.1,2216.0,2484.3,2258.244680560556,74.14285714285714,62.00873362445415,-22.890520558219578,-47.71127060386093,24.820750045641358,2332.508865711929,2099.4911342880705,2216.0,233.017731423859,66.12207150919568,65.38299411101514,67.60022630555676,-39.10891089108911,48.87015293432115,57.60911811864247,71770.8,5239394,71845.95,97.0,0.0997254978564177
2022-08-18,2273.8,2248.3,2218.55,2473.016666666667,2252.0309014595505,73.28571428571429,46.20390455531454,-26.06476777826083,-43.38197003874092,17.317202260480087,2330.377828190936,2106.722171809065,2218.55,223.6556563818704,52.16718958698854,60.9777259363396,34.54611688828642,-75.74257425742574,-1.4357788871583468,3.2923853912727608,73454.65,5133205,72989.2,-1617.0,-1.6607781110061226
2022-08-19,2234.6,2240.1,2216.4,2461.383333333333,2241.361291796736,69.5,45.03171247357293,-32.48259944321353,-41.20209591963545,8.719496476421916,2332.670827223189,2100.129172776812,2216.4,232.54165444637687,36.75681741111261,52.90408976126393,4.462272710809955,-94.06392694063926,-57.29659066596858,0.0,76386.45,5017403,74131.55,-1499.0,-1.5655843002913894
2022-08-22,2211.2,2236.3,2220.85,2451.583333333333,2235.8983116256186,68.64285714285714,45.03171247357293,-33.63067155172939,-39.68781104605424,6.057139494324844,2323.581689366069,2118.118310633931,2220.85,205.46337873213812,33.18034402749973,46.3295078500092,6.882016382480785,-73.97260273972603,-42.369219632012495,0.0,77707.55,5115020,75132.0,56.0,0.0594177064765277
2022-08-23,2214.0,2245.7,2226.8,2443.766666666667,2240.669900994608,71.28571428571429,52.89855072463768,-26.01015059342444,-36.95227895552828,10.942128362103835,2330.181969312612,2123.4180306873886,2226.8,206.7639386252231,46.32114259367562,46.32671943123134,46.30998891856416,-27.3972602739726,37.90774386177442,26.83854017854032,80667.0,5242834,76479.45,3071.0,3.2564896504920338
2022-08-24,2217.8,2250.3,2233.85,2435.8,2244.987053280835,71.28571428571429,54.17439703153989,-19.74324499254817,-33.51047216293226,13.76722717038409,2332.883806030305,2134.8161939696943,2233.85,198.06761206061128,55.081674971126205,49.24503794452963,66.75494902431936,-27.3972602739726,63.1347739270861,31.19122308323876,82830.05,5242834,77962.5,-181.0,-0.1858793324775343
2022-08-25,2235.6,2254.7,2240.1,2426.616666666667,2248.512095825517,69.42857142857143,55.72519083969466,-14.927370291091847,-29.79385178856418,14.866481497472332,2334.375966686865,2145.8240333131357,2240.1,188.5519333737293,60.31320188333832,52.934425924132526,75.07075380174993,-29.22374429223744,59.453372461982006,36.4819180995193,83120.8,5167206,79695.55,3612.0,3.716278782640914
2022-08-26,2269.8,2252.2,2244.25,2416.25,2254.463324794516,69.64285714285714,58.04701627486437,-8.670746290907118,-25.56923068903277,16.898484398125653,2343.461363950144,2145.038636049856,2244.25,198.422727900288,69.83843088518852,58.569094244484525,92.37710416659648,-15.981735159817353,74.82054762906948,44.4030680254028,85621.5,5289620,81638.9,485.0,0.4811221554272604
2022-08-29,2288.0,2249.6,2248.65,2404.9166666666665,2256.4191986236096,69.71428571428571,57.42397137745974,-6.54181584870139,-21.763747720966496,15.221931872265106,2344.933080439676,2152.3669195603243,2248.65,192.56616087935163,70.39148210381327,62.50989019759411,86.1546659162516,-32.42009132420091,34.61688055094954,42.27748529719998,87945.2,5178907,83706.75,-1754.0,-1.7316444698936673
2022-08-30,2285.4,2249.7,2250.75,2393.3166666666666,2257.998322564218,68.92857142857143,53.216374269005854,-4.958843954110307,-18.40276696759526,13.443923013484952,2347.2440685387637,2154.2559314612367,2250.75,192.9881370775265,70.43812172460338,65.15263403993053,81.00909709394907,-33.333333333333336,29.80929555749522,27.92282838849009,90246.9,5080207,86083.6,2228.0,2.2383636235771665
2022-08-31,2286.2,2252.0,2252.55,2380.5,2261.046101367626,69.64285714285714,54.92424242424243,-2.305987410437865,-15.18341105616378,12.877423645725916,2350.629398555753,2154.470601444247,2252.55,196.15879711150592,73.20673493395459,67.83733433793856,83.94553612598668,-25.570776255707763,33.822429952957805,33.749398942138185,92492.4,5169248,88590.1,11.0,0.0108092173144003
2022-09-01,2285.8,2260.7,2254.5,2368.8166666666666,2262.851234570709,65.14285714285714,43.636363636363626,-0.99898029034739,-12.346524903000503,11.347544612653111,2353.16156933256,2155.8384306674407,2254.5,197.32313866511868,72.51215484010521,69.39560783866078,78.74524884299407,-30.136986301369863,25.505878953266187,0.0,94742.2,5077438,91061.05,-2109.0,-2.0721977676466
2022-09-02,2291.0,2280.4,2260.25,2358.083333333333,2269.913021754451,66.71428571428571,53.89610389610389,4.583421074855323,-8.960535707429338,13.543956782284662,2364.199127233647,2156.300872766353,2260.25,207.89825446729355,79.23032544895902,72.67384704209353,92.34328226269,-4.97737556561086,61.50177653230852,51.24860491071428,102054.15,5271284,94648.7,19223.0,19.287226464125528
2022-09-05,2319.2,2303.6,2269.95,2350.9166666666665,2283.826067301646,68.71428571428571,64.0625,15.206858941326118,-4.127056777678248,19.333915719004366,2393.271530966839,2146.628469033161,2269.95,246.64306193367796,84.72752534386929,76.69173980935211,100.79909641290364,-2.6936026936026938,120.5114327165715,100.0,109182.0,5446244,98828.1,9001.0,7.570863823702578
2022-09-06,2343.8,2314.6,2280.15,2343.483333333333,2294.509298987204,69.64285714285714,62.23908918406072,21.761326113731684,1.0506198006037386,20.710706313127947,2409.903247601602,2150.3967523983983,2280.15,259.5064952032035,83.52583322244347,78.96977094704923,92.63795777323196,-12.091503267973856,104.06136608434936,91.07314871751564,112055.6,5301289,101069.0,-1245.0,-0.9734852335191668
2022-09-07,2362.6,2324.4,2287.35,2336.3166666666666,2303.032222893185,66.64285714285714,70.53763440860214,25.691335139248626,5.978762868332716,19.712572270915903,2423.5437860859497,2151.15621391405,2287.35,272.3875721718996,80.6838888149623,79.54114356968691,82.96937930551309,-16.013071895424837,80.05301060640225,100.0,112930.65,5180281,102936.5,-2134.0,-1.68501176507746
2022-09-08,2382.2,2334.0,2294.35,2330.0666666666666,2310.172011189072,63.57142857142857,78.4688995215311,27.998990812924603,10.382808457251096,17.61618235567351,2434.205978552389,2154.494021447611,2294.35,279.71195710477787,77.76885104670956,78.95037939536113,75.40579434940642,-19.23076923076923,63.50800354100142,100.0,114753.65,5064083,104728.9,-1383.0,-1.1107363145720917
2022-09-09,2398.6,2344.8,2298.5,2324.55,2320.536581552017,62.785714285714285,78.3132530120482,32.758561602124246,14.857959086225726,17.90060251589852,2448.143084142178,2148.856915857822,2298.5,299.2861682843559,82.71009822867057,80.20361900646427,87.72305667308319,-5.957446808510638,79.97159241574067,99.5531576856878,113588.8,5173810,106261.7,5354.0,4.348285131853591
2022-09-13,2408.8,2364.0,2306.8,2320.8,2334.485478547063,60.0,75.06925207756233,39.94331294292624,19.87502985756583,20.06828308536041,2474.3678652775884,2139.232134722412,2306.8,335.13573055517645,85.40505851227968,81.9374321750694,92.34031118670026,-8.73015873015873,101.81549661786836,90.24002313475997,113942.45,5282713,107696.2,-2451.0,-1.907645369426303
2022-09-14,2422.6,2383.2,2316.45,2316.266666666667,2346.915432971152,58.21428571428572,74.65564738292011,44.957653019703685,24.891554489993403,20.06609852971028,2497.2837125066862,2135.6162874933134,2316.45,361.6674250133729,86.92275867345842,83.59920767453241,93.56986067131044,-9.523809523809524,86.71867331478292,89.05261405261406,114375.3,5183554,109172.05,752.0,0.5966738606068223
2022-09-15,2434.2,2398.4,2325.2,2312.883333333333,2355.971106021518,59.5,70.94240837696336,46.53917127906288,29.2210778478073,17.318093431255583,2512.769046935853,2137.6309530641465,2325.2,375.1380938717066,84.10884333504822,83.76908622803768,84.7883575490693,-19.921875,73.36282769743298,78.39235371957888,115016.95,5078989,110778.2,2703.0,2.1319724886420977
2022-09-16,2440.0,2411.1,2335.9,2307.7166666666667,2360.831000686136,59.85714285714285,62.37113402061856,44.45586881811551,32.26803604186894,12.187832776246566,2515.9817358283462,2155.818264171654,2335.9,360.1634716566923,69.21810212946878,78.91875819518138,49.81678999804356,-33.59375,44.554810578774166,53.78526113062197,116462.85,4943882,112072.7,-7850.0,-6.062384640929208
2022-09-19,2437.6,2418.1,2349.25,2303.8,2365.2280482398373,57.285714285714285,68.75,42.31703220263671,34.27783527402249,8.039196928614217,2506.297595869608,2192.202404130392,2349.25,314.0951917392158,59.29094132574914,72.3761525720373,33.12051883317281,-34.53815261044177,40.97026826117168,72.09821428571429,115942.9,4943882,113426.3,-317.0,-0.2606114915691737
2022-09-20,2426.8,2417.8,2360.7,2298.9166666666665,2369.777757931281,56.35714285714285,69.66292134831461,40.63769260700337,35.54980674061867,5.087885866384703,2499.3310514316863,2222.0689485683133,2360.7,277.262102863373,54.08128482749473,66.27786332385645,29.68812783477128,-32.92181069958848,31.750711858372256,74.71910112359554,117174.8,5066137,114821.55,889.0,0.7327728321793625
2022-09-21,2425.6,2424.1,2369.35,2295.25,2378.2751143187784,58.285714285714285,71.94805194805194,42.52837876305148,36.94552114510523,5.582857617946246,2509.931162172948,2228.768837827052,2369.35,281.1623243458962,61.40630256105282,64.65400973625523,54.91088821064798,-13.991769547325102,52.01843141022518,81.27943485086341,118094.8,5212351,116399.2,6719.0,5.497958415501314
2022-09-22,2432.2,2433.2,2378.8,2293.616666666667,2387.4870081931804,58.57142857142857,74.93606138107417,44.80138496778409,38.516693909641006,6.284691058143082,2521.188053904598,2236.4119460954025,2378.8,284.7761078091953,69.3121906880848,66.20673672019842,75.52309862385755,-7.594936708860759,62.97427927259447,85.62297023786235,118890.6,5319557,118078.85,1859.0,1.441890047158112
2022-09-23,2440.6,2440.3,2387.15,2291.5666666666666,2393.3453883652587,55.85714285714285,65.55555555555556,43.99759911715819,39.61287495114445,4.38472416601374,2525.155758842469,2249.1442411575317,2387.15,276.01151768493764,67.42024833751108,66.61124059263598,69.03826382726129,-30.985915492957748,51.61657176506385,20.43441237164665,120425.25,5213236,119335.4,-4850.0,-3.708319634214408
2022-09-26,2442.0,2439.8,2392.3,2288.8166666666666,2395.312494235234,53.5,49.68354430379747,40.07443243513262,39.70518644794208,0.3692459871905384,2525.9595833097187,2258.6404166902817,2392.3,267.31916661943706,56.51708015889169,63.24652044805456,43.05819958056594,-55.63380281690141,19.88033591809046,0.0,119972.8,5099871,120162.35,-8107.0,-6.437345656955462
2022-09-27,2445.8,2436.3,2400.15,2287.833333333333,2398.806542403307,55.0,55.73248407643312,37.97993509240496,39.36013617683466,-1.3802010844297,2522.789866446871,2277.510133553129,2400.15,245.27973289374225,55.72316622121601,60.73873570577504,45.69202725209794,-42.95774647887324,13.44348173086307,21.013948679393472,121831.2,5247752,120594.55,-9649.0,-8.188916235254185
2022-09-28,2443.6,2434.6,2408.9,2287.2,2403.4916336029924,56.35714285714285,60.06289308176101,37.18248064904401,38.92460507127653,-1.7421244222325214,2517.512105557737,2300.287894442263,2408.9,217.2242111154737,60.61544414747735,60.697638519675806,60.45105540308043,-31.690140845070424,32.426878066903946,36.05774081804344,124196.0,5393748,121224.3,6179.0,5.7117238701805295
2022-09-29,2449.6,2440.9,2419.65,2289.2833333333333,2413.1590970693737,57.92857142857143,67.20867208672087,40.68097097804503,39.27587825263024,1.4050927254147894,2521.030523407192,2318.269476592808,2419.65,202.76104681438392,72.8487748455218,64.7480172949578,89.0502899466498,-2.684563758389262,73.4954951229391,61.213084497338514,125944.75,5517764,122000.15,2933.0,2.564707939839095
2022-09-30,2468.4,2454.5,2432.8,2292.0666666666666,2425.524897348481,58.21428571428572,66.93989071038251,45.98969165201379,40.61864093250695,5.37105071950684,2525.7914540499064,2339.808545950094,2432.8,185.98290809981245,81.36154882174571,70.28586113722044,103.51292419079628,-1.6129032258064515,106.55610723393036,67.97662117744383,125429.8,5599275,122900.55,382.0,0.3256801343643589
2022-10-10,2486.8,2464.4,2441.25,2295.9166666666665,2433.189192839101,58.35714285714285,55.49295774647887,46.6732797395739,41.82956869392034,4.843711045653556,2528.09862814418,2354.40137185582,2441.25,173.69725628836022,79.85506763554977,73.47559663666355,92.6140096333222,-23.157894736842103,90.10394996738162,23.005284680745604,120491.05,5504204,122696.2,-2872.0,-2.440620352666245
2022-10-11,2496.0,2470.9,2444.35,2300.2833333333333,2437.456888759187,59.71428571428572,51.70603674540683,44.44334699062984,42.35232435326225,2.091022637367587,2531.827576074038,2356.872423925962,2444.35,174.9551521480762,73.9384661429981,73.62988647210841,74.55562548477747,-37.89473684210526,47.85169813729423,8.009072661628984,117116.75,5396730,122060.8,380.0,0.3310018030887596
2022-10-12,2506.0,2474.8,2449.45,2305.7,2443.2228993535505,59.142857142857146,57.407407407407405,43.78521338971223,42.63890216055224,1.1463112291599842,2536.95212027506,2361.94787972494,2449.45,175.0042405501199,73.5028370777882,73.58753667400168,73.33343788536123,-27.36842105263158,44.3682956724488,30.58650779236657,114594.65,5491243,121738.35,5014.0,4.353072936110358
2022-10-13,2489.8,2469.7,2451.45,2311.383333333333,2441.3921470341647,61.92857142857143,52.03836930455636,36.86747095720193,41.48461591988218,-4.61714496268025,2534.36143023225,2368.53856976775,2451.45,165.82286046450008,60.229961560630734,69.13501163621136,42.41986140946949,-66.3157894736842,8.597835242847653,9.32511002191484,116534.4,5331440,121348.3,-3486.0,-2.900238774678232
2022-10-14,2465.6,2467.0,2453.65,2315.65,2439.5452758880538,61.785714285714285,51.78997613365155,30.867901006292414,39.36127293716423,-8.493371930871817,2530.4663222786694,2376.833677721331,2453.65,153.6326445573386,51.030500689543295,63.100174653988674,26.891152760652545,-67.36842105263158,-28.11619495182931,8.341472746689236,118007.95,5185771,120783.9,-4870.0,-4.17270008825218
2022-10-17,2430.0,2458.4,2449.1,2317.983333333333,2428.921916279668,65.28571428571429,41.61735700197238,18.317036788271707,35.152425707385724,-16.835388919114017,2543.3581003080567,2354.841899691943,2449.1,188.5162006161136,34.754548183630924,53.65163249720276,-3.03962044351276,-97.79735682819384,-117.15110786829553,0.0,121273.4,5010735,119920.0,-636.0,-0.5686644432721488
2022-10-18,2397.0,2446.5,2441.4,2318.5333333333333,2417.881733776842,62.285714285714285,34.66386554621849,7.078416255198135,29.53762381694821,-22.459207561750077,2553.056239366519,2329.743760633481,2441.4,223.312478733038,24.258134163236942,43.853799719214166,-14.933196948717494,-96.73469387755102,-123.44245165114322,0.0,121294.5,4901410,119070.7,-2159.0,-1.9414594667505949
2022-10-19,2350.4,2428.2,2431.4,2320.0,2403.321568655238,63.35714285714285,29.33070866141732,-5.63649631350836,22.50279979085689,-28.13929610436525,2567.3402345459986,2295.4597654540016,2431.4,271.88046909199693,16.519311664380186,34.742303700936176,-19.92667240873179,-98.95833333333331,-122.3273574092346,0.0,123944.5,4749251,118595.6,8236.0,7.552775892742503
2022-10-20,2318.0,2403.9,2422.4,2321.2,2389.8623716404536,61.71428571428572,30.721649484536087,-15.77340506319615,14.847558820046284,-30.620963883242435,2577.823225250825,2266.976774749175,2422.4,310.84645050165,12.022975453021136,27.169194284964497,-18.269462210865584,-96.96969696969695,-111.04834842164612,3.6721636997769016,124470.6,4634164,118029.35,880.0,0.7503282686175172
2022-10-21,2278.6,2372.1,2413.3,2322.583333333333,2374.1611933889817,61.71428571428572,30.595482546201225,-26.487240635593025,6.580598928918422,-33.067839564511445,2592.0772504072,2234.5227495928007,2413.3,357.55450081439903,8.352017305381096,20.896801958436697,-16.737552000730105,-99.08536585365852,-106.46540475299584,3.3390757327227414,124871.25,4491044,118429.55,11479.0,9.714629068566882
2022-10-24,2262.8,2346.4,2405.4,2323.6833333333334,2362.241079732888,58.07142857142857,31.44016227180528,-32.66489254404496,-1.2684993656742538,-31.396393178370708,2598.7215483401487,2212.0784516598515,2405.4,386.6430966802973,8.598314567223762,16.797306161365718,-7.79966862106015,-91.76829268292684,-89.91801606061283,5.569078745608547,125442.6,4607874,118654.85,-3815.0,-2.942741879498001
2022-10-25,2245.0,2321.0,2395.95,2325.833333333333,2349.0752626154704,57.285714285714285,27.68924302788845,-39.12698571968076,-8.840196636475556,-30.286789083205207,2605.5033847319883,2186.3966152680114,2395.95,419.1067694639769,7.749194849486754,13.781269057406064,-4.314953566351868,-94.4927536231884,-85.95696836213685,0.0,125399.0,4486491,118956.35,2413.0,1.9177276556514575
2022-10-26,2237.8,2294.1,2384.45,2326.866666666667,2337.639523318759,55.42857142857143,19.333333333333343,-43.34512725934201,-15.741182761048847,-27.60394449829316,2604.4198304672504,2164.480169532749,2384.45,439.93966093450126,8.353380895673773,11.971973003495302,1.1161966800307148,-93.04347826086956,-73.95374946010068,0.0,123401.8,4592761,118893.75,-563.0,-0.4390240098565923
2022-10-27,2231.8,2274.9,2372.3,2328.3166666666666,2327.57861633602,54.42857142857143,12.530120481927725,-45.916661203414606,-21.776278449522,-24.14038275389261,2597.980817924229,2146.619182075771,2372.3,451.3616358484587,9.9806853029982,11.308210436662936,7.325635035668728,-92.17391304347828,-65.09620490386801,0.0,123985.4,4711639,118827.85,1793.0,1.4043359754378315
2022-10-28,2235.4,2257.0,2362.0,2329.75,2319.523510018304,54.07142857142857,16.195372750642676,-46.53063610314803,-26.727149980247205,-19.80348612290082,2591.709198312727,2132.290801687273,2362.0,459.4183966254541,19.944929442505128,14.187116771943666,31.46055478362805,-81.41592920353982,-63.16538416856402,8.16727685611038,127831.65,4894885,119061.05,1132.0,0.8743405757362765
2022-10-31,2234.8,2248.8,2353.6,2330.05,2312.5212709689417,53.142857142857146,18.13186813186813,-46.24209067013953,-30.630138118225677,-15.61195255191386,2587.550422098363,2119.649577901637,2353.6,467.9008441967262,28.262606022894573,18.878946522260637,47.02992502416245,-80.53097345132744,-51.30939753531813,12.482366991663971,129871.3,5049043,119658.45,-823.0,-0.6301636281498602
2022-11-01,2253.0,2249.0,2347.75,2332.1833333333334,2312.757340400471,55.35714285714285,27.84503631961259,-39.98477341441867,-32.50106517746428,-7.483708236954392,2579.28481038724,2116.21518961276,2347.75,463.0696207744795,49.45398224655556,29.07062509702561,90.22069654561544,-60.17699115044248,-23.24444197198453,38.76384373916653,130933.2,5218162,120157.85,-11609.0,-8.945275778637363
2022-11-02,2272.0,2254.9,2341.55,2333.733333333333,2313.828069886141,52.35714285714285,35.632183908045974,-33.908701223590015,-32.78259238668942,-1.1261088369005918,2568.374741062119,2114.7252589378813,2341.55,453.6494821242377,63.15800074298672,40.4330836456793,108.60783493760157,-47.82608695652174,-12.1755017859011,58.843984631675234,131620.0,5377894,120101.3,-4940.0,-4.180453418409225
2022-11-03,2293.8,2262.8,2333.35,2335.1833333333334,2316.415872754127,52.285714285714285,38.84297520661157,-27.40569650173165,-31.707213209697876,4.301516707966218,2546.755741549562,2119.9442584504377,2333.35,426.8114830991244,74.04977827310225,51.63864852148695,118.87203777633285,-29.694323144104803,-1.0843911166338225,90.46185843935731,131448.7,5498484,119899.55,29.0,0.0256118132280658
2022-11-04,2321.4,2278.4,2325.25,2337.516666666667,2322.5667420156387,49.21428571428572,58.57605177993528,-18.807550961795187,-29.127280760117337,10.31972979832215,2516.274798610582,2134.225201389418,2325.25,382.0495972211638,82.04944567800311,61.77558090699233,122.59717522002468,-1.951219512195122,19.85427550119099,100.0,133894.15,5628904,119388.1,-5812.0,-5.1316463296191
2022-11-07,2344.6,2289.7,2318.05,2339.85,2326.3222903951014,50.07142857142857,57.82747603833866,-13.372450599032163,-25.976314727900306,12.60386412886814,2490.3245361029217,2145.7754638970787,2318.05,344.549072205843,84.29312638696143,69.28142940031536,114.31652036025358,-11.21951219512195,22.31256281309799,98.37428471855227,134869.75,5514321,118894.15,-2522.0,-2.347225583083601
2022-11-08,2362.6,2307.8,2314.4,2342.9,2333.8154055955683,49.5,72.72727272727272,-5.531589054428423,-21.88736959320593,16.355780538777505,2475.110789602752,2153.689210397248,2314.4,321.4215792055038,88.80411324348154,75.78899068137075,114.83435836770312,-2.1739130434782608,46.86280492288057,100.0,135661.55,5637631,118592.05,4217.0,4.019099538713733
2022-11-09,2384.4,2328.2,2311.15,2346.9166666666665,2343.261557443609,50.142857142857146,75.67567567567568,2.908192372875874,-16.928257199989567,19.83644957286544,2458.282986748305,2164.017013251695,2311.15,294.26597349661006,92.14545049565436,81.24114395279861,113.95406358136586,-1.171875,74.19286387907663,100.0,137506.8,5769049,118332.75,5870.0,5.378363767969874
2022-11-10,2404.4,2349.1,2312.0,2350.266666666667,2352.569980544218,48.85714285714285,85.52631578947368,10.125591583750976,-11.51748744324146,21.64307902699243,2462.0456071017397,2161.9543928982607,2312.0,300.09121420347856,93.90526456505714,85.46251749021812,110.7907587147352,-2.247191011235955,84.91551300249714,100.0,136139.25,5901501,118457.7,4199.0,3.650955126031419
2022-11-11,2422.8,2372.1,2314.55,2354.1833333333334,2364.0395062066737,50.35714285714285,85.8974358974359,18.217564280775605,-5.570477098438046,23.78804137921365,2473.9111918683075,2155.188808131693,2314.55,318.7223837366146,92.99172925488416,87.9722547451068,103.03067827443886,-6.984126984126984,105.22660456780964,100.0,137796.95,6080324,118805.9,-405.0,-0.3397365992785839
2022-11-14,2435.0,2389.8,2319.3,2355.633333333333,2369.6547913298477,53.35714285714285,79.52522255192878,20.361217370686973,-0.3841382046130421,20.74535557530001,2485.85026110363,2152.74973889637,2319.3,333.1005222072599,82.55248910678033,86.16566619899797,75.32613492234503,-26.363636363636363,80.90345426635244,91.31464289047685,137778.7,5905653,119382.45,3931.0,3.308783300366147
2022-11-15,2441.6,2402.1,2325.55,2357.9166666666665,2376.1638588222427,54.57142857142857,80.11527377521614,23.00526218619325,4.293741873548216,18.711520312645035,2500.2852583948606,2150.81474160514,2325.55,349.47051678972093,76.48713795237501,82.93949011679031,63.5824336235444,-21.818181818181817,61.41814859243694,92.11888551533734,140593.85,6071281,120119.95,1060.0,0.8636422891409312
2022-11-16,2439.8,2412.1,2333.5,2360.45,2380.719681791553,54.71428571428572,76.81564245810056,23.697829922715755,8.174559483381724,15.52327043933403,2511.080819258229,2155.919180741771,2333.5,355.161638516458,68.48682125001795,78.1219338278662,49.21659609432146,-26.060606060606062,55.71608835175845,86.97055290858609,140087.7,5929245,120676.8,4623.0,3.7343694465087776
2022-11-17,2449.6,2427.0,2344.9,2364.1666666666665,2391.1273311447385,58.0,79.90314769975787,29.235336497795288,12.386714886264436,16.848621611530852,2532.163844263712,2157.636155736289,2344.9,374.52768852742247,75.15979654215757,77.13455473263,71.21028016121272,-6.756756756756757,63.09252456284374,91.15437471369674,146849.9,6179576,121676.9,9745.0,7.588440962785881
2022-11-18,2459.2,2441.0,2359.7,2369.633333333333,2403.4961567500013,59.35714285714285,81.17913832199547,35.713607045247045,17.05209331806096,18.661513727186083,2553.729948854896,2165.670051145104,2359.7,388.0598977097925,83.04770749869328,79.1056056546511,90.93191118677764,-0.7220216606498195,79.10131415131845,91.87234703517257,149258.45,6370867,122268.45,3308.0,2.3942561014446584
2022-11-21,2479.4,2457.2,2373.45,2376.0333333333333,2414.972713250001,57.07142857142857,77.86666666666666,40.6214987044159,21.765974395331952,18.855524309083947,2573.3367837446767,2173.563216255323,2373.45,399.7735674893538,85.74488516790522,81.31869882573581,94.59725785224404,-5.490196078431373,76.89243057678476,84.02321899736147,154647.7,6595482,123292.6,4837.0,3.4190511196561912
2022-11-22,2495.4,2468.5,2388.15,2381.6,2424.78483579762,56.57142857142857,76.0752688172043,43.52515742650621,26.117811001566807,17.407346424939405,2584.978832932794,2191.3211670672063,2388.15,393.65766586558766,84.7081669582442,82.44852153657195,89.22745780158874,-12.133891213389122,71.32908767425124,79.12595971555375,156810.0,6430853,124282.2,1722.0,1.1769610892016225
2022-11-23,2512.4,2476.1,2402.15,2385.3166666666666,2432.8053276264177,57.07142857142857,73.07692307692308,44.58614181074836,29.81147716340312,14.77466464734524,2590.984959965745,2213.315040034256,2402.15,377.66991993148895,82.22061429950811,82.37255245755067,81.91673798342302,-17.431192660550458,60.489453962236645,54.3265723041004,159559.45,6269594,125248.2,-1035.0,-0.6991778749045774
2022-11-24,2541.0,2495.3,2422.2,2391.1,2451.871486900092,62.0,78.125,54.80103109400579,34.809387949523654,19.99164314448214,2619.912816718436,2224.4871832815643,2422.2,395.4256334368711,88.01584260387156,84.25364917299096,95.5402294656328,-0.3355704697986577,92.90462259300514,72.31048445936086,165972.8,6516739,126246.75,2444.0,1.6626302756537648
2022-11-25,2563.0,2511.1,2441.6,2396.9166666666665,2468.9313452905594,61.0,81.20649651972158,62.02009214392047,40.25152878840301,21.76856335551745,2641.4087506644933,2241.7912493355066,2441.6,399.6175013289867,91.48768591892092,86.66499475496761,101.13306824682752,-1.4184397163120568,96.99389780584812,64.38207091965593,165051.05,6351928,126542.15,-12931.0,-8.652971092077088
2022-11-28,2574.2,2526.8,2458.3,2401.4,2479.5093124057444,62.35714285714285,69.93166287015946,62.90089391073161,44.78140181286874,18.119492097862874,2644.652354425696,2271.9476455743047,2458.3,372.7047088513909,87.13558146228715,86.8218569907408,87.76303040537982,-21.568627450980397,73.3519779349389,0.0,166729.8,6164195,126327.05,-11033.0,-8.082250987114403
2022-11-29,2582.8,2539.1,2470.6,2406.1666666666665,2487.270330271864,63.35714285714285,64.88372093023256,61.35849194557522,48.09681983941004,13.261672106165186,2649.450599222102,2291.749400777898,2470.6,357.70119844420424,81.75051836047902,85.13141078065354,74.98873352012998,-29.01960784313725,61.57198461161172,0.0,164918.5,6031302,126557.6,-2696.0,-2.148618062418306
2022-11-30,2590.6,2551.5,2481.8,2410.75,2493.0541083412104,63.785714285714285,62.298850574712645,58.413778246998845,50.1602115209278,8.253566726071043,2649.716771363859,2313.883228636141,2481.8,335.83354272771794,70.87461457950064,80.37914538026925,51.86555297796343,-34.11764705882353,42.17784396025835,0.0,164522.1,5879498,126939.35,-1916.0,-1.5605147418146226
2022-12-01,2572.4,2556.7,2491.85,2414.95,2497.7156218325235,64.21428571428571,58.43520782396089,54.962349813675246,51.120639179477294,3.841710634197952,2647.9272750578148,2335.772724942185,2491.85,312.1545501156297,59.4946410121841,73.41764392424088,31.64863518807056,-36.47058823529412,40.02474934166157,0.0,164981.05,5749729,127311.85,-156.0,-0.1290706910246242
2022-12-02,2570.0,2566.5,2503.75,2420.6,2509.266514991331,64.42857142857143,72.4770642201835,57.77433779538888,52.45137890265961,5.322958892729261,2660.531947134762,2346.968052865238,2503.75,313.5638942695241,69.36830942762387,72.06786575870188,63.96919676546784,-6.2745098039215685,63.139933948974765,61.664741876628014,167965.45,5939837,128114.35,2788.0,2.309706067534867
2022-12-05,2578.4,2576.3,2516.75,2425.35,2520.003037373109,64.42857142857143,71.69811320754718,59.55838150988939,53.87277942410557,5.685602085783813,2667.0253612889514,2366.474638711049,2516.75,300.5507225779029,74.16220628508258,72.76597926749545,76.95466032025683,-9.701492537313433,75.76364786730295,58.24398241481798,168975.7,6074625,128688.6,-7087.0,-5.738647405583985
2022-12-06,2584.6,2583.7,2526.1,2428.2833333333333,2526.8598909566226,64.92857142857143,69.0909090909091,57.88424616928569,54.6750727731416,3.209173396144088,2670.244518124213,2381.955481875787,2526.1,288.2890362484259,68.41582983108069,71.3159294553572,62.61563058252764,-20.895522388059703,51.24024471232367,46.79445862425856,168915.55,5952518,128566.7,-9706.0,-8.33784329390339
2022-12-07,2588.6,2589.6,2532.85,2431.15,2530.7779965798013,60.142857142857146,59.79899497487437,53.99842222813732,54.539742664140746,-0.5413204360034314,2671.1635644297453,2394.5364355702545,2532.85,276.6271288594908,57.77986539003263,66.80390810024902,39.73177996959984,-43.47826086956522,32.75858122735021,5.98906442729074,168248.4,5834443,127626.15,-10503.0,-9.843209656710684
2022-12-08,2601.8,2587.1,2541.2,2434.883333333333,2538.1324730960105,60.71428571428572,60.68796068796069,53.52948982720136,54.33769209675288,-0.808202269551515,2676.292327102997,2406.1076728970024,2541.2,270.1846542059948,61.2712330113445,64.95968307061418,53.89433289280515,-25.0,42.34321447502223,9.892952893874622,167351.55,5948958,126348.4,-2545.0,-2.6455301455301505
2022-12-09,2600.8,2585.4,2548.25,2438.8166666666666,2545.357951848772,60.07142857142857,60.97560975609756,53.03070244952005,54.07629416730632,-1.045591717786266,2683.0728857661547,2413.4271142338453,2548.25,269.6457715323095,65.18611301285401,65.03515971802744,65.48801960250714,-21.25,58.69204322609799,11.156162332655413,164076.45,6062279,124794.8,-5922.0,-6.323207516950513
2022-12-12,2613.8,2596.1,2561.45,2443.2833333333333,2558.847670720317,62.785714285714285,67.71488469601678,57.858937951911685,54.83282292422739,3.026115027684291,2696.3347071039702,2426.5652928960294,2561.45,269.7694142079408,75.62115136529448,68.56382360044978,89.73580689498388,-2.926829268292683,82.05495201597265,40.75165440146337,161087.65,6177174,123053.1,169.0,0.1926299112078755
2022-12-13,2630.2,2607.4,2573.25,2446.733333333333,2569.814559223144,61.785714285714285,67.15176715176716,59.94534539165534,55.855327417712985,4.090017973942352,2703.887102813773,2442.612897186227,2573.25,261.2742056275456,80.04373053982594,72.3904592469085,95.3502731256608,-10.857142857142858,82.78737503669589,38.27872653263152,156888.55,6095528,121119.45,-2779.0,-3.161475279288295
2022-12-14,2644.8,2616.7,2584.1,2449.6666666666665,2576.594125011416,56.92857142857143,51.02564102564103,58.26437862345893,56.337137658862176,1.9272409645967483,2697.445118066332,2470.754881933668,2584.1,226.6902361326638,75.86248702655064,73.54780184012255,80.49185739940683,-30.4093567251462,66.35311361151089,0.0,153742.9,6016405,118527.4,-8545.0,-10.038414999471357
2022-12-15,2659.0,2630.4,2593.55,2453.616666666667,2586.34706548652,59.642857142857146,55.63380281690141,59.314739376314265,56.9326580023526,2.382081373961668,2705.366532060792,2481.7334679392084,2593.55,223.63306412158363,78.92996970601212,75.34185779541906,86.10619352719823,-12.77777777777778,77.68634627695067,21.481846446592684,146321.15,6118301,114807.4,-12814.0,-16.733265428713207
2022-12-16,2667.2,2634.0,2600.25,2457.75,2592.885440202089,58.92857142857143,59.3984962406015,57.54719022967584,57.05556444781725,0.4916257818585876,2709.798114879631,2490.701885120369,2600.25,219.09622975926231,75.33760188468749,75.34043915850853,75.33192733704539,-27.3224043715847,66.99926402540466,39.03170031669807,139816.85,6057096,110375.65,-10927.0,-17.136628818769207
2022-12-19,2625.8,2619.8,2598.05,2458.9666666666667,2582.134445897128,68.21428571428571,42.7027027027027,41.54643588140107,53.953738734534014,-12.407302853132949,2715.5260445904964,2480.573955409504,2598.05,234.9520891809925,51.50711920517628,67.39599917406444,19.72935926739996,-96.15384615384616,-86.45036289355353,0.0,135763.0,5913558,108243.9,50837.0,96.2147737381002
2022-12-20,2584.2,2607.2,2595.45,2459.85,2571.074022478353,69.85714285714286,42.62589928057554,27.419959558606024,48.646982899348416,-21.22702334074239,2722.3125032735798,2468.5874967264203,2595.45,253.72500654715896,36.79285983187463,57.19495272666784,-4.01132595771179,-92.63565891472868,-103.92227737832252,0.0,133994.7,5784295,106029.2,63.0,0.0607674055211449
2022-12-21,2561.0,2602.9,2596.25,2460.95,2566.6860203375577,70.78571428571429,48.60426929392446,20.74628198879691,43.06684271723812,-22.320560728441208,2721.0013316034697,2471.4986683965303,2596.25,249.50266320693936,34.60609260109472,49.66533268481013,4.487612433663884,-69.76744186046511,-76.13664971269618,20.027258652865957,130806.65,5881793,103795.05,-1424.0,-1.372702121711633
2022-12-22,2521.2,2590.1,2588.6,2461.0333333333333,2558.4302088768377,68.35714285714286,37.954939341421145,11.69144877041299,36.79176392787309,-25.100315157460106,2722.3057255790814,2454.8942744209185,2588.6,267.4114511581629,27.33429429220268,42.22165322060765,-2.440423564607272,-87.20930232558139,-78.85593436114755,0.0,124487.75,5761026,101505.8,1342.0,1.3116612747158252
2022-12-23,2477.2,2572.2,2578.8,2460.8,2546.6749508885678,68.21428571428571,34.894991922455574,0.8742267472298408,29.60825649174444,-28.7340297445146,2727.3304859722584,2430.269514027742,2578.8,297.0609719445165,18.82892346752906,34.424076636248124,-12.361382869909072,-98.1818181818182,-96.02600570656836,0.0,122620.55,5633559,100007.3,2884.0,2.782306690463554
2022-12-26,2477.8,2551.8,2573.95,2461.95,2540.610669851561,69.78571428571429,41.444270015698585,-3.781707621329588,22.93026366912964,-26.711971290459225,2728.5271481715185,2419.372851828481,2573.95,309.15429634303746,19.92103669765095,29.58972999004907,0.5836501128547198,-77.89473684210526,-72.76741847097216,19.95520868526093,119055.9,5749999,99152.55,1842.0,1.7289443302452634
2022-12-27,2484.0,2534.1,2570.75,2463.0333333333333,2536.457272722841,69.5,44.33811802232855,-6.269613948590177,17.090288145585674,-23.35990209417585,2729.060653962051,2412.439346037949,2570.75,316.62130792410244,22.286539084983676,27.155333021693934,12.548951211563145,-72.98245614035088,-48.38734975861284,28.77256840851137,118199.2,5865758,98433.95,27.0,0.0249121155922127
2022-12-28,2476.6,2518.8,2567.75,2463.7,2531.8422943682845,68.0,39.93288590604026,-8.865328433496416,11.899164829769257,-20.76449326326567,2730.0983908143157,2405.4016091856847,2567.75,324.69678162863056,22.810909097591452,25.70719171365978,17.018343865454803,-76.14035087719299,-56.95685005393794,15.3501232266154,116261.05,5752717,97723.0,-1763.0,-1.6262637443731132
2022-12-29,2483.8,2502.5,2566.45,2463.883333333333,2530.333504428448,69.78571428571429,42.07119741100324,-8.564360255762494,7.806459812662907,-16.370820068425402,2730.0779155182263,2402.8220844817733,2566.45,327.25583103645295,37.584895109350015,29.666426178889857,53.42183297027033,-66.3157894736842,-40.18535306613186,21.865414180538146,116614.6,5889557,97613.75,11878.0,11.137887383374755
2022-12-30,2505.6,2491.4,2562.7,2463.9,2531.6350754352625,66.78571428571429,37.521815008726,-5.997341196218713,5.045699610886583,-11.043040807105296,2724.6864841665174,2400.7135158334822,2562.7,323.9729683330352,56.85146853443847,38.72810696407272,93.09819167516994,-56.49122807017544,-17.67122839772366,8.143477045043998,113465.95,6016692,97364.3,-16.0,-0.0134994895505502
2023-01-03,2523.2,2500.5,2560.15,2464.983333333333,2535.3841158699997,69.07142857142857,41.226575809199325,-1.7639520048810482,3.683769287733057,-5.447721292614105,2719.7947041994985,2400.5052958005017,2560.15,319.2894083989968,69.55716350933214,49.00445914582586,110.66257223634469,-47.01754385964912,-1.903758341369761,25.839503625834173,113217.9,6146519,97829.7,7210.0,6.084028791548168
2023-01-04,2532.8,2508.4,2557.8,2466.1,2536.2999143585707,68.57142857142857,41.72413793103448,-0.5011661483649732,2.8467822005134518,-3.3479483488784245,2716.853251592362,2398.7467484076383,2557.8,318.1065031847238,71.32154213995396,56.443486810535234,101.0776527987914,-56.14035087719298,0.3226352695052331,27.870078989157555,113626.95,6016231,98682.35,-1961.0,-1.5598526849988414
2023-01-05,2538.0,2507.3,2555.1,2466.366666666667,2534.176112991088,68.35714285714286,35.60209424083769,-1.9790271878646308,1.881620322837835,-3.860647510702466,2715.2537419251566,2394.946258074843,2555.1,320.3074838503135,66.3101698098695,59.73238114364666,79.4657471423152,-67.01754385964912,-20.555153564718808,2.885719157559321,115881.9,5853057,99817.8,-4847.0,-3.916577782087338
2023-01-06,2548.8,2516.3,2553.2,2468.8,2537.587911753841,70.07142857142857,42.97520661157026,1.3528939599668774,1.7758750502636436,-0.4229810902967661,2711.603349246882,2394.796650753118,2553.2,316.8066984937641,74.14689963372537,64.53722064033957,93.36625762049698,-10.179640718562874,-6.155621267912714,58.93975641583307,118260.35,6015141,101157.0,1530.0,1.2866982314206687
2023-01-09,2552.6,2529.1,2550.65,2471.15,2540.008110634428,59.5,59.496567505720826,3.3895513383540674,2.0986103078817284,1.290941030472339,2706.5545254398658,2394.7454745601344,2550.65,311.80905087973133,76.88224681464044,68.65222936510654,93.34228171370825,-14.37125748502994,11.973675566613824,100.0,118768.1,5891665,103168.35,7521.0,6.24465497056601
2023-01-10,2544.8,2534.0,2542.9,2474.55,2539.245433431149,60.0,57.26872246696036,2.4736612349433926,2.1736204932940613,0.3000407416493313,2685.0709867507526,2400.729013249248,2542.9,284.341973501505,71.10777238623088,69.47074370548131,74.38182974773002,-32.93413173652694,-4.611168038680433,90.94429935505464,121063.8,5730856,105074.45,-1936.0,-1.5129728040012558
2023-01-11,2548.2,2540.5,2537.3,2478.7,2541.412535009135,58.0,54.352941176470594,4.1210560401355,2.563107602662349,1.5579484374731507,2665.9040025570075,2408.695997442993,2537.3,257.20800511401467,74.17683513412767,71.03944084836343,80.45162370565617,-14.97005988023952,12.831946162561811,79.09228898026724,122718.9,5845604,107144.45,499.0,0.3959563257792231
2023-01-12,2563.6,2550.8,2534.8,2484.133333333333,2546.1351507225504,57.92857142857143,63.56968215158924,7.678176687620635,3.586121419654006,4.092055267966629,2656.6845009791896,2412.915499020811,2534.8,243.7690019583788,76.5656512834483,72.88151099339171,83.9339318635615,-12.755102040816327,46.32824735407837,100.0,127042.6,6011201,110067.7,8520.0,6.733953510428936
2023-01-13,2574.6,2561.7,2532.1,2490.1833333333334,2553.6460887489743,57.5,73.86934673366834,13.08984469704501,5.486866075132207,7.602978621912802,2642.3741082365536,2421.825891763446,2532.1,220.54821647310743,83.47007137717415,76.41103112131918,97.58815188888408,-1.9138755980861244,78.59396490670393,100.0,128804.25,6148330,113943.7,6241.0,4.62149093251778
2023-01-16,2576.2,2564.4,2527.9,2495.95,2555.2988422014528,56.285714285714285,60.8910891089109,12.87289120360765,6.964071100827296,5.908820102780354,2623.945822397431,2431.854177602569,2527.9,192.09164479486208,75.82812014714105,76.21672746325982,75.05090551490352,-32.58426966292135,65.92927718039701,66.08521182128528,132104.4,6021122,118204.15,-3238.0,-2.291837716938927
2023-01-17,2593.2,2569.0,2534.75,2502.083333333333,2561.175142944172,56.92857142857143,63.76146788990825,16.225729450019116,8.816402770665661,7.409326679353455,2635.821886871613,2433.678113128387,2534.75,202.1437737432261,81.16432499605321,77.86592664085761,87.76112170644441,-6.741573033707865,76.46383119111799,73.58608683585582,129551.95,6113611,120149.85,4542.0,3.2902076119554424
2023-01-18,2604.4,2576.3,2542.35,2508.65,2566.587034092346,56.5,65.18691588785046,18.74746050404474,10.802614317341476,7.944846186703263,2644.508339433391,2440.191660566609,2542.35,204.31667886678224,81.9214109380641,79.21775473992645,87.3287233343394,-14.594594594594597,85.54326338356327,77.31106813209408,128476.4,6221363,122177.0,1692.0,1.1866356215109342
2023-01-19,2613.0,2588.3,2547.8,2515.4,2573.0073165597414,56.35714285714285,64.18269230769232,21.785882720115296,12.99926799789624,8.786614722219056,2657.418669174449,2438.1813308255514,2547.8,219.23733834889757,84.56922891366435,81.00157946450574,91.70452781198156,-8.982035928143713,75.61050044020658,74.68683065816967,128188.9,6313111,124251.95,-468.0,-0.324369281951764
2023-01-20,2614.6,2594.6,2555.45,2522.083333333333,2578.7209054588134,55.85714285714285,61.43958868894602,23.838368698859085,15.16708813808881,8.671280560770276,2666.491907688746,2444.4080923112538,2555.45,222.0838153774921,86.10921567217262,82.70412486706137,92.91939728239512,-9.580838323353293,73.37446047680578,67.51855115009623,125291.9,6250284,125866.4,-7868.0,-5.471031624621037
2023-01-30,2618.0,2597.1,2563.1,2527.833333333333,2579.60462874845,58.21428571428572,52.08845208845208,21.585035848030657,16.45067768007718,5.134358167953476,2659.290381398984,2466.909618601016,2563.1,192.3807627979686,72.0914584667631,79.16656940029529,57.941236599698726,-43.01075268817204,49.99759053269239,43.08215712822106,126187.25,6104910,127653.3,6333.0,4.658535867710234
2023-01-31,2601.2,2597.2,2565.6,2532.616666666667,2575.166092677169,59.5,48.62385321100918,15.186156425323588,16.197773429126464,-1.0116170038028756,2655.412436133357,2475.787563866643,2565.6,179.6248722667142,48.78560999233483,69.03958293097514,8.277664115054193,-72.58064516129032,-10.40261656327625,34.02846591249558,127249.05,5967234,129565.9,4356.0,3.0616332928020684
2023-02-01,2585.2,2594.8,2567.65,2536.333333333333,2571.6264648031533,58.5,52.926829268292686,10.398588143427332,15.03793637198664,-4.639348228559307,2652.610114481028,2482.6898855189725,2567.65,169.92022896205526,35.76448073563063,57.94788219919364,-8.602322191495404,-69.89247311827957,-22.895550361523515,32.212007252482785,127670.15,6091415,131481.05,78.0,0.0531940286292886
2023-02-02,2564.8,2588.9,2569.85,2539.8,2567.852515774282,55.57142857142857,44.72222222222222,6.05050942520711,13.240450982630732,-7.189941557423623,2648.1430392819034,2491.5569607180964,2569.85,156.58607856380695,27.35175908691165,47.74917449509965,-13.44307172946435,-81.437125748503,-40.644562002374464,0.0,129381.2,5944153,133563.65,1586.0,1.0810368684011529
2023-02-03,2537.0,2575.8,2568.75,2542.35,2560.818942843398,57.92857142857143,41.1764705882353,-0.4563956608653825,10.50108165393151,-10.957477314796892,2650.758664497291,2486.741335502709,2568.75,164.0173289945824,22.996410819845863,39.498253270015056,-10.007274080492522,-85.71428571428571,-92.5719640100762,0.0,130726.75,5780402,134872.45,-3598.0,-2.426212263228522
2023-02-06,2520.6,2569.3,2566.85,2544.4333333333334,2555.5980911440265,55.35714285714285,46.50537634408602,-4.591932173761052,7.482478888393,-12.074411062154052,2652.932640832106,2480.767359167894,2566.85,172.16528166421176,22.06328865822237,33.68659839941749,-1.1833308241678822,-79.80295566502463,-80.47777139368787,16.299898889731473,130850.3,5910008,136571.0,7779.0,5.37598739452243
2023-02-07,2508.6,2554.9,2561.95,2546.2833333333333,2547.731606273167,56.142857142857146,38.133333333333326,-10.412173804391388,3.903548349836123,-14.31572215422751,2657.656734075332,2466.243265924668,2561.95,191.4134681506639,18.225678677347023,28.532958492060672,-2.388880952080271,-89.44954128440367,-96.93442318647269,0.0,131196.0,5773267,138020.4,2227.0,1.4605385694985484
2023-02-08,2493.0,2539.1,2557.7,2547.2,2539.376215199532,54.57142857142857,31.75487465181058,-15.890571961672777,-0.0552757124656566,-15.83529624920712,2663.5839483883838,2451.8160516116163,2557.7,211.76789677676695,14.252554553666783,23.77282384592938,-4.787984030858404,-93.69369369369367,-93.97401185721736,0.0,130299.1,5660917,139763.2,3907.0,2.525451666074141
2023-02-09,2475.4,2520.1,2554.2,2547.383333333333,2530.29276613291,53.785714285714285,23.460410557184744,-21.27802838732987,-4.299826247438499,-16.97820213989137,2670.300863589872,2438.0991364101283,2554.2,232.2017271797431,10.511804045878868,19.35248391257921,-7.169555687521815,-96.96969696969695,-94.32846974738204,0.0,127656.3,5550599,142062.4,6281.0,3.9599778074798975
2023-02-10,2460.0,2498.5,2546.55,2546.983333333333,2519.5029788821566,52.57142857142857,25.477707006369428,-27.410331531223164,-8.921927304195432,-18.488404227027733,2677.4826464054527,2415.617353594548,2546.55,261.865292810905,8.917591586141468,15.874186470433296,-4.9955981824421904,-95.80152671755724,-99.57577006321822,4.834568419277924,126197.4,5417693,144333.6,970.0,0.5882602657480973
2023-02-13,2431.4,2476.0,2536.55,2545.15,2504.597933274332,52.85714285714285,10.559006211180131,-36.21016639858999,-14.379575123074344,-21.830591275515648,2690.686610631092,2382.413389368908,2536.55,308.27322126218405,6.100824297303035,12.616399079389875,-6.930325266870646,-99.67320261437908,-110.34493111539211,0.0,126624.6,5285673,147156.7,18559.0,11.189355070148268
2023-02-14,2417.0,2462.8,2530.0,2544.7833333333333,2494.731463438681,53.57142857142857,19.777158774373248,-39.66063341548852,-19.43578678155718,-20.22484663393134,2695.65404660887,2364.34595339113,2530.0,331.30809321773995,10.471157084901533,11.901318414560428,7.610834425583736,-87.25490196078431,-87.70754098382218,17.190449285045858,125069.05,5415371,149888.6,-3760.0,-2.0388023120885834
2023-02-15,2413.8,2453.4,2524.1,2544.883333333333,2489.89989549214,52.35714285714285,25.38860103626942,-38.48181830433532,-23.244993086112807,-15.236825218222512,2693.322245644749,2354.877754355251,2524.1,338.4444912894978,22.872244258151408,15.55829369575742,37.50014538293938,-73.20261437908496,-56.74952435167104,29.145882580195728,127425.55,5577249,152463.5,-2641.0,-1.4618458779378063
2023-02-16,2423.6,2449.5,2519.2,2546.0333333333333,2490.195143540508,53.35714285714285,33.87096774193549,-33.210874062784114,-25.23816928144707,-7.972704781337043,2685.922713383312,2352.477286616688,2519.2,333.4454267666242,43.23961583022059,24.78540107391181,80.14804534283815,-57.18954248366013,-25.94937723632868,55.02279760593417,126673.85,5727812,154366.65,-4915.0,-2.760910229692004
2023-02-17,2438.2,2449.1,2512.45,2546.0333333333333,2490.176558441412,48.92857142857143,37.5,-28.942061633502817,-25.97894775185822,-2.9631138816445954,2671.910240878572,2352.989759121428,2512.45,318.92048175714353,57.27085499792484,35.61388571524948,100.58479356327555,-45.76271186440678,-13.85607543509327,63.58833625344155,126019.1,5603778,155909.0,-975.0,-0.5632387092301849
2023-02-20,2467.2,2449.3,2509.3,2545.8166666666666,2491.8740290660394,48.07142857142857,46.47887323943662,-23.831828970863626,-25.549523995659303,1.7176950247956777,2666.3613021453048,2352.238697854696,2509.3,314.1226042906092,68.59723666528322,46.608336031927394,112.57503793199488,-31.77570093457944,-7.565008647479707,84.78100699164055,127453.55,5759675,157515.8,-1949.0,-1.132277160999473
2023-02-21,2493.0,2455.0,2504.95,2545.9166666666665,2495.505073916893,46.5,48.924731182795696,-17.801511882233626,-23.99992157297417,6.198409690740544,2654.070191721132,2355.829808278868,2504.95,298.2403834422639,77.91539915616582,57.044023740006864,119.65814998848371,-17.24137931034483,11.64083974598744,100.0,128887.25,5880838,158934.1,772.0,0.453631993982917
2023-02-22,2512.2,2463.0,2501.05,2546.2833333333333,2499.742685924808,46.142857142857146,51.06382978723405,-12.076317446614212,-21.61520074770218,9.538883301087967,2641.552069660725,2360.547930339275,2501.05,281.00413932145057,80.19756769141213,64.76187172380861,111.06895962661918,-15.238095238095235,31.10222559551354,100.0,132531.1,6061467,160391.15,2467.0,1.4430782549691656
2023-02-23,2518.4,2471.0,2495.55,2546.5333333333333,2502.0529063129216,45.5,54.23728813559322,-8.72949767572618,-19.038060133306978,10.308562457580798,2622.0535468610315,2369.046453138969,2495.55,253.00709372206256,78.23568732944295,69.25314359235338,96.2007748036221,-25.68807339449541,32.59193455245707,100.0,135475.5,5910831,162087.6,4320.0,2.491047796979595
2023-02-24,2530.4,2484.3,2491.4,2545.15,2506.619296187881,45.142857142857146,55.97826086956521,-3.933789904509013,-16.017206087547386,12.083416183038374,2603.5491488106245,2379.250851189376,2491.4,224.2982976212488,80.90330225632587,73.13652981367754,96.43684714162254,-13.761467889908255,39.86134037548019,100.0,138763.2,6039412,164394.85,4348.0,2.4462560692243285
2023-02-27,2525.2,2496.2,2486.1,2542.6666666666665,2504.274601312845,46.07142857142857,51.1166253101737,-5.556140911054172,-13.924993052248745,8.368852141194571,2588.6339994959326,2383.5660005040672,2486.1,205.06799899186532,68.60220150421725,71.62508704385745,62.55643042493685,-44.95412844036697,14.69027018780606,89.29609128120296,141974.5,5829812,166634.45,4980.0,2.734926327235576
2023-02-28,2509.2,2501.1,2481.95,2540.5,2499.1055916640025,46.42857142857143,48.81516587677725,-9.316602344545572,-13.00331491070811,3.686712566162537,2583.202108490069,2380.6978915099307,2481.95,202.50421698013812,48.551702411262205,63.93395883299237,17.78718956780189,-59.63302752293578,-28.129636087446475,84.2289464090412,144087.8,5649870,168309.45,-6936.0,-3.707722818852932
2023-03-01,2497.8,2505.0,2479.2,2539.2,2497.57172579124,47.92857142857143,54.44191343963554,-9.524182073412248,-12.307488343248938,2.783306269836689,2576.9700847585027,2381.429915241497,2479.2,195.54016951700575,43.70567008823376,57.19119591807284,16.734618428555592,-44.4954128440367,-12.890902809519996,96.61740941923176,146867.85,5829652,169911.7,-1377.0,-0.764435167348565
2023-03-02,2501.0,2509.7,2479.6,2539.0666666666666,2501.612513811122,49.21428571428572,63.11300639658848,-5.031269529664769,-10.852244580532105,5.820975050867336,2578.340276003583,2380.859723996417,2479.6,197.4805520071659,53.40015194090867,55.92751459235145,48.34542663802311,-18.34862385321101,42.907539471340726,100.0,148551.15,6010580,171591.75,3142.0,1.7577032379332724
2023-03-03,2492.2,2511.3,2480.2,2538.4666666666667,2502.030369638634,48.07142857142857,65.92427616926503,-4.166095661718373,-9.51501479676936,5.348919135050986,2579.453211534945,2380.946788465055,2480.2,198.50642306988996,52.15338927579853,54.66947282016714,47.12122218706128,-33.944954128440365,36.65819474562428,100.0,150140.1,5815050,173811.45,7195.0,3.955513529560517
2023-03-06,2495.8,2510.5,2479.9,2536.483333333333,2501.8370011016214,48.07142857142857,61.8705035971223,-3.919408492680759,-8.39589353595164,4.4764850432708805,2578.860704588398,2380.939295411602,2479.9,197.92140917679623,49.96166994803802,53.10020519612411,43.68459945186584,-45.71428571428572,15.555189506406997,89.99949412747539,152839.25,5631461,175416.1,-4522.0,-2.391415864151502
2023-03-07,2509.8,2509.5,2482.25,2534.7833333333333,2503.5668105205145,47.642857142857146,59.64467005076142,-2.086027850356004,-7.133920398832513,5.047892548476509,2582.7411622194263,2381.7588377805737,2482.25,200.98232443885263,53.03567112182127,53.07869383802316,52.94962568941747,-40.81632653061224,40.2869765770049,80.40886751911874,154453.1,5800479,177137.0,4552.0,2.466259596578002
2023-03-08,2517.2,2507.5,2485.25,2533.583333333333,2505.131876185228,46.57142857142857,53.91304347826088,-0.6258461180459562,-5.8323055426752015,5.206459424629245,2586.5237301626294,2383.97626983737,2485.25,202.54746032525875,59.72686198037384,55.29474988547339,68.59108617017476,-40.81632653061224,25.222330676262825,57.74304816250056,156960.35,5800479,178662.9,7.0,0.003701294924463
2023-03-09,2509.0,2505.0,2488.0,2532.4333333333334,2504.547887977111,46.92857142857143,51.2396694214876,-1.1499106170281266,-4.895826557545786,3.7459159405176594,2587.5294190837976,2388.4705809162024,2488.0,199.05883816759524,58.62132679033469,56.40360885376049,63.056762663483084,-55.10204081632653,13.62881187572051,24.48288780248477,160316.5,5623038,179538.3,-6729.0,-3.5578702479775792
2023-03-10,2496.0,2494.1,2489.2,2529.65,2498.4957081697667,48.285714285714285,41.68734491315137,-6.174178693244357,-5.1514969846855,-1.022681708558857,2585.6563713756,2392.7436286244,2489.2,192.9127427512003,41.55002032935893,51.452412678959966,21.745235630156856,-94.5578231292517,-25.40856328008099,0.0,163943.4,5417594,180295.25,-1399.0,-0.7669914090383312
2023-03-13,2492.0,2493.9,2495.05,2527.4166666666665,2496.7342121535985,50.285714285714285,44.04761904761904,-6.929098938790503,-5.507017375506502,-1.4220815632840011,2571.369205005239,2418.7307949947613,2495.05,152.63841001047786,43.504611254055376,48.80314553732511,32.90754268751593,-64.51612903225806,-39.0059078416549,9.738337372526502,166020.2,5591150,179623.55,-10014.0,-5.532535552093343
2023-03-14,2481.2,2495.5,2498.3,2523.733333333333,2493.807144329446,49.85714285714285,41.27358490566038,-8.558405695969213,-6.117295039599044,-2.441110656370169,2562.297039405207,2434.302960594793,2498.3,127.99407881041408,40.78468336477255,46.13032481314092,30.0934004680358,-73.54838709677419,-39.003809717581625,0.0,167298.9,5435878,179096.65,-864.0,-0.5052986174468366
2023-03-15,2475.8,2496.5,2500.75,2520.7166666666667,2493.730273440928,48.35714285714285,46.43678160919541,-7.583550241383364,-6.410546079955909,-1.1730041614274551,2559.533724922715,2441.966275077285,2500.75,117.56744984543002,46.899933837384594,46.38686115455548,47.92607920304282,-46.45669291338583,-26.241751641215973,20.945443875475394,166992.55,5591629,179024.7,6458.0,3.7960546424960606
2023-03-16,2469.8,2489.4,2499.55,2517.85,2491.3750093036965,49.92857142857143,40.646651270207855,-8.647882289883,-6.858013321941328,-1.7898689679416728,2559.9573017545326,2439.142698245468,2499.55,120.81460350906492,44.0202457466622,45.59798935192439,40.86475853613781,-64.8,-62.962972879658,0.0,170968.3,5361551,178895.85,-6053.0,-3.4278692052417625
2023-03-17,2493.0,2494.5,2502.9,2515.8166666666666,2497.6250084176304,51.42857142857143,58.278145695364245,-2.363266290390129,-5.959063915631088,3.5957976252409587,2568.3020762586884,2437.497923741312,2502.9,130.80415251737668,62.18265139329719,51.12621003238199,84.29553411512757,-1.492537313432836,56.39684578927993,69.7513888095318,177938.35,5624986,180157.0,26825.0,15.730462267414923
2023-03-20,2503.2,2497.6,2504.05,2513.75,2500.803579044523,51.285714285714285,59.06040268456376,0.5134358891600641,-4.6645639546728574,5.177999843832922,2570.6279321744937,2437.4720678255067,2504.05,133.15586434898705,66.87476519744992,56.37572842073797,87.87283875087383,-23.74100719424461,58.55516958927159,72.8460505600853,179173.2,5444392,181220.35,-5905.0,-2.992085288365065
2023-03-21,2504.2,2492.7,2501.1,2513.6,2497.9651429450446,52.785714285714285,48.734177215189874,-2.0249135244589525,-4.136633868630077,2.1117203441711245,2568.0639337334105,2434.1360662665893,2501.1,133.92786746682123,55.61435185825199,56.12193623324265,54.599183108270665,-66.90647482014388,-9.56893049559943,31.994801636935733,183546.6,5235761,181249.6,-19910.0,-10.399636456706483
2023-03-22,2503.2,2489.5,2498.5,2513.9666666666667,2497.016081712183,51.142857142857146,44.00921658986175,-2.634447526302665,-3.836196600164595,1.20174907386193,2563.100798430784,2433.899201569216,2498.5,129.20159686156785,52.18414824123274,54.809340235906014,46.93376425188619,-54.67625899280576,-32.745820034471514,13.302536662688258,183944.4,5424346,180810.5,-6900.0,-4.022408898268037
2023-03-23,2514.0,2491.9,2498.45,2513.9333333333334,2499.490740596737,51.71428571428572,51.95402298850574,-0.2899576698978308,-3.1269488141112425,2.836991144213412,2562.969193390723,2433.9308066092767,2498.45,129.0383867814462,58.29063120158921,55.96977055780041,62.9323524891668,-29.496402877697843,20.84337371530916,53.27671689441013,187861.05,5653315,180124.45,-619.0,-0.3759741009116912
2023-03-24,2503.6,2498.3,2496.2,2514.35,2500.015431968476,51.142857142857146,50.55928411633109,0.1143002822127527,-2.4786989948464435,2.5929992770591963,2556.1248652370973,2436.2751347629023,2496.2,119.84973047419498,56.333539080629365,56.09102673207673,56.81856377773465,-42.44604316546763,22.603299529372546,52.177192583206846,190877.75,5464400,178931.2,-5796.0,-3.5337154005609106
2023-03-27,2490.2,2496.7,2495.3,2514.833333333333,2496.5853908286213,52.07142857142857,44.01709401709401,-2.840931240005375,-2.5511454438782297,-0.2897857961271453,2556.6466423393813,2433.953357660619,2495.3,122.6932846787622,44.00730562364539,52.06311969593295,27.895677479070272,-71.94244604316546,-45.12986053712277,18.3039439983884,189627.55,5279804,177249.9,-4781.0,-3.021665486904645
2023-03-28,2483.8,2494.0,2494.75,2514.1,2491.1010678925622,53.0,41.78498985801217,-7.118210281742904,-3.464558411451165,-3.653651870291739,2557.975161546901,2431.524838453099,2494.75,126.45032309380169,30.37179548036308,44.83267829074299,1.450029859603248,-89.92805755395683,-78.22361991812451,6.182002581596875,189235.9,5107695,175990.95,1511.0,0.9847304862391936
2023-03-29,2468.2,2485.7,2491.1,2512.65,2483.377156664699,55.07142857142857,41.11776447105788,-12.701625938012969,-5.311971916763525,-7.3896540212494415,2564.7503832126395,2417.4496167873604,2491.1,147.3007664252791,26.130216594751857,38.59852439207928,1.1936010000970043,-82.3529411764706,-126.88473435529954,2.5584857221583515,192585.1,4860929,174718.25,-1652.0,-1.0661228493617505
2023-03-30,2444.2,2479.1,2484.25,2511.233333333333,2475.722189363299,51.285714285714285,45.777777777777786,-17.489753578247473,-7.7475282490603155,-9.742225329187155,2563.983437481599,2404.516562518401,2484.25,159.46687496319828,22.05472550167058,33.08392476194305,-0.0036730188743661,-86.09625668449198,-112.23372632082489,27.86573138795365,189577.9,4740145,173142.8,-2913.0,-1.9001709044891733
2023-03-31,2426.6,2465.1,2479.8,2509.583333333333,2470.129599900128,50.57142857142857,42.58823529411765,-19.925013084661717,-10.183025216180596,-9.741987868481118,2564.2190050939557,2395.380994906045,2479.8,168.8380101879102,22.592696685531862,29.586848736472657,8.604392583650288,-78.6096256684492,-80.33929209132651,10.544206773618557,188065.55,4905428,170664.8,-10856.0,-7.218613063455437
2023-04-03,2412.2,2451.2,2474.4,2507.05,2462.6886856239253,53.0,41.51376146788991,-23.60021625254012,-12.8664634234525,-10.73375282908762,2566.8164487523773,2381.983551247623,2474.4,184.83289750475436,18.76550149405828,25.9797329890012,4.33703850417244,-91.005291005291,-85.7603827107301,4.709036079448905,187422.0,4734710,168357.6,-1106.0,-0.7926440340277896
2023-04-04,2405.2,2444.5,2468.6,2504.266666666667,2457.099286993075,53.57142857142857,39.42992874109263,-25.25343564329887,-15.343857867421775,-9.909577775877096,2563.4936246541406,2373.706375345859,2468.6,189.7872493082814,20.32926437052445,24.096243449508947,12.795306212555452,-80.8080808080808,-85.89185711337169,0.0,186911.65,4893521,165534.45,-5767.0,-4.1660947647496505
2023-04-06,2380.6,2424.4,2456.95,2499.9666666666667,2440.8993548984968,58.5,32.295719844357976,-35.594237893685204,-19.39393387267446,-16.200304021010744,2578.687379114574,2335.2126208854256,2456.95,243.4747582291484,14.230349688750715,20.80761219592287,1.0758246744064053,-98.22695035460993,-133.49619370023342,0.0,189847.95,4672300,162993.6,5653.0,4.261269410523139
2023-04-07,2356.8,2400.5,2446.2,2496.133333333333,2425.956559193878,54.85714285714285,18.181818181818187,-43.52968993722197,-24.221085085583965,-19.30860485163801,2588.5318583267235,2303.868141673276,2446.2,284.6637166534474,12.10698712874502,17.90740384019692,0.5061537058412213,-93.95973154362416,-123.787231733729,0.0,189919.55,4493427,160301.5,-9754.0,-7.052120914158467
2023-04-10,2345.0,2385.8,2442.05,2492.6,2419.4845059373183,57.57142857142857,31.865828092243177,-43.34772569854295,-28.046413208175764,-15.30131249036718,2589.758781765094,2294.341218234906,2442.05,295.4175635301881,22.07436889252712,19.29639219097365,27.63032229563405,-67.14285714285714,-68.7943919380532,40.51855657263837,189210.5,4684690,157121.65,-11154.0,-8.676172029962892
2023-04-11,2346.0,2379.1,2437.9,2489.833333333333,2417.3431244194785,55.85714285714285,41.88596491228071,-39.60005883691656,-30.357142333923925,-9.242916502992635,2585.783168680379,2290.0168313196214,2437.9,295.76633736075746,38.84147613092968,25.81142017095899,64.90158805087106,-50.0,-37.735784207857456,70.18833051068266,189971.75,4873471,154145.2,-5946.0,-5.064520250415228
2023-04-12,2341.6,2373.4,2433.7,2487.333333333333,2413.977112570004,55.35714285714285,38.32599118942731,-37.40915108109039,-31.76754408335722,-5.641606997733167,2582.987571309103,2284.412428690897,2433.7,298.575142618206,47.25711668397153,32.9599856752965,75.8513787013216,-55.725190839694655,-37.00288358331169,59.647195446416895,188611.8,4745398,150503.1,-14177.0,-12.719475322764428
2023-04-13,2358.6,2369.6,2427.65,2484.1666666666665,2409.9792923252417,56.5,32.400932400932405,-36.06403359625756,-32.62684198593729,-3.4371916103202693,2576.625836966947,2278.674163033053,2427.65,297.9516739338942,51.02592309318176,38.98196481459159,75.11383965036211,-59.54198473282442,-43.50071667770903,43.91669887901044,187866.6,4604551,145982.25,-11117.0,-11.427602228572608
2023-04-14,2309.2,2333.0,2406.05,2474.9333333333334,2374.457454960933,77.57142857142857,18.63270777479893,-61.322827206758575,-38.36603903010155,-22.956788176657028,2634.0790609365004,2178.0209390635,2406.05,456.0581218730004,34.1790943598558,37.38100799634633,27.77526708687475,-99.56521739130434,-161.31888014892618,1.633897134154232,187818.45,4375436,146856.6,101851.0,118.20460743921544
2023-04-17,2248.0,2296.5,2380.8,2465.383333333333,2343.74722115513,76.78571428571429,21.38888888888889,-79.21706348613361,-46.53624392130797,-32.68081956482565,2647.0808964035496,2114.519103596451,2380.8,532.5617928070988,24.61852363955483,33.1268465440825,7.60187783049949,-95.37444933920705,-126.42534327005455,11.62152269399704,184093.55,4564373,146697.55,6157.0,3.274721300314876
2023-04-18,2187.2,2266.6,2358.9,2457.4166666666665,2319.86653342607,76.57142857142857,26.494565217391298,-89.06335044591651,-55.04166522622968,-34.02168521968683,2644.5121035324228,2073.2878964675774,2358.9,571.2242070648454,21.938195795353845,29.397296294506283,7.019994797048966,-85.09615384615384,-98.49918363388598,30.12305843783814,185266.7,4768430,146483.6,-7003.0,-3.6065776395276417
2023-04-19,2126.2,2233.9,2339.2,2448.4166666666665,2296.736387385492,74.07142857142857,26.97095435684648,-97.0390641557642,-63.44114501213659,-33.59791914362762,2645.834430037163,2032.565569962836,2339.2,613.268860074327,18.7252856104498,25.839959399820792,4.495938031707823,-88.9423076923077,-84.22685491415808,31.8493587601684,184384.55,4577442,147570.85,6114.0,3.266549126462581
2023-04-20,2069.4,2214.0,2319.2,2439.583333333333,2276.8567314440165,76.85714285714286,28.335625859697373,-101.30449154489496,-71.01381431868828,-30.290677226206697,2636.9477317820506,2001.452268217949,2319.2,635.4954635641016,17.563737644043183,23.08121881456159,6.528775303006363,-86.29807692307692,-78.65138727842357,41.603024447051,187963.65,4837609,149539.9,10736.0,5.55452080875809
2023-04-21,2068.8,2189.0,2294.75,2429.583333333333,2253.727518925539,78.21428571428571,25.032594524119943,-107.7995757780327,-78.37096661055716,-29.428609167475543,2621.5931943367,1967.9068056633,2294.75,653.6863886734002,12.837630651584345,19.666689426902508,-0.8204868990519856,-96.94835680751174,-76.59637490737938,28.901172525639705,191147.0,4544973,151760.9,4420.0,2.1664542691892885
2023-04-24,2061.6,2154.8,2270.3,2419.3,2231.0868028373925,76.85714285714286,25.263157894736835,-113.0957292281778,-85.3159191340813,-27.77981009409649,2604.008413533681,1936.5915864663195,2270.3,667.4168270673617,10.76430278733074,16.699227213711918,-1.1055460654316178,-93.63207547169812,-76.86084641725265,29.87384356602181,195182.3,4275352,154631.8,7202.0,3.455190942237585
2023-04-25,2039.4,2113.3,2246.2,2409.2,2207.3642501862123,78.57142857142857,23.01790281329923,-118.66854769506426,-91.98644484627788,-26.68210284878637,2590.460366583214,1901.9396334167852,2246.2,688.5207331664287,8.19580970135775,13.864754709593862,-3.1420803151144767,-97.0183486238532,-73.6329281435712,20.40185072456595,202058.75,3953227,158363.05,12426.0,5.762328303391739
2023-04-26,2024.2,2075.2,2224.3,2400.333333333333,2187.71051207324,72.5,29.093567251461977,-120.16669837202608,-97.62249555142752,-22.544202820598542,2572.621146433348,1875.9788535666528,2224.3,696.6422928666952,13.13773404550948,13.622414488232405,12.168373160063634,-92.6605504587156,-65.55646369923728,46.03308102046531,203152.75,4147216,161628.0,-7815.0,-3.4266096076608688
2023-04-27,2004.2,2036.8,2203.2,2391.1666666666665,2168.69046330436,71.85714285714286,28.67435158501442,-121.00807912039136,-102.2996122652203,-18.708466855171054,2555.263152229689,1851.1368477703104,2203.2,704.1263044593788,13.314844279740132,13.519891085401646,12.904750668417108,-95.6422018348624,-62.674061442988574,43.18381614603757,198857.1,3986363,164882.8,-1855.0,-0.8422132729179577
2023-04-28,1996.2,2032.5,2182.75,2382.2,2152.053276322992,68.78571428571429,20.926517571885,-119.80963863412036,-105.80161753900032,-14.008021095120029,2533.4592813143267,1832.0407186856733,2182.75,701.4185626286535,14.871766690090544,13.97051628696461,16.67426749634241,-94.26605504587155,-53.91898134242192,9.864466657398683,202403.15,4178068,168085.55,-3954.0,-1.8104561397082384
2023-05-04,1991.2,2026.4,2161.45,2373.8166666666666,2136.714869054136,70.14285714285714,15.59322033898306,-117.7446537672804,-108.19022478465634,-9.55442898262406,2503.9045916883483,1818.9954083116515,2161.45,684.909183376697,16.35129273592243,14.764108436617216,19.525661334532863,-93.5483870967742,-49.45785189074219,0.0,208450.05,3891847,172167.45,6727.0,3.136949506631104
2023-05-05,1984.0,2011.7,2139.15,2364.483333333333,2118.5515481918374,71.35714285714286,14.83870967741936,-118.37471230445908,-110.22712228861688,-8.147590015842198,2476.438428812107,1801.8615711878936,2139.15,674.5768576242133,11.789750712837176,13.772655862023871,7.823940414463792,-99.1150442477876,-55.267515472260925,0.0,214882.05,3592489,177236.7,18641.0,8.428320168557368
2023-05-08,1974.6,1999.4,2116.65,2355.833333333333,2102.879972173567,70.28571428571429,16.18122977346279,-116.88117170191344,-111.5579321712762,-5.323239530637238,2439.266457961125,1794.033542038875,2116.65,645.23291592225,13.556036340203686,13.700449354750477,13.267210311110102,-85.0828729281768,-52.48067028176828,9.417983231821912,222417.65,3902012,183053.4,9182.0,3.828832585525333
2023-05-09,1959.4,1981.8,2097.9,2346.7,2084.700927204656,50.0,30.769230769230774,-117.72946699391376,-112.79223913580373,-4.937227858110049,2422.413498218996,1773.386501781004,2097.9,649.0269964379922,9.291810486344444,12.2309030652818,3.413625328469731,-99.49238578680205,-54.21566447493908,100.0,226119.15,3606761,190051.4,29279.0,11.75891788557153
2023-05-10,1942.4,1969.3,2079.15,2337.7833333333333,2067.967505566117,49.07142857142857,27.156549520766774,-117.29175570424012,-113.69214244949102,-3.599613254749116,2401.717512313338,1756.5824876866625,2079.15,645.1350246266757,8.776699948642776,11.079502026402125,4.171095793124078,-94.76190476190476,-54.251271219513,77.32226568331788,228847.6,3373319,197233.5,-6072.0,-2.182029877135039
2023-05-11,1922.6,1956.9,2055.85,2329.0333333333333,2051.208695512201,48.142857142857146,15.224913494809684,-116.96828668008855,-114.34737129561051,-2.620915384478039,2360.427896008325,1751.2721039916746,2055.85,609.1557920166506,9.24816089994444,10.469054984249563,6.806372731334196,-93.10344827586206,-55.79674222503181,2.424301221313096,232700.75,3104993,204710.85,-5249.0,-1.9283544145686449
2023-05-12,1905.4,1944.7,2029.0,2320.65,2032.9983435586576,48.85714285714285,14.426229508196728,-117.93459115768928,-115.06481526802628,-2.8697758896630035,2299.7502247654534,1758.2497752345466,2029.0,541.5004495309067,6.357011481189015,9.098373816562717,0.8742868104416139,-99.57081545064378,-59.96070141123156,0.0,236401.75,2842192,212659.7,3484.0,1.3051035392130483
2023-05-15,1882.8,1928.7,2001.95,2311.3166666666666,2014.7127870292616,47.35714285714285,10.543130990415335,-118.86335288620626,-115.82452279166228,-3.038830094543968,2228.736683912478,1775.1633160875222,2001.95,453.57336782495577,6.351828792337392,8.182858808487609,2.689768760036958,-94.94163424124514,-72.90692298259236,0.0,244906.8,2544018,221859.55,10843.0,4.009451404398812
2023-05-16,1873.2,1916.3,1976.55,2301.65,2000.35918826457,44.785714285714285,19.8581560283688,-116.4016892503014,-115.93995608339011,-0.461733166911273,2131.124424247992,1821.9755757520084,1976.55,309.1488484959832,10.088211064810292,8.817976227261838,12.628680739907203,-83.17757009345794,-80.28143102121511,46.05447980489991,250447.5,2795679,231357.3,-5159.0,-1.8341219927545227
2023-05-17,1865.8,1904.1,1968.3,2291.3,1988.1345036679445,43.07142857142857,23.529411764705884,-112.50834378911895,-115.2536336245359,2.7452898354169406,2126.851469312246,1809.7485306877536,1968.3,317.10293862449225,15.949792701487784,11.195248385337152,25.45888133378905,-79.24528301886792,-66.6878199239601,64.20556071760417,250171.75,3019279,235865.5,2060.0,0.7460524409677038
2023-05-18,1855.0,1888.8,1957.6,2280.4333333333334,1973.8359795090923,41.71428571428572,23.529411764705884,-110.88810624786085,-114.38052814920088,3.492421901340052,2121.172485139637,1794.027514860363,1957.6,327.14497027927405,12.900768830470314,11.76375520038154,15.174796090647868,-95.1219512195122,-69.47321127797714,64.20556071760417,254694.5,2739887,241032.4,19331.0,6.949097706520968
2023-05-19,1841.2,1873.3,1942.5,2268.483333333333,1956.423029079655,43.142857142857146,15.0,-112.10429499761152,-113.92528151888304,1.820986521271493,2109.172070087909,1775.827929912091,1942.5,333.34414017581844,10.42200617841919,11.316505526394089,8.633007482469395,-96.03174603174604,-92.17054897672868,22.035236938031588,263182.25,2366075,245786.5,-15259.0,-5.128885990770094
2023-05-22,1815.2,1849.0,1924.2,2254.833333333333,1933.049407262545,47.07142857142857,12.26158038147139,-118.1613739896086,-114.77250001302816,-3.3888739765804416,2108.1663584807093,1740.2336415192908,1924.2,367.93271696141846,7.70215193191747,10.111720994901884,2.883013805948643,-98.4709480122324,-112.62305433000492,8.496197536096094,271171.45,2015303,250605.85,7419.0,2.6285021895327665
2023-05-23,1775.0,1824.1,1902.95,2240.2166666666667,1907.3304160946836,50.71428571428572,9.535452322738394,-125.38944016294433,-116.89588804301138,-8.493552119932929,2104.585914720779,1701.314085279221,1902.95,403.2718294415579,6.180519588598576,8.801320526134115,0.9389177135274984,-97.88359788359789,-114.64628920200772,0.0,281514.95,1548266,256413.1,30494.0,10.527115244536043
2023-05-24,1732.2,1799.0,1884.15,2225.7833333333333,1883.584662180904,48.07142857142857,9.4890510948905,-130.02237588093726,-119.52118561059656,-10.5011902703407,2103.660723871887,1664.6392761281134,1884.15,439.0214477437737,6.274972501397783,7.95920451788867,2.906508468416007,-95.08670520231212,-108.96304352872713,0.0,285925.7,1167415,262057.7,1167.0,0.3644995549169971
2023-05-25,1699.2,1777.1,1867.0,2211.1666666666665,1863.528980068437,48.57142857142857,14.173228346456682,-130.97385114852773,-121.8117187181828,-9.16213243034494,2096.505647218727,1637.4943527812732,1867.0,459.0112944374539,8.572889760876986,8.163766265551443,9.391136751528071,-90.41916167664672,-88.19238492603195,22.01192529034133,296377.15,1646065,267513.65,3429.0,1.0671206104589714
2023-05-26,1673.4,1757.3,1851.0,2197.5,1844.335743871443,49.42857142857143,11.979166666666671,-131.10422235648593,-123.6702194458434,-7.434002910642519,2091.1210221183937,1610.8789778816065,1851.0,480.2420442367875,11.01829014361496,9.11527422490595,14.82432198103298,-87.79069767441861,-85.00770639165047,11.701572119613086,310107.35,1049336,272702.05,7075.0,2.178525130788489
2023-05-29,1665.8,1740.5,1834.6,2184.55,1828.0180539789244,48.642857142857146,16.147308781869683,-128.83480695125104,-124.70313694692496,-4.131670004326082,2076.3831999736512,1592.8168000263488,1834.6,483.5663999473024,14.037445954329163,10.755998134713687,20.60034159356012,-82.73615635179154,-68.7120518048401,37.68647675229068,321871.75,1478613,279300.25,20381.0,6.141889367036724
2023-05-30,1669.4,1722.2,1819.25,2171.1833333333334,1814.01633455236,51.42857142857143,18.15642458100558,-124.95039537220646,-124.75258863198128,-0.1978067402251895,2058.9997598923646,1579.5002401076351,1819.25,479.4995197847295,17.060317504906312,12.857437924777894,25.46607666516315,-78.96551724137932,-56.76888632661918,61.73184357541898,346415.7,2130345,285304.05,-13743.0,-3.901855958116729
2023-05-31,1681.4,1706.8,1805.45,2157.483333333333,1804.8719217378496,55.285714285714285,26.984126984126974,-117.5315498858074,-123.3083808827465,5.776830996939097,2034.3765338373053,1576.5234661626946,1805.45,457.8530676746109,28.04021166993754,17.918362506497775,48.283909996817066,-65.49295774647888,-48.64978718868371,100.0,370497.65,2803689,291740.25,4694.0,1.3868125764460393
2023-06-01,1695.6,1697.4,1793.1,2144.7833333333333,1799.0745958580546,55.785714285714285,34.40860215053765,-108.30559914990158,-120.30782453617752,12.002225386275953,2005.9660562296472,1580.2339437703529,1793.1,425.7321124592945,45.708724991287326,27.18181666809429,82.76254163767338,-53.03030303030303,-31.34187858183464,100.0,387116.2,3422281,297903.3,1264.0,0.368332711674757
2023-06-02,1714.0,1693.7,1783.5,2132.35,1794.7817772049066,56.5,38.01652892561983,-99.04531752889376,-116.05532313472078,17.010005605827033,1984.3083663596387,1582.6916336403613,1783.5,401.6167327192775,58.74252552161771,37.702052952602095,100.82347065964892,-49.24242424242424,-16.21168945201533,100.0,402666.55,4032646,302827.1,-6144.0,-1.783806382682218
2023-06-05,1722.6,1694.2,1771.6,2118.95,1787.2787508044391,62.35714285714285,30.42328042328043,-93.69272859472652,-111.58280422672192,17.8900756319954,1957.5217718912588,1585.678228108741,1771.6,371.8435437825178,55.24208569112873,43.548730532110966,78.62879600916426,-63.63636363636363,-15.428097089462936,73.38268546769292,419628.55,3383883,309324.0,40644.0,12.014614766116448
2023-06-06,1722.8,1696.1,1760.1,2104.983333333333,1777.2522031087783,64.07142857142857,26.48514851485149,-91.14363209536803,-107.49496980045116,16.35133770508311,1937.723967088449,1582.4760329115509,1760.1,355.24793417689807,47.21331675890994,44.77025927437729,52.09943172797525,-76.51515151515152,-38.83077832333424,59.57798835497848,432411.7,2832969,315068.55,14232.0,3.755818985992199
2023-06-07,1712.0,1696.7,1747.85,2091.0666666666666,1766.4662790031805,63.785714285714285,27.577319587628864,-89.5437002842425,-103.90471589720944,14.361015612966924,1915.763856360704,1579.936143639296,1747.85,335.8277127214078,38.84572876054633,42.79541576976697,30.946354742105044,-77.8894472361809,-45.92534263833032,63.406476380656336,445407.55,2339610,322253.85,22743.0,5.784608967250304
2023-06-08,1697.6,1696.6,1736.85,2078.25,1757.469490526687,63.0,32.95128939828081,-86.63157478795574,-100.4500876753587,13.81851288740296,1893.445724886283,1580.2542751137169,1736.85,313.1914497725661,31.38957674945513,38.99346942966302,16.181791389039347,-73.86934673366834,-41.685940640080815,82.24434856318483,458138.1,2862547,330028.45,6537.0,1.571745606589925
2023-06-09,1685.0,1699.5,1728.4,2065.1,1751.1390628574786,59.142857142857146,46.52777777777778,-81.84707105396546,-96.72948435108006,14.882413297114596,1874.9309739127489,1581.8690260872513,1728.4,293.06194782549755,30.017293590545847,36.00141081662397,18.04905913838961,-64.321608040201,-34.14030326925656,100.0,467142.55,3305437,337371.1,-5155.0,-1.2202800844609007
2023-06-12,1668.0,1695.3,1717.9,2051.1833333333334,1739.6972473472424,57.5,44.66666666666666,-81.95212287429831,-93.77401205572372,11.821889181425403,1860.5012475033209,1575.2987524966793,1717.9,285.2024950066416,20.87508691874041,30.95930285066278,0.7066550548956769,-94.47236180904522,-56.48004441193107,94.97522923224304,479272.7,2764660,346002.65,36621.0,8.775932267565167
2023-06-13,1664.8,1693.8,1708.0,2037.4,1732.6784618856004,59.0,51.21212121212121,-78.30847831331334,-90.68090530724164,12.3724269939283,1834.4744617451056,1581.5255382548942,1708.0,252.94892349021168,21.492482188251184,27.803695963192247,8.870054638369055,-76.88442211055276,-45.4800973802036,100.0,495051.1,3331889,354292.6,-11991.0,-2.641713114934674
2023-06-14,1666.2,1689.1,1697.95,2024.1,1726.8043226584005,58.642857142857146,49.68750000000001,-74.16250632606534,-87.37722551100639,13.214719184941046,1798.9272772773472,1596.9727227226529,1697.95,201.9545545546944,22.74582987634254,26.117740600909013,16.002008427209596,-74.37185929648241,-20.90918855165574,96.11392710596188,514982.3,3954113,362335.05,-2890.0,-0.653965998293804
2023-06-15,1675.6,1686.6,1692.0,2010.1333333333332,1726.061053833791,58.71428571428572,57.98319327731093,-66.24002107877914,-83.14978462456094,16.9097635457818,1769.5330150392936,1614.4669849607064,1692.0,155.06603007858712,31.662203082544856,27.96589476145429,39.05481972472597,-50.505050505050505,6.66635040587879,100.0,531120.85,4556276,368714.7,-13925.0,-3.171772251946914
2023-06-16,1681.8,1683.4,1688.55,1996.65,1725.6742868020017,58.07142857142857,57.02005730659026,-59.03875746818426,-78.32757919328562,19.28882172510136,1752.482447902201,1624.6175520977988,1688.55,127.8648958044023,50.13112389411036,35.35430447233965,79.68476273765177,-48.98989898989899,48.093455210798425,97.58168688485638,546044.05,5228552,376496.65,12787.0,3.0079698144453992
2023-06-19,1698.4,1683.2,1688.7,1984.0333333333333,1724.5624499637156,57.142857142857146,54.72779369627506,-53.36211210412057,-73.3344857754526,19.97237367133204,1752.8678719415293,1624.5321280584708,1688.7,128.3357438830585,54.5091846368899,41.73926452718973,80.04902485629023,-53.03030303030303,64.89243474115531,89.66475663620948,563456.35,4529534,383036.6,-17421.0,-3.9783873155648353
2023-06-20,1708.0,1686.4,1691.25,1971.1333333333332,1723.5565023481236,53.07142857142857,49.35897435897436,-48.30648269234303,-68.3288851588307,20.02240246648768,1755.1705921851,1627.3294078149,1691.25,127.84118437020015,57.42789179874293,46.9688069510408,78.34606149414718,-53.03030303030303,41.23591430518325,72.61982772779841,563653.8,4529534,388654.25,12048.0,2.8653649487478283
2023-06-21,1715.2,1690.7,1693.7,1957.5333333333333,1721.9796926006834,52.142857142857146,43.68600682593856,-44.35342280912823,-63.53379268889021,19.180369879761976,1755.9899839885495,1631.4100160114504,1693.7,124.5799679770994,57.78639498601002,50.57466962936387,72.20984569930235,-56.56565656565657,11.367120189926048,54.60928905526133,567595.7,4069845,393523.4,-13803.0,-3.191312269084756
2023-06-26,1724.0,1699.8,1698.2,1945.1666666666667,1725.8863885434755,52.85714285714285,51.32743362831859,-36.28360754097889,-58.083755659307954,21.800148118329066,1766.8703797329097,1629.5296202670904,1698.2,137.34075946581925,70.72380980926746,57.29104968933173,97.58933004913894,-28.282828282828284,71.16771729064777,78.86929268408139,581397.6,4824533,398015.6,-4110.0,-0.9815745793678275
2023-06-27,1731.8,1706.8,1703.15,1933.45,1729.2305420155255,46.642857142857146,57.42574257425743,-29.707158455779336,-52.40843621860223,22.701277762822897,1775.0308224188425,1631.2691775811577,1703.15,143.7616448376848,77.65029586413037,64.07746508093128,104.79595743052856,-8.49673202614379,85.85132205725975,98.230205375421,578563.05,4284495,402614.8,9215.0,2.222597411994553
2023-06-28,1754.0,1726.2,1710.75,1923.2166666666667,1738.3514427759517,47.5,71.47147147147147,-19.11071363454585,-45.74889170179096,26.638178067245114,1799.3956577143451,1622.1043422856549,1710.75,177.29131542869027,84.89939402990217,71.01810806392157,112.66196596186336,-0.4878048780487805,119.96139766218724,100.0,594713.55,5036782,405994.25,-4014.0,-0.9471001840403948
2023-06-29,1789.2,1748.6,1721.2,1914.55,1752.7941625115757,48.85714285714285,79.73684210526315,-5.405684630621636,-37.6802502875571,32.274565656935465,1839.421202123851,1602.9787978761492,1721.2,236.4424042477017,89.64557303142902,77.22726305309072,114.48219298810562,-0.7380073800738007,143.9421424694558,100.0,602096.7,5836177,410890.1,16585.0,3.950634340623993
2023-06-30,1824.2,1769.7,1729.4,1905.8666666666663,1765.0994803676158,48.85714285714285,77.63157894736842,4.755300311263227,-29.19314016779304,33.948440479056266,1867.7274528448904,1591.0725471551095,1729.4,276.6549056897811,87.93665817158029,80.79706142592057,102.21585166289972,-12.416107382550337,124.2129866316038,94.16029298188798,611605.85,4972650,414329.05,-24444.0,-5.6013987456203225
2023-07-03,1845.0,1784.5,1735.55,1896.7,1774.8042917611765,50.142857142857146,73.40425531914893,11.465413296372615,-21.06142947495991,32.526842771332525,1886.9316716988703,1584.1683283011296,1735.55,302.76334339774075,84.7053313891428,82.09981808032798,89.91635800677244,-17.449664429530202,94.03639778051422,82.43428553860441,608693.2,4412311,417411.5,-5866.0,-1.423969588320828
2023-07-04,1866.8,1799.3,1741.35,1888.0,1783.8705496886832,48.142857142857146,87.46081504702194,16.831280583323178,-13.48288746330329,30.31416804662647,1904.1650710728263,1578.5349289271733,1741.35,325.6301421456533,82.96952357602547,82.38971991222715,84.1291309036221,-16.44295302013423,79.98591524756003,100.0,603043.3,4909678,420816.95,316.0,0.0778169872513112
2023-07-05,1864.4,1809.2,1746.2,1878.15,1786.644783051666,48.57142857142857,71.55425219941348,16.29648964764806,-7.527012041113021,23.82350168876108,1911.594074863728,1580.8059251362724,1746.2,330.7881497274552,73.8625275723015,79.54732246558527,62.49293778573397,-40.92664092664093,50.983059299510224,63.66274692221876,602830.15,4265178,422816.2,12520.0,3.0807314030369293
2023-07-06,1852.6,1820.9,1753.65,1870.55,1790.8690894276976,47.57142857142857,72.59887005649718,17.12767635448222,-2.596074361993973,19.723750716476196,1920.286414798417,1587.013585201583,1753.65,333.2728295968341,68.86785327250007,75.98749940122354,54.62856101505312,-33.97683397683398,48.08590133524633,66.04909171625619,606858.15,4896652,423447.0,-13137.0,-3.135943396902008
2023-07-07,1855.4,1839.8,1765.25,1864.0833333333333,1800.88155710125,48.285714285714285,73.8544474393531,22.76888900109634,2.476918310624089,20.29197069047225,1937.804644281704,1592.695355718296,1765.25,345.109288563408,74.76180471577977,75.57893450607563,73.12754513518809,-9.623430962343097,65.78074339976286,68.91735644174548,622562.75,5704103,422853.6,-1741.0,-0.4290502242594529
2023-07-10,1881.8,1863.4,1781.6,1858.1,1819.7499802344644,53.285714285714285,79.40552016985139,35.14569219714872,9.010673087929016,26.135019109219705,1977.3596808119732,1585.8403191880263,1781.6,391.51936162394713,83.1745364771865,78.11080182977925,93.30200577200102,-0.0,104.70933200919336,81.59833199842356,650949.5,6794775,422094.6,3225.0,0.7981902737111968
2023-07-11,1905.2,1886.0,1796.4,1851.2666666666669,1835.678553545468,52.71428571428572,78.73684210526315,43.48483211203711,15.905504892750637,27.57932721928648,2007.476838092136,1585.3231619078645,1796.4,422.15367618427126,83.27987966403629,79.83382777453158,90.17198344304568,-10.23391812865497,97.98282112930973,80.07079117811637,670389.85,5963078,419585.85,-40150.0,-9.858470181503886
2023-07-12,1956.6,1910.5,1818.35,1846.0666666666664,1857.9948817792329,56.85714285714285,81.89964157706093,56.14387526914879,23.953178968030265,32.19069630111853,2047.53278157062,1589.1672184293802,1818.35,458.36556314123936,88.1013734101094,82.58967631972419,99.1247675908798,-1.5151515151515151,105.72390937505516,87.2959501230149,700985.35,7115765,416269.95,20478.0,5.578103804267887
2023-07-13,2006.2,1929.4,1839.0,1841.1833333333332,1879.0429882764488,57.71428571428572,83.21428571428571,66.14006150028558,32.39055547448133,33.74950602580425,2084.246170633816,1593.753829366184,1839.0,490.4923412676319,91.22217164538696,85.46717476161177,102.73216541293732,-1.837270341207349,98.44836592003438,88.24762818755141,725365.7,8170601,412554.25,-19987.0,-5.156711180829321
2023-07-14,2040.0,1947.7,1858.7,1841.65,1896.753179869168,57.285714285714285,79.15057915057915,72.10128932809607,40.33270224520428,31.76858708289179,2110.3397592215438,1607.0602407784568,1858.7,503.27951844308654,89.62834041895853,86.85422998072735,95.17656129542088,-11.204481792717086,88.83921879014981,72.33156036504182,737862.25,7298446,408956.35,-534.0,-0.1452646182723338
2023-07-17,2036.2,1959.0,1871.75,1840.45,1904.6814484530569,62.5,68.21963394342762,69.16947307549094,46.10005641126161,23.06941666422933,2119.932339589733,1623.5676604102669,1871.75,496.3646791794663,78.96126649399496,84.22324215181655,68.43731517835175,-36.65689149560117,50.19292377838116,0.0,750720.75,6439113,404045.9,-40176.0,-10.945021535343304
2023-07-18,2061.6,1983.4,1891.35,1840.8,1924.6165486003847,68.07142857142857,71.53502235469449,76.7736686260082,52.23477885421093,24.538889771797272,2151.3704647816885,1631.329535218311,1891.35,520.0409295633774,85.00015168863732,84.48221199742346,86.03603107106503,-2.8753993610223643,76.98285859111544,17.230690743031055,778887.9,7674732,400449.75,39073.0,11.952767708285528
2023-07-19,2069.6,2013.1,1911.15,1841.35,1942.272115400348,65.85714285714286,68.0327868852459,81.53736977098879,58.09529703756651,23.44207273342228,2174.59461117646,1647.70538882354,1911.15,526.8892223529201,88.00674564403063,85.65705654629252,92.70612383950686,-5.660377358490566,79.33975271350025,0.0,793301.5,6687442,396282.5,-28843.0,-7.88129016744633
2023-07-20,2079.0,2042.6,1931.75,1841.9833333333331,1959.770009171744,67.64285714285714,69.7411003236246,85.61676673903935,63.59959097786109,22.017175761178265,2194.7167779697847,1668.7832220302153,1931.75,525.9335559395695,85.25846534998868,85.52419281419125,84.72701042158354,-13.896457765667575,80.21687814484764,8.793035629522825,822084.3,7734084,390776.7,-14723.0,-4.367222840192808
2023-07-21,2090.4,2065.2,1952.5,1843.45,1975.2204844887203,68.28571428571429,71.00494233937397,87.51809750615507,68.38329228351989,19.13480522263518,2206.122595706004,1698.8774042939958,1952.5,507.2451914120084,81.48352666302563,84.17730409713604,76.0959717948048,-14.986376021798366,63.982437566170425,15.298286729765412,845017.35,6815734,385308.65,-13048.0,-4.047121295773604
2023-07-24,2113.4,2074.8,1969.1,1844.7666666666669,1986.6280573945564,69.78571428571429,67.82884310618067,85.85654072818465,71.87794197245285,13.97859875573181,2213.8020960055155,1724.3979039944843,1969.1,489.4041920110312,74.70149802811504,81.01870207412904,62.06708993608703,-22.3433242506812,56.86225561032837,0.0,848838.5,5984623,378975.2,-21418.0,-6.923459855052783
2023-07-25,2127.4,2094.5,1990.25,1848.1333333333332,2005.4253852617412,73.0,77.97888386123681,90.67604421292936,75.63756242054815,15.038481792381203,2232.326869044388,1748.173130955612,1990.25,484.15373808877575,80.85512973954107,80.96417796259972,80.63703329342377,-4.155844155844156,76.13764361131791,65.97171763982341,870262.0,6953131,373078.65,17953.0,6.235066125805733
2023-07-26,2172.4,2121.0,2015.75,1853.7,2036.8134438082425,81.14285714285714,81.65829145728644,105.46424729399178,81.60289939523688,23.8613478987549,2289.859371179531,1741.640628820469,2015.75,548.2187423590622,87.23675315969405,83.05503636163115,95.60018675581983,-0.0,111.62239393863592,89.88658112325236,885313.9,8006456,366783.1,-11994.0,-3.921030177613449
2023-07-27,2220.4,2149.7,2039.55,1860.0,2068.1645443979337,83.5,80.83989501312337,118.32150899802718,88.94662131579494,29.37488768223224,2348.1730710754077,1730.9269289245929,2039.55,617.2461421508144,87.59124235664666,84.56710502663633,93.63951701666733,-10.728744939271255,111.91745776474168,84.56729025194561,912772.65,9355026,357966.25,-33841.0,-11.51465659504245
2023-07-28,2271.8,2181.1,2064.4,1866.4166666666667,2097.76792112194,82.0,78.27380952380952,128.08350595705133,96.77399824404624,31.309507713005104,2398.586459141748,1730.2135408582526,2064.4,668.372918283495,88.5453151112728,85.89317505484848,93.84959522412146,-8.830022075055188,91.93438453897689,67.88863137500151,920840.85,10379917,350586.7,4302.0,1.6542718050866378
2023-07-31,2317.2,2215.3,2087.15,1871.9333333333332,2119.123357205565,84.71428571428571,73.36122733612274,129.72514453227495,103.364227501692,26.360917030582968,2426.6612741326444,1747.6387258673558,2087.15,679.0225482652886,83.0723556680516,84.9529019259162,79.3112631523224,-21.41280353200883,73.46700055817678,35.95856401965071,930067.45,9635046,342058.4,-28841.0,-10.909909364644644
2023-08-01,2351.2,2239.3,2111.35,1878.7333333333331,2141.4925612812253,83.5,71.32132132132132,132.08568592844995,109.10851918704358,22.977166741406364,2454.6665027385725,1768.033497261427,2111.35,686.6330054771452,82.48885013885433,84.13155133022892,79.20344775610516,-14.34878587196468,70.88883361370736,22.69988783618624,943732.25,10405709,333535.3,420.0,0.178332590280883
2023-08-02,2345.8,2259.1,2136.1,1884.6333333333332,2157.3504125877757,84.42857142857143,66.2873399715505,128.76034729663888,113.03888480896264,15.721462487676234,2459.656486567665,1812.5435134323347,2136.1,647.1129731353303,77.69371618452358,81.98560628166047,69.10993599024982,-24.503311258278146,61.14794791865706,0.0,948059.05,9674673,323564.25,-16439.0,-6.967597007650417
2023-08-03,2323.4,2271.9,2157.25,1890.3333333333333,2166.555135198463,87.5,62.71870794078062,120.37997831391932,114.507103509954,5.872874803965317,2450.737110808187,1863.762889191813,2157.25,586.974221616374,69.09415870027519,77.68845708786537,51.905561925094815,-36.42384105960265,35.19638925392084,0.0,955907.3,8886234,313359.45,-17812.0,-8.11495425884754
2023-08-04,2301.4,2286.6,2175.9,1896.3333333333333,2176.311788989085,86.21428571428571,71.47102526002972,113.63889175123133,114.33346115820947,-0.6945694069781609,2445.9564463413835,1905.8435536586169,2175.9,540.1128926827666,63.109460849043394,72.82879167492472,43.67079919728076,-35.79952267303103,43.17968163702954,46.211772880968944,950917.3,9593885,301986.25,-25109.0,-12.44967374704984
2023-08-07,2281.4,2299.3,2187.05,1901.8333333333333,2180.663047180601,82.5,59.21501706484641,103.313095820336,112.1293880906348,-8.816292270298788,2444.4724257192206,1929.62757428078,2187.05,514.8448514384409,48.1587277029584,64.60543701760261,15.265309073669954,-56.60919540229885,13.752225152928652,0.0,921209.65,9097366,289205.45,-24927.0,-14.11694747274529
2023-08-08,2259.2,2305.2,2199.85,1908.2166666666667,2186.5998998300674,83.21428571428571,61.02819237147595,95.72094122125463,108.84769871675876,-13.126757495504137,2440.287561650922,1959.4124383490785,2199.85,480.8751233018436,41.09613658758776,56.769003540931,9.750402680901288,-50.57471264367816,18.74478788494832,8.078925004099714,893586.35,9376597,277811.4,-12415.0,-8.186721882253645
2023-08-09,2204.4,2275.1,2198.05,1911.4333333333332,2172.066576036728,94.57142857142856,44.22110552763819,72.00947033911098,101.48005304122924,-29.47058270211825,2443.075863296551,1953.0241367034496,2198.05,490.05172659310097,29.304781339954054,47.61426280727201,-7.314181594681855,-94.82758620689656,-62.278059949273086,0.0,885853.75,8378562,272690.1,145933.0,104.8120775965468
2023-08-10,2152.4,2237.9,2193.8,1913.6,2155.10785450942,95.21428571428572,42.30769230769231,49.42060317687219,91.06816306835783,-41.64755989148564,2450.204778672952,1937.3952213270488,2193.8,512.8095573459029,21.38837274515456,38.87229945323286,-13.579480671002043,-95.07829977628636,-76.39583772876392,0.0,890822.0,7224361,269714.3,22923.0,8.0384758351276
2023-08-11,2120.2,2210.8,2195.95,1917.5333333333333,2150.6213921751896,99.21428571428572,50.70729053318826,40.25359211612204,80.90524887791068,-40.65165676178864,2448.49950530854,1943.40049469146,2195.95,505.0990106170802,25.70672661124782,34.483775172571185,8.152629488601093,-69.57494407158836,-47.49001754392719,21.34554087363263,909442.45,8468925,267916.35,23023.0,7.472840640204614
2023-08-14,2093.6,2187.5,2201.4,1921.7166666666667,2144.752688158505,95.92857142857144,44.40518256772674,31.0970610330146,70.94361130893147,-39.84655027591687,2438.5634124618205,1964.23658753818,2201.4,474.3268249236408,27.086797332668613,32.01811589260366,17.224160212798523,-73.8255033557047,-46.32799187390521,5.330262576335048,923118.95,7336062,267627.6,-9992.0,-3.0177100195704187
2023-08-15,2075.4,2167.3,2203.3,1927.7333333333331,2145.442908333885,90.5,37.97634691195794,28.594399232483283,62.47376889364183,-33.87936966115855,2438.112444752265,1968.4875552477356,2203.3,469.62488950452985,34.63245052380486,32.88956076967072,38.11823003207314,-59.73154362416108,-27.00590296218919,0.0,922288.3,8555068,266764.8,27592.0,8.592426507224715
2023-08-16,2085.2,2144.8,2201.95,1933.9333333333332,2139.49596468304,88.85714285714286,32.29036295369211,20.80348871374781,54.13971285766303,-33.33622414391522,2439.3175586400675,1964.582441359932,2201.95,474.73511728013546,33.309294824341364,33.029472121227606,33.86894023056888,-72.79411764705883,-40.19802489637993,0.0,932660.5,7360334,266687.45,-13134.0,-3.766431897955902
2023-08-17,2110.6,2131.5,2201.7,1941.5666666666664,2137.734444237036,88.14285714285714,34.34466019417475,17.493761227971845,46.81052253172479,-29.316761303752948,2439.414645387254,1963.9853546127451,2201.7,475.4292907745087,39.51165531843431,35.190199853629835,48.15456624804325,-62.37373737373738,-37.70452385766088,5.001835903316004,952021.65,8794199,266919.8,-8529.0,-2.5415849668333435
2023-08-18,2104.2,2112.2,2199.4,1948.5333333333333,2131.854973357318,88.5,34.85221674876847,11.111567200905938,39.67073146556103,-28.559164264655088,2441.216285203216,1957.5837147967843,2199.4,483.6325704064311,38.42008147825934,36.26682706183967,42.72659031109869,-73.73737373737374,-44.452329103165184,6.538566844649716,970939.3,7497496,268056.25,5034.0,1.5392188938049056
2023-08-21,2118.8,2106.2,2202.75,1956.6833333333332,2134.7259282756686,92.07142857142856,38.91454965357968,12.845044049205626,34.30559398228995,-21.460549933084323,2440.295231150016,1965.204768849984,2202.75,475.0904623000315,55.07075199325816,42.534802038979166,80.14265190181612,-51.53061224489796,-25.77717322256397,16.906775715264214,995608.35,8821988,270850.65,11741.0,3.535561892659356
2023-08-22,2113.0,2094.2,2199.7,1964.3666666666663,2133.609173201796,91.78571428571428,39.23166472642608,10.945687801586246,29.63361274614921,-18.687924944562965,2439.8114653436664,1959.588534656333,2199.7,480.2229306873335,60.124687375350405,48.39809715110291,83.57786782384541,-58.28729281767956,-30.293797995271586,17.7161420051115,995743.45,7850778,272116.1,-12626.0,-3.672227651356508
2023-08-23,2150.2,2117.7,2196.4,1974.3,2146.5035376587675,95.28571428571428,50.78864353312303,20.979574641182808,27.902805125155933,-6.923230483973125,2430.418802663396,1962.3811973366044,2196.4,468.0376053267912,73.4164582502336,56.737550850813136,106.77427304907454,-17.955801104972377,14.50931695964672,47.21278174115693,994799.85,8885231,275215.4,24683.0,7.452641622232026
2023-08-24,2177.0,2143.8,2190.85,1983.8666666666663,2156.836534072218,95.64285714285714,49.26315789473684,27.48498940563968,27.819241981252684,-0.3342525756130037,2412.8915086846528,1968.8084913153468,2190.85,444.08301736930594,72.50143153078,61.99217774413542,93.51993910406917,-22.6775956284153,43.48309588111497,59.06081038445253,994639.4,7539870,278448.3,-31169.0,-8.758264700841012
2023-08-25,2218.2,2161.2,2186.0,1993.2666666666669,2168.756864160578,93.92857142857144,53.2258064516129,34.422451236417146,29.13988383228558,5.282567404131566,2394.5660314473425,1977.4339685526572,2186.0,417.1320628946851,75.0716257319452,66.351993740072,92.5108897156916,-15.300546448087433,45.36872403847489,72.84977300674385,993387.15,8539716,281773.5,6148.0,1.8933701249106871
2023-08-28,2229.0,2173.9,2180.7,2001.1333333333332,2173.256210430999,100.78571428571428,48.61538461538461,34.200548668093234,30.15201679944711,4.048531868646123,2379.891101048345,1981.5088989516548,2180.7,398.38220209669,69.01123694261601,67.23840814092,72.55689454600804,-33.333333333333336,29.145554584326128,77.97791178063092,1001954.45,7623499,285876.3,-13289.0,-4.016502448165382
2023-08-29,2233.4,2173.2,2170.25,2007.65,2170.565142770904,92.0,56.63082437275985,27.973125873331355,29.71623861422396,-1.743112740892606,2352.3568223237457,1988.1431776762545,2170.25,364.2136446474915,56.60819800885826,63.69500476356609,42.43458449944259,-52.73224043715847,-8.442469977695737,100.0,1014345.7,6605011,289885.15,-1459.0,-0.4594248215359697
2023-08-30,2232.0,2191.1,2167.95,2016.75,2179.27322441177,97.14285714285714,64.66083150984682,32.10864219226869,30.194719329832907,1.9139228624357827,2343.7854194605065,1992.114580539493,2167.95,351.67083892101346,62.12042411426829,63.17014454713349,60.020983248537874,-22.686567164179102,44.07886495547289,100.0,1041297.0,7875073,294178.45,-10750.0,-3.4006934251151533
2023-08-31,2232.0,2204.5,2168.0,2026.3,2186.485298277316,93.14285714285714,59.10780669144981,34.424404069587126,31.040656277783757,3.3837477918033727,2343.9389846389927,1992.0610153610075,2168.0,351.87796927798536,64.61263927520206,63.65097612315635,66.53596557929346,-29.328621908127207,58.02174222730135,82.84539870418035,1041644.5,7079684,299565.5,4063.0,1.3305519350803374
2023-09-01,2241.6,2229.9,2171.05,2037.4,2200.153365108048,98.78571428571428,63.96292004634994,41.82935250259061,33.19839552274512,8.630956979845486,2356.2332378455394,1985.866762154461,2171.05,370.3664756910785,69.19193133810721,65.49796119480663,76.57987162470835,-18.63905325443787,93.80919923600504,97.8439871443746,1055754.25,8069530,305403.75,-16085.0,-5.198351781530253
2023-09-04,2239.4,2234.2,2170.2,2046.2833333333333,2200.614949383472,103.35714285714286,52.86486486486487,37.182752528418405,33.99526692387978,3.1874856045386224,2354.5527511107857,1985.8472488892137,2170.2,368.705502221572,57.39555985920763,62.79716074960697,46.59235807840896,-55.62130177514793,30.24723018126518,63.55948130772689,1083345.9,7021178,313200.35,14240.0,4.854435126474388
2023-09-05,2254.2,2243.8,2169.0,2055.083333333333,2202.365906585046,102.5,57.816091954022994,34.23532801841566,34.04327914278696,0.1920488756287,2351.6621846037674,1986.3378153962328,2169.0,365.3243692075348,51.17450469487082,58.92294206469492,35.67762995522261,-51.4792899408284,29.53375664648109,77.42215042740108,1123277.85,8099048,322181.05,11267.0,3.66311203589309
2023-09-06,2246.6,2239.3,2178.5,2064.9666666666667,2204.426296434089,101.0,56.152927120669055,31.93480650182164,33.62158461459389,-1.6867781127722523,2351.084685543708,2005.9153144562924,2178.5,345.1693710874152,47.61398904540684,55.153291058265566,32.535385019689386,-50.0,21.032461813681213,71.45823629386936,1110131.85,8834163,324227.05,7239.0,2.2703679194096216
2023-09-07,2214.4,2223.2,2183.5,2072.1,2193.9095062975093,106.0,50.97613882863341,19.398103815010472,30.77688845467721,-11.378784639666735,2338.474361207229,2028.5256387927711,2183.5,309.94872241445773,34.782173041416115,48.36291838598242,7.620682352283509,-90.88145896656536,-39.65509259039636,46.84788756057881,1112531.3,7631973,325883.7,15136.0,4.641720282379502
2023-09-08,2169.0,2205.3,2183.25,2079.3,2185.2514580786988,101.28571428571428,46.50887573964497,10.07278856107041,26.63606847595585,-16.563279914885438,2338.7524115568945,2027.747588443105,2183.25,311.0048231137889,27.13948314209909,41.28843997135465,-1.1584305164120252,-88.14589665653496,-52.65160936850793,28.6175755391383,1092654.95,8479010,325382.7,-20130.0,-5.899385151016057
2023-09-11,2156.0,2197.7,2185.8,2086.3166666666666,2180.941795404537,101.35714285714286,51.008303677342816,5.603407224666171,22.429536225697912,-16.82612900103174,2336.3898577699297,2035.210142230071,2185.8,301.1797155398588,25.79309007852199,36.12332334041043,5.132623554745109,-76.89969604863222,-32.725848363005575,24.7875655640594,1070711.45,9173003,325454.85,1471.0,0.4581241513335721
2023-09-12,2143.8,2199.0,2186.1,2093.583333333333,2178.756862508867,95.14285714285714,42.23776223776224,3.473796123783359,18.638388205315003,-15.164592081531644,2336.4300229145306,2035.7699770854688,2186.1,300.66004582906135,26.71920290949085,32.988616530103904,14.180375668264745,-71.42857142857143,-26.38340856268382,0.0,1037997.9,9737738,324167.05,393.0,0.1218366644655466
2023-09-13,2141.6,2194.1,2192.6,2101.9,2182.018113698499,96.71428571428572,47.22222222222223,6.153174365270843,16.14134543730617,-9.988171072035328,2335.2034619791207,2049.996538020879,2192.6,285.20692395824153,32.9090532061246,32.96209542211081,32.80296877415218,-54.7112462006079,-9.71272807309814,22.22916017418433,1030120.0,10774914,324786.45,25010.0,7.744088978065133
2023-09-14,2166.8,2190.6,2197.55,2110.333333333333,2185.6354362034035,95.85714285714286,45.78804347826087,8.740685245464647,14.661213398937868,-5.920528153473221,2336.515311839848,2058.5846881601524,2197.55,277.9306236796956,45.68366104152598,37.2026172952492,62.64574853407956,-52.58358662613982,13.83431086268394,15.833163593346796,994663.25,11499644,325116.9,-14308.0,-4.111895989838088
2023-09-15,2195.8,2182.4,2206.15,2119.35,2191.574918469746,90.5,52.29226361031519,12.90194664452838,14.309360048055972,-1.4074134035275918,2334.3115345857623,2077.988465414238,2206.15,256.3230691715244,61.58944577049279,45.3315601203304,94.1052170708176,-44.07294832826748,21.32305358125761,44.8399871157256,957772.2,12058526,324936.25,-5188.0,-1.554885541482598
2023-09-18,2221.8,2188.9,2211.55,2127.8,2199.04397385358,86.42857142857143,59.63020030816641,17.77014920340116,15.00151787912501,2.76863132427615,2340.973783708724,2082.1262162912763,2211.55,258.84756741744786,71.99056144459279,54.21789389508452,107.5358965436093,-37.38601823708207,41.73533348417107,77.56493038201843,917258.2,12572738,324322.55,3080.0,0.9376807623222794
2023-09-19,2243.4,2193.6,2218.7,2136.2166666666667,2205.420738248477,79.64285714285714,50.3731343283582,21.062670875413914,16.213748478382794,4.848922397031121,2343.2338254620777,2094.166174537922,2218.7,249.0676509241557,77.2690699485691,61.90161924624605,108.0039713532152,-38.60182370820669,42.19759509264912,37.446780190384345,893932.8,12068036,324092.7,-4949.0,-1.4926858694013
2023-09-20,2251.2,2196.4,2217.85,2143.333333333333,2209.856858415289,79.85714285714286,49.72375690607735,22.285442317869183,17.42808724628007,4.857355071589112,2341.1643607977435,2094.5356392022563,2217.85,246.62872159548715,78.36456515089792,67.38926788113,100.31515969043376,-42.85714285714285,27.85097615404146,34.45772285877703,865432.65,11603586,323061.75,8661.0,2.6518596085131296
2023-09-21,2254.0,2210.4,2216.8,2149.0666666666666,2212.15620523288,73.57142857142857,40.123456790123456,21.553591541241985,18.253188105272457,3.300403435969528,2339.136206285915,2094.4637937140856,2216.8,244.67241257182923,74.82368859522227,69.86740811916076,84.73624954734527,-26.08695652173913,9.590610790426268,0.0,826116.55,11044547,323721.15,2638.0,0.7868473015134381
2023-09-22,2251.8,2223.8,2214.55,2154.983333333333,2214.5222809249867,67.92857142857143,54.39560439560439,20.973895445123617,18.79732957324269,2.1765658718809284,2333.4439819645104,2095.65601803549,2214.55,237.7879639290204,73.00073863337398,70.9118516238985,77.17851265232494,-24.782608695652176,7.048020481473624,73.16519844678211,808998.15,11702025,323814.15,-5180.0,-1.5329979283811743
2023-09-25,2228.6,2225.2,2211.45,2159.766666666667,2208.7582541702263,69.78571428571429,42.49422632794457,13.659616219445525,17.769786902483258,-4.110170683037733,2333.37918566036,2089.5208143396403,2211.45,243.85837132071904,56.910886687482304,66.24486331175977,38.242933438927366,-60.869565217391305,-35.43366287429503,12.153589529837438,786920.45,11227362,323467.95,-22073.0,-6.634106756431835
2023-09-26,2203.8,2223.6,2211.3,2164.3,2202.4003252016337,69.14285714285714,40.68181818181818,6.816125473179909,15.579054616622589,-8.76292914344268,2333.580264793235,2089.0197352067653,2211.3,244.56052958646976,41.98683389955468,58.15885350769141,9.642794683281238,-66.08695652173913,-58.11223951444576,2.862401872348721,757839.3,10790497,323066.75,-2559.0,-0.8237645945397776
2023-09-27,2180.6,2215.9,2205.0,2169.6833333333334,2196.07648470624,60.07142857142857,56.64556962025317,0.8981070768386417,12.6428651086658,-11.74475803182716,2329.249324894952,2080.750675105048,2205.0,248.49864978990357,30.88139601010775,49.06636767516352,-5.488547320003789,-73.14814814814815,-55.29414334811139,84.69949284383333,709657.3,10484075,323113.35,-1794.0,-0.5823011607073325
2023-09-28,2165.4,2209.7,2200.15,2175.133333333333,2192.4501528294554,59.0,58.35866261398176,-1.9937661063554517,9.715538865661552,-11.709304972017003,2323.752546388388,2076.5474536116126,2200.15,247.20509277677505,27.71669175240324,41.94980903424343,-0.7495428112771378,-73.11827956989248,-40.03305900445054,93.48154809638768,685858.05,10803479,322094.6,-17244.0,-5.629885012439029
2023-10-09,2150.4,2201.1,2191.75,2179.5666666666666,2189.550138274269,60.21428571428572,53.71621621621622,-3.9176694139141546,6.988897209746411,-10.906566623660568,2300.088407438569,2083.411592561431,2191.75,216.676814877138,28.653233098093388,37.51761705552675,10.924465183226673,-69.47368421052632,-40.22314345540024,69.68236094107664,658125.7,11238678,322627.9,14956.0,5.174191316381238
2023-10-10,2128.0,2178.3,2183.6,2180.2833333333333,2175.49774415291,65.92857142857143,35.42713567839195,-14.953004832497754,2.6005168012975783,-17.553521633795334,2310.649762318837,2056.550237681163,2183.6,254.09952463767425,21.510266932315748,32.18183368112308,0.1671334347010855,-92.98892988929887,-99.75692278872712,0.0,634377.15,10665297,322605.65,3129.0,1.0292560015262795
2023-10-11,2107.0,2155.4,2174.5,2181.116666666667,2162.307482805014,62.71428571428572,24.71264367816092,-23.827378680875427,-2.685062295137023,-21.142316385738404,2316.111031387164,2032.888968612836,2174.5,283.2220627743281,17.447522587645526,27.2703966499639,-2.1982255369912167,-92.1146953405018,-102.15498764834824,0.0,601834.6,10238278,322359.95,6798.0,2.2133589463916525
2023-10-12,2097.2,2138.9,2167.65,2181.4,2155.1353415854887,64.28571428571429,32.9923273657289,-26.520094617001632,-7.452068759509945,-19.068025857491687,2312.398456950269,2022.901543049731,2167.65,289.49691390053886,22.41182356906865,25.65087228966548,15.933726127874984,-73.14487632508833,-76.86401745417326,23.7120935330654,588524.2,10707185,322375.5,12464.0,3.9702739119493735
2023-10-13,2087.2,2126.3,2168.35,2181.883333333333,2150.6462614344896,63.42857142857143,31.77083333333333,-26.65233536904361,-11.29212208141668,-15.360213287626934,2311.7277124279185,2024.9722875720813,2168.35,286.7554248558372,30.868966123221465,27.39023690085081,37.82642456796276,-65.7243816254417,-52.24892619803624,20.213870431893685,551355.55,11166002,321741.05,2136.0,0.6544177795751782
2023-10-16,2079.2,2114.8,2169.3,2182.833333333333,2147.9180460597763,63.85714285714285,30.31914893617021,-25.33540336145188,-14.10077833742372,-11.23462502402816,2311.0976319303777,2027.5023680696224,2169.3,283.59526386075527,42.2167376493991,32.33240381703357,61.98540531413015,-60.7773851590106,-32.03628017318356,16.66320544104667,529654.0,11579008,321622.4,-9814.0,-2.987218939954284
2023-10-17,2092.8,2110.4,2167.8,2185.0,2144.306803577893,64.71428571428571,29.6875,-24.972161436855004,-16.27505495730998,-8.697106479545024,2311.5242974733947,2024.0757025266057,2167.8,287.44859494678894,47.44273738030115,37.3691816714561,67.58984879799128,-64.0,-36.96721901453084,14.78586911375319,518504.5,11108005,321619.45,3785.0,1.1875664770534478
2023-10-18,2120.2,2113.6,2168.6,2186.0,2147.134727046665,65.35714285714286,41.01382488479263,-19.297574043660006,-16.879558774579984,-2.4180152690800227,2312.272727514964,2024.9272724850357,2168.6,287.34545502992864,63.40237072916763,46.04691135735994,98.11328947278302,-32.083333333333336,-7.084462700933311,48.44906387803535,515832.9,11619308,323159.4,31251.0,9.690112370699278
2023-10-19,2158.8,2128.0,2171.95,2188.833333333333,2159.78856256603,71.85714285714286,54.406130268199234,-6.175916410316859,-14.738830301727358,8.5629138914105,2322.920858115101,2020.979141884898,2171.95,301.9417162302034,72.66372737876712,54.91918336449567,108.15281540731002,-8.813559322033898,58.09994827340837,88.25260024574702,513340.2,12606630,324548.5,21993.0,6.217014600500348
2023-10-20,2191.2,2139.2,2174.45,2191.233333333333,2170.284889940694,70.57142857142857,53.11909262759924,3.377244600539143,-11.115615321274058,14.4928599218132,2330.346693189363,2018.5533068106365,2174.45,311.7933863787266,77.70802164234192,62.51546279044442,108.09313934613692,-12.203389830508474,69.21727017275856,84.4273701552124,504872.05,12051263,326067.55,-11709.0,-3.1161842511470472
2023-10-23,2208.6,2143.9,2172.5,2192.6833333333334,2173.972043279676,69.78571428571429,55.42406311637082,5.957330924138205,-7.701026072191606,13.658356996329813,2325.471273533059,2019.5287264669407,2172.5,305.94254706611787,74.17822911749349,66.40305156612743,89.7285842202256,-32.88135593220339,34.709166644411454,91.27801864699464,504598.25,11497857,326120.85,-34503.0,-9.47783067198844
2023-10-24,2225.8,2159.3,2168.8,2194.366666666667,2176.069943919707,70.5,55.31496062992126,6.873839229816895,-4.786053011789907,11.6598922416068,2315.2838413938,2022.3161586062004,2168.8,292.96768278759987,70.35610754725555,67.72073689317014,75.62684885542637,-37.28813559322034,22.765018096956517,90.95375298377408,501394.05,11047729,325520.6,-9991.0,-3.031838706544965
2023-10-25,2236.2,2178.2,2166.8,2195.0666666666666,2180.8251873559257,72.57142857142857,58.45864661654135,9.906729335635646,-1.847496542304796,11.754225877940442,2308.717099596578,2024.882900403422,2166.8,283.8341991931559,69.5279003460954,68.3231247108119,71.93745161666237,-27.11864406779661,42.178456160283815,100.0,502776.45,11580079,325591.3,8470.0,2.6506438842729407
2023-10-26,2223.2,2191.0,2164.95,2193.0666666666666,2184.079931417266,72.35714285714286,55.47024952015355,11.292535209589005,0.7805098080739641,10.51202540151504,2303.105480680701,2026.7945193192984,2164.95,276.3109613614024,65.89738810951815,67.51454584371398,62.66307264112649,-30.847457627118644,37.495056596171615,91.14444130807269,499721.9,11176720,325257.95,580.0,0.1768211819581422
2023-10-27,2221.2,2206.2,2166.25,2191.3,2191.310414139431,72.78571428571429,58.718861209964416,15.839334282235086,3.7922747029061887,12.047059579328897,2307.593739272701,2024.906260727299,2166.25,282.687478545402,70.29522843664847,68.4414400413588,74.00280522722781,-15.59322033898305,54.56654017758184,100.0,495604.45,11653410,325185.45,7855.0,2.3904806829075254
2023-10-30,2247.8,2228.2,2171.5,2190.6833333333334,2205.661803269009,71.07142857142857,78.62595419847328,25.762446555308543,8.18630907338666,17.576137481921883,2330.5941462418755,2012.4058537581243,2171.5,318.18829248375096,76.06148061190099,70.98145356487287,86.22153470595723,-9.065934065934066,109.30450900584304,100.0,498091.25,12360624,327107.25,34706.0,10.31535146381335
2023-10-31,2275.6,2250.7,2180.55,2190.9,2217.979726767199,69.71428571428571,78.32699619771863,32.68497102503488,13.086041463716306,19.598929561318577,2355.276824379958,2005.8231756200423,2180.55,349.4536487599155,77.69178072539431,73.21822928504668,86.63888360608956,-10.989010989010987,94.26860976987489,99.38911433625957,497509.9,11897588,329804.25,-6569.0,-1.7698757395811948
2023-11-01,2297.8,2267.0,2190.3,2190.616666666667,2229.3149908846085,68.35714285714286,76.15062761506276,37.89566716484842,18.04796660394273,19.84770056090569,2377.3008162098968,2003.299183790104,2190.3,374.00163241979294,78.16992501434055,74.86879452814463,84.77218598673238,-13.312693498452012,87.60036289727158,94.9419600108911,500468.4,12393623,332723.45,1885.0,0.5170233716506711
2023-11-02,2324.4,2273.8,2200.9,2191.2833333333333,2240.6183250860745,67.57142857142857,75.64102564102564,42.42375482806574,22.923124248767333,19.50063057929841,2398.6653048173084,2003.1346951826915,2200.9,395.5306096346169,80.26862314871894,76.6687374016694,87.46839464281803,-10.884353741496598,73.95105701096928,93.90064805614402,504242.45,12775526,335910.95,3572.0,0.9746992948983736
2023-11-03,2344.4,2282.8,2211.0,2193.05,2251.98800841121,69.14285714285714,75.53648068669528,46.44520522143512,27.627540443300887,18.81766477813423,2419.86157591751,2002.13842408249,2211.0,417.72315183502,78.1155900356539,77.15102161299757,80.04472688096655,-19.41176470588235,82.63821831979485,93.6870226851702,525436.95,13518820,339820.0,-2813.0,-0.760179870501887
2023-11-06,2360.0,2303.9,2223.9,2195.5666666666666,2267.989150467285,70.78571428571429,80.1556420233463,53.85294891742024,32.87262213812476,20.980326779295478,2451.0849698512743,1996.715030148726,2223.9,454.3699397025482,83.45726835710259,79.25310386103257,91.86559734924263,-4.601226993865031,81.66303562052279,100.0,530386.45,14053009,344068.4,21743.0,5.920796446923049
2023-11-07,2378.8,2327.2,2243.25,2199.016666666667,2283.323517089449,71.42857142857143,77.77777777777777,59.76097661179665,38.25029303285914,21.51068357893751,2471.1242728140546,2015.3757271859452,2243.25,455.7485456281093,82.87129437314465,80.45916736506993,87.69554838929409,-17.5,86.2588611350681,91.20500101265668,533902.75,14696716,347094.45,-21318.0,-5.48057196624967
2023-11-08,2390.6,2344.2,2261.2,2201.5666666666666,2294.0546106999777,66.0,65.02590673575129,61.076257835462,42.81548599337972,18.260771842082285,2476.9001817826306,2045.499818217369,2261.2,431.4003635652616,78.88587380867595,79.93473617960527,76.78814906681731,-28.617363344051448,61.61716973753512,44.03969579795946,539435.2,14159048,349128.4,-13044.0,-3.5478817155166764
2023-11-09,2401.6,2363.0,2277.0,2207.7166666666667,2304.4303620618844,68.35714285714286,67.36292428198433,61.96912765074967,46.64621432485371,15.32291332589596,2485.13457185198,2068.8654281480203,2277.0,416.26914370395934,72.71940701576787,77.52962645832613,63.09896813065134,-26.366559485530548,56.47318910484718,48.50093868702003,539624.15,14631734,349865.65,-13470.0,-3.7985178166559552
2023-11-10,2398.2,2371.3,2288.75,2213.5333333333333,2308.103660913134,71.78571428571429,67.5392670157068,57.17614385759043,48.75220023140106,8.42394362618937,2482.7677691265635,2094.7322308734365,2288.75,388.035538253127,54.6098728764123,69.88970859768818,24.050201433860536,-45.65916398713826,45.80057464957465,49.21083360064805,548397.35,13997453,348994.6,-30030.0,-8.802785936648084
2023-11-13,2387.0,2373.5,2300.85,2217.8,2313.42712177855,71.92857142857143,71.53846153846153,54.44459081329114,49.89067834777908,4.553912465512063,2480.7520493725046,2120.947950627495,2300.85,359.80409874500947,46.29030284784076,62.02324001440572,14.824428514710831,-39.54248366013072,36.18977057336152,65.0919851334337,548282.2,14408156,348417.55,-3934.0,-1.26449638715318
2023-11-14,2369.2,2374.0,2312.35,2221.983333333333,2315.9578720853547,75.78571428571429,64.84375,49.76950405991329,49.86644349020592,-0.096939430292636,2468.7547044655403,2155.9452955344595,2312.35,312.8094089310807,36.09276003809539,53.37974668896894,1.5187867363482894,-47.38562091503268,31.784137661419734,37.9718510800835,561803.55,13666726,347585.3,-1319.0,-0.4293927299481082
2023-11-15,2365.0,2377.8,2322.4,2225.7,2321.5809318867496,76.5,69.6078431372549,48.33153575957567,49.55946194407988,-1.2279261845042058,2466.7393661881065,2178.0606338118937,2322.4,288.6787323762128,35.306819945075645,47.35543777433784,11.209584286551248,-35.947712418300654,30.87680507941723,50.79578889239309,555645.5,14054868,344496.6,-13878.0,-4.537384873422068
2023-11-16,2361.0,2381.3,2327.55,2230.7,2327.430366945154,75.57142857142857,66.57681940700809,47.29231232472876,49.10603202020966,-1.8137196954809056,2472.866315597914,2182.2336844020865,2327.55,290.63263119582734,37.103771436251975,43.93821566164255,23.43488298547082,-49.27536231884058,21.70506548070102,11.318453685316271,523855.6,14406392,339947.45,-7216.0,-2.471393686575496
2023-11-17,2349.6,2373.9,2328.35,2233.45,2323.4846177122827,75.78571428571429,42.74611398963731,38.201270461817785,46.925079708531285,-8.7238092467135,2472.5038286546514,2184.1961713453484,2328.35,288.30765730930307,27.917665805986164,38.59803237642376,6.556932665110978,-90.45454545454544,-16.880887811765085,0.0,525164.25,13824852,334822.15,-23232.0,-8.158305971590607
2023-11-20,2335.0,2361.0,2332.45,2237.0333333333333,2320.3908445968277,76.5,44.270833333333336,31.042177600997547,43.748499287024536,-12.706321686026987,2466.6305147043367,2198.269485295663,2332.45,268.36102940867386,25.058318084493923,34.084794279113815,7.005365695254142,-82.55319148936171,-36.79873196160408,4.075751349554938,515066.05,14176294,331123.85,-5963.0,-2.280018200380063
2023-11-21,2327.2,2348.2,2337.7,2239.35,2318.544097492368,76.57142857142857,45.40816326530612,25.87716550091409,40.17423252980245,-14.297067028888364,2456.7667216754166,2218.633278324583,2337.7,238.1334433508337,24.72441331419092,30.964667290806183,12.243905360960396,-78.29787234042553,-33.239700911333244,7.115965946616824,509065.4,14506409,327996.8,1434.0,0.5610987205070916
2023-11-22,2318.8,2341.9,2343.05,2242.85,2319.920850112142,77.78571428571429,48.18401937046004,24.088313678900704,36.9570487596221,-12.8687350807214,2449.9813109578413,2236.118689042159,2343.05,213.8626219156822,29.533256674869417,30.487530418827262,27.624709186953723,-64.68085106382979,-18.77893948318657,14.536150725886582,500297.25,14863396,323933.2,-10261.0,-3.9925448631149663
2023-11-23,2304.0,2332.5,2347.75,2243.516666666667,2318.880769149081,75.21428571428571,43.99999999999999,20.497750984401137,33.66518920457791,-13.167438220176775,2437.935481384955,2257.564518615045,2347.75,180.37096276991,30.319468413876912,30.43150975051048,30.095385740609785,-74.8936170212766,-38.46365243814895,3.351782490366712,493375.75,14598467,319254.25,-11727.0,-4.752718415517365
2023-11-24,2300.4,2325.0,2348.15,2243.733333333333,2314.0349816110734,73.5,31.2807881773399,14.180384189743563,29.768228201611045,-15.587844011867482,2436.7538492689096,2259.5461507310906,2348.15,177.20769853781894,23.45622218582785,28.10641389561627,14.155838766251009,-92.34042553191487,-84.33247033097072,0.0,489250.1,14204290,312945.3,-24745.0,-10.529070361166903
2023-11-27,2299.2,2317.1,2345.3,2243.7833333333333,2311.269745267162,73.28571428571429,32.60869565217391,10.425405827094435,25.899663726707725,-15.474257899613288,2438.294849885721,2252.3051501142795,2345.3,185.9896997714413,27.24085698464473,27.817894925292425,26.086781103349345,-76.29310344827586,-78.79934173898141,3.298520167627017,468313.4,14492770,304466.95,-8682.0,-4.128957393078458
2023-11-28,2301.4,2314.3,2344.15,2245.383333333333,2311.339293336956,72.28571428571429,39.70588235294117,9.518509322715545,22.62343284590929,-13.104923523193747,2438.243514514492,2250.0564854855083,2344.15,188.1870290289835,35.90948907201423,30.515092974199696,46.69828126764331,-64.65517241379311,-36.15743039812724,20.92792124379872,457928.1,14748100,296083.35,-4674.0,-2.3185788907132854
2023-11-29,2292.6,2305.7,2341.75,2247.7833333333333,2309.211741590579,73.07142857142857,36.5566037735849,6.864746997943257,19.471695676316088,-12.60694867837283,2439.0068493055724,2244.493150694428,2341.75,194.51369861114472,38.616276296765705,33.21548741505503,49.417854060187054,-74.56896551724138,-47.89180548266535,13.105117995567172,447070.2,14469223,286918.35,-13743.0,-6.979153441840391
2023-11-30,2292.4,2298.2,2339.75,2248.55,2309.096337629572,67.07142857142857,45.43080939947781,6.223027262034066,16.821961993459684,-10.59893473142562,2438.104621543434,2241.395378456566,2339.75,196.7092430868679,48.15797730129208,38.19631737713405,68.08129714960815,-61.95121951219512,-45.60031072243776,35.14863140551765,438608.0,14681882,277064.4,-10207.0,-5.572358220688756
2023-12-01,2307.2,2303.8,2338.85,2250.0,2312.230019760089,72.71428571428571,47.22222222222223,8.361588411825778,15.129887277132903,-6.768298865307125,2436.752798196689,2240.9472018033107,2338.85,195.80559639337844,54.46060762201907,43.61774745876238,76.14632794853244,-45.36585365853659,-4.473122351709526,41.593161962365606,420609.15,15065199,266084.75,-25327.0,-14.642846818720546
2023-12-04,2310.4,2304.8,2332.9,2249.516666666667,2311.160494068652,68.35714285714286,45.27845036319613,6.6711552566848695,13.4381408730433,-6.766985616358429,2424.2844395369293,2241.515560463071,2332.9,182.76887907385844,50.47872843463946,45.90474111738808,59.62670306914224,-57.48502994011976,-24.549135388358923,36.521622129579015,404821.25,14846768,253174.85,-16862.0,-11.421178829298697
2023-12-05,2325.4,2313.4,2330.8,2252.55,2318.383304157352,74.28571428571429,51.293103448275865,12.131116115116129,13.176735921457864,-1.0456198063417368,2414.49267087326,2247.1073291267403,2330.8,167.38534174651977,60.35316589520182,50.72088270999266,79.61773226562015,-19.897959183673468,48.48638143194841,56.69848584595129,394325.05,15280551,241782.7,9037.0,6.910289349727772
2023-12-06,2354.0,2323.3,2332.6,2256.1,2329.203941856652,75.42857142857143,54.89021956087824,19.860360478671737,14.51346083290064,5.346899645771096,2423.440287839382,2241.7597121606177,2332.6,181.6805756787644,69.25843243588167,56.90006595195566,93.9751654037337,-12.93103448275862,106.2481888330703,100.0,381569.0,15563098,231063.95,424.0,0.3032622145294095
2023-12-07,2367.8,2330.1,2331.3,2258.65,2333.7559473941137,73.07142857142857,59.91285403050109,21.302242980276333,15.87121726237578,5.431025717900553,2418.5723504776843,2244.027649522316,2331.3,174.54470095536817,67.2929779457602,60.3643699498905,81.15019393749961,-36.63793103448276,73.46050965081838,100.0,371962.3,15282546,219678.25,-26809.0,-19.11692349379979
2023-12-08,2365.4,2336.3,2330.65,2262.583333333333,2333.398238118484,75.07142857142857,53.89221556886227,18.43987464984957,16.384948739870538,2.0549259099790333,2417.748915335592,2243.5510846644083,2330.65,174.1978306711835,56.62669117952641,59.1184770264358,51.64311948570764,-56.89655172413793,18.57548343568749,78.97239237812768,346881.7,15149877,208931.05,-17260.0,-15.216701343583594
2023-12-11,2353.2,2331.8,2324.45,2264.866666666667,2324.503167821485,78.5,44.75043029259897,8.80765017843396,14.869489027583224,-6.0618388491492645,2418.896810427908,2230.003189572092,2324.45,188.89362085581612,40.12211769011663,52.78635724766274,14.793638575024415,-92.88702928870292,-86.45186059959023,47.04390589326589,334697.6,14982856,199821.25,28814.0,29.96214957158305
2023-12-12,2335.6,2330.5,2322.4,2267.516666666667,2322.0742946956293,78.42857142857143,47.20394736842106,5.867216188824386,13.069034459831457,-7.20181827100707,2417.2048410933858,2227.5951589066144,2322.4,189.60968218677132,37.34779952004986,47.64017133845845,16.763055883232695,-68.20083682008368,-45.242856563882775,55.613029366245065,308061.4,15191562,191607.65,16605.0,13.285913171496698
2023-12-13,2299.2,2326.6,2316.15,2269.05,2315.2100761531883,79.64285714285714,45.33965244865719,-0.4122374063263123,10.372780086599905,-10.785017492926215,2412.8171445844487,2219.4828554155515,2316.15,193.3342891688972,28.66422338993561,41.3148553556175,3.3629594585718365,-88.7029288702929,-56.36054267241221,49.1018159270023,298762.75,14989393,183919.4,-3371.0,-2.380868300055794
2023-12-14,2267.6,2317.7,2307.95,2269.15,2306.047211757647,80.78571428571429,46.06741573033708,-7.800273842341085,6.738169300811706,-14.53844314315279,2408.486403461922,2207.413596538078,2307.95,201.07280692384396,19.9126951113627,34.180801940865905,-8.623518547643705,-97.59036144578312,-75.21735491832307,49.29183273726575,291187.55,14789373,176698.85,2138.0,1.5468541992244011
2023-12-15,2243.2,2304.3,2304.05,2268.95,2296.7093820664422,79.07142857142857,43.76012965964343,-14.377222345289283,2.515090971591509,-16.89231331688079,2413.800866199701,2194.299133800299,2304.05,219.5017323994025,14.778889472738044,27.71349778482329,-11.09032715143244,-95.48872180451129,-85.48505547401884,30.84196224488321,271830.75,14594969,170644.0,82.0,0.0584237000726739
2023-12-18,2232.4,2292.8,2298.8,2267.9166666666665,2286.165631393448,80.85714285714286,39.70588235294118,-21.121244991812542,-2.2121762210893023,-18.909068770723245,2420.566990600926,2177.033009399074,2298.8,243.53398120185196,15.307138436370815,23.578044668672465,-1.234674028232483,-83.63636363636364,-106.8858402901631,13.483665163348393,265344.05,14373261,164770.6,-2334.0,-1.6619670170041845
2023-12-19,2205.8,2270.7,2292.05,2266.1833333333334,2274.7212855464527,77.21428571428571,39.90147783251232,-27.759767065392225,-7.321694389949887,-20.43807267544234,2427.5016421769305,2156.59835782307,2292.05,270.9032843538607,13.802642555464145,20.319577297603026,0.7687730711863736,-89.6969696969697,-94.4601751151406,0.9679603786862846,256702.85,14215970,159225.3,7996.0,5.78992338995814
2023-12-20,2189.0,2244.1,2283.7,2264.516666666667,2264.3668773991712,76.71428571428571,37.96610169491525,-32.64453772628349,-12.386263057216608,-20.25827466906688,2428.7707268523877,2138.6292731476124,2283.7,290.1414537047749,13.511013921640227,18.05005617228209,4.432929420356494,-89.6969696969697,-84.44780743972615,0.0,247165.3,14215970,154581.05,7760.0,5.311503237552873
2023-12-21,2177.2,2222.4,2276.25,2262.983333333333,2254.4271747897265,70.42857142857143,33.80782918149467,-36.57825220161112,-17.224660886095513,-19.353591315515608,2430.8413118005574,2121.6586881994426,2276.25,309.1826236011148,14.855295830801088,16.98513605845509,10.595615375493082,-90.96385542168674,-79.97059156769893,0.0,241878.0,14056787,150599.4,1525.0,0.9911736796266668
2023-12-22,2161.6,2202.4,2269.35,2261.25,2242.576967666895,73.57142857142857,34.48275862068965,-41.63653844636474,-22.10703639814936,-19.529502048215377,2437.23877897367,2101.46122102633,2269.35,335.77755794734003,12.08932290359417,15.353198340168117,5.561572030446278,-96.51162790697674,-71.54947186961225,2.5854387923353057,237837.95,13743411,147981.0,2520.0,1.6217990385048564
2023-12-25,2140.2,2186.3,2259.05,2258.616666666667,2226.9982088414763,68.21428571428571,20.15503875968992,-49.19346882676882,-27.524322883873253,-21.669145942895568,2446.976609415279,2071.123390584721,2259.05,375.853218830558,8.79376299299817,13.166719891111468,0.0478491967715761,-98.71134020618555,-94.5285366315712,0.0,234060.65,13530477,147107.6,26218.0,16.60386439776318
2023-12-26,2124.0,2164.9,2247.7,2257.4666666666667,2213.474569904193,64.14285714285714,13.626834381551362,-54.074898967236095,-32.834438100545825,-21.24046086669027,2449.0983745296003,2046.3016254704,2247.7,402.7967490592007,8.90664869244018,11.746696158221038,3.226553760878467,-94.76439790575915,-85.91040948722512,0.0,229746.45,13699523,146426.95,-819.0,-0.4448161806637984
2023-12-27,2107.6,2148.3,2237.45,2256.5,2201.143658484746,60.21428571428572,15.36643026004728,-57.362915185924976,-37.74013351762166,-19.62278166830332,2450.5261909691044,2024.3738090308957,2237.45,426.1523819382089,9.398603682027517,10.963998666156533,6.267813713769485,-94.24242424242424,-74.43662330063975,4.320326362746888,222539.5,13564785,146565.7,2645.0,1.4429738900830325
2023-12-28,2098.4,2137.8,2227.75,2256.133333333333,2192.84426243858,58.57142857142857,23.399014778325125,-56.89212544061365,-41.57053190222006,-15.321593538393593,2444.926983369028,2010.573016630972,2227.75,434.35396673805553,17.011349823106062,12.979782385139709,25.074484699038777,-79.23728813559322,-59.62543533546357,29.10369453322317,221671.2,13760078,147018.65,-3923.0,-2.109740947689398
2023-12-29,2094.8,2128.2,2216.25,2255.366666666667,2185.144808873001,53.21428571428572,29.874213836477992,-56.03447392573298,-44.46332030692265,-11.571153618810335,2432.3093242120217,2000.1906757879783,2216.25,432.1186484240434,21.64791742593036,15.869160732069926,33.205430813651226,-80.08474576271186,-51.53549869533763,48.38825619486748,209428.25,13621620,148781.3,867.0,0.4763108161561113
2024-01-02,2105.0,2122.6,2207.7,2254.833333333333,2179.8929223136674,53.57142857142857,19.494584837545133,-53.28805779383811,-46.22826780430574,-7.059789989532369,2423.171185031678,1992.2288149683216,2207.7,430.9423700633563,28.68633091553252,20.14155079322412,45.775891160149314,-72.45762711864407,-40.60777548130688,18.087685892267174,209890.5,13849296,151167.05,-4400.0,-2.405804550251245
2024-01-03,2124.8,2124.4,2197.55,2257.2,2180.2840725695087,54.785714285714285,38.29787234042553,-46.22134364156864,-46.22688297175832,0.0055393301896842,2395.9037244419897,1999.196275558011,2197.55,396.7074488839787,45.22071183842518,28.50127114162447,78.6595932320266,-45.662100456621005,-12.603793075961187,76.04992553500473,201436.8,14114005,152654.65,-8926.0,-5.000812365889596
2024-01-04,2139.8,2123.7,2183.9,2259.233333333333,2178.2570180390794,54.85714285714285,39.130434782608695,-42.152307269943776,-45.411967831395415,3.259660561451639,2349.128900237499,2018.6710997625016,2183.9,330.4578004749972,49.85364017739876,35.61872748688256,78.32346555843117,-48.63387978142077,-5.177610324570825,84.63594892523858,198784.05,13884513,153656.75,-9286.0,-5.476365995341014
2024-01-05,2149.2,2123.8,2173.1,2260.4666666666667,2176.613492511548,54.35714285714285,41.19850187265918,-38.32440347713282,-43.994454960542896,5.670051483410077,2311.193637187194,2035.0063628128064,2173.1,276.1872743743877,53.36154628178785,41.53300041851766,77.01863800832822,-39.62264150943396,-11.302567344993273,100.0,194677.95,14082943,156175.15,3517.0,2.194298691656416
2024-01-08,2136.4,2115.6,2159.0,2259.4666666666667,2164.364588462829,57.0,30.72625698324022,-43.902833229464704,-43.97613061432726,0.0732973848625562,2286.846947970113,2031.1530520298863,2159.0,255.6938959402271,35.57436418785857,39.5467883416313,27.629515880313107,-100.0,-64.61138872403289,62.01809378124707,201280.95,13818214,160033.35,9536.0,5.821875992087722
2024-01-09,2125.4,2115.2,2150.75,2258.6833333333334,2155.853675275893,57.5,37.53424657534247,-45.61923450859104,-44.30475139318002,-1.314483115411015,2277.881717852865,2023.6182821471348,2150.75,254.26343570573044,29.90932111613158,36.334299266464726,17.059364815465287,-81.4207650273224,-69.75718204223247,86.71007004382861,202120.45,14002025,161805.8,-12901.0,-7.4429418687836035
2024-01-10,2102.4,2113.6,2139.25,2258.0,2147.581896678189,57.21428571428572,36.92722371967656,-46.92274850780859,-44.82835081610573,-2.0943976917028597,2250.540752441332,2027.9592475586685,2139.25,222.58150488266324,25.039729560116864,32.569442697682106,9.980303284986377,-84.69945355191257,-63.43589790805903,84.50845182156588,201625.95,13803209,162885.3,2746.0,1.711639271711829
2024-01-11,2084.2,2112.0,2130.15,2256.233333333333,2140.0026684231234,58.142857142857146,37.43169398907104,-47.4890600626627,-45.36049266541713,-2.1285673972455754,2232.734034871597,2027.5659651284036,2130.15,205.16806974319368,23.895833107079586,29.6782395008146,12.331020319609564,-78.39195979899498,-70.08540677220802,86.33812088150641,203647.9,13560601,164436.3,6059.0,3.713145847760413
2024-01-12,2057.6,2103.4,2120.6,2252.0333333333333,2129.335747620921,55.142857142857146,36.43617021276596,-50.582448773016495,-46.404883886937,-4.177564886079495,2223.916376650662,2017.2836233493376,2120.6,206.63275330132456,17.07998069207605,25.478819897901747,0.282302280424652,-96.55172413793105,-80.2255872955162,82.72744417279395,205032.65,13332886,166693.5,16262.0,9.60906662884966
2024-01-15,2063.2,2099.8,2114.0,2248.8,2124.256152609405,55.07142857142857,49.59785522788203,-48.600545924740345,-46.84401629449767,-1.7565296302426745,2210.4441480040223,2017.555851995978,2114.0,192.88829600804436,20.417852481088467,23.79183075896399,13.66989592533742,-72.9064039408867,-55.89362930396863,100.0,205888.2,13544401,168720.7,-4518.0,-2.435605774725336
2024-01-16,2063.2,2094.3,2108.45,2246.5666666666666,2119.5650904561285,55.92857142857143,48.641304347826086,-46.57369274247594,-46.78995158409333,0.2162588416173889,2200.1049019564307,2016.795098043569,2108.45,183.30980391286172,22.4788967279506,23.35418608195953,20.72831801993276,-73.39901477832512,-31.27181233600458,97.20563522858087,203893.45,13362588,170576.75,-5757.0,-3.1810144767377646
2024-01-17,2058.2,2080.3,2102.35,2244.0333333333333,2112.3684151745924,57.5,44.97487437185929,-46.92788249719797,-46.81753776671426,-0.1103447304837104,2194.1169244393877,2010.5830755606123,2102.35,183.53384887877476,19.777597818633733,22.16198999418426,15.008813467532676,-88.66995073891626,-57.12066538110543,84.64292817332331,204584.15,13191483,172484.6,9032.0,5.154574456549654
2024-01-18,2057.0,2070.6,2097.15,2241.3,2107.5714232532027,57.142857142857146,43.26424870466321,-45.234693473151765,-46.50096890800177,1.2662754348500016,2185.451576549144,2008.848423450856,2097.15,176.60315309828843,23.779380457900523,22.70112014875635,25.93590107618888,-79.80295566502463,-52.05498363362088,78.96040383289419,206644.7,13398930,173556.0,-8969.0,-4.867710509891188
2024-01-19,2066.4,2062.0,2092.9,2238.9666666666667,2104.469382943374,57.0,45.34005037783376,-42.35558875661218,-45.671892877723856,3.3163041211116777,2176.522963353447,2009.2770366465531,2092.9,167.24592670689344,36.78315286340654,27.395131053639744,55.55919648294014,-73.39901477832512,-29.434061734834817,85.8560056936039,206680.65,13558832,174508.95,-844.0,-0.4814988076629056
2024-01-22,2060.8,2062.0,2088.8,2235.4333333333334,2099.0913464725763,56.42857142857143,39.90147783251232,-41.77104131480337,-44.89172256513976,3.120681250336389,2172.804009929423,2004.795990070577,2088.8,168.0080198588455,34.98721818800746,29.92582676509565,45.11000103383108,-86.69950738916256,-43.5312733122854,48.61920400344052,205804.55,13262978,175589.2,5066.0,2.904117127755934
2024-01-23,2049.6,2056.4,2085.8,2230.05,2091.463599189474,53.642857142857146,28.346456692913375,-43.15042960039728,-44.54346397219126,1.3930343717939877,2175.378192835037,1996.2218071649631,2085.8,179.1563856700741,24.774087487657148,28.20858033928282,17.905101784405815,-98.08612440191388,-68.6470061018792,0.0,204684.95,13072436,176271.8,18265.0,10.175033981772398
2024-01-24,2057.8,2058.0,2085.8,2225.883333333333,2090.848018314286,54.92857142857143,41.23222748815166,-38.47444686574363,-43.329660550901735,4.855213685158105,2175.378192835037,1996.2218071649631,2085.8,179.1563856700741,43.24278505183149,33.219981910132375,63.2883913352297,-51.891891891891895,-34.74934688681325,60.63493079777814,216207.05,13471924,177160.3,3299.0,1.6680740040349251
2024-01-25,2065.4,2061.2,2086.6,2221.9333333333334,2091.719635617688,54.92857142857143,42.98850574712643,-33.175891197673536,-41.2989066802561,8.123015482582566,2176.396026169322,1996.803973830678,2086.6,179.59205233864395,57.96017602895208,41.466713283072274,90.94710152071173,-32.467532467532465,10.50144958602643,68.89922576210654,224375.35,13770028,178092.8,3525.0,1.7531033659584638
2024-01-26,2068.8,2067.6,2085.5,2217.6666666666665,2091.7463369874317,49.21428571428572,56.66666666666667,-29.284704948357103,-38.89606633387631,9.611361385519205,2174.417466166585,1996.5825338334148,2085.5,177.8349323331704,65.53087365515573,49.48810007376676,97.61642081793366,-19.327731092436974,5.005828823334322,100.0,224064.1,13580960,178571.0,-13009.0,-6.358353250536419
2024-01-29,2085.8,2073.3,2086.55,2213.883333333333,2095.6752572743426,51.71428571428572,58.43023255813954,-22.631670651048807,-35.64318719731081,13.011516546262,2177.262907455111,1995.8370925448896,2086.55,181.42581491022133,70.08416625179939,56.3534554664443,97.54558782250956,-20.809248554913296,57.20057505129688,100.0,230713.5,13852406,178621.6,-7685.0,-4.011211558135164
2024-01-30,2105.0,2077.3,2085.8,2208.8,2097.5157089625004,52.85714285714285,56.46067415730337,-18.597166051720706,-32.23398296819279,13.636816916472084,2175.239423781283,1996.3605762187171,2085.8,178.87884756256585,69.65148655707628,60.786132496654965,87.38219467791892,-31.213872832369944,40.47610736351498,93.45308777176211,227510.7,13688786,178550.95,-6825.0,-3.711195575928616
2024-01-31,2104.4,2081.1,2080.7,2203.016666666667,2096.038022394643,51.5,51.80412371134021,-17.85677451604579,-29.358541277763397,11.501766761717604,2157.2687857248675,2004.131214275132,2080.7,153.13757144973533,63.00465192437071,61.525638972560216,65.96267782799168,-50.28901734104046,10.495569204701528,77.97447741771522,222848.65,13517318,178823.35,-2065.0,-1.1661527688363371
2024-02-01,2106.0,2085.7,2078.15,2198.2166666666667,2097.1772583570582,51.142857142857146,60.6951871657754,-14.999125597598775,-26.486658141730477,11.487532544131696,2146.71813745244,2009.581862547561,2078.15,137.1362749048783,63.583062747268336,62.21144689746292,66.32629444687916,-35.26011560693642,27.79884165821255,100.0,221107.6,13711989,179260.35,-5994.0,-3.424888436858975
2024-02-02,2110.4,2089.6,2075.8,2193.4,2098.7794242278146,50.21428571428572,55.722891566265055,-12.110664187446671,-23.61145935087372,11.500795163427044,2134.993171725798,2016.606828274202,2075.8,118.38634345159608,65.12473932669526,63.1825443738737,69.00912923233841,-31.791907514450862,55.31070634693974,84.62908581935943,220574.45,13899756,179686.45,3299.0,1.9518515669835867
2024-02-05,2111.2,2098.5,2080.25,2189.9666666666667,2102.419479063261,49.71428571428572,58.75706214689266,-7.874853519236694,-20.46413818454631,12.589284665309616,2143.8602441270823,2016.6397558729172,2080.25,127.22048825416482,70.58412294226699,65.64973723000479,80.45289436679138,-18.4971098265896,91.33231463832198,94.00865199174146,215519.1,14063378,179713.05,1546.0,0.8971784723592391
2024-02-06,2117.8,2111.4,2083.9,2186.366666666667,2106.760481057236,48.785714285714285,65.5688622754491,-3.588963639366284,-17.089103275510304,13.50013963614402,2154.2611735039595,2013.5388264960409,2083.9,140.72234700791887,73.65864606407543,68.31937350802833,84.33719117616963,-12.13872832369942,93.16155538390434,100.0,213412.95,14205066,180607.55,4457.0,2.563497906409617
2024-02-07,2133.4,2118.9,2088.45,2183.366666666667,2111.8309114327376,49.92857142857143,64.9390243902439,0.767092119955123,-13.51786419641722,14.284956316372345,2166.14163065412,2010.75836934588,2088.45,155.3832613082402,76.17129110824402,70.9366793747669,86.64051457519827,-11.827956989247312,88.96205246557506,98.3079065542698,213576.5,14407153,181013.15,-7032.0,-3.9434502946932737
2024-02-08,2141.6,2123.8,2092.5,2179.6,2115.37082462962,51.285714285714285,61.34969325153374,3.2937216508198617,-10.155547026969804,13.449268677789664,2174.0520498952487,2010.9479501047515,2092.5,163.10409979049723,74.71248467045328,72.1952811399957,79.74689173136844,-17.741935483870968,78.80474417452463,88.66497487767168,207689.45,14282286,180659.1,-9134.0,-5.332508217106757
2024-02-19,2151.0,2130.7,2099.15,2175.9,2119.71646037918,52.57142857142857,68.16720257234726,6.193004369864411,-6.885836747602959,13.07884111746737,2180.2458497218995,2018.054150278101,2099.15,162.1916994437986,69.93410927715753,71.4415571857163,66.91921346004,-27.63157894736842,98.86072873224929,100.0,205497.45,14466161,180098.0,12121.0,7.474946810150773
2024-02-20,2152.0,2131.6,2102.45,2173.5,2121.838702247829,53.21428571428572,70.43189368770764,6.8782771056417005,-4.133013976954028,11.01129108259573,2184.938850921365,2019.9611490786344,2102.45,164.977701842731,62.76529717009664,68.54947051384309,51.19695048260374,-35.96491228070175,51.3068858615156,100.0,203400.35,14296588,180493.5,14614.0,8.38554935848883
2024-02-21,2150.8,2134.3,2105.8,2171.016666666667,2123.7588258432743,50.5,62.12765957446808,7.336786774918437,-1.8390538265795349,9.175840601497972,2189.0335964557507,2022.5664035442496,2105.8,166.4671929115009,57.98608909872271,65.02834337546963,43.90158054522885,-51.57232704402516,49.49033500643405,69.74049220446327,203481.25,14296588,181187.95,222.0,0.117528720419302
2024-02-22,2154.0,2143.7,2112.4,2168.9333333333334,2128.7341757629624,50.285714285714285,64.96062992125985,10.324658603839907,0.5936886595043533,9.730969944335554,2195.933541955253,2028.866458044747,2112.4,167.06708391050597,60.80191487700395,63.61953387598108,55.1666768790497,-30.18867924528302,62.93324693266664,70.62845540078581,202461.7,14447302,181636.45,4113.0,2.174901645585692
2024-02-23,2158.0,2149.8,2117.75,2166.2,2132.5690161664897,49.57142857142857,65.21739130434783,11.989519340415882,2.872854795686659,9.116664544729222,2201.398072303017,2034.1019276969823,2117.75,167.29614460603466,57.49889563228835,61.57932112808351,49.33804464069806,-34.59119496855346,63.37673003438439,72.00683501044237,197698.5,14335119,182298.5,-4698.0,-2.4313624013455826
2024-02-26,2153.4,2152.2,2120.9,2163.35,2133.086252722062,48.21428571428572,51.02880658436214,10.684330238412258,4.4351498842317785,6.24918035418048,2202.4892149736147,2039.3107850263852,2120.9,163.17842994722923,46.29719885810374,56.48528037142359,25.921035831464053,-54.088050314465406,15.514340703463816,0.0,200886.0,14111467,182574.05,-8574.0,-4.54788969219263
2024-02-27,2157.8,2154.9,2126.7,2161.616666666667,2136.0304191294845,46.642857142857146,59.7609561752988,11.614061509053954,5.870932209196214,5.74312929985774,2202.7750322137704,2050.6249677862293,2126.7,152.1500644275411,46.49901752782137,53.15652609022285,33.18400040301843,-37.735849056603776,41.16489604952169,45.003918935307205,193490.75,14259416,182739.25,2859.0,1.5887481731341024
2024-02-28,2154.0,2152.4,2131.9,2158.9166666666665,2134.7894268314385,48.285714285714285,57.91505791505792,8.939474196775791,6.48464060671213,2.454833590063661,2188.772525972886,2075.0274740271143,2131.9,113.7450519457716,34.539168027397146,46.95074006928095,9.716023943629535,-63.52201257861636,12.796848865733052,35.49049331180113,196265.95,14013370,182711.2,14400.0,7.87694462070323
2024-02-29,2136.4,2145.2,2132.05,2155.1833333333334,2130.33329094273,47.21428571428572,46.26865671641792,3.950102664970018,5.9777330183637085,-2.0276303533936906,2188.4152561891933,2075.684743810807,2132.05,112.73051237838628,23.509203805704377,39.13689464808876,-7.746177879064376,-95.1048951048951,-64.42132084182785,0.0,186639.9,13806403,183001.75,9671.0,4.903859805691346
2024-03-01,2138.4,2148.2,2136.0,2153.35,2134.968215614851,51.285714285714285,59.20679886685552,7.255294739311012,6.23324536255317,1.0220493767578418,2193.958242681666,2078.041757318334,2136.0,115.91648536333196,46.67280253713625,41.64886394443792,56.72067972253291,-32.608695652173914,27.869756844548345,53.54473891809465,191231.0,14196329,182303.9,-16243.0,-7.851297593325701
2024-03-04,2149.4,2151.4,2141.05,2151.4333333333334,2140.495052222961,51.0,58.13953488372093,10.878960384571656,7.162388366956868,3.716572017614788,2200.448653183468,2081.6513468165326,2141.05,118.79730636693512,62.12969444504735,48.47580744464106,89.43746844585993,-22.463768115942027,87.20482722148282,49.12784732197822,191364.8,14388073,182473.6,4342.0,2.277591271506507
2024-03-05,2155.2,2156.5,2144.05,2148.95,2145.495523439821,52.285714285714285,56.75675675675676,13.594037908527298,8.448718275270954,5.145319633256344,2207.6489903925926,2080.451009607408,2144.05,127.19798078518488,63.711462963364895,53.55435928421568,84.02567032166331,-33.125,104.34578844406025,43.405194646729626,189847.75,14388073,182345.1,-13649.0,-7.000133345642157
2024-03-06,2170.6,2162.3,2148.3,2147.266666666667,2150.686425969362,49.285714285714285,56.09756097560975,16.12472214628724,9.983919049474212,6.140803096813029,2215.009424884574,2081.5905751154264,2148.3,133.41884976914753,66.22430864224326,57.77767573689154,83.11757445294668,-28.75,75.05953148854448,40.67710079932728,189523.25,14545203,182245.9,-6239.0,-3.440631324689936
2024-03-07,2189.6,2163.0,2153.35,2143.866666666667,2153.763909210375,48.285714285714285,55.08982035928143,16.567569088733762,11.300649057326122,5.26692003140764,2213.9375616904017,2092.762438309598,2153.35,121.1751233808036,64.35787242816218,59.97107463398175,73.13146801652304,-39.375,61.14098177199927,36.50654774997509,187407.85,14416043,182194.0,-1119.0,-0.6390852913292333
2024-03-08,2193.8,2166.1,2157.95,2140.0,2158.1673464284345,46.142857142857146,55.75221238938053,18.08185009391309,12.656889264643516,5.424960829269574,2218.007779197322,2097.892220802677,2157.95,120.11555839464565,66.65524828544146,62.19913251780165,75.56747982072106,-28.75,57.41926474613939,39.24786933236958,184834.05,14559238,182466.15,487.0,0.2799252766201965
2024-03-11,2191.4,2170.4,2161.3,2136.733333333333,2160.3418848638216,45.285714285714285,55.75221238938053,17.546522105447366,13.634815832804286,3.91170627264308,2218.4391652943523,2104.160834705648,2161.3,114.2783305887042,64.22849885696097,62.87558796418809,66.9343206425067,-40.625,35.22977052366805,50.04849072614857,182521.1,14417730,182166.85,-8130.0,-4.660040581903225
2024-03-12,2184.2,2169.7,2162.3,2133.85,2160.023610114886,44.57142857142857,52.06611570247934,15.012615309864032,13.910375728216234,1.1022395816477977,2218.3379570611555,2106.262042938845,2162.3,112.07591412231068,57.61066590464065,61.12061394433894,50.59076982524405,-55.625,8.68208252847839,30.59549416959128,183072.45,14243081,181745.85,-888.0,-0.5338720150061316
2024-03-13,2166.6,2168.6,2160.5,2131.7166666666667,2155.449932961088,44.92857142857143,41.44385026737968,9.266533173040898,12.981607217181168,-3.7150740441402696,2220.6349359883657,2100.3650640116343,2160.5,120.26987197673134,43.64820074984429,55.29647621284072,20.351649823851417,-83.75,-64.77559690560658,0.0,183706.55,14088711,181326.7,4494.0,2.716326974686289
2024-03-14,2151.8,2170.7,2157.95,2128.55,2151.026129821936,45.285714285714285,41.89189189189189,4.419699212019623,11.26922561614886,-6.849526404129236,2222.3483491126144,2093.551650887385,2157.95,128.7966982252292,30.71917087026657,47.10404109864934,-2.050569586498966,-85.625,-78.63287218279308,2.446028465220062,181109.6,13938563,181603.75,6892.0,4.055596747048917
2024-03-15,2135.8,2164.8,2156.5,2126.383333333333,2148.071260315085,43.21428571428572,47.42857142857144,1.4494481119372722,9.30527011530654,-7.855822003369269,2223.017904198468,2089.982095801532,2156.5,133.03580839693586,24.64611391351105,39.61806537026991,-5.297789000006659,-78.75,-60.138366398189326,32.672853404228874,181214.15,14065521,182314.0,-470.0,-0.2657920036192918
2024-03-18,2105.4,2148.4,2149.9,2123.2166666666667,2136.731140285077,48.21428571428572,33.73493975903615,-8.153448882280372,5.813526315789159,-13.96697519806953,2237.4175771819523,2062.382422818048,2149.9,175.03515436390444,18.148955667426616,32.46169546932215,-10.476523936364458,-95.59471365638768,-133.33136791539255,0.0,183847.05,13828988,182826.1,8158.0,4.6257654797006165
2024-03-19,2074.8,2129.5,2143.0,2119.8166666666666,2124.0900793055457,47.57142857142857,35.08771929824562,-17.57847132638517,1.1351267873542934,-18.713598113739465,2252.211528213585,2033.788471786415,2143.0,218.4230564271702,12.415259544477143,25.779550161040483,-14.31332168864953,-99.18032786885246,-128.25656187932708,5.310878697480653,185037.3,13635610,182757.55,3001.0,1.6263995924516772
2024-03-20,2051.8,2109.2,2135.75,2116.6666666666665,2111.986262228827,48.0,37.73584905660377,-25.320828268902005,-4.156064223896967,-21.16476404500504,2263.0025462469257,2008.4974537530743,2135.75,254.5050924938514,10.194243826111608,20.58444804939753,-10.58616462046023,-95.0381679389313,-116.2474649934083,15.70717426094515,186886.05,13415204,183010.6,6654.0,3.548440424703636
2024-03-21,2032.2,2092.0,2127.5,2114.083333333333,2102.3685229689386,43.142857142857146,21.42857142857143,-29.981411876071437,-9.32113375433186,-20.660278121739573,2264.7657813763235,1990.2342186236765,2127.5,274.531562752647,11.061565394342969,17.410153831046006,-1.6356114790631082,-89.69465648854961,-94.54053528557424,0.0,187014.1,13568479,182746.6,-6228.0,-3.2074490274137
2024-03-22,2004.8,2070.3,2118.2,2111.0333333333333,2091.000092209992,43.57142857142857,15.90909090909092,-35.52481599136263,-14.561870201738014,-20.962945789624616,2268.236627107168,1968.1633728928325,2118.2,300.07325421433484,8.296035915737095,14.372114525943037,-3.856121304674786,-97.76951672862454,-91.6212967336365,0.0,189049.9,13415580,182903.45,3719.0,1.978770384953044
2024-03-25,1998.2,2051.8,2111.1,2108.3,2081.952464380469,43.35714285714285,19.314641744548283,-38.42606062879759,-19.33470828714993,-19.091352341647656,2270.348101699041,1951.8518983009587,2111.1,318.4962033980821,13.42958476530972,14.057937939065264,12.172878417798628,-81.27340823970037,-85.82953200715272,8.473949940917356,187360.8,13605450,182805.6,-13668.0,-7.131229651890814
2024-03-26,1998.8,2036.8,2103.25,2106.25,2074.814134439472,44.85714285714285,20.307692307692307,-39.38371884184448,-23.344510398088843,-16.03920844375564,2266.935031306152,1939.564968693848,2103.25,327.3700626123036,19.598780768496184,15.904885548875573,26.98657120773741,-77.15355805243446,-56.353967130758654,11.039801188211054,191656.0,13839303,181997.0,-11356.0,-6.379918649857297
2024-03-27,1992.6,2022.2,2095.4,2104.366666666667,2064.450883540475,46.785714285714285,18.911174785100272,-42.955858822529535,-27.26678008297698,-15.689078739552556,2269.8047319493594,1920.9952680506408,2095.4,348.8094638987186,16.556255241824683,16.122008779858607,17.42474816575683,-92.42424242424242,-67.91306015358016,7.534760742816002,186853.3,13689311,180029.85,-8771.0,-5.263442150744124
2024-03-28,1984.6,2008.4,2089.55,2102.4666666666667,2055.550799393763,45.642857142857146,16.023738872403555,-44.866158137054754,-30.78665569379254,-14.079502443262214,2272.632926278638,1906.467073721362,2089.55,366.1658525572759,16.593059050105346,16.27902553660752,17.221126077100998,-89.95983935742971,-68.63928155204583,0.28774844704211,182178.8,13802788,176863.5,-14313.0,-9.066377819584591
2024-03-29,1984.4,1994.6,2079.7,2100.766666666667,2048.5459613562616,45.21428571428572,19.75683890577507,-44.97404326225751,-33.624133207485535,-11.349910054771977,2263.714987947956,1895.6850120520437,2079.7,368.0299758959127,22.0712136786635,18.209754917292845,29.794131201404817,-85.48387096774194,-58.71070494321412,10.641771602257878,167323.4,13895606,173792.0,-14346.0,-9.99331271420212
2024-04-01,1959.8,1979.0,2063.7,2096.75,2031.827298369951,53.92857142857143,15.700483091787447,-53.24120063086639,-37.5475466921617,-15.693653938704683,2261.376077406855,1866.0239225931448,2063.7,395.3521548137103,22.790500749064947,19.73667019455021,28.89816185809442,-83.77581120943952,-104.91061387623635,0.0,169216.7,13665996,172599.8,41928.0,32.4495008126306
2024-04-02,1928.2,1963.5,2046.5,2092.366666666667,2014.41517471567,52.85714285714285,16.53944020356235,-61.02611081275813,-42.24325951628099,-18.78285129647714,2256.2973960001304,1836.7026039998696,2046.5,419.5947920002607,19.745796387776046,19.73971225895882,19.757964645410496,-90.282131661442,-92.322318251279,2.644209455261309,165738.55,13494454,173226.9,22737.0,13.285769379097578
2024-04-03,1910.2,1951.4,2030.3,2088.133333333333,2001.2327771237012,54.0,22.062350119904067,-64.27609900868174,-46.64982741476114,-17.6262715939206,2240.2274059990477,1820.3725940009529,2030.3,419.85481199809465,21.68075118950121,20.386725235806285,24.26880309689107,-81.81818181818181,-74.4490569235296,20.05121443368204,169483.2,13726477,173990.25,-3514.0,-1.8125080593165757
2024-04-08,1895.8,1940.2,2016.1,2083.383333333333,1991.4963221595397,54.92857142857143,24.24242424242425,-64.25513706521815,-50.17088934485255,-14.084247720365603,2220.8950451703645,1811.3049548296356,2016.1,409.5900903407292,26.348107254087445,22.373852575233336,34.29661661179567,-70.86330935251799,-57.27767790559689,38.76468929209366,174614.0,13958253,175057.45,4958.0,2.6045250865460945
2024-04-09,1872.0,1928.2,1999.25,2078.45,1979.258577191964,52.35714285714285,27.807486631016047,-66.37825648768717,-53.412362773419474,-12.965893714267692,2195.6179414290154,1802.8820585709843,1999.25,392.7358828580311,24.1733343514768,22.97367983398116,26.572643386468087,-81.0126582278481,-72.25572406496264,54.94351016706392,182859.8,13650142,178144.25,40879.0,20.929351471183043
2024-04-10,1878.8,1919.3,1985.55,2074.2166666666667,1972.3768079355864,52.07142857142857,37.65903307888041,-63.77525026326589,-55.484940271388766,-8.290309991877123,2166.125075508095,1804.974924491905,1985.55,361.15015101619,30.37837674713838,25.44191213836689,40.25130596468135,-60.79295154185022,-50.16297834878048,99.65139685972991,190501.65,13944487,182400.95,15268.0,6.464068281695856
2024-04-11,1885.4,1906.8,1971.8,2071.45,1963.769492894102,51.785714285714285,36.009732360097324,-63.00337643771377,-56.98862750465377,-6.014748933059998,2138.7738082203223,1804.8261917796776,1971.8,333.9476164406444,32.72788469302402,27.870569656585936,42.4425147659002,-71.80616740088105,-46.87572298077514,92.48902719099152,200648.95,13566892,188146.25,28884.0,11.4862446613061
2024-04-12,1907.8,1909.0,1965.6,2070.0,1966.077160237521,57.785714285714285,47.713717693836976,-53.22480433578289,-56.23586287087959,3.0110585350967014,2119.338534018389,1811.8614659816103,1965.6,307.4770680367792,53.47594547505139,36.40569492940775,87.61644656633867,-25.110132158590307,-5.3117741724718375,100.0,225009.55,14208474,191984.45,-33648.0,-12.002140181915466
2024-04-15,1925.4,1910.6,1959.5,2068.633333333333,1968.0698116434712,57.57142857142857,50.42016806722689,-45.03675149995934,-53.99604059669555,8.959289096736214,2098.23033288786,1820.76966711214,1959.5,277.46066577572014,64.24623099351987,45.685873617445125,101.36694574566936,-25.550660792951543,23.49685540224154,100.0,233202.2,13894473,195453.85,-484.0,-0.196188113594542
2024-04-16,1953.0,1912.5,1953.55,2067.516666666667,1971.2060200583787,56.57142857142857,50.524109014675055,-36.9915619391295,-50.59514486518235,13.603582926052852,2072.02535830853,1835.0746416914697,1953.55,236.9507166170604,73.5858851190685,54.98587745131958,110.7859004545663,-19.383259911894275,27.80136987205459,100.0,242950.0,14216387,199575.65,12578.0,5.108481102112772
2024-04-17,1976.4,1927.6,1953.3,2067.45,1976.234018148057,56.642857142857146,51.738241308793455,-28.43203664857424,-46.16252322186073,17.73048657328649,2071.124311672386,1835.4756883276143,1953.3,235.64862334477152,81.7033048560113,63.89168658621682,117.32654139560026,-1.9047619047619049,48.3886569321522,100.0,253019.3,14654306,203507.05,4350.0,1.6808606006275315
2024-04-18,2007.2,1946.3,1954.9,2066.7833333333333,1981.9260164196703,57.142857142857146,57.60869565217391,-20.44457909445191,-41.018934396378974,20.574355301927064,2076.4338809161677,1833.366119083833,1954.9,243.06776183233436,80.46629590143354,69.41655635795573,102.56577498838917,-20.727272727272727,79.44371934240873,100.0,278213.95,15351577,206247.95,-20809.0,-7.907777431539909
2024-04-19,2023.4,1965.6,1958.5,2066.6833333333334,1990.2187767606545,62.07142857142857,60.040983606557376,-11.321134240430638,-35.0793743651893,23.758240124758665,2089.204165761413,1827.7958342385864,1958.5,261.40833152282653,79.75530837873347,72.8628070315483,93.54031107310382,-20.56962025316456,90.9037813178761,100.0,304630.3,16100310,208452.2,-4079.0,-1.6831932391669469
2024-04-22,2035.0,1980.2,1960.2,2066.7,1995.4360361167824,63.85714285714285,56.2874251497006,-5.95865027513878,-29.2552295471792,23.296579272040415,2094.6111524195644,1825.788847580436,1960.2,268.8223048391287,75.67628831088314,73.80063412465991,79.4275966833296,-28.16455696202532,66.37483935134281,91.53469533884386,313197.9,15775683,211327.6,7195.0,3.019835640356261
2024-04-23,2037.8,1995.4,1961.8,2065.9166666666665,1997.299270772327,55.35714285714285,66.82464454976304,-4.082531495777403,-24.22068993689884,20.13815844112144,2098.102450068791,1825.497549931209,1961.8,272.6049001375818,68.349691558747,71.9836532693556,61.08176813752979,-39.66666666666666,39.17137025582239,100.0,319446.65,15497809,213988.4,-573.0,-0.2334459142890876
2024-04-24,2044.6,2010.5,1964.9,2065.633333333333,2003.080292603534,56.57142857142857,73.69614512471655,0.8640861404264797,-19.203734721433776,20.067820861860252,2107.1672059708603,1822.63279402914,1964.9,284.53441194172024,68.64338411608774,70.87023021826631,64.18969191173059,-25.33333333333333,56.86112677031958,100.0,325433.85,15807423,217448.7,2322.0,0.9482195360993152
2024-04-25,2053.8,2030.5,1968.65,2066.2,2010.596455212721,56.285714285714285,73.51598173515981,6.6443240475330185,-14.034122967640418,20.67844701517344,2119.2967111455323,1818.003288854468,1968.65,301.2934222910644,69.0180700308802,70.2528434891376,66.54852311436537,-17.333333333333332,72.34094032862666,99.63569295425604,331487.8,16162355,221435.2,-832.0,-0.3365668562552049
2024-04-26,2053.6,2038.5,1973.75,2067.016666666667,2016.0634594781764,55.57142857142857,69.69696969696969,9.980472561105898,-9.231203861891156,19.21167642299705,2130.789552510345,1816.710447489655,1973.75,314.0791050206899,66.55468234616819,69.0201231081478,61.62380082220898,-22.0,64.40591012366781,91.2850461115662,334916.85,15943782,225293.35,-11338.0,-4.602021350002028
2024-04-29,2060.4,2047.7,1979.15,2066.9166666666665,2022.05741571835,53.642857142857146,76.73267326732673,13.358019430017976,-4.713359203509329,18.071378633527303,2143.068175993604,1815.231824006396,1979.15,327.8363519872082,65.95098481197537,67.99707700942366,61.85880041707878,-20.072992700729927,57.581202406882696,100.0,340596.15,16170845,229866.45,-14.0,-0.0059566356921614
2024-04-30,2068.6,2053.2,1982.85,2066.1833333333334,2025.290042792793,53.785714285714285,69.45169712793734,14.01725963295462,-0.9672354362165394,14.984495069171158,2150.340801004324,1815.359198995676,1982.85,334.98160200864754,57.897671466690056,64.63060849517913,44.43179740971192,-30.35019455252918,42.63000853112144,82.1207015574437,346064.25,15968665,234345.35,-16230.0,-6.905854019692104
2024-05-06,2085.0,2064.8,1996.2,2066.983333333333,2036.214800622051,57.142857142857146,79.18552036199095,21.074872217785696,3.441186094583908,17.633686123201787,2169.293950759379,1823.106049240621,1996.2,346.1879015187583,71.46229740971825,66.90783813335884,80.57121596243707,-0.7843137254901961,71.22334736755366,100.0,349106.35,16259117,237794.0,21323.0,9.745964129659756
2024-05-07,2093.8,2073.8,2010.05,2066.866666666667,2044.7657719913796,53.71428571428572,69.71428571428572,25.247362166382345,7.802421308943596,17.44494085743875,2177.797272312956,1842.302727687044,2010.05,335.4945446259121,69.86375382870105,67.89314336513958,73.80497475582399,-27.75330396475771,79.7212598387708,67.07415730337081,359587.95,15877943,240023.5,-1646.0,-0.6855162820528893
2024-05-08,2104.0,2078.8,2022.2,2066.9333333333334,2051.8356984683905,53.5,68.53932584269663,27.670283212532013,11.77599368966128,15.894289522870732,2184.1676380931976,1860.2323619068025,2022.2,323.9352761863952,67.56349020678836,67.7832589790225,67.12395266232008,-30.837004405286343,55.81646115671364,62.85530258686536,360838.85,15620902,242536.6,2158.0,0.9049546054976654
2024-05-09,2111.8,2086.1,2033.15,2067.5333333333333,2058.13706051902,53.42857142857143,67.05539358600583,29.17348023487148,15.25549099870332,13.917989236168156,2189.564126431673,1876.7358735683276,2033.15,312.82825286334537,64.11863202540911,66.56171666115137,59.23246275392461,-33.649289099526065,56.13484577720473,55.80572211739142,360641.75,15393068,244894.85,1861.0,0.7734090257373483
2024-05-10,2117.8,2093.2,2044.3,2067.1666666666665,2060.790673802923,53.785714285714285,58.80681818181818,27.46603083374248,17.697598965711155,9.768431868031325,2180.075511318126,1908.524488681874,2044.3,271.5510226362517,54.75403625710504,62.62582319313593,39.01046238504327,-54.4973544973545,41.3053378895379,11.002631479867905,359642.0,15104952,244934.75,-5488.0,-2.2632421108196854
2024-05-13,2117.6,2101.3,2055.9,2067.583333333333,2068.239181059788,52.92857142857143,63.10432569974554,30.043202603983445,20.16671969336561,9.876482910617831,2181.549303095699,1930.250696904301,2055.9,251.298606191398,59.48405729769736,61.5785678946564,55.29503610377927,-26.455026455026456,57.77455142862747,29.770600946693747,356171.85,15329894,244599.25,7760.0,3.2743168661074407
2024-05-14,2118.2,2106.0,2068.25,2067.45,2074.02592572076,49.21428571428572,58.10810810810811,30.922260798856318,22.31782791446376,8.604432884392558,2167.768578006492,1968.731421993508,2068.25,199.03715601298404,60.56701128335103,61.24138235755461,59.21826913494385,-31.746031746031747,61.97472598894456,7.951241976801111,349758.1,15080574,242565.65,-5078.0,-2.0747193122946928
2024-05-15,2119.6,2111.8,2075.15,2067.083333333333,2078.975837556878,47.642857142857146,61.60458452722063,31.019274931034488,24.058117317777903,6.961157613256585,2170.2804367697995,1980.019563230201,2075.15,190.26087353959883,60.66786259469778,61.050209103269005,59.90316957755532,-33.333333333333336,51.71077823389933,16.58873668644216,326890.25,14896349,242103.65,-2216.0,-0.9245738031859464
2024-05-16,2119.0,2115.4,2081.55,2066.333333333333,2082.4067101705086,47.642857142857146,65.15151515151516,29.864294266148136,25.21935270745195,4.6449415586961855,2168.588950748392,1994.5110492516087,2081.55,174.07790149678294,53.39290013200238,58.49777277951346,43.18315483698022,-44.57831325301205,44.0302912497289,33.416849082645435,321936.55,14681422,241611.5,-1087.0,-0.4577574517185878
2024-05-17,2127.8,2122.8,2088.0,2066.016666666667,2086.939404439984,48.285714285714285,61.920529801324506,29.81564224361728,26.138610614685017,3.677031628932258,2168.801250641777,2007.1987493582224,2088.0,161.6025012835546,50.37514096850474,55.79022884251055,39.5449652204931,-36.64596273291925,62.18422069912732,18.08771232110847,323453.65,15033678,240726.9,4729.0,2.000634584875738
2024-05-20,2147.4,2132.5,2098.65,2067.2833333333333,2101.2308897314138,55.92857142857143,70.12987012987013,37.97335769897245,28.505560031542505,9.467797667429943,2197.961895720456,1999.3381042795447,2098.65,198.62379144091096,66.70170688222896,59.42738818908335,81.25034426852018,-0.4761904761904761,106.50515520053766,57.036233276442125,332069.0,15643904,240289.55,13295.0,5.514217930851406
2024-05-21,2158.8,2138.5,2106.15,2068.016666666667,2109.304138328422,59.57142857142857,63.98104265402844,39.86360932127036,30.77716988948808,9.08643943178228,2208.1598550451235,2004.1401449548769,2106.15,204.0197100902469,65.02668682368159,61.29382106728277,72.49241833647923,-28.82882882882883,101.9738121456418,27.863641300835788,316874.4,15250525,240140.25,-15048.0,-5.9151175908710325
2024-05-22,2172.0,2145.8,2112.3,2068.85,2117.1799346780963,60.35714285714285,63.54916067146283,41.368922024537824,32.89552031649803,8.473401708039795,2219.5745616581976,2005.0254383418028,2112.3,214.5491233163948,65.10761157506916,62.56508456987823,70.19266558545102,-26.126126126126128,90.54029094469897,25.81461375721005,296194.5,15585660,240461.5,5332.0,2.2276907136381308
2024-05-23,2184.0,2151.5,2118.8,2068.833333333333,2122.686607565897,59.5,64.47688564476886,40.72073201114881,34.46056265542819,6.26016935572062,2224.6491478722146,2012.950852127786,2118.8,211.6982957444286,61.0151372764612,62.04843547207256,58.94854088523852,-41.20879120879121,55.32767483188768,30.2161264388018,292698.55,15330952,240223.25,-3995.0,-1.632724790851836
2024-05-24,2197.2,2162.5,2127.85,2069.2833333333333,2129.668835416764,56.85714285714285,58.04597701149425,41.42405058172835,35.85326024068823,5.570790341040123,2227.0749438079683,2028.6250561920317,2127.85,198.4498876159369,62.68933680065968,62.26206924826826,63.5438719054425,-32.33532934131737,72.95322563375001,0.0,294260.1,15640057,240068.5,1097.0,0.4557767732500162
2024-05-27,2187.4,2167.4,2134.35,2070.116666666667,2135.2241844246914,54.142857142857146,59.06432748538012,40.864838059171234,36.855575804384834,4.0092622547864,2231.315050676218,2037.3849493237813,2134.35,193.93010135243665,62.12832096983182,62.21748648878945,61.949989931916576,-37.125748502994014,59.62873969790673,8.427337646153706,289613.75,15423370,239681.6,-2321.0,-0.9599437516802144
2024-05-28,2187.4,2173.1,2139.55,2070.483333333333,2140.0599763842447,54.42857142857143,59.9406528189911,39.8014682701687,37.44475429754161,2.356713972627091,2235.846636001851,2043.2533639981496,2139.55,192.5932720037015,61.335023204206536,61.92333206059514,60.158405491429306,-38.32335329341317,59.90771430606728,15.679349270440236,283930.5,15182103,239102.85,-4669.0,-1.9497711555807928
2024-05-29,2189.2,2180.6,2146.2,2071.7833333333333,2145.863788157173,55.0,61.82336182336183,39.71134700220182,37.89807283847365,1.8132741637281669,2240.02985721652,2052.3701427834794,2146.2,187.6597144330408,63.950812115173335,62.59915874545455,66.65411885461091,-29.34131736526946,50.31194856077388,31.259667516616307,283117.6,15384418,239380.65,5793.0,2.4672586724589607
2024-05-30,2191.0,2187.5,2151.45,2073.383333333333,2149.495808332681,54.785714285714285,64.58333333333333,37.83206285206052,37.884870841191024,-0.0528079891305068,2241.1054222389885,2061.794577761011,2151.45,179.3108444779773,62.13073008936084,62.44301586008997,61.50615854790257,-41.50943396226416,53.27981483488186,54.0997529339098,284968.9,15120329,239487.25,-3438.0,-1.4289989525662072
2024-05-31,2186.8,2192.0,2157.4,2073.3166666666666,2151.924778967664,53.21428571428572,56.16438356164384,35.210605892809326,37.350017851514686,-2.1394119587053595,2235.4240178946843,2079.375982105316,2157.4,156.04803578936844,48.438030585889685,57.77468743535654,29.764716886955966,-47.16981132075472,24.75297885853295,0.0,285030.35,14916920,239803.5,-12037.0,-5.075690491250262
2024-06-03,2172.8,2180.1,2156.3,2072.0666666666666,2148.69384763741,54.642857142857146,48.37758112094395,28.208488834788568,35.52171204816946,-7.313223213380894,2235.960067259565,2076.639932740435,2156.3,159.32013451913008,34.67297277154551,50.07411588075287,3.870686553130781,-83.01886792452831,-45.13883287898464,0.0,283490.95,14657256,238234.2,-16388.0,-7.279899428287129
2024-06-04,2169.8,2178.6,2158.55,2071.7,2150.818243100513,57.5,55.7840616966581,26.62895565446115,33.7431607694278,-7.114205114966651,2237.1414820616105,2079.95851793839,2158.55,157.1829641232207,40.19520498819287,46.78114558323287,27.02332379811287,-49.685534591194966,1.5911584215212946,34.049200857320606,281608.15,15000774,236916.1,3378.0,1.6183974128638257
2024-06-05,2166.6,2177.9,2161.85,2071.45,2154.073648519512,56.642857142857146,58.92857142857143,26.20477489318546,32.235483594179335,-6.030708700993877,2238.978123070834,2084.721876929166,2161.85,154.25624614166827,47.733442443919216,47.09857787012832,49.003171591501015,-40.880503144654085,36.95079738220169,48.50519549137022,281612.5,15257902,235668.0,3558.0,1.67748688137368
2024-06-06,2160.0,2175.5,2163.5,2070.9166666666665,2153.7809200890824,55.785714285714285,52.55474452554745,22.861558913346016,30.360698658012677,-7.499139744666657,2238.047053314691,2088.952946685309,2163.5,149.0941066293817,43.39254289649711,45.86323287891791,38.45116293165552,-62.264150943396224,-12.86883661286836,19.20332799407628,283678.6,14988746,234217.9,-2179.0,-1.010382034767532
2024-06-07,2150.2,2168.5,2165.5,2069.6833333333334,2151.1351181758364,49.785714285714285,33.1306990881459,17.987397574003353,27.88603844121081,-9.898640867207458,2233.116566017571,2097.883433982429,2165.5,135.23313203514226,33.61155752328458,41.779341093706805,17.275990382440142,-87.94326241134752,-35.56941786288802,0.0,282924.95,14715703,233574.8,10652.0,4.989647839162092
2024-06-11,2141.6,2157.2,2162.3,2067.9166666666665,2143.8841545400423,47.71428571428572,33.1306990881459,9.895249543760656,24.28788066172078,-14.392631117960123,2240.436452844793,2084.163547155207,2162.3,156.27290568958597,23.04061640792812,35.53309953178058,-1.9443498397768053,-98.159509202454,-119.54802021253536,0.0,284202.05,14465219,232798.25,5091.0,2.271409067789798
2024-06-12,2119.0,2144.4,2158.75,2066.266666666667,2135.7047112505143,45.71428571428572,30.294117647058822,2.086355793072016,19.847575687991032,-17.761219894919016,2248.799986118871,2068.700013881129,2158.75,180.0999722377419,15.360410938618749,28.808870000726635,-11.536507185597024,-100.0,-120.33838305903224,0.0,280301.0,14293920,232564.85,5785.0,2.523721234594833
2024-06-13,2090.8,2128.7,2154.65,2065.133333333333,2126.970929226656,44.642857142857146,30.56379821958457,-5.172308607531249,14.843598828886575,-20.015907436417827,2257.531178269469,2051.7688217305317,2154.65,205.76235653893764,12.015421888073249,23.21105396317551,-10.375842262131272,-95.3846153846154,-118.19345081037116,0.7864880170872289,279448.3,14126749,232308.1,-2683.0,-1.141653546657584
2024-06-14,2079.0,2119.5,2153.5,2064.85,2123.640364538403,44.642857142857146,35.71428571428572,-6.971292868886849,10.480620489331892,-17.45191335821874,2258.734575066765,2048.2654249332345,2153.5,210.469150133531,19.25288480901136,21.891664245120797,13.97532593679248,-70.76923076923077,-77.25613419862187,15.807209231083444,281696.1,14386632,231548.0,-11154.0,-4.800991705656255
2024-06-17,2071.4,2110.8,2151.4,2064.3166666666666,2120.246044106174,44.92857142857143,36.11111111111112,-8.620396858622826,6.660417019740949,-15.280813878363777,2260.2241459275065,2042.5758540724933,2151.4,217.64829185501296,23.28890545452828,22.35741131492329,25.151893733738262,-72.82051282051282,-64.14147098934272,16.96449845127473,275358.7,14161124,230563.5,241.0,0.1089644757723551
2024-06-18,2070.2,2105.9,2143.0,2064.983333333333,2115.3654684770145,45.92857142857143,34.482758620689665,-11.329861273844472,3.062361361023865,-14.392222634868336,2249.922500216938,2036.0774997830624,2143.0,213.8450004338756,22.23205136810761,22.31562466598473,22.06490477235337,-82.56410256410257,-63.43215206314255,12.215621996007023,256117.25,13935727,228500.8,-8269.0,-3.7346328597107625
2024-06-19,2070.6,2094.8,2136.7,2065.9166666666665,2110.0925667172987,44.71428571428572,30.997304582210248,-14.04149451911644,-0.3584098150041961,-13.683084704112243,2247.724132037799,2025.675867962201,2136.7,222.0482640755979,20.267990672420325,21.633080001463263,17.53781201433445,-87.17948717948718,-65.18513352940958,2.050752462771838,245882.8,13747037,227341.8,3026.0,1.4196908208027326
2024-06-20,2077.4,2084.1,2131.0,2067.266666666667,2107.0361317918414,43.07142857142857,35.75268817204301,-14.570079033001091,-3.200743658603576,-11.36933537439752,2241.7752584955088,2020.224741504491,2131.0,221.55051699101773,22.880185502746446,22.048781835224325,24.54299283779069,-74.55621301775147,-56.55791892219226,19.06294622078115,237071.85,13905953,225783.1,-2662.0,-1.2314325233264367
2024-06-21,2077.2,2078.1,2126.8,2068.6,2105.508881145,43.92857142857143,38.82978723404256,-13.781134375411966,-5.316821801965254,-8.464312573446712,2236.918787536148,2016.6812124638527,2126.8,220.23757507229493,37.47567922405318,27.191080964833944,58.044875742491655,-66.86390532544378,-32.68591511582511,29.80908821279717,239693.05,14213085,224327.8,-1927.0,-0.9025380663110204
2024-06-24,2074.2,2072.8,2120.65,2070.1,2102.412797226428,41.285714285714285,43.323442136498514,-14.441862813193438,-7.141830004210892,-7.300032808982547,2228.205175558799,2013.094824441201,2120.65,215.11035111759796,40.063151228733865,31.481771052800585,57.22591158060044,-77.51479289940828,-43.39441989004682,45.50226307390529,232821.1,14041419,222322.5,-9903.0,-4.680454859108996
2024-06-25,2089.4,2079.8,2118.5,2072.583333333333,2106.4687213001016,41.35714285714285,46.348314606741575,-9.05135816686061,-7.5237356367408355,-1.527622530119774,2222.030315926302,2014.9696840736976,2118.5,207.06063185260427,60.04210081915591,41.00188097491902,98.12254050762968,-34.9112426035503,3.653393064054595,56.06601432728532,236964.8,14340980,221164.0,14615.0,7.246664253591106
2024-06-26,2104.4,2087.5,2115.95,2074.7166666666667,2109.185985938187,41.07142857142857,42.89772727272727,-5.522599732646995,-7.123508455922067,1.6009087232750725,2214.890652067739,2017.0093479322604,2115.95,197.8813041354788,69.23768920589775,50.413817051911934,106.88543351386936,-34.64052287581699,16.362034831985888,56.618394865815056,235126.35,14136482,220167.05,-1438.0,-0.6648358253118491
2024-06-27,2115.6,2096.5,2112.6,2077.516666666667,2111.5492253726457,39.71428571428572,47.33542319749216,-2.7747394239877394,-6.253754649535201,3.479015225547462,2203.637065904123,2021.5629340958767,2112.6,182.0741318082464,73.09448640662544,57.97404017014976,103.33537887957678,-35.294117647058826,25.054787872861784,100.0,232553.4,13985626,218935.6,1103.0,0.5133670923781475
2024-06-28,2125.6,2101.4,2110.45,2080.35,2114.354061051441,36.92857142857143,52.49169435215947,-0.0318318952772642,-5.009370098683614,4.97753820340635,2196.2685969295585,2024.631403070441,2110.45,171.6371938591176,77.72965760441696,64.55924598157216,104.07048085010656,-10.92436974789916,35.43023578064712,100.0,227455.2,14147751,217557.1,-6379.0,-2.953801416009516
2024-07-01,2130.0,2102.1,2106.45,2082.233333333333,2112.51081714178,37.71428571428572,53.37837837837837,-1.5519831830938529,-4.317892715565662,2.765909532471809,2186.88951634293,2026.0104836570692,2106.45,160.8790326858607,65.48643840294464,64.86831012202965,66.7226949647746,-49.57983193277311,-12.212182994833425,100.0,228874.05,13915965,216507.9,-5451.0,-2.600916117950192
2024-07-02,2121.2,2105.3,2105.6,2086.0333333333333,2111.414548842563,38.21428571428572,57.54385964912281,-2.246666007644308,-3.903647373981392,1.6569813663370845,2185.884756369276,2025.315243630724,2105.6,160.56951273855248,59.32429226862976,63.02030417089635,51.93226846409658,-44.53781512605042,-7.602059874583801,100.0,223466.5,14067478,216151.5,-2532.0,-1.2403921049924271
2024-07-03,2126.6,2115.5,2105.15,2091.25,2116.2322108575568,42.285714285714285,67.77108433734941,2.100766719646799,-2.702764555255753,4.803531274902553,2183.978995466939,2026.321004533061,2105.15,157.65799093387818,70.9411139396043,65.660574093799,81.50219363121494,-5.084745762711864,44.23743599607139,100.0,221641.2,14374490,216604.7,19570.0,9.707485726474108
2024-07-04,2128.2,2121.9,2103.0,2095.6833333333334,2118.68628601398,40.92857142857143,58.22368421052632,3.887493024850301,-1.3847130392345428,5.272206064084843,2174.680578005265,2031.319421994735,2103.0,143.36115601053007,72.21316981086889,67.84477266615562,80.94996410029543,-22.80701754385965,62.09508758607856,74.03747944759792,217358.8,14203010,216444.2,-8716.0,-3.940913427410053
2024-07-05,2127.2,2126.4,2102.25,2099.633333333333,2120.335211155505,40.5,57.843137254901954,4.76441542323073,-0.1548873467414881,4.9193027699722185,2172.1066200759246,2032.3933799240756,2102.25,139.71324015184928,69.88124364202854,68.52359632477993,72.59653827652573,-28.07017543859649,44.902604535477415,73.00264713457959,211178.2,14057466,216139.15,-5070.0,-2.386432636231417
2024-07-08,2127.2,2128.6,2100.7,2103.5,2117.9223339026003,41.0,53.96341463414633,2.126512283236025,0.3013925792540144,1.8251197039820104,2169.7083137631407,2031.691686236859,2100.7,138.01662752628204,53.47155373236686,63.50624879397557,33.402163609149426,-64.03508771929825,1.9906648581133333,62.45240550429564,208350.55,13840976,214697.3,-12084.0,-5.826956182099618
2024-07-09,2124.6,2122.9,2101.35,2106.516666666667,2115.072587816638,42.0,54.29447852760737,-0.5228592627227044,0.1365422108586707,-0.6594014735813751,2169.5795660562308,2033.120433943769,2101.35,136.4591321124617,41.77015146783641,56.26088301859585,12.788688366317544,-70.17543859649123,-16.339131090716872,57.9098036636056,208339.2,13590719,212954.95,-919.0,-0.4705653440657098
2024-07-10,2103.2,2114.9,2101.2,2109.4,2109.3513889769583,42.642857142857146,46.62756598240469,-5.225097832773372,-0.935785797867738,-4.289312034905634,2169.8427824243627,2032.557217575637,2101.2,137.2855648487257,29.259197023755352,47.260321020315686,-6.743050969365314,-95.76271186440678,-63.95120517482522,26.943432150009457,208686.5,13412474,210482.5,-8817.0,-4.536007161304267
2024-07-11,2088.2,2108.2,2102.35,2110.7166666666667,2105.317923360105,41.42857142857143,46.47058823529412,-7.892377648821366,-2.327104168058464,-5.565273480762903,2167.6469734126563,2037.053026587344,2102.35,130.5939468253125,24.308391236175886,39.60967775893575,-6.29418180934384,-85.59322033898304,-57.10238561709669,14.364208873311249,207260.8,13551131,207706.95,-8745.0,-4.712735973615145
2024-07-12,2070.4,2098.8,2100.1,2111.7166666666667,2099.763835421047,41.785714285714285,46.19883040935672,-11.487626762262607,-4.159208686899293,-7.328418075363315,2169.848118254266,2030.3518817457336,2100.1,139.49623650853232,16.747599577504793,31.9889850317921,-13.735171331069822,-98.3739837398374,-73.03902348413823,13.271642939282508,201895.25,13398559,205550.75,1233.0,0.6973350827979452
2024-07-15,2061.2,2094.2,2098.15,2112.516666666667,2094.9291844285667,40.35714285714285,32.35294117647058,-14.013960093166588,-6.130158968152752,-7.883801125013836,2171.414553072091,2024.8854469279088,2098.15,146.52910614418238,13.016918236855048,25.664962766813087,-12.27917082306103,-94.44444444444444,-60.92443169821052,0.0,202712.95,13640421,203446.35,1277.0,0.7172182938404603
2024-07-16,2052.0,2088.3,2096.8,2112.8166666666666,2089.888309721084,39.92857142857143,32.71375464684016,-16.391982388397082,-8.182523652201619,-8.209458736195463,2173.251842427358,2020.3481575726423,2096.8,152.9036848547155,11.242048055339264,20.85732452965515,-7.988504893292507,-92.6470588235294,-82.43836562935228,1.0187249758708847,197786.35,13513556,201755.95,11.0,0.006134079832254
2024-07-17,2048.0,2075.6,2095.55,2112.8,2084.6608516524093,40.71428571428572,32.0,-18.626706609578832,-10.271360243677062,-8.35534636590177,2175.2823813239656,2015.817618676035,2095.55,159.46476264793068,9.813539283269655,17.176062780859986,-4.911507711911007,-94.32624113475175,-77.48638920175284,0.0,194516.2,13390269,199791.6,-2453.0,-1.367815899674918
2024-07-18,2042.4,2065.3,2093.6,2112.3,2080.3121991140847,40.42857142857143,31.25,-19.84620043974064,-12.18632828288978,-7.659872156850863,2176.96451346511,2010.23548653489,2093.6,166.72902693022002,12.352757075696587,15.568294212472187,5.921682802145394,-87.16216216216216,-82.39230091795783,0.0,191932.4,13497509,197679.1,-5625.0,-3.180050202392526
2024-07-19,2040.8,2055.6,2091.0,2112.2,2076.3777039603624,37.5,37.61061946902655,-20.57547679739173,-13.86415798579017,-6.71131881160156,2177.875591630009,2004.1244083699912,2091.0,173.75118326001757,14.972760036279997,15.369782820408124,14.178714468023742,-87.16216216216216,-66.9991274279886,17.416294133746906,181427.3,13497509,195562.9,-2001.0,-1.1684057480190857
2024-07-22,2035.2,2048.2,2088.4,2112.3,2071.1036369165186,37.785714285714285,33.19327731092437,-22.348266230908397,-15.560979634813815,-6.787286596094578,2180.4992599548013,1996.3007400451988,2088.4,184.1985199096025,15.345824698516166,15.361796779777473,15.313880535993556,-91.30434782608695,-82.84963376762141,5.320973750324879,178894.35,13376502,193732.45,-4188.0,-2.474329130676245
2024-07-23,2025.8,2038.9,2080.9,2111.25,2063.8556714958977,34.0,8.86699507389163,-25.55659679869632,-17.56010306759032,-7.996493731106,2177.8924576558256,1983.9075423441748,2080.9,193.98491531165087,10.89061580561144,13.871403121722128,4.929041173390061,-98.81656804733728,-88.13891924059969,0.0,169668.35,13261461,191019.6,-3033.0,-1.8374023141697449
2024-07-24,2020.4,2034.2,2074.55,2110.016666666667,2058.536083734384,34.07142857142857,15.816326530612258,-26.741965798544925,-19.39647561378124,-7.345490184763683,2173.243518157617,1975.8564818423836,2074.55,197.38703631523367,14.050533993864416,13.931113412436224,14.289375156720798,-85.8974358974359,-76.57660317563436,14.189217744094012,165897.8,13390548,188126.45,-5044.0,-3.112869282941555
2024-07-25,2010.8,2026.6,2067.4,2108.733333333333,2052.1040757596807,33.857142857142854,14.975845410628024,-28.72204731354259,-21.261589953733512,-7.460457359809077,2168.6457146592115,1966.1542853407889,2067.4,202.49142931842263,11.20188504789738,13.021370624256608,7.562913895178923,-95.83333333333331,-76.67631728235149,13.447476884693517,163311.2,13291424,184996.9,-3625.0,-2.309020147395102
2024-07-26,2002.0,2021.4,2060.1,2107.333333333333,2046.6655923539968,31.785714285714285,20.58823529411765,-29.626988132261204,-22.934669589439054,-6.69231854282215,2160.047143925977,1960.152856074023,2060.1,199.89428785195375,11.634590031931587,12.559110426814936,9.78554924216489,-92.24806201550388,-65.91819738137649,25.80209012055077,160902.15,13405368,181934.9,-5028.0,-3.2783892337384546
2024-07-29,1996.8,2016.0,2055.1,2106.3166666666666,2041.745059748854,30.071428571428573,21.47239263803681,-29.99835785482105,-24.34740724251545,-5.650950612305596,2157.6668459822645,1952.5331540177351,2055.1,205.13369196452936,12.634442135108864,12.584220996246245,12.7348844128341,-89.1891891891892,-64.34883402387486,33.38243374202616,154306.8,13405368,178942.7,-4055.0,-2.733585007415396
2024-07-30,2002.6,2014.2,2051.25,2104.383333333333,2040.0550540584877,30.5,40.25157232704402,-27.634065097797475,-25.00473881357186,-2.629326284225616,2152.332301017341,1950.1676989826592,2051.25,202.1646020346816,28.52100063909218,17.89648087719489,49.77004016288676,-63.06306306306306,-34.173052545557134,83.46164452541336,156434.8,13599441,175834.6,-4850.0,-3.3614027792216783
2024-07-31,2009.6,2015.0,2045.3,2103.0,2040.335525100536,30.642857142857142,42.7710843373494,-23.951111341179967,-24.79401331909348,0.8429019779135132,2131.906429808783,1958.6935701912168,2045.3,173.21285961756598,46.41126070003405,27.40140748480794,84.43096713048625,-45.94594594594594,-6.564581493268404,90.81816888667412,147454.55,13726848,171376.6,-7428.0,-5.327213396923303
2024-08-01,2023.4,2017.1,2041.2,2102.016666666667,2042.2083322338185,29.857142857142858,53.987730061349694,-19.43653376729253,-23.72251740873329,4.285983641440762,2115.407674450704,1966.992325549296,2041.2,148.4153489014086,61.86453524580583,38.8891167384739,107.81537226046969,-30.63063063063063,17.97741823686755,100.0,144233.2,13833901,167070.2,-5684.0,-4.305832266470722
2024-08-02,2041.6,2021.8,2038.7,2101.483333333333,2046.378967259169,29.857142857142858,59.89304812834224,-13.60389853114384,-21.6987936332154,8.094895102071561,2102.032373030683,1975.367626969317,2038.7,126.66474606136626,73.63296060412212,50.47039802702331,119.95808575831975,-2.830188679245283,48.3924217698978,100.0,144069.2,13976165,162889.3,-2560.0,-2.0265509843813034
2024-08-05,2055.0,2025.9,2037.05,2101.083333333333,2047.8666846630576,31.428571428571427,54.90196078431373,-10.793669801612396,-19.5177688668948,8.724099065282406,2095.7570335606147,1978.3429664393848,2037.05,117.41406712122944,73.93140769834557,58.290734584130725,105.21275392677524,-25.471698113207548,34.207328647329874,90.21855102392016,138405.9,13872941,159363.9,1026.0,0.8290038218207396
2024-08-06,2056.0,2029.3,2034.1,2099.25,2046.0698575522904,31.857142857142858,48.69565217391305,-11.10139749441123,-17.834494592398087,6.733097097986857,2087.7377714519284,1980.4622285480712,2034.1,107.27554290385729,63.75301393726183,60.11149436850776,71.03605307476998,-56.60377358490566,5.005507745419748,78.05553186236,132122.15,13748359,155370.25,-10284.0,-8.241110995360168
2024-08-07,2051.8,2030.7,2032.45,2097.4666666666667,2043.777490166358,31.857142857142858,46.3519313304721,-11.77438759567076,-16.622473193052624,4.848085597381864,2085.406685378991,1979.4933146210092,2032.45,105.91337075798153,54.76616023490411,58.32971632397321,47.63904805676593,-63.20754716981132,-22.04937185909449,73.46234719855711,127290.45,13666748,151391.65,-8516.0,-7.437229815291912
2024-08-08,2043.6,2033.5,2030.05,2095.6833333333334,2041.4177291981327,32.214285714285715,45.76271186440678,-12.406794226621514,-15.779337399766405,3.372543173144889,2080.7149468776884,1979.385053122312,2030.05,101.3298937553766,47.831528206917206,54.83032028495455,33.83394405084253,-66.0377358490566,-18.382873910155062,72.30760480561413,123902.95,13595841,147557.2,-5862.0,-5.530762626310281
2024-08-09,2035.4,2038.5,2029.95,2094.516666666667,2041.75889784593,32.92857142857143,54.91803278688525,-10.686807464812093,-14.76083141277554,4.07402394796345,2080.4818034302007,1979.4181965697996,2029.95,101.06360686040124,49.618181925178845,53.09294083169598,42.66866411214458,-41.50943396226416,17.094502900978682,90.25004866406562,120644.3,13683240,143464.85,-3925.0,-3.9200215726027934
2024-08-12,2032.4,2043.7,2029.85,2093.133333333333,2042.258050432032,33.0,61.81818181818181,-9.057908349835545,-13.62024680018754,4.562338450351998,2080.230760739049,1979.469239260951,2029.85,100.76152147809783,48.91212128345256,51.69933431561484,43.33769521912801,-39.62264150943396,41.09932943739342,100.0,112418.6,13760588,139051.6,-5141.0,-5.343963742957525
2024-08-13,2039.0,2047.5,2030.85,2090.2166666666667,2044.138236105172,33.0,62.16216216216217,-6.481900116166344,-12.192577463383302,5.710677347216958,2083.008765726567,1978.6912342734329,2030.85,104.3175314531345,54.69141418896837,52.69669427339936,58.68085402010641,-25.471698113207548,70.65374145566273,100.0,109736.7,13833815,134257.0,-7616.0,-8.36362438365491
2024-08-14,2037.0,2044.4,2029.7,2087.3166666666666,2041.077451714203,36.285714285714285,54.117647058823536,-8.378396228064275,-11.429741216319496,3.051344988255222,2082.4839688583074,1976.9160311416929,2029.7,105.56793771661478,43.33379502632256,49.57572785770709,30.849929363553517,-72.64150943396227,-27.336444249753814,80.65009560229446,109660.75,13712047,128552.05,-20660.0,-24.7588231769429
2024-08-15,2017.2,2030.4,2023.75,2082.7833333333333,2029.54626583666,42.92857142857143,39.06705539358601,-17.107806045328516,-12.565354182121302,-4.542451863207214,2095.530000146744,1951.969999853256,2023.75,143.56000029348797,33.90711783116845,44.352857848860886,13.015637795783576,-85.78680203045685,-157.53930152950716,43.24099880958322,111762.0,13562782,126259.9,62631.0,99.75471848371429
2024-08-16,1983.6,2009.5,2015.65,2077.8166666666666,2015.0180500426925,46.35714285714285,34.71502590673575,-27.18232591873698,-15.488748529444438,-11.69357738929254,2112.402043362149,1918.8979566378516,2015.65,193.5040867242976,23.5709287956582,37.42554816445999,-4.138309941945394,-97.24770642201835,-134.47282567757773,0.0,117568.2,13349628,125324.1,25126.0,20.034126427250108
2024-08-19,1946.0,1989.2,2007.55,2072.2,2000.1591881338647,45.0,28.0,-36.20159560965544,-19.63131794548664,-16.570277664168803,2126.901713766338,1888.1982862336615,2007.55,238.7034275326764,16.015611655627335,30.28890266151577,-12.530970356149544,-99.13793103448276,-127.40090137164798,0.0,118117.7,13217631,125031.7,8680.0,5.765832790849057
2024-08-20,1910.6,1974.8,2002.05,2067.15,1989.19164640683,44.92857142857143,29.319371727748702,-40.78134712693145,-23.861323781775603,-16.920023345155847,2133.374387441392,1870.725612558608,2002.05,262.64877488278444,14.900302189724409,25.15936917091865,-5.617831772664083,-87.93103448275862,-98.8472290758534,3.862084962555537,118218.05,13334679,124556.45,-6690.0,-4.201680672268903
2024-08-21,1889.6,1963.3,1997.0,2062.5,1981.3638705585608,45.57142857142857,30.232558139534888,-42.14974108346496,-27.519007242113474,-14.630733841351486,2134.961092913581,1859.038907086419,1997.0,275.92218582716214,17.47501292286303,22.597917088233448,7.229204592122194,-78.44827586206897,-70.05538340997921,6.535178098322059,121093.1,13521267,123885.75,-8953.0,-5.869588020874305
2024-08-22,1883.8,1950.5,1992.0,2057.333333333333,1972.7577876482212,44.42857142857143,24.13793103448276,-44.017858957290855,-30.818777585148958,-13.1990813721419,2137.896863355102,1846.103136644898,1992.0,291.79372671020406,16.778213743447147,20.65801597330468,9.018609283732076,-84.61538461538461,-65.82402261999667,0.0,123256.8,13378869,123754.4,7162.0,4.988194652421307
2024-08-23,1882.4,1933.0,1985.75,2052.1,1962.971331681724,43.0,24.331550802139034,-46.65506972501976,-33.98603601312312,-12.669033711896638,2141.4837471456185,1830.0162528543813,1985.75,311.467494291237,13.146260142690256,18.154097363099872,3.130585701871027,-94.11764705882354,-74.05018146332579,0.5092010066058349,123583.75,13258386,123896.35,438.0,0.2905646108225301
2024-08-26,1889.0,1917.5,1980.6,2047.3833333333332,1956.2121572358456,43.21428571428572,31.129476584022044,-46.434593036203296,-36.47574741773916,-9.95884561846414,2141.763401879207,1819.436598120793,1980.6,322.3268037584139,15.980668273820996,17.429621000006914,13.082762821449158,-81.57894736842105,-64.01819262412737,18.3870793496462,129674.15,13480073,124266.2,503.0,0.3327181685286895
2024-08-27,1888.8,1899.7,1973.6,2043.4833333333331,1949.3348089276697,43.21428571428572,31.043956043956044,-46.3708623764619,-38.45477040948371,-7.916091966978193,2138.9339841527003,1808.2660158472995,1973.6,330.6679683054008,23.38786124621774,19.415701082077188,31.33218157449884,-85.08771929824562,-54.99193053673806,18.162168713639293,126292.7,13353629,125065.05,3730.0,2.45909204783692
2024-08-28,1881.6,1885.6,1965.0,2038.4833333333331,1941.8743509345584,43.21428571428572,30.213903743315512,-46.82952510884161,-40.129721349355286,-6.699803759486322,2133.006265547372,1796.9937344526277,1965.0,336.0125310947444,23.457076036804335,20.76282606698624,28.845575976440543,-90.78947368421052,-54.8405508504736,15.979212540631227,128647.5,13179126,126646.45,8223.0,5.291097212570461
2024-08-29,1879.4,1881.6,1956.0,2033.4,1935.9815556074573,42.21428571428572,26.89075630252101,-45.93725773268488,-41.29122862602121,-4.646029106663676,2121.84964655728,1790.1503534427206,1956.0,331.6992931145587,29.526939580091778,23.68419723802141,41.2124242642325,-86.84210526315789,-48.20674849525222,7.239660570110399,128957.05,13292370,128579.8,1355.0,0.8280624560760286
2024-08-30,1880.4,1881.4,1945.45,2028.8,1930.1737884067477,41.21428571428572,26.1111111111111,-45.11354673731785,-42.055692248280536,-3.057854489037311,2103.1231796437314,1787.776820356269,1945.45,315.34635928746275,31.25870046080193,26.20903164561492,41.35803809117595,-89.03508771929825,-44.6280880356369,5.18927015250541,127361.65,13182014,130724.5,1667.0,1.0103642645008737
2024-09-02,1874.4,1881.7,1935.45,2024.4,1923.681046653724,41.285714285714285,22.06703910614526,-44.99111166416924,-42.64277613145828,-2.348335532710962,2087.2594026628767,1783.6405973371232,1935.45,303.6188053257536,28.85601127766542,27.09135818963175,32.38531745373276,-90.54726368159204,-52.05549671910814,0.0,129069.6,13044631,133309.7,9836.0,5.901942312654129
2024-09-03,1866.0,1877.4,1926.1,2020.5166666666669,1915.901899353369,38.07142857142857,24.08536585365853,-45.97790912350638,-43.309802729867904,-2.6681063936384746,2076.67909269853,1775.5209073014698,1926.1,301.1581853970601,21.19812516550244,25.126947181588648,13.340481133330025,-95.09803921568628,-54.38631052711391,11.872498904629683,130053.55,12900370,136815.0,8118.0,4.5996158487872085
2024-09-04,1857.0,1869.3,1916.3,2016.65,1907.3398137006675,30.928571428571427,31.34920634920634,-47.50342953610971,-44.14852809111627,-3.3549014449934376,2066.1098443818105,1766.4901556181892,1916.3,299.6196887636213,15.909861221446072,22.054585194874456,3.620413274589304,-96.58119658119658,-59.08254676622919,73.38849565076816,131894.45,12781941,141201.25,9103.0,4.930908775750087
2024-09-05,1845.2,1862.3,1906.4,2012.9333333333332,1899.116974300604,27.571428571428573,36.91588785046729,-48.556148611099616,-45.030052195112944,-3.526096415986672,2053.7833526270774,1759.0166473729223,1906.4,294.7667052541549,13.417819127550391,19.175663172433104,1.9021310377849687,-93.51851851851852,-57.81746158290739,100.0,132452.75,12699868,145778.65,-2039.0,-1.0525826734257726
2024-09-06,1833.6,1857.0,1895.0,2008.35,1891.2963100814984,27.214285714285715,39.5,-49.146670409326816,-45.85337583795572,-3.2932945713710997,2032.1606817991144,1757.8393182008856,1895.0,274.3213635982288,12.045987945498712,16.799104763454974,2.5397543095861934,-92.92035398230088,-57.09249353793543,100.0,134031.65,12580891,150331.0,-4426.0,-2.309116994913263
2024-09-09,1817.8,1846.1,1881.8,2003.2666666666669,1880.9823757880224,28.285714285714285,25.480769230769223,-51.76150463404269,-47.03500159717312,-4.72650303686958,2007.7216130439824,1755.8783869560175,1881.8,251.8432260879649,11.33644375429942,14.978217760403124,4.052895742092012,-92.05298013245032,-77.21026220107387,19.58204429763469,136916.2,12445852,155559.1,8374.0,4.472120011321823
2024-09-10,1798.6,1832.3,1866.0,1997.8833333333332,1868.1269114272584,28.928571428571427,13.901345291479814,-56.1718561817936,-48.86237251409721,-7.309483667696391,1974.863990470094,1757.136009529906,1866.0,217.727980940188,8.011143908761971,12.655859809856072,-1.278287893426235,-98.87640449438204,-103.87505106110568,0.0,140537.75,12300194,161609.4,8828.0,4.512761791813835
2024-09-11,1789.2,1823.1,1854.35,1993.2,1859.638634148472,30.357142857142858,26.66666666666667,-56.354646070410354,-50.36082722535984,-5.993818845050512,1945.9240137813151,1762.7759862186847,1854.35,183.14802756263043,16.024523289601994,13.778747636438046,20.51607459592989,-70.23809523809524,-101.0129938954184,49.867157163294536,144988.1,12510969,168268.4,-8486.0,-4.1506277787831785
2024-09-12,1784.8,1815.0,1848.3,1988.55,1853.863526134332,31.928571428571427,35.14644351464436,-54.26019773732742,-51.14070132775336,-3.1194964095740545,1937.5709653984916,1759.0290346015086,1848.3,178.5419307969828,27.5912280867878,18.382907786554632,46.00786868725415,-58.333333333333336,-68.71593117586137,82.9930262549828,145683.35,12674139,171677.7,-2363.0,-1.2058275712499733
2024-09-13,1777.4,1805.5,1843.45,1983.3666666666663,1846.828904597729,30.5,26.271186440677965,-53.51656787252091,-51.61587463670688,-1.900693235814032,1936.610811729644,1750.289188270356,1843.45,186.32162345928828,31.572446631501947,22.779420734870403,49.15849842476504,-69.27710843373494,-61.51466433009148,48.32223134398155,141571.5,12543222,173690.1,-2812.0,-1.452464334046133
2024-09-18,1771.8,1794.8,1838.25,1978.0666666666664,1838.0832946360408,31.214285714285715,24.505928853754934,-54.31837845852692,-52.15637540107089,-2.162003057456033,1939.0528299520247,1737.4471700479749,1838.25,201.6056599040503,28.78639299242987,24.78174482072356,36.795689335842496,-84.04907975460122,-79.70311386688694,41.426331512435006,141742.55,12407804,175523.05,5091.0,2.668378845851449
2024-09-19,1776.4,1787.5,1832.45,1971.8,1831.503933242132,32.42857142857143,29.92125984251969,-53.21075565886167,-52.36725145262905,-0.8435042062326232,1935.255846649325,1729.6441533506752,1832.45,205.6116932986497,31.769545013821173,27.111011551756096,41.086611937951325,-75.30864197530865,-68.00837052504188,62.58107987881039,144710.7,12584215,177734.0,870.0,0.4441472118275946
2024-09-20,1773.6,1781.4,1825.35,1965.6333333333332,1825.1702253143096,32.642857142857146,26.907630522088358,-52.05565795930784,-52.30493275396481,0.2492747946569764,1926.070091551422,1724.6299084485777,1825.35,201.4401831028445,33.17969667588078,29.133906593130988,41.27127684138036,-76.92307692307692,-55.18316548953097,50.80847169003598,142572.3,12440395,180486.45,1877.0,0.9539976925148964
2024-09-23,1764.2,1774.5,1818.4,1959.2666666666669,1818.2016324272329,34.0,26.07003891050583,-51.59447704986496,-52.16284161314485,0.5683645632798857,1919.2289849723195,1717.5710150276807,1818.4,201.6579699446388,32.076507740630475,30.11477364229748,35.99997593729646,-83.33333333333333,-70.88162315120152,47.53645751147939,143006.95,12289304,183370.6,9796.0,4.931832370058609
2024-09-24,1765.8,1771.6,1814.3,1953.3833333333332,1815.3252864817816,35.0,36.78571428571429,-47.77338685528866,-51.28495066157362,3.511563806284954,1912.939375078168,1715.660624921832,1814.3,197.27875015633617,47.606560715975874,35.94536933352361,70.92894348088039,-54.26356589147287,-37.67031129727539,89.3967642237766,147321.85,12496085,185829.6,-8065.0,-3.869515986642613
2024-09-25,1773.0,1772.4,1809.25,1948.3166666666664,1813.008592531136,38.57142857142857,40.30418250950571,-43.9959129210165,-49.8271431134622,5.831230192445702,1901.2588668497208,1717.2411331502794,1809.25,184.01773369944112,47.51378856892031,39.80150907865584,62.93834754944925,-52.67175572519084,2.070058162914615,100.0,155352.6,12878387,187610.0,-13069.0,-6.522791589097565
2024-09-26,1781.2,1778.8,1805.55,1943.4666666666667,1812.722059909123,39.42857142857143,46.99248120300752,-39.01930613010745,-47.66557571679125,8.6462695866838,1890.58986681193,1720.51013318807,1805.55,170.0797336238602,52.08929573845333,43.897437965255,68.47301128484999,-38.16793893129771,3.5205805754573563,100.0,158047.55,13058730,189104.55,-1987.0,-1.0609215654866833
2024-09-27,1797.4,1785.5,1804.3,1938.2,1815.8913875368253,41.92857142857143,54.20875420875421,-31.80379589643121,-44.49321975271924,12.68942385628803,1885.9567913830183,1722.6432086169814,1804.3,163.31358276603714,63.12125888736395,50.30537827262465,88.75302011684255,-14.5985401459854,50.78227435169411,100.0,159881.7,13269916,188968.55,-24388.0,-13.16114687835599
2024-09-30,1824.0,1794.1,1804.55,1933.9166666666667,1822.4731601523656,44.142857142857146,60.24096385542169,-22.67707083134087,-40.12998996844357,17.452919137102697,1887.207123105165,1721.892876894835,1804.55,165.3142462103301,73.0045340373591,57.87176352753613,103.27007505700502,-7.142857142857143,93.3362842572611,100.0,165311.5,13491756,188516.1,-4974.0,-3.0910729267004333
2024-10-08,1839.4,1802.6,1804.05,1929.4,1826.5233353759504,46.92857142857143,62.893081761006286,-16.863516198220623,-35.47669521439898,18.61317901617836,1885.0164647929932,1723.0835352070064,1804.05,161.93292958598704,70.04130020353446,61.92827575286891,86.26734910486556,-35.54502369668246,96.14301388649017,100.0,170710.6,13273418,187942.95,-747.0,-0.4790273244368093
2024-10-09,1848.8,1810.9,1802.85,1925.1166666666663,1827.616351054431,46.5,64.93506493506493,-14.27040625833206,-31.2354374231856,16.96503116485354,1880.8574895191168,1724.842510480883,1802.85,156.01497903823383,63.75959088529092,62.53871413034292,66.20134439518692,-48.34123222748815,49.01804496029813,100.0,171848.05,13113286,187481.6,12072.0,7.778651236516865
2024-10-10,1850.2,1815.7,1801.6,1920.6,1826.605270001628,45.92857142857143,56.41891891891892,-13.75135537940696,-27.738621014429874,13.987265635022917,1877.745014005628,1725.454985994372,1801.6,152.2900280112558,56.22250237647784,60.43331021238789,47.8008867046577,-58.85167464114833,31.213158366871408,78.93562207458857,173144.1,12943104,186973.4,7181.0,4.293161790202427
2024-10-11,1845.0,1821.2,1801.3,1916.6833333333332,1825.97619666814,44.42857142857143,53.76344086021506,-12.94866474344667,-24.78062976023324,11.831965016786564,1877.086681235255,1725.513318764745,1801.3,151.5733624705099,49.98166825098522,56.949429558587006,36.046145635781656,-57.41626794258373,19.319423205010636,72.36739352435877,173689.45,13072440,186101.2,1823.0,1.045016537974286
2024-10-14,1828.0,1826.0,1800.25,1912.2333333333331,1823.502273175936,45.785714285714285,53.57142857142857,-13.767654533011182,-22.578034714788828,8.810380181777646,1875.4672292694297,1725.0327707305703,1800.25,150.43445853885942,37.48777883399015,50.46221265038805,11.538911201194338,-66.98564593301435,-0.7447577810787908,71.89245810055867,180716.5,12849826,185960.9,12599.0,7.1475577239462185
2024-10-15,1823.0,1831.2,1801.4,1908.7833333333333,1825.073485254418,48.642857142857146,64.40677966101694,-11.061533661211117,-20.274734504073287,9.213200842862172,1878.3781924007424,1724.4218075992578,1801.4,153.95638480148455,37.49185255599343,46.13875928558985,20.1980390968006,-47.84688995215311,33.78211649585162,98.64071807461504,188235.4,13119181,185541.95,-9999.0,-5.294145677691942
2024-10-16,1823.4,1836.1,1804.25,1905.3,1826.4950580873303,49.07142857142857,62.63345195729538,-8.815296127336978,-17.982846828726025,9.167550701389048,1882.568848978299,1725.931151021701,1804.25,156.637697956598,37.494568370662286,43.257362313947326,25.968980484092214,-47.84688995215311,50.12119153828198,94.07793275034696,193647.25,13119181,185158.85,9091.0,5.0824621233297895
2024-10-17,1819.4,1834.8,1806.8,1901.2166666666667,1823.686004936156,50.285714285714285,55.0,-10.385163630685156,-16.463310189117852,6.078146558432696,1880.3064623010955,1733.2935376989046,1806.8,147.01292460219065,28.538045580441526,38.350923402778726,8.912289935767134,-68.42105263157895,3.3906413612670123,74.43700429072945,195533.1,12935806,184268.4,-1319.0,-0.7017413186778065
2024-10-18,1822.4,1833.7,1809.6,1897.8833333333332,1824.76352827557,52.42857142857143,62.02898550724638,-8.465428328400321,-14.863733816974346,6.3983054885740245,1882.91374539048,1736.28625460952,1809.6,146.62749078095976,30.483697053627687,35.72851461972838,19.994061921426308,-54.6875,11.90134418639621,89.67621149056387,196299.1,13161901,183425.1,-7543.0,-4.041426902840728
2024-10-21,1828.2,1828.1,1811.1,1894.3833333333332,1825.1670017731344,52.285714285714285,56.507936507936506,-7.343522569306742,-13.359691567440828,6.016168998134084,1884.7275120205616,1737.4724879794385,1811.1,147.2550240411233,36.98913136908513,36.148720202847294,38.6699537015608,-69.375,5.659939060675941,65.78633164038136,198180.45,12961104,182738.15,764.0,0.4265797128962134
2024-10-22,1826.0,1824.5,1813.55,1890.8833333333332,1825.532049223312,48.92857142857143,56.089743589743584,-6.380849708828009,-11.963923195718264,5.583073486890255,1886.0728820516304,1741.027117948369,1813.55,145.04576410326126,41.32608757939009,37.87450932836156,48.22924408144716,-69.375,19.550151471491056,50.70207570207568,198254.75,12961104,181983.4,-4168.0,-2.3173192930174613
2024-10-23,1823.6,1823.5,1817.2,1887.6666666666667,1825.7670921544252,48.285714285714285,53.06122448979591,-5.633674679007527,-10.697873492376116,5.06419881336859,1884.4735186816583,1749.9264813183418,1817.2,134.54703736331658,43.87725566517162,39.87542477396491,51.88091744758506,-70.0,16.714141572932107,0.0,197284.05,12845100,180972.95,-23.0,-0.0130908676968632
2024-10-24,1831.8,1825.6,1820.65,1885.05,1826.932130996861,46.21428571428572,48.507462686567166,-4.1863589185611545,-9.395570577613125,5.20921165905197,1884.5060057763249,1756.793994223675,1820.65,127.71201155264951,48.97939493324367,42.91008149372449,61.11802181228202,-63.75,23.22477204182174,0.0,194978.85,12975407,179955.25,725.0,0.4127009426658778
2024-10-25,1832.4,1827.4,1824.3,1882.2166666666667,1827.9862137590649,44.57142857142857,39.73799126637554,-3.004714275265087,-8.117399317143517,5.11268504187843,1882.8908201900947,1765.7091798099052,1824.3,117.18164038018948,52.09737439994022,45.97251246246307,64.3470982748945,-63.75,16.919798034588457,0.0,193575.55,12975407,178809.85,-677.0,-0.3837933751707822
2024-10-28,1833.8,1831.0,1828.5,1879.6333333333332,1828.749431496297,41.71428571428572,43.127962085308056,-2.204226713990238,-6.934764796512861,4.730538082522624,1876.322038522449,1780.677961477551,1828.5,95.64407704489804,53.48158293329348,48.47553595273988,63.49367689440069,-42.85714285714285,7.711006443540974,13.453827470231168,194432.3,12807181,177532.95,7166.0,4.078078761666282
2024-10-29,1832.8,1829.4,1830.3,1876.7833333333333,1828.2971046871255,40.71428571428572,46.42857142857143,-2.509209659270482,-6.049653769064387,3.540444109793905,1874.257395641694,1786.3426043583058,1830.3,87.91479128338824,54.57330754111457,50.50812648219811,62.70366965894752,-55.10204081632653,-13.795843539717731,27.12164073550216,189677.3,12695500,176490.25,-3381.0,-1.8486926281946148
2024-10-30,1831.4,1827.5,1831.8,1873.8833333333332,1827.6021423359707,39.85714285714285,51.12359550561798,-2.958877668715104,-5.43149854899453,2.4726208802794263,1871.9974076150293,1791.6025923849706,1831.8,80.39481523005861,53.94977259497728,51.6553418531245,58.53863407868285,-58.16326530612245,-21.82682792956693,46.15388505142652,176673.3,12573278,175910.75,-3805.0,-2.119718113701563
2024-10-31,1827.6,1829.7,1832.25,1870.4666666666667,1826.7828906849256,38.92857142857143,49.71751412429379,-3.437006420630724,-5.032600123321769,1.5955937026910458,1871.6126860446925,1792.8873139553075,1832.25,78.72537208938456,50.32548942229255,51.21205770951385,48.552352847849946,-60.204081632653065,-37.08401016804672,40.45404540454052,172415.6,12478089,175396.55,-681.0,-0.3875924871940772
2024-11-01,1826.0,1829.2,1831.45,1866.9166666666667,1827.089282048266,38.142857142857146,58.92857142857143,-2.894947677309574,-4.605069634119331,1.7101219568097568,1870.282840144724,1792.6171598552764,1831.45,77.66568028944721,50.21699294819504,50.88036945574091,48.89023993310328,-50.0,-20.89170263286008,77.79295786721534,168869.9,12618361,175913.15,-3772.0,-2.1551945788742977
2024-11-04,1827.8,1830.8,1829.45,1863.3333333333333,1828.795064710336,35.642857142857146,51.74825174825175,-1.2406857253936323,-3.932192852374192,2.691507126980559,1859.881804692848,1799.0181953071524,1829.45,60.86360938569533,59.76004658084797,53.8402618307766,71.5996160809907,-34.375,13.68347681044856,52.456950502155145,164550.8,12753819,176911.85,4668.0,2.725887168826313
2024-11-05,1835.8,1834.3,1829.4,1859.6333333333332,1832.147915690304,34.07142857142857,57.407407407407405,1.5851968377928642,-2.8287149143407806,4.413911752133645,1859.5881817241611,1799.2118182758388,1829.4,60.376363448322536,72.62691629980029,60.10247998711783,97.6757889251652,-1.2048192771084338,102.1573216982864,79.26706162183987,159816.1,12877463,178074.2,2526.0,1.4359207571838617
2024-11-06,1836.2,1833.8,1828.65,1855.65,1831.276685624561,34.357142857142854,58.12499999999999,0.5104872011124826,-2.1608744912501283,2.671361692362611,1858.683490079199,1798.6165099208013,1828.65,60.066980158397655,58.01390379582645,59.40628792335404,55.22913554077128,-53.40909090909091,34.76139666520467,82.48626568621879,158685.6,12739941,178278.75,-7084.0,-3.9699396439159207
2024-11-07,1840.0,1833.8,1829.7,1852.4666666666667,1831.9170012793647,31.5,51.0948905109489,0.8592419051251454,-1.5568512119750737,2.41609311710022,1859.4859027061716,1799.9140972938287,1829.7,59.571805412342655,55.84765303560148,58.22007629410318,51.10280651859807,-40.50632911392405,30.316221834563745,59.179551366277416,155558.9,12847589,177937.75,-3730.0,-2.176742123169761
2024-11-08,1841.4,1833.7,1830.55,1849.3833333333332,1832.401096395616,30.428571428571427,53.03030303030303,1.0429187597774217,-1.0368972176245748,2.0798159774019966,1860.1400054253816,1800.9599945746183,1830.55,59.18001085076321,53.898435357067655,56.77952931509134,48.13624744102029,-50.0,55.65478109779461,69.26477288118899,155142.85,12726574,177274.2,-4628.0,-2.760891741783844
2024-11-11,1830.8,1829.3,1830.15,1845.6,1828.5533729293663,32.285714285714285,39.54802259887005,-2.414803576432405,-1.312478489386141,-1.102325087046264,1861.634499110388,1798.665500889612,1830.15,62.96899822077603,39.38056610011407,50.97987491009892,16.181948480144385,-89.65517241379311,-120.33673211730694,0.0,154003.25,12526752,176810.1,16588.0,10.176749550610742
2024-11-12,1815.0,1825.4,1827.4,1841.2666666666669,1824.4054326503792,32.5,38.25136612021858,-5.6547307221649135,-2.1809289359418957,-3.473801786223018,1864.3887607399088,1790.4112392600914,1827.4,73.97752147981737,30.675479440892374,44.21174308703007,3.6029521486169926,-86.73469387755102,-131.5689682790752,0.0,147930.65,12378849,177256.45,8210.0,4.571600394237896
2024-11-13,1809.4,1822.8,1825.15,1837.0666666666664,1821.604915255105,32.0,38.25136612021858,-7.33097300760005,-3.2109377502735263,-4.120035257326524,1864.321821236305,1785.9781787636953,1825.15,78.34364247260964,28.273448878962267,38.89897835100747,7.022389934871853,-76.53061224489795,-87.39177955308557,0.0,140259.45,12468701,176958.05,-5804.0,-3.0905712018828857
2024-11-14,1797.8,1818.9,1824.3,1832.3666666666663,1817.6425423736664,31.5,35.35353535353535,-9.757305590119358,-4.520211318242692,-5.237094271876666,1866.652406257628,1781.947593742372,1824.3,84.70481251525598,21.57005435468233,33.122670352232426,-1.5351776404178563,-91.83673469387756,-100.3980303145335,0.0,135013.5,12390245,177099.0,7468.0,4.103454528470873
2024-11-15,1785.6,1813.5,1821.35,1828.4333333333332,1813.6765859571267,29.571428571428573,35.0,-11.866172364570277,-5.989403527508209,-5.876768837062066,1868.5105321163308,1774.189467883669,1821.35,94.32106423266168,15.740580454141964,27.32864038620227,-7.435539409978652,-95.91836734693878,-97.6686179605988,0.0,127831.8,12307784,177332.3,-5696.0,-3.0064234855722294
2024-11-18,1781.8,1806.3,1818.55,1825.9833333333331,1809.8026253897813,30.0,36.64921465968587,-13.622507616751818,-7.516024345356931,-6.106483271394887,1870.231107206862,1766.868892793138,1818.55,103.3622144137239,15.711111607109135,23.456130793171223,0.2210732349849564,-84.34782608695652,-101.5370296124694,6.89224036883646,122081.95,12221984,177455.5,-1438.0,-0.7825211547356714
2024-11-19,1788.0,1801.5,1817.9,1824.9666666666667,1810.3928515431355,31.357142857142858,48.91774891774892,-11.413112072258627,-8.295441890737271,-3.117670181521357,1869.354220838792,1766.445779161208,1817.9,102.90844167758404,29.477189669536926,25.46315041862646,37.50526817135786,-46.95652173913044,-24.341388957736307,58.16372682044322,124915.2,12411052,177048.3,-14776.0,-8.104120618449272
2024-11-20,1788.8,1799.1,1816.45,1823.9666666666667,1809.3078180628368,32.285714285714285,45.9349593495935,-10.908165567915148,-8.817986626172846,-2.090178941742302,1868.338443090324,1764.5615569096765,1816.45,103.77688618064713,33.35862488872555,28.094975241992824,43.885924182191,-61.73913043478261,-29.55350044581577,45.698337580390735,124056.6,12312220,176340.75,-6030.0,-3.5989042142392518
2024-11-21,1793.2,1795.5,1814.65,1822.5833333333333,1808.6118353901857,30.785714285714285,44.11764705882353,-10.14892639137338,-9.084174579212954,-1.0647518121604254,1865.8843429230712,1763.415657076929,1814.65,102.46868584614232,43.70027047376224,33.296740319249295,64.50733078278813,-59.130434782608695,-24.29199473185294,39.42766295707473,120564.8,12372691,175509.45,-1750.0,-1.0834504491676
2024-11-22,1796.8,1791.2,1812.45,1820.7,1807.220232019692,29.642857142857142,38.96103896103896,-10.076600240050084,-9.28265971138038,-0.7939405286697028,1863.239451868225,1761.6605481317752,1812.45,101.57890373644976,46.94173282725702,37.84507115525187,65.13505617126731,-66.08695652173913,-32.395057438658014,17.128817128817122,118281.25,12302608,174631.7,-1606.0,-1.0051886762929452
2024-11-25,1801.4,1791.6,1810.45,1819.1166666666663,1806.1516384940069,29.5,34.11214953271029,-9.74555724126344,-9.375239217356992,-0.3703180239064476,1860.479359801295,1760.420640198705,1810.45,100.05871960258992,50.01594973871929,41.90203068307434,66.2437878500092,-64.34782608695652,-26.925889495874475,0.0,114008.75,12385384,173278.5,-2343.0,-1.4813643979388558
2024-11-26,1799.8,1793.9,1809.65,1818.0833333333333,1806.327672923149,27.428571428571427,45.94594594594594,-8.417867629777902,-9.183764899841176,0.7658972700632738,1859.2771360406896,1760.0228639593104,1809.65,99.25427208137944,57.54487973448866,47.11631370021245,78.40201180304109,-50.467289719626166,-11.166527108884765,62.55259750768729,112241.75,12461725,171815.35,-5580.0,-3.581009100127064
2024-11-27,1806.2,1797.5,1810.15,1817.0666666666664,1808.67741835904,28.142857142857142,48.18652849740933,-5.446967021009868,-8.436405324074915,2.9894383030650467,1860.4554878247427,1759.8445121752577,1810.15,100.61097564948524,69.2575620994152,54.49672983328003,98.77922663168552,-28.97196261682243,29.27569087896373,74.39615587477897,111945.7,12578026,170481.2,-1225.0,-0.815351233343542
2024-11-28,1811.6,1802.4,1810.65,1816.15,1810.6129023248452,26.928571428571427,47.93814432989691,-3.2168088002256354,-7.39248601930506,4.175677219079424,1861.521458237209,1759.7785417627915,1810.65,101.74291647441714,76.25300887928492,61.74882284861499,105.26138094062478,-9.75609756097561,35.22568904254707,93.38355332752069,110412.7,12513497,169149.55,-631.0,-0.4234416207546831
2024-11-29,1812.8,1804.8,1809.15,1814.9666666666667,1809.6021497224792,25.5,52.24719101123596,-3.746265364565716,-6.663241888357192,2.916976523791476,1859.384293172578,1758.915706827422,1809.15,100.46858634515591,64.27619946791037,62.59128172171346,67.6460349603042,-45.1219512195122,-5.116085607535498,100.0,109727.5,12386929,167733.0,-5470.0,-3.6863315946248254
2024-12-02,1814.0,1807.7,1807.0,1813.6666666666667,1808.878135463196,25.071428571428573,54.91329479768786,-3.958845118797399,-6.122362534445234,2.163517415647835,1854.373099184432,1759.6269008155678,1807.0,94.7461983688645,53.30831598514287,59.49695980952326,40.93102833638207,-42.68292682926829,-14.89162668406609,100.0,107524.3,12478323,165611.85,-9424.0,-6.5940832377060605
2024-12-03,1811.2,1805.5,1803.5,1812.3166666666664,1807.4611701809863,24.857142857142858,49.707602339181285,-4.718457802383,-5.841581588032787,1.1231237856497869,1842.796444194585,1764.2035558054145,1803.5,78.5928883891711,40.76763549336322,53.25385170413658,15.795203071816502,-52.4390243902439,-20.70906272705792,74.97401036244247,104694.3,12411279,163164.7,-3994.0,-2.9919395918856506
2024-12-04,1797.2,1801.7,1800.4,1810.6333333333332,1803.0362968304164,27.0,44.973544973544975,-7.89230297838435,-6.2517258661031,-1.6405771122812505,1842.8730254957115,1757.9269745042889,1800.4,84.94605099142245,33.56140238564641,46.68970193130652,7.304803294326192,-80.85106382978724,-89.81439401113218,52.21537229068717,105419.5,12259253,161672.9,12023.0,9.284313271247434
2024-12-05,1781.0,1796.3,1795.9,1809.0666666666664,1797.794744751329,27.214285714285715,42.92929292929293,-11.326030076637608,-7.266586708210002,-4.059443368427606,1840.611472683153,1751.1885273168473,1795.9,89.42294536630561,24.14731790248768,39.17557392170024,-5.909194135937455,-94.6808510638298,-104.5145952570955,42.38777857788376,103325.55,12193484,160130.1,-4750.0,-3.356392337532943
2024-12-06,1768.8,1790.8,1791.0,1807.6166666666663,1792.1952452512026,26.5,41.66666666666667,-14.605149255307197,-8.734299217629442,-5.870850037677755,1838.159304490448,1743.840695509552,1791.0,94.318608980896,17.716334912338066,32.02249425191285,-10.895983766811511,-95.14563106796116,-118.56354365324374,36.31779422585811,100621.85,12126543,158734.85,-1677.0,-1.226137119711046
2024-12-09,1751.6,1782.8,1787.2,1805.8666666666663,1784.9385552272784,25.0,22.82608695652175,-18.842577110329785,-10.755954796169512,-8.086622314160273,1845.0549911418443,1729.3450088581558,1787.2,115.70998228368852,14.588667719336488,26.211218741054065,-8.656434324098662,-91.66666666666669,-129.02126883198468,0.0,95601.95,12027119,156309.25,-4019.0,-2.974965579522404
2024-12-10,1740.0,1775.6,1784.75,1804.5166666666669,1780.277740443728,26.571428571428573,33.155080213903744,-20.352327400044487,-12.675229316944506,-7.677098083099981,1846.9817400825912,1722.5182599174088,1784.75,124.46348016518232,17.862261419190204,23.428232967099447,6.730318323371719,-76.51515151515152,-76.81510499740028,32.19037726346032,94602.3,12155029,152542.0,-18623.0,-14.207896242609197
2024-12-11,1734.8,1766.0,1781.75,1803.7166666666667,1775.9655746871824,26.642857142857142,31.891891891891905,-21.383016915917324,-14.416786836739073,-6.966230079178253,1847.581923147408,1715.9180768525923,1781.75,131.66384629481536,20.104895590935545,22.32045384171148,15.67377908938368,-77.27272727272727,-71.74542808406328,28.25364232452544,93232.7,12092569,148525.55,-10788.0,-9.593426528652229
2024-12-12,1732.6,1756.8,1779.6,1803.5666666666664,1772.2545675741171,26.214285714285715,34.07821229050279,-21.78731192788723,-15.890891854968704,-5.896420072918527,1848.413707325013,1710.7862926749867,1779.6,137.62741465002637,23.46615680905137,22.702354830824778,24.993760765504557,-75.75757575757575,-67.40413571762286,35.06732461633881,91905.95,12144490,143379.25,-15129.0,-14.881373937677056
2024-12-13,1728.6,1748.7,1776.75,1802.5666666666664,1767.1827039956302,26.0,30.256410256410263,-23.291676260024133,-17.37104873597979,-5.920627524044342,1850.7197662279168,1702.7802337720832,1776.75,147.9395324558336,20.21926793806039,21.87465919990332,16.90848541437454,-89.39393939393939,-75.4992845450328,23.15665275915912,90989.1,12080366,137793.25,-14490.0,-16.744669786791466
2024-12-16,1732.4,1742.0,1774.85,1801.5,1764.117684567475,25.785714285714285,31.65829145728644,-22.92852379933356,-18.482543748650546,-4.445980050683016,1851.14106314512,1698.5589368548797,1774.85,152.58212629024047,24.84314832234329,22.86415557404997,28.801133818929912,-77.27272727272727,-60.61747213051967,27.525624992005252,91924.25,12184869,137174.2,97901.0,135.88868068568254
2024-12-17,1730.8,1735.4,1770.45,1800.6333333333334,1760.677905084858,25.5,21.857923497267763,-22.941113480566628,-19.37425769503376,-3.5668557855328658,1846.8987444392592,1694.001255560741,1770.45,152.8974888785183,28.927690279411657,24.885333809170533,37.01240321989391,-81.88976377952756,-56.30866825300827,0.0,89285.1,12048584,138089.7,15915.0,9.364739387805532
2024-12-18,1723.6,1729.2,1765.45,1799.7,1754.8038188863002,27.357142857142858,19.04761904761905,-25.002930313663,-20.49999221875961,-4.502938094903389,1846.9503390372176,1683.9496609627824,1765.45,163.0006780744352,23.33918090699516,24.36994950844541,21.27764370409467,-93.43065693430655,-81.40465004186302,0.0,91083.85,11913777,140350.9,20884.0,11.236354049531649
2024-12-19,1727.0,1729.8,1763.05,1799.45,1754.7272647066525,29.785714285714285,40.25423728813559,-21.94591580610404,-20.7891769362285,-1.1567388698755394,1842.8272556957145,1683.2727443042857,1763.05,159.5545113914286,43.26508164362447,30.66832688683843,68.45859115719657,-47.10743801652893,-31.470306496101976,59.12789260767199,102015.7,12192885,142258.65,-8819.0,-4.265641248881469
2024-12-20,1731.8,1730.2,1760.5,1799.0833333333333,1753.610382353638,30.142857142857142,37.95918367346939,-20.17821594056818,-20.666984737096435,0.4887687965282552,1839.366976612672,1681.6330233873284,1760.5,157.73395322534316,51.78711070613925,37.70792149327204,79.94548913187367,-54.7008547008547,-21.894271664269912,61.6815881666018,105120.55,12060705,144165.15,-1631.0,-0.8240453502824319
2024-12-23,1734.6,1733.5,1758.15,1799.0333333333333,1753.1712983199582,31.0,40.74074074074074,-18.08468224602484,-20.15052423888212,2.065841992857276,1835.3463320646408,1680.9536679353594,1758.15,154.39266412928146,60.06586601188504,45.16056966614303,89.87645870336905,-42.71844660194175,-21.34189008857278,83.67346938775509,107138.6,12183842,146195.05,125.0,0.0636796658091132
2024-12-24,1743.2,1737.0,1756.3,1798.75,1754.8692699085336,30.0,52.1551724137931,-14.483370294504994,-19.01709345000669,4.533723155501701,1830.16787635988,1682.4321236401197,1756.3,147.7357527197605,68.16891067459002,52.83001666895869,98.84669868585269,-15.625,18.684039358538836,100.0,113959.05,12396592,148693.5,3791.0,1.9300478566337544
2024-12-25,1757.2,1740.4,1753.2,1798.3833333333334,1756.2150537267685,30.0,54.751131221719454,-11.656321098362469,-17.54493897967785,5.88861788131538,1818.585013573631,1687.8149864263692,1753.2,130.77002714726177,72.87649600528223,59.51217644773321,99.60513512038028,-17.708333333333332,20.88008795494811,100.0,113000.85,12299455,151369.4,2324.0,1.1607753819720124
2024-12-26,1754.8,1740.9,1748.85,1797.25,1754.861239086124,31.571428571428573,50.62761506276151,-11.462407100263816,-16.328432603795044,4.866025503531226,1803.7346637578607,1693.9653362421386,1748.85,109.76932751572258,66.63988622574371,61.88807970707004,76.14349926309104,-45.833333333333336,3.8368952880530753,88.45067079437307,117125.2,12152439,154145.7,1377.0,0.6798824894462596
2024-12-27,1750.6,1741.2,1744.95,1795.1833333333334,1751.731597268398,31.285714285714285,51.27118644067797,-12.775296052177964,-15.617805293471628,2.842509241293664,1795.4401240996997,1694.4598759003004,1744.95,100.98024819939928,55.537701928273584,59.77128711413789,47.07053155654498,-66.66666666666667,-51.16591660117298,90.25321440626824,119194.65,11984482,157547.1,7032.0,3.4485464317941084
2024-12-30,1743.8,1739.2,1740.6,1792.35,1748.233349909503,29.428571428571427,45.291479820627806,-14.21672989140211,-15.337590213057728,1.1208603216556163,1785.0209528562343,1696.1790471437653,1740.6,88.84190571246927,45.70569017440461,55.08275480089347,26.951560921426903,-73.95833333333333,-70.78363415251428,73.50498361347837,121167.15,11853638,162092.1,13448.0,6.375151699029136
2024-12-31,1731.0,1737.1,1736.25,1789.7166666666667,1744.306364203836,30.214285714285715,43.91304347826088,-15.822221020236611,-15.434516374493503,-0.3877046457431063,1775.3766499571134,1697.1233500428866,1736.25,78.25329991422677,34.54453419034381,48.23668126404359,7.1602400429442525,-82.29166666666667,-76.92102034818289,69.64419721340298,124422.6,11721485,167501.65,13297.0,5.925790580769363
2025-01-02,1716.6,1736.9,1733.05,1787.3666666666666,1739.8009961844232,30.642857142857142,41.596638655462186,-17.697495026927754,-15.887112104980355,-1.810382921947399,1774.076179062222,1692.0238209377778,1733.05,82.05235812444425,23.762290192829944,40.07855090697238,-8.870231235454924,-92.70833333333331,-83.4590541314782,63.15630657815329,124066.35,11576584,173226.3,18325.0,7.709654212016548
2025-01-03,1700.0,1727.4,1728.6,1784.7333333333331,1732.1056632144782,32.142857142857146,38.372093023255815,-21.996384974883316,-17.108966678960947,-4.887418295922366,1780.6299508888703,1676.5700491111295,1728.6,104.05990177774083,17.816835437195273,32.65797908371335,-11.86545185584088,-94.07407407407408,-132.37459933819562,54.124854388008586,131602.55,11360091,180056.75,17366.0,6.78322279250354
2025-01-06,1687.2,1718.9,1724.55,1782.0333333333333,1725.0479810035756,33.357142857142854,34.15637860082305,-25.19356217086101,-18.725885777340963,-6.467676393520051,1785.0861136236567,1664.0138863763432,1724.55,121.07222724731356,17.505595919169146,27.60718469553195,-2.69758163355646,-83.11688311688312,-123.07195665783952,42.3172921463004,139575.85,11133684,187194.05,4460.0,1.6314287804521266
2025-01-07,1673.6,1708.7,1721.1,1779.4833333333331,1717.6148399556162,32.42857142857143,33.603238866396765,-28.28885983527812,-20.638480588928395,-7.650379246349722,1790.8511365689217,1651.348863431078,1721.1,139.50227313784353,15.095054813692672,23.436474734918857,-1.587785028759697,-90.25974025974024,-105.43924536402558,40.76803354191152,140069.6,11024385,194455.95,-1527.0,-0.5495968902965775
2025-01-08,1658.4,1694.7,1715.85,1776.0,1709.3658075788908,31.285714285714285,35.470085470085465,-31.66792370528856,-22.84436921220043,-8.823554493088128,1795.921744145805,1635.7782558541949,1715.85,160.14348829161008,10.730036542461782,19.200995337433167,-6.211881047480986,-98.1012658227848,-104.39514704326172,8.827577577577536,140618.2,10885503,202827.35,3567.0,1.2909273179329217
2025-01-09,1651.0,1683.8,1712.1,1773.0,1704.664302095187,29.714285714285715,27.403846153846143,-31.64106008543581,-24.60370738684751,-7.0373526985883,1795.3571160228728,1628.842883977127,1712.1,166.51423204574576,17.509344749990703,18.63711180828568,15.253810633400754,-79.74683544303798,-71.47935299180256,0.0,148561.9,11106837,211350.55,-7752.0,-2.769758467914818
2025-01-10,1653.0,1676.5,1708.7,1770.8666666666666,1701.2677018956454,29.714285714285715,32.03883495145631,-30.54148249056061,-25.79126240759013,-4.750220082970479,1793.2199447033463,1624.1800552966536,1708.7,169.03988940669296,26.211903592192375,21.162042402921244,36.31162597073464,-74.0506329113924,-54.20696471769018,16.9486250138051,153024.25,11248005,220308.8,-6428.0,-2.3621237064910594
2025-01-13,1658.8,1673.0,1707.1,1768.4,1699.908873143679,30.285714285714285,35.779816513761475,-27.89604155451229,-26.212218236974564,-1.6838233175377295,1792.0096113834493,1622.1903886165503,1707.1,169.81922276689875,38.39658821039775,26.906891005413414,61.37598262036643,-62.65822784810127,-20.812728136725,30.628160488790687,160725.45,11466153,229127.9,-17273.0,-6.500940910801656
2025-01-14,1666.8,1670.2,1704.7,1766.0333333333333,1698.6794566538051,29.071428571428573,28.57142857142857,-25.505499037044046,-26.070874396988465,0.5653753599444187,1789.0004651296654,1620.3995348703347,1704.7,168.60093025933065,48.46594252786207,34.0932415128963,77.21134455779361,-60.66666666666666,-22.53936376253539,4.2694637317181465,162406.65,11466153,233081.75,596.0,0.2399095106409454
2025-01-15,1675.0,1666.7,1701.9,1763.4166666666667,1696.1385560201093,29.214285714285715,26.79425837320575,-24.5384871041324,-25.764396938417253,1.2259098342848525,1786.6607158263414,1617.1392841736588,1701.9,169.52143165268262,51.11404715532685,39.76684339370648,73.80845467856759,-70.66666666666667,-32.042897866565,0.0,165064.75,11276706,236917.0,13543.0,5.438453476184924
2025-01-16,1680.4,1665.7,1701.3,1761.0666666666666,1695.2682173515277,28.071428571428573,36.04060913705584,-22.304634597103583,-25.07244447015452,2.767809873050936,1786.316654715254,1616.2833452847458,1701.3,170.03330943050833,59.28970665055978,46.27446447932424,85.32019099303086,-42.71844660194175,-19.91500689519011,37.77578108805946,168527.45,11480767,239834.65,2532.0,0.9643289687164324
2025-01-17,1693.2,1673.1,1700.25,1759.3166666666666,1698.861720460906,30.357142857142858,52.46636771300448,-16.63076571442184,-23.384108719007987,6.753343004586146,1783.0150447447736,1617.4849552552264,1700.25,165.5300894895472,70.77647110037319,54.44180001967389,103.44581326177178,-6.25,20.73068807386529,100.0,178639.45,11962115,242466.25,-14540.0,-5.484764124965103
2025-01-20,1702.8,1680.8,1699.85,1757.6,1702.303461369391,31.285714285714285,54.58715596330275,-11.836358291073566,-21.074558633421105,9.238200342347536,1781.8186075983017,1617.881392401698,1699.85,163.93721519660355,76.18160403981518,61.68840135972098,105.1680094000036,-13.008130081300813,42.87481765367925,100.0,184152.4,12204554,244746.75,-8653.0,-3.453491806288367
2025-01-21,1713.2,1690.0,1699.35,1755.9833333333331,1705.7983698104017,30.5,57.476635514018696,-7.626080585702994,-18.38486302387748,10.758782438174483,1780.1702033107028,1618.529796689297,1699.35,161.64040662140587,80.84238083528662,68.07306118490953,106.38102013604076,-9.75609756097561,49.27957523048698,100.0,183626.85,12317180,246719.65,-6027.0,-2.491473925714638
2025-01-22,1731.2,1703.1,1698.9,1754.95,1711.1509060189346,32.642857142857146,64.31718061674009,-2.405765225817732,-15.18904346426553,12.7832782384478,1778.1249296226238,1619.6750703773764,1698.9,158.44985924524735,85.54758162128351,73.89790133036752,108.84694220311552,-4.285714285714286,67.28093240022064,100.0,183366.1,12524715,248530.95,559.0,0.2369869169655425
2025-01-23,1744.8,1712.6,1698.2,1753.85,1715.3270102076076,30.642857142857142,74.48979591836735,1.153237010283874,-11.920587369355651,13.073824379639523,1775.0281746566852,1621.3718253433149,1698.2,153.65634931337036,86.11668840111712,77.97083035395072,102.4084044954499,-9.285714285714286,80.38660650238661,100.0,185163.75,12391625,249673.65,-11048.0,-4.672703510871823
2025-01-24,1752.8,1723.0,1699.75,1753.0833333333333,1720.8196759021212,30.571428571428573,76.99530516431925,5.364384209391574,-8.463593053606205,13.82797726299778,1781.3984763130088,1618.1015236869912,1699.75,163.29695262601763,88.42561835436794,81.45575968742313,102.36533568825756,-5.228758169934641,88.4059797732087,100.0,185383.65,12543039,249916.35,-16623.0,-7.375249013927032
2025-01-27,1759.0,1730.9,1701.95,1752.0166666666669,1725.122563911443,30.571428571428573,78.4688995215311,8.044178918557009,-5.162038659173563,13.206217577730571,1788.35534827516,1615.5446517248402,1701.95,172.8106965503198,87.9359194826221,83.61581295248945,96.57613254288736,-9.803921568627452,78.6910283921637,100.0,181068.1,12461393,248933.9,-17471.0,-8.368699884080744
2025-02-05,1754.8,1734.0,1702.1,1749.9,1724.4442244913057,32.714285714285715,68.04979253112033,6.223001794187439,-2.885030568501363,9.108032362688803,1788.6110884284667,1615.5889115715331,1702.1,173.02217685693358,72.69122460920984,79.97428350472958,58.125106818170366,-41.44736842105263,32.16128463378992,79.83709850929768,182808.85,12295734,247812.9,10677.0,5.581431819963933
2025-02-06,1748.2,1739.7,1703.2,1747.65,1724.8781078730865,31.714285714285715,65.47085201793722,5.602729097952761,-1.187478635210538,6.790207733163299,1790.5290209195211,1615.870979080479,1703.2,174.6580418390422,64.96567077507194,74.97141259484371,44.9541871355284,-39.39393939393939,28.06609684035821,74.84637103471184,183926.15,12450233,246719.0,13839.0,6.851939872853663
2025-02-07,1743.4,1744.1,1704.9,1746.1166666666666,1725.4611452185068,31.571428571428573,64.35185185185185,5.212455856196812,0.0925082630709318,5.11994759312588,1793.040796456722,1616.7592035432783,1704.9,176.28159291344355,53.812730288404126,67.91851849269719,25.60115387981801,-43.47826086956522,34.17197427784448,72.68089849108367,184082.1,12598253,244845.55,2734.0,1.266849233820344
2025-02-10,1737.6,1745.2,1709.15,1744.55,1727.226750435792,31.5,63.50710900473933,5.88432205304116,1.2508710210649774,4.633451031976183,1796.161856421524,1622.1381435784765,1709.15,174.02371284304763,52.31350968998631,62.71684889179356,31.506831286371806,-32.17391304347826,43.76522309127464,71.04616464806037,183739.75,12807899,242851.6,14956.0,6.84344185408039
2025-02-11,1731.6,1745.3,1713.05,1742.8666666666666,1728.0622980133355,31.571428571428573,61.18721461187214,5.705478508653641,2.1417925185827102,3.563685990070931,1797.3588932065247,1628.7411067934752,1713.05,168.61778641304954,47.661061254511424,57.69825301269952,27.58667773813524,-39.130434782608695,31.624662481852493,66.5567393877896,179148.55,12673316,240482.9,-3035.0,-1.2997803007267603
2025-02-12,1741.0,1747.9,1718.95,1742.4166666666667,1731.5801743930178,32.785714285714285,69.95708154506437,7.813729537881272,3.276179922442423,4.5375496154388495,1800.2589624115683,1637.6410375884316,1718.95,162.61792482313697,57.80143809661492,57.73264804067132,57.93901820850212,-14.678899082568808,52.287246393466674,79.93834326263297,184669.85,12893041,239068.95,17568.0,7.622816380724262
2025-02-13,1747.8,1748.0,1725.55,1742.05,1734.57253873654,32.785714285714285,67.27272727272728,9.216903654365524,4.464324668827043,4.752578985538481,1797.7149426480269,1653.385057351973,1725.55,144.32988529605382,63.64844731555149,59.704581132298046,71.53617968205839,-17.475728155339805,54.17612205627444,56.941991913524255,185874.05,12730075,237506.65,600.0,0.2419023198432457
2025-02-14,1765.6,1754.5,1733.55,1742.4666666666667,1742.7084874282982,32.857142857142854,68.83116883116884,14.758229202558368,6.523105575573308,8.235123626985061,1810.4380936647071,1656.6619063352928,1733.55,153.77618732941437,74.0707162894637,64.49329285135326,93.2255631656846,-5.084745762711864,101.6932723583687,59.64394028910162,191423.15,13062391,236856.6,10493.0,4.220259497896506
2025-02-17,1778.6,1758.1,1740.55,1742.95,1749.0219648160794,34.07142857142857,65.41666666666666,18.05404575225316,8.829293610909279,9.22475214134388,1818.1819928625669,1662.918007137433,1740.55,155.2639857251338,72.28297185737489,67.08985252002714,82.6692105320704,-31.29251700680272,110.5549856314358,37.82360563780305,199028.6,12769114,236347.9,-3601.0,-1.3896660710771114
2025-02-18,1788.2,1759.9,1745.4,1743.0833333333333,1752.353206262167,36.642857142857146,58.62068965517242,18.43619210027873,10.75067330878317,7.685518791495561,1821.0401452865567,1669.7598547134437,1745.4,151.28029057311323,65.42220799561954,66.53397101189128,63.19868196307607,-48.29931972789116,67.09556248793987,0.0,202618.6,12479166,236603.45,-1988.0,-0.7780030212189759
2025-02-19,1794.6,1767.8,1750.9,1743.4833333333331,1756.6052818562464,35.285714285714285,56.972111553784856,19.56253249146357,12.513045145319252,7.04948734614432,1824.6332318138036,1677.1667681861968,1750.9,147.46646362760657,62.41179781161604,65.1599132784662,56.915566877915694,-39.45578231292517,62.27026465346221,0.0,207037.05,12705662,236989.0,3196.0,1.260560547136924
2025-02-20,1800.2,1774.0,1756.85,1743.0666666666666,1759.8809692985087,35.57142857142857,57.2,19.743425590067545,13.959121234268911,5.784304355798634,1822.54234514424,1691.1576548557596,1756.85,131.38469028848067,58.2745318744107,62.86478614378103,49.094023335670045,-43.53741496598639,54.65655010428495,1.0601046377582697,207740.35,12502149,237368.15,13415.0,5.225252596072205
2025-02-21,1796.0,1780.8,1762.45,1743.0666666666666,1763.6065912700792,35.285714285714285,55.41666666666667,20.298331287377778,15.226963244890683,5.071368042487093,1821.8663720129512,1703.033627987049,1762.45,118.83274402590224,57.48485851994834,61.0714769358368,50.31162168817141,-38.095238095238095,68.33323733976822,0.0,212802.95,12807462,237067.45,-11065.0,-4.095887824867017
2025-02-24,1798.0,1788.3,1766.75,1743.35,1768.882154006262,36.85714285714285,60.47430830039526,22.09720804410381,16.60101220473331,5.4961958393705,1829.544149912084,1703.955850087916,1766.75,125.58829982416772,61.656572346632224,61.26650873943528,62.43669956102612,-24.489795918367346,89.34719969689658,34.78333786226821,200756.2,13047875,237389.2,-2091.0,-0.8070741535563752
2025-02-25,1807.4,1797.8,1771.55,1743.9666666666667,1774.798139338999,35.5,76.036866359447,24.21202934303051,18.12321563239275,6.0888137106377584,1838.653925683439,1704.446074316561,1771.55,134.207851366878,66.8186672787072,63.11722825252592,74.22154533106973,-16.3265306122449,85.19066527358572,100.0,200981.6,13294822,238008.05,-2711.0,-1.0548925457113612
2025-02-26,1808.6,1801.6,1774.75,1744.0833333333333,1777.484030830523,35.857142857142854,65.81196581196582,23.35940182118657,19.170452870151514,4.188948951035052,1841.4208332033068,1708.0791667966932,1774.75,133.3416664066135,58.40345608842652,61.54597086449279,52.11842653629398,-39.097744360902254,53.84817182563142,50.41318367512616,207663.65,13048555,239235.15,6138.0,2.4138554832823456
2025-02-27,1812.2,1806.2,1777.1,1744.1,1780.4855517038063,36.5,66.38655462184875,22.90381727477097,19.917125751075407,2.9866915236955656,1845.1770461356057,1709.022953864394,1777.1,136.15409227121154,53.10230405895102,58.73141526264553,41.84408165156202,-35.9375,37.65794832900435,53.19971735784361,207963.35,13262084,240327.4,-2138.0,-0.8209814914369118
2025-02-28,1813.4,1804.7,1779.6,1743.6666666666667,1782.8202610653486,35.5,63.31877729257642,21.966777333564774,20.32705606757328,1.639721265991497,1847.9316987397108,1711.268301260289,1779.6,136.66339747942175,49.68725032501497,55.71669361676868,37.62836374150754,-39.37007874015748,35.076886178187195,38.32218282869726,210203.65,13084188,241935.95,-722.0,-0.2795394181553501
2025-03-03,1810.0,1804.0,1781.05,1743.2166666666667,1784.6469028686488,36.21428571428572,64.73214285714286,20.742979347336814,20.41024072352599,0.3327386238108225,1850.019787436024,1712.080212563976,1781.05,137.93957487204807,44.40688483206127,51.94675735519954,29.32713978578469,-44.16666666666666,23.01493711098691,45.17645963311296,215281.4,12831219,244774.7,7981.0,3.098695449603972
2025-03-04,1796.8,1802.1,1781.0,1742.6333333333334,1782.7757692621108,36.92857142857143,50.0,16.596209080664494,19.64743439495369,-3.051225314289198,1850.0171603376696,1711.9828396623302,1781.0,138.0343206753396,32.2865822252056,45.39336564520156,6.07301538521368,-85.71428571428571,-8.077312263188974,0.0,226845.6,12518289,248443.6,-868.0,-0.3268798415310581
2025-03-05,1788.2,1798.4,1783.1,1741.9333333333334,1780.606648380005,37.57142857142857,49.361702127659576,12.75932401041473,18.2698123180459,-5.510488307631171,1846.3618617961693,1719.8381382038303,1783.1,126.52372359233914,28.62315358223583,39.80329495754632,6.262870831614848,-80.50847457627118,-44.24592264587663,0.0,232446.65,12240609,250567.75,-20218.0,-7.638860027278948
2025-03-06,1784.0,1798.1,1786.05,1741.8333333333333,1781.310777105719,35.785714285714285,42.23300970873787,11.841430305684526,16.984135915573628,-5.142705609889102,1843.9663643815868,1728.133635618413,1786.05,115.83272876317368,34.82284312889796,38.14314434799687,28.18224069070014,-56.77966101694916,-14.497671156472986,0.0,236720.2,12480579,251778.45,-4430.0,-1.8121944734204696
2025-03-07,1778.8,1796.1,1788.45,1742.1333333333334,1781.09070309565,34.5,42.64705882352941,10.269389023565964,15.641186537172096,-5.371797513606133,1840.435726786268,1736.4642732137324,1788.45,103.9714535725352,36.1781917155616,37.48816013718511,33.55825487231458,-61.11111111111112,-23.24188561023102,1.2248576222229943,239430.1,12278361,252919.45,1340.0,0.5582751796687768
2025-03-10,1774.0,1792.0,1790.15,1742.6333333333334,1780.7963504198738,33.0,48.333333333333336,8.840930594287329,14.281135348595145,-5.440204754307816,1838.0809810810413,1742.219018918959,1790.15,95.86196216208282,38.06437270833358,37.68023099423459,38.832656136531554,-62.03703703703704,-19.970249502874303,18.046235634085544,238136.35,12094590,253336.55,478.0,0.1980403123899465
2025-03-11,1772.2,1784.5,1791.15,1742.9166666666667,1778.4347932370283,32.642857142857146,39.15343915343916,5.866030906456217,12.59811446016736,-6.732083553711144,1834.9835367885269,1747.316463211473,1791.15,87.66707357705354,33.29291513888906,36.21779237578608,27.443160665095007,-82.4074074074074,-64.68265596295026,0.0,242692.25,11868889,253968.25,1257.0,0.519758686420535
2025-03-12,1770.8,1779.5,1790.55,1743.5333333333333,1776.0124319763593,32.642857142857146,39.784946236559136,3.2291034483948806,10.724312257812866,-7.495208809417985,1836.182283124786,1744.917716875214,1790.55,91.264566249572,29.032883596866213,33.82282278281279,19.45300522497305,-85.18518518518519,-87.20587224187688,1.712170291531675,241476.75,11673474,253418.75,-6056.0,-2.4911559029206054
2025-03-13,1762.4,1773.2,1789.7,1743.7,1773.154105121468,31.785714285714285,35.67567567567568,0.5679311841204253,8.693036043074379,-8.125104858953954,1838.0456850523465,1741.3543149476538,1789.7,96.6913701046924,23.4093097852982,30.351651783641262,9.524625788612065,-91.66666666666669,-82.56535003561744,0.0,241705.05,11505942,252403.8,-8709.0,-3.674001451207376
2025-03-14,1760.4,1769.6,1787.15,1744.2666666666669,1772.7584760622804,32.0,36.70212765957447,0.3112528439155539,7.016679403242614,-6.70542655932706,1834.1271501008923,1740.172849899108,1787.15,93.95430020178446,30.62968070193588,30.444328089739468,31.00038592632871,-70.37037037037037,-54.78098228142129,2.543165765205032,234374.35,11691644,250577.55,-5733.0,-2.5107845928131867
2025-03-17,1760.0,1767.0,1785.5,1744.9166666666667,1773.067192627777,31.357142857142858,34.97267759562841,0.6650090976704632,5.746345342128184,-5.081336244457721,1831.554887163056,1739.4451128369442,1785.5,92.10977432611162,42.08645380129059,34.32503666025651,57.60928808335875,-60.204081632653065,-26.916648966551957,0.0,226868.55,11834805,248951.5,403.0,0.1810406016118371
2025-03-18,1764.0,1768.1,1785.1,1745.8666666666666,1773.346507615608,30.214285714285715,41.29032258064516,0.9345901044850962,4.783994294599567,-3.849404190114471,1831.3483001112556,1738.8516998887444,1785.1,92.496600222511,49.52656242119937,39.39221191390413,69.79526343578986,-51.25,-12.977845300664312,20.11100056113283,218987.75,11834805,247288.15,-2734.0,-1.2259814802358715
2025-03-19,1771.8,1771.3,1784.85,1746.8166666666666,1775.123030699836,29.5,44.84848484848485,2.411502971881191,4.309496030055892,-1.897993058174701,1830.880996421996,1738.819003578004,1784.85,92.0619928439919,63.526182857070765,47.43686889495967,95.70481078129296,-29.487179487179485,1.8585620250788304,33.1854324870146,215371.95,11988985,245267.75,-3945.0,-1.7909756617984218
2025-03-20,1792.6,1777.5,1787.8,1748.85,1782.254170633185,32.57142857142857,60.273972602739725,8.167927549221304,5.081182333888975,3.0867452153323285,1842.2778081329468,1733.322191867053,1787.8,108.9556162658937,74.81455668732254,56.562764825747294,111.31814041047303,-2.586206896551724,86.64714908219919,85.01932002061699,224994.6,12384951,243777.3,24014.0,11.100838549226632
2025-03-21,1807.0,1783.7,1789.9,1751.2166666666667,1787.8490115252623,33.142857142857146,58.66666666666666,11.866916291590767,6.438329125429334,5.428587166161435,1849.2185867740025,1730.5814132259975,1789.9,118.63717354800474,75.49826167214536,62.87459710787998,100.74559080067613,-22.96296296296296,104.6980681114187,93.64733727810648,231440.8,11950714,242681.2,-3178.0,-1.3222934176583157
2025-03-24,1822.4,1791.2,1791.6,1752.8666666666666,1794.0538675704756,31.214285714285715,72.0,15.58701383855714,8.268066068054896,7.318947770502245,1856.148309122308,1727.051690877692,1791.6,129.0966182446159,78.93913962222626,68.22944461266208,100.35852964135464,-14.074074074074074,100.49041533603204,100.0,230656.85,12175448,241746.15,1130.0,0.4764675622570324
2025-03-25,1840.0,1802.0,1793.25,1754.8833333333334,1800.7154039923353,31.071428571428573,75.24271844660194,19.201483268931725,10.454749508230265,8.746733760701462,1863.4763258481316,1723.0236741518686,1793.25,140.45265169626282,83.50844602266064,73.3224450826616,103.88044790265872,-7.352941176470588,101.8697968962216,100.0,231893.65,12447131,240982.45,716.0,0.3004716901952253
2025-03-26,1859.6,1815.7,1797.6,1757.2333333333331,1809.218698850208,31.285714285714285,75.0,23.88858628966477,13.141516864517165,10.747069425147608,1880.0784501361695,1715.12154986383,1797.6,164.95690027233968,87.14227664450668,77.92905560327662,105.56871872696678,-5.590062111801243,110.98497478327424,99.39727290692312,234538.55,12746296,240654.0,14843.0,6.210252376489489
2025-03-27,1867.8,1830.2,1801.7,1759.2333333333331,1817.0073941978076,31.428571428571427,78.57142857142857,27.36835547924602,15.98688458746294,11.38147089178308,1894.118043351201,1709.2819566487983,1801.7,184.836086702403,86.41729118348375,80.75846746334567,97.73493862375992,-13.068181818181818,104.94210189498504,100.0,240597.9,13081012,240059.1,-7467.0,-2.9414892988406605
2025-03-28,1878.2,1842.6,1806.1,1761.3,1824.2447852265875,30.785714285714285,79.18781725888324,29.942324439980663,18.77797255796649,11.16435188201418,1907.1552740883667,1705.0447259116331,1806.1,202.1105481767336,86.04975589388428,82.52223027352521,93.10480713460244,-11.931818181818182,89.64288082642702,100.0,243106.95,13309089,239438.6,-1234.0,-0.5008442106630318
2025-03-31,1882.0,1852.2,1809.6,1763.4666666666667,1828.7929009192933,31.857142857142858,79.59183673469389,29.94253004237953,21.010884054849097,8.931645987530434,1914.8203702512571,1704.3796297487424,1809.6,210.44074050251493,80.84068233301205,81.96171429335416,78.59861841232782,-23.863636363636363,59.57906660965764,100.0,242187.35,13074512,238049.65,-7388.0,-3.0136651029981643
2025-04-01,1895.0,1867.5,1817.8,1766.9166666666667,1838.3364341650752,35.285714285714285,85.2,34.14847426030019,23.63840209593932,10.51007216436087,1933.4320844203305,1702.1679155796694,1817.8,231.2641688406611,86.76092108914091,83.56144989194975,93.15986348352324,-1.0362694300518134,83.26136934588578,100.0,244627.55,13436246,237651.45,18947.0,7.968893263010912
2025-04-02,1896.2,1877.9,1824.6,1769.9333333333334,1843.82820233983,36.92857142857143,77.17391304347827,34.42209466738564,25.795140610228582,8.62695405715705,1941.903744275596,1707.2962557244036,1824.6,234.60748855119252,79.26918548799871,82.13069509063274,73.54616628273067,-18.134715025906736,69.59375781675642,84.02047616254538,245583.85,13139440,237151.9,-22245.0,-8.665453879684781
2025-04-03,1896.8,1882.3,1829.9,1773.05,1848.606468783656,36.35714285714285,74.50980392156862,34.084650887553835,27.45304266569364,6.631608221860198,1949.791003130346,1710.008996869654,1829.9,239.782006260692,72.47575328829544,78.9123811565203,59.60249755184572,-21.764705882352946,54.04766437825402,78.71637274954368,243714.0,12936867,236441.25,-8652.0,-3.6901187389108743
2025-04-07,1890.6,1884.4,1834.05,1775.8,1849.8820431852123,39.92857142857143,65.35714285714286,30.879136235120768,28.138261379579063,2.740874855541705,1952.256732375821,1715.843267624179,1834.05,236.4134647516421,60.92978147147624,72.91818126150561,36.95298189141749,-43.125,19.481381268595005,54.80983166113934,248010.15,12648726,234400.9,-25254.0,-11.183639487715446
2025-04-08,1877.0,1879.5,1835.35,1778.2166666666667,1845.5123247866209,43.57142857142857,54.142011834319526,23.389013516147543,27.188411806892763,-3.79939829074522,1951.5155352459108,1719.184464754089,1835.35,232.3310704918217,42.59516295629281,62.81050849310135,2.164471882675741,-79.87421383647799,-10.024794146938362,23.03142013611777,257564.15,12273875,230284.1,-41051.0,-20.468393183019373
2025-04-09,1857.2,1876.1,1839.05,1781.0833333333333,1844.034960521228,46.285714285714285,55.45977011494253,19.32821636007293,25.6163727175288,-6.288156357455868,1949.1283931187245,1728.9716068812756,1839.05,220.1567862374486,38.82761430646278,54.81621043088849,6.850422057611354,-68.70748299319727,-16.29860998207905,4.242896460625049,264152.55,12631344,225703.0,-8029.0,-5.033634887497096
2025-04-10,1851.0,1873.6,1844.65,1784.7166666666667,1846.031630947778,44.42857142857143,52.30769230769231,18.718438344800006,24.23678584298304,-5.518347498183033,1947.4513413798431,1741.848658620157,1844.65,205.6026827596861,44.25242314308403,51.29494800162034,30.16737342601141,-44.89795918367347,15.13148066703218,0.0,265354.25,12850793,221029.2,-7910.0,-5.22188040507533
2025-04-11,1846.2,1871.5,1850.85,1788.7,1848.3143327622756,43.785714285714285,54.51713395638629,18.426236898705383,23.07467605412751,-4.648439155422128,1943.0061032620315,1758.6938967379683,1850.85,184.3122065240632,49.00274921557076,50.53088173960381,45.94648416750465,-41.49659863945578,19.358758142114112,6.717198651314725,267051.6,13052272,216311.0,-9597.0,-6.6846372450685365
2025-04-14,1837.0,1863.8,1853.2,1791.3,1845.2367772611065,46.42857142857143,44.90358126721763,13.679626228417874,21.195666088985583,-7.516039860567712,1938.726480971624,1767.6735190283762,1853.2,171.05296194324774,39.924735304711575,46.99549959463973,25.783206724855265,-78.2312925170068,-25.261229709249346,0.0,269275.5,12822092,211364.85,-10292.0,-7.682259593494112
2025-04-15,1836.6,1856.8,1854.5,1793.5166666666669,1841.118988950525,46.5,41.53005464480874,8.688069421458522,18.694146755480173,-10.00607733402165,1935.7701796803983,1773.2298203196017,1854.5,162.54035936079708,30.99605224693667,41.66235047873871,9.663455783332594,-87.75510204081633,-55.6044553701594,0.0,269891.15,12666618,205557.45,-16822.0,-13.601338950023855
2025-04-16,1828.4,1842.8,1855.15,1795.2166666666667,1836.1552757171407,44.92857142857143,35.69405099150141,3.641259166189002,15.68356923762194,-12.042310071432938,1933.946940897207,1776.3530591027932,1855.15,157.59388179441385,22.041445299610675,35.1220487523627,-4.119761605893373,-96.59863945578232,-82.85226870576864,0.0,269005.35,12552002,198852.4,-20687.0,-19.359517860318
2025-04-17,1806.4,1828.7,1853.3,1796.35,1828.4262018393183,45.21428571428572,32.38341968911918,-3.0665409958164678,11.93354719093426,-15.000088186750729,1939.7093074909972,1766.8906925090023,1853.3,172.81861498199487,16.232758404868655,28.825618636531352,-8.952962058456741,-96.7032967032967,-121.5332388800117,0.0,269066.65,12396596,196151.35,76135.0,88.35441568991529
2025-04-18,1787.0,1816.6,1849.45,1798.0333333333333,1823.14751594986,45.92857142857143,35.07462686567165,-6.851096211110644,8.176618510525278,-15.027714721635922,1943.0414413542076,1755.8585586457928,1849.45,187.18288270841455,17.071838936579102,24.907692069880603,1.4001326699761023,-86.81318681318682,-92.11033010017992,5.095383231386617,260661.3,12624455,192845.35,11915.0,7.34111703274698
2025-04-21,1775.8,1806.4,1845.4,1799.25,1817.1334668117777,44.71428571428572,35.786802030456855,-10.775165440060618,4.386261720408099,-15.161427160468715,1947.1828441754424,1743.6171558245578,1845.4,203.56568835088456,14.245809291052735,21.353731143604648,0.0299655859489078,-93.95604395604396,-84.7043567801459,6.443776407531896,247475.3,12453938,190122.15,8478.0,4.866261049248077
2025-04-22,1772.0,1804.3,1841.9,1800.0833333333333,1813.8826604487515,43.642857142857146,29.72222222222223,-11.89202691071864,1.1306039941827506,-13.022630904901392,1947.3312447448216,1736.4687552551786,1841.9,210.8624894896429,19.959493298658025,20.88898519528911,18.100509505395856,-76.24309392265194,-69.57242242955546,0.0,252467.7,12778520,188040.3,13957.0,7.639383025539415
2025-04-23,1766.6,1797.5,1836.8,1800.5333333333333,1808.9414546917276,42.92857142857143,30.747126436781613,-14.306752827493938,-1.9568673701525872,-12.349885457341353,1947.4680194380348,1726.131980561965,1836.8,221.33603887606975,18.6591269193,20.14569910329274,15.685982551314517,-86.66666666666667,-65.0203857533406,2.2883669438538625,254408.85,12468014,186696.35,15474.0,7.868602374717137
2025-04-24,1767.2,1786.8,1830.2,1800.85,1804.0898875782293,42.0,30.57142857142857,-16.35468050784516,-4.836429997691102,-11.518250510154058,1943.2283616015795,1717.1716383984206,1830.2,226.05672320315895,17.20132270810476,19.164240304896747,13.27548751452079,-87.05035971223022,-63.52730225237553,2.3830734966592195,248850.05,12280025,184945.65,6708.0,3.162226758246156
2025-04-25,1764.0,1775.5,1823.5,1800.7666666666669,1799.6051363803028,37.85714285714285,33.542319749216304,-17.8525762060367,-7.439659239360223,-10.412916966676478,1937.2374631611656,1709.7625368388342,1823.5,227.4749263223316,17.626968761924914,18.65181645723947,15.577273371295805,-87.5912408759124,-59.79942906212423,14.842507696992245,241292.75,12096455,183136.9,-8628.0,-3.942660519016439
2025-04-28,1768.2,1772.0,1817.9,1801.2,1797.833218629798,35.142857142857146,45.96491228070175,-16.90816313531991,-9.33336001855216,-7.574803116767747,1928.2065584728632,1707.593441527137,1817.9,220.61311694572623,32.1493224581987,23.15098512422588,50.14599712614434,-70.07299270072993,-45.1022137931245,63.10892601805965,240321.6,12305109,181152.7,-4743.0,-2.2563258471330894
2025-04-29,1758.6,1765.3,1811.05,1800.5666666666666,1791.8491025698172,34.857142857142854,34.42622950819671,-19.645068414555453,-11.39570169775282,-8.249366716802633,1924.1898296474485,1697.9101703525516,1811.05,226.27965929489665,26.194786400703897,24.16558554971855,30.2531881026746,-93.42105263157896,-65.03281294003149,18.971663768792503,244250.0,11991964,179766.0,4562.0,2.2203186901969207
2025-04-30,1777.6,1772.1,1807.45,1802.0833333333333,1798.0539499441204,42.5,48.97959183673469,-11.833298266782094,-11.483221011558676,-0.3500772552234181,1908.749919468046,1706.150080531954,1807.45,202.59983893609208,45.6683191389308,31.333163412789297,74.3386305912138,-15.384615384615383,37.0259843061452,77.66661894576697,275986.7,12988432,177590.25,3166.0,1.507418058544574
2025-05-06,1802.2,1784.7,1806.7,1804.8,1805.953573758966,43.07142857142857,51.33819951338199,-3.6635832134918473,-9.919293451945313,6.255710238453464,1905.4289751103388,1707.9710248896613,1806.7,197.4579502206775,62.54431152471929,41.736879450099295,104.15917567395928,-3.703703703703704,72.43184232066031,100.0,281397.25,13393449,177438.75,18240.0,8.555587868326509
2025-05-07,1828.0,1796.0,1806.3,1807.4166666666667,1813.5770429247789,41.285714285714285,59.66850828729281,3.177801323570065,-7.299874496842236,10.4776758204123,1903.594128129313,1709.0058718706869,1806.3,194.5882562586262,71.67758570921696,51.71711486980519,111.59852738804052,-10.05586592178771,88.80985220786857,100.0,290220.55,13772488,178950.75,24618.0,10.637157893827176
2025-05-08,1848.2,1808.2,1807.3,1809.9333333333332,1820.093515027181,41.285714285714285,61.36363636363637,8.182557854617698,-4.203388026550249,12.385945881167949,1907.3759711420385,1707.2240288579617,1807.3,200.151942284077,77.02155620837928,60.15192864932988,110.76081132647808,-12.29050279329609,74.50549527493807,100.0,297088.35,13346991,182251.3,10517.0,4.1073688157093
2025-05-09,1879.8,1819.2,1811.75,1812.4166666666667,1827.036989786497,43.07142857142857,64.85714285714286,12.887907753819036,-0.7851288704763917,13.673036624295428,1918.8748656574528,1704.6251343425472,1811.75,214.2497313149056,79.20840065633246,66.5040859849974,104.61702999900255,-16.417910447761194,87.79657920706798,100.0,306010.2,13900279,187969.8,7308.0,2.7415040758677955
2025-05-12,1887.8,1832.7,1815.1,1815.1,1833.7001336163544,41.71428571428572,72.1875,16.746653028078526,2.721227509234592,14.025425518843935,1928.6269965576048,1701.5730034423952,1815.1,227.05399311520927,81.32964687204917,71.44593961401466,101.09706138811816,-14.427860696517412,71.58860701157248,100.0,301444.55,14166435,193744.35,-6908.0,-2.5223001566396563
2025-05-13,1891.0,1846.6,1816.7,1817.3,1839.728692319559,41.07142857142857,70.52980132450331,19.57904145630937,6.092790298649548,13.486251157659822,1934.0265348908576,1699.3734651091424,1816.7,234.6530697817152,82.7438110158603,75.21189674796321,97.80763955165447,-14.427860696517412,73.17299485045444,96.09634326620568,305434.05,14166435,200320.85,8129.0,3.0449228187542365
2025-05-14,1891.0,1859.5,1817.5,1819.35,1844.13548352722,42.35714285714285,71.0,20.69753334217353,9.013738907354345,11.683794434819184,1936.5621244296697,1698.4378755703303,1817.5,238.12424885933933,81.86237483976093,77.42872277856245,90.72967896215788,-19.90049751243781,52.21790386404095,97.20359771054784,314157.65,13790484,206145.7,-24630.0,-8.953173051058172
2025-05-15,1893.0,1870.6,1821.3,1820.55,1848.69400890558,41.5,69.25795053003533,21.816607801557893,11.574312686195054,10.24229511536284,1944.924388668685,1697.675611331315,1821.3,247.24877733737003,79.3869466350286,78.08146406405116,81.99791177698344,-16.915422885572138,60.61555872520118,92.96053334829344,323336.45,14204240,212216.45,-5374.0,-2.14558346774838
2025-05-16,1889.8,1884.8,1825.05,1821.6833333333332,1851.3898175812392,40.71428571428572,70.7581227436823,21.248172032681623,13.509084555492368,7.739087477189255,1950.74214688872,1699.3578531112803,1825.05,251.38429377743927,65.04584321123119,73.73625711311117,47.66501540747123,-24.37810945273632,43.26087223770249,96.56532390672427,324892.35,14017648,218857.55,-5415.0,-2.2093564101936414
2025-05-19,1879.8,1883.8,1827.95,1822.7333333333331,1850.9717397163597,42.21428571428572,64.68646864686468,18.16750956951455,14.440769558296806,3.726740011217745,1952.8136730283356,1703.086326971665,1827.95,249.72734605667077,47.75949986975852,65.07733803199362,13.123823545288332,-39.30348258706468,17.530907026152686,80.58999517026912,330279.65,13795286,225635.8,-17944.0,-7.486680101302157
2025-05-20,1870.2,1880.6,1832.65,1823.6,1850.783954981468,42.35714285714285,65.13157894736842,15.706392146012831,14.693894075840012,1.0124980701728197,1952.944857045514,1712.3551429544862,1832.65,240.58971409102787,36.96787170804414,55.70751592401047,-0.5114167238885017,-38.308457711442784,15.635134901555496,81.3143971038708,329172.8,13928555,228479.0,-2566.0,-1.1572372426545183
2025-05-21,1864.0,1877.5,1836.75,1824.6666666666667,1851.185483078471,41.642857142857146,62.93706293706294,14.07780849915548,14.570676960503109,-0.4928684613476264,1954.0366484079004,1719.4633515920996,1836.75,234.5732968158009,31.97125513137009,47.79542899313034,0.3229074078495841,-35.32338308457712,18.69178264390692,75.50284473361397,326532.0,14103598,230997.9,5429.0,2.477083894163856
2025-05-22,1855.4,1874.2,1841.2,1825.5,1850.9773418329023,38.785714285714285,73.17073170731707,12.162789305757997,14.089099429554086,-1.926310123796089,1952.8434173231929,1729.5565826768077,1841.2,223.2868346463852,27.07548696000805,40.88878164875624,-0.5511024174883516,-57.89473684210526,8.35858573500746,100.0,324202.6,13979669,233021.05,-1437.0,-0.6398097934977143
2025-05-23,1845.4,1867.6,1843.4,1825.6333333333332,1848.693785467864,30.5,39.72602739726028,8.768825102318488,13.025044564106969,-4.256219461788479,1951.9044748047431,1734.895525195257,1843.4,217.00894960948608,18.7829253726061,33.52016289003953,-10.691549662260757,-98.01980198019804,-7.698331960974317,0.0,316602.5,13807089,233929.2,-8343.0,-3.738556468200094
2025-05-26,1839.2,1859.5,1846.1,1825.3833333333332,1845.5800916137816,29.428571428571427,25.563909774436084,5.132313830651583,11.44649841741589,-6.314184586764307,1948.59703461703,1743.6029653829698,1846.1,204.9940692340601,15.27424382638572,27.438189868821595,-9.053648258486035,-92.43697478991596,-28.643479676476712,0.0,309724.25,13634148,234294.15,4610.0,2.146002662719137
2025-05-27,1832.2,1851.2,1848.9,1825.5666666666664,1842.5724638410409,28.571428571428573,22.307692307692307,2.065163246517386,9.570231383236193,-7.505068136718805,1944.0605844986608,1753.7394155013394,1848.9,190.32116899732137,12.323502000465098,22.399960579369434,-7.829415157343575,-94.11764705882354,-31.638631877760044,0.0,309196.55,13456713,234394.7,1420.0,0.647137101919526
2025-05-28,1819.2,1841.6,1850.55,1825.25,1837.5655625228464,28.857142857142858,19.333333333333343,-2.2759394988470376,7.200997206819546,-9.476936705666583,1939.9726510809048,1761.1273489190953,1850.55,178.8453021618093,11.100283384925447,18.633401514554773,-3.9659528743331975,-93.79310344827586,-63.4927376625192,0.0,310063.35,13255807,235072.15,2910.0,1.317648337317978
2025-05-29,1806.2,1830.8,1850.7,1824.9,1832.4640803778132,28.357142857142858,12.41379310344827,-6.129784219587236,4.53484092153819,-10.664625141125429,1939.640192796948,1761.759807203052,1850.7,177.88038559389588,11.141685521923089,16.136162850344213,1.1527308650808408,-92.3076923076923,-74.81725953164481,0.0,308908.15,13070257,235770.75,-4320.0,-1.930657227897992
2025-05-30,1795.4,1820.4,1852.6,1824.4166666666667,1826.8008346275456,28.928571428571427,9.21052631578948,-9.956816018234576,1.6365095335836368,-11.593325551818213,1932.274072914332,1772.9259270856685,1852.6,159.3481458286633,10.231528665705737,14.16795145546472,2.358683086187764,-94.07894736842104,-101.32337351251384,0.0,302955.9,12876157,236525.7,5689.0,2.5925318313145373
2025-06-03,1784.4,1811.8,1847.8,1824.35,1820.5340884725413,30.785714285714285,8.536585365853654,-13.798999723519728,-1.4505923178370363,-12.348407405682693,1937.317066882128,1758.282933117872,1847.8,179.03413376425578,8.545157041504973,12.293686650811471,1.0480978228919788,-96.27329192546584,-91.71328693328628,0.0,262059.2,12697623,237419.9,5951.0,2.643396838229095
2025-06-04,1776.4,1804.3,1842.45,1824.5833333333333,1816.1022705227756,29.785714285714285,16.265060240963848,-15.614967017135996,-4.283467257696828,-11.331499759439168,1936.2975247130064,1748.6024752869937,1842.45,187.6950494260132,11.845638674919172,12.144337325514035,11.248241373729442,-88.19875776397515,-78.87723805062369,11.95726301432143,249986.7,12861190,236827.7,-11488.0,-4.97148149109824
2025-06-05,1762.8,1791.0,1834.25,1823.4833333333331,1807.1401495206064,30.714285714285715,9.9056603773585,-21.007933221340863,-7.628360450425635,-13.379572770915228,1939.982283572688,1728.5177164273118,1834.25,211.46456714537635,8.870328459678475,11.053001036902184,4.5049833052310575,-97.60479041916167,-101.97790363591704,2.1181915272339147,244498.5,12591915,236310.55,26119.0,11.89443963750627
2025-06-06,1750.0,1778.1,1826.15,1822.5,1798.841087661501,31.071428571428573,10.552763819095476,-25.15332915658587,-11.133354191657682,-14.019974964928188,1940.9152523977384,1711.384747602262,1826.15,229.5305047954762,7.580218973118984,9.895407015641116,2.9498428880747163,-96.1783439490446,-95.79968270021271,3.119370437091119,233030.55,12395777,235218.8,-975.0,-0.3968108616290045
2025-06-09,1734.8,1765.1,1816.35,1821.15,1789.141936455644,30.571428571428573,10.9375,-29.94925669381109,-14.896534692088366,-15.052722001722728,1940.194172036436,1692.5058279635637,1816.35,247.6883440728725,7.738043073801918,9.176285701694718,4.861557818016316,-93.5483870967742,-102.42256045317733,3.714622641509441,219139.7,12120306,234817.8,21123.0,8.631003456814334
2025-06-10,1718.2,1751.3,1805.4,1819.85,1778.556990126535,32.142857142857146,9.090909090909092,-34.88111722361646,-18.893451198393983,-15.98766602522247,1937.660349311584,1673.1396506884164,1805.4,264.5206986231674,5.867915240690641,8.073495548026692,1.456754626018537,-98.46938775510203,-94.64821833971776,0.8576329331046426,218696.75,11863009,234911.0,2976.0,1.1193987745291567
2025-06-11,1696.8,1736.6,1793.9,1818.4166666666667,1767.932514876389,31.5,6.074766355140184,-39.225097784305945,-22.959780515576377,-16.265317268729568,1932.471509185392,1655.3284908146084,1793.9,277.14301837078347,3.911943493793761,6.686311529949048,-1.636792578516813,-100.0,-94.51443173553814,0.0,213186.15,11673982,235508.15,18208.0,6.77297801981156
2025-06-12,1681.6,1722.2,1781.9,1816.75,1756.319894411971,32.142857142857146,5.676855895196496,-43.85670537134979,-27.13916548673106,-16.71753988461873,1928.239043968096,1635.5609560319044,1781.9,292.67808793619133,2.818932793330862,5.397185284409653,-2.33757218882672,-99.52380952380952,-93.49558982050284,0.0,205996.6,11441822,238338.7,20038.0,6.980884263920495
2025-06-13,1669.8,1709.9,1770.35,1814.95,1747.2418092298783,32.285714285714285,12.612612612612608,-45.78908504357673,-30.8691493981002,-14.919935645476537,1916.564370378858,1624.1356296211418,1770.35,292.42874075771624,5.254815955047579,5.349728841288961,5.064990182564813,-91.53439153439152,-77.7723744949483,34.87573755032895,198477.25,11705191,240323.65,-22286.0,-7.25741584413131
2025-06-16,1675.0,1704.9,1762.65,1814.0666666666664,1744.9330654936996,35.357142857142854,32.96703296703298,-41.83537584040892,-33.062394686561944,-8.77298115384697,1901.2372706238573,1624.062729376143,1762.65,277.1745412477144,21.685028818516567,10.794828833698162,43.465428788153375,-58.73015873015873,-41.38908943079584,100.0,209741.0,12117058,242290.9,-5769.0,-2.025681810999569
2025-06-17,1694.2,1706.2,1759.0,1814.0333333333333,1747.70134497049,37.71428571428572,43.7888198757764,-34.19260793661192,-33.28843733657194,-0.9041706000399828,1891.9645777919493,1626.0354222080507,1759.0,265.9291555838986,46.54623811781701,22.711965261737777,94.21478382997547,-24.56140350877193,-1.075567024115863,100.0,228717.35,12718947,245495.4,6801.0,2.437424737656979
2025-06-18,1718.6,1707.7,1756.0,1813.9833333333331,1751.6345502113957,37.21428571428572,49.84025559105432,-26.61844381897481,-31.954438633052515,5.335994814077704,1882.987773966099,1629.012226033901,1756.0,253.975547932198,61.99856734736188,35.80749929027914,114.38070346152736,-12.727272727272728,22.072372970118305,100.0,240364.4,13085157,247603.6,-24492.0,-8.568879559170817
2025-06-19,1745.4,1713.5,1752.25,1812.8166666666664,1754.3360216198344,35.785714285714285,49.36708860759494,-21.098874281578677,-29.783325762757748,8.684451481179075,1871.0968718452089,1633.4031281547914,1752.25,237.69374369041725,70.36463629609071,47.32654495888299,116.44081897050614,-14.556962025316457,21.77418294530868,98.92859927741532,244955.25,12818297,248833.9,-12129.0,-4.641204899496043
2025-06-20,1759.2,1714.5,1746.3,1810.9666666666667,1752.0183052750883,37.642857142857146,43.94366197183098,-20.522586190665837,-27.931177848339367,7.408591657673533,1856.341331947888,1636.2586680521122,1746.3,220.0826638957756,65.18932742320025,53.28080578032208,89.00637070895658,-46.20253164556962,-5.635549963822382,86.64823437545189,259044.3,12412587,248946.35,-23794.0,-9.548000834657556
2025-06-23,1756.8,1715.9,1740.5,1808.6,1748.1118000107942,36.85714285714285,43.0939226519337,-21.35287231669531,-26.61551674201056,5.262644425315248,1844.7052630250917,1636.2947369749086,1740.5,208.41052605018285,57.65310000256361,54.73823718773592,63.48282563221901,-57.41935483870968,-25.15701893313165,84.72415397007272,263901.45,12142864,249863.45,7750.0,3.438179317687773
2025-06-24,1741.6,1717.9,1734.6,1805.8333333333333,1743.3392476288138,38.785714285714285,39.50276243093923,-22.79708085057382,-25.85182956372321,3.054748713149394,1834.060439107173,1635.1395608928267,1734.6,198.92087821434643,49.83324946407467,53.10324127984883,43.293265832526345,-65.80645161290323,-40.645681838050216,76.59262368543456,277231.55,11703321,251245.6,13911.0,5.966289243437983
2025-06-25,1731.8,1725.2,1730.9,1803.3333333333333,1743.0212240451174,38.92857142857143,52.55681818181817,-20.31836011956057,-24.745135674890683,4.426775555330117,1823.169399614859,1638.6306003851412,1730.9,184.53879922971785,52.9500574658457,53.052180008514455,52.7458123805082,-38.70967741935484,-12.030372333971425,100.0,295929.75,12254720,252964.9,8163.0,3.3039085930764767
2025-06-26,1720.6,1733.0,1727.6,1800.55,1741.2096788979634,40.07142857142857,50.54644808743169,-19.421147465694503,-23.68033803305145,4.259190567356946,1815.5913871384564,1639.6086128615434,1727.6,175.982774276913,48.84170497723047,51.6486883314198,43.22773826885181,-49.03225806451613,-10.280529924073702,95.71166443757956,312825.9,11715891,253442.7,-21920.0,-8.588197497198646
2025-06-27,1718.0,1738.6,1724.25,1797.6166666666666,1738.9039951933955,39.57142857142857,52.85714285714285,-19.05528401932452,-22.755327230306065,3.700043210981548,1808.2095767398769,1640.2904232601234,1724.25,167.91915347975328,44.27988665148698,49.192421104775526,34.4548177449099,-53.54838709677419,-4.289510581311352,100.0,315085.8,11485143,253597.6,-10778.0,-4.619525617836906
2025-06-30,1718.2,1737.5,1721.2,1794.95,1736.3417099368817,38.57142857142857,55.0595238095238,-18.95034503405645,-21.994330791056143,3.043985756999689,1802.078336179606,1640.321663820394,1721.2,161.7566723592122,39.93659110099132,46.10714443684746,27.59548442927904,-56.774193548387096,-12.918923306974971,100.0,316297.2,11266815,253526.25,1164.0,0.5230614372506048
2025-07-01,1722.8,1732.2,1719.2,1791.4833333333331,1734.8805947047977,40.0,58.08383233532934,-17.93422081444146,-21.182308795733206,3.2480879812917465,1797.8828410373428,1640.5171589626573,1719.2,157.36568207468554,40.46620197693207,44.226830283542334,32.94494536371154,-50.96774193548387,-8.624143192005691,100.0,321046.65,11540338,253873.7,14327.0,6.404559678140376
2025-07-02,1722.6,1727.2,1717.45,1788.8666666666666,1735.2729190186265,40.42857142857143,64.04833836858006,-15.49783607469226,-20.04541425152502,4.547578176832761,1792.47273339688,1642.42726660312,1717.45,150.04546679376017,48.24730925446265,45.56698994051577,53.6079478823564,-41.49659863945578,22.63380119640519,100.0,326089.15,11804755,254088.35,-14144.0,-5.9421830296563005
2025-07-03,1725.2,1722.9,1718.2,1786.25,1735.4374029216144,39.642857142857146,61.9496855345912,-13.571918274892369,-18.75071505619849,5.178796781306122,1793.712564308495,1642.687435691505,1718.2,151.02512861699006,61.053761725197326,50.72924720207629,81.70279077143941,-49.21875,24.618641923866555,93.24786135306788,320423.0,11648803,252912.5,-1691.0,-0.755305226390568
2025-07-04,1728.8,1723.4,1718.95,1784.1333333333334,1735.3957455005082,37.785714285714285,52.32558139534884,-12.067886742001974,-17.41414939335919,5.346262651357215,1794.8348851188248,1643.0651148811753,1718.95,151.76977023764948,61.09085733136133,54.1831172451713,74.90633750374138,-50.78125,40.96479814696892,52.24085593667297,328955.2,11282021,251216.9,-11370.0,-5.117195938647656
2025-07-07,1736.0,1727.1,1721.5,1783.2,1736.596150690936,35.214285714285715,44.090909090909086,-9.714951646523788,-15.87430984399211,6.159358197468324,1797.706091758311,1645.293908241689,1721.5,152.412183516622,64.06057155424088,57.47560201486117,77.2305106330003,-40.625,35.02971216459153,18.692356910370552,322249.85,11423385,248586.95,2436.0,1.1554771323675883
2025-07-08,1744.4,1733.6,1725.75,1782.0833333333333,1739.110803006085,35.5,44.090909090909086,-6.564191082869456,-14.012286091767582,7.448095008898125,1801.218710839744,1650.281289160256,1725.75,150.93742167948812,71.16233225567278,62.03784542846504,89.41130591008827,-22.88135593220339,44.04801381204627,18.692356910370552,319054.85,11616782,245864.6,1128.0,0.5289367808007261
2025-07-09,1750.6,1736.6,1730.9,1780.5,1742.0526312912198,35.57142857142857,47.70642201834863,-3.462436326925399,-11.902316138799144,8.439879811873746,1803.490850518304,1658.309149481696,1730.9,145.18170103660805,76.60822150378185,66.89463745357064,96.03538960420424,-10.091743119266056,59.79594746851284,33.4221515447475,317918.3,11783078,242071.85,-3200.0,-1.4926347802561746
2025-07-10,1758.6,1741.9,1737.45,1778.95,1745.3809521206274,33.857142857142854,63.42857142857143,-0.4344240671180159,-9.60873772446292,9.174313657344904,1800.843424862621,1674.056575137379,1737.45,126.78684972524206,79.93812705063121,71.2424673192575,97.32944651337864,-11.016949152542374,63.58302541807263,97.4750360652234,318980.2,12036476,237129.35,-2957.0,-1.4001875124297958
2025-07-11,1766.2,1747.5,1743.05,1778.2333333333331,1748.0113376329489,32.642857142857146,69.375,1.6238125930399292,-7.3622276609623505,8.98604025400228,1797.1083505406991,1688.9916494593006,1743.05,108.1167010813988,80.7834936351287,74.4228094245479,93.5048620562903,-14.40677966101695,63.123010930500776,100.0,314424.8,11864215,232779.0,-10443.0,-5.015151587915224
2025-07-14,1769.4,1752.7,1745.1,1777.6,1749.5340673821916,30.428571428571427,71.15384615384616,2.499937468171765,-5.389794635135528,7.889732103307293,1799.066461319894,1691.133538680106,1745.1,107.9329226397881,75.47728404504076,74.7743009647122,76.88325020569789,-24.761904761904763,31.30057781687428,100.0,302918.8,11682468,228727.4,206.0,0.1041529734157054
2025-07-15,1763.0,1753.7,1742.95,1776.6333333333334,1747.7689181076971,29.071428571428573,46.93877551020408,0.5253921427831756,-4.206757279551787,4.732149422334962,1795.4755827395422,1690.424417260458,1742.95,105.05116547908436,53.853542898714046,67.80071494271282,25.959198810716515,-60.824742268041234,-10.820590617103086,10.523123978273492,284944.8,11440059,224504.4,3373.0,1.7036041860277074
2025-07-16,1755.6,1753.1,1740.15,1776.2666666666669,1746.3623544783927,26.928571428571427,53.38345864661654,-0.8680595183368496,-3.5390177273088,2.67095820897195,1788.1117171899916,1692.1882828100086,1740.15,95.92343437998306,40.004926035040135,58.53545197348859,2.943874158143217,-58.76288659793814,-16.601853939343776,34.33681101979755,272977.9,11566931,221319.4,-3732.0,-1.853350880242344
2025-07-17,1748.8,1753.7,1738.3,1775.7666666666669,1746.0421302423554,26.071428571428573,59.55882352941176,-1.1521819363838404,-3.061650569123808,1.9094686327399677,1782.4962132221888,1694.1037867778111,1738.3,88.39242644437763,35.90071992079599,50.99054128925773,5.721077183872524,-48.45360824742268,4.274293434022421,57.15534275725793,266496.4,11704161,218759.8,379.0,0.1917695931347607
2025-07-18,1743.2,1754.7,1739.05,1775.5166666666669,1745.9428797430835,26.428571428571427,62.40601503759399,-1.202110532444749,-2.6897425617879964,1.4876320293432477,1783.1621775766012,1694.9378224233988,1739.05,88.2243551532024,34.19022353694092,45.3904353718188,11.789799867185168,-46.39175257731959,34.30143618743559,67.67597287793127,256446.35,11908870,216925.65,-9285.0,-4.689109750924192
2025-07-21,1752.8,1761.1,1744.1,1776.0,1752.234034053266,29.142857142857142,73.82198952879581,4.117200231694824,-1.3283540030914325,5.445554234786256,1796.9509323726156,1691.2490676273842,1744.1,105.70186474523145,53.97627805688534,48.25238293350765,65.42406830364072,-5.882352941176471,121.5062248889353,100.0,259422.85,12238123,215064.9,7218.0,3.824572000826598
2025-07-22,1770.0,1766.5,1750.05,1776.9166666666667,1758.4022212862883,30.214285714285715,71.91011235955057,8.636692138280523,0.6646552251829587,7.972036913097565,1807.630972734713,1692.469027265287,1750.05,115.16194546942596,65.75764815442841,54.08747134048123,89.09800178232277,-10.576923076923077,108.4706890409153,93.56943259011564,253178.35,12552776,212299.55,-4181.0,-2.1337620250580502
2025-07-23,1778.0,1766.8,1751.7,1777.1666666666667,1759.7924859256896,33.5,58.18181818181818,8.569209248702009,2.245566029886769,6.32364321881524,1809.9556977111476,1693.444302288853,1751.7,116.51139542229475,59.37241268547655,55.84911845547967,66.4190011454703,-53.398058252427184,61.276665294376265,47.394540942928046,240025.2,12264440,208577.85,-10964.0,-5.7174443586908925
2025-07-24,1786.4,1767.6,1754.75,1777.6333333333334,1762.1932015518144,32.642857142857146,60.869565217391305,9.375948189930568,3.671642461895529,5.70430572803504,1813.2860887336487,1696.2139112663513,1754.75,117.07217746729748,58.99908418513971,56.899107032033015,63.19903849135309,-41.74757281553398,49.61828799061427,56.43473388575865,223049.4,12463753,205601.7,-7009.0,-3.8766592920354
2025-07-25,1798.0,1770.6,1759.05,1778.0,1766.0795633087846,33.5,61.70212765957447,11.337057637446604,5.204725497005745,6.132332140440861,1818.5371945532183,1699.562805446781,1759.05,118.97438910643724,64.57544123669507,59.457885100253705,74.8105535095778,-24.271844660194176,70.0150077490313,59.235043965045975,223320.95,12699932,203055.35,-2182.0,-1.2555310689276178
2025-07-28,1783.2,1768.0,1760.35,1778.05,1763.4053191841383,36.57142857142857,45.6140350877193,7.559156975102269,5.67561179262505,1.883545182477219,1816.5536709797675,1704.1463290202323,1760.35,112.40734195953472,46.9718627852477,55.295877661918375,30.323833031906343,-87.37864077669903,-32.060275921956155,0.0,224873.45,12450554,199526.55,-18485.0,-10.771579579159596
2025-07-29,1768.6,1769.3,1761.5,1776.1666666666667,1761.557193547554,37.5,45.4225352112676,4.991751533377965,5.538839740775633,-0.5470882073976684,1815.1989659806536,1707.8010340193464,1761.5,107.39793196130722,37.9812418568318,49.52433239355618,14.895060783383045,-80.0,-43.05135215934283,0.0,218778.85,12602185,195274.2,-144.0,-0.094041430474645
2025-07-30,1762.4,1770.2,1761.65,1773.85,1759.6946036858822,37.85714285714285,43.72759856630824,2.7638213265186096,4.983836057924228,-2.2200147314056187,1815.100518189816,1708.1994818101844,1761.65,106.90103637963148,31.35257393630057,43.46707957447098,7.123562659959745,-81.9047619047619,-28.5698174782248,0.0,212932.8,12454689,191437.9,-5823.0,-3.806379918943648
2025-07-31,1748.2,1767.3,1760.5,1770.9833333333331,1755.342736668179,38.785714285714285,40.264026402640255,-1.2468228107818504,3.7377042841830126,-4.984527094964863,1817.0815666470407,1703.9184333529593,1760.5,113.16313329408148,22.30227618162335,36.41214511018843,-5.917461675506814,-95.7983193277311,-81.13178152174746,0.0,211908.95,12319214,187406.15,-5600.0,-3.8054594752543247
2025-08-01,1729.4,1763.7,1759.2,1768.1,1750.929142699781,38.42857142857143,40.80267558528429,-4.773716960395859,2.0354200352672382,-6.809136995663097,1819.3317850971544,1699.0682149028455,1759.2,120.26357019430908,15.952194961190637,29.59216172718917,-11.327738570806432,-96.7479674796748,-86.53845060062338,1.6051307423488952,199012.0,12210371,184000.05,1143.0,0.8074485896140793
2025-08-04,1728.4,1755.8,1758.45,1765.4333333333334,1749.221605299802,38.35714285714285,50.3448275862069,-5.568021870089069,0.5147316541959768,-6.082753524285046,1819.536564980163,1697.3634350198372,1758.45,122.1731299603257,18.493875231579665,25.89273289531933,3.696159904100327,-76.61290322580645,-57.450903440808304,30.039967401089136,199347.75,12358450,180447.7,-489.0,-0.3426769446390976
2025-08-05,1734.0,1751.3,1758.9,1763.35,1751.3909762236303,40.785714285714285,55.96330275229357,-3.0157761797336207,-0.1913699125899427,-2.824406267143678,1820.2596816023256,1697.5403183976744,1758.9,122.71936320465149,33.124357188025584,28.30327432622142,42.76652291163391,-45.16129032258065,3.107463612989964,46.78256630366542,200102.1,12566934,176531.85,-6142.0,-4.318934540928621
2025-08-06,1735.6,1749.0,1757.9,1760.9,1751.2585022975704,43.57142857142857,51.032448377581126,-2.736771423133177,-0.7004502146985897,-2.036321208434588,1819.149790547628,1696.650209452372,1757.9,122.49958109525596,36.15018307947883,30.918910577307223,46.612728083822034,-62.903225806451616,1.7972366328193217,32.08902141783393,203616.1,12330358,172094.4,-13632.0,-10.018446523455015
2025-08-07,1740.2,1744.2,1755.9,1758.4166666666667,1749.9005496978018,42.85714285714285,48.85714285714286,-3.524026711573242,-1.2651655140735203,-2.258861197499722,1817.1360402998268,1694.663959700173,1755.9,122.47208059965352,36.60012205298588,32.812647735866776,44.17507068722409,-73.38709677419355,-27.63972685057533,25.6067879394176,196508.65,12219109,167447.2,-7152.0,-5.841371480843205
2025-08-08,1744.0,1736.7,1753.65,1755.6833333333334,1747.814783059916,39.142857142857146,35.616438356164394,-4.818611034862897,-1.975854618231396,-2.8427564166315014,1815.5438820207785,1691.7561179792217,1753.65,123.78776404155678,33.49099045956635,33.038761977099966,34.39544742449911,-80.64516129032258,-36.28062633569578,0.0,191897.95,12139062,162961.7,-7209.0,-6.253198594786835
2025-08-11,1741.8,1735.1,1751.55,1753.1,1745.3562322923049,37.42857142857143,33.788395904436854,-6.256606034193965,-2.83200490142391,-3.4246011327700545,1814.8004628651415,1688.2995371348582,1751.55,126.5009257302836,29.14550879122605,31.74101091514199,23.954504543394165,-85.36585365853658,-56.00860422297878,0.0,187891.0,12037454,158515.8,998.0,0.923424257004335
2025-08-12,1732.8,1733.4,1751.35,1751.1,1743.6080196930377,33.857142857142854,40.94488188976378,-6.9130795404025775,-3.648219829219644,-3.264859711182934,1814.898655209772,1687.801344790228,1751.35,127.0973104195441,28.142460406271912,30.54149407885197,23.3443930611118,-78.89908256880734,-45.15246473793967,25.637869017673527,180330.25,12128648,153038.05,-17264.0,-15.827786640262577
2025-08-13,1728.0,1731.8,1751.0,1749.05,1741.931065436558,33.214285714285715,37.86008230452675,-7.428401181558911,-4.4042560996874975,-3.024145081871413,1815.0493230994427,1686.9506769005573,1751.0,128.0986461988855,27.09497360418128,29.392653920628405,22.49961297128702,-79.81651376146789,-41.569485897122846,14.586678828209658,178066.35,12047054,146901.8,-16902.0,-18.409759285480888
2025-08-14,1725.8,1733.0,1750.15,1746.9,1740.4138211092666,32.857142857142854,32.888888888888886,-7.747489063586727,-5.072902692467344,-2.674586371119383,1815.091350058276,1685.208649941724,1750.15,129.88270011655231,26.396649069454185,28.393985636903665,22.401975934555225,-75.0,-28.706251128831557,0.0,178412.3,12047054,145738.3,99834.0,133.27548459443585
2025-08-15,1727.6,1735.8,1749.75,1745.0333333333333,1740.0886952893363,28.928571428571427,49.707602339181285,-7.031703340803915,-5.464662822134658,-1.5670405186692573,1814.9230489988968,1684.5769510011032,1749.75,130.34609799779355,29.105702554239297,28.63122460934888,30.05465844402013,-62.5,-25.83737837601108,72.88901702923152,173630.8,12156133,145432.3,7865.0,4.500921358345456
2025-08-18,1734.0,1737.9,1746.85,1743.8166666666666,1741.4135814522567,28.857142857142858,52.747252747252745,-5.034643833315386,-5.378659024370804,0.3440151910554183,1805.160511826744,1688.5394881732557,1746.85,116.62102365348846,37.65776995679445,31.6400730584974,49.69316375338856,-43.18181818181818,13.12413476648392,86.0622678258303,165556.15,12323893,144824.8,1188.0,0.6505774696479394
2025-08-19,1752.0,1742.4,1746.85,1743.8333333333333,1748.6122879806132,32.142857142857146,65.4320987654321,1.6130198131022553,-3.9803232568761926,5.593343069978448,1805.160511826744,1688.5394881732557,1746.85,116.62102365348846,55.8961404231737,39.72542884672284,88.23756357607542,-7.377049180327869,92.700006548875,100.0,169923.4,12725891,145888.25,29238.0,15.90794091242962
2025-08-20,1762.0,1745.0,1747.0,1743.2,1751.2206415062692,32.857142857142854,62.109375,3.532266033935457,-2.477805398713863,6.01007143264932,1805.60842403993,1688.39157596007,1747.0,117.21684807986004,56.47313316347173,45.3079969523058,78.80340558580357,-40.98360655737705,72.16792520013311,89.78980937025796,178367.9,12268665,147278.7,-4424.0,-2.0766735670060488
2025-08-21,1769.6,1747.7,1745.95,1742.7666666666669,1752.437723267577,33.857142857142854,60.45627376425856,4.0384302692443725,-1.1745582651222155,5.2129885343665885,1802.404825909255,1689.4951740907454,1745.95,112.90965181850925,53.46796448186251,48.02798612882471,64.34792118793811,-50.81967213114754,52.43028062420801,84.71009768228161,177479.5,12087120,148875.0,-2892.0,-1.3863256139476254
2025-08-22,1770.0,1748.8,1742.75,1742.0166666666669,1751.1579400992364,33.42857142857143,51.13636363636364,2.394673698398037,-0.4607118724181652,2.8553855708162024,1792.439032995453,1693.060967004547,1742.75,99.37806599090663,42.61500662427198,46.22365962730713,35.39770061820167,-73.72881355932203,9.028358855899189,56.07152710718721,175418.9,11892153,150759.6,3584.0,1.7421992348712
2025-08-25,1768.2,1751.1,1743.1,1741.55,1750.571469613595,31.428571428571427,44.15584415584416,1.5581729810865,-0.0569349017172322,1.6151078828037322,1792.746752159867,1693.4532478401331,1743.1,99.29350431973351,36.74333774951465,43.06355233470964,24.102908579124676,-68.64406779661017,0.5666647255030866,34.62152415111445,172656.45,12086282,154250.4,13639.0,6.516452381976201
2025-08-26,1752.2,1752.1,1742.75,1741.15,1749.2789486980143,29.071428571428573,47.00460829493088,0.2468613309868033,0.0038243448235748,0.2430369861632283,1792.4686822878914,1693.0313177121086,1742.75,99.4373645757828,28.74392451274833,38.29034306072254,9.65108741679991,-75.42372881355932,-14.974636460035692,43.37531380460552,171546.3,11956854,157592.4,-3120.0,-1.3994796806315546
2025-08-27,1744.4,1753.2,1742.5,1740.5333333333333,1748.109525012489,29.714285714285715,50.0,-0.7833328259971495,-0.15360708934057,-0.6297257366565795,1792.2848000479337,1692.7151999520663,1742.5,99.56960009586692,23.41098235490412,33.33055615878307,3.5718347471462124,-75.42372881355932,0.6041685160521343,52.57966616084977,173485.65,11956854,150558.2,-213347.0,-97.05531798744428
2025-08-28,1742.2,1755.9,1744.45,1741.05,1748.5752845351092,30.0,55.92417061611374,-0.3051848541072104,-0.183922642293898,-0.1212622118133123,1792.5616027150695,1696.3383972849304,1744.45,96.2232054301394,24.36153032414483,30.340880880570325,12.402829211293836,-61.86440677966102,11.913527016833507,70.7836805730354,177696.7,12176550,154560.35,215127.0,3323.4512590761624
2025-08-29,1743.6,1756.8,1746.3,1741.4833333333331,1748.3300193412892,29.5,55.66037735849056,-0.4854941655426046,-0.2442369469436394,-0.2412572185989652,1791.424856028603,1701.175143971397,1746.3,90.24971205720612,22.63832661340295,27.773362791514533,12.368254257179778,-72.72727272727273,4.01460592799601,69.97308672373806,178177.35,12058094,147749.0,-215127.0,-97.07897111913356
2025-09-01,1743.2,1755.7,1746.8,1742.25,1747.8223984516426,30.0,53.8095238095238,-0.8605456868604051,-0.3674986949269925,-0.4930469919334125,1791.5241839679848,1702.0758160320152,1746.8,89.4483679359696,22.357175007225894,25.96796686341832,15.135591294841056,-76.85185185185185,-21.647863300084545,64.28571428571426,179928.2,11874998,140998.7,732.0,11.308512281785887
2025-09-02,1745.0,1748.6,1745.5,1743.3833333333334,1747.6488366943431,29.857142857142858,54.71698113207548,-0.905266443598066,-0.4750522446612072,-0.4302141989368587,1788.6228355676158,1702.3771644323842,1745.5,86.24567113523153,24.70870490677805,25.548212877871563,23.029688964591017,-78.43137254901961,-0.956787936649691,67.07418329659004,177440.65,12033731,145164.35,212177.0,2944.8577376821654
2025-09-03,1740.4,1742.4,1743.7,1744.1666666666667,1744.4441855805962,31.785714285714285,47.540983606557376,-3.482694199519756,-1.0765806356329168,-2.406113563886839,1788.983202416303,1698.4167975836972,1743.7,90.56640483260573,18.732356943501756,23.27626089974829,9.644549031008664,-96.55172413793105,-42.70918643924381,15.910410515522488,179901.1,11747946,139402.75,-212177.0,-96.71577431147496
2025-09-04,1732.6,1737.4,1742.55,1745.3,1741.5447393348252,31.214285714285715,45.06437768240343,-5.462357607156264,-1.9537360299375863,-3.508621577218677,1789.6801668955477,1695.4198331044522,1742.55,94.26033379109548,17.08593911175979,21.212820303752125,8.83217672777512,-93.33333333333331,-76.68037769985482,4.270176040052898,181941.95,11747946,134034.9,723.0,10.034698126301178
2025-09-05,1726.0,1734.8,1741.8,1746.1666666666667,1738.8261927315084,29.714285714285715,40.55299539170507,-7.030898936704261,-2.9691686112909217,-4.06173032541334,1790.360759553824,1693.239240446176,1741.8,97.12151910764806,15.413614580253652,19.279751729252634,7.6813402822556895,-94.16666666666669,-63.77292103898505,0.0,186074.15,11585255,129046.05,371.0,4.679616548940468
2025-09-08,1718.6,1730.9,1741.0,1745.8833333333334,1735.6998886618408,25.285714285714285,15.527950310559008,-8.738093437784073,-4.122953576589552,-4.615139861194521,1791.4255574300228,1690.5744425699772,1741.0,100.85111486004551,16.37902943847896,18.312844298994744,12.51139971744739,-88.28828828828829,-86.82374626103046,0.0,188365.8,11437814,124030.7,468.0,5.639233642607544
2025-09-09,1706.0,1725.5,1738.8,1744.3666666666666,1730.6808516464273,24.357142857142858,17.482517482517494,-11.810817409424317,-5.660526343156505,-6.150291066267812,1795.2739343695937,1682.3260656304062,1738.8,112.94786873918748,13.570868110501124,16.73218556949687,7.24823319250963,-94.0677966101695,-104.67171338828548,4.35041199338931,192912.1,11255694,132849.2,259413.0,2958.971141781681
2025-09-10,1697.0,1718.7,1735.95,1742.3666666666666,1724.806484822958,23.785714285714285,17.241379310344826,-15.20043513752512,-7.568508102030228,-7.631927035494891,1800.3418105288338,1671.5581894711663,1735.95,128.78362105766746,9.394467629222971,14.28627958940557,-0.3891562911422284,-99.009900990099,-104.95888257905628,4.241557717097141,197257.75,11087187,143271.25,15169.0,5.656275635767027
2025-09-11,1688.4,1710.5,1733.2,1740.55,1719.682057696962,22.214285714285715,22.131147540983605,-17.523350051136504,-9.559476491851484,-7.96387355928502,1803.7813453811475,1662.6186546188526,1733.2,141.16269076229491,7.963658691590824,12.17873929013399,-0.4665025054955052,-94.89795918367346,-96.75779981553968,16.346076886595792,196316.6,11212513,134979.0,-274452.0,-96.8600559733756
2025-09-12,1678.4,1702.2,1729.5,1739.4333333333334,1714.2837664877277,21.928571428571427,16.93548387096773,-19.781777974323404,-11.603936788345868,-8.177841185977536,1806.6914912138172,1652.3085087861823,1729.5,154.38298242763494,5.9563549853323945,10.10461118853346,-2.340157421069737,-98.05825242718448,-89.09410964822071,3.484319943208098,197095.0,11087866,126291.0,-50.0,-0.5619871866921478
2025-09-15,1673.8,1696.2,1725.95,1738.9666666666667,1711.3043601555628,22.142857142857142,30.14705882352941,-19.73032659819569,-13.229214750315831,-6.501111847879857,1804.9076168788124,1646.9923831211877,1725.95,157.91523375762472,11.090644423878556,10.433288933648493,12.405355404338678,-78.64077669902913,-64.9140796048031,36.18929791547894,197018.85,11254103,117531.9,-234.0,-2.64496439471007
2025-09-16,1674.4,1690.2,1719.4,1738.7666666666669,1708.894421093128,21.5,31.654676258992808,-19.2258524248964,-14.428542285231948,-4.797310139664456,1787.549680464342,1651.2503195356585,1719.4,136.29936092868363,21.05496513504472,13.973847667447233,35.217200070239684,-75.72815533980582,-44.95673509201925,39.92137340189788,183392.55,11383575,107294.2,-334.0,-3.877859050272847
2025-09-17,1676.8,1686.9,1714.65,1737.7833333333333,1706.2378095604493,20.5,21.875,-19.010371492255672,-15.344908126636692,-3.66546336561898,1779.3445047696632,1649.955495230337,1714.65,129.38900953932625,24.965605171997023,17.637766835630494,39.62128184473008,-80.58252427184466,-54.62077966314267,15.815265002190102,165168.5,11290830,97277.15,-11.0,-0.1328662881990627
2025-09-18,1676.6,1682.5,1709.95,1736.8833333333334,1702.786589602311,20.785714285714285,21.212121212121204,-19.502397867055837,-16.17640607472052,-3.325991792335312,1773.1904767119954,1646.709523288005,1709.95,126.48095342399074,22.766185760923182,19.347239810728052,29.60407766131345,-91.2621359223301,-64.93858374232435,14.504494707843968,161795.75,11176740,87400.7,-80.0,-0.967585873246246
2025-09-19,1676.2,1677.3,1706.05,1735.95,1698.8069144020913,20.5,20.28985507246378,-20.38358778614952,-17.01784241700632,-3.365745369143198,1771.3347205467385,1640.7652794532617,1706.05,130.5694410934766,18.649679396171013,19.11471967254237,17.719598843428294,-95.37037037037037,-67.69867518223677,12.151116427432246,157683.65,11064015,77326.15,-378.0,-4.616511968734738
2025-09-22,1671.6,1672.7,1701.8,1735.0833333333333,1695.1110177923683,20.428571428571427,18.382352941176464,-20.921459229471797,-17.798565779499416,-3.122893449972377,1767.474155775813,1636.125844224187,1701.8,131.348311551626,18.60595910362018,18.94513281623497,17.92761167839059,-91.2280701754386,-68.56616972200234,8.916376665169864,153667.3,10950213,81548.95,299586.0,3835.9282970550576
2025-09-23,1666.0,1670.2,1697.85,1734.0333333333333,1691.576635145476,17.428571428571427,23.58490566037736,-21.263991451681704,-18.491650913935874,-2.77234053774583,1764.1103318658384,1631.5896681341617,1697.85,132.5206637316769,17.342244340685056,18.41083665771833,15.2050597066185,-88.88888888888889,-62.57623645133336,27.27802942578844,152820.65,10837718,85802.35,-2508.0,-0.815885697927099
2025-09-24,1664.4,1670.6,1694.65,1732.9333333333334,1689.8074317982878,18.214285714285715,33.05785123966942,-20.093451267354112,-18.812010984619523,-1.2814402827345894,1759.1065132883164,1630.1934867116838,1694.65,128.91302657663255,25.759027091320903,20.86023346891919,35.556614336124326,-68.05555555555556,-39.41664992809622,70.04942797212976,153165.65,11030901,100484.65,-4769.0,-1.5641809451339528
2025-09-25,1665.2,1670.9,1690.7,1731.8833333333334,1688.3019621032126,18.142857142857142,33.88429752066115,-18.86760409994804,-18.823129607685225,-0.0444744922628146,1749.5382260280596,1631.8617739719405,1690.7,117.67645205611916,31.98749954236208,24.569322160066815,46.8238543069526,-60.0,-29.49881089750579,100.0,146971.7,11126718,104499.35,1775.0,0.5914320652807614
2025-09-26,1666.8,1671.5,1686.85,1730.7833333333333,1686.4636799981447,17.928571428571427,34.45378151260503,-18.091027497565165,-18.676709185661213,0.5856816880960487,1740.2808209894135,1633.4191790105865,1686.85,106.86164197882728,33.05339475663645,27.397346358923365,44.36549155206262,-64.81481481481481,-29.29478921353065,100.0,146774.7,11012202,118777.35,-9861.0,-3.2663782652189166
2025-09-29,1667.6,1669.6,1682.9,1729.3833333333334,1684.3242819030834,17.928571428571427,40.59405940594059,-17.675293378916876,-18.476426024312342,0.8011326453954695,1730.1792376822357,1635.6207623177645,1682.9,94.55847536447118,39.396707615535405,31.39713344446071,55.3958559576848,-61.53846153846154,-54.73713406965015,100.0,146124.55,10842109,132492.3,-10529.0,-3.6054144565853874
2025-09-30,1670.0,1668.0,1679.1,1727.8333333333333,1682.96006457898,17.214285714285715,50.53763440860215,-16.669515441184785,-18.11504390768684,1.4455284665020507,1716.131423356568,1642.068576643432,1679.1,74.06284671313597,49.74932022853875,37.51452903915339,74.21890260730947,-52.30769230769231,-30.418664280341723,100.0,143191.45,10942180,134896.6,-14036.0,-4.986074798226669
2025-10-09,1657.2,1660.8,1673.85,1725.15,1675.9162489047917,21.214285714285715,29.60526315789474,-20.55764366158041,-18.603563858465552,-1.9540798031148616,1718.9430033086326,1628.7569966913672,1673.85,90.18600661726532,35.275918127042715,36.768325401783166,32.29110357756181,-95.0,-129.16327139354428,37.70526315789476,141587.95,10688465,150070.8,43221.0,16.159316254654765
2025-10-10,1641.8,1653.5,1668.0,1722.15,1668.4004156757635,21.642857142857142,28.84615384615385,-24.326887781131973,-19.74822864299884,-4.578659138133133,1720.8513307109552,1615.1486692890448,1668.0,105.7026614219103,24.99876023284329,32.84513701213654,9.306006674256793,-96.3963963963964,-136.1451598610363,32.54146885816425,142038.5,10527388,166617.6,28175.0,9.068554084631252
2025-10-13,1630.0,1648.4,1662.85,1719.4333333333334,1662.838471325691,22.285714285714285,25.503355704697995,-25.9657327433888,-20.99172946307683,-4.974003280311969,1717.287893149445,1608.412106850555,1662.85,108.87578629889003,25.665840155228864,30.45203805983398,16.09344434601863,-77.68595041322314,-113.66616682907068,22.145670753139974,143428.6,10717881,182510.35,-12710.0,-3.7507672694650394
2025-10-14,1616.6,1642.1,1657.4,1716.65,1656.568140723244,22.5,22.0125786163522,-27.990859334975767,-22.391555437456617,-5.59930389751915,1715.3596956152603,1599.44030438474,1657.4,115.91939123052045,21.77722677015258,27.56043429660685,10.210811717244042,-86.53846153846153,-100.73179463700248,11.289671585842813,143112.1,10576770,198171.6,-4162.0,-1.2760843037338154
2025-10-15,1602.6,1636.3,1653.25,1714.4666666666667,1651.1806987496018,22.785714285714285,24.20382165605095,-29.019196586675207,-23.717083667300336,-5.302112919374871,1715.2376897797838,1591.2623102202162,1653.25,123.9753795595675,20.184817846768382,25.10189547999403,10.3506625803171,-83.0,-86.49975008973578,18.10423808845155,139905.45,10694757,200896.9,694.0,0.215533305175275
2025-10-16,1601.6,1629.4,1650.0,1712.3166666666666,1646.687298868687,23.785714285714285,28.0,-29.17508250653464,-24.8086834351472,-4.366399071387438,1715.241252690731,1584.758747309269,1650.0,130.48250538146203,21.94711126891477,24.05030074296761,17.7407323208091,-74.52830188679245,-82.9431568917915,29.910007376444568,139235.3,10849861,202504.0,-7195.0,-2.2297217728689755
2025-10-17,1602.6,1622.2,1646.55,1709.9666666666667,1642.4313656430982,23.571428571428573,29.370629370629374,-29.12427993654933,-25.671802735427622,-3.4524772011217024,1714.3623572035212,1578.737642796479,1646.55,135.62471440704255,23.22247280470607,23.774358096880437,22.11870222035733,-76.41509433962264,-69.13793254131232,34.17254002451939,138429.25,10740656,217746.45,-1745.0,-0.5531061107923785
2025-10-20,1600.6,1615.3,1643.4,1707.55,1638.3902832008982,24.071428571428573,29.166666666666657,-28.91212088671432,-26.31986636568497,-2.592254521029353,1713.7985645788403,1573.0014354211598,1643.4,140.7971291576805,23.38542860519924,23.6447149329867,22.86685594962431,-78.30188679245283,-56.1294623279635,25.080014224751032,140182.2,10580950,233413.4,8440.0,2.690074136403342
2025-10-21,1603.0,1609.8,1639.7,1704.1666666666667,1635.5912086103365,25.071428571428573,33.7748344370861,-27.698467831866537,-26.595586658921285,-1.1028811729452528,1709.1068099193606,1570.2931900806395,1639.7,138.81361983872102,30.613759915203246,25.967729927058883,39.90581989149197,-69.81132075471699,-45.56108119234785,41.23482143698249,139815.85,10739860,248591.1,-10019.0,-3.109694400129115
2025-10-22,1607.2,1604.9,1636.45,1700.9,1634.2015696950662,24.571428571428573,32.432432432432435,-25.47468304152312,-26.37140593544165,0.8967228939185325,1702.745907629698,1570.154092370302,1636.45,132.59181525939584,50.96472883235772,34.30006289549183,84.29406070608952,-58.490566037735846,-27.7656073550231,36.528776286955534,139441.5,10861845,263779.45,-121.0,-0.0387613040455869
2025-10-23,1614.0,1607.8,1634.3,1698.65,1634.5633249622026,25.5,39.02439024390244,-22.08596637625078,-25.51431802360348,3.4283516473526987,1697.2154821547228,1571.384517845277,1634.3,125.8309643094458,66.25161816337075,44.95058131811813,108.853691853876,-42.45283018867924,-3.2130535123322344,59.63813621066509,142195.7,11009674,278308.05,-13206.0,-4.232068348897277
2025-10-24,1622.0,1612.3,1632.9,1696.2666666666669,1635.2715797277071,25.428571428571427,41.71779141104295,-18.86020868834521,-24.183496156551826,5.323287468206615,1693.680537051222,1572.1194629487782,1632.9,121.56107410244384,75.12012639462812,55.007096343621456,115.34618649664142,-32.98969072164948,12.18545816250293,69.08036548010716,144039.5,11160640,292215.55,-12502.0,-4.183509570338639
2025-10-27,1630.0,1615.3,1631.85,1693.55,1635.7219054679256,24.714285714285715,42.5,-16.277518662911007,-22.602300657823665,6.324781994912659,1691.2975443255668,1572.402455674433,1631.85,118.89508865113385,77.00316118616234,62.33911795780175,106.33124764288354,-35.05154639175258,20.12245386133951,71.82254623044096,143656.7,11055571,305922.75,-4384.0,-1.5310577010386297
2025-10-28,1635.2,1619.1,1630.6,1691.8333333333333,1635.6531525662183,25.071428571428573,38.9937106918239,-14.467405182437917,-20.975321562746515,6.5079163803086,1688.5887466399004,1572.6112533600997,1630.6,115.97749327980092,76.1217655770997,66.93333383090106,94.49862906949696,-25.64102564102564,8.486565194950092,82.88564850345357,143095.25,10952998,304203.0,-8953.0,-3.175340658405268
2025-10-29,1639.8,1623.5,1629.9,1690.1666666666667,1636.448090417055,21.714285714285715,66.35514018691589,-12.16640567286572,-19.21353838477036,7.047132711904638,1686.8243264992473,1572.975673500753,1629.9,113.84865299849434,78.35201038473313,70.73955934884509,93.5769124565092,-14.102564102564102,23.907369267492097,100.0,144998.45,11103557,302476.05,-2652.0,-0.9714250130951952
2025-10-30,1637.6,1625.8,1627.6,1688.25,1635.5482722820975,22.357142857142858,63.39285714285714,-11.581105137755005,-17.68705173536729,6.105946597612288,1680.786464443733,1574.4135355562669,1627.6,106.37292888746606,69.74879788360741,70.4093055270992,68.42778259662381,-35.8974358974359,6.148421702890933,93.31954912134525,142880.75,10952728,300975.55,-240.0,-0.0887741400929953
2025-10-31,1634.2,1628.1,1625.15,1686.7666666666669,1634.5436749218975,20.928571428571427,57.42574257425742,-11.150102095856482,-16.37966180746513,5.229559711608648,1673.6442752999426,1576.6557247000576,1625.15,96.988550599885,62.88337938003206,67.90066347807682,52.84881118394253,-38.46153846153846,6.046185996839391,79.86269332129393,143231.85,10849889,299086.0,-6006.0,-2.2235467903698125
2025-11-03,1630.8,1630.4,1622.85,1685.3333333333333,1633.4442773102885,20.857142857142858,64.44444444444444,-10.84489911891751,-15.272709269755609,4.427810150838097,1666.731539099133,1578.9684609008668,1622.85,87.76307819826616,53.48687877036152,63.09606857550506,34.26849916007444,-41.02564102564103,-8.474532543674254,95.46705581446436,145484.25,10690325,297972.0,5650.0,2.1393168574382004
2025-11-04,1629.8,1632.5,1621.15,1683.6166666666666,1633.1162508997843,21.428571428571427,65.95744680851064,-9.923786825088882,-14.202924780822263,4.279137955733381,1660.7441250296893,1581.555874970311,1621.15,79.18825005937833,51.98444979248591,59.39219564783201,37.1689580817937,-32.05128205128205,16.51157382833702,98.963128862345,143999.4,10830721,297510.35,2518.0,0.9334465233009404
2025-11-05,1627.6,1633.7,1619.3,1681.3,1633.1051793855197,20.785714285714285,65.59139784946237,-8.84970982194568,-13.132281789046948,4.282571967101267,1652.1703994183113,1586.4296005816886,1619.3,65.74079883662262,53.02364680043279,57.269346032032274,44.5322483372338,-34.375,40.12068673450384,97.9462928559365,146769.2,10986188,297749.7,-16.0,-0.0058764980478964
2025-11-06,1630.2,1633.9,1620.85,1679.4666666666667,1633.761828967851,20.642857142857142,69.38775510204081,-7.348940548007931,-11.975613540839143,4.626672992831214,1654.587531810376,1587.1124681896238,1620.85,67.47506362075228,58.47834956763546,57.67234721056667,60.090354281773045,-25.42372881355932,50.67942084858555,100.0,137588.15,11056282,296075.75,4955.0,1.8199849405887925
2025-11-07,1638.6,1636.4,1624.35,1678.3,1636.927369066151,21.785714285714285,77.23577235772358,-3.935529401213216,-10.36759671291396,6.432067311700743,1661.9701233947342,1586.7298766052656,1624.35,75.24024678946853,66.83944765696245,60.72804735936526,79.06224825215682,-14.457831325301203,116.08986562103892,100.0,145619.55,11377987,292561.95,-8622.0,-3.1102774070199457
2025-11-10,1646.0,1638.4,1626.85,1677.1666666666667,1639.1247624884222,21.214285714285715,71.07438016528926,-1.7747596491522015,-8.649029300161608,6.874269651009406,1667.0142679639143,1586.6857320360857,1626.85,80.32853592782885,69.21716601788364,63.557753578871385,80.53599089590816,-26.02739726027397,85.8280876982232,86.24791767152104,144818.05,11203524,289132.95,-11014.0,-4.100704424620605
2025-11-11,1648.0,1638.9,1629.0,1675.8,1639.2081184419058,21.928571428571427,57.36434108527132,-1.657065289000229,-7.250636497929332,5.593571208929103,1666.9806044687805,1591.0193955312195,1629.0,75.96120893756051,61.66989150050691,62.92846621941656,59.15274206268761,-53.42465753424658,44.33704844757524,48.037761546283086,144878.45,11061205,285734.45,-3552.0,-1.37902117449743
2025-11-12,1652.4,1640.0,1631.75,1674.6,1640.7121071617244,22.785714285714285,56.69291338582678,-0.3493894764708329,-5.870387093637633,5.5209976171668,1668.8437645493884,1594.6562354506116,1631.75,74.18752909877685,63.48769022408223,63.114874220971785,64.23332223030312,-32.87671232876713,54.501852699776215,46.282030630647725,150549.95,11292622,282406.15,2098.0,0.825912716221433
2025-11-13,1656.0,1643.1,1634.45,1673.4666666666667,1642.358573146322,23.142857142857142,56.34920634920635,0.9184407410548374,-4.51262152669914,5.431062267753977,1670.894478320102,1598.005521679898,1634.45,72.88895664020401,66.06941905349774,64.09972249848045,70.00881216353233,-28.767123287671232,53.21429909742787,45.38326361431054,150051.6,11437759,279158.5,-5582.0,-2.179447134155865
2025-11-14,1653.0,1645.8,1636.95,1672.2333333333331,1643.2768042752436,22.785714285714285,54.61538461538461,1.422655974260806,-3.3255660265071505,4.7482220007679565,1670.7884707882538,1603.1115292117463,1636.95,67.67694157650749,63.31711270233183,63.83885256643091,62.27363297413366,-36.98630136986301,43.30578838264184,40.84945539819186,150368.1,11322224,275958.9,-784.0,-0.3129265819955429
