时间,开盘,最高,最低,收盘,成交量,持仓量,涨跌,涨跌幅,成交额,MA5,MA10,MA20,MA60,EMA20,ATR14,RSI14,MACD,MACD_SIGNAL,MACD_HIST,BOLL_UP,BOLL_LOW,BOLL_MID,BOLL_WIDTH,KDJ_K,KDJ_D,KDJ_J,WILLIAMS_R14,CCI20,STOCH_RSI,VOL_MA20,OBV,OI_MA20,OI_CHANGE,OI_CHANGE_PCT
2024-11-18,750.0,780.0,750.0,764.0,89550,10593,,,,764.0,764.0,764.0,764.0,764.0,30.0,0.0,0.0,0.0,0.0,764.0,764.0,764.0,0.0,46.666666666666664,46.666666666666664,46.66666666666667,-53.333333333333336,0.0,0.0,89550.0,0,10593.0,0.0,0.0
2024-11-19,765.0,778.0,761.5,772.0,66189,11420,,,,768.0,768.0,768.0,768.0,764.7619047619048,23.25,99.9999999975,0.6381766381766738,0.12763532763533478,0.510541310541339,779.3137084989847,756.6862915010153,768.0,22.627416997969476,55.55555555555555,49.629629629629626,67.4074074074074,-26.666666666666668,35.355339059327726,100.0,77869.5,66189,11006.5,827.0,7.807042386481644
2024-11-20,770.0,775.0,764.5,770.0,25015,10048,,,,768.6666666666666,768.6666666666666,768.6666666666666,768.6666666666666,765.2607709750567,19.0,80.0,0.9713557519825144,0.29637941250477073,0.6749763394777437,776.9933306645312,760.3400026688021,768.6666666666666,16.653327995729114,59.25925925925925,52.839506172839506,72.09876543209876,-33.333333333333336,23.48980879373406,80.00000000200001,60251.333333333336,41174,10687.0,-1372.0,-12.014010507880911
2024-11-21,771.5,814.5,768.0,814.5,201745,34955,,,,780.125,780.125,780.125,780.125,769.9502213583846,25.875,96.3302752293578,4.771181487847571,1.191339827573331,3.57984166027424,826.4598321100516,733.7901678899484,780.125,92.66966422010319,72.83950617283949,59.50617283950616,99.50617283950615,-0.0,73.93894624329273,96.33027523176605,95624.75,242919,16754.0,24907.0,247.88017515923565
2024-11-22,815.5,827.0,802.0,809.5,282985,27376,,,,786.0,786.0,786.0,786.0,773.7168669433004,25.7,88.23529411764706,7.295020095857808,2.4120758812302263,4.882944214627582,833.9635278102018,738.0364721897982,786.0,95.92705562040351,74.31724653946875,64.44319740616035,94.06534480608556,-22.727272727272727,69.24086096770439,88.23529411985295,133096.8,-40066,18878.4,-7579.0,-21.682162780718063
2024-11-25,809.5,815.5,790.5,797.5,192107,26222,,,,792.7,787.9166666666666,787.9166666666666,787.9166666666666,775.9819272344147,25.583333333333332,73.42657342657343,8.231987437223552,3.5760581924288917,4.65592924479466,831.8321157326465,744.0012176006868,787.9166666666666,87.83089813195966,70.10760158908306,66.33133213380125,77.66014049964667,-38.311688311688314,36.406010068017494,73.42657342840909,142931.83333333334,-232173,20102.333333333332,-1154.0,-4.2153711279953265
2024-11-26,794.0,806.0,793.0,797.0,91770,27029,,,,797.7,789.2142857142857,789.2142857142857,789.2142857142857,777.9836484501848,23.785714285714285,72.91666666666667,8.832380796558823,4.627322713254879,4.205058083303944,829.8871970224981,748.5413744060733,789.2142857142857,81.34582261642481,67.08472140570906,66.58246189110386,68.08924043491947,-38.96103896103896,27.56935207511071,72.91666666848958,135623.0,-323943,21091.85714285714,807.0,3.077568453969959
2024-11-27,798.0,801.0,792.0,796.5,58989,24904,,,,803.0,790.125,790.125,790.125,779.7471105025481,21.9375,72.41379310344828,9.162234502060073,5.534305071015918,3.627929431044155,828.1315783779598,752.1184216220402,790.125,76.01315675591968,64.85301773367617,66.00598050529463,62.54709219043926,-39.61038961038961,20.431384590164214,72.41379310525863,126043.75,-382932,21568.375,-2125.0,-7.861926079396209
2024-11-28,795.0,815.0,794.0,797.5,124809,23903,,,,799.6,790.9444444444445,790.9444444444445,790.9444444444445,781.4378618832578,21.833333333333332,72.7891156462585,9.396026043383813,6.306649265489497,3.0893767778943158,826.8347092959486,755.0541795929403,790.9444444444445,71.78052970300837,63.79811571855467,65.27002557638131,60.85429600290138,-38.311688311688314,33.28683879296847,72.78911564807822,125906.55555555556,-258123,21827.777777777777,-1001.0,-4.01943462897526
2024-11-29,797.0,805.0,796.0,801.5,38599,20915,,,,798.0,792.0,792.0,792.0,783.3485417039,20.55,74.19354838709677,9.791207153613072,7.003560843114213,2.787646310498859,826.4899341193276,757.5100658806724,792.0,68.97986823865517,62.88831124239523,64.47612079838595,59.712692130413814,-33.116883116883116,27.58172778073321,74.19354838895161,117175.8,-219524,21736.5,-2988.0,-12.500522946910431
2024-12-02,802.0,806.5,797.0,801.0,23717,20372,,,,798.7,795.7,792.8181818181819,792.8181818181819,785.0296329701953,19.545454545454547,73.71794871794872,9.949355235375492,7.5927197215664695,2.3566355138090227,825.9852520152093,759.6511116211544,792.8181818181819,66.33414039405488,61.392207494930155,63.448149697234015,57.28032309032244,-33.76623376623377,27.85444849632749,73.71794871979166,108679.54545454546,-243241,21612.454545454544,-543.0,-2.5962228065981363
2024-12-03,800.5,802.0,796.0,800.5,19275,17436,,,,799.4,798.55,793.4583333333334,793.4583333333334,786.5030012587481,18.416666666666668,73.2484076433121,9.919991422108183,8.058174061674812,1.8618173604333705,825.3913835629888,761.5252831036779,793.4583333333334,63.86610045931093,59.28972025085739,62.062006548441815,53.745147655688555,-34.41558441558441,20.641767635263445,73.24840764514332,101229.16666666667,-262516,21264.416666666668,-2936.0,-14.411937954054588
2024-12-04,800.0,810.0,798.5,800.0,29412,17101,,,,800.1,801.55,793.9615384615385,793.9615384615385,787.7884297102959,17.884615384615383,72.78481012658227,9.744051210322027,8.395349491404255,1.3487017189177717,824.7496896955807,763.1733872274962,793.9615384615385,61.57630246808458,48.20227925399626,57.4420974502933,29.722642861402164,-35.064935064935064,29.77359615140745,72.78481012840189,95704.76923076923,-291928,20944.153846153848,-335.0,-1.9213122275751338
2024-12-05,800.0,803.0,783.5,795.0,18780,15065,,,,799.6,799.6,794.0357142857143,794.0357142857143,788.4752459283629,18.0,68.45238095238095,9.096302597551244,8.535540112633655,0.5607624849175892,823.6212208354119,764.4502077360168,794.0357142857143,59.17101309939517,44.11401950266418,52.9994048010836,26.343248905825334,-41.55844155844156,-0.04104966648573608,68.45238095409226,90210.14285714286,-310708,20524.214285714286,-2036.0,-11.905736506637044
2024-12-06,795.0,796.0,789.0,793.0,13243,13715,,,,797.9,797.95,793.9666666666667,793.9666666666667,788.9061748875665,16.357142857142858,66.86046511627907,8.325601518057965,8.493552393718517,-0.16795087566055145,822.4809905525082,765.4523427808252,793.9666666666667,57.02864777168293,39.462256388019505,48.487021996728906,21.412725170600694,-51.908396946564885,-3.9352377868680066,0.0,85079.0,-323951,20070.266666666666,-1350.0,-8.961168270826414
2024-12-09,795.0,800.0,794.0,795.5,10050,13541,,,,796.8,797.75,794.0625,794.0625,789.5341582316078,15.678571428571429,64.59627329192547,7.826327435628059,8.360107402100425,-0.5337799664723661,821.6206204003466,766.5043795996534,794.0625,55.11624080069328,39.006583623759035,45.32687587240562,26.36599912646585,-50.4,9.476944382525051,0.0,80389.6875,-313901,19662.1875,-174.0,-1.2686839227123548
2024-12-10,808.0,812.0,799.0,804.0,19829,13150,,,,797.5,798.45,794.6470588235294,794.6470588235294,790.9118574476452,16.107142857142858,69.54022988505747,8.024032044144633,8.292892330509266,-0.26886028636463344,821.762010201603,767.5321074454558,794.6470588235294,54.22990275614711,47.69751077562771,46.117087506812986,50.85835731325717,-38.983050847457626,38.95894330534971,15.579366897624977,76827.29411764706,-294072,19279.117647058825,-391.0,-2.8875267705486984
2024-12-11,806.0,806.0,801.0,803.5,7793,11193,,,,798.2,799.15,795.1388888888889,795.1388888888889,792.110728166917,13.142857142857142,37.2093023255814,8.047600816695876,8.243834027746589,-0.19623321105071234,821.7732443135823,768.5045334641956,795.1388888888889,53.26871084938671,55.19015338258222,49.141442798736065,67.28757455027451,-54.02298850574713,32.04496564235532,0.0,72992.05555555556,-301865,18829.88888888889,-1957.0,-14.882129277566536
2024-12-12,803.5,807.0,802.0,804.5,6282,11209,,,,800.1,799.85,795.6315789473684,795.6315789473684,793.2906588176868,11.714285714285714,43.58974358974359,8.054127908390456,8.205892803875363,-0.15176489548490757,821.8694694987217,769.3936883960151,795.6315789473684,52.475781102706605,61.354839097160074,53.21257489821073,77.63936749505876,-34.375,34.459836786127816,17.251781349144434,69481.0,-295583,18428.78947368421,16.0,0.14294648440988933
2024-12-13,800.0,802.5,798.0,801.0,7307,10903,,,,801.7,799.8,795.9,795.9,794.024881787431,10.392857142857142,55.73770491803278,7.688254514038363,8.102365145907964,-0.41411063186960106,821.5506899466046,770.2493100533953,795.9,51.30137989320929,61.37106232208332,55.93207070616826,72.24904555391342,-44.44444444444444,18.482857865327244,50.098094636384786,66372.3,-302890,18052.5,-306.0,-2.729949148006061
2024-12-16,802.0,806.0,801.0,803.0,6200,10705,,,,803.2,800.0,797.85,796.2380952380952,794.8796549505329,9.821428571428571,59.375,7.473530293232102,7.976598175372791,-0.5030678821406891,818.7862440707372,776.9137559292628,797.85,41.87248814147438,63.721059091915194,58.528400168083905,74.10637693957776,-38.095238095238095,26.83782160079663,59.93280933062881,62204.8,-296690,18058.1,-198.0,-1.8160139411171228
2024-12-17,803.0,819.5,802.0,807.5,20534,12745,,,,803.9,800.7,799.625,796.75,796.0815925742917,10.428571428571429,65.27777777777777,7.579104988689096,7.897099538036052,-0.31799454934695603,817.0602184415702,782.1897815584298,799.625,34.87043688314043,64.70292828349902,60.586576206555605,72.93563243738583,-33.333333333333336,58.55003035151195,75.89305837277439,59922.05,-276156,18124.35,2040.0,19.056515646893967
2024-12-18,808.0,814.0,806.5,808.5,12072,12298,,,,804.9,801.55,801.55,797.2608695652174,797.2642980434067,9.464285714285714,65.27777777777777,7.6552207188767625,7.848723774204194,-0.19350305532743128,812.5135760589328,790.5864239410671,801.55,21.927152117865717,64.44676093216874,61.87330444842665,69.59367389965294,-30.555555555555557,77.68972350497285,75.89305837277439,59274.9,-264084,18236.85,-447.0,-3.5072577481365275
2024-12-19,809.0,813.0,808.0,810.5,9166,13191,,,,806.1,803.1,801.35,797.8125,798.5248410868918,9.178571428571429,63.23529411764706,7.787160727213291,7.836411164806013,-0.04925043759272274,811.4291603660333,791.2708396339667,801.35,20.158320732066613,64.53313473909289,62.7599145453154,68.07957512664788,-25.0,75.55410204361864,71.28720005764659,49645.95,-254918,17148.65,893.0,7.261343307854928
2024-12-20,812.0,829.5,810.5,829.0,23325,18469,,,,811.7,806.7,802.325,799.06,801.4272371738545,9.857142857142858,76.92307692307693,9.277573432010172,8.124643618246846,1.1529298137633255,817.9632627921999,786.6867372078002,802.325,31.27652558439968,75.82632263029473,67.11538390697518,93.24820007693381,-1.0869565217391304,148.93580570426383,100.0,36662.95,-231593,16703.3,5278.0,40.012129482222726
2024-12-23,826.5,839.0,819.0,823.0,68630,20154,,,,815.7,809.45,803.6,799.9807692307693,803.4817860144398,10.857142857142858,69.56521739130434,9.8609158824122,8.471898071079918,1.3890178113322822,821.5666357451807,785.6333642548193,803.6,35.93327149036145,70.87608500556235,68.36895093983757,75.89035313701189,-28.82882882882883,132.3313647556126,81.47277712495101,30489.1,-300223,16399.9,1685.0,9.123395960799186
2024-12-24,822.0,831.0,822.0,829.0,18255,21716,,,,820.0,811.95,805.2,801.0555555555555,805.9120921083027,10.678571428571429,73.01587301587301,10.684207934637016,8.914360043791337,1.7698478908456785,826.1445382906984,784.2554617093017,805.2,41.889076581396694,72.45397536956189,69.73062574974568,77.90067460919431,-18.01801801801802,109.23691597166652,90.16159016159013,26813.35,-281968,16134.25,1562.0,7.750322516622021
2024-12-25,830.0,834.5,822.0,823.5,18936,19732,,,,823.0,813.95,806.55,801.8571428571429,807.587130955131,10.178571428571429,72.44094488188976,10.768733526156325,9.285234740264334,1.4834987858919906,828.5856171016976,784.5143828983023,806.55,44.071234203395306,69.03435756344777,69.49853635431305,68.10599998171722,-31.0,90.95371444362863,88.71391076115484,24810.7,-300904,15875.65,-1984.0,-9.136120832565853
2024-12-26,822.0,826.5,814.0,816.0,22407,18291,,,,824.1,815.1,807.475,802.3448275862069,808.3883565784517,10.571428571428571,66.66666666666666,10.113946071920282,9.450977006595524,0.6629690653247575,829.4641719764644,785.4858280235356,807.475,43.97834395292875,59.18079977914062,66.05929082925557,45.42381767891072,-51.111111111111114,49.69085530309126,74.17417417417413,19690.6,-323311,15595.05,-1441.0,-7.30285830123657
2024-12-27,816.0,828.0,815.5,824.5,17417,16613,,,,823.2,817.45,808.625,803.0833333333334,809.9227988090754,10.964285714285714,69.33333333333334,10.163739991570992,9.593529603590618,0.5702103879803744,831.6784276478746,785.5715723521254,808.625,46.106855295749256,59.724136789697354,63.947572816069496,51.27726473695307,-35.36585365853659,60.23419393574829,80.88888888888889,18631.5,-305894,15379.95,-1678.0,-9.173910666447982
2024-12-30,822.0,827.5,819.0,823.5,8709,15869,,,,823.3,819.5,809.75,803.741935483871,811.2158655891635,10.392857142857142,64.44444444444444,10.00715414523961,9.676254511920417,0.33089963331919314,833.424325422502,786.075674577498,809.75,47.34865084500393,57.25198862902901,61.71571142038934,48.32454304630835,-37.80487804878049,56.913035097063535,68.57857857857856,17881.1,-314603,15154.8,-744.0,-4.478420514055259
2024-12-31,821.0,831.5,820.0,827.5,15589,16802,,,,823.0,821.5,811.1,804.484375,812.7667355330527,10.857142857142858,66.90140845070422,10.089519603011354,9.758907530138606,0.3306120728727482,835.6176628061013,786.5823371938988,811.1,49.03532561220254,59.13573435483654,60.85571906520508,55.695764934099486,-28.048780487804876,62.60061451916013,69.93499458288187,17696.8,-299014,15123.1,933.0,5.879387485033716
2025-01-02,829.0,837.5,825.0,829.0,25704,18483,,,,824.1,823.55,812.55,805.2272727272727,814.3127607203811,11.392857142857142,67.13286713286713,10.158728783852439,9.838871780881373,0.3198570029710659,837.724966680582,787.3750333194179,812.55,50.349933361164176,61.06124980380916,60.924229311406435,61.3352907886146,-24.390243902439025,71.000529140137,53.78787878787877,17511.4,-273310,15192.2,1681.0,10.004761337935953
2025-01-03,829.0,832.0,823.0,829.0,14157,17173,,,,826.7,825.4,814.25,805.9264705882352,815.7115454136782,11.571428571428571,70.58823529411765,10.09718351204583,9.890534127114265,0.20664938493156626,839.0237127234749,789.4762872765251,814.25,49.547425446949774,60.7074998692061,60.85198616400632,60.418527279605655,-26.31578947368421,55.92303201524083,63.900080580177274,17280.25,-273310,15297.6,-1310.0,-7.087594005302167
2025-01-06,831.5,846.0,828.0,840.5,42290,24438,,,,829.9,826.55,816.625,806.9142857142857,818.0723506123755,12.5,74.19354838709677,10.851275581005893,10.082682417892592,0.7685931631133016,841.9229612242817,791.3270387757183,816.625,50.59592244856344,68.0758332461374,63.25993519138335,77.70762935564554,-12.5,88.83878724996907,80.05865102639285,18732.6,-231020,15833.75,7265.0,42.30478076049613
2025-01-07,839.5,849.0,836.0,848.0,35604,27689,,,,834.8,829.05,819.25,808.0555555555555,820.9226029350064,12.178571428571429,75.15527950310559,11.916717793655494,10.449489493045172,1.467228300610321,846.1621377429354,792.3378622570646,819.25,53.824275485870885,77.76484121171065,68.09490386482578,97.10471590548039,-2.3529411764705883,100.29222773806785,87.08485190698622,20010.3,-195416,16541.15,3251.0,13.303052622964229
2025-01-08,849.0,858.5,844.0,849.5,42102,28772,,,,839.2,831.1,821.525,809.1756756756756,823.6442597983391,12.678571428571429,75.30864197530865,12.735321033837977,10.906655801203733,1.8286652326342434,850.6137480507135,792.4362519492864,821.525,58.177496101427096,78.43498777409923,71.54159850125026,92.22176631979715,-17.821782178217823,104.96476212145693,88.20528517498211,21123.95,-153314,17322.25,1083.0,3.9113005164505665
2025-01-09,848.5,852.5,843.0,847.0,23967,27475,,,,842.8,833.45,823.7,810.171052631579,825.868616008021,13.0,72.39263803680981,13.03211478573212,11.331747598109411,1.7003671876227084,853.6075769311848,793.7924230688153,823.7,59.81515386236947,76.70859650056228,73.2639311676876,83.59792716631162,-23.958333333333332,82.81074986158818,63.694428103201886,21932.65,-177281,18136.35,-1297.0,-4.5078548588905925
2025-01-10,847.0,863.5,845.5,862.0,35287,31970,,,,849.4,838.05,826.575,811.5,829.3097001977333,12.928571428571429,71.15384615384616,14.312712570996837,11.927940592686896,2.3847719783099404,859.6033371157492,793.5466628842508,826.575,66.05667423149839,83.34880216142355,76.62555483226625,96.79529681973816,-3.0303030303030303,99.2606182172297,61.756993006993056,23382.9,-141994,19174.4,4495.0,16.360327570518663
2025-01-13,862.5,881.5,862.0,869.5,57371,33470,,,,855.2,842.55,830.0,812.95,833.1373477979492,12.892857142857142,79.24528301886792,15.751212686848248,12.692595011519167,3.0586176753290815,865.9400084936873,794.0599915063127,830.0,71.88001698737457,82.39513640029863,78.54874868827704,90.0879118243418,-17.77777777777778,119.53628102311544,100.0,25886.1,-84623,20302.75,1500.0,4.691898654989046
2025-01-14,868.0,873.0,855.0,861.5,34862,31037,,,,857.9,846.35,832.925,814.1341463414634,835.8385527695731,13.535714285714286,69.93865030674846,16.060565054687913,13.366189020152916,2.694376034534997,869.133860503299,796.7161394967009,832.925,72.41772100659819,76.86741287085435,77.98830341580282,74.6256317809574,-29.62962962962963,86.35651214612597,37.12090929630332,27319.2,-119485,21319.35,-2433.0,-7.269196295189717
2025-01-15,860.0,871.5,844.0,855.0,59704,28716,,,,859.0,849.1,835.3,815.1071428571429,837.6634525058042,14.607142857142858,69.0909090909091,15.601390242543062,13.813229264630946,1.7881609779121153,870.7094843078429,799.890515692157,835.3,70.81896861568589,69.47856014752114,75.15172232637559,58.13223578981223,-39.25925925925926,62.01304199267179,31.39325263971159,29277.7,-179189,22117.9,-2321.0,-7.47817121500145
2025-01-16,860.0,868.5,857.0,864.5,26469,28763,,,,862.5,852.65,838.1,816.2558139534884,840.2193141719182,14.678571428571429,78.69822485207101,15.821679033682699,14.214919218441297,1.6067598152414018,873.4428322220177,802.7571677779823,838.1,70.68566444403541,69.06047312015428,73.12130592430182,60.93880751185921,-25.757575757575758,72.89351198216023,96.30387045945993,29997.55,-152720,22941.15,47.0,0.1636718205878296
2025-01-17,865.5,869.5,857.5,864.5,22919,28669,,,,863.0,856.2,840.8,817.3522727272727,842.5317604412594,14.642857142857142,76.31578947368422,15.813965932339784,14.534728561220994,1.2792373711187892,875.5099257758991,806.0900742241008,840.8,69.41985155179827,66.91943629255707,71.05401604705358,58.65027678356404,-27.2,67.94613457975619,80.20724616072766,30685.2,-152720,23715.05,-94.0,-0.32680874734902776
2025-01-20,865.5,874.0,860.0,864.0,32289,28688,,,,861.9,858.55,842.55,818.3888888888889,844.5763546849489,15.035714285714286,76.82119205298014,15.587820728355041,14.745346994647804,0.8424737337072372,878.2695214207346,806.8304785792653,842.55,71.43904284146925,62.79477571018956,68.30093593476558,51.78245526103754,-28.45528455284553,66.5083608315288,80.3619928856066,31133.4,-185009,24226.0,19.0,0.06627367539850937
2025-01-21,865.0,865.5,854.5,856.5,18361,27748,,,,860.9,859.4,844.225,819.2173913043479,845.711939953049,15.0,68.35443037974684,14.63471185653384,14.723219967025013,-0.08850811049117269,879.2189468449827,809.2310531550173,844.225,69.9878936899654,53.55149549510473,63.38445578821196,33.88557490889026,-42.73504273504273,41.702699987611574,10.085215520807552,28619.95,-203370,24605.7,-940.0,-3.27663134411601
2025-01-22,855.0,862.0,848.0,857.0,20405,25293,,,,861.3,860.15,845.625,820.0212765957447,846.7869932908538,15.107142857142858,67.94871794871794,13.761082833237538,14.53079254026752,-0.7697097070299819,880.2931637665938,810.9568362334062,845.625,69.33632753318761,47.25655255229204,58.00848804290532,25.75268157106548,-41.88034188034188,29.1142962669268,0.0,28727.45,-182965,24784.55,-2455.0,-8.847484503387637
2025-01-23,857.0,861.5,856.0,861.0,10121,24832,,,,860.6,861.55,847.5,820.875,848.1406129774392,14.857142857142858,69.51219512195122,13.238882512042665,14.27241053462255,-1.033528022579885,881.1717904733949,813.8282095266051,847.5,67.34358094678987,46.615479479305804,54.210818521705484,31.424801394506446,-38.3177570093458,36.19112594412953,13.84028829581666,28286.7,-172844,25039.55,-461.0,-1.8226386747321355
2025-01-24,861.5,873.5,859.0,870.5,15502,25549,,,,861.8,862.4,850.225,821.8877551020408,850.2700784081593,14.607142857142858,68.75,13.436715508120187,14.105271529322078,-0.6685560212018906,881.9266934629846,818.5233065370154,850.225,63.403386925969244,60.52143076398164,56.314355935797536,68.93558042034985,-24.175824175824175,55.844557980243266,7.093147751606054,27941.45,-157342,25402.45,717.0,2.8874033505154717
2025-01-27,870.0,876.5,869.0,875.0,11114,25264,,,,864.0,862.95,852.75,822.95,852.6253090359537,14.214285714285714,67.53246753246754,13.797562265638362,14.043729676585336,-0.24616741094697403,883.8635441822197,821.6364558177803,852.75,62.227088364439396,72.14249230419288,61.59040139192932,93.24667412872,-16.883116883116884,68.16776260372276,0.0,27626.3,-146228,25835.0,-285.0,-1.1155035422130033
2025-02-05,882.0,882.0,863.0,867.5,17762,25210,,,,866.2,863.55,854.95,823.8235294117648,854.0419462706247,14.535714285714286,60.8433734939759,13.324749186592612,13.899933578586792,-0.5751843919941795,883.469430126439,826.4305698735611,854.95,57.03886025287784,67.21264192828545,63.464481570714696,74.70896264342696,-37.17948717948718,55.770969848973074,0.0,28078.95,-163990,26302.05,-54.0,-0.21374287523748814
2025-02-06,870.0,890.0,863.0,890.0,33683,33553,,,,872.8,867.05,858.075,825.0961538461538,857.4665228162796,15.785714285714286,70.873786407767,14.597334390342098,14.039413740937853,0.5579206494042452,887.6087006432347,828.5412993567654,858.075,59.06740128646925,78.14176128552364,68.35690814231768,97.71146757193557,-0.0,84.08138593302422,54.507456958328646,28983.65,-130307,27139.6,8343.0,33.09401031336772
2025-02-07,890.0,892.5,883.0,890.0,21534,35505,,,,878.6,869.6,861.125,826.3207547169811,860.5649492147293,15.178571428571429,65.9090909090909,15.428022690825514,14.317135530915387,1.1108871599101278,890.6151857001879,831.6348142998121,861.125,58.980371400375816,83.5551816809858,73.42299932187372,103.81954639920994,-5.154639175257732,99.40268126678949,27.528216070526128,28775.15,-130307,27990.7,1952.0,5.817661609990155
2025-02-10,890.0,898.0,886.5,898.0,26734,40707,,,,884.1,872.95,864.575,827.6481481481482,864.1301921466599,14.607142857142858,66.10169491525424,16.54120557364513,14.761949539461337,1.779256034183792,894.3836441012986,834.7663558987015,864.575,59.61728820259714,89.03678778732387,78.62759547702376,109.8551724079241,-0.0,109.29796709307905,29.450379148042025,29404.0,-103573,29167.4,5202.0,14.65145754119137
2025-02-11,897.0,899.0,884.0,892.5,29537,40024,,,,887.6,875.8,867.175,828.8272727272728,866.8320786088827,14.392857142857142,68.02325581395348,16.786107198946638,15.166781071358399,1.6193261275882396,897.2123013715313,837.1376986284686,867.175,60.07460274306277,88.44282584514401,81.89933893306385,101.52979966930437,-11.818181818181818,91.2647904216726,40.21250121873648,28766.35,-133110,29946.7,-683.0,-1.6778441054364102
2025-02-12,893.0,901.0,890.5,892.0,34045,42774,,,,892.5,879.35,869.375,829.9553571428571,869.2290235032749,13.178571428571429,73.125,16.746800982884224,15.482785053663564,1.26401592922066,899.9396424553117,838.8103575446883,869.375,61.12928491062348,85.62855056342934,83.14240947651902,90.60083273724996,-16.9811320754717,89.56473501199271,68.78593531643043,28688.4,-167155,30700.95,2750.0,6.870877473515891
2025-02-13,891.0,891.5,871.0,875.0,48911,42727,,,,889.5,881.15,870.65,830.7456140350877,869.7786403124869,13.714285714285714,55.99999999999999,15.169033423486326,15.420034727628117,-0.25100130414179134,899.8193783200626,841.4806216799374,870.65,58.33875664012521,69.78411307403226,78.68964400902344,51.97305120404991,-49.056603773584904,32.32787783599389,0.0,29028.85,-216066,31398.7,-47.0,-0.10987983354374675
2025-02-14,874.5,890.0,874.0,876.0,40513,41295,,,,886.7,882.65,872.1,831.5258620689655,870.3711507589168,14.0,56.497175141242934,13.839796350755705,15.103987052253636,-1.264190701497931,899.1235764511383,845.0764235488617,872.1,54.04715290227659,57.92625082128467,71.76851294644385,30.241726570966307,-47.16981132075472,31.580015529707136,2.3878322623309187,29856.15,-175553,32089.7,-1432.0,-3.351510754323961
2025-02-17,879.0,888.5,875.0,886.5,34973,43175,,,,884.4,884.25,873.325,832.457627118644,871.90723163902,13.964285714285714,61.421319796954315,13.478259654448266,14.778841572692563,-1.3005819182442977,900.6404573552469,846.0095426447532,873.325,54.6309147104937,59.23153563524241,67.5895205093767,42.51556588697383,-27.358490566037737,40.13477862001942,31.65734188002522,29840.45,-140580,32649.95,1880.0,4.552609274730601
2025-02-18,886.0,889.0,879.0,885.0,23136,42363,,,,882.9,885.25,874.1,833.3333333333334,873.1541619591133,13.892857142857142,65.4054054054054,12.921747887775041,14.40742283570906,-1.4856749479340188,901.8348346422252,846.3651653577748,874.1,55.46966928445045,58.78593603753003,64.65499235209447,47.04782340840114,-30.18867924528302,40.70995198691644,54.92207536003157,28128.7,-163716,33094.6,-812.0,-1.880718008106541
2025-02-19,885.0,892.0,880.5,889.0,26141,42630,,,,882.3,887.4,875.475,835.4166666666666,874.6632893915786,13.714285714285714,66.66666666666666,12.65756632827015,14.05745153422128,-1.3998852059511293,903.3062111807853,847.6437888192147,875.475,55.662422361570634,59.190624025020014,62.83353624306965,51.90479958892074,-26.666666666666668,46.75282787641441,62.28710462287101,27692.65,-137575,33674.25,267.0,0.6302669782593195
2025-02-20,888.0,902.0,885.0,897.0,34211,43782,,,,886.7,888.1,877.575,837.5,876.7905951638093,14.535714285714286,68.0,12.944517342011068,13.834864695779236,-0.8903473537681688,905.2389134119372,849.9110865880629,877.575,55.327826823874375,67.41740526399184,64.36149258337704,73.52923062522143,-11.627906976744185,68.4618265598758,70.07299270072994,26418.0,-103364,34427.55,1152.0,2.70232230823364
2025-02-21,896.5,900.5,890.0,895.0,29653,44000,,,,890.5,888.6,879.1,839.5833333333334,878.5248241958274,14.25,63.24324324324324,12.862276485631241,13.640347053749638,-0.7780705681183964,907.0898477835691,851.110152216431,879.1,55.97969556713815,70.75138845556445,66.49145787410617,79.27124961848102,-17.94871794871795,63.28168004086073,42.296310909449616,26577.2,-133017,35189.4,218.0,0.49792152025947
2025-02-24,890.0,890.5,873.5,874.5,43785,42971,,,,888.1,886.25,879.6,840.5833333333334,878.1415076057485,15.25,49.76958525345622,11.015936481508902,13.115464939301493,-2.099528457792591,906.8389040663689,852.3610959336312,879.6,54.477808132737664,50.931033163924695,61.304649637379015,30.183800217016056,-70.51282051282051,0.9169807800908374,0.0,27620.5,-176802,35904.5,-1029.0,-2.3386363636363594
2025-02-25,872.0,873.5,857.0,867.0,56101,41771,,,,884.5,883.7,879.75,841.5416666666666,877.0804116432963,15.142857142857142,49.76958525345622,8.845545464244879,12.261481044290171,-3.415935580045293,906.6582260949872,852.8417739050128,879.75,53.81645218997437,41.36142951669054,54.65690959714952,14.770469355772576,-77.77777777777777,-52.7210292803243,0.0,28811.1,-232903,36558.65,-1200.0,-2.7925810430290188
2025-02-26,866.0,875.0,860.0,862.5,28518,40893,,,,879.2,880.75,880.05,842.625,875.6918010106014,14.285714285714286,34.80662983425414,6.685318365656144,11.146248508563367,-4.460930142907223,905.9829093908431,854.1170906091568,880.05,51.86581878168636,31.648360418534438,46.98739320427783,0.9702948470476542,-87.77777777777777,-56.328910813197275,0.0,29318.95,-261421,37215.9,-878.0,-2.1019367503770536
2025-02-27,861.5,867.0,854.0,864.5,34638,39687,,,,872.7,879.7,880.425,843.75,874.6259152000679,14.535714285714286,36.21621621621621,5.076190942366907,9.932236995324075,-4.8560460529571685,905.1429351036746,855.7070648963253,880.425,49.43587020734935,28.39057361235629,40.78845334030399,3.594814156460899,-78.125,-77.56960224474183,3.678617790539929,30030.6,-226783,37935.6,-1206.0,-2.949160002934492
2025-02-28,863.0,868.0,858.5,865.0,16710,38232,,,,866.7,878.6,880.625,844.8916666666667,873.70916137149,14.392857142857142,30.588235294117638,3.7975162837516336,8.705292853009587,-4.907776569257953,904.738492619606,856.511507380394,880.625,48.2269852392119,26.565937963793083,36.04761488146703,7.602584128445187,-77.08333333333333,-72.17959956554013,0.0,30360.05,-210073,38605.6,-1455.0,-3.666187920477737
2025-03-03,862.0,864.5,848.0,853.0,42299,38817,,,,862.4,875.25,879.75,845.8166666666667,871.7368602884909,14.535714285714286,28.415300546448094,1.7951641576710244,7.323267113941875,-5.528102956270851,906.5327517158653,852.9672482841347,879.75,53.565503431730576,20.79704506228181,30.96409160840529,0.462951970034851,-90.74074074074075,-98.81312972093187,0.0,31699.9,-252372,39269.0,585.0,1.5301318267419983
2025-03-04,854.0,857.0,849.5,853.5,20547,37196,,,,859.7,872.1,878.675,846.6833333333333,870.0000164514918,14.321428571428571,28.96174863387978,0.2457980855833739,5.907773308270175,-5.661975222686801,907.8771538499077,849.4728461500922,878.675,58.40430769981549,17.259758436582935,26.395980551131174,-1.012685792513544,-89.81481481481481,-92.56499441906072,1.3804527885146098,32171.55,-231825,39865.6,-1621.0,-4.176005358476953
2025-03-05,866.5,874.0,845.0,856.5,80405,34965,,,,858.5,868.85,878.125,847.6083333333333,868.7143005989687,14.892857142857142,38.06451612903226,-0.7315775901046209,4.579903128595216,-5.311480718699837,908.5999681576623,847.6500318423377,878.125,60.94993631532452,18.41341253129553,23.735124544519294,7.769988504848001,-79.82456140350877,-68.13014821462957,24.376124401061613,35303.7,-151420,40353.35,-2231.0,-5.99795676954511
2025-03-06,856.5,862.5,852.0,860.5,25376,33941,,,,857.7,865.2,876.65,848.6083333333333,867.9319862562098,14.5,40.372670807453424,-1.1699023777222237,3.4299420273317285,-4.599844405053952,907.5575020700561,845.7424979299439,876.65,61.81500414011225,23.630919709508376,23.700389599515653,23.491979929493823,-72.80701754385964,-61.99672952443324,30.20705076979536,34888.35,-126044,40372.75,-1024.0,-2.9286429286429327
2025-03-07,860.0,866.5,856.0,860.0,14823,32673,,,,856.7,861.7,875.15,849.6083333333333,867.1765589937137,14.285714285714286,31.205673758865245,-1.5398730531751426,2.4359790112303545,-3.975852064405497,906.2408685189583,844.0591314810416,875.15,62.18173703791672,32.42061313967225,26.60713077956785,44.04757785988105,-73.6842105263158,-48.48081081673343,7.0491206222023575,34552.8,-140867,40231.15,-1268.0,-3.7358946407000437
2025-03-10,859.0,864.0,855.0,862.0,15510,31942,,,,858.5,860.45,873.35,850.725,866.6835533752648,14.214285714285714,33.80281690140845,-1.652643547581988,1.6182544994678862,-3.270898047049874,903.0060990443166,843.6939009556835,873.35,59.31219808863307,40.502630982003716,31.238964180379803,59.029964585251534,-70.17543859649123,-45.50074721580926,13.610097914932979,33991.6,-125357,39792.9,-731.0,-2.2373213356594146
2025-03-11,860.5,862.0,854.0,856.5,14372,32127,,,,859.1,859.4,871.55,851.7833333333333,865.713691149049,13.964285714285714,27.58620689655173,-2.1609093930849212,0.8624217209573248,-3.023331114042246,900.6774874700133,842.4225125299866,871.55,58.254974940026614,40.22014479260018,34.23269105111993,52.195052275560684,-79.82456140350877,-50.09432065300385,0.0,33233.35,-139729,39398.05,185.0,0.5791747542420733
2025-03-12,857.0,857.0,832.0,834.0,50503,39208,,,,854.6,856.55,868.65,852.425,862.6933396110444,14.535714285714286,13.793103448275858,-4.329369421406909,-0.17593650751552203,-4.153432913891387,900.615606517005,836.684393482995,868.65,63.93121303400994,28.400731449035042,32.28870451709163,20.62478531292186,-97.08029197080292,-94.39862895035155,0.0,34056.25,-190232,39219.75,7081.0,22.040651165686185
2025-03-13,834.0,843.0,828.5,839.0,30443,36109,,,,850.3,854.0,866.85,853.0083333333333,860.4368310766592,14.821428571428571,18.888888888888886,-5.580107398908126,-1.2567706857940428,-4.323336713114083,901.2701593317208,832.4298406682792,866.85,68.84031866344162,26.626128658331055,30.401179230838107,19.07602751331695,-83.06451612903226,-92.30339317872522,14.164212799371812,33132.85,-159789,38888.85,-3099.0,-7.903999183840038
2025-03-14,838.0,844.5,835.5,843.5,15558,34005,,,,847.0,851.85,865.225,853.675,858.8237995455489,13.928571428571429,29.054054054054063,-6.1374649892705975,-2.2329095464893536,-3.904555442781244,900.8730973139557,829.5769026860444,865.225,71.29619462791129,28.739763427898357,29.847373963191522,26.52454235731203,-67.74193548387096,-70.28346275509513,42.41924123770416,31885.1,-144231,38524.35,-2104.0,-5.826802182281421
2025-03-17,840.0,842.0,829.0,832.5,20780,34919,,,,841.1,849.8,862.525,854.1416666666667,856.3167710174014,13.714285714285714,27.74193548387096,-7.381691420588368,-3.2626659213091562,-4.1190254992792115,899.5420302200997,825.5079697799002,862.525,74.03406044019948,22.090245215668503,27.26166438068385,11.747406885637808,-91.39784946236558,-79.16793773948837,52.479530035611205,31175.45,-165011,38111.55,914.0,2.687840023525956
2025-03-18,832.5,839.0,831.5,834.0,13437,34165,,,,836.6,847.85,859.975,854.6916666666667,854.1913642538393,13.178571428571429,30.872483221476514,-8.152732739477415,-4.240679284942808,-3.9120534545346066,897.4961869972713,822.4538130027288,859.975,75.04237399454246,19.551391547287775,24.69157343621849,9.27102776942634,-87.91208791208791,-70.19128189777099,64.25755371561146,30690.5,-151574,37701.65,-754.0,-2.159282911881788
2025-03-19,832.0,836.5,826.0,835.0,17488,34431,,,,836.8,845.7,857.275,855.225,852.3636152772832,13.0,29.931972789115648,-8.58414422590647,-5.109372273135541,-3.4747719527709293,893.7592792388576,820.7907207611423,857.275,72.9685584777153,20.44166843893259,23.274938437123193,14.775128442551384,-81.25,-69.63377857037027,60.7190821534093,30257.85,-134086,37291.7,266.0,0.7785745646128994
2025-03-20,835.0,844.0,833.0,842.0,21664,33346,,,,837.4,843.85,854.525,855.8,851.3766042984943,13.107142857142858,35.625,-8.265915114408813,-5.740680841390196,-2.525234273018617,886.4021903272211,822.6478096727789,854.525,63.75438065444223,27.66286667858664,24.737581184277676,33.51343766720456,-66.66666666666667,-46.942145681495724,82.1378928283642,29630.5,-112422,36769.9,-1085.0,-3.151229996224336
2025-03-21,841.0,849.0,836.5,843.5,27218,32054,,,,837.4,842.2,851.95,856.3833333333333,850.6264515081615,12.785714285714286,43.16546762589928,-7.802733729453166,-6.1530914190027906,-1.6496423104503757,877.8138133712964,826.0861866287037,851.95,51.72762674259275,34.64561482276146,28.040259063772268,47.85632634073984,-63.541666666666664,-34.81301874229822,100.0,29508.75,-85204,36172.6,-1292.0,-3.8745276794817984
2025-03-24,843.0,844.5,837.0,842.5,16217,32085,,,,839.4,840.25,850.35,856.9166666666666,849.8525037454795,12.785714285714286,42.142857142857146,-7.430694368254763,-6.4086120088531855,-1.022082359401577,874.2226886453512,826.4773113546488,850.35,47.745377290702436,40.839012032378605,32.30651005330771,57.90401599052039,-65.625,-38.137854874340086,96.51846042471043,28130.35,-101421,35628.3,31.0,0.09671179883945502
2025-03-25,840.0,846.5,835.0,835.5,13588,32021,,,,839.7,838.15,848.775,857.025,848.4855986268624,11.535714285714286,35.81081081081081,-7.612934818959616,-6.649476570874472,-0.9634582480851437,872.1742240087253,825.3757759912746,848.775,46.79844801745071,40.994123963614726,35.20238135674339,52.5776091773574,-76.54320987654322,-43.606015498915355,74.96062363038712,26004.7,-115009,35140.8,-64.0,-0.1994701573944213
2025-03-26,835.5,835.5,828.0,835.0,20847,32162,,,,839.7,838.25,847.4,857.225,847.2012559004945,11.321428571428571,31.914893617021278,-7.708844746788714,-6.861350206057321,-0.8474945407313923,870.6347289973206,824.1652710026793,847.4,46.46945799464129,40.372894236612716,36.925885650033166,47.26691140977181,-77.77777777777777,-64.3960204465961,61.69673663024727,25621.15,-135856,34704.25,141.0,0.4403360294806591
2025-03-27,832.5,837.5,830.5,833.0,9327,32112,,,,837.9,837.65,845.825,857.2916666666666,845.8487553385427,11.071428571428571,31.25,-7.855681929597381,-7.060216550765333,-0.7954653788320476,868.4414239343654,823.2085760656347,845.825,45.23284786873069,37.06019036064036,36.97065388690223,37.239263308116634,-81.57894736842105,-55.16971513554612,59.43306587837838,24355.6,-145183,34325.5,-50.0,-0.1554629687208542
2025-03-28,836.0,836.5,826.5,829.0,16000,33680,,,,835.0,836.2,844.025,857.3833333333333,844.2441119729672,11.142857142857142,27.702702702702695,-8.2002901847369,-7.288231277559647,-0.9120589071772534,865.9350433591535,822.1149566408465,844.025,43.82008671830704,29.054619660716764,34.33197581150707,18.499907359136145,-91.66666666666667,-63.19258641756843,47.35607651570487,24320.1,-161183,34097.9,1568.0,4.882909815645231
2025-03-31,828.0,828.5,817.0,821.5,21297,34697,,,,830.8,835.1,842.45,857.475,842.0780060707798,11.428571428571429,26.973684210526315,-8.975122405319325,-7.6256095031115825,-1.349512902207743,866.1029735529114,818.7970264470887,842.45,47.305947105822725,24.057246440477844,30.907066021164,10.357607279105537,-88.75,-88.34205768448285,44.87408872688478,23270.0,-182480,33891.9,1017.0,3.019596199524943
2025-04-01,821.5,834.0,819.5,833.0,26437,31481,,,,830.3,835.0,841.425,857.6166666666667,841.2134340640389,10.678571428571429,49.23076923076923,-8.562525171811899,-7.8129926368516465,-0.7495325349602524,864.8372662407188,818.0127337592811,841.425,46.8245324814377,32.70483096031856,31.50632100088219,35.1018508791913,-50.0,-54.20058886712606,100.0,23564.5,-156043,33606.15,-3216.0,-9.268812865665621
2025-04-02,831.5,832.5,826.0,828.0,11625,31871,,,,828.9,834.3,840.0,857.6916666666667,839.9550117722257,10.142857142857142,41.53846153846154,-8.54054699545361,-7.95850350857204,-0.5820434868815703,863.0148693354167,816.9851306645833,840.0,46.02973867083347,33.26155397354571,32.091398658436695,35.60186460376373,-65.625,-49.573225455537084,65.43883583447021,20125.5,-167668,33451.45,390.0,1.238842476414348
2025-04-03,825.0,830.0,824.0,829.0,7544,31182,,,,828.1,833.0,838.425,857.7166666666667,838.911677317728,9.928571428571429,38.21138211382114,-8.3462273758513,-8.036048282027892,-0.31017909382340747,859.7847629594573,817.0652370405426,838.425,42.71952591891477,35.733691349595446,33.30549622215628,40.59008160447378,-62.5,-50.52861363543295,50.49042987019228,19233.9,-160124,33313.5,-689.0,-2.161839917166075
2025-04-07,817.0,830.0,814.0,818.5,26365,29049,,,,826.0,830.5,836.35,857.5416666666666,836.967708049373,10.035714285714286,38.52459016393443,-8.936475794956777,-8.21613378461367,-0.7203420103431082,856.933846502588,815.766153497412,836.35,41.167693005176034,28.437845515114915,31.682945986475822,21.947644572393102,-87.14285714285714,-78.65184524444386,51.897658399123294,19811.0,-186489,33132.3,-2133.0,-6.840484895131804
2025-04-08,819.5,826.0,816.5,818.5,17026,28046,,,,825.4,828.1,834.175,857.3666666666667,835.2088787113374,10.178571428571429,36.97478991596639,-9.29708095756132,-8.4323232192032,-0.8647577383581204,852.4053246499371,815.9446753500628,834.175,36.460649299874376,25.34154240014753,29.569144791033057,16.88633761837648,-87.14285714285714,-80.17176301836734,44.934481295929025,19886.8,-186489,32937.5,-1003.0,-3.452786670797614
2025-04-09,818.5,823.0,810.5,816.5,20225,28530,,,,822.1,826.2,832.175,856.9666666666667,833.4270807388291,10.321428571428571,34.710743801652896,-9.633200888860415,-8.672498753134644,-0.9607021357257715,848.798619847738,815.5513801522619,832.175,33.24723969547608,24.30176900750576,27.813352863190627,17.27860129613604,-84.41558441558442,-100.62767929608299,34.76223226936362,20179.45,-206714,32757.65,484.0,1.7257362903800866
2025-04-10,820.0,828.5,820.0,822.5,19298,24601,,,,821.0,824.95,831.6,856.5416666666666,832.3864063827501,10.392857142857142,33.61344537815127,-9.308130169634865,-8.799625036434689,-0.5085051332001758,848.7452003411115,814.4547996588885,831.6,34.29040068222298,31.585794722952556,29.070833483111272,36.615717202635125,-68.83116883116882,-50.4095077478134,29.832123845445444,18619.2,-187416,32027.3,-3929.0,-13.771468629512796
2025-04-11,823.0,841.5,819.5,835.5,30601,25566,,,,822.3,825.2,831.425,856.3083333333333,832.6829391082025,11.071428571428571,44.366197183098585,-7.910332538678745,-8.6217665368835,0.7114339982047557,848.3218231208991,814.5281768791008,831.425,33.79364624179834,47.9389169120759,35.36019462609948,73.09636148402872,-30.555555555555557,6.17297285643569,78.14371449250295,18627.1,-156815,31500.15,965.0,3.922604772163729
2025-04-14,835.0,837.5,832.5,834.5,11940,25240,,,,825.5,825.75,830.975,856.1,832.855992526469,10.892857142857142,44.366197183098585,-6.804817784639795,-8.25837678643476,1.4535590017949644,846.9732729331048,814.9767270668953,830.975,31.996545866209544,57.765729554287155,42.828706268828704,87.63977612520405,-33.333333333333336,26.817212001793944,78.14371449250295,18446.2,-168755,31061.9,-326.0,-1.2751310334037425
2025-04-15,834.0,836.0,826.0,828.5,11912,24762,,,,827.5,826.45,830.775,855.5416666666666,832.4411360953767,10.785714285714286,45.00000000000001,-6.339758444186145,-7.874653117985037,1.5348946737988918,846.7929997437096,814.7570002562903,830.775,32.0359994874193,57.865325079202194,47.840912538953205,77.91415015970017,-41.935483870967744,-3.6106707759254357,80.99135970895864,18002.8,-180667,30554.05,-478.0,-1.8938193343898568
2025-04-16,830.0,832.0,822.0,825.5,12211,25378,,,,829.3,825.7,830.35,854.8083333333333,831.7800755148646,10.964285714285714,43.44827586206897,-6.14246399289982,-7.528215292967994,1.3857513000681738,846.4585136038781,814.2414863961219,830.35,32.217027207756246,54.705915644199315,50.129246907368575,63.8592531178608,-51.61290322580645,-26.00203007997229,74.01953866177416,17941.5,-192878,30114.7,616.0,2.4876827396817625
2025-04-17,827.5,831.0,822.5,826.5,11751,25447,,,,830.1,825.55,829.925,854.225,831.2772111801156,11.071428571428571,45.45454545454546,-5.838116898667977,-7.190195614107991,1.3520787154400145,845.9653274674542,813.8846725325457,829.925,32.08065493490858,53.67491150473502,51.311135106490724,58.40246430122363,-48.38709677419355,-22.772742065822634,83.03361031873993,17654.65,-181127,29665.5,69.0,0.27188903774924
2025-04-18,827.0,828.0,820.0,822.0,10557,25844,,,,827.4,824.85,828.925,853.675,830.3936672581999,10.928571428571429,45.138888888888886,-5.892111432832053,-6.930578777852804,1.0384673450207513,844.2745242511569,813.575475748843,828.925,30.69904850231387,48.14886573433947,50.25704531577364,43.93250657147115,-62.903225806451616,-41.36416893748899,81.61538072861399,17099.3,-191684,29290.4,397.0,1.5601053169332246
2025-04-21,822.5,823.0,811.5,811.5,23185,29932,,,,822.8,824.15,827.325,852.7916666666666,828.5942703764665,10.892857142857142,43.33333333333333,-6.704875111361389,-6.885438044554522,0.18056293319313266,842.9464259070176,811.7035740929825,827.325,31.24285181403502,33.17451264009729,44.56286775721486,10.397802405862151,-96.7741935483871,-90.12754445360362,62.23785871964674,16897.65,-214869,29184.3,4088.0,15.817984832069332
2025-04-22,810.0,810.0,790.5,793.0,41454,35476,,,,815.7,821.6,824.85,851.6,825.2043398644221,11.357142857142858,25.60975609756099,-8.741030413783392,-7.256556518400296,-1.484473895383096,845.290156555174,804.409843444826,824.85,40.88031311034797,23.75032868816944,37.625354734199725,-3.9997234038911387,-95.09803921568627,-155.0029789331994,0.0,18159.5,-256323,29353.85,5544.0,18.52198316183349
2025-04-23,798.0,803.0,792.5,798.5,26114,32687,,,,810.3,819.8,823.0,850.5083333333333,822.6610694011438,11.607142857142858,32.12121212121211,-9.797949463672126,-7.764835107454663,-2.033114356217463,845.9278043110618,800.0721956889382,823.0,45.855608622123555,21.06231062871427,32.10434003237124,-1.0217481785996796,-84.31372549019608,-123.81476610407094,32.8119180633146,18785.8,-230209,29387.15,-2789.0,-7.861652948472209
2025-04-24,797.0,797.5,784.0,793.0,29365,33488,,,,803.6,816.85,820.9,849.45,819.8362056486538,12.214285714285714,29.310344827586206,-10.953108839355082,-8.402489853834746,-2.5506189855203356,846.7122777803617,795.0877222196383,820.9,51.624555560723365,19.649017054656866,27.95256570646645,3.041919751037696,-84.34782608695652,-121.79465486861983,18.64765941051814,19211.7,-259574,29453.45,801.0,2.4505154954569175
2025-04-25,794.0,799.0,791.5,796.0,15428,31240,,,,798.4,812.9,819.05,848.4333333333333,817.5660908249725,11.607142857142858,35.84905660377359,-11.494010243786306,-9.02079393182506,-2.473216311961247,846.4647482398191,791.6352517601808,819.05,54.82949647963824,20.79165239541227,25.565594602781726,11.243767980673361,-79.1304347826087,-90.89251977574013,51.596922103931675,19516.75,-244146,29409.85,-2248.0,-6.712852365026278
2025-04-28,792.5,796.0,788.5,794.5,8208,30684,,,,795.0,808.9,817.325,847.325,815.3693202702133,11.464285714285714,35.185185185185176,-11.906465643340312,-9.59792827412811,-2.3085373692122015,846.3952868741849,788.2547131258152,817.325,58.14057374836966,21.15276826360818,24.094652489723877,15.268999811376787,-81.73913043478261,-86.78469797902835,48.25160355886603,19127.15,-252354,29260.05,-556.0,-1.7797695262483981
2025-04-29,793.5,797.0,785.0,787.0,11692,30364,,,,793.8,804.75,815.6,845.9333333333333,812.6674802444787,11.428571428571429,32.94797687861271,-12.692218840787518,-10.216786387459992,-2.4754324533275263,847.5763070182652,783.6236929817348,815.6,63.95261403653035,16.229505083540207,21.472936687662656,5.742641875295313,-94.78260869565217,-85.21736634724363,36.97807343300923,18646.9,-264046,29043.4,-320.0,-1.0428888019814897
2025-04-30,783.0,790.0,781.0,788.5,10581,28732,,,,791.8,801.05,813.375,844.4916666666667,810.3658154592903,11.214285714285714,29.268292682926827,-13.043538652567804,-10.782136840481556,-2.2614018120862482,846.4281868039193,780.3218131960807,813.375,66.10637360783858,16.138818991863687,19.694897455729667,9.026662064131727,-87.60330578512396,-83.12086763905327,18.43575418994406,17854.1,-253465,28905.95,-1632.0,-5.374785930707415
2025-05-06,784.0,793.0,783.0,789.5,12459,29253,,,,791.1,797.35,811.45,843.1916666666667,808.3785949393579,10.357142857142858,17.14285714285714,-13.090372822451855,-11.243784036875615,-1.8465887855762393,845.3894197140489,777.5105802859512,811.45,67.87883942809776,17.505244407274205,18.965013106244513,14.58570700933359,-84.95575221238938,-68.70800051305774,0.0,17895.8,-241006,28775.05,521.0,1.8133092022831754
2025-05-07,793.0,805.5,790.0,792.5,15261,28601,,,,790.4,794.4,809.625,841.5666666666667,806.8663478022762,11.142857142857142,20.83333333333333,-12.738571983216161,-11.542741626143725,-1.1958303570724365,843.5162735236179,775.7337264763821,809.625,67.78254704723577,24.888553742780502,20.93952665175651,32.78660792482849,-79.0909090909091,-42.24288962026673,13.035168195718647,18281.65,-225745,28646.0,-652.0,-2.2288312309848513
2025-05-08,793.0,797.0,779.0,780.0,20576,30980,,,,787.5,791.25,807.7,839.7333333333333,804.3076480115833,11.714285714285714,19.10828025477707,-13.314926630730042,-11.897178627060988,-1.417748003669054,843.7721499220668,771.6278500779333,807.7,72.14429984413346,17.8502307970738,19.909761366862273,13.73116965749685,-98.11320754716981,-65.75505899222534,6.942090808157557,17992.2,-246321,28742.55,2379.0,8.317890982832775
2025-05-09,780.5,788.5,780.5,784.5,12670,30711,,,,787.0,790.4,806.0,837.8416666666667,802.4212053438134,11.607142857142858,24.375,-13.255775125155537,-12.168897926679898,-1.086877198475639,843.1185866337105,768.8814133662895,806.0,74.23717326742099,18.818392858426556,19.545971864050365,17.363234847178937,-89.42307692307692,-61.13112506480411,25.54472477064221,17774.4,-233651,28875.8,-269.0,-0.8683021304067173
2025-05-12,790.5,810.0,787.0,804.0,29602,26650,,,,790.1,790.95,805.375,836.3666666666667,802.5715667396407,12.821428571428571,38.57868020304569,-11.502812833036955,-12.035680907951312,0.5328680749143562,842.1686994034242,768.5813005965758,805.375,73.58739880684834,39.42731566905856,26.173086465719763,65.93577407573615,-48.97959183673469,-15.539935537729905,76.56736231279257,18243.25,-204049,28781.8,-4061.0,-13.223275048028393
2025-05-13,804.0,805.0,784.0,788.0,22317,26761,,,,789.8,790.45,803.65,834.6333333333333,801.1837984787226,13.75,34.54545454545455,-11.274676418037643,-11.883480009968578,0.6088035919309345,840.2978261005314,767.0021738994685,803.65,73.29565220106292,35.96229646754441,29.43615646632798,49.014576469977285,-79.54545454545455,-33.767586538309914,66.44628099173556,18394.2,-226366,28889.8,111.0,0.4165103189493369
2025-05-14,794.5,796.0,789.0,794.0,16067,25484,,,,790.1,790.25,801.575,833.2833333333333,800.4996271950347,13.5,41.70616113744075,-10.488818241977924,-11.604547656370448,1.1157294143925238,835.204991314146,767.9450086858541,801.575,67.25998262829194,40.10389656976079,32.99206983413892,54.32755004100454,-51.61290322580645,-28.138968425351564,100.0,17667.5,-210299,28885.7,-1277.0,-4.7718695116027
2025-05-15,792.0,797.5,786.5,788.0,11911,25820,,,,791.7,789.6,799.25,831.8166666666667,799.3091865097933,12.785714285714286,47.31182795698925,-10.2322191782049,-11.330081960737338,1.097862782532438,829.5615402723827,768.9384597276173,799.25,60.623080544765344,36.4133504013459,34.13249668987458,40.975057824288555,-70.96774193548387,-31.650323165558884,100.0,17666.05,-222210,28914.7,336.0,1.318474336838804
2025-05-16,788.0,794.0,779.5,783.0,15782,27405,,,,791.4,789.2,796.975,830.0916666666667,797.7559306517178,13.071428571428571,41.621621621621614,-10.313433938175308,-11.126752356224934,0.8133184180496258,824.7683634638136,769.1816365361865,796.975,55.58672692762707,28.576642203047808,32.280545194265656,21.168836220612107,-87.09677419354838,-45.65315866197742,81.13887818572134,17859.55,-237992,29046.85,1585.0,6.138652207591022
2025-05-19,780.0,785.5,775.5,783.0,16942,28310,,,,787.2,788.65,794.85,828.3916666666667,796.3506039229827,12.75,44.25287356321839,-10.259531725181432,-10.953308230016233,0.6937765048348012,819.8154498098991,769.884550190101,794.85,49.93089961979808,26.297471613626072,30.28618733405246,18.320040172773297,-78.26086956521739,-58.06745336202267,89.86059414284709,18096.1,-237992,29193.45,905.0,3.3023170954205483
2025-05-20,780.5,785.0,775.5,776.5,10657,29482,,,,784.9,787.35,792.35,826.5166666666667,794.460070216032,12.892857142857142,39.226519337016576,-10.618901424685646,-10.886426868950117,0.26752544426447145,813.7265735031812,770.9734264968189,792.35,42.75314700636227,18.497831317296612,26.35673532846718,2.7800232949554697,-97.10144927536231,-67.72785082766356,73.19991898369548,18041.4,-248649,29395.2,1172.0,4.139879901095012
2025-05-21,777.0,783.0,774.0,780.0,11986,29866,,,,782.1,786.1,790.25,824.5666666666667,793.082920671648,13.0,42.162162162162154,-10.500243480710992,-10.809190191302294,0.30894671059130197,807.1444089163144,773.3555910836856,790.25,33.788817832628865,17.887443100419965,23.53363791911811,6.595053463023675,-83.33333333333333,-72.1750522897189,82.93058842957008,18112.85,-236663,29596.3,384.0,1.302489654704564
2025-05-22,778.5,780.5,774.0,777.5,10041,30201,,,,780.0,785.85,788.55,822.6083333333333,791.598832988634,12.607142857142858,44.57142857142856,-10.487047160152997,-10.744761585072435,0.2577144249194383,803.1243104919531,773.9756895080468,788.55,29.148620983906312,15.165702807687385,20.74432621530787,4.008455992446422,-90.27777777777777,-87.61560067193714,90.91649694501015,17455.65,-246704,29609.75,335.0,1.1216768231433694
2025-05-23,776.5,777.5,773.0,775.0,8758,29777,,,,778.4,784.9,787.65,820.95,790.0179917516213,12.285714285714286,42.37288135593221,-10.556627853047303,-10.70713483866741,0.15050698562010645,803.2539805987568,772.0460194012431,787.65,31.20796119751367,12.193801871791592,17.89415143413578,0.7931027471032195,-94.5945945945946,-90.28099705515503,83.62905174496876,15820.85,-255462,29324.8,-424.0,-1.403927022284035
2025-05-26,770.0,772.5,762.5,763.5,14741,31678,,,,774.5,780.85,785.9,819.225,787.4924687276573,12.464285714285714,36.86868686868687,-11.408218106989693,-10.847351492331866,-0.5608666146578276,804.0270370906079,767.772962909392,785.9,36.254074181215856,9.081582200242016,14.956628356171192,-2.6685101116163388,-97.89473684210526,-122.58640717309544,62.97224307180598,15252.2,-270203,29274.35,1901.0,6.384121973335133
2025-05-27,764.5,764.5,753.0,755.0,19309,31837,,,,770.2,777.55,784.0,817.4333333333333,784.3979478964519,12.142857142857142,32.057416267942585,-12.623472942904641,-11.202575782446422,-1.4208971604582192,806.445255037185,761.554744962815,784.0,44.89051007437001,7.552515474318648,12.488590728887011,-2.319635034818077,-96.49122807017544,-130.90758942718975,45.91314592720487,14749.4,-289512,29191.8,159.0,0.5019256266178385
2025-05-28,754.0,761.0,748.5,758.0,19634,30481,,,,765.8,773.95,782.1,815.6583333333333,781.8838576205993,11.75,38.421052631578945,-13.192422196765051,-11.600545065310149,-1.5918771314549023,806.6069270551059,757.5930729448942,782.1,49.013854110211696,11.994717275919392,12.323966244564472,11.336219338629231,-84.55284552845528,-112.92269200600865,61.23799096334448,14959.7,-269878,29153.85,-1356.0,-4.259195275936801
2025-05-29,760.0,769.0,756.0,766.0,20871,29445,,,,763.5,771.75,780.675,814.0083333333333,780.3711092757803,12.071428571428571,40.609137055837564,-12.849662527319538,-11.850368557712027,-0.9992939696075105,805.4588551013413,755.8911448986586,780.675,49.56771020268275,23.762243949712023,16.136725479613656,39.01328088990875,-71.54471544715447,-71.18731350633604,56.06063978223093,15592.85,-249007,29091.9,-1036.0,-3.3988386207801535
2025-05-30,767.0,768.0,758.0,765.0,10714,28373,,,,761.5,769.95,779.575,812.5416666666666,778.9071941066584,10.964285714285714,25.625,-12.51445580593247,-11.983186007356117,-0.5312697985763535,805.1181008297755,754.0318991702246,779.575,51.08620165955085,30.90998911715961,21.061146692128972,50.60767396722089,-70.79646017699115,-63.713737429519256,0.0,15543.95,-259721,28992.35,-1072.0,-3.6406860247919837
2025-06-03,765.0,770.0,759.5,765.0,14963,28969,,,,761.8,768.15,778.4,811.0666666666667,777.5826994298338,10.214285714285714,32.03125,-12.109214576288082,-12.00839172114251,-0.10082285514557121,804.37286032928,752.42713967072,778.4,51.94572065856005,36.548688396946986,26.223660593734976,57.198744003371004,-66.3265306122449,-53.568010402308325,29.539820266501394,15763.05,-259721,29004.2,596.0,2.1005885877418695
2025-06-04,766.0,768.0,752.5,758.5,21347,28140,,,,762.5,766.35,776.85,809.4333333333333,775.7652994841353,10.75,22.480620155038764,-12.17223965760627,-12.041161308435262,-0.13107834917100725,803.7182947571664,749.9817052428336,776.85,53.73658951433276,34.782458931297995,29.076593372922652,46.19419004804868,-79.59183673469387,-65.33608643394602,0.0,16207.45,-281068,28948.55,-829.0,-2.861679726604305
2025-06-05,758.0,759.5,746.0,746.5,21697,30197,,,,760.2,763.0,774.55,807.5333333333333,772.9781281046938,10.928571428571429,20.567375886524815,-13.0401682579826,-12.24096269834473,-0.7992055596378709,803.5670548761291,745.5329451238708,774.55,58.034109752258246,23.717406483299193,27.290197743048164,16.571823963801258,-98.95833333333333,-86.61553520184162,0.0,16529.25,-302765,29028.35,2057.0,7.309879175550815
2025-06-06,750.0,776.5,749.5,768.5,45492,28894,,,,760.7,762.1,773.975,806.0083333333333,772.5516397137706,12.035714285714286,41.714285714285715,-11.816577637103592,-12.156085686096503,0.3395080489929114,802.9930978012013,744.9569021987987,773.975,58.036195602402586,40.40176825662569,31.660721247574003,57.883862274729054,-43.037974683544306,-33.20145084468247,88.09724801620804,17775.05,-257273,28924.05,-1303.0,-4.314998178627016
2025-06-09,765.5,776.0,764.5,772.0,26887,29328,,,,762.1,761.8,773.35,804.5083333333333,772.4991025981734,12.142857142857142,43.95604395604395,-10.444059884140415,-11.813680525705287,1.3696206415648717,801.9490430461926,744.7509569538074,773.35,57.19808609238521,55.349812717531876,39.557085070893294,86.93526801080904,-33.333333333333336,-9.76945717813898,97.43633034195251,18485.9,-230386,28854.9,434.0,1.5020419464248702
2025-06-10,776.0,788.5,766.5,771.0,34225,23859,,,,763.3,762.55,771.7,803.0833333333334,772.3563309221569,13.035714285714286,46.78362573099415,-9.329476916614908,-11.316839803887213,1.9873628872723046,796.3947682505315,747.0052317494686,771.7,49.38953650106282,56.50771828227615,45.20729614135425,79.10856256411995,-41.1764705882353,12.056698276426598,100.0,18717.05,-264611,28715.35,-5469.0,-18.64770867430442
2025-06-11,772.0,772.0,763.0,765.0,19343,23389,,,,764.6,763.55,770.55,801.9333333333333,771.6557279771896,13.035714285714286,41.477272727272734,-8.828541806255998,-10.81918020436097,1.9906383981049718,794.1673442065044,746.9326557934955,770.55,47.234688413008826,52.57377297249783,47.66278841840211,62.39574208068926,-55.294117647058826,-18.76563391738113,79.75929801095917,18568.35,-283954,28546.75,-470.0,-1.969906534221888
2025-06-12,766.0,766.0,756.5,765.0,14867,22180,,,,768.3,764.25,769.1,800.7,771.0218491222192,13.25,42.69005847953216,-8.33546111516273,-10.322436386521321,1.9869752713585918,790.0676442468687,748.1323557531314,769.1,41.93528849373729,49.95114276597894,48.425573200927715,53.0022818960814,-55.294117647058826,-33.20699083758277,84.38538205980066,18508.35,-283954,28381.55,-1209.0,-5.169096583864208
2025-06-13,765.0,772.5,764.0,767.5,15211,20998,,,,768.1,764.4,768.075,799.4333333333333,770.6864349201031,13.535714285714286,45.614035087719294,-7.654723125102123,-9.788893734237481,2.1341706091353583,787.063292792086,749.0867072079141,768.075,37.97658558417197,50.16350694202518,49.00488444796021,52.48075193015512,-49.411764705882355,-2.01530157456104,95.53868058851445,18673.35,-268743,28140.45,-1182.0,-5.329125338142471
2025-06-16,770.0,792.5,770.0,792.0,29796,21987,,,,772.1,767.1,768.525,798.7583333333333,772.7162982610457,14.428571428571429,64.46700507614213,-5.079732128614751,-8.847061413112936,3.767329284498185,789.3411753906626,747.7088246093374,768.525,41.63235078132516,66.41724835561536,54.80900575051193,89.63373356582221,-1.075268817204301,89.23857927408373,100.0,19374.05,-238947,27869.55,989.0,4.709972378321736
2025-06-17,790.0,807.0,786.5,793.0,47147,24075,,,,776.5,769.9,769.025,798.075,774.6480793790414,15.071428571428571,70.87912087912088,-2.9246282752002344,-7.6625747855303965,4.737946510330162,791.7023130312185,746.3476869687814,769.025,45.35462606243709,69.96122567969985,59.8597457269079,90.16418558528375,-22.950819672131146,123.43664106254984,100.0,20884.3,-191800,27657.8,2088.0,9.496520671305774
2025-06-18,797.0,806.0,792.0,795.5,32071,23403,,,,782.6,773.6,769.975,797.4166666666666,776.6339765810374,15.178571428571429,70.7182320441989,-1.0033972985911532,-6.330739288142548,5.327341989551395,795.3966546730514,744.5533453269486,769.975,50.84330934610284,73.30748378646656,64.34232508009413,91.23780119921145,-18.852459016393443,112.82015382563563,99.68021615043237,21955.0,-159729,27353.85,-672.0,-2.791277258566982
2025-06-19,797.0,801.0,790.0,798.0,21160,22957,,,,789.2,778.75,770.875,796.6833333333333,778.6688359542719,15.035714285714286,68.82352941176471,0.7127055725252376,-4.922050316008991,5.634755888534229,798.9292238118308,742.8207761881692,770.875,56.108447623661505,76.26439513157177,68.31634843058669,92.16048853354195,-14.754098360655737,93.9765899413832,95.91429105140625,22413.7,-138569,27008.4,-446.0,-1.9057385805238636
2025-06-20,798.0,812.0,795.0,812.0,23823,22123,,,,798.1,783.1,772.6,796.1583333333333,781.8432325300556,15.535714285714286,73.9795918367347,3.1659177299808334,-3.304456706811026,6.470374436791859,806.0862108305726,739.1137891694275,772.6,66.97242166114506,84.17626342104785,73.60298676074041,105.32281674166273,-0.0,108.57278786378913,100.0,23102.8,-114746,26604.5,-834.0,-3.6328788604782836
2025-06-23,814.0,824.0,812.0,819.0,26899,21945,,,,803.5,787.8,774.8,795.7666666666667,785.3819722890979,15.642857142857142,75.71428571428571,5.6102757709505795,-1.5215102112587051,7.131785982209284,814.2079874350908,735.3920125649091,774.8,78.81597487018166,86.98170647822943,78.06255999990341,104.81999943488148,-6.410256410256411,116.95821494155778,100.0,24009.85,-87847,26212.9,-178.0,-0.8045925055372272
2025-06-24,816.0,818.5,802.5,806.5,21892,19852,,,,806.2,791.35,776.95,795.2833333333333,787.3932130234696,15.714285714285714,71.62162162162161,6.46428533842311,0.07564889867765778,6.3886364397454525,818.4011760991177,735.4988239008824,776.95,82.90235219823535,82.67916234351098,79.60142744777261,88.83463213498771,-22.435897435897434,80.7156535531073,92.57861572761445,24367.4,-109739,25621.6,-2093.0,-9.537480063795856
2025-06-25,806.5,813.0,801.0,811.0,10998,18219,,,,809.3,795.95,779.75,794.8833333333333,789.6414784498058,15.607142857142858,81.15942028985506,7.418688442985058,1.5442568075391379,5.87443163544592,822.503270111925,736.996729888075,779.75,85.50654022384992,81.23055267345177,80.14446918966567,83.40271964102396,-17.449664429530202,70.0648617739873,100.0,23951.85,-98741,24940.7,-1633.0,-8.225871448720534
2025-06-26,807.0,821.0,807.0,818.0,12203,15787,,,,813.3,801.25,782.75,794.6333333333333,792.3422900260149,14.464285714285714,77.96610169491525,8.640301263448237,2.9634656987209578,5.676835564727279,827.4531142209654,738.0468857790346,782.75,89.4062284419308,83.7833314119308,81.35742326375404,88.63514770828431,-8.88888888888889,77.03066075351404,91.95275762254637,23580.3,-86538,24206.0,-2432.0,-13.348701904605086
2025-06-27,820.0,822.0,812.0,819.0,12440,10984,,,,814.7,806.4,785.4,794.4666666666667,794.8811195473468,14.357142857142858,77.32558139534883,9.578712433173678,4.286515045611502,5.292197387562176,832.1587312420735,738.6412687579265,785.4,93.51746248414702,84.74444316350943,82.48642989700583,89.26046969651662,-7.407407407407407,73.03671714011513,90.33863051776642,23158.75,-74098,23282.95,-4803.0,-30.423766390067776
2025-06-30,792.0,797.5,785.0,786.0,20825,22033,,,,808.1,805.8,786.45,793.875,794.0352986380757,15.214285714285714,56.35593220338983,7.5722971110704975,4.943671458703301,2.6286256523671963,832.2124300054099,740.6875699945901,786.45,91.5248600108198,57.35099629704048,74.10795203035072,23.837084830420025,-56.2962962962963,7.694036613049057,37.49459237973979,23664.3,-94923,22965.95,11049.0,100.59176984705024
2025-07-01,784.0,789.0,778.0,787.0,20259,22081,,,,804.2,805.2,787.55,793.1083333333333,793.3652701963542,15.357142857142858,59.73451327433629,5.993797390208215,5.153696645004285,0.8401007452039302,832.1852468701353,742.9147531298646,787.55,89.2704937402707,44.755736661795105,64.32388024083218,5.6194495037209435,-54.81481481481482,-5.734986809564799,44.306570196936306,23929.1,-74664,22621.55,48.0,0.21785503562836706
2025-07-02,789.5,797.0,784.5,793.0,16377,20917,,,,800.6,804.95,789.275,792.525,793.3304825586063,15.571428571428571,61.76470588235294,5.167408179957647,5.156438951994958,0.010969227962688954,831.7998843557947,746.7501156442053,789.275,85.04976871158942,40.706722991921374,56.45149449119525,9.217179993373634,-51.666666666666664,6.852362182628335,45.436758394344885,23680.6,-58287,22260.4,-1164.0,-5.2715003849463375
2025-07-03,793.0,798.5,790.0,792.5,13001,21543,,,,795.5,804.4,791.575,791.9166666666666,793.2513889815962,15.571428571428571,60.68376068376069,4.4211783636079645,5.00938683431756,-0.5882084707095956,829.032730563228,754.1172694367721,791.575,74.91546112645597,37.64506170475918,50.182683562383225,12.569817989511094,-58.333333333333336,7.669463709202518,17.44846718850189,23245.8,-71288,21827.7,626.0,2.992780991537991
2025-07-04,796.0,798.0,791.0,795.0,8504,21389,,,,790.7,802.7,792.9,791.525,793.4179233643013,14.285714285714286,51.57894736842105,3.9855717740050522,4.804623822255059,-0.8190520482500068,828.7617227401968,757.0382772598032,792.9,71.7234454803936,37.975495681960666,46.11362093557571,21.699245174730578,-63.04347826086956,6.710311500782065,0.0,21396.4,-62784,21452.45,-154.0,-0.7148493710253945
2025-07-07,791.0,794.5,785.0,787.0,16427,21713,,,,790.9,799.5,793.65,791.0,792.8066925677011,13.535714285714286,47.05882352941176,2.9606883003959865,4.4358367178832445,-1.475148417487258,828.2774913601137,759.0225086398863,793.65,69.25498272022742,32.13517893948893,41.45414027021345,13.497256278039899,-80.43478260869566,-13.355467735327963,0.0,20873.4,-79211,21071.7,324.0,1.5147973257281677
2025-07-08,785.0,791.5,782.0,785.5,15821,21351,,,,790.6,797.4,794.375,790.4833333333333,792.110817085063,13.214285714285714,45.04950495049505,2.0043187606692072,3.9495331264404374,-1.9452143657712302,827.58386850479,761.16613149521,794.375,66.41773700957992,27.105270808144137,36.671183782857014,7.973444858718381,-83.69565217391305,-23.210700392993175,0.0,19953.2,-95032,20946.3,-362.0,-1.667203979182974
2025-07-09,785.0,787.0,780.5,783.5,12198,20962,,,,788.7,794.65,795.3,789.8333333333334,791.290739267438,12.892857142857142,42.7860696517413,1.0726409872573868,3.3741546986038276,-2.301513711346441,825.9995628290492,764.6004371709507,795.3,61.399125658098455,22.236847205429427,31.85973825704782,2.9910651021926427,-88.04347826086956,-36.64305377648423,0.0,19595.95,-107230,20824.95,-389.0,-1.8219287152826613
2025-07-10,785.0,788.5,781.5,787.0,16978,22625,,,,787.6,791.55,796.4,789.025,790.8820974324439,12.178571428571429,36.111111111111114,0.6096724640743787,2.821258251697938,-2.211585787623559,823.9425030395606,768.8574969604393,796.4,55.085006079121285,29.458711145083033,31.059395886392892,26.25734166246332,-80.43478260869566,-38.54818193866608,0.0,19701.5,-90252,20847.2,1663.0,7.933403301211706
2025-07-11,787.0,794.0,784.5,786.0,19988,22238,,,,785.8,788.25,797.325,788.2166666666667,790.4171357722112,12.0,30.35714285714286,0.16022792352839588,2.2890521860640294,-2.1288242625356335,821.8591330437928,772.7908669562073,797.325,49.06826608758547,32.6472708446895,31.58868753915843,34.76443745575165,-81.81818181818181,-37.31434162476126,0.0,19940.35,-110240,20909.2,-387.0,-1.7104972375690641
2025-07-14,787.5,789.5,783.0,788.0,10698,22708,,,,786.0,788.45,797.125,787.5416666666666,790.1869323653339,11.285714285714286,37.414965986394556,-0.034182789703095295,1.8244051909106045,-1.8585879806136998,821.9058818499898,772.3441181500102,797.125,49.561763699979565,35.65373611868189,32.94370373233292,41.07380089137983,-77.27272727272727,-43.87843105120718,13.892729786769513,18985.45,-99542,20945.25,470.0,2.1134994154150544
2025-07-15,786.5,793.5,785.5,790.0,16985,21885,,,,786.9,788.75,796.975,786.95,790.1691292829212,11.0,35.21126760563381,-0.0265651685630246,1.4542111190158789,-1.4807762875789034,821.8969307353774,772.0530692646226,796.975,49.843861470754746,41.361750005047185,35.749719156571004,52.585811701999546,-72.72727272727273,-29.989116516044895,10.195822103632606,17477.35,-82557,20835.75,-823.0,-3.6242733838294905
2025-07-16,788.0,797.0,787.0,797.0,20361,24434,,,,789.6,789.15,797.05,786.4583333333334,790.8196883988335,10.714285714285714,35.21126760563381,0.5381103484960477,1.2709909649119127,-0.732880616415865,821.9622671114367,772.1377328885632,797.05,49.82453422287358,59.00307143193622,43.50083658169274,90.00754113242317,-56.81818181818182,-11.837128644804471,10.334865070173475,16891.85,-62196,20887.3,2549.0,11.64724697281243
2025-07-17,799.5,834.0,799.5,833.0,68470,34390,,,,798.8,793.2,798.8,786.6416666666667,794.836860932278,12.642857142857142,56.60377358490566,3.8461825017647016,1.7860292722824704,2.060153229482231,828.45840610403,769.1415938959699,798.8,59.31681220806013,72.0456613284559,53.015778163947125,110.10542765747347,-1.7857142857142858,94.32965186598472,83.56786773521802,19257.35,6274,21458.95,9956.0,40.74650077760498
2025-07-18,838.0,846.5,824.0,828.5,59796,33765,,,,807.3,796.55,799.625,786.925,798.042874176823,11.821428571428571,77.41935483870968,6.035171425245608,2.6358577028750982,3.3993137223705094,831.652742908133,767.597257091867,799.625,64.0554858162659,72.27286512806151,59.434807151985254,97.94898108021403,-26.277372262773724,112.48704652246641,100.0,21056.0,-53522,22041.05,-625.0,-1.8173887758069163
2025-07-21,838.0,856.5,832.0,838.0,48961,30700,,,,817.3,801.65,800.575,787.675,801.8483147314114,13.035714285714286,79.65116279069767,8.439249112585458,3.7965359848171705,4.642713127768287,835.9724054951696,765.1775945048305,800.575,70.7948109903391,73.40120833098838,64.09027421165297,92.02307656965922,-24.342105263157894,120.12597559827383,100.0,22159.1,-4561,22478.8,-3065.0,-9.07744706056568
2025-07-22,843.5,846.5,835.0,838.0,21852,28436,,,,826.9,806.9,802.15,788.3333333333334,805.2913323760389,12.964285714285714,78.125,10.226611983149837,5.082551184483704,5.144060798666133,841.2653489862454,763.0346510137546,802.15,78.23069797249082,74.0452499984367,67.40859947391422,87.31855104748166,-24.342105263157894,97.57499196361698,96.90395956192081,22157.1,-4561,22908.0,-2264.0,-7.374592833876226
2025-07-23,841.5,848.5,812.5,823.0,35666,25137,,,,832.1,810.85,802.75,788.8333333333334,806.9778721497495,14.928571428571429,66.13756613756614,10.31384372523712,6.128809692634388,4.185034032602733,842.7940546871749,762.7059453128251,802.75,80.08810937434987,67.5040895681188,67.44042950531575,67.63140969372492,-44.078947368421055,62.09115196964188,72.585728103841,23390.5,-40227,23253.9,-3299.0,-11.601491067660707
2025-07-24,824.0,835.0,818.5,827.5,21217,24533,,,,831.0,814.9,803.225,789.3583333333333,808.9323605164401,15.607142857142858,66.83937823834196,10.623625361057748,7.02777282631906,3.595852534738688,844.2442188588404,762.2057811411596,803.225,82.03843771768084,65.18413227443747,66.68833042835632,62.175735966599774,-38.1578947368421,56.69154242605308,74.00945475815287,23841.2,-19010,23691.2,-604.0,-2.4028324780204446
2025-07-25,829.0,833.5,822.0,830.0,16577,24369,,,,831.3,819.3,803.775,789.95,810.9388023720172,15.714285714285714,73.62637362637363,10.944695014637318,7.811157263982713,3.1335377506546056,845.9631437572713,761.5868562427287,803.775,84.37628751454258,64.34810696230103,65.90825593967122,61.227809007560666,-34.86842105263158,57.538618611854055,87.77784978290457,24048.05,-2433,24360.45,-164.0,-0.6684873435780392
2025-07-28,820.5,842.5,814.0,831.0,42901,24197,,,,829.9,823.6,806.025,790.6833333333333,812.8493926223013,17.071428571428573,75.13812154696133,11.151291523685245,8.47918411592322,2.6721074077620255,849.0139520691068,763.0360479308931,806.025,85.97790413821372,64.00185548086256,65.27278912006834,61.459988202451,-33.55263157894737,53.38575907626942,90.84464758642198,25151.85,40468,24468.65,-172.0,-0.7058147646600177
2025-07-29,828.0,838.5,823.5,830.0,20970,23148,,,,828.3,827.6,808.175,791.375,814.4827838011297,17.678571428571427,75.97765363128491,11.106302560418726,9.00460780482232,2.101694755596405,851.4577606377068,764.8922393622931,808.175,86.56552127541363,60.50416096384989,63.68324640132886,54.14599008889195,-35.333333333333336,51.38186388294158,92.54775900938002,25187.4,19498,24522.0,-1049.0,-4.335248171260897
2025-07-30,835.5,835.5,825.0,825.0,13700,22659,,,,828.7,830.4,809.775,791.9666666666667,815.4844234391173,17.928571428571427,70.87912087912088,10.5456268477692,9.312811613411696,1.2328152343575027,853.0616516437374,766.4883483562626,809.775,86.5733032874748,49.80580427893023,59.05743236052932,31.302548115732066,-42.857142857142854,42.05644625235451,82.20465297129157,25053.55,5798,24609.1,-489.0,-2.112493519958525
2025-07-31,824.0,830.0,819.0,821.5,17804,21905,,,,827.5,829.25,811.225,792.45,816.0573354925348,18.035714285714285,68.98395721925132,9.706970641587759,9.39164341904691,0.31532722254084966,854.015155040862,768.434844959138,811.225,85.58031008172406,40.02205133746864,52.71230535284243,14.641543306721061,-47.61904761904762,27.48669116989393,75.99633048857513,25293.7,-12006,24627.2,-754.0,-3.327596098680441
2025-08-01,822.0,825.0,813.0,821.5,18880,19584,,,,825.8,828.55,812.55,793.1416666666667,816.5756844932457,18.428571428571427,68.30601092896174,8.939283065330642,9.301171348303656,-0.36188828297301434,854.8632429189225,770.2367570810774,812.55,84.62648583784517,35.01470089164576,46.813103865776874,11.41789494338353,-49.29577464788732,16.430070389582973,74.4707951841682,25812.5,-12006,24536.95,-2321.0,-10.595754393973976
2025-08-04,820.0,847.5,819.0,842.0,35596,24236,,,,828.0,828.95,815.3,794.1,818.9970478748413,19.892857142857142,73.63636363636363,9.871273903700967,9.415191859383118,0.45608204431784927,857.7702992194478,772.8297007805521,815.3,84.94059843889568,50.657948742578654,48.094718824710796,55.784408578314384,-20.863309352517987,49.24749837375855,86.46531651506774,26770.95,23590,24663.1,4652.0,23.754084967320253
2025-08-05,841.5,841.5,825.5,829.0,23985,22705,,,,827.8,828.05,817.475,794.5166666666667,819.9497099819993,20.357142857142858,63.793103448275865,9.45193596904869,9.422540681316233,0.029395287732457476,857.9270183609377,777.0229816390623,817.475,80.9040367218754,49.230903026453404,48.47344689195833,50.74581529544355,-48.24561403508772,35.504802852215114,31.19368445239543,27179.15,-395,24730.8,-1531.0,-6.317049017989762
2025-08-06,829.0,836.0,826.0,832.5,11435,22335,,,,829.3,829.0,819.925,795.2583333333333,821.1449756979994,18.428571428571427,49.70059880239521,9.294882761340432,9.397009097321074,-0.10212633598064258,857.549565043822,782.3004349561779,819.925,75.24913008764406,51.66118172778053,49.536025170565736,55.91149484221012,-54.54545454545455,30.546536535356246,0.0,27141.0,11040,24799.45,-370.0,-1.6295970050649644
2025-08-07,835.0,840.5,827.0,832.5,13917,21314,,,,831.5,829.5,822.2,795.9,822.2264065839042,17.785714285714285,52.531645569620245,9.06591078651104,9.330789435159069,-0.264878648648029,856.8249073720966,787.5750926279035,822.2,69.24981474419315,53.28136752866528,50.784472623265586,58.27515733946467,-54.54545454545455,31.709681302798014,9.452398854094136,26987.95,11040,24733.9,-1021.0,-4.571300649205279
2025-08-08,831.5,835.5,823.5,830.5,13036,20650,,,,833.3,829.55,824.425,796.6083333333333,823.0143678616276,16.642857142857142,44.75524475524475,8.62365740695509,9.189363029518272,-0.5657056225631827,854.7014021362469,794.148597863753,824.425,60.55280427249386,52.429124246163326,51.33268983089817,54.62199307669364,-50.0,17.720165668992824,0.0,26640.35,-1996,24654.5,-664.0,-3.1153232617059157
2025-08-11,833.5,840.0,830.5,832.5,14082,19246,,,,831.4,829.7,826.65,797.4333333333333,823.9177613986155,16.5,46.25850340136054,8.338431455371847,9.019176714688987,-0.6807452593171401,851.7542038836431,801.5457961163569,826.65,50.20840776728619,53.79332920758714,52.15290295646116,57.07418170983911,-44.44444444444444,29.293525708877496,4.814678624202435,26809.55,12086,24481.4,-1404.0,-6.799031476997575
2025-08-12,833.0,835.5,821.5,824.5,15736,18057,,,,830.5,829.15,828.375,798.125,823.9732126939855,14.928571428571429,51.127819548872175,7.381762331420646,8.69169383803532,-1.3099315066146744,846.7020722961228,810.0479277038772,828.375,36.65414459224553,46.97333058283587,50.42637883191939,40.067234084668826,-66.66666666666667,-6.863535130038793,20.410259883944086,26747.1,-3650,24290.0,-1189.0,-6.177907097578716
2025-08-13,821.5,822.5,809.5,813.0,13356,16984,,,,826.6,827.95,829.175,798.7333333333333,822.9281448183679,14.821428571428571,40.136054421768705,5.630733674975431,8.079501805423343,-2.4487681304479114,842.430683984415,815.9193160155849,829.175,26.5113679688302,34.385729160487074,45.07949560810862,12.998196265243976,-90.78947368421052,-113.57941227047418,0.0,26396.85,-17006,23917.5,-1073.0,-5.942293847261448
2025-08-14,812.5,816.0,805.0,809.5,14684,17607,,,,822.0,826.75,828.0,799.225,821.6492738832852,14.785714285714286,36.241610738255034,3.9154749421483075,7.246696432768337,-3.3312214906200293,843.758038884126,812.241961115874,828.0,31.51607776825199,26.453231205030598,38.87074080708261,1.618212000926576,-89.41176470588235,-123.76886269165755,0.0,23707.55,-31690,23078.35,623.0,3.6681582666038715
2025-08-15,809.0,818.0,803.5,815.0,14413,18555,,,,818.9,826.1,827.325,799.85,821.0160097039247,13.785714285714286,39.87341772151899,2.9657369042678283,6.390504527068235,-3.424767622800407,844.1155832004273,810.5344167995728,827.325,33.5811664008545,27.72320676826601,35.15489612747708,12.85982804984387,-73.86363636363636,-93.82155908191376,9.13983053884063,21438.4,-17277,22317.85,948.0,5.3842221843585
2025-08-18,817.0,820.0,810.5,811.0,14986,17450,,,,814.6,823.0,825.975,800.45,820.0621040178366,13.392857142857142,38.41463414634147,1.8687542602958729,5.486154473713763,-3.6174002134178904,843.4783079580297,808.4716920419703,825.975,35.006615916059445,25.23889460226743,31.84956228574053,12.017559235321222,-82.95454545454545,-76.73497122228962,5.811038286594338,19739.65,-32263,21655.35,-1105.0,-5.95526812180005
2025-08-19,809.5,816.5,807.0,810.5,10001,16337,,,,811.8,821.15,824.6,801.2333333333333,819.1514274447093,13.321428571428571,40.645161290322584,0.9481125391178011,4.578546086794571,-3.6304335476767697,842.4431764932247,806.7568235067754,824.6,35.686352986449265,23.13223604115126,28.94378687087744,11.5091343816989,-84.0909090909091,-82.81928191511459,11.775851451849757,19147.1,-42264,21050.4,-1113.0,-6.378223495702007
2025-08-20,805.5,810.5,802.0,805.5,11700,13802,,,,810.3,818.45,823.725,802.075,817.851291497594,13.142857142857142,39.87341772151899,-0.1828530548435765,3.6262662584669414,-3.809119313310518,843.5092973353258,803.9407026646743,823.725,39.568594670651464,18.491666132697333,25.459746624817402,4.555505148457193,-92.3076923076923,-96.73427135279285,9.712076432647457,17948.8,-53964,20483.65,-2535.0,-15.51692477198996
2025-08-21,804.0,812.0,803.0,804.5,6681,12977,,,,809.3,815.65,822.575,802.85,816.5797399263946,12.928571428571429,39.375,-1.1466254939319924,2.6716879079871547,-3.818313401919147,844.0380036648121,801.111996335188,822.575,42.9260073296241,14.520759877938573,21.813417709191125,-0.06455578456652944,-94.50549450549451,-81.9255524761089,8.379221732745965,17222.0,-60645,19905.85,-825.0,-5.977394580495576
2025-08-22,804.0,807.5,797.5,801.0,6679,11970,,,,806.5,812.7,821.125,803.4333333333333,815.0959551714998,11.607142857142858,17.460317460317455,-2.1678531827456027,1.7037796898406032,-3.871632872586206,844.3240811977759,797.9259188022241,821.125,46.39816239555171,12.750682023888874,18.792505814090376,0.6670344434858748,-92.04545454545455,-89.39176557191679,0.0,16727.1,-67324,19285.9,-1007.0,-7.759882869692536
2025-08-25,804.5,812.0,800.0,803.5,8532,8946,,,,805.0,809.8,819.75,804.075,813.9915784884998,11.285714285714286,25.714285714285722,-2.7438252673402985,0.8142586984044229,-3.5580839657447214,843.7313524046881,795.7686475953119,819.75,47.96270480937619,16.500454682592583,18.02848877025778,13.444386507262188,-86.04651162790698,-66.86479870138625,23.53480378115157,15008.65,-58792,18523.35,-3024.0,-25.263157894736842
2025-08-26,818.0,826.0,815.0,823.0,7574,12693,,,,807.5,809.65,819.4,805.0416666666666,814.849523394357,12.178571428571429,43.065693430656935,-1.60826122800745,0.32975471312204835,-1.9380159411294984,842.951958237948,795.8480417620519,819.4,47.103916475896085,40.82486452523715,25.627280688584236,71.22003219854298,-40.69767441860465,6.0390860245253934,73.00942778824384,14338.85,-51218,18000.6,3747.0,41.88464118041584
2025-08-27,821.5,825.5,813.5,814.5,9628,858,,,,809.3,809.8,818.875,805.975,814.8162354520373,12.071428571428571,38.311688311688314,-1.3783092173848672,-0.011858072979334777,-1.3664511444055325,842.3694002286759,795.3805997713241,818.875,46.98880045735177,47.09961728583062,32.784726220999694,75.72939941549247,-60.0,-7.346789576471481,61.93322806226034,14135.25,-60846,16910.55,-11835.0,-93.24036870716142
2025-08-28,815.0,823.0,810.0,821.5,10511,14529,,,,812.7,811.0,818.875,807.225,815.4527844566053,12.142857142857142,44.51219512195122,-0.624035599747458,-0.13429357833295943,-0.48974202141449863,842.3694002286759,795.3805997713241,818.875,46.98880045735177,59.469920295816905,41.67979091260543,95.05017906223986,-43.529411764705884,-4.6364804384489835,80.35011801730923,13770.6,-50335,16541.75,13671.0,1593.3566433566434
2025-08-29,819.0,824.5,818.0,820.0,6608,400,,,,816.5,811.5,818.8,808.0833333333334,815.8858526035953,11.928571428571429,42.331288343558285,-0.14562708906566968,-0.13656028047950147,-0.009066808586168207,842.2686801369051,795.3313198630948,818.8,46.93736027381033,65.9624030042288,49.77399494314655,98.33921912639332,-40.78947368421053,7.293164502083701,73.87233783434063,13157.0,-56943,15582.55,-14129.0,-97.24688553926629
2025-09-01,820.0,823.0,816.0,818.5,6386,100,,,,819.5,812.25,817.625,808.8583333333333,816.1348190223005,11.428571428571429,46.0,0.1111958419705843,-0.08700905598948433,0.19820489796006863,838.4016949400409,796.8483050599591,817.625,41.553389880081795,68.53633884492447,56.02810957707252,93.55279738062838,-26.31578947368421,3.831939349297294,100.0,11696.5,-63329,14375.75,-300.0,-75.0
2025-09-02,820.0,821.0,810.0,810.5,11543,13985,,,,817.0,812.25,816.7,809.5166666666667,815.5981695916051,11.142857142857142,48.25174825174825,-0.32703343818013764,-0.135013932427615,-0.19201950575252263,836.9858519533598,796.4141480466403,816.7,40.57170390671945,60.895570925856084,57.65059669333371,67.38551939090084,-54.3859649122807,-18.68789255646672,100.0,11074.4,-74872,13939.75,13885.0,13885.0
2025-09-03,810.5,810.5,796.5,798.5,13965,110,,,,813.8,811.55,815.0,810.075,813.9697724876428,11.357142857142858,43.125,-1.6239135472648059,-0.43279385539505316,-1.1911196918697526,835.4089763532966,794.5910236467034,815.0,40.81795270659313,42.85693428955378,52.71937589207373,23.132051084513876,-93.22033898305085,-72.57659563693605,83.35008111031001,11200.9,-88837,12828.5,-13875.0,-99.21344297461566
2025-09-04,797.0,799.0,791.5,797.0,9929,110,,,,808.9,810.8,813.225,810.6083333333333,812.3536036792959,10.857142857142858,38.15789473684211,-2.741139689171405,-0.8944630221503236,-1.8466766670210812,833.3991757804624,793.0508242195376,813.225,40.34835156092481,33.88529918820494,46.441350324117465,8.773196916379888,-84.05797101449275,-92.81942203155943,67.21862786020569,11001.5,-98766,11768.3,0.0,0.0
2025-09-05,796.0,803.0,792.5,800.0,7671,108,,,,804.9,810.7,811.7,811.15,811.1770699955534,10.928571428571429,42.666666666666664,-3.34590501756918,-1.3847514212340948,-1.9611535963350852,830.9665513260662,792.4334486739339,811.7,38.53310265213236,30.80275984527672,41.22848683117056,9.951305873489048,-75.3623188405797,-72.36050800632228,81.86157173756308,10733.25,-91095,10741.2,-2.0,-1.8181818181818188
2025-09-08,800.0,814.0,796.0,807.5,13596,106,,,,802.7,811.1,810.45,811.4083333333333,810.8268728531198,11.535714285714286,48.17073170731708,-3.183303437053837,-1.7444618243980432,-1.438841612655794,827.100904827633,793.7990951723671,810.45,33.30180965526597,36.221447739988406,39.5594738007765,29.545395618412215,-53.6231884057971,-31.734053469206334,99.73688606749083,10708.95,-77499,9784.2,-2.0,-1.851851851851849
2025-09-09,806.0,810.0,801.5,805.5,6466,15092,,,,801.7,809.35,809.5,811.6166666666667,810.3195516290131,11.535714285714286,50.0,-3.179176233663725,-2.0314047062511795,-1.1477715274125453,824.8965136176633,794.1034863823367,809.5,30.79302723532669,38.28904596807308,39.13599785654203,36.59514219113518,-59.42028985507246,-29.20355612836472,100.0,10245.45,-83965,9635.95,14986.0,14137.735849056602
2025-09-10,803.0,808.0,801.0,806.5,4145,14650,,,,803.3,808.55,809.175,811.8,809.9557848072023,11.392857142857142,51.265822784810126,-3.0599406613932842,-2.2371118972796005,-0.8228287641136838,824.534807427519,793.8151925724809,809.175,30.719614855038117,40.677545796897206,39.649847169993755,42.73294305070411,-56.52173913043478,-29.3344237011769,100.0,9784.9,-79820,9519.25,-442.0,-2.9287039491121103
2025-09-11,807.0,808.5,802.0,804.5,3837,480,,,,804.8,806.85,808.925,811.9083333333333,809.4361862541355,11.142857142857142,52.25806451612903,-3.091195518886366,-2.407928621600954,-0.6832668972854119,824.4246604377049,793.425339562295,808.925,30.99932087540992,40.8749776212119,40.05822398706647,42.50848488950275,-62.31884057971015,-28.46824689860753,100.0,9242.55,-83657,8662.9,-14170.0,-96.7235494880546
2025-09-12,803.0,806.0,797.0,798.0,6528,480,,,,804.4,804.65,808.075,811.675,808.3470256585035,10.928571428571429,46.625766871165645,-3.5989741620061295,-2.646137729681989,-0.9528364323241405,824.0297880950466,792.1202119049535,808.075,31.90957619009305,34.594617849169516,38.23702194110082,27.309809665306915,-81.15942028985508,-53.85101809825282,60.05510761127711,8848.3,-90185,7759.15,0.0,0.0
2025-09-15,798.5,806.5,794.5,804.5,8991,490,,,,803.8,803.25,807.75,811.4333333333333,807.9806422624556,10.178571428571429,36.496350364963504,-3.4372739631738796,-2.8043649763803673,-0.6329089867935123,823.7187194226696,791.7812805773304,807.75,31.937438845339102,42.32233782537227,39.59879390252463,47.76942567106755,-61.76470588235294,-40.10791361087193,0.0,8548.55,-81194,6911.15,10.0,2.083333333333326
2025-09-16,806.0,813.0,802.0,806.5,8052,481,,,,804.0,802.85,807.55,811.4333333333333,807.8396287136503,10.107142857142858,43.54838709677419,-3.111870400406019,-2.865866061185498,-0.24600433922052112,823.4738318583366,791.6261681416634,807.55,31.847663716673196,50.43711410580374,43.21156730361767,64.88820771017586,-54.54545454545455,-4.708314341523561,44.74155960561696,8451.1,-73142,6118.35,-9.0,-1.8367346938775508
2025-09-17,806.5,811.5,804.0,809.0,6548,471,,,,804.5,803.9,807.725,811.4,807.9501402647312,9.714285714285714,39.130434782608695,-2.6220314791444252,-2.8170991447772833,0.19506766563285804,823.6308909973945,791.8191090026055,807.725,31.811781994789044,59.2061380860397,48.54309089775835,80.53223246260242,-46.96969696969697,1.0182365230430774,16.711915927306734,8193.5,-66594,5451.8,-10.0,-2.079002079002079
2025-09-18,809.0,811.0,801.5,801.5,6311,446,,,,803.9,804.35,807.575,811.125,807.3358411918997,9.928571428571429,35.43307086614173,-2.806664444205694,-2.815012204662966,0.008347760457271924,823.6644702408602,791.4855297591399,807.575,32.17894048172025,51.43657068983844,49.50758416178505,55.29454374594522,-68.25396825396825,-20.82171851646367,0.0,8175.0,-72905,4825.25,-25.0,-5.307855626326963
2025-09-19,800.0,808.0,800.0,805.0,5117,441,,,,805.3,804.85,807.775,810.8916666666667,807.1133801260045,10.0,39.69465648854962,-2.6401328419693755,-2.780036332124248,0.13990349015487258,823.6178964656402,791.9321035343597,807.775,31.685792931280503,53.209966045477884,50.74171145634933,58.14647522373501,-54.23728813559322,-23.93793807586568,25.328898845742522,8096.9,-67788,4248.8,-5.0,-1.1210762331838597
2025-09-22,805.0,813.5,801.0,807.5,9368,12983,3.5,0.44,681487520.0,805.9,804.85,807.975,811.25,807.1502010663851,10.107142857142858,47.5,-2.280142181049314,-2.6800575019092614,0.3999153208599475,823.6911499235975,792.2588500764025,807.975,31.432299847195054,58.2803282408449,53.25458371784785,68.331817286839,-28.88888888888889,-5.248129055833925,71.72025966183574,8138.7,-58420,4450.65,12542.0,2843.9909297052154
2025-09-23,808.0,811.5,803.5,805.0,7666,12621,-3.0,-0.37,557125024.0,805.6,804.8,807.075,811.55,806.9454200124436,9.678571428571429,56.43564356435643,-2.171543889091595,-2.5783547793457284,0.40681089025413364,821.1435352546195,793.0064647453806,807.075,28.13707050923881,57.27460479214222,54.59459074261264,62.63463289120139,-40.0,-5.260322710171142,100.0,8143.3,-66086,4447.05,-362.0,-2.7882615728260007
2025-09-24,807.0,808.0,802.0,803.0,4911,12678,-4.0,-0.5,355658624.0,804.4,804.45,806.5,811.7166666666667,806.5696657255443,9.571428571428571,55.88235294117647,-2.221256977853045,-2.506935219047192,0.28567824119414675,820.2266548230631,792.7733451769369,806.5,27.453309646126172,53.095350563182535,54.09484401613594,51.09636365727573,-51.16279069767442,-18.091642510042128,97.3656054849557,7907.45,-70997,5038.05,57.0,0.45162823864985935
2025-09-25,804.0,808.0,802.0,807.5,5480,12370,3.0,0.37,396785200.0,805.6,804.75,805.8,811.9666666666667,806.6582689897782,9.25,57.14285714285714,-1.8759181502118736,-2.3807318052801287,0.5048136550682552,817.5983049629996,794.0016950370003,805.8,23.596609925999246,58.20391791931467,55.46453531719551,63.68268312355298,-33.333333333333336,-2.336652271828159,99.99999999999999,7655.9,-65517,4930.1,-308.0,-2.429405268969864
2025-09-26,806.0,810.0,805.0,808.5,5939,11702,4.0,0.5,431771088.0,806.3,805.8,805.225,812.1916666666667,806.8336719431327,8.321428571428571,51.086956521739125,-1.5042034772714032,-2.2054261396783836,0.7012226624069804,815.0683787523949,795.3816212476052,805.225,19.68675750478974,59.79026626719744,56.906445633862816,65.55790753386668,-26.31578947368421,23.634071361136364,72.10520387474655,7622.45,-59578,5495.2,-668.0,-5.40016168148747
2025-09-29,808.5,813.0,805.0,810.5,6835,11001,3.0,0.37,497882832.0,806.9,806.4,804.825,812.5833333333334,807.1828460437866,8.285714285714286,55.434782608695656,-1.0362879531467115,-1.9715985023720493,0.9353105492253377,812.8857887820868,796.7642112179133,804.825,16.12157756417355,65.78610343739088,59.866331568372175,77.6256471754283,-15.789473684210526,56.81296379814715,92.13223699031317,7644.9,-52743,6040.25,-701.0,-5.990428986498031
2025-09-30,811.5,830.0,808.0,817.0,19945,9559,8.0,0.99,1472264768.0,809.3,807.45,805.15,813.1083333333333,808.1178130872356,9.357142857142858,60.19417475728156,-0.13935940344049413,-1.6051506825857385,1.4657912791452443,814.5817492935713,795.7182507064286,805.15,18.863498587142658,62.7462911804828,60.82631810574238,66.58623732996365,-36.61971830985915,143.18680084530453,100.0,8065.0,-32798,5818.95,-1442.0,-13.107899281883462
2025-10-09,820.0,833.0,819.5,828.5,11084,10078,8.5,1.04,824714416.0,814.4,809.4,806.65,813.8583333333333,810.0589737455941,10.035714285714286,69.67213114754098,1.4823294534910474,-0.9876546553703814,2.469984108861429,820.2499226003968,793.0500773996032,806.65,27.19984520079356,70.61873957486732,64.09045859545068,83.67530153370058,-11.688311688311689,155.2480218996598,100.0,7920.95,-21714,6317.35,519.0,5.429438225755834
2025-10-10,830.0,832.0,821.0,821.0,7383,9354,-5.5,-0.67,548517104.0,817.1,811.35,807.85,814.425,811.1009762460137,10.178571428571429,68.54838709677419,2.1377001595941465,-0.36258369237747584,2.500283851971622,822.0852416650755,793.6147583349245,807.85,28.470483330150955,67.91249304991155,65.36447008027098,73.00853898919269,-31.16883116883117,115.06663542596766,96.71794715879724,7793.65,-29097,6779.55,-724.0,-7.183965072435006
2025-10-13,818.0,821.5,792.0,803.0,13031,7635,-22.0,-2.67,947651984.0,816.0,811.15,808.0,814.7083333333334,810.3294546987743,11.428571428571429,48.9795918367347,1.1909085457479023,-0.051885244752400195,1.2427937905003024,821.9472691158311,794.0527308841689,808.0,27.89453823166218,54.218084797502016,61.64900831934799,39.35623775381008,-73.17073170731707,-19.794447651750566,39.564523264536746,8061.65,-42128,7155.9,-1719.0,-18.37716484926235
2025-10-14,800.0,802.5,785.5,787.5,12063,6655,-20.5,-2.54,859135232.0,811.4,809.15,807.0,814.7,808.1552209179387,11.892857142857142,39.080459770114935,-0.8009185995248345,-0.20169191570688708,-0.5992266838179474,823.6954138045514,790.3045861954486,807.0,33.39082760910287,37.54889863693117,53.61563842520905,5.415419060375413,-95.78947368421052,-99.91919520933676,10.652713228682524,7985.0,-54191,7483.35,-980.0,-12.83562540929928
2025-10-15,790.0,796.0,788.0,793.0,8061,5988,2.0,0.25,575040512.0,806.6,807.95,806.375,814.75,806.7118665448016,11.964285714285714,41.111111111111114,-1.913593216481786,-0.5440721758618668,-1.3695210406199192,824.204233829509,788.545766170491,806.375,35.658467659018015,30.295756986024287,45.842344612147464,-0.797418266222067,-84.21052631578948,-84.92742317012286,16.58351659859672,8064.75,-46130,7028.15,-667.0,-10.022539444027046
2025-10-16,798.0,799.5,790.0,797.0,4826,5128,4.5,0.57,345896320.0,800.3,807.35,805.9,814.75,805.7869268738682,11.964285714285714,47.398843930635834,-2.4444511845650823,-0.92414797760251,-1.5203032069625722,824.2147912613633,787.5852087386367,805.9,36.62958252272665,28.267346762612682,39.98401199563587,4.834016296566318,-75.78947368421052,-61.02129769696905,27.19166291338738,8098.8,-41304,6552.05,-860.0,-14.362057448229793
2025-10-17,823.5,836.5,823.0,835.5,12081,14247,12.0,1.46,903469232.0,803.2,810.15,807.45,814.7916666666666,808.6167433620712,14.214285714285714,62.55144032921811,0.2387165177578936,-0.6915750785304293,0.9302915962883229,830.0189586542398,784.8810413457603,807.45,45.13791730847947,51.52463640383329,43.83088679836834,66.9121356147632,-1.9607843137254901,113.29190933038096,76.72343321660644,8511.0,-29223,7240.4,9119.0,177.82761310452418
2025-10-20,836.0,838.0,830.0,834.5,10085,15635,4.0,0.48,757806384.0,809.5,812.75,809.275,814.8916666666667,811.0818154228264,13.892857142857142,61.25,2.258420939603525,-0.10157587490363851,2.3599968145071633,834.3862786569982,784.1637213430017,809.275,50.222557313996504,65.46086871366664,51.040880770134436,94.30084460073107,-6.666666666666667,103.65354941166345,72.46920234062213,8688.85,-39308,7998.15,1388.0,9.742401909173859
2025-10-21,835.0,840.5,833.0,838.0,9316,17105,3.5,0.42,702059312.0,819.6,815.5,810.95,814.8916666666667,813.6454520492239,13.857142857142858,63.63636363636363,4.094275732335973,0.7375944465442837,3.356681285791689,839.0155248340463,782.8844751659537,810.95,56.1310496680926,75.45876096062624,59.18017416696503,108.01593454794863,-4.545454545454546,97.72716297819831,80.26989948763895,8705.1,-29992,8828.9,1470.0,9.401982731052128
2025-10-22,839.5,839.5,828.5,831.5,8878,17459,-5.5,-0.66,665159984.0,827.3,816.95,812.2,814.7833333333333,815.345885187393,14.214285714285714,61.35458167330677,4.967446572997233,1.5835648718348736,3.383881701162359,841.6250162098055,782.7749837901946,812.2,58.8500324196109,78.18462851920538,65.51499228437848,103.52390098885917,-16.363636363636363,73.2032092727425,72.81106556220453,8746.4,-38870,9677.8,354.0,2.069570301081547
2025-10-23,832.0,834.0,826.0,828.5,11925,18095,-3.5,-0.42,891147248.0,833.6,816.95,813.175,814.875,816.598658026689,14.357142857142858,58.467741935483865,5.35562946442144,2.3379777903521872,3.017651674069253,843.4340134461912,782.9159865538087,813.175,60.51802689238252,78.18369174007631,69.73789210294441,95.07529101434011,-21.818181818181817,54.678576738927674,63.374380321289124,9015.25,-50795,10559.0,636.0,3.6428203218970223
2025-10-24,830.0,833.5,826.0,829.0,11296,18767,-1.0,-0.12,843751888.0,832.3,817.75,814.55,814.9,817.7797382146234,14.535714285714286,58.29959514170041,5.638614584888501,2.99810514925945,2.640509435629051,845.0733301625244,784.0266698374755,814.55,61.04666032504883,78.48609752368725,72.65396057652535,90.15037141801105,-20.90909090909091,49.54197171294363,62.82473139328863,9264.5,-39499,11475.05,672.0,3.7137330754352105
2025-10-27,828.0,829.5,780.0,787.0,58277,16570,-42.5,-5.12,4179633968.0,822.8,816.15,813.65,814.1833333333333,814.8483345751355,17.5,42.81345565749235,2.44564150736403,2.887612420880366,-0.4419709135163359,846.3433117254721,780.9566882745279,813.65,65.38662345094417,56.18081432708627,67.16291182671233,34.21661932783414,-88.4297520661157,-52.05282129489193,12.202654249653174,11922.5,-97776,12281.5,-2197.0,-11.706719241221297
2025-10-28,789.0,791.5,785.0,786.0,16104,16598,-10.5,-1.32,1142307536.0,812.4,816.0,812.575,813.4333333333333,812.1008741394083,16.392857142857142,40.18987341772152,-0.16361821442717428,2.277366293818858,-2.440984508246032,847.4601876272641,777.689812372736,812.575,69.77037525452806,40.75966134202446,58.36182833181637,5.555327362440636,-90.08264462809917,-80.42284103159515,3.6265218526936596,12259.3,-113880,12462.25,28.0,0.16898008449004465
2025-10-29,786.5,790.5,786.0,787.0,6445,16639,-1.0,-0.13,457218672.0,803.5,815.4,811.675,812.7166666666667,809.71031469756,15.571428571428571,35.932203389830505,-2.126273344441074,1.3966383661668715,-3.5229117106079455,848.2699018594831,775.0800981405168,811.675,73.18980371896623,31.02985687264441,49.25117117875905,-5.412771739584883,-88.4297520661157,-72.2831336330617,0.0,12198.25,-107435,12663.15,41.0,0.24701771297745978
2025-10-30,788.0,791.0,785.5,786.0,7691,16535,-2.0,-0.25,545569792.0,795.0,814.3,810.825,812.0666666666667,807.4521894882686,15.178571428571429,37.5886524822695,-3.719507154629241,0.373409262007649,-4.09291641663689,849.0229263697299,772.6270736302702,810.825,76.39585273945977,23.99235637239655,40.831566243304884,-9.686063369420125,-90.08264462809917,-67.56055013815299,5.979062630661342,12337.25,-115126,12856.0,-104.0,-0.6250375623535032
2025-10-31,785.0,796.5,783.0,787.5,10921,15691,-0.5,-0.06,777782704.0,786.7,809.5,809.825,811.5,805.5519809655764,14.035714285714286,43.77510040160642,-4.805721596746707,-0.6624169097432223,-4.143304687003485,849.411381230763,770.2386187692371,809.825,79.17276246152596,20.127135653223046,33.93008937994428,-7.47877180021942,-87.60330578512396,-58.82927457983173,28.30945584339583,12609.3,-104205,13022.05,-844.0,-5.104324160870877
2025-11-03,788.0,788.0,773.5,782.0,18740,16934,-9.0,-1.14,1316226688.0,785.7,804.25,808.5,810.8416666666667,803.308935159331,13.821428571428571,47.598253275109165,-6.040724688471073,-1.7380784654887926,-4.302646222982281,850.0007926366909,766.9992073633091,808.5,83.0015852733818,17.711019728411323,28.523732829433293,-3.914406473632617,-87.31343283582089,-71.83730713515452,42.10937917433732,13249.35,-122945,13283.65,1243.0,7.921738576253912
2025-11-04,785.0,785.5,775.0,776.5,5906,17707,-3.5,-0.45,414062960.0,783.8,798.1,806.8,809.75,800.7557032393947,13.964285714285714,42.79475982532751,-7.378225974711427,-2.8661079673333196,-4.512118007378107,850.6735023735996,762.9264976264003,806.8,87.7470047471993,13.46023904759102,23.50256823548587,-6.624419328198677,-95.5223880597015,-69.42552908358766,24.770851649819555,13202.9,-128851,13618.95,773.0,4.564780914137234
2025-11-05,775.0,780.5,775.0,778.5,4366,17656,0.0,0.0,305748448.0,782.1,792.8,804.875,808.9083333333333,798.6361124546904,13.678571428571429,41.77777777777778,-8.182499336014075,-3.9293862410694707,-4.253113094944604,850.2179911023213,759.5320088976787,804.875,90.68598220464264,11.751270476171792,19.58546898238118,-3.9171265362469825,-92.53731343283582,-64.28573677247574,21.09998764058832,12423.95,-124485,14023.8,-51.0,-0.28802168633873526
2025-11-06,777.0,781.0,776.5,779.0,4488,17745,1.0,0.13,314562608.0,780.7,787.85,802.4,808.0166666666667,796.7660065066246,11.178571428571429,12.080536912751683,-8.679494142322369,-4.879407821320051,-3.8000863210023184,847.7171281665452,757.0828718334548,802.4,90.63425633309043,11.107989841257385,16.759642602006583,-0.1953156802410092,-91.7910447761194,-56.28097293455848,0.0,12094.15,-119997,14407.15,89.0,0.5040779338468582
2025-11-07,780.5,780.5,775.0,778.5,3649,18027,0.0,0.0,255250935.0,778.9,782.8,800.275,807.1166666666667,795.0263868393271,11.0,12.162162162162161,-9.009851963306687,-5.705496649717379,-3.3043553135893085,845.9044860808219,754.645513919178,800.275,91.2589721616439,14.65170337243246,16.056996192148542,11.841117733000296,-92.53731343283582,-52.57624627171844,0.15832400447783992,11907.45,-123646,14840.8,282.0,1.5891800507185083
2025-11-10,778.0,785.0,772.5,782.5,7899,17161,5.5,0.71,553935200.0,779.0,782.35,799.25,806.3166666666667,793.8333976165341,11.357142857142858,12.75167785234899,-8.846914621191218,-6.3337802440121465,-2.513134377179071,845.5380000363846,752.9619999636154,799.25,92.57600007276915,23.65669113717719,18.590227840491423,33.78961773054873,-85.07462686567165,-44.23952966769428,1.3620577382244259,11650.85,-115747,15317.1,-866.0,-4.8039052532312665
2025-11-11,781.0,784.5,776.5,776.5,4191,17400,-2.5,-0.32,294017136.0,779.0,781.4,798.7,805.3833333333333,792.1825978435309,11.142857142857142,12.837837837837839,-9.097070098209656,-6.886438214851649,-2.2106318833580065,845.8296085279724,751.5703914720277,798.7,94.25921705594465,21.32668298034035,19.502379553774396,24.97528983347226,-93.4959349593496,-43.87735186390465,1.6325642485143015,11257.25,-119938,15854.35,239.0,1.3926927335236927
2025-11-12,778.0,780.0,773.5,778.5,4277,17794,-0.5,-0.06,299025008.0,779.0,780.55,797.975,804.6166666666667,790.879493287004,11.035714285714286,15.753424657534254,-9.029846382503706,-7.315119848382062,-1.7147265341216444,845.9129807668191,750.0370192331809,797.975,95.87596153363825,22.55112198689357,20.518627031480786,26.61611189771913,-90.1639344262295,-45.2828733009839,7.9466953363452655,11068.05,-115661,16444.65,394.0,2.264367816091961
2025-11-13,776.5,784.5,776.5,783.5,6473,17582,7.0,0.9,454595632.0,779.9,780.3,797.3,804.125,790.1766844025275,11.071428571428571,20.64516129032259,-8.475413598033242,-7.547178598312298,-0.928234999720944,845.6739816974277,748.9260183025722,797.3,96.74796339485556,38.689995303090335,26.575749788683968,62.91848633190306,-80.70175438596492,-34.493914783941804,24.11366848643428,11150.4,-109188,17067.35,-212.0,-1.1914128357873421
2025-11-14,778.0,791.0,778.0,788.5,7402,15964,8.5,1.09,524578095.0,781.9,780.4,794.95,803.775,790.0170001737154,8.464285714285714,51.85185185185185,-7.545582629025944,-7.546859404455027,0.0012767754290834432,839.9598234891699,749.9401765108302,794.95,90.01964697833978,54.62215903088905,35.92455286941899,92.01737135382916,-33.333333333333336,-21.727558988142803,100.0,10916.45,-101786,17153.2,-1618.0,-9.202593561597084
2025-11-17,786.0,794.0,786.0,789.0,5986,15155,2.0,0.25,426057568.0,783.2,781.1,792.675,803.3416666666667,789.9201430143139,8.571428571428571,53.75,-6.691206996567075,-7.375728922877437,0.6845219263103619,833.6901127474266,751.6598872525733,792.675,82.03022549485331,61.99616803609658,44.615091258311516,96.7583215916667,-31.25,-9.073584249630311,99.99999999999999,10711.5,-95800,17129.2,-809.0,-5.067652217489349
2025-11-18,792.0,792.5,782.5,785.0,4228,14296,-5.5,-0.7,299464880.0,784.9,781.95,790.025,802.9083333333333,789.4515579653316,8.964285714285714,47.67441860465116,-6.264659626446132,-7.153515063591177,0.888855437145045,825.1330662496438,754.9169337503562,790.025,70.2161324992876,60.71062365197136,49.98026872286479,82.1713335101845,-47.916666666666664,-11.760936358787141,85.41958320262569,10457.1,-100028,16988.75,-859.0,-5.668096337842298
2025-11-19,784.0,784.0,775.0,775.5,5620,15417,-11.0,-1.4,393911824.0,784.3,781.65,787.225,802.325,788.1228381591096,9.285714285714286,39.80582524271844,-6.616912716790694,-7.046194594231081,0.4292818774403875,816.9207820857459,757.5292179142541,787.225,59.39156417149184,45.12491189201192,48.36181644591384,38.65110278420808,-87.5,-32.88150671429275,66.53622647336498,10294.2,-105648,16886.65,1121.0,7.841354224958019
2025-11-20,775.0,777.0,768.0,772.0,6911,16689,-6.5,-0.83,480607328.0,782.0,780.95,784.4,801.7666666666667,786.5873297630039,8.964285714285714,35.51401869158879,-7.0966903492055735,-7.05629374522598,-0.04039660397959377,807.6029943621144,761.1970056378856,784.4,46.40598872422879,35.211479722879744,43.97837087156914,17.677697425500952,-84.61538461538461,-53.80065161769587,56.2365820019606,10043.5,-112559,16816.35,1272.0,8.250632418758519
2025-11-21,772.0,774.5,768.0,768.5,5008,17585,-4.0,-0.52,347216352.0,778.0,779.95,781.375,801.1666666666666,784.8647269284321,8.392857142857142,36.893203883495154,-7.67091282076467,-7.1792175603337185,-0.49169526043095146,792.9639012239655,769.7860987760345,781.375,23.17780244793107,24.115345456278806,37.357362399805695,-2.3686884307749665,-98.07692307692308,-89.70833188429053,59.54640432680939,9729.1,-117567,16757.25,896.0,5.368805800227694
2025-11-24,766.0,770.0,764.0,768.0,8506,16579,-2.0,-0.26,587149200.0,773.8,778.5,780.425,800.6166666666667,783.2585624590575,8.071428571428571,40.86021505376344,-8.07327045152158,-7.358028138571291,-0.7152423129502887,793.1333685648011,767.7166314351988,780.425,25.416737129602325,20.521341415296984,31.74535540496946,-1.9266865640479693,-86.66666666666667,-106.62031997672698,69.06659219667006,7240.55,-126073,16757.7,-1006.0,-5.720784759738418
2025-11-25,766.5,773.5,764.5,764.5,6309,16555,-2.0,-0.26,436577440.0,769.7,777.3,779.35,799.9666666666667,781.4720327010521,8.321428571428571,35.41666666666667,-8.575707108650022,-7.601563932587038,-0.9741431760629835,793.6147891861812,765.0852108138189,779.35,28.529578372362266,14.236449832420213,25.909053547453045,-9.10875759764545,-98.33333333333333,-90.92187159957041,56.00295282195826,6750.8,-132382,16755.55,-24.0,-0.1447614452017576
2025-11-26,764.0,768.5,762.0,765.0,3994,16891,-3.5,-0.46,275078256.0,767.6,775.95,778.25,799.0,779.9032676819043,8.464285714285714,35.41666666666667,-8.83173916641556,-7.8475989793527425,-0.9841401870628168,793.3966515319872,763.1033484680128,778.25,30.293303063974463,12.615966554946809,21.478024549950966,-5.108149435061506,-90.625,-93.43800192910429,55.91659897102628,6628.25,-128388,16768.15,336.0,2.029598308668068
2025-11-27,764.0,767.5,764.0,765.0,3164,16997,0.0,0.0,218161170.0,766.2,774.1,777.2,798.175,778.4839088550563,8.321428571428571,35.78947368421052,-8.93168748328128,-8.06441668013845,-0.86727080314283,792.9827354042947,761.4172645957054,777.2,31.565470808589225,11.53564436996454,18.163897823288824,-1.7208625366840309,-90.625,-80.69742860283706,56.19204549126037,6401.9,-128388,16791.25,106.0,0.6275531348055141
2025-11-28,765.0,769.0,760.5,765.0,7406,16638,-1.0,-0.13,509450496.0,765.5,771.75,776.075,797.2333333333333,777.1997270593366,8.035714285714286,29.885057471264375,-8.908208956799626,-8.233175135470686,-0.67503382132894,791.973609671086,760.1763903289141,776.075,31.797219342171957,12.37792957997636,16.23524174218467,4.663305255559742,-86.56716417910448,-77.05505329981852,41.66785310895339,6226.15,-128388,16838.6,-359.0,-2.1121374360181244
2025-12-01,763.0,767.0,761.5,766.5,4551,16365,2.5,0.33,313216336.0,765.2,769.5,775.3,796.3416666666667,776.180705434638,7.857142857142857,37.17948717948718,-8.668637929421834,-8.320267694260917,-0.3483702351609175,791.4909656420151,759.1090343579848,775.3,32.381931284030316,16.76259135118991,16.411024945186416,17.465724163196903,-82.08955223880596,-67.64094443549169,56.38945702037184,5516.7,-123837,16810.15,-273.0,-1.6408222142084372
2025-12-02,767.5,774.5,767.5,769.5,7065,15214,5.0,0.65,490300608.0,766.2,767.95,774.95,795.525,775.5444477741962,7.964285714285714,38.75,-8.142835695101098,-8.284781294428953,0.14194559932785467,791.3332391887457,758.5667608112544,774.95,32.76647837749124,29.356879082611457,20.726309657661428,46.61801793251151,-73.13432835820896,-29.383717195026513,54.68940316686966,5574.65,-116772,16685.5,-1151.0,-7.033302780323858
2025-12-03,771.0,771.5,766.0,767.0,3491,15125,-4.0,-0.52,241356150.0,766.6,767.1,774.375,794.8,774.7306908433204,7.785714285714286,28.0,-7.8375167286661735,-8.195328381276397,0.3578116526102235,791.0384646046804,757.7115353953196,774.375,33.32692920936074,35.04744319793144,25.500020837751432,54.142287918291466,-80.59701492537313,-40.58926908979983,0.0,5530.9,-120263,16558.95,-89.0,-0.584987511502566
2025-12-04,768.0,769.5,763.0,764.5,3780,15398,-3.5,-0.46,260152065.0,766.5,766.35,773.65,794.2333333333333,773.7563393344328,7.321428571428571,15.714285714285708,-7.708420481702433,-8.097946801361605,0.38952631965917206,790.7229086721089,756.577091327891,773.65,34.1458173442179,32.88877165576382,27.962937777088893,42.74043941311367,-88.05970149253731,-51.098561109265894,0.0,5495.5,-124043,16441.6,273.0,1.8049586776859528
2025-12-05,763.0,767.5,762.0,765.5,2948,15277,1.0,0.13,202962825.0,766.6,766.05,773.0,793.7083333333334,772.9700213025822,7.142857142857143,16.901408450704224,-7.439659371041898,-7.966289315297664,0.5266299442557658,790.284005383739,755.715994616261,773.0,34.56801076747797,33.83060967527112,29.918828409816303,41.65417220618075,-84.375,-50.10876135835479,3.714386108752321,5460.45,-121095,16304.1,-121.0,-0.7858163397843843
2025-12-08,765.5,772.5,765.5,769.5,5206,14469,5.0,0.65,359963008.0,767.2,766.2,772.35,793.2,772.6395430832886,6.928571428571429,28.16901408450704,-6.825220787236276,-7.738075609685387,0.9128548224491109,789.0992340751784,755.6007659248216,772.35,33.49846815035676,43.982311212085506,34.606656010572706,62.733621615111105,-61.702127659574465,-21.91564841994882,49.52979944419112,5325.8,-115889,16169.5,-808.0,-5.2889965307324704
2025-12-09,769.0,771.0,765.5,766.5,3094,13846,-1.5,-0.2,213959970.0,766.6,766.4,771.85,792.5166666666667,772.0548246944039,6.607142857142857,34.48275862068965,-6.505358981835911,-7.491532284115492,0.9861733022795809,788.674480910108,755.0255190898921,771.85,33.648961820215845,43.607255093771286,37.60685570497223,55.60805387136938,-63.63636363636363,-27.830926353299247,74.6382154066522,5270.95,-118983,15991.8,-623.0,-4.30575713594582
2025-12-10,768.0,768.0,747.0,756.0,11886,13070,-12.0,-1.56,806815936.0,764.4,765.5,770.725,791.6916666666667,770.5257937711274,7.464285714285714,27.77777777777777,-7.018226695760632,-7.396871166444521,0.3786444706838896,788.650210121351,752.799789878649,770.725,35.85042024270206,39.980594304938435,38.39810190496097,43.14557910489337,-67.27272727272727,-81.70955866428902,47.97393606190184,5651.4,-130869,15755.6,-776.0,-5.604506716741298
2025-12-11,754.0,756.0,745.0,746.0,7123,14509,-8.0,-1.06,479938992.0,760.7,763.6,768.85,790.6833333333333,768.1900038881629,7.785714285714286,23.529411764705884,-8.137787136063253,-7.545054360368268,-0.5927327756949845,788.871304442488,748.828695557512,768.85,40.04260888497606,27.783673039450484,34.85995894979081,13.631101218769828,-96.61016949152543,-106.77483261269653,31.079090157749135,5683.9,-137992,15601.95,1439.0,11.00994644223412
2025-12-12,747.5,750.0,743.5,749.0,5592,14519,0.5,0.07,375940624.0,757.4,762.0,766.875,789.7583333333333,766.3623844702427,7.821428571428571,28.888888888888886,-8.682881074920829,-7.772619703278781,-0.910261371642048,786.524226581802,747.225773418198,766.875,39.29845316360411,24.43642718759065,31.385448362390758,10.538384837990428,-82.25806451612904,-100.5192213494168,57.19207579672696,5593.4,-132400,15529.7,10.0,0.06892273761114343
2025-12-15,753.5,765.0,751.0,753.5,10002,12285,7.0,0.94,682926928.0,754.2,760.7,765.1,789.0166666666667,765.1373954730766,8.321428571428571,38.04347826086957,-8.652024405080851,-7.948500643639195,-0.7035237614416561,782.6337268983865,747.5662731016135,765.1,35.06745379677295,27.785204331956983,30.18536701891283,22.984878958045293,-67.74193548387096,-53.48796040339856,96.93292888439504,5794.2,-122398,15386.2,-2234.0,-15.386734623596665
2025-12-16,753.0,763.0,749.0,761.5,7725,10754,3.0,0.4,527783360.0,753.2,759.9,763.925,788.3,764.7909768565931,8.857142857142858,46.728971962616825,-7.891073744606956,-7.937015263832748,0.04594151922579215,778.7902721397659,749.059727860234,763.925,29.73054427953184,39.21312472705178,33.19461958829248,51.25013500457037,-41.935483870967744,-44.31269317231512,100.0,5969.05,-114673,15209.1,-1531.0,-12.462352462352467
2025-12-17,764.0,766.0,759.0,765.0,5326,8619,6.0,0.79,365867056.0,755.0,759.7,763.4,787.6083333333333,764.8108838226319,9.107142857142858,50.0,-6.925758284183075,-7.734763867902814,0.8090055837197383,777.2510877399133,749.5489122600867,763.4,27.702175479826565,50.85472682952877,39.08132200203791,74.4015364845105,-30.64516129032258,-3.1807160581007006,100.0,5954.35,-109347,14869.2,-2135.0,-19.853077924493213
2025-12-18,765.0,777.0,762.5,772.5,8126,5247,9.5,1.25,563437536.0,760.3,760.5,763.425,787.0,765.5431806014288,9.535714285714286,55.8139534883721,-5.492240378903148,-7.2862591701028805,1.7940187911997327,777.3430874366618,749.5069125633381,763.425,27.83617487332367,62.75887261272067,46.97383887226549,94.32894009363105,-13.432835820895523,52.028892562403335,100.0,6015.1,-101221,14297.1,-3372.0,-39.1228680821441
2025-12-19,769.0,777.0,769.0,772.0,4368,3353,2.0,0.26,304336848.0,764.9,761.15,763.6,786.5083333333333,766.1581157822451,9.714285714285714,54.330708661417326,-4.346410220875782,-6.698289380257462,2.3518791593816797,777.8703225353524,749.3296774646476,763.6,28.54064507070484,70.19745736370433,54.715045036078436,101.16228201895612,-14.925373134328359,64.7058720271975,96.30110444976482,5983.1,-105589,13585.5,-1894.0,-36.0968172288927
2025-12-22,780.0,785.5,775.5,778.0,4165,11866,-6.5,-0.83,292525200.0,769.8,762.0,764.1,786.0583333333333,767.2859142791741,10.107142857142858,56.390977443609025,-2.9205158210437503,-5.942734668414721,3.0222188473709704,779.6617615022355,748.5382384977645,764.1,31.123523004471053,74.1792572900886,61.20311578741516,100.13154029543549,-17.857142857142858,99.1548596763147,100.0,5766.05,-101424,13349.85,8513.0,253.89203698180737
2025-12-23,779.0,781.0,765.0,770.0,7028,11779,-10.0,-1.28,488331728.0,771.5,762.35,764.375,785.4333333333333,767.5443986335385,10.857142857142858,52.08333333333333,-2.408256495579508,-5.235839033847678,2.82758253826817,780.1593193341346,748.5906806658654,764.375,31.56863866826916,70.48458422513843,64.29693859998959,82.85987547543613,-36.904761904761905,46.87350322395545,89.41004313000614,5802.0,-108452,13111.05,-87.0,-0.7331872577111098
2025-12-24,770.0,777.5,769.5,776.0,4210,11667,4.0,0.52,293194896.0,773.7,764.35,764.925,784.95,768.349694001773,10.964285714285714,57.615894039735096,-1.5008367221180379,-4.48883857150175,2.9880018493837124,781.5454534740794,748.3045465259205,764.925,33.24090694815891,72.78337361040975,67.12575027012964,84.09862029096999,-22.61904761904762,56.69127400658824,100.0,5812.8,-104242,12849.85,-112.0,-0.9508447236607487
2025-12-25,776.0,779.5,775.5,778.0,2508,11760,4.5,0.58,175564530.0,774.8,767.55,765.575,784.5333333333333,769.2687707635089,10.857142857142858,58.169934640522875,-0.6132475922308913,-3.7137203756475787,3.1004727834166874,783.1945913686961,747.955408631304,765.575,35.239182737392184,75.00626733844669,69.75258929290199,85.5136234295361,-17.857142857142858,69.39834123994815,100.0,5780.0,-101734,12588.0,93.0,0.7971200822833646
2025-12-26,778.0,781.0,771.0,776.5,3754,11621,-1.0,-0.13,262307565.0,775.7,770.3,766.15,784.0166666666667,769.9574592622223,11.071428571428571,54.72972972972973,-0.030512546396380458,-2.977078809797339,2.9465662634009586,784.4288344670418,747.8711655329581,766.15,36.55766893408372,75.11833347677268,71.54117068752555,82.27265905526693,-21.428571428571427,55.431727947706,90.06884242733301,5597.4,-105488,12337.15,-139.0,-1.1819727891156484
2025-12-29,778.0,780.5,773.5,776.0,3515,11616,0.0,0.0,245643750.0,775.3,772.55,766.625,783.475,770.5329393324869,11.178571428571429,56.64335664335665,0.38650793163799335,-2.3043614615102728,2.690869393148266,785.428345167111,747.821654832889,766.625,37.606690334222094,71.46253678325726,71.51495938610279,71.35769157756621,-22.61904761904762,53.24054323482503,95.59308615912391,5545.6,-109003,12099.7,-5.0,-0.04302555718096457
2025-12-30,778.0,779.0,775.0,776.0,3464,11637,0.0,0.0,242140815.0,776.5,774.0,766.95,782.9,771.053611777012,9.964285714285714,66.39344262295083,0.7088287285977231,-1.7017234234886736,2.410552152086397,786.1823740221053,747.7176259778948,766.95,38.46474804421041,67.20690858014252,70.0789424507827,61.46284083886218,-22.61904761904762,50.317673774955,99.99999999999999,5365.55,-109003,11920.85,21.0,0.18078512396693114
2025-12-31,775.0,777.0,770.0,776.0,3954,11382,-0.5,-0.06,275087200.0,776.5,775.1,767.4,782.2166666666667,771.5246963696775,9.678571428571429,79.41176470588235,0.9532814472573818,-1.1707224493394626,2.1240038965968444,787.053846549985,747.746153450015,767.4,39.30769309997004,62.690784581883634,67.61622316114968,52.83990742335155,-22.61904761904762,35.81689186593847,100.0,5388.7,-109003,11733.7,-255.0,-2.1912864140242294
2026-01-05,779.5,783.5,772.0,772.5,4196,11411,-0.5,-0.06,293762064.0,775.4,775.1,767.8,781.2833333333333,771.6175824297081,10.035714285714286,72.81553398058253,0.8547383470933028,-0.7656302900529095,1.6203686371462123,787.5308201339358,748.0691798660641,767.8,39.461640267871644,53.98897833914194,63.07380822048043,35.81931857646495,-35.61643835616438,41.07399846372879,84.0548611215318,5409.5,-113199,11534.35,29.0,0.2547882621683373
2026-01-06,771.0,777.5,770.0,774.0,3439,11436,-3.5,-0.45,239371380.0,774.9,775.3,768.225,780.5,771.8444793411645,9.428571428571429,71.1340206185567,0.8874497262000887,-0.4350142868023099,1.3224640130023986,788.1127772566559,748.3372227433441,768.225,39.77555451331182,52.20886844231084,59.452161627757235,37.72228207141805,-31.506849315068493,27.534376895071897,74.67247015164786,5434.05,-109760,11342.3,25.0,0.21908684602576223
2026-01-07,776.0,782.5,775.5,782.0,7627,12397,9.0,1.16,535179552.0,776.1,775.7,768.85,780.15,772.8116717848632,9.035714285714286,71.1340206185567,1.541141550557768,-0.039783119330294325,1.5809246698880624,789.6702836322214,748.0297163677786,768.85,41.64056726444278,64.56781705677865,61.157380104097705,71.38869096214053,-13.20754716981132,54.353108362732634,71.8556701030928,5555.1,-102133,11238.7,961.0,8.40328786288913
2026-01-08,782.0,791.5,776.5,778.5,8400,12144,-1.0,-0.13,591357248.0,776.6,776.55,769.45,780.0,773.3534173291619,9.607142857142858,63.91752577319588,1.7565281189229154,0.31947912832034764,1.4370489906025679,790.6728774278047,748.2271225721954,769.45,42.445754855609266,56.22350594482918,59.51275538434153,49.645007065804464,-44.827586206896555,59.06422339214164,43.30359206694098,5820.4,-110533,11153.6,-253.0,-2.0408163265306145
2026-01-09,780.5,780.5,771.0,774.5,4792,11930,-7.5,-0.96,334323088.0,776.3,776.4,770.375,779.6916666666667,773.4626156787656,9.25,52.22222222222223,1.586172545773934,0.572817811811065,1.013354733962869,790.7242531868613,750.0257468131387,770.375,40.698506373722694,44.4590814825993,54.49486408376079,24.387516280276344,-64.15094339622641,23.16182418645486,0.5082212257100553,5465.7,-115325,11096.6,-214.0,-1.7621870882740476
2026-01-12,772.0,776.5,772.0,773.0,3437,11977,-2.0,-0.26,239493780.0,776.4,775.9,771.725,779.2916666666666,773.4185570426927,9.0,51.086956521739125,1.3149689195657857,0.721248033362009,0.5937208862037766,788.5412671870154,754.9087328129847,771.725,33.63253437403068,34.29055044576388,47.760092871095154,7.351465595101331,-69.81132075471699,11.18117807954706,0.0,5281.4,-118762,10970.0,47.0,0.3939647946353819
2026-01-13,772.0,775.5,772.0,774.5,2730,11723,0.5,0.06,190012140.0,776.5,775.7,773.0,778.275,773.5215516100552,8.285714285714286,45.78313253012048,1.2071601649062131,0.8184304596708498,0.3887297052353633,785.9939257063824,760.0060742936176,773.0,25.987851412764712,29.837111149889097,41.785765630693135,5.939802188281021,-64.15094339622641,6.0758524621839465,0.0,5138.3,-116032,10830.2,-254.0,-2.1207314018535484
2026-01-14,775.5,779.5,775.5,779.5,5321,11615,6.5,0.84,372444208.0,776.0,776.05,774.3,777.3583333333333,774.0909276471928,7.5,62.33766233766234,1.5077982042480471,0.9563040085862893,0.5514941956617578,783.8167442464561,764.7832557535438,774.3,19.033488492912284,34.62008960380203,39.39720695506277,25.065854901280545,-54.54545454545455,35.257601138857225,49.2274848439232,4904.25,-110711,10796.7,-108.0,-0.921265887571443
2026-01-15,780.0,784.0,779.0,780.5,5281,11835,3.0,0.39,371609152.0,776.4,776.5,775.25,776.4,774.7013154903173,7.285714285714286,56.71641791044776,1.8059300219176748,1.1262292112525665,0.6797008106651083,783.0197117740914,767.4802882259086,775.25,15.539423548182867,39.35912950330988,39.38451447114514,39.30835956763937,-51.16279069767442,68.62742037521716,32.511834924429486,4782.05,-105430,10850.75,220.0,1.894102453723634
2026-01-16,781.5,785.5,777.5,778.5,5258,11876,-3.0,-0.38,369823584.0,777.2,776.75,775.925,775.5166666666667,775.0630949674298,7.571428571428571,50.74626865671642,1.8593845226910162,1.2728602735402565,0.5865242491507596,782.1342884582469,769.715711541753,775.925,12.418576916493976,39.417714242516666,39.395581061602314,39.46198060434537,-60.46511627906977,65.50509064075833,14.758661906484436,4778.65,-110688,11013.6,41.0,0.3464300802703768
2026-01-19,780.0,780.0,763.0,763.0,11744,13497,-18.5,-2.37,812513424.0,775.2,775.8,775.45,774.425,773.9142287800555,8.071428571428571,35.78947368421052,0.6436080258873744,1.1470098240096802,-0.5034017981223058,783.8348233826193,767.0651766173808,775.45,16.769646765238576,26.27847616167778,35.02321276162747,8.789002961778394,-100.0,-109.98566843843741,0.0,4959.55,-122432,11426.1,1621.0,13.649376894577303
2026-01-20,760.5,763.0,755.0,756.0,8841,15748,-12.5,-1.63,603215648.0,771.5,774.0,774.65,773.2083333333334,772.2081117533836,8.142857142857142,31.48148148148148,-0.8746625402794734,0.7426753511518496,-1.617337891431323,786.6811000503227,762.6188999496773,774.65,24.06220010064544,18.43222611691761,29.49288388005752,-3.6890894093622038,-97.26027397260275,-165.26046756328535,0.0,5183.2,-131273,12045.85,2251.0,16.677780247462405
2026-01-21,753.5,767.0,751.5,764.0,8422,15791,6.0,0.79,575123440.0,768.4,772.2,773.95,772.825,771.42638682449,8.964285714285714,40.322580645161295,-1.4160464591819846,0.3109309890850827,-1.7269774482670672,786.7640547837062,761.1359452162939,773.95,25.628109567412366,24.543052705396054,27.842940155170364,17.943277805847437,-68.75,-112.03493340964748,18.445747800586524,5396.05,-122851,12242.1,43.0,0.2730505461010946
2026-01-22,764.0,771.0,761.5,768.5,4760,14921,10.0,1.32,328244304.0,766.0,771.2,773.875,772.5333333333333,771.1476833173957,9.142857142857142,44.3609022556391,-1.4650960086446503,-0.04427441046086392,-1.4208215981837864,786.8034468070193,760.9465531929807,773.875,25.856893614038654,33.02870180359737,29.571527371312698,39.94305066816672,-57.5,-57.544030933681036,31.159346822907633,5282.65,-118091,12399.2,-870.0,-5.509467418149583
2026-01-23,771.0,779.5,767.0,776.0,9430,11610,10.0,1.31,657919040.0,765.5,771.35,773.875,772.35,771.6098087157391,9.214285714285714,52.4822695035461,-0.8885382937379518,-0.2131271871162815,-0.6754111066216703,786.8034468070193,760.9465531929807,773.875,25.856893614038654,46.03874237886883,35.060599040498076,67.99502905561033,-38.75,-0.7258974762855914,52.96202583513455,5543.65,-108661,12396.35,-3311.0,-22.19020172910663
2026-01-26,779.5,779.5,773.0,776.0,5068,10481,1.0,0.13,353899760.0,768.1,771.65,773.775,772.1833333333333,772.027922171383,9.142857142857142,51.44927536231884,-0.42669349381105803,-0.25584044845523685,-0.1708530453558212,786.5996268028118,760.9503731971881,773.775,25.6492536056237,54.71210276238314,41.611100281126426,80.91410772489655,-38.75,15.79030434861411,50.35691109669046,5671.65,-108661,12332.4,-1129.0,-9.724375538329022
2026-01-27,776.5,778.5,771.0,775.5,3684,10340,0.0,0.0,256707855.0,772.0,771.75,773.725,771.9833333333333,772.358596250299,9.071428571428571,44.71544715447155,-0.09987271331215197,-0.2246469014266199,0.12477418811446792,786.5126379449197,760.9373620550804,773.725,25.575275889839304,60.00414693962797,47.74211583396027,84.52820915096339,-40.0,6.981862550137934,40.80018375227897,5668.15,-112345,12268.35,-141.0,-1.3452914798206317
2026-01-28,774.0,778.0,772.0,775.5,2751,10129,1.5,0.19,191985165.0,774.3,771.35,773.7,771.875,772.6577775597943,8.428571428571429,47.41379310344827,0.15732160432446562,-0.1482532002764028,0.3055748046008684,786.4708549769359,760.9291450230642,773.7,25.54170995387176,63.53217639112454,53.00546935301502,84.58559046734355,-29.41176470588235,8.943137457237695,51.63410111000616,5629.95,-112345,12194.0,-211.0,-2.040618955512574
2026-01-29,775.0,790.5,773.0,785.0,9866,10248,10.0,1.29,694672208.0,777.6,771.8,774.15,772.0166666666667,773.8332273160045,9.0,58.267716535433074,1.114869042879377,0.10437124835475318,1.0104977945246238,787.8616930506635,760.4383069493365,774.15,27.42338610132697,70.98726289322832,58.999400533086124,94.96298761351271,-14.102564102564102,64.94161165234249,86.80994961366385,5950.05,-102479,12124.55,119.0,1.1748445058742174
2026-01-30,789.0,799.5,788.0,798.0,15438,10123,16.0,2.05,1103690064.0,782.0,773.75,775.25,772.3416666666667,776.1348247144803,9.714285714285714,66.66666666666666,2.889416249235751,0.6613802485309528,2.2280360007047983,792.6266328274749,757.8733671725251,775.25,34.7532656549497,79.61650859548554,65.87176988721927,107.10598601201809,-3.125,123.32661855864008,100.0,6524.25,-87041,12061.6,-125.0,-1.2197501951600298
2026-02-02,805.0,805.0,791.5,795.0,11027,9071,1.0,0.13,791336832.0,785.8,776.95,776.375,772.6083333333333,777.9315080750059,10.428571428571429,63.39869281045752,4.007486952230352,1.3306015892708327,2.676885362959519,795.7952146445896,756.9547853554104,776.375,38.840429289179156,80.18047613530811,70.64133863658222,99.2587511327599,-18.69158878504673,110.39986309172907,90.7120743034056,6865.8,-98068,11944.6,-1052.0,-10.392176232342187
2026-02-03,798.0,802.0,792.0,801.0,6731,8902,4.0,0.5,482964848.0,790.9,781.45,777.725,772.9833333333333,780.1285073059578,10.785714285714286,63.87096774193548,5.316431383895861,2.1277675481958385,3.188663835700022,799.994816722235,755.4551832777651,777.725,44.53963344446993,83.72184999058854,75.00150908791765,101.1625317959303,-7.4766355140186915,97.91046251662786,92.05432937181665,7030.4,-91337,11817.9,-169.0,-1.8630801455186807
2026-02-04,801.0,810.5,798.0,807.5,8544,9329,10.5,1.32,617412784.0,797.3,785.8,779.0,773.4,782.7353161339619,11.321428571428571,66.26506024096386,6.7998900539028,3.0621920493372308,3.737698004565569,804.920932406878,753.079067593122,779.0,51.84186481375605,86.84904941901304,78.95068919828279,102.64576986047354,-5.084745762711864,107.89991990832951,98.85859226379205,7076.25,-82793,11664.5,427.0,4.79667490451583
2026-02-05,809.0,813.0,799.0,802.0,6656,8922,-0.5,-0.06,483171520.0,800.7,789.15,780.175,773.825,784.5700479307275,11.75,63.58381502890173,7.445905934347934,3.9389348263393718,3.506971108008562,808.0568465748036,752.2931534251964,780.175,55.76369314960721,82.50254088251663,80.13463975969407,87.23834312816174,-17.88617886178862,91.04229588491472,91.23821113477338,6989.05,-89449,11503.4,-407.0,-4.362739843498764
2026-02-06,802.0,802.5,780.5,784.0,9069,6990,-22.5,-2.79,644898368.0,797.9,789.95,780.65,773.9166666666666,784.5157576516106,12.107142857142858,61.79775280898876,6.431292667638672,4.437406394599233,1.9938862730394398,808.4483339144792,752.8516660855207,780.65,55.596667828958516,65.31915423913807,75.19614458617541,45.5651735450634,-47.15447154471545,30.30356157115446,86.16203429923124,7202.9,-98518,11256.4,-1932.0,-21.654337592468053
2026-02-09,780.0,784.0,770.0,775.0,7702,5279,-15.0,-1.9,536903728.0,793.9,789.85,780.75,773.775,783.6094950181239,12.535714285714286,60.43956043956044,4.8451279410985535,4.518950703899097,0.3261772371994569,808.4466651992208,753.0533348007792,780.75,55.39333039844155,47.422071818340115,65.9381203302303,10.389974794559748,-61.78861788617886,-16.7984925454902,76.362413097107,7416.15,-106220,10921.5,-1711.0,-24.47782546494993
2026-02-10,770.5,778.5,765.0,773.5,4155,4525,-1.0,-0.13,288673072.0,788.4,789.65,780.7,773.525,782.6466859687787,12.392857142857142,55.62130177514793,3.427533036360728,4.3006671703914225,-0.8731341340306944,808.4477358014145,752.9522641985856,780.7,55.49547160282896,37.517492323337855,56.464577661266155,-0.3766783525187378,-76.69902912621359,-31.144619237282676,50.48201582341601,7487.4,-110375,10561.6,-754.0,-14.283008145482102
2026-02-11,772.0,780.5,772.0,777.0,2566,3972,5.5,0.71,179267985.0,782.3,789.8,780.575,773.325,782.1089063527045,12.321428571428571,55.08982035928143,2.5570238313797518,3.9519385025890887,-1.394914671209337,808.3679847263628,752.7820152736373,780.575,55.58596945272552,33.34499488222524,48.75805006825252,2.5188845101706647,-75.0,-15.485839674406488,47.26103348857839,7349.65,-107809,10179.45,-553.0,-12.220994475138125
2026-02-12,776.0,788.0,776.0,779.5,3795,3142,3.5,0.45,267510870.0,777.8,789.25,780.525,773.2333333333333,781.8604390810183,12.285714285714286,52.22929936305732,2.0452912766922964,3.5706090574097304,-1.525317780717434,808.322150554458,752.727849445542,780.525,55.59430110891594,32.2994410325946,43.27184705636655,10.354628985050695,-69.79166666666667,1.6526390166360478,34.22977117244633,7275.35,-104014,9744.8,-830.0,-20.896273917421958
2026-02-13,775.0,789.0,775.0,787.5,2277,2449,4.5,0.57,160525800.0,778.5,788.2,780.975,773.4333333333333,782.3975401209213,12.821428571428571,56.64739884393064,2.2592296879577134,3.308333183519327,-1.0491034955616136,808.9250965067507,753.0249034932493,780.975,55.900193013501394,37.1579606883964,41.23388493370984,29.006112197769525,-53.125,10.81997988760222,54.35666880753588,7126.3,-101737,9273.45,-693.0,-22.056015276893703
2026-02-24,780.0,796.5,780.0,788.5,1913,2230,5.5,0.7,136236285.0,781.2,787.55,782.25,773.7083333333334,782.9787267760717,13.464285714285714,57.4712643678161,2.480871124841542,3.1428407717837703,-0.6619696469422283,809.0504320467894,755.4495679532106,782.25,53.60086409357882,41.09141823670871,41.18639603470946,40.90146264070722,-51.041666666666664,24.10755972470005,52.23880597014932,6634.75,-99824,8710.1,-219.0,-8.942425479787664
2026-02-25,792.0,800.0,791.0,796.0,5126,7108,5.0,0.63,367582544.0,785.7,787.05,784.25,774.1666666666666,784.2188480354935,13.857142857142858,60.84656084656085,3.2245403859345743,3.159180694613931,0.06535969132064334,808.6663448275267,759.8336551724733,784.25,48.8326896550534,48.92205660225025,43.76494955722306,59.23627069230463,-35.416666666666664,47.67514300116068,59.687208216620036,6449.0,-94698,8278.1,4878.0,218.74439461883406
2026-02-26,798.0,798.0,793.5,793.5,2378,7298,-3.0,-0.38,170147520.0,789.0,785.65,785.725,774.5916666666667,785.1027672702083,12.928571428571429,54.857142857142854,3.571010144500974,3.24154658459134,0.3294635599096343,808.4995818610842,762.9504181389159,785.725,45.54916372216826,57.9480377348335,48.49264561642654,76.85882197164742,-40.625,41.50231408804901,18.201680672268918,6146.8,-97076,7853.45,190.0,2.6730444569499134
2026-02-27,795.0,799.0,790.5,798.5,3161,7605,3.5,0.44,226177335.0,792.8,785.3,787.225,775.1583333333333,786.3786941968551,12.5,50.314465408805034,4.200625936602819,3.433362454993636,0.767263481609183,809.1590518732588,765.2909481267412,787.225,43.86810374651759,70.53678706131757,55.840692764723556,99.92897565450559,-30.208333333333332,41.87504776317872,0.0,6066.85,-93915,7487.65,307.0,4.206631953959983
2026-03-02,800.0,803.0,796.0,800.0,3742,8416,5.0,0.63,269346240.0,795.3,786.9,788.425,775.7416666666667,787.6759614162022,12.035714285714286,53.205128205128204,4.765702401222825,3.6998304442394736,1.0658719569833512,810.3993271257948,766.4506728742051,788.425,43.94865425158969,77.72627909350996,63.13588820765236,106.90706086522516,-27.083333333333332,53.27385893166709,18.122601863694474,5782.45,-90173,7327.95,811.0,10.664036817882971
2026-03-03,801.0,804.0,797.0,799.5,2995,8370,0.0,0.0,215744985.0,797.5,789.35,789.6,776.3166666666667,788.8020603289448,11.821428571428571,48.96551724137931,5.114230088304339,3.9827103730524467,1.1315197152518923,811.2882213970693,767.9117786029308,789.6,43.376442794138484,80.46335272900663,68.91170971477044,103.56663875747901,-28.125,50.36528314804291,0.0,5678.8,-93168,7222.4,-46.0,-0.5465779467680565
2026-03-04,800.0,802.0,796.5,802.0,2542,8747,2.0,0.25,182883780.0,798.7,792.2,790.925,776.9333333333333,790.0590069642834,11.321428571428571,45.98540145985401,5.528441466065601,4.291856591655078,1.2365848744105232,812.2206012260472,769.6293987739527,790.925,42.59120245209442,84.67671791129177,74.16671244694422,105.69672883998689,-22.916666666666668,45.792306742218805,0.0,5621.7,-90626,7142.75,377.0,4.504181600955803
2026-03-05,803.0,805.0,798.5,800.5,3912,9171,1.5,0.19,282584480.0,800.1,794.55,792.175,777.5,791.0533872533993,10.785714285714286,48.83720930232558,5.670305748174087,4.5675464229588805,1.1027593252152066,812.5743678952607,771.7756321047392,792.175,40.798735790521505,84.78447860752786,77.70596783380543,98.94150015497272,-11.25,46.96950274050852,18.03531795812027,5679.75,-94538,7094.85,424.0,4.847376243283419
2026-03-06,802.0,802.0,797.0,800.0,3002,9299,-2.5,-0.31,215938800.0,800.4,796.6,792.925,778.0083333333333,791.9054456102183,9.571428571428571,67.02127659574468,5.676948068935189,4.789426752154142,0.8875213167810472,813.3166262483528,772.5333737516471,792.925,40.7832524967057,83.18965240501858,79.53386269087648,90.50123183330277,-12.5,34.76141640427225,100.0,5336.55,-97540,7047.4,128.0,1.3957038490895135
2026-03-09,801.0,818.0,801.0,802.5,14288,9571,3.5,0.44,1041866512.0,800.9,798.1,793.15,778.6,792.9144507901975,9.857142857142858,83.9506172839506,5.816887800939639,4.9949189619112415,0.8219688390283979,813.8740008330003,772.4259991669996,793.15,41.448001666000664,70.00522281546694,76.3576493990733,57.30036964825422,-29.245283018867923,66.27834182432106,100.0,5279.05,-83252,7019.8,272.0,2.925045703839113
2026-03-10,799.0,799.0,768.5,791.5,8769,8492,-18.5,-2.28,623732896.0,799.3,798.4,792.975,779.05,792.7797411911312,11.321428571428571,68.0,4.9827449949495985,4.992484168518913,-0.009739173569314197,813.6923331955811,772.2576668044189,792.975,41.43466639116218,62.15836403186012,71.6245542766689,43.225983542242545,-53.535353535353536,-31.130398762693524,57.986233088060786,5166.15,-92021,6990.85,-1079.0,-11.273639118169465
2026-03-11,790.0,794.5,785.0,790.0,5648,7912,0.0,0.0,400870848.0,796.9,797.8,792.425,779.4583333333334,792.515003934833,11.392857142857142,63.541666666666664,4.152772768091836,4.824541888433497,-0.6717691203416614,812.8269477914264,772.0230522085735,792.425,40.803895582852874,55.91702383268789,66.3887107953419,34.973649907379865,-56.56565656565657,-12.454254776484053,46.24302753382389,5112.0,-97669,6941.35,-580.0,-6.829957607159676
2026-03-12,792.0,796.0,787.0,789.0,4489,8229,0.5,0.06,319631664.0,794.6,797.35,791.5,779.7833333333333,792.1802416553251,11.178571428571429,60.215053763440864,3.3754125018289187,4.534716011112582,-1.1593035092836637,810.6641111950075,772.3358888049925,791.5,38.32822239001507,51.082729693172396,61.28671709461872,30.674754890279758,-58.58585858585859,-5.148593442780496,37.4807623102073,4909.25,-102158,6886.35,317.0,4.006572295247723
2026-03-13,790.5,798.0,790.5,792.5,3640,8209,1.5,0.19,260275095.0,793.1,796.75,791.025,780.2166666666667,792.2106948310084,10.821428571428571,55.95238095238095,3.00710559804088,4.229193928498242,-1.2220883304573622,809.5537117170787,772.4962882829212,791.025,37.0574234341575,50.216769290397764,57.59673449321174,35.45683888476981,-51.515151515151516,13.299651981853648,26.252924621070843,4758.45,-98518,6850.7,-20.0,-0.24304289707133275
2026-03-16,794.0,809.5,793.0,808.5,9541,9324,14.5,1.83,690666656.0,794.3,797.6,792.25,781.0916666666667,793.7620572280551,10.857142857142858,67.54385964912281,3.960630324724889,4.175481207743572,-0.21485088301868327,812.0210580607611,772.4789419392389,792.25,39.54211612152221,60.41387312962544,58.53578070534964,64.17005797817706,-19.19191919191919,59.69074398283105,56.78476395117871,4782.05,-88977,6967.4,1115.0,13.58265318552807
2026-03-17,809.5,817.0,806.5,811.5,10092,10661,7.5,0.93,737201968.0,798.3,798.8,794.075,782.1833333333333,795.4513851110976,10.785714285714286,64.76190476190476,4.901874708027549,4.320759907800367,0.5811148002271818,813.8800365736623,774.2699634263378,794.075,39.610073147324556,69.23214437597925,62.101235262226176,83.49396260348537,-13.131313131313131,89.15877636924155,49.45712251195281,4901.55,-78885,7236.5,1337.0,14.339339339339329
2026-03-18,812.0,815.0,803.0,806.0,5187,11016,-5.5,-0.68,377548288.0,801.5,799.2,795.7,783.1333333333333,796.4560151005169,11.321428571428571,61.261261261261254,5.144708629896854,4.485549652219665,0.6591589776771896,813.6425985326864,777.7574014673137,795.7,35.88519706537272,71.40728816984475,65.20325289809904,83.81535871333617,-24.242424242424242,67.88475942491716,40.236462429673914,4953.15,-84072,7561.05,355.0,3.3298940061907922
2026-03-19,810.5,817.0,807.5,814.5,5735,11076,6.0,0.74,419676352.0,806.6,800.6,797.575,784.15,798.1744898528486,11.5,63.5593220338983,5.9543966469751695,4.7793190511707655,1.175077595804404,815.1227543922415,780.0272456077586,797.575,35.095508784482945,78.58128975632746,69.66259851750851,96.41867223396537,-7.070707070707071,88.21865686539286,46.28953159510313,5111.6,-78337,7916.25,60.0,0.5446623093681824
2026-03-20,814.0,824.0,812.0,823.5,9784,12485,10.5,1.29,720825296.0,812.8,802.95,799.775,785.1833333333333,800.5864432001964,11.857142857142858,67.66917293233084,7.238859946429898,5.271227230222593,1.967632716207305,818.7555301905849,780.7944698094151,799.775,37.96106038116977,85.42055953725134,74.91525219075612,106.43117423024177,-0.9009009009009009,109.45754794675929,57.1148378898826,5411.05,-68553,8383.4,1409.0,12.721198988804616
2026-03-23,825.0,832.0,819.0,822.0,11282,13187,3.5,0.43,838404128.0,815.5,804.9,801.5,786.1333333333333,802.6258295620826,12.285714285714286,66.66666666666666,8.043053586214342,5.825592501420942,2.217461084793399,821.9939015319172,781.0060984680828,801.5,40.98780306383446,83.18817444327394,77.67289294159539,94.21873744663102,-15.748031496062993,112.5428645342339,54.47424638025159,5861.3,-79835,8920.3,702.0,5.622747296756114
2026-03-24,820.0,825.0,818.0,823.0,5371,13411,-2.5,-0.3,397341408.0,817.8,808.05,803.225,786.975,804.5662267466462,12.392857142857142,65.9090909090909,8.661233177655618,6.392720636667878,2.2685125409877394,824.886207139418,781.563792860582,803.225,43.32241427883605,82.1254496288493,79.15707850401336,88.06219187852116,-14.173228346456693,88.48070510102565,48.61926707797518,6034.2,-74464,9479.35,224.0,1.6986426025631385
2026-03-25,820.0,823.5,807.0,816.0,7468,12096,-5.5,-0.67,547272128.0,819.8,810.65,804.225,787.7083333333334,805.6551575326798,13.107142857142858,60.83916083916084,8.488453846988136,6.81186727873193,1.676586568256206,826.3239997392104,782.1260002607896,804.225,44.1979994784208,75.23222746340957,77.8487948238121,69.99909274260452,-25.19685039370079,52.76345534006161,17.453884697979205,6151.3,-81932,9728.75,-1315.0,-9.805383640295284
2026-03-26,816.5,820.0,814.0,817.0,3640,11747,3.0,0.37,267644475.0,820.3,813.45,805.4,788.3583333333333,806.7356187200437,13.178571428571429,61.80555555555556,8.336122988522447,7.1167184206900345,1.219404567832413,827.5967280661372,783.2032719338628,805.4,44.39345613227442,70.66763882176022,75.45507615646147,61.09276415235772,-23.62204724409449,53.78113180299171,20.905511811023647,6214.4,-78292,9951.2,-349.0,-2.8852513227513255
2026-03-27,817.5,819.5,811.0,817.5,3706,11363,1.0,0.12,271745648.0,819.1,815.95,806.35,789.15,807.7607978895634,12.5,60.714285714285715,8.161662937148662,7.32570732398176,0.8359556131669024,828.9264199296977,783.7735800703024,806.35,45.15283985939527,63.77842588117348,71.56285939803215,48.20955884745615,-22.834645669291337,44.63596206253499,39.525691699604764,6241.65,-74586,10139.1,-384.0,-3.2689197241848933
2026-03-30,825.5,830.0,816.0,826.0,5467,11387,11.5,1.41,404908064.0,819.9,817.7,807.65,789.9833333333333,809.497864757224,11.071428571428571,75.55555555555556,8.610029985933807,7.582571856372169,1.0274581295616372,831.6370579139747,783.6629420860253,807.65,47.97411582794939,68.95573219664439,70.69381699756956,65.47956259479406,-12.76595744680851,71.16513321899966,100.0,6327.9,-69119,10287.65,24.0,0.21121182786236758
2026-03-31,826.0,829.0,820.0,820.5,4637,11027,-2.0,-0.24,343818768.0,819.4,818.6,808.7,790.6916666666667,810.5456871612978,11.035714285714286,71.32867132867133,8.424448272179347,7.750947139533606,0.6735011326457414,833.0210976206595,784.3789023793406,808.7,48.64219524131886,63.97048813109626,68.45270737541179,55.0060496424652,-25.555555555555557,60.7433664696152,78.43775657540843,6410.0,-73756,10420.5,-360.0,-3.1614999560902746
2026-04-01,821.0,825.5,818.0,820.5,4668,9420,-3.0,-0.36,345193072.0,820.3,820.05,809.625,791.425,811.4937169554598,10.928571428571429,72.34042553191489,8.183044385081985,7.837366588643282,0.3456777964387028,834.2781197983021,784.9718802016979,809.625,49.3062395966042,60.64699208739751,65.85080227940702,50.23937170337848,-27.710843373493976,48.217560799893235,83.59893186320954,6516.3,-73756,10454.15,-1607.0,-14.57332003264714
2026-04-02,818.0,829.0,817.0,827.5,4878,9302,6.0,0.73,361267696.0,822.4,821.35,810.975,792.2833333333333,813.0181248644637,11.142857142857142,73.64864864864865,8.459060776842307,7.961705426283087,0.49735535055921964,836.4669491935039,785.4830508064962,810.975,50.983898387007685,67.76466139159834,66.48875531680412,70.31647354118678,-11.538461538461538,55.06657534357353,87.15132244544006,6564.6,-68878,10460.7,-118.0,-1.2526539278131632
2026-04-03,824.0,842.0,824.0,835.5,14234,10936,13.0,1.58,1070639680.0,826.0,822.55,812.75,793.275,815.1592558297529,11.214285714285714,70.45454545454545,9.21709002079308,8.212782345185087,1.0043076756079934,839.9132491661645,785.5867508338355,812.75,54.32649833232904,72.31929807058937,68.43226956806586,80.0933550756364,-16.666666666666668,80.51712954412906,65.62955760816722,7126.2,-54644,10542.55,1634.0,17.566114814018484
2026-04-07,838.0,860.5,838.0,842.5,11338,12062,7.0,0.84,862492144.0,829.3,824.6,814.75,794.3833333333333,817.7631362269192,12.25,72.14285714285714,10.26435407208453,8.623096690564974,1.641257381519555,844.5024877332262,784.9975122667738,814.75,59.50497546645238,70.33124544269822,69.06526152627666,72.86321327554134,-31.304347826086957,106.28185231323914,77.00534759358285,6978.7,-43306,10667.1,1126.0,10.296269202633512
2026-04-08,831.0,842.5,828.0,837.0,9408,11670,-8.0,-0.95,707075456.0,832.6,826.0,817.025,795.4583333333334,819.595218491022,12.428571428571429,72.14285714285714,10.529140960451514,9.004305544542284,1.52483541590923,846.2455317146045,787.8044682853955,817.025,58.44106342920895,64.39591447021633,67.50881250758988,58.17011839546922,-43.925233644859816,65.23816438417305,77.00534759358285,7010.65,-52714,10826.0,-392.0,-3.2498756425136777
2026-04-09,839.5,842.5,835.0,837.0,4134,11518,2.0,0.24,311864992.0,835.9,828.1,819.375,796.5083333333333,821.2528167299722,12.178571428571429,68.29268292682927,10.616604864893475,9.326765408612522,1.2898394562809532,846.9581279475049,791.7918720524951,819.375,55.166255895009726,60.43902715522839,65.15221739013606,51.012646685413046,-43.925233644859816,68.23466731435582,51.06299726098867,6934.95,-52714,11006.3,-152.0,-1.3024850042844927
2026-04-10,837.0,838.0,829.0,831.5,5291,11222,-6.5,-0.78,396545040.0,836.7,829.55,821.5,797.3333333333334,822.2287389461653,11.964285714285714,56.896551724137936,10.125397327178234,9.486491792325664,0.6389055348525705,845.5525739950942,797.4474260049058,821.5,48.10514799018847,51.90317166153803,60.73586881393672,34.23777735674065,-54.205607476635514,46.23773252152652,0.0,6975.05,-58005,11155.95,-296.0,-2.569890606007985
2026-04-13,835.5,837.5,830.0,833.0,3286,11223,0.5,0.06,246220785.0,836.2,831.1,823.525,798.2416666666667,823.2545733322448,11.571428571428571,59.48275862068966,9.744817093046095,9.53815685246975,0.20666024057634402,843.8240147544166,803.2259852455834,823.525,40.59802950883318,46.86265083949279,56.11146282245541,28.36502687356753,-51.401869158878505,46.73608041127786,13.860369609856255,6957.35,-54719,11306.65,1.0,0.00891106754590254
2026-04-14,834.5,834.5,809.0,825.0,7081,9833,-7.5,-0.9,525288608.0,832.7,831.0,824.35,799.0833333333334,823.4208044434596,12.892857142857142,51.53846153846153,8.697413011112872,9.370008084198375,-0.6725950730855033,843.3793402269681,805.3206597730319,824.35,38.05868045393618,41.597754281344706,51.27355997541851,22.246142893197103,-66.35514018691589,-6.955199869944249,0.0,6834.35,-61800,11332.1,-1390.0,-12.385280228103001
2026-04-15,815.0,823.5,810.0,817.0,7088,8226,-7.0,-0.85,519734928.0,828.7,830.65,824.625,799.8166666666667,822.8092992583682,12.785714285714286,50.75757575757576,7.1395048214375265,8.923907431646207,-1.78440261020868,843.0208662404592,806.2291337595408,824.625,36.79173248091843,32.909829715071226,45.152316555302754,8.424856034608169,-84.46601941747574,-39.53435238840183,0.0,6684.15,-68888,11210.35,-1607.0,-16.34292687887725
2026-04-16,814.0,821.0,810.0,818.5,3663,7344,4.0,0.49,268706336.0,825.0,830.45,825.25,800.55,822.3988898051904,13.142857142857142,51.127819548872175,5.957217723299323,8.330569489976831,-2.3733517666775086,841.7312493139142,808.7687506860858,825.25,32.96249862782838,28.088753790630008,39.46446230041184,5.337336771066347,-81.55339805825243,-46.3033746277535,1.4930401359814784,6607.95,-65225,11026.75,-882.0,-10.722100656455147
2026-04-17,821.5,825.0,815.5,820.0,5085,6145,5.0,0.61,375179536.0,822.7,829.7,825.525,801.225,822.1704241094579,13.214285714285714,51.85185185185185,5.0826940113871615,7.680994394258898,-2.598300382871736,841.4242717476396,809.6257282523603,825.525,31.79854349527932,25.84557696074363,34.92483385385577,7.687063174519352,-78.64077669902913,-29.228319049075456,4.412763068567531,6575.45,-60140,10780.2,-1199.0,-16.32625272331155
2026-04-20,816.0,827.0,815.0,825.0,4884,5069,5.5,0.67,361983104.0,821.1,828.65,825.6,801.9666666666667,822.4399075276048,13.071428571428571,49.21875,4.738463821012829,7.092488279609684,-2.3540244585968555,841.473181619854,809.726818380146,825.6,31.74636323970799,33.150782650446004,34.333483452719186,30.78538104589964,-68.93203883495146,-17.638398439166217,0.0,6330.45,-55256,10409.4,-1076.0,-17.510170870626528
2026-04-21,821.0,831.5,821.0,825.0,3181,4266,1.5,0.18,236419110.0,821.1,826.9,825.75,802.7416666666667,822.683725858309,13.178571428571429,53.846153846153854,4.414768215209392,6.5569442667296265,-2.1421760515202344,841.5364032102256,809.9635967897744,825.75,31.572806420451116,38.02091977691425,35.56262889411754,42.937501542507675,-68.93203883495146,2.1694289613504782,18.941559736719668,5925.4,-55256,9963.35,-803.0,-15.841388834089564
2026-04-22,824.0,825.0,819.5,822.0,3390,11069,1.0,0.12,250892775.0,822.1,825.4,825.7,803.725,822.6186091098987,13.035714285714286,51.21951219512195,3.8715335586373385,6.019862125111169,-2.1483285664738307,841.529353147007,809.8706468529931,825.7,31.658706294013882,40.28980858690835,37.13835545838114,46.59271484396277,-74.75728155339806,-19.09855504460134,8.189809642262368,5826.35,-58646,9846.25,6803.0,159.47022972339425
2026-04-23,823.5,824.0,818.0,818.5,3254,11297,-3.5,-0.43,240594750.0,822.1,823.55,825.825,804.7666666666667,822.2263606232417,12.607142857142858,42.24137931034483,3.1226000407117454,5.440409708231285,-2.3178096675195397,841.3687413365275,810.2812586634726,825.825,31.087482673054865,37.97098350238335,37.41589813971521,39.08115422771962,-81.55339805825243,-32.873169826656415,0.0,5615.65,-61900,9806.3,228.0,2.0598066672689486
2026-04-24,818.0,821.5,812.0,815.0,4187,11826,-6.5,-0.79,307415072.0,821.1,821.9,825.725,805.6166666666667,821.5381358019806,12.0,30.8411214953271,2.2210413011323453,4.796536026811498,-2.5754947256791523,841.5313111978804,809.9186888021196,825.725,31.61262239576081,33.15712625649086,35.99630751197376,27.478763745525058,-88.3495145631068,-56.074430797871244,0.0,5643.0,-66087,9810.25,529.0,4.682659113038867
2026-04-27,815.0,815.5,803.0,803.5,5293,12175,-12.0,-1.47,385123280.0,816.8,818.95,825.025,806.2,819.8202181065539,11.107142857142858,16.379310344827587,0.5720019319333005,3.9516292078358584,-3.379627275902558,843.3968176621299,806.65318233787,825.025,36.74363532425991,22.689546159298004,31.560720394415174,4.947197689063664,-98.73417721518987,-97.49295646150462,0.0,5722.35,-71380,9850.85,349.0,2.951124640622349
2026-04-28,804.0,806.5,797.0,802.5,5763,12619,-5.5,-0.68,416012944.0,812.3,816.7,823.85,806.6416666666667,818.1706735249774,10.75,17.757009345794387,-0.80627110013927,3.0000491462408325,-3.8063202463801025,844.7862440707376,802.9137559292625,823.85,41.87248814147506,20.44037376803442,27.853938185621587,5.613244932860084,-87.91208791208791,-104.89031257760047,2.6538422230044953,5737.15,-77143,9912.45,444.0,3.646817248459966
2026-04-29,804.0,808.0,797.5,808.0,4253,12172,6.0,0.75,307285600.0,809.5,815.8,823.225,807.175,817.20203795117,10.964285714285714,25.423728813559322,-1.4381799303939715,2.112403330913872,-3.5505832613078434,845.2977862930093,801.1522137069908,823.225,44.14557258601849,24.254935169027775,26.654270513423647,19.45626448023603,-73.17073170731707,-81.79903826581769,20.983050847457626,5717.95,-72890,9969.7,-447.0,-3.5422775180283694
2026-04-30,808.0,810.0,801.0,804.0,4848,11897,1.5,0.19,351197104.0,806.6,814.35,822.4,807.65,815.9447010034396,10.964285714285714,26.08695652173914,-2.2359640004750645,1.2427298646360847,-3.478693865111149,846.0767707613226,798.7232292386774,822.4,47.35354152264517,22.93324180350644,25.41392761011791,17.97187019028351,-82.71604938271605,-71.6355722977804,22.521739130434803,5726.95,-77738,10093.55,-275.0,-2.259283601708839
2026-05-06,806.0,813.5,802.5,813.5,4730,12686,9.0,1.12,343605920.0,806.3,813.7,821.7,808.2833333333333,815.7118723364454,11.214285714285714,35.114503816793885,-2.077692670760939,0.5786453575566799,-2.6563380283176192,845.5689403993867,797.8310596006133,821.7,47.7378807987734,31.23085685451154,27.352904024915787,38.98676251370304,-56.0,-47.492769211023855,50.00472877119499,5719.55,-73008,10262.75,789.0,6.631924014457424
2026-05-07,812.0,825.0,810.5,819.0,10966,12140,12.0,1.49,808527776.0,809.4,813.1,820.875,808.85,816.025027352022,10.428571428571429,45.238095238095234,-1.4912670686117053,0.16466287232300286,-1.6559299409347081,843.8598348173082,797.8901651826918,820.875,45.969669634616366,47.011047426817214,33.90561849221626,73.22190529601912,-36.231884057971016,-11.111050595126992,77.02486304256213,5556.15,-62042,10322.95,-546.0,-4.3039571180829235
2026-05-08,819.0,822.0,813.0,815.0,5060,11636,-4.0,-0.49,371941248.0,811.9,812.1,819.5,809.1333333333333,815.9274056994484,10.0,48.30508474576271,-1.3339106330975028,-0.13505182876109828,-1.1988588043364046,840.2161264414183,798.7838735585817,819.5,41.432252882836565,52.769269713116245,40.19350223251625,77.92080467431623,-47.82608695652174,-12.796264640038496,85.21073946302683,5242.25,-67102,10301.65,-504.0,-4.151565074135089
2026-05-11,815.0,817.5,808.0,813.0,5282,11651,-3.5,-0.43,386250848.0,812.9,811.2,818.3,809.4333333333333,815.6486051566438,9.892857142857142,45.3781512605042,-1.3549685752660707,-0.3790351780620928,-0.9759333972039779,837.4707013297287,799.1292986702712,818.3,38.34140265945757,54.22713218969655,44.87137888490968,72.9386387992703,-53.6231884057971,-27.376554501490226,77.39867628467313,5035.95,-72384,10300.7,15.0,0.12891027844619263
2026-05-12,814.5,821.5,812.5,813.0,4793,11569,0.5,0.06,352478608.0,814.7,810.65,817.1,809.6333333333333,815.3963570464873,9.857142857142858,43.96551724137931,-1.3560257256800696,-0.5744332875856882,-0.7815924380943814,834.2390597297817,799.9609402702183,817.1,34.27811945956341,55.19904050741675,48.3139327590787,68.96925600409283,-53.6231884057971,-8.149677417416616,73.62831858407077,5068.9,-72384,10303.25,-82.0,-0.703802248734009
2026-05-13,815.5,819.5,811.0,819.0,3833,11457,2.0,0.24,281049296.0,815.8,811.05,816.475,809.825,815.7395611372981,9.607142857142858,44.91525423728813,-0.862768214173343,-0.6321002729032192,-0.2306679412701238,832.2613198604619,800.6886801395382,816.475,31.57263972092369,62.98983652875402,53.205900682303806,82.55770822165445,-36.231884057971016,1.6136447668390295,76.16319184040796,4996.0,-68551,10315.0,-112.0,-0.9681044169764008
2026-05-14,816.0,820.0,816.0,817.0,3324,11709,2.5,0.31,244809855.0,815.4,812.4,815.675,810.075,815.8596029337459,9.142857142857142,43.44262295081967,-0.6260249420336095,-0.6308852067292973,0.004860264695687788,829.4256937624009,801.924306237599,815.675,27.501387524801885,65.62958798886632,57.34712978449131,82.19450439761634,-28.571428571428573,16.68541768160839,77.67840359330015,4997.9,-71875,10339.3,252.0,2.199528672427342
2026-05-15,815.5,819.0,807.0,807.5,5349,11785,-10.5,-1.28,390762048.0,813.9,812.9,814.8,810.4666666666667,815.0634502733892,9.607142857142858,39.25925925925927,-1.1912428918724345,-0.7429567437579248,-0.44828614811450973,828.2766855209853,801.3233144790146,814.8,26.95337104197074,52.78083643702199,55.825032002001535,46.69244530706288,-62.5,-28.768190283030787,71.66607339605054,4911.3,-77224,10436.9,76.0,0.6490733623708334
2026-05-18,807.5,817.5,804.5,816.0,5570,11875,4.5,0.55,407188128.0,814.5,813.7,814.75,811.15,815.1526454854474,10.107142857142858,48.275862068965516,-0.9424393723231788,-0.7828532694709756,-0.1595861028522032,828.199711403672,801.300288596328,814.75,26.89942280734408,55.18722429134799,55.61242943178369,54.33681401047657,-32.142857142857146,-15.513722331435408,99.90846681922197,4835.4,-71654,10619.35,90.0,0.7636826474331837
2026-05-19,816.5,820.0,811.0,812.5,6371,11784,0.5,0.06,467674064.0,814.4,814.55,814.45,811.8,814.9000125820714,10.071428571428571,48.275862068965516,-1.0159700692880733,-0.8294766294343952,-0.18649343985367817,827.8149187289537,801.0850812710464,814.45,26.72983745790725,49.799612942199474,53.67482393525562,42.04919095608719,-44.642857142857146,-0.5182852285423167,99.90846681922197,4970.8,-78025,10841.35,-91.0,-0.7663157894736816
2026-05-20,810.5,814.0,809.5,814.0,3760,11745,-1.5,-0.18,274625408.0,813.4,814.6,814.15,812.4166666666666,814.8142970980647,9.5,58.4,-0.9423434635563126,-0.8520499962587788,-0.09029346729753385,827.257249902247,801.0427500977529,814.15,26.214499804494153,51.29498005670442,52.88154264240522,48.12185488530281,-39.285714285714285,-13.34410785160867,100.0,4904.55,-74265,11121.35,-39.0,-0.33095723014257006
2026-05-21,815.0,815.0,808.5,808.5,3562,11609,-3.0,-0.37,260301555.0,811.7,813.55,813.325,812.9,814.2129354696776,9.285714285714286,54.47761194029851,-1.3126662828428834,-0.9441732535755998,-0.36849302926728367,825.6079578128206,801.0420421871795,813.325,24.565915625641082,42.03979062603825,49.26762530361623,27.584121270882292,-60.0,-24.2498399676575,88.10542272191674,4838.45,-77827,11448.35,-136.0,-1.1579395487441468
2026-05-22,808.0,811.0,806.5,808.5,3421,11802,-3.0,-0.37,248997960.0,811.9,812.9,812.5,813.25,813.6688463773274,8.857142857142858,50.40650406504066,-1.587846083903969,-1.0729078196412736,-0.5149382642626954,823.6449776274219,801.3550223725781,812.5,22.28995525484379,35.869664338927464,44.80163831538665,18.005716386009098,-68.75,-37.6998253492409,75.26232420558868,4850.45,-77827,11825.15,193.0,1.6625032302523879
2026-05-25,808.0,813.0,802.0,809.0,5879,12182,0.5,0.06,427791696.0,810.5,812.5,811.85,813.5916666666667,813.2241943413915,9.0,54.310344827586206,-1.7454616421837272,-1.2074185841497644,-0.5380430580339628,822.146141331379,801.553858668621,811.85,20.592282662757952,36.87607252224794,42.159783051007075,26.308651464729664,-69.56521739130434,-40.18182099430698,82.43689917433102,4974.9,-71948,11880.8,380.0,3.219793255380443
2026-05-26,807.0,809.5,804.0,806.0,4367,12586,-2.5,-0.31,316965504.0,809.2,811.8,811.225,813.7583333333333,812.5361758326876,8.607142857142858,42.71844660194175,-2.088374553745439,-1.3836097780688994,-0.7047647756765394,821.3373946874974,801.1126053125026,811.225,20.22478937499477,31.991455755572698,38.770340619195615,18.43368602832686,-82.6086956521739,-50.75577783452126,18.0723796928071,5030.55,-76315,11945.25,404.0,3.316368412411763
2026-05-27,806.0,809.0,803.5,808.0,4118,12070,2.0,0.25,299152928.0,808.0,810.7,810.875,814.0,812.1041590867173,7.964285714285714,38.54166666666667,-2.173695216037572,-1.541626865662634,-0.6320683503749382,820.9216019392753,800.8283980607247,810.875,20.09320387855064,32.43874828149291,36.65980983996138,23.99662516455598,-70.0,-42.73770515165297,0.0,5027.1,-72197,11957.45,-516.0,-4.0997934212617215
2026-05-28,808.0,810.0,802.0,802.0,3732,11714,-5.0,-0.62,270519792.0,806.7,809.2,810.8,814.0583333333333,811.1418582213157,7.892857142857143,37.00000000000001,-2.6944029119524657,-1.7721820749206005,-0.9222208370318652,821.097674750306,800.5023252496939,810.8,20.5953495006122,21.625832187661945,31.648483955861572,1.5805286512626964,-100.0,-62.344641379170255,0.0,4949.05,-75929,11934.4,-356.0,-2.9494614747307413
2026-05-29,806.0,806.0,793.5,795.0,8108,10853,-10.0,-1.24,583155408.0,804.0,807.95,810.425,813.975,809.6045383907142,8.107142857142858,33.63636363636364,-3.6300638940857652,-2.1437584387536335,-1.4863054553321318,822.4042583901875,798.4457416098124,810.425,23.95851678037502,16.304013911271486,26.533660607664878,-4.155279481515294,-94.64285714285714,-116.94820573427306,0.0,5066.3,-84037,11846.1,-861.0,-7.3501792726651916
2026-06-01,794.0,795.5,785.0,785.0,7874,11260,-14.0,-1.75,559239216.0,799.2,804.85,809.275,813.7333333333333,807.26124902017,8.214285714285714,28.461538461538467,-5.119484163345987,-2.738903583672104,-2.3805805796738833,825.7912599309041,792.7587400690959,809.275,33.03251986180817,10.869342607514325,21.31222127428136,-10.016414726019747,-100.0,-148.73378724426288,0.0,5247.35,-91911,11800.5,407.0,3.750115175527502
2026-06-02,785.0,788.0,780.5,788.0,5937,11549,-1.0,-0.13,419067584.0,795.6,802.4,808.475,813.5,805.4268443515824,8.142857142857142,25.0,-5.9887509365457845,-3.38887305424684,-2.5998778822989443,827.4361097831969,789.5138902168031,808.475,37.92221956639378,14.492605216603753,19.039015921722157,5.399783806366948,-81.0126582278481,-130.2790308642925,0.0,5301.8,-85974,11783.1,289.0,2.5666074600355193
2026-06-03,790.0,799.0,785.5,797.5,7844,9905,13.5,1.72,560315024.0,793.5,800.75,807.675,813.45,804.6719067942888,8.821428571428571,35.97122302158273,-5.843717770972489,-3.8798419975919702,-1.963875773380519,827.0881669912842,788.2618330087157,807.675,38.826333982568485,27.0976342469666,21.72522203013697,37.84245868062585,-56.962025316455694,-73.48341790170392,32.84797311851117,5457.5,-78130,11644.05,-1644.0,-14.234998701186253
2026-06-04,795.5,803.0,793.0,802.5,7486,9392,9.0,1.13,539068448.0,793.6,800.15,806.85,813.4916666666667,804.4650585281661,8.678571428571429,46.15384615384615,-5.264632324771583,-4.156800063027893,-1.10783226174369,825.6287674053189,788.0712325946812,806.85,37.55753481063766,40.62919206208029,28.026545374118076,65.83448543800472,-44.30379746835443,-40.27115180895317,63.33486872409028,5283.5,-70644,11506.65,-513.0,-5.179202423018681
2026-06-05,802.0,803.0,786.0,795.5,7954,9168,-4.5,-0.56,569081472.0,793.7,798.85,805.875,813.375,803.6112434302454,8.964285714285714,33.85826771653544,-5.3093416495455585,-4.387308380331426,-0.9220332692141326,824.8954183915437,786.8545816084563,805.875,38.04083678308734,44.03528058375974,33.362790443998634,65.38026086328196,-62.0253164556962,-58.73738788431603,26.52175963034562,5428.2,-78598,11383.25,-224.0,-2.3850085178875657
2026-06-08,795.5,797.0,786.0,795.5,5819,8143,1.0,0.13,414561552.0,795.8,797.5,805.0,813.4416666666667,802.8387440559363,9.107142857142858,35.83333333333334,-5.283865004857944,-4.56661970523673,-0.7172452996212142,824.2490601274287,785.7509398725713,805.0,38.49812025485744,46.30600626487938,37.67719571762555,63.56362735938703,-56.52173913043478,-62.12463013244746,32.435129740518995,5455.05,-78598,11207.85,-1025.0,-11.180191972076791
2026-06-09,795.5,800.0,791.0,797.5,3764,7676,6.0,0.76,269841056.0,797.7,796.65,804.225,813.5666666666667,802.3302922410853,9.428571428571429,36.36363636363636,-5.04414552534638,-4.66212486925866,-0.38202065608771996,823.3656841432999,785.0843158567002,804.225,38.28136828659967,50.07971039127552,41.81136727550887,66.61639662280882,-50.72463768115942,-40.699878559542626,38.5500575373993,5403.6,-74834,11013.2,-467.0,-5.734987105489376
2026-06-10,796.0,800.0,792.0,793.5,3690,7582,-3.0,-0.38,264068100.0,796.9,795.2,802.95,813.6416666666667,801.4893120276486,9.535714285714286,37.288135593220346,-5.117936297520032,-4.753287154910935,-0.364649142609097,821.3287634885565,784.5712365114435,802.95,36.757526977113,50.37993764647126,44.667557399163,61.80469814108778,-60.0,-41.570541535218034,41.92422731804589,5396.45,-78524,10819.45,-94.0,-1.2245961438249076
2026-06-11,795.0,797.5,790.0,790.0,3335,7558,-5.0,-0.63,237715965.0,794.4,794.0,801.6,813.6,800.3950918345392,9.75,35.2,-5.396627799393855,-4.881955283807519,-0.5146725155863354,819.5959059671586,783.6040940328414,801.6,35.991811934317184,47.66069917172158,45.665271323349195,51.65155486846636,-70.76923076923077,-51.341836966327755,34.80000000000001,5397.0,-81859,10611.9,-24.0,-0.31653917172249635
2026-06-12,789.0,799.0,786.5,794.0,5927,7243,2.5,0.32,423199392.0,794.1,793.9,800.925,813.3583333333333,799.786035469345,9.857142857142858,38.63636363636364,-5.234387491182133,-4.952441725282442,-0.28194576589969067,819.0016642241743,782.8483357758256,800.925,36.1533284483487,51.77379944781438,47.70144736483759,59.91850361376797,-54.23728813559322,-43.05607432883513,64.46280991735539,5425.9,-75932,10384.8,-315.0,-4.167769251124631
2026-06-15,794.5,806.0,794.5,800.5,6204,5932,7.5,0.95,447391344.0,795.1,795.45,800.15,813.175,799.8540320913121,10.321428571428571,46.043165467625904,-4.529106480575479,-4.86777467634105,0.33866819576557106,816.7762316520378,783.5237683479621,800.15,33.25246330407572,58.90611020098194,51.4363349768857,73.84566064917442,-32.20338983050848,1.095239711320648,99.47678221059519,5457.6,-69728,10087.65,-1311.0,-18.10023470937456
2026-06-16,802.0,805.0,799.5,801.0,5340,4503,0.0,0.0,385550320.0,795.8,796.75,799.575,813.0916666666667,799.9631718921396,10.321428571428571,44.852941176470594,-3.8850360992673814,-4.671226960926316,0.7861908616589348,815.1660736944965,783.9839263055036,799.575,31.182147388992917,64.27074013398796,55.71447002925312,81.38328034345764,-30.508474576271187,15.088106351408905,93.85026737967918,5406.05,-64388,9723.6,-1429.0,-24.089683074848278
2026-06-17,802.0,809.0,801.0,809.0,2244,3622,7.0,0.87,162311895.0,798.9,797.9,799.325,813.0,800.8238221881263,10.321428571428571,55.0,-2.6979719988206625,-4.276575968505186,1.578603969684523,814.0801061634469,784.5698938365532,799.325,29.51021232689368,76.18049342265863,62.53647782705495,103.46852461386598,-0.0,49.20846955660357,100.0,5330.25,-62144,9317.45,-881.0,-19.564734621363534
2026-06-18,809.0,813.0,803.5,806.5,3466,2615,3.0,0.37,252111825.0,802.2,798.3,799.225,812.7166666666667,801.364410551162,10.107142857142858,58.77862595419847,-1.936620102472716,-3.808584795298692,1.8719646928259759,813.7434999950102,784.7065000049898,799.225,29.036999990020377,76.0956375904144,67.05619774817477,94.17451727489365,-20.0,61.33588685237811,100.0,5325.45,-65610,8867.75,-1007.0,-27.802319160684707
2026-06-22,805.0,811.5,804.0,809.5,1545,2081,1.5,0.19,112315050.0,805.3,799.7,799.275,812.5083333333333,802.1392285939085,9.892857142857142,70.94017094017094,-1.0787333449069365,-3.2626145052203412,2.1838811603134047,813.9341986569187,784.6158013430812,799.275,29.318397313837522,79.66124267033916,71.25787938889623,96.46796923322503,-10.76923076923077,66.428782289763,100.0,5231.65,-64065,8381.7,-534.0,-20.420650095602298
2026-06-23,823.0,828.0,820.0,822.5,5050,9960,0.5,0.06,373948432.0,809.7,802.4,799.95,812.5,804.0783496802029,10.678571428571429,75.18248175182481,0.6427304491392078,-2.4815455143484315,3.1242759634876394,817.4605982945026,782.4394017054975,799.95,35.02119658900506,82.02315776416185,74.84630551398477,96.376862264516,-12.941176470588236,136.2456020971402,99.99999999999999,5190.2,-59015,8270.6,7879.0,378.6160499759731
2026-06-24,822.5,826.0,816.5,819.0,5528,10818,-3.5,-0.43,408298416.0,813.3,804.55,800.6,812.55,805.4994592344693,10.392857142857142,67.2,1.7049288011794488,-1.6442506512428556,3.3491794524223044,819.9271012338924,781.2728987661077,800.6,38.65420246778467,80.78652284679063,76.82637795825339,88.70681262386512,-21.428571428571427,102.41010401856099,80.6832823365786,5248.25,-64543,8182.2,858.0,8.614457831325307
2026-06-25,823.0,823.0,811.5,814.0,4741,10529,-6.5,-0.79,347448144.0,814.3,806.6,800.9,812.5,806.3090345454723,10.5,59.2,2.118845700342831,-0.8916313809257183,3.0104770812685495,820.8857844216141,780.9142155783859,800.9,39.97156884322817,75.94603531151505,76.53293040934061,74.77224511586391,-33.333333333333336,73.82348467797615,61.32417246175245,5279.4,-69284,8105.15,-289.0,-2.6714734701423604
2026-06-26,817.0,819.0,812.0,817.0,2910,10339,3.0,0.37,213549525.0,816.4,809.3,801.65,812.4916666666667,807.3272217316178,9.785714285714286,68.37606837606837,2.65830941677757,-0.18164322138506062,2.8399526381626305,822.89568067557,780.4043193244299,801.65,42.491361351140085,73.01874990916923,75.36153690928349,68.33317590894072,-26.19047619047619,66.91893621853839,82.97651101798904,5238.3,-66374,8036.4,-190.0,-1.8045398423402026
