date,symbol,close,volume,open_interest,roll_yield
20250526,SA2506,1263.0,2093.0,14387.0,-0.0285374688596092
20250526,SA2507,1260.0,6472.0,26392.0,0.0664821645073842
20250526,SA2508,1267.0,2179.0,12593.0,-0.1237615095392772
20250526,SA2509,1254.0,1103199.0,1502342.0,0.2087009125424308
20250526,SA2510,1276.0,2724.0,9236.0,-0.1228840986509292
20250526,SA2511,1263.0,3878.0,11365.0,0.0284697642435647
20250526,SA2512,1266.0,1369.0,9431.0,-0.2780787637396031
20250526,SA2601,1237.0,173149.0,422996.0,0.278078763739603
20250526,SA2602,1266.0,1360.0,8738.0,0.0
20250526,SA2603,1266.0,1001.0,6062.0,0.2995475347189653
20250526,SA2604,1298.0,735.0,1532.0,-0.092807887196836
20250526,SA2605,1288.0,893.0,2181.0,0.0
20250527,SA2506,1244.0,4504.0,12205.0,-0.038647376400506
20250527,SA2507,1240.0,10451.0,27613.0,0.028997194939543
20250527,SA2508,1243.0,2563.0,13102.0,-0.1164115839150914
20250527,SA2509,1231.0,1313560.0,1559061.0,0.2221391401009488
20250527,SA2510,1254.0,2908.0,9424.0,-0.1347247511254012
20250527,SA2511,1240.0,2951.0,11588.0,0.028997194939543
20250527,SA2512,1243.0,1419.0,9911.0,-0.3030710985774166
20250527,SA2601,1212.0,191012.0,452353.0,0.293413150369972
20250527,SA2602,1242.0,1777.0,9807.0,0.0289505568646071
20250527,SA2603,1245.0,1716.0,6688.0,0.3139299124640646
20250527,SA2604,1278.0,727.0,1617.0,-0.0942659992837066
20250527,SA2605,1268.0,2356.0,3169.0,0.0
20250528,SA2506,1230.0,2698.0,10783.0,-0.0097600656051407
20250528,SA2507,1229.0,7982.0,28361.0,0.0097600656051393
20250528,SA2508,1230.0,1914.0,13254.0,-0.1472411111017723
20250528,SA2509,1215.0,1026244.0,1561375.0,0.2250371696387096
20250528,SA2510,1238.0,1838.0,9454.0,-0.0973241344494435
20250528,SA2511,1228.0,3348.0,11022.0,0.0584891490989442
20250528,SA2512,1234.0,822.0,9704.0,-0.2654758004136198
20250528,SA2601,1207.0,145613.0,456340.0,0.3623286264191196
20250528,SA2602,1244.0,2013.0,9624.0,-0.0096501814609642
20250528,SA2603,1243.0,1036.0,6487.0,0.2673141561449156
20250528,SA2604,1271.0,837.0,1545.0,-0.1043072549271645
20250528,SA2605,1260.0,995.0,3513.0,0.0
20250529,SA2506,1230.0,4038.0,7941.0,-0.0293040438666209
20250529,SA2507,1227.0,12093.0,28444.0,-0.0391837082848691
20250529,SA2508,1223.0,3593.0,11236.0,-0.1978610365499211
20250529,SA2509,1203.0,1732743.0,1492636.0,0.2076689651711091
20250529,SA2510,1224.0,4061.0,9336.0,-0.157897014930133
20250529,SA2511,1208.0,5621.0,11015.0,0.1774888560167576
20250529,SA2512,1226.0,2068.0,8712.0,-0.2472275329940786
20250529,SA2601,1201.0,220658.0,454902.0,0.354414603750051
20250529,SA2602,1237.0,1244.0,10248.0,-0.009704812498222
20250529,SA2603,1236.0,1425.0,7040.0,0.2972585076420351
20250529,SA2604,1267.0,549.0,1530.0,-0.1333347051008486
20250529,SA2605,1253.0,2260.0,4564.0,0.0
20250530,SA2506,1224.0,1708.0,7029.0,0.0489197579251609
20250530,SA2507,1229.0,8295.0,29323.0,-0.0783676254639622
20250530,SA2508,1221.0,1579.0,11411.0,-0.2181878289982857
20250530,SA2509,1199.0,1419939.0,1421702.0,0.178811255520155
20250530,SA2510,1217.0,2895.0,8661.0,-0.1488237347084907
20250530,SA2511,1202.0,2934.0,10880.0,0.1488237347084912
20250530,SA2512,1217.0,1217.0,8409.0,-0.2490749443467855
20250530,SA2601,1192.0,188966.0,449220.0,0.3374912264503395
20250530,SA2602,1226.0,452.0,10152.0,-0.0097919222079516
20250530,SA2603,1225.0,960.0,6974.0,0.2903367430446836
20250530,SA2604,1255.0,377.0,1503.0,-0.1539716392409019
20250530,SA2605,1239.0,1599.0,5157.0,0.0
20250603,SA2506,1220.0,34.0,7014.0,-0.0394089024142786
20250603,SA2507,1216.0,4682.0,29248.0,-0.0990922228677789
20250603,SA2508,1206.0,360.0,11417.0,-0.21079588461479
20250603,SA2509,1185.0,840854.0,1438866.0,0.1609412221290228
20250603,SA2510,1201.0,1424.0,8476.0,-0.1407051296437857
20250603,SA2511,1187.0,968.0,10759.0,0.1506926458258169
20250603,SA2512,1202.0,717.0,8187.0,-0.2726242622027224
20250603,SA2601,1175.0,107050.0,453936.0,0.3423050884384
20250603,SA2602,1209.0,491.0,10057.0,-0.0298136799319433
20250603,SA2603,1206.0,1006.0,7035.0,0.2948551287660639
20250603,SA2604,1236.0,222.0,1516.0,-0.1465219668831767
20250603,SA2605,1221.0,1327.0,5728.0,0.0
20250604,SA2506,1244.0,603.0,6890.0,-0.0096501814609642
20250604,SA2507,1243.0,13907.0,28234.0,-0.0677694419169004
20250604,SA2508,1236.0,2864.0,11389.0,-0.107274180465705
20250604,SA2509,1225.0,2055706.0,1377454.0,0.0975615129990037
20250604,SA2510,1235.0,3557.0,8431.0,-0.1564814349696724
20250604,SA2511,1219.0,4161.0,11145.0,0.1661941024363752
20250604,SA2512,1236.0,1837.0,7975.0,-0.1957629058982855
20250604,SA2601,1216.0,311500.0,425531.0,0.2828249564723482
20250604,SA2602,1245.0,925.0,10072.0,-0.0289505568646065
20250604,SA2603,1242.0,1581.0,6749.0,0.2106997465605448
20250604,SA2604,1264.0,623.0,1618.0,-0.1048874377288137
20250604,SA2605,1253.0,2471.0,6191.0,0.0
20250605,SA2506,1218.0,430.0,6937.0,0.0589681776291499
20250605,SA2507,1224.0,11349.0,30194.0,-0.0885612875714704
20250605,SA2508,1215.0,1819.0,11472.0,-0.1191076775996391
20250605,SA2509,1203.0,1448760.0,1443208.0,0.1585489620791107
20250605,SA2510,1219.0,1852.0,8478.0,-0.1386154026781933
20250605,SA2511,1205.0,2704.0,10570.0,0.1287672281410431
20250605,SA2512,1218.0,1200.0,7827.0,-0.2187301651111832
20250605,SA2601,1196.0,166684.0,441911.0,0.297290183826957
20250605,SA2602,1226.0,600.0,10252.0,-0.0293997697078118
20250605,SA2603,1223.0,959.0,7028.0,0.23320571991437
20250605,SA2604,1247.0,239.0,1679.0,-0.1063236919488039
20250605,SA2605,1236.0,1563.0,6405.0,0.0
20250606,SA2506,1222.0,198.0,6505.0,0.0
20250606,SA2507,1222.0,9799.0,30118.0,-0.0294961230032293
20250606,SA2508,1219.0,2879.0,11841.0,-0.0691075542241409
20250606,SA2509,1212.0,1668174.0,1395811.0,0.0986036772273696
20250606,SA2510,1222.0,1669.0,8611.0,-0.0986036772273698
20250606,SA2511,1212.0,1901.0,10586.0,0.1084196286949521
20250606,SA2512,1223.0,732.0,7937.0,-0.2478402841413329
20250606,SA2601,1198.0,200583.0,454723.0,0.2870239924262002
20250606,SA2602,1227.0,521.0,10235.0,0.0
20250606,SA2603,1227.0,1347.0,6720.0,0.2228566270252235
20250606,SA2604,1250.0,240.0,1697.0,-0.0770468136350723
20250606,SA2605,1242.0,1849.0,6707.0,0.0
20250609,SA2506,1230.0,100.0,6603.0,-0.13736863008421
20250609,SA2507,1216.0,11359.0,29526.0,-0.0395387507622304
20250609,SA2508,1212.0,2457.0,11527.0,-0.099420618409283
20250609,SA2509,1202.0,1746613.0,1513365.0,0.138959369171513
20250609,SA2510,1216.0,1502.0,8673.0,-0.0990922228677789
20250609,SA2511,1206.0,2329.0,10723.0,0.1385011252820585
20250609,SA2512,1220.0,959.0,7867.0,-0.2685565875526329
20250609,SA2601,1193.0,226854.0,467599.0,0.2587164886002651
20250609,SA2602,1219.0,641.0,10406.0,0.0098400989523689
20250609,SA2603,1220.0,1210.0,6743.0,0.2241234454009062
20250609,SA2604,1243.0,318.0,1704.0,-0.0774821093836026
20250609,SA2605,1235.0,3434.0,7451.0,0.0
20250610,SA2506,1214.0,85.0,6491.0,-0.0197856598822053
20250610,SA2507,1212.0,9447.0,30932.0,0.0296662697446688
20250610,SA2508,1215.0,1451.0,11589.0,-0.0693357273586628
20250610,SA2509,1208.0,1382031.0,1448568.0,0.1186171107905031
20250610,SA2510,1220.0,1159.0,8732.0,-0.1285549995572486
20250610,SA2511,1207.0,1414.0,10871.0,0.0990104626799471
20250610,SA2512,1217.0,587.0,7957.0,-0.2591462835867253
20250610,SA2601,1191.0,164415.0,471168.0,0.2690025469745072
20250610,SA2602,1218.0,900.0,10594.0,-0.0098562633877825
20250610,SA2603,1217.0,851.0,6763.0,0.244010034070763
20250610,SA2604,1242.0,263.0,1704.0,-0.0872731119489577
20250610,SA2605,1233.0,2095.0,7745.0,0.0
20250611,SA2506,1200.0,347.0,6353.0,0.0099958356467012
20250611,SA2507,1201.0,45563.0,28117.0,0.0895897981296384
20250611,SA2508,1210.0,3041.0,11995.0,-0.0796022819476068
20250611,SA2509,1202.0,1273911.0,1496763.0,0.1093175261867668
20250611,SA2510,1213.0,1473.0,9186.0,-0.1293008780155009
20250611,SA2511,1200.0,1262.0,10960.0,0.1293008780155004
20250611,SA2512,1213.0,424.0,8094.0,-0.2802462644978222
20250611,SA2601,1185.0,146202.0,488707.0,0.2802462644978226
20250611,SA2602,1213.0,256.0,10555.0,-0.0396366999510888
20250611,SA2603,1209.0,479.0,6823.0,0.2844432315569836
20250611,SA2604,1238.0,145.0,1709.0,-0.1266759631885682
20250611,SA2605,1225.0,1645.0,8130.0,0.0
20250612,SA2506,1165.0,246.0,6233.0,0.0
20250612,SA2507,1165.0,16977.0,19954.0,0.1738419835949101
20250612,SA2508,1182.0,3954.0,12002.0,-0.07127725665341
20250612,SA2509,1175.0,1320541.0,1602361.0,0.1421336413502696
20250612,SA2510,1189.0,1155.0,9246.0,-0.0810129659210342
20250612,SA2511,1181.0,1302.0,11301.0,0.101181037895254
20250612,SA2512,1191.0,713.0,8149.0,-0.2648664402659897
20250612,SA2601,1165.0,167539.0,499604.0,0.2850006731773815
20250612,SA2602,1193.0,575.0,10768.0,0.0
20250612,SA2603,1193.0,900.0,7175.0,0.2783886241534626
20250612,SA2604,1221.0,348.0,1704.0,-0.088779689777339
20250612,SA2605,1212.0,2471.0,9012.0,0.0
20250613,SA2506,1151.0,786.0,5924.0,0.0
20250613,SA2507,1151.0,10223.0,17197.0,0.1244609255613804
20250613,SA2508,1163.0,7379.0,11816.0,-0.0724452394360992
20250613,SA2509,1156.0,1961422.0,1606385.0,0.1751855930538315
20250613,SA2510,1173.0,3711.0,10429.0,-0.0409906461768848
20250613,SA2511,1169.0,6481.0,10800.0,0.1022152687836298
20250613,SA2512,1179.0,1446.0,8620.0,-0.2675925632197425
20250613,SA2601,1153.0,234190.0,496801.0,0.3285063996020702
20250613,SA2602,1185.0,834.0,10833.0,-0.0304182672382567
20250613,SA2603,1182.0,878.0,7313.0,0.290862547044586
20250613,SA2604,1211.0,636.0,1742.0,-0.0695654122119115
20250613,SA2605,1204.0,3581.0,9712.0,0.0
20250616,SA2506,1159.0,291.0,0.0,0.0516574194195767
20250616,SA2507,1164.0,4958.0,14490.0,0.1434688310417861
20250616,SA2508,1178.0,3160.0,12049.0,-0.0408163658818834
20250616,SA2509,1174.0,1198967.0,1546922.0,0.1523507556328816
20250616,SA2510,1189.0,2415.0,10408.0,-0.0607083925487409
20250616,SA2511,1183.0,1570.0,10777.0,0.0707966655262598
20250616,SA2512,1190.0,805.0,8862.0,-0.25478664126929
20250616,SA2601,1165.0,157686.0,500050.0,0.2950551354329576
20250616,SA2602,1194.0,634.0,10885.0,-0.0201173559270284
20250616,SA2603,1192.0,768.0,7177.0,0.2392105788098079
20250616,SA2604,1216.0,363.0,1823.0,-0.0990922228677789
20250616,SA2605,1206.0,2795.0,10321.0,0.0
20250617,SA2507,1154.0,2413.0,13728.0,0.0932244654074338
20250617,SA2508,1163.0,2329.0,11957.0,-0.0413437101469523
20250617,SA2509,1159.0,987257.0,1577957.0,0.1747354214258471
20250617,SA2510,1176.0,1657.0,10675.0,-0.0613812080012445
20250617,SA2511,1170.0,1242.0,11018.0,0.0919544729468291
20250617,SA2512,1179.0,553.0,8899.0,-0.278004711378413
20250617,SA2601,1152.0,126380.0,516100.0,0.288178514446487
20250617,SA2602,1180.0,401.0,11027.0,-0.0203562389781408
20250617,SA2603,1178.0,598.0,7317.0,0.2719377805586808
20250617,SA2604,1205.0,106.0,1835.0,-0.0599002907668932
20250617,SA2605,1199.0,2320.0,11138.0,0.1393050469984317
20250617,SA2606,1213.0,72.0,52.0,0.0
20250618,SA2507,1167.0,2926.0,12288.0,0.0921899540641945
20250618,SA2508,1176.0,2391.0,11482.0,-0.0613812080012445
20250618,SA2509,1170.0,1054255.0,1518132.0,0.1325980342390192
20250618,SA2510,1183.0,2085.0,10668.0,-0.0508259972022577
20250618,SA2511,1178.0,1787.0,11059.0,0.0710962722923932
20250618,SA2512,1185.0,723.0,9149.0,-0.2662225227537587
20250618,SA2601,1159.0,125568.0,512548.0,0.2965638789940618
20250618,SA2602,1188.0,631.0,11135.0,-0.0303413562403036
20250618,SA2603,1185.0,432.0,7309.0,0.2406095645467346
20250618,SA2604,1209.0,140.0,1859.0,-0.0497306969523163
20250618,SA2605,1204.0,1586.0,11248.0,0.138729868812912
20250618,SA2606,1218.0,23.0,70.0,0.0
20250619,SA2507,1173.0,1924.0,11621.0,0.0815636105266426
20250619,SA2508,1181.0,2507.0,11936.0,-0.0509122528654811
20250619,SA2509,1176.0,954190.0,1495460.0,0.1319252187865143
20250619,SA2510,1189.0,1725.0,10987.0,-0.0607083925487409
20250619,SA2511,1183.0,1002.0,10872.0,0.0707966655262598
20250619,SA2512,1190.0,782.0,9362.0,-0.25478664126929
20250619,SA2601,1165.0,125264.0,515468.0,0.2446983682917698
20250619,SA2602,1189.0,423.0,11281.0,0.0
20250619,SA2603,1189.0,433.0,7372.0,0.2793143555609445
20250619,SA2604,1217.0,101.0,1877.0,-0.0791429084728144
20250619,SA2605,1209.0,2026.0,11473.0,0.1185194819509452
20250619,SA2606,1221.0,31.0,82.0,0.0
20250620,SA2507,1165.0,1963.0,10983.0,0.1331639785407719
20250620,SA2508,1178.0,3422.0,12036.0,-0.0510421866966784
20250620,SA2509,1173.0,1464445.0,1468176.0,0.1423745514743098
20250620,SA2510,1187.0,3128.0,11319.0,-0.0608109409476688
20250620,SA2511,1181.0,1819.0,10938.0,0.070916204702736
20250620,SA2512,1188.0,596.0,9492.0,-0.2655427501288038
20250620,SA2601,1162.0,167983.0,531968.0,0.2554374863737374
20250620,SA2602,1187.0,544.0,11334.0,0.030290297950883
20250620,SA2603,1190.0,440.0,7390.0,0.259361717046446
20250620,SA2604,1216.0,124.0,1898.0,-0.0891460971429696
20250620,SA2605,1207.0,2669.0,11940.0,0.128554999557249
20250620,SA2606,1220.0,115.0,105.0,0.0
20250623,SA2507,1162.0,1535.0,10883.0,0.1539140381810418
20250623,SA2508,1177.0,2832.0,12015.0,-0.0408511032816151
20250623,SA2509,1173.0,1055251.0,1484849.0,0.1423745514743098
20250623,SA2510,1187.0,1571.0,11318.0,-0.0709761257994911
20250623,SA2511,1180.0,1088.0,11082.0,0.0810813895545562
20250623,SA2512,1188.0,630.0,9545.0,-0.2758742186963846
20250623,SA2601,1161.0,128747.0,538426.0,0.2556551743173502
20250623,SA2602,1186.0,745.0,11611.0,0.0
20250623,SA2603,1186.0,675.0,7561.0,0.2602270448590686
20250623,SA2604,1212.0,99.0,1918.0,-0.0595534721055481
20250623,SA2605,1206.0,2511.0,12297.0,0.1188128517925384
20250623,SA2606,1218.0,26.0,103.0,0.0
20250624,SA2507,1149.0,1565.0,10352.0,0.1968106264730007
20250624,SA2508,1168.0,3726.0,11728.0,-0.072134180283371
20250624,SA2509,1161.0,1505586.0,1569278.0,0.1744365901636871
20250624,SA2510,1178.0,2223.0,11525.0,-0.0715200073657761
20250624,SA2511,1171.0,2402.0,11374.0,0.0817024432758423
20250624,SA2512,1179.0,835.0,9629.0,-0.2571894416319129
20250624,SA2601,1154.0,212431.0,555068.0,0.2673632446999872
20250624,SA2602,1180.0,647.0,11710.0,-0.0101738030680747
20250624,SA2603,1179.0,745.0,7794.0,0.2617553446486143
20250624,SA2604,1205.0,298.0,1938.0,-0.0599002907668932
20250624,SA2605,1199.0,4480.0,13251.0,0.0897386816069521
20250624,SA2606,1208.0,102.0,135.0,0.0
20250625,SA2507,1159.0,1104.0,9535.0,0.1236062430955888
20250625,SA2508,1171.0,2655.0,11699.0,-0.0513479602473554
20250625,SA2509,1166.0,953401.0,1561404.0,0.16354597266727
20250625,SA2510,1182.0,1968.0,11647.0,-0.0814943709360208
20250625,SA2511,1174.0,1247.0,11039.0,0.0916423630841396
20250625,SA2512,1183.0,687.0,9613.0,-0.2459522476636201
20250625,SA2601,1159.0,125828.0,557916.0,0.2763448346150288
20250625,SA2602,1186.0,522.0,11615.0,-0.0202531693646368
20250625,SA2603,1184.0,651.0,7626.0,0.2507404220501007
20250625,SA2604,1209.0,171.0,1893.0,-0.0896641780644114
20250625,SA2605,1200.0,2563.0,13794.0,0.0995856337763407
20250625,SA2606,1210.0,59.0,153.0,0.0
20250626,SA2507,1163.0,1832.0,8261.0,0.1843039641443733
20250626,SA2508,1181.0,3994.0,12424.0,-0.0101651848518226
20250626,SA2509,1180.0,1105212.0,1529195.0,0.1012664237503752
20250626,SA2510,1190.0,2266.0,12142.0,-0.0404040785748515
20250626,SA2511,1186.0,1488.0,10909.0,0.0806725727385208
20250626,SA2512,1194.0,897.0,9381.0,-0.2231678857870742
20250626,SA2601,1172.0,161357.0,556860.0,0.2532808250521818
20250626,SA2602,1197.0,432.0,11567.0,-0.0100292525687538
20250626,SA2603,1196.0,541.0,7521.0,0.208873901723402
20250626,SA2604,1217.0,251.0,1846.0,-0.0890725739132023
20250626,SA2605,1208.0,3381.0,14546.0,0.0792082083762251
20250626,SA2606,1216.0,78.0,204.0,0.0
20250627,SA2507,1178.0,2052.0,6798.0,0.202024973566351
20250627,SA2508,1198.0,8074.0,12476.0,-0.0200501299778112
20250627,SA2509,1196.0,2099577.0,1509488.0,0.0999173133186457
20250627,SA2510,1206.0,6339.0,12455.0,-0.0199170170203727
20250627,SA2511,1204.0,4116.0,10517.0,0.0596521526642448
20250627,SA2512,1210.0,2897.0,9648.0,-0.1798534915859003
20250627,SA2601,1192.0,381126.0,556092.0,0.1897667511335651
20250627,SA2602,1211.0,2429.0,10579.0,-0.009913259547666
20250627,SA2603,1210.0,2839.0,7319.0,0.1674216734414962
20250627,SA2604,1227.0,879.0,1858.0,-0.1179370672351518
20250627,SA2605,1215.0,11786.0,17957.0,0.1569932449176549
20250627,SA2606,1231.0,220.0,308.0,0.0
20250630,SA2507,1155.0,2517.0,5123.0,0.3178314792213227
20250630,SA2508,1186.0,10713.0,11740.0,-0.0506971603237019
20250630,SA2509,1181.0,2260362.0,1588831.0,0.1715035497363894
20250630,SA2510,1198.0,8100.0,12684.0,-0.0401338166741669
20250630,SA2511,1194.0,5511.0,10706.0,0.1398850145065553
20250630,SA2512,1208.0,4784.0,9593.0,-0.1398850145065543
20250630,SA2601,1194.0,485222.0,574755.0,0.1299471257398087
20250630,SA2602,1207.0,3729.0,10958.0,-0.0099461257248089
20250630,SA2603,1206.0,3019.0,7520.0,0.1875809483003591
20250630,SA2604,1225.0,987.0,1890.0,-0.0884887254325802
20250630,SA2605,1216.0,11589.0,21042.0,0.1178405541717061
20250630,SA2606,1228.0,405.0,418.0,0.0
20250701,SA2507,1145.0,102.0,5056.0,0.2489285458047417
20250701,SA2508,1169.0,9689.0,13268.0,-0.0411311456672098
20250701,SA2509,1165.0,1350466.0,1651335.0,0.1738419835949101
20250701,SA2510,1182.0,28205.0,23701.0,-0.0101565812241742
20250701,SA2511,1181.0,33090.0,31354.0,0.1112523771351925
20250701,SA2512,1192.0,10693.0,17151.0,-0.121417561987016
20250701,SA2601,1180.0,209887.0,596007.0,0.1616186046103993
20250701,SA2602,1196.0,1824.0,10909.0,-0.0603521808600236
20250701,SA2603,1190.0,2883.0,7627.0,0.1303815584292452
20250701,SA2604,1203.0,3559.0,3813.0,-0.0499792475914106
20250701,SA2605,1198.0,12061.0,24651.0,0.0699128069923282
20250701,SA2606,1205.0,1176.0,948.0,0.0
20250702,SA2507,1184.0,564.0,4610.0,0.1710720796323906
20250702,SA2508,1201.0,13643.0,15399.0,0.0399002861372629
20250702,SA2509,1205.0,2704157.0,1470453.0,0.0695078484540524
20250702,SA2510,1212.0,43279.0,38239.0,0.0296662697446688
20250702,SA2511,1215.0,49650.0,51200.0,0.1179370672351523
20250702,SA2512,1227.0,19472.0,26325.0,-0.019575860785009
20250702,SA2601,1225.0,545955.0,574221.0,0.0683762533756535
20250702,SA2602,1232.0,3141.0,11878.0,0.0097363088505492
20250702,SA2603,1233.0,3432.0,7674.0,0.0679338652168593
20250702,SA2604,1240.0,3031.0,5367.0,-0.0096813236392817
20250702,SA2605,1239.0,17923.0,30319.0,0.0193548429055773
20250702,SA2606,1241.0,1553.0,2006.0,0.0
20250703,SA2507,1155.0,88.0,4439.0,0.2772909001217939
20250703,SA2508,1182.0,8098.0,13656.0,0.0101479921481203
20250703,SA2509,1183.0,2175716.0,1648012.0,0.0909478037628995
20250703,SA2510,1192.0,61328.0,42345.0,0.0100628936714513
20250703,SA2511,1193.0,64807.0,61108.0,0.1797038574621128
20250703,SA2512,1211.0,10538.0,28013.0,-0.0198347152595955
20250703,SA2601,1209.0,397991.0,613231.0,0.0988473463977471
20250703,SA2602,1219.0,2844.0,12471.0,-0.0197044379249315
20250703,SA2603,1217.0,2372.0,7542.0,0.107976188634727
20250703,SA2604,1228.0,1549.0,5533.0,0.0097680103073632
20250703,SA2605,1229.0,11652.0,32633.0,0.0778591539174375
20250703,SA2606,1237.0,607.0,1995.0,0.0
20250704,SA2507,1145.0,295.0,4437.0,0.2796846497834157
20250704,SA2508,1172.0,11092.0,16048.0,0.0204603630130049
20250704,SA2509,1174.0,2130722.0,1700258.0,0.1422539944145805
20250704,SA2510,1188.0,25416.0,41684.0,0.0100967612182994
20250704,SA2511,1189.0,43486.0,62707.0,0.1902417816477404
20250704,SA2512,1208.0,25503.0,30072.0,-0.0198840144915534
20250704,SA2601,1206.0,369422.0,649686.0,0.128661026329688
20250704,SA2602,1219.0,2822.0,13455.0,0.0
20250704,SA2603,1219.0,2519.0,7815.0,0.1272961753463219
20250704,SA2604,1232.0,605.0,5557.0,-0.019496348724023
20250704,SA2605,1230.0,11101.0,35052.0,0.0777960585369397
20250704,SA2606,1238.0,361.0,2014.0,0.0
20250707,SA2507,1130.0,228.0,4397.0,0.3454228897473378
20250707,SA2508,1163.0,6147.0,17596.0,0.0514801304340949
20250707,SA2509,1168.0,1153042.0,1801178.0,0.1936347746579478
20250707,SA2510,1187.0,30623.0,42096.0,0.010105263755065
20250707,SA2511,1188.0,39355.0,64474.0,0.2003385428660406
20250707,SA2512,1208.0,11099.0,29959.0,-0.0099378887667447
20250707,SA2601,1207.0,211692.0,658154.0,0.1383870361580768
20250707,SA2602,1221.0,422.0,13489.0,0.0098239874500308
20250707,SA2603,1222.0,796.0,7837.0,0.1464027919313663
20250707,SA2604,1237.0,927.0,5654.0,-0.009704812498222
20250707,SA2605,1236.0,6308.0,35847.0,0.0870620505740641
20250707,SA2606,1245.0,305.0,2093.0,0.0
20250708,SA2507,1138.0,1107.0,3635.0,0.3941581652675531
20250708,SA2508,1176.0,10478.0,17905.0,0.0203908290355181
20250708,SA2509,1178.0,1309543.0,1693895.0,0.1719372018489492
20250708,SA2510,1195.0,45385.0,44145.0,0.0300877717174025
20250708,SA2511,1198.0,57036.0,66766.0,0.1888237717455894
20250708,SA2512,1217.0,10451.0,31579.0,0.0098562633877821
20250708,SA2601,1218.0,269599.0,657429.0,0.0981199252469464
20250708,SA2602,1228.0,1404.0,14221.0,0.0292802097283875
20250708,SA2603,1231.0,1284.0,7794.0,0.145338877955339
20250708,SA2604,1246.0,500.0,5827.0,0.0
20250708,SA2605,1246.0,6267.0,36703.0,0.0863658266218297
20250708,SA2606,1255.0,451.0,2356.0,0.0
20250709,SA2507,1154.0,118.0,3541.0,0.3787094674470622
20250709,SA2508,1191.0,10509.0,17990.0,0.0301886951669684
20250709,SA2509,1194.0,1475079.0,1615142.0,0.1498146799469433
20250709,SA2510,1209.0,38947.0,43538.0,0.0
20250709,SA2511,1209.0,54121.0,67851.0,0.2456082462064863
20250709,SA2512,1234.0,17240.0,33702.0,0.0291380151258563
20250709,SA2601,1237.0,314808.0,653662.0,0.0869919234589264
20250709,SA2602,1246.0,4985.0,17796.0,0.0096269559916565
20250709,SA2603,1247.0,2595.0,8350.0,0.0862968161772915
20250709,SA2604,1256.0,1164.0,6339.0,0.0095503387452402
20250709,SA2605,1257.0,11834.0,41472.0,0.0571429651229254
20250709,SA2606,1263.0,987.0,3093.0,0.0
20250710,SA2507,1189.0,250.0,3566.0,0.3579387154565454
20250710,SA2508,1225.0,22819.0,20223.0,0.0586320384675145
20250710,SA2509,1231.0,2884752.0,1427563.0,0.0777330653362664
20250710,SA2510,1239.0,56804.0,46183.0,0.0193548429055773
20250710,SA2511,1241.0,96250.0,72488.0,0.2298553914841617
20250710,SA2512,1265.0,52102.0,40085.0,0.0378847986332043
20250710,SA2601,1269.0,672361.0,630150.0,0.0377655701162263
20250710,SA2602,1273.0,8153.0,17973.0,0.0094228508964259
20250710,SA2603,1274.0,4901.0,8033.0,0.1311488463862827
20250710,SA2604,1288.0,1975.0,6851.0,-0.0093203888180669
20250710,SA2605,1287.0,24369.0,47461.0,0.0372381990061896
20250710,SA2606,1291.0,1345.0,3727.0,0.0
20250711,SA2507,1175.0,928.0,2826.0,0.3819417883894891
20250711,SA2508,1213.0,63742.0,32489.0,0.0395062085217251
20250711,SA2509,1217.0,2412166.0,1504728.0,0.0884162821035537
20250711,SA2510,1226.0,44636.0,45973.0,0.0293279168385369
20250711,SA2511,1229.0,75583.0,70929.0,0.2320781439604008
20250711,SA2512,1253.0,40779.0,38016.0,0.0477897883718108
20250711,SA2601,1258.0,446424.0,655340.0,0.0665875668148167
20250711,SA2602,1265.0,4235.0,19099.0,-0.0094899174578144
20250711,SA2603,1264.0,2600.0,8536.0,0.179037478906004
20250711,SA2604,1283.0,1128.0,6531.0,-0.0093567256202525
20250711,SA2605,1282.0,11497.0,48873.0,0.0746503185012303
20250711,SA2606,1290.0,578.0,3932.0,0.0
20250714,SA2507,1163.0,524.0,0.0,0.6721355501735857
20250714,SA2508,1230.0,25450.0,20399.0,0.1068400420577293
20250714,SA2509,1241.0,1798216.0,1532487.0,0.0867125411008755
20250714,SA2510,1250.0,48939.0,50077.0,0.0383386907582314
20250714,SA2511,1254.0,63582.0,75568.0,0.2649949954529917
20250714,SA2512,1282.0,24254.0,41346.0,0.0373832078033913
20250714,SA2601,1286.0,368185.0,664428.0,0.0465658325889337
20250714,SA2602,1291.0,3105.0,20244.0,0.02785301057044
20250714,SA2603,1294.0,1118.0,8442.0,0.1566241044342476
20250714,SA2604,1311.0,520.0,6602.0,0.0
20250714,SA2605,1311.0,10100.0,49975.0,0.0456795374587532
20250714,SA2606,1316.0,563.0,4038.0,0.0
20250715,SA2508,1204.0,9604.0,15922.0,0.099256149008128
20250715,SA2509,1214.0,2241830.0,1585075.0,0.1766180696882578
20250715,SA2510,1232.0,92016.0,49448.0,0.0388979270900522
20250715,SA2511,1236.0,115419.0,75657.0,0.2688112402700006
20250715,SA2512,1264.0,41080.0,40805.0,0.0189723359678252
20250715,SA2601,1266.0,574462.0,692135.0,0.1132083868003045
20250715,SA2602,1278.0,4945.0,19235.0,0.0093859996963497
20250715,SA2603,1279.0,2762.0,8598.0,0.2230893065520298
20250715,SA2604,1303.0,1409.0,6584.0,0.009205984341038
20250715,SA2605,1304.0,15252.0,49838.0,0.1281476709102517
20250715,SA2606,1318.0,891.0,3987.0,0.0
20250715,SA2607,1318.0,160.0,97.0,0.0
20250716,SA2508,1200.0,3351.0,13841.0,0.0797345126240221
20250716,SA2509,1208.0,1175795.0,1599057.0,0.1872727945938141
20250716,SA2510,1227.0,56724.0,46596.0,0.0195439782614793
20250716,SA2511,1229.0,68401.0,72459.0,0.2224973051281081
20250716,SA2512,1252.0,19204.0,38686.0,0.0191540343938656
20250716,SA2601,1254.0,334921.0,708196.0,0.0953142421672407
20250716,SA2602,1264.0,1762.0,18492.0,0.0094899174578132
20250716,SA2603,1265.0,1527.0,8669.0,0.2348411543291675
20250716,SA2604,1290.0,381.0,6489.0,0.0092987218910974
20250716,SA2605,1291.0,8620.0,50214.0,0.1202322196794697
20250716,SA2606,1304.0,435.0,3949.0,0.0091989272423455
20250716,SA2607,1305.0,140.0,213.0,0.0
20250717,SA2508,1217.0,2564.0,12932.0,0.0786243598956013
20250717,SA2509,1225.0,1359320.0,1559642.0,0.1460464274430613
20250717,SA2510,1240.0,78879.0,48077.0,0.0386473764005058
20250717,SA2511,1244.0,92994.0,75106.0,0.2387663329831544
20250717,SA2512,1269.0,19910.0,39419.0,0.0188976417007966
20250717,SA2601,1271.0,328178.0,692908.0,0.0846730286905055
20250717,SA2602,1280.0,2162.0,18809.0,0.0093713397968562
20250717,SA2603,1281.0,710.0,8533.0,0.2227442143207147
20250717,SA2604,1305.0,258.0,6461.0,0.0183767264091391
20250717,SA2605,1307.0,9046.0,50784.0,0.1096732691171125
20250717,SA2606,1319.0,321.0,3999.0,0.0090943543572242
20250717,SA2607,1320.0,80.0,249.0,0.0
20250718,SA2508,1207.0,1737.0,12300.0,0.0891460971429702
20250718,SA2509,1216.0,1767658.0,1550466.0,0.1666012876587832
20250718,SA2510,1233.0,59084.0,49844.0,0.0388664307377222
20250718,SA2511,1237.0,129243.0,77096.0,0.2401040485040456
20250718,SA2512,1262.0,72551.0,38530.0,0.0284922967255449
20250718,SA2601,1265.0,419661.0,702155.0,0.1038967529173743
20250718,SA2602,1276.0,3033.0,18822.0,-0.0282463841679445
20250718,SA2603,1273.0,3010.0,9427.0,0.2795157428092644
20250718,SA2604,1303.0,1051.0,6655.0,0.0275967925383759
20250718,SA2605,1306.0,19360.0,51587.0,0.1006487028828572
20250718,SA2606,1317.0,644.0,4013.0,0.0
20250718,SA2607,1317.0,336.0,274.0,0.0
20250721,SA2508,1284.0,5570.0,11725.0,0.1023658786047787
20250721,SA2509,1295.0,3768343.0,1252582.0,0.1747826989310135
20250721,SA2510,1314.0,113772.0,49490.0,0.0546697984303279
20250721,SA2511,1320.0,166114.0,75370.0,0.2607820875280721
20250721,SA2512,1349.0,70069.0,43310.0,0.0443951671735728
20250721,SA2601,1354.0,998986.0,630880.0,0.0883006191742461
20250721,SA2602,1364.0,10954.0,21434.0,0.0087944305878323
20250721,SA2603,1365.0,8605.0,7627.0,0.2005132013722757
20250721,SA2604,1388.0,2628.0,6588.0,0.0172786206958505
20250721,SA2605,1390.0,32363.0,51086.0,0.0774473824889248
20250721,SA2606,1399.0,2307.0,5100.0,-0.0429646001401437
20250721,SA2607,1394.0,895.0,618.0,0.0
20250722,SA2508,1361.0,4002.0,11462.0,0.1228080893904679
20250722,SA2509,1375.0,3110195.0,1074637.0,0.181887278659754
20250722,SA2510,1396.0,126229.0,50306.0,0.0429031561762712
20250722,SA2511,1401.0,143809.0,73520.0,0.2710065778939785
20250722,SA2512,1433.0,63638.0,41876.0,0.0083711199767253
20250722,SA2601,1434.0,1045705.0,581539.0,0.0833915795184713
20250722,SA2602,1444.0,8875.0,22455.0,0.0166089991912626
20250722,SA2603,1446.0,4725.0,7898.0,0.2220001649270425
20250722,SA2604,1473.0,1864.0,6763.0,0.0244150643734494
20250722,SA2605,1476.0,40569.0,51677.0,0.0648650228028957
20250722,SA2606,1484.0,1961.0,5724.0,-0.0242833135143237
20250722,SA2607,1481.0,879.0,936.0,0.0
20250723,SA2508,1326.0,2784.0,11403.0,0.1081088393083909
20250723,SA2509,1338.0,3306823.0,1037321.0,0.1780448091656108
20250723,SA2510,1358.0,108718.0,53797.0,0.0792663432636972
20250723,SA2511,1367.0,147427.0,76031.0,0.3119309205421356
20250723,SA2512,1403.0,83675.0,41874.0,0.0682304610042377
20250723,SA2601,1411.0,1366257.0,623390.0,0.110053681429285
20250723,SA2602,1424.0,11527.0,19694.0,0.0
20250723,SA2603,1424.0,4810.0,7578.0,0.2171249213123889
20250723,SA2604,1450.0,2259.0,6723.0,0.0165403196414563
20250723,SA2605,1452.0,39612.0,53171.0,0.0659342318116893
20250723,SA2606,1460.0,2196.0,5693.0,-0.0164496256053445
20250723,SA2607,1458.0,1064.0,972.0,0.0
20250724,SA2508,1394.0,3346.0,10851.0,0.1199153447702218
20250724,SA2509,1408.0,4342438.0,926920.0,0.1776556945425561
20250724,SA2510,1429.0,129675.0,54570.0,0.0836823474900053
20250724,SA2511,1439.0,151468.0,80686.0,0.3046475792765989
20250724,SA2512,1476.0,58001.0,46412.0,0.0729485529165863
20250724,SA2601,1485.0,1513970.0,585231.0,0.0725077734715519
20250724,SA2602,1494.0,8453.0,19864.0,-0.0321716010390938
20250724,SA2603,1490.0,7392.0,8671.0,0.2075900071537446
20250724,SA2604,1516.0,2414.0,7372.0,0.0158207010390987
20250724,SA2605,1518.0,47523.0,62508.0,0.0079025356823705
20250724,SA2606,1519.0,2399.0,6450.0,-0.0554273502755343
20250724,SA2607,1512.0,1197.0,1363.0,0.0
20250725,SA2508,1425.0,2325.0,11137.0,0.1256555984075452
20250725,SA2509,1440.0,3331091.0,905281.0,0.198351623414526
20250725,SA2510,1464.0,105205.0,56475.0,0.0735446632964799
20250725,SA2511,1473.0,121476.0,82024.0,0.2817975852632521
20250725,SA2512,1508.0,37891.0,46141.0,0.0634922116129881
20250725,SA2601,1516.0,1176721.0,565672.0,0.0631580405312962
20250725,SA2602,1524.0,7018.0,20390.0,-0.0552450827767114
20250725,SA2603,1517.0,4494.0,8650.0,0.1649780486046856
20250725,SA2604,1538.0,3878.0,8342.0,0.0077998052794798
20250725,SA2605,1539.0,42467.0,67156.0,0.0155844177748396
20250725,SA2606,1541.0,2533.0,7340.0,-0.085965851203615
20250725,SA2607,1530.0,1878.0,2087.0,0.0
20250728,SA2508,1302.0,1918.0,10435.0,0.1283434694009754
20250728,SA2509,1316.0,3574972.0,951913.0,0.2168733727163352
20250728,SA2510,1340.0,109783.0,60231.0,0.0536114071165926
20250728,SA2511,1346.0,140507.0,86750.0,0.32541385752102
20250728,SA2512,1383.0,51520.0,43317.0,0.0346570638008817
20250728,SA2601,1387.0,1394801.0,595191.0,0.0690152872876129
20250728,SA2602,1395.0,6655.0,21193.0,0.0085990688022206
20250728,SA2603,1396.0,6522.0,10821.0,0.1622223210602416
20250728,SA2604,1415.0,7558.0,13188.0,0.0169491553601083
20250728,SA2605,1417.0,59781.0,76833.0,0.0253789308555124
20250728,SA2606,1420.0,3215.0,8461.0,-0.0593012149293476
20250728,SA2607,1413.0,2421.0,2679.0,0.0
20250729,SA2508,1302.0,1943.0,10286.0,0.1465667075272559
20250729,SA2509,1318.0,2389911.0,843603.0,0.3145069573000271
20250729,SA2510,1353.0,83694.0,62294.0,0.0795583024640349
20250729,SA2511,1362.0,110130.0,89679.0,0.3473469706209328
20250729,SA2512,1402.0,38686.0,44654.0,0.042719874238244
20250729,SA2601,1407.0,943156.0,651480.0,0.0510639068416618
20250729,SA2602,1413.0,4227.0,20523.0,0.0
20250729,SA2603,1413.0,3466.0,10892.0,0.2271361186262263
20250729,SA2604,1440.0,1673.0,13324.0,0.0581920087372518
20250729,SA2605,1447.0,34527.0,80110.0,-0.0165975130194162
20250729,SA2606,1445.0,1917.0,9008.0,-0.1336130713999809
20250729,SA2607,1429.0,2145.0,3601.0,0.0
20250730,SA2508,1292.0,2315.0,9905.0,0.1751855930538315
20250730,SA2509,1311.0,2799103.0,864033.0,0.2893885531144519
20250730,SA2510,1343.0,111902.0,58894.0,0.0890211797706049
20250730,SA2511,1353.0,137323.0,86623.0,0.3151165750026687
20250730,SA2512,1389.0,41600.0,45036.0,0.0431189827935058
20250730,SA2601,1394.0,1546265.0,716538.0,0.0772258653838997
20250730,SA2602,1403.0,5030.0,20446.0,0.0426894793863218
20250730,SA2603,1408.0,4777.0,11462.0,0.3112687659425388
20250730,SA2604,1445.0,3052.0,13473.0,0.0579911380585072
20250730,SA2605,1452.0,55184.0,81546.0,0.0
20250730,SA2606,1452.0,1031.0,9116.0,-0.0829305304781643
20250730,SA2607,1442.0,1243.0,3623.0,0.0
20250731,SA2508,1228.0,1598.0,9829.0,0.1842460436753829
20250731,SA2509,1247.0,1986998.0,974024.0,0.2758742186963854
20250731,SA2510,1276.0,89860.0,48283.0,0.0936772907139539
20250731,SA2511,1286.0,123440.0,78199.0,0.3403831118086912
20250731,SA2512,1323.0,45529.0,40968.0,0.0181268916644022
20250731,SA2601,1325.0,1331432.0,754064.0,0.0992113881152224
20250731,SA2602,1336.0,4610.0,19678.0,0.0358744661803918
20250731,SA2603,1340.0,6600.0,10941.0,0.2919421538761673
20250731,SA2604,1373.0,2092.0,13222.0,0.0436205496675929
20250731,SA2605,1378.0,52990.0,84233.0,0.0521362152481307
20250731,SA2606,1384.0,1752.0,8654.0,-0.0870199607438428
20250731,SA2607,1374.0,1509.0,3476.0,0.0
20250801,SA2508,1236.0,177.0,9755.0,0.1926205081260938
20250801,SA2509,1256.0,1447556.0,921926.0,0.2552282110499089
20250801,SA2510,1283.0,150773.0,55423.0,0.0745923147720723
20250801,SA2511,1291.0,176166.0,96611.0,0.3300437218267798
20250801,SA2512,1327.0,27056.0,44672.0,0.0541354301580126
20250801,SA2601,1333.0,997464.0,788068.0,0.0807479682350205
20250801,SA2602,1342.0,2034.0,19461.0,0.0089385478993248
20250801,SA2603,1343.0,2387.0,10735.0,0.3000156264650062
20250801,SA2604,1377.0,1032.0,13193.0,0.0174165487757638
20250801,SA2605,1379.0,26836.0,87021.0,0.0347574464574772
20250801,SA2606,1383.0,785.0,8658.0,-0.0521739952332407
20250801,SA2607,1377.0,701.0,3464.0,0.0
20250804,SA2508,1250.0,252.0,9503.0,0.0287654951966574
20250804,SA2509,1253.0,1145433.0,881163.0,0.2370681604969412
20250804,SA2510,1278.0,102917.0,57302.0,0.0842108719037584
20250804,SA2511,1287.0,125726.0,98358.0,0.4394083588586797
20250804,SA2512,1335.0,43739.0,47258.0,0.0448598653272859
20250804,SA2601,1340.0,1000759.0,827195.0,0.0714287823275442
20250804,SA2602,1348.0,2043.0,19639.0,0.008898776826043
20250804,SA2603,1349.0,2294.0,10791.0,0.2726390633219348
20250804,SA2604,1380.0,940.0,13200.0,0.0173787141163769
20250804,SA2605,1382.0,25032.0,90402.0,0.034682105066801
20250804,SA2606,1386.0,749.0,8595.0,-0.0433683160866771
20250804,SA2607,1381.0,668.0,3524.0,0.0
20250805,SA2508,1250.0,259.0,9324.0,0.199925290717286
20250805,SA2509,1271.0,993806.0,764882.0,0.2983836712246924
20250805,SA2510,1303.0,60597.0,56518.0,0.0734508796662565
20250805,SA2511,1311.0,107485.0,98869.0,0.4667753751939943
20250805,SA2512,1363.0,60354.0,51023.0,0.043939997831558
20250805,SA2601,1368.0,1234247.0,843047.0,0.0786888065539084
20250805,SA2602,1377.0,2853.0,20328.0,0.0348078561676477
20250805,SA2603,1381.0,3252.0,11218.0,0.3426356962537028
20250805,SA2604,1421.0,1539.0,13578.0,0.05056187255683
20250805,SA2605,1427.0,43595.0,93535.0,0.0252012693253991
20250805,SA2606,1430.0,685.0,8655.0,-0.03361346735654
20250805,SA2607,1426.0,569.0,3584.0,0.0
20250806,SA2508,1252.0,39.0,9285.0,0.2560349990255872
20250806,SA2509,1279.0,709999.0,632923.0,0.250686099090405
20250806,SA2510,1306.0,73582.0,57131.0,0.0915336245866328
20250806,SA2511,1316.0,137122.0,98645.0,0.4298967182177375
20250806,SA2512,1364.0,69489.0,51862.0,0.0526701650251582
20250806,SA2601,1370.0,1680149.0,938980.0,0.0872731119489585
20250806,SA2602,1380.0,2822.0,20316.0,0.0260586421620951
20250806,SA2603,1383.0,2546.0,11127.0,0.299908505127776
20250806,SA2604,1418.0,915.0,13750.0,0.0506686185581791
20250806,SA2605,1424.0,44213.0,103543.0,0.016842108027841
20250806,SA2606,1426.0,857.0,8722.0,-0.0505974045472176
20250806,SA2607,1420.0,949.0,3781.0,0.0
20250807,SA2508,1270.0,5.0,9290.0,-0.0283799895779742
20250807,SA2509,1267.0,479750.0,583882.0,0.2530355368764821
20250807,SA2510,1294.0,130692.0,56466.0,0.0831732247679898
20250807,SA2511,1303.0,157771.0,98792.0,0.4429881537367706
20250807,SA2512,1352.0,36785.0,52048.0,0.0442968387835161
20250807,SA2601,1357.0,1722593.0,1000998.0,0.105649985442957
20250807,SA2602,1369.0,1632.0,20341.0,0.0175182512863854
20250807,SA2603,1371.0,1294.0,11172.0,0.3280779880363894
20250807,SA2604,1409.0,643.0,13845.0,0.0255228738540871
20250807,SA2605,1412.0,35042.0,106577.0,0.0254687042898061
20250807,SA2606,1415.0,457.0,8670.0,-0.0339702986942873
20250807,SA2607,1411.0,724.0,3793.0,0.0
20250808,SA2508,1232.0,445.0,9294.0,0.1644523923853512
20250808,SA2509,1249.0,390780.0,562142.0,0.2566434453498901
20250808,SA2510,1276.0,87256.0,56134.0,0.0656508085308155
20250808,SA2511,1283.0,108228.0,100122.0,0.4227083291713072
20250808,SA2512,1329.0,29395.0,50708.0,0.0270575086450689
20250808,SA2601,1332.0,1420315.0,1068376.0,0.1254679092520645
20250808,SA2602,1346.0,1395.0,20277.0,0.0444939330663087
20250808,SA2603,1351.0,1417.0,11378.0,0.3155769882555935
20250808,SA2604,1387.0,608.0,13876.0,0.0431810469543997
20250808,SA2605,1392.0,33752.0,109847.0,0.0516129827926884
20250808,SA2606,1398.0,421.0,8634.0,-0.0343839776794367
20250808,SA2607,1394.0,473.0,3801.0,0.0
20250811,SA2508,1234.0,207.0,9299.0,0.1641876720189367
20250811,SA2509,1251.0,372908.0,528810.0,0.2843734971578781
20250811,SA2510,1281.0,113621.0,55672.0,0.0840143455078027
20250811,SA2511,1290.0,135528.0,100579.0,0.4563287470708719
20250811,SA2512,1340.0,30477.0,50661.0,0.0446927890917899
20250811,SA2601,1345.0,1574767.0,1125754.0,0.1065884135871568
20250811,SA2602,1357.0,2067.0,20208.0,0.0088397794052682
20250811,SA2603,1358.0,1514.0,11579.0,0.3483553761013683
20250811,SA2604,1398.0,1090.0,13988.0,0.0171551137151324
20250811,SA2605,1400.0,35253.0,115696.0,0.051318681207122
20250811,SA2606,1406.0,424.0,8693.0,-0.0427503124032383
20250811,SA2607,1401.0,379.0,3812.0,0.0
20250812,SA2508,1280.0,40.0,9291.0,0.1119759291466106
20250812,SA2509,1292.0,661195.0,429780.0,0.2845257572689029
20250812,SA2510,1323.0,222179.0,61897.0,0.0723438513618717
20250812,SA2511,1331.0,280575.0,110010.0,0.6150687353027448
20250812,SA2512,1401.0,65307.0,63344.0,0.0683275867400773
20250812,SA2601,1409.0,3235625.0,1153910.0,0.0848659831363504
20250812,SA2602,1419.0,5049.0,20818.0,0.016901411244695
20250812,SA2603,1421.0,5845.0,11432.0,0.2919852079143686
20250812,SA2604,1456.0,3117.0,13611.0,0.0493489386371102
20250812,SA2605,1462.0,106046.0,126991.0,-0.0082107427082922
20250812,SA2606,1461.0,1417.0,8845.0,-0.0328992666659353
20250812,SA2607,1457.0,1662.0,3977.0,0.0
20250813,SA2509,1276.0,519645.0,396091.0,0.2604753429823568
20250813,SA2510,1304.0,127622.0,60850.0,0.0825375817943739
20250813,SA2511,1313.0,183869.0,102533.0,0.5362023775820983
20250813,SA2512,1373.0,57597.0,62585.0,0.0870831107614465
20250813,SA2601,1383.0,2490132.0,1217919.0,0.0778381107552822
20250813,SA2602,1392.0,3325.0,21086.0,0.0172290051132503
20250813,SA2603,1394.0,2630.0,11585.0,0.3143542588317813
20250813,SA2604,1431.0,740.0,13619.0,0.050209278270889
20250813,SA2605,1437.0,54177.0,135068.0,0.0333565190459665
20250813,SA2606,1441.0,647.0,8852.0,-0.0500696136696067
20250813,SA2607,1435.0,1216.0,4009.0,0.0
20250814,SA2508,1276.0,566.0,0.0,0.1680961338733284
20250814,SA2509,1294.0,299760.0,339842.0,0.265964268649318
20250814,SA2510,1323.0,192356.0,64579.0,0.0993607483273596
20250814,SA2511,1334.0,230333.0,102342.0,0.5020915853744876
20250814,SA2512,1391.0,50093.0,61278.0,0.0773918841588854
20250814,SA2601,1400.0,2379833.0,1282237.0,0.0854096132263674
20250814,SA2602,1410.0,1919.0,21000.0,0.0085076217671998
20250814,SA2603,1411.0,1841.0,11362.0,0.2857277843246233
20250814,SA2604,1445.0,723.0,13554.0,0.0579911380585072
20250814,SA2605,1452.0,51885.0,143293.0,0.0330124004626775
20250814,SA2606,1456.0,506.0,8788.0,-0.041279710469321
20250814,SA2607,1451.0,625.0,3965.0,0.0
20250815,SA2509,1293.0,354037.0,298789.0,0.266167699677289
20250815,SA2510,1322.0,187827.0,65406.0,0.0723984096500149
20250815,SA2511,1330.0,245660.0,103881.0,0.5035703891883865
20250815,SA2512,1387.0,80759.0,63506.0,0.0690152872876129
20250815,SA2601,1395.0,3900775.0,1409890.0,0.0942525373817306
20250815,SA2602,1406.0,3125.0,21085.0,0.0255772743368404
20250815,SA2603,1409.0,2396.0,11310.0,0.2944416906490957
20250815,SA2604,1444.0,1121.0,13398.0,0.0497581915421834
20250815,SA2605,1450.0,81495.0,154545.0,0.0330578721461362
20250815,SA2606,1454.0,898.0,8795.0,-0.0496210217736358
20250815,SA2607,1448.0,1168.0,3964.0,0.1564344623678402
20250815,SA2608,1467.0,88.0,60.0,0.0
20250818,SA2509,1272.0,181009.0,274331.0,0.3257276366898529
20250818,SA2510,1307.0,147833.0,68283.0,0.0732267718517144
20250818,SA2511,1315.0,186453.0,109262.0,0.5615580835408673
20250818,SA2512,1378.0,59597.0,67365.0,0.0694647381149369
20250818,SA2601,1386.0,2509201.0,1398920.0,0.1034489165268834
20250818,SA2602,1398.0,1583.0,21039.0,0.0257234825190164
20250818,SA2603,1401.0,1500.0,11410.0,0.3461372580946494
20250818,SA2604,1442.0,622.0,13464.0,0.0
20250818,SA2605,1442.0,45364.0,158722.0,0.0166320192945258
20250818,SA2606,1444.0,463.0,8697.0,-0.0166320192945256
20250818,SA2607,1442.0,869.0,3927.0,0.1241818602037253
20250818,SA2608,1457.0,65.0,67.0,0.0
20250819,SA2509,1245.0,119352.0,256003.0,0.3233159121604168
20250819,SA2510,1279.0,129091.0,68192.0,0.0841452610254751
20250819,SA2511,1288.0,184369.0,109856.0,0.5730531755508004
20250819,SA2512,1351.0,62315.0,66989.0,0.0620156419013111
20250819,SA2601,1358.0,1779068.0,1428848.0,0.1492884237843622
20250819,SA2602,1375.0,2687.0,21104.0,0.0087241007114071
20250819,SA2603,1376.0,1215.0,11439.0,0.284393920864696
20250819,SA2604,1409.0,719.0,13515.0,0.0340184494301655
20250819,SA2605,1413.0,45179.0,162351.0,0.0423878928905435
20250819,SA2606,1418.0,312.0,8761.0,-0.0169371940608928
20250819,SA2607,1416.0,556.0,4002.0,0.1683057042540535
20250819,SA2608,1436.0,57.0,85.0,0.0
20250820,SA2509,1209.0,200605.0,201724.0,0.3328108907510217
20250820,SA2510,1243.0,219090.0,67335.0,0.0385542500319041
20250820,SA2511,1247.0,291205.0,112407.0,0.5087103939896249
20250820,SA2512,1301.0,89863.0,62994.0,0.0735634487687355
20250820,SA2601,1309.0,2970244.0,1365953.0,0.1548408580308934
20250820,SA2602,1326.0,4646.0,20484.0,0.0090463630367962
20250820,SA2603,1327.0,2638.0,10927.0,0.2682675060319383
20250820,SA2604,1357.0,1374.0,13084.0,0.0617421428224585
20250820,SA2605,1364.0,88969.0,165774.0,0.0701756385890774
20250820,SA2606,1372.0,1184.0,8564.0,-0.008749544682194
20250820,SA2607,1371.0,1354.0,4053.0,0.2254401563357701
20250820,SA2608,1397.0,301.0,151.0,0.0
20250821,SA2509,1208.0,62473.0,187665.0,0.3330826079839668
20250821,SA2510,1242.0,115855.0,67395.0,0.0193081296684082
20250821,SA2511,1244.0,177444.0,117650.0,0.5283872418060401
20250821,SA2512,1300.0,63297.0,62627.0,0.05525719664098
20250821,SA2601,1306.0,1274521.0,1383276.0,0.1642611199269252
20250821,SA2602,1324.0,1583.0,20515.0,0.009060023080429
20250821,SA2603,1325.0,1026.0,10897.0,0.2686679387217442
20250821,SA2604,1355.0,291.0,13116.0,0.0618330407478759
20250821,SA2605,1362.0,33768.0,165726.0,0.0351906410553326
20250821,SA2606,1366.0,197.0,8522.0,0.0087815591185697
20250821,SA2607,1367.0,409.0,4022.0,0.2260936446702731
20250821,SA2608,1393.0,97.0,172.0,0.0
20250822,SA2509,1226.0,50731.0,172557.0,0.3377786336251545
20250822,SA2510,1261.0,150154.0,65012.0,0.0380047823604124
20250822,SA2511,1265.0,190652.0,117425.0,0.5107153730255508
20250822,SA2512,1320.0,42536.0,60138.0,0.0544218619846963
20250822,SA2601,1326.0,1288381.0,1372600.0,0.1260326663897903
20250822,SA2602,1340.0,1005.0,20769.0,0.0268356429393662
20250822,SA2603,1343.0,769.0,10976.0,0.2912978636406155
20250822,SA2604,1376.0,576.0,13143.0,0.0261343116001534
20250822,SA2605,1379.0,39865.0,171341.0,0.0434311006117567
20250822,SA2606,1384.0,292.0,8559.0,0.0173285228668034
20250822,SA2607,1386.0,184.0,4010.0,0.163384824215972
20250822,SA2608,1405.0,127.0,199.0,0.0
20250825,SA2509,1226.0,73228.0,152513.0,0.3852658344955763
20250825,SA2510,1266.0,121783.0,58907.0,0.0567376943513507
20250825,SA2511,1272.0,168555.0,111553.0,0.544080893940529
20250825,SA2512,1331.0,62012.0,62280.0,0.0539731044819793
20250825,SA2601,1337.0,1963187.0,1386264.0,0.1604778745422975
20250825,SA2602,1355.0,2812.0,21148.0,0.0
20250825,SA2603,1355.0,1410.0,10902.0,0.3060275137312351
20250825,SA2604,1390.0,778.0,13006.0,0.02587137186082
20250825,SA2605,1393.0,58561.0,176259.0,0.0429953881673991
20250825,SA2606,1398.0,568.0,8606.0,0.008580622460707
20250825,SA2607,1399.0,739.0,4147.0,0.1194888962285544
20250825,SA2608,1413.0,385.0,379.0,0.0
20250826,SA2509,1200.0,52678.0,130512.0,0.4224750688154338
20250826,SA2510,1243.0,118051.0,64469.0,0.0289272940402481
20250826,SA2511,1246.0,178539.0,119167.0,0.5459765176703976
20250826,SA2512,1304.0,55242.0,61593.0,0.0642448953252192
20250826,SA2601,1311.0,1291877.0,1399714.0,0.2087009125424308
20250826,SA2602,1334.0,1343.0,21119.0,0.0269562075164908
20250826,SA2603,1337.0,940.0,11193.0,0.3013452295244557
20250826,SA2604,1371.0,758.0,13071.0,0.0524018299960846
20250826,SA2605,1377.0,40426.0,179461.0,0.0261153530711453
20250826,SA2606,1380.0,333.0,8593.0,0.0086925030965004
20250826,SA2607,1381.0,403.0,4145.0,0.1639723463286947
20250826,SA2608,1400.0,177.0,394.0,0.0
20250827,SA2509,1191.0,46106.0,111483.0,0.4644466066708954
20250827,SA2510,1238.0,75803.0,63204.0,0.0483676591940356
20250827,SA2511,1243.0,124974.0,119072.0,0.5380374232670048
20250827,SA2512,1300.0,38835.0,59576.0,0.0644420420951253
20250827,SA2601,1307.0,1101340.0,1400264.0,0.2003081410682797
20250827,SA2602,1329.0,1128.0,21200.0,0.0270575086450689
20250827,SA2603,1332.0,756.0,11291.0,0.3375500126620347
20250827,SA2604,1370.0,261.0,13156.0,0.0437158953420121
20250827,SA2605,1375.0,29142.0,181337.0,0.0435572166069447
20250827,SA2606,1380.0,271.0,8568.0,0.0
20250827,SA2607,1380.0,691.0,4349.0,0.2069016772140714
20250827,SA2608,1404.0,212.0,419.0,0.0
20250828,SA2509,1187.0,65275.0,71742.0,0.4562533026561153
20250828,SA2510,1233.0,83305.0,58818.0,0.0582525415775777
20250828,SA2511,1239.0,150304.0,119926.0,0.613582330289471
20250828,SA2512,1304.0,53123.0,59792.0,0.0642448953252192
20250828,SA2601,1311.0,1483398.0,1384815.0,0.2266784439946949
20250828,SA2602,1336.0,2265.0,21457.0,0.0537715612204322
20250828,SA2603,1342.0,3923.0,13086.0,0.26530188905044
20250828,SA2604,1372.0,573.0,13182.0,0.0610688340896547
20250828,SA2605,1379.0,44773.0,183274.0,0.0520984899376441
20250828,SA2606,1385.0,501.0,8653.0,-0.0086673893258881
20250828,SA2607,1384.0,586.0,4454.0,0.2063088064844732
20250828,SA2608,1408.0,222.0,480.0,0.0
20250829,SA2509,1180.0,75134.0,14180.0,0.4393169473507322
20250829,SA2510,1224.0,43255.0,54294.0,0.0489197579251609
20250829,SA2511,1229.0,120250.0,121996.0,0.5533571763611016
20250829,SA2512,1287.0,68204.0,63767.0,0.0836240317931212
20250829,SA2601,1296.0,1259256.0,1444659.0,0.2746115260030536
20250829,SA2602,1326.0,1867.0,21234.0,0.0541761642543193
20250829,SA2603,1332.0,1888.0,12883.0,0.2936742782247089
20250829,SA2604,1365.0,179.0,13185.0,0.0613812080012449
20250829,SA2605,1372.0,27172.0,184925.0,0.0262104217780944
20250829,SA2606,1375.0,171.0,8662.0,0.0261532976751877
20250829,SA2607,1378.0,275.0,4453.0,0.2499192664894227
20250829,SA2608,1407.0,161.0,545.0,0.0
20250901,SA2509,1154.0,4134.0,11522.0,0.2892737789102844
20250901,SA2511,1211.0,110706.0,126003.0,0.2901451658181712
20250901,SA2601,1271.0,1529447.0,1428510.0,0.1629902318815342
20250901,SA2603,1306.0,3108.0,13529.0,0.194367278228277
20250901,SA2605,1349.0,44324.0,185927.0,0.0619474529326603
20250901,SA2607,1363.0,677.0,4555.0,0.0
20250902,SA2509,1152.0,1460.0,10351.0,0.2748572161877652
20250902,SA2511,1206.0,68393.0,136781.0,0.2960568182040494
20250902,SA2601,1267.0,944932.0,1431428.0,0.1634978546842532
20250902,SA2603,1302.0,707.0,13529.0,0.203870121851096
20250902,SA2605,1347.0,32338.0,187956.0,0.0620389574466118
20250902,SA2607,1361.0,326.0,4549.0,0.0
20250903,SA2509,1158.0,1097.0,8719.0,0.278413504866658
20250903,SA2511,1213.0,68784.0,138450.0,0.3038013297641109
20250903,SA2601,1276.0,961840.0,1420969.0,0.1623601191537882
20250903,SA2603,1311.0,1194.0,13560.0,0.2069170564270164
20250903,SA2605,1357.0,30442.0,192324.0,0.0528249927214785
20250903,SA2607,1369.0,184.0,4524.0,0.0
20250904,SA2509,1160.0,545.0,8374.0,0.2631112951730964
20250904,SA2511,1212.0,99436.0,135207.0,0.3134501364196765
20250904,SA2601,1277.0,1074843.0,1411723.0,0.1668061096215412
20250904,SA2603,1313.0,1449.0,13230.0,0.1977707131924382
20250904,SA2605,1357.0,29952.0,193270.0,0.0484406300857594
20250904,SA2607,1368.0,366.0,4642.0,0.0
20250905,SA2509,1185.0,386.0,7722.0,0.3591290464976767
20250905,SA2510,1221.0,29667.0,53815.0,0.1270887642555417
20250905,SA2511,1234.0,144809.0,133380.0,0.5604500916782921
20250905,SA2512,1293.0,105919.0,65704.0,0.083237327959886
20250905,SA2601,1302.0,1453415.0,1420427.0,0.2913648444846541
20250905,SA2602,1334.0,13733.0,37549.0,0.0628038816733146
20250905,SA2603,1341.0,1373.0,13379.0,0.3613934525512395
20250905,SA2604,1382.0,335.0,12699.0,0.0433369918465979
20250905,SA2605,1387.0,45402.0,196617.0,0.0345572593033358
20250905,SA2606,1391.0,386.0,8746.0,0.0258527927643146
20250905,SA2607,1394.0,1108.0,5078.0,0.0943198853685225
20250905,SA2608,1405.0,868.0,1024.0,0.0
20250908,SA2509,1162.0,586.0,6638.0,0.5746583048329795
20250908,SA2510,1219.0,21420.0,52477.0,0.078495782755679
20250908,SA2511,1227.0,140686.0,131596.0,0.5355470388566997
20250908,SA2512,1283.0,70666.0,64664.0,0.0931681698746513
20250908,SA2601,1293.0,1552283.0,1447567.0,0.3024215036874039
20250908,SA2602,1326.0,24270.0,38986.0,0.0451637717916456
20250908,SA2603,1331.0,2106.0,13087.0,0.3202562199460546
20250908,SA2604,1367.0,363.0,12756.0,0.0525548285282581
20250908,SA2605,1373.0,61371.0,203390.0,0.0610244685993531
20250908,SA2606,1380.0,454.0,8786.0,0.0347322963163746
20250908,SA2607,1384.0,748.0,5053.0,0.1379325531088225
20250908,SA2608,1400.0,319.0,1015.0,0.0
20250909,SA2509,1159.0,1078.0,6549.0,0.457101390348175
20250909,SA2510,1204.0,13656.0,52032.0,0.0695654122119109
20250909,SA2511,1211.0,102539.0,134369.0,0.5424652412165614
20250909,SA2512,1267.0,34143.0,64259.0,0.1037334553960926
20250909,SA2601,1278.0,1103470.0,1470520.0,0.2967693750926044
20250909,SA2602,1310.0,23821.0,41361.0,0.0274494972911887
20250909,SA2603,1313.0,896.0,13146.0,0.3689829500330889
20250909,SA2604,1354.0,1371.0,12700.0,0.0353982557570534
20250909,SA2605,1358.0,35399.0,203474.0,0.0880414807662517
20250909,SA2606,1368.0,184.0,8774.0,0.0437796910257045
20250909,SA2607,1373.0,305.0,5045.0,0.1735388161420171
20250909,SA2608,1393.0,149.0,986.0,0.0
20250910,SA2509,1162.0,2521.0,6934.0,0.4161093427538677
20250910,SA2510,1203.0,24136.0,54976.0,0.099338315632455
20250910,SA2511,1213.0,122916.0,132853.0,0.5699260194722084
20250910,SA2512,1272.0,60668.0,64353.0,0.0846066959600011
20250910,SA2601,1281.0,1336321.0,1449657.0,0.2777901824035874
20250910,SA2602,1311.0,12260.0,42008.0,0.0456795374587532
20250910,SA2603,1316.0,1713.0,13141.0,0.3060931145665519
20250910,SA2604,1350.0,544.0,12817.0,0.0266370808597537
20250910,SA2605,1353.0,44141.0,206462.0,0.0883656423089341
20250910,SA2606,1363.0,380.0,8718.0,0.035164860329004
20250910,SA2607,1367.0,526.0,5045.0,0.1656401163107878
20250910,SA2608,1386.0,333.0,1016.0,0.0
20250911,SA2509,1168.0,961.0,6141.0,0.3443274204837669
20250911,SA2510,1202.0,97013.0,45578.0,0.1290868881539512
20250911,SA2511,1215.0,108221.0,137054.0,0.587833297561037
20250911,SA2512,1276.0,61568.0,68686.0,0.1030049242966972
20250911,SA2601,1287.0,1102427.0,1440308.0,0.2582728441888592
20250911,SA2602,1315.0,8794.0,41691.0,0.0364464972653958
20250911,SA2603,1319.0,1987.0,12618.0,0.3408300854106549
20250911,SA2604,1357.0,1137.0,12547.0,0.0176730517952935
20250911,SA2605,1359.0,42749.0,215028.0,0.0879769336476616
20250911,SA2606,1369.0,412.0,8721.0,0.0350109657542647
20250911,SA2607,1373.0,308.0,5023.0,0.1649212215167257
20250911,SA2608,1392.0,237.0,1025.0,0.0
20250912,SA2509,1163.0,783.0,0.0,0.4157576802012229
20250912,SA2510,1204.0,20406.0,35539.0,0.1288736054251297
20250912,SA2511,1217.0,107998.0,141055.0,0.5962765030957867
20250912,SA2512,1279.0,54025.0,72304.0,0.1027643493225025
20250912,SA2601,1290.0,1270526.0,1441918.0,0.266779864339161
20250912,SA2602,1319.0,10522.0,41047.0,0.0544630284360964
20250912,SA2603,1325.0,904.0,12600.0,0.3305009794696205
20250912,SA2604,1362.0,388.0,12500.0,0.0527473376764575
20250912,SA2605,1368.0,36273.0,212054.0,0.0874002406932971
20250912,SA2606,1378.0,271.0,8772.0,0.0174039189317575
20250912,SA2607,1380.0,435.0,4996.0,0.1297309932505881
20250912,SA2608,1395.0,359.0,1042.0,0.0
20250915,SA2510,1217.0,14444.0,29543.0,0.1470006132712556
20250915,SA2511,1232.0,115662.0,140730.0,0.5984619604820753
20250915,SA2512,1295.0,59998.0,72547.0,0.1198626946020709
20250915,SA2601,1308.0,1417714.0,1440311.0,0.2451844658064712
20250915,SA2602,1335.0,15285.0,41039.0,0.0627569603673254
20250915,SA2603,1342.0,1210.0,12756.0,0.3437620305319795
20250915,SA2604,1381.0,412.0,12562.0,0.0173661390655928
20250915,SA2605,1383.0,42888.0,212219.0,0.0778381107552822
20250915,SA2606,1392.0,536.0,8854.0,0.00861759462529
20250915,SA2607,1393.0,1151.0,5182.0,0.1285267552581837
20250915,SA2608,1408.0,1336.0,1785.0,0.034042576022397
20250915,SA2609,1412.0,2541.0,2114.0,0.0
20250916,SA2510,1250.0,11490.0,24826.0,0.1146505536577405
20250916,SA2511,1262.0,198005.0,143205.0,0.5936295317357909
20250916,SA2512,1326.0,120310.0,72186.0,0.1170740993443758
20250916,SA2601,1339.0,1973334.0,1338629.0,0.2746520775719779
20250916,SA2602,1370.0,42396.0,41413.0,0.061157758877812
20250916,SA2603,1377.0,2126.0,12705.0,0.3351453063001232
20250916,SA2604,1416.0,826.0,12647.0,0.0338505160996951
20250916,SA2605,1420.0,76310.0,205862.0,0.0590096025783612
20250916,SA2606,1427.0,584.0,8956.0,0.0252012693253991
20250916,SA2607,1430.0,1380.0,5317.0,0.1335201535770846
20250916,SA2608,1446.0,1584.0,2653.0,0.01658604272342
20250916,SA2609,1448.0,3928.0,4853.0,0.0
20250917,SA2510,1246.0,4581.0,23109.0,0.1150168549558477
20250917,SA2511,1258.0,154004.0,134287.0,0.6045447222548376
20250917,SA2512,1323.0,77232.0,70548.0,0.0993607483273596
20250917,SA2601,1334.0,1086896.0,1339542.0,0.2932393229805671
20250917,SA2602,1367.0,49893.0,40237.0,0.0350621140603772
20250917,SA2603,1371.0,869.0,12768.0,0.3705860027304446
20250917,SA2604,1414.0,320.0,12791.0,0.033898327626658
20250917,SA2605,1418.0,28039.0,205120.0,0.0843292296894825
20250917,SA2606,1428.0,303.0,9075.0,0.0
20250917,SA2607,1428.0,1010.0,5329.0,0.1586110047834494
20250917,SA2608,1447.0,711.0,2734.0,0.0413936250390905
20250917,SA2609,1452.0,1424.0,5468.0,0.0
20250918,SA2510,1213.0,5407.0,21203.0,0.1279224906252797
20250918,SA2511,1226.0,254870.0,135997.0,0.6384991473084101
20250918,SA2512,1293.0,98438.0,72586.0,0.1200471727742254
20250918,SA2601,1306.0,1496218.0,1391923.0,0.2904831702215675
20250918,SA2602,1338.0,131701.0,40818.0,0.0626166161731892
20250918,SA2603,1345.0,2174.0,13501.0,0.4207881809263954
20250918,SA2604,1393.0,634.0,12934.0,0.0601505018825303
20250918,SA2605,1400.0,44813.0,206000.0,0.0854096132263674
20250918,SA2606,1410.0,632.0,8995.0,0.0255047917477624
20250918,SA2607,1413.0,1194.0,5397.0,0.2271361186262263
20250918,SA2608,1440.0,950.0,2759.0,0.0166551032981769
20250918,SA2609,1442.0,1591.0,6030.0,0.0
20250919,SA2510,1229.0,3332.0,19856.0,0.0875561241420787
20250919,SA2511,1238.0,174755.0,132155.0,0.641662279102019
20250919,SA2512,1306.0,56895.0,72907.0,0.1097568627129144
20250919,SA2601,1318.0,922286.0,1381982.0,0.2611735361749385
20250919,SA2602,1347.0,108490.0,40518.0,0.0710586828412471
20250919,SA2603,1355.0,675.0,13422.0,0.3920493874745844
20250919,SA2604,1400.0,157.0,12928.0,0.0598504981324676
20250919,SA2605,1407.0,30296.0,210144.0,0.0849861909154969
20250919,SA2606,1417.0,244.0,9016.0,0.0084656088167078
20250919,SA2607,1418.0,332.0,5466.0,0.2429402344729335
20250919,SA2608,1447.0,227.0,2757.0,0.0579111775437689
20250919,SA2609,1454.0,1023.0,6406.0,0.0
20250922,SA2510,1210.0,4710.0,17991.0,0.0991735537190079
20250922,SA2511,1220.0,233561.0,130773.0,0.6098360655737709
20250922,SA2512,1282.0,96428.0,71506.0,0.0011569002085926
20250922,SA2601,1293.0,1348228.0,1420087.0,0.2877030162413003
20250922,SA2602,1324.0,114901.0,40318.0,0.07250755287009
20250922,SA2603,1332.0,1295.0,13423.0,0.4234234234234222
20250922,SA2604,1379.0,182.0,12922.0,0.043509789702683
20250922,SA2605,1384.0,37466.0,212629.0,0.1300578034682082
20250922,SA2606,1399.0,343.0,9091.0,0.0085775553967124
20250922,SA2607,1400.0,1188.0,5768.0,0.2914285714285709
20250922,SA2608,1434.0,584.0,2897.0,0.033472803347279
20250922,SA2609,1438.0,2341.0,6451.0,0.0
20250923,SA2510,1197.0,5742.0,14513.0,0.1002506265664173
20250923,SA2511,1207.0,260772.0,120669.0,0.5468102734051357
20250923,SA2512,1262.0,119657.0,70447.0,0.0011752346017557
20250923,SA2601,1273.0,1252408.0,1415505.0,0.2922230950510593
20250923,SA2602,1304.0,115786.0,42006.0,0.0644171779141107
20250923,SA2603,1311.0,1903.0,13108.0,0.4118993135011441
20250923,SA2604,1356.0,681.0,12739.0,0.0442477876106197
20250923,SA2605,1361.0,65770.0,227093.0,0.132255694342394
20250923,SA2606,1376.0,551.0,8985.0,0.0348837209302326
20250923,SA2607,1380.0,632.0,5650.0,0.3304347826086955
20250923,SA2608,1418.0,517.0,2807.0,0.0423131170662918
20250923,SA2609,1423.0,2378.0,6375.0,0.0
20250924,SA2510,1217.0,4851.0,14678.0,0.1281840591618737
20250924,SA2511,1230.0,239130.0,115614.0,0.6536585365853655
20250924,SA2512,1297.0,125893.0,68134.0,0.0010395640761307
20250924,SA2601,1307.0,2066042.0,1398447.0,0.2662586074980879
20250924,SA2602,1336.0,101060.0,40712.0,0.0628742514970053
20250924,SA2603,1343.0,2462.0,12979.0,0.3663440059568135
20250924,SA2604,1384.0,537.0,12757.0,0.0867052023121388
20250924,SA2605,1394.0,70317.0,232495.0,0.1205164992826395
20250924,SA2606,1408.0,451.0,8975.0,-0.0085227272727275
20250924,SA2607,1407.0,711.0,5676.0,0.2985074626865671
20250924,SA2608,1442.0,588.0,2943.0,0.0499306518723994
20250924,SA2609,1448.0,3051.0,6695.0,0.0
20250925,SA2510,1224.0,2678.0,14211.0,0.117647058823529
20250925,SA2511,1236.0,177816.0,107957.0,0.6407766990291259
20250925,SA2512,1302.0,131741.0,72051.0,0.0013462434629524
20250925,SA2601,1315.0,1176415.0,1387941.0,0.2828897338403031
20250925,SA2602,1346.0,34751.0,39233.0,0.0445765230312034
20250925,SA2603,1351.0,1191.0,13088.0,0.417468541820873
20250925,SA2604,1398.0,264.0,12843.0,0.0515021459227478
20250925,SA2605,1404.0,41359.0,235038.0,0.1282051282051277
20250925,SA2606,1419.0,327.0,9001.0,0.0169133192388999
20250925,SA2607,1421.0,444.0,5759.0,0.2448979591836737
20250925,SA2608,1450.0,886.0,3674.0,0.0744827586206895
20250925,SA2609,1459.0,2051.0,7509.0,0.0
20250926,SA2510,1205.0,2025.0,13843.0,0.1294605809128626
20250926,SA2511,1218.0,103710.0,104073.0,0.6206896551724137
20250926,SA2512,1281.0,77738.0,72333.0,0.0012630581796174
20250926,SA2601,1293.0,1127426.0,1359763.0,0.2877030162413003
20250926,SA2602,1324.0,17109.0,38478.0,0.0815709969788516
20250926,SA2603,1333.0,996.0,13121.0,0.4141035258814698
20250926,SA2604,1379.0,362.0,12763.0,0.043509789702683
20250926,SA2605,1384.0,42282.0,230899.0,0.1387283236994232
20250926,SA2606,1400.0,394.0,8930.0,0.0
20250926,SA2607,1400.0,414.0,5727.0,0.2914285714285709
20250926,SA2608,1434.0,274.0,3700.0,0.0418410041841008
20250926,SA2609,1439.0,1977.0,7258.0,0.0
20250929,SA2510,1191.0,6064.0,11873.0,0.1410579345088161
20250929,SA2511,1205.0,164804.0,83269.0,0.6074688796680503
20250929,SA2512,1266.0,101440.0,72023.0,0.0012780233239256
20250929,SA2601,1278.0,956241.0,1307809.0,0.2816901408450691
20250929,SA2602,1308.0,70806.0,38259.0,0.0642201834862392
20250929,SA2603,1315.0,1453.0,12951.0,0.3923954372623583
20250929,SA2604,1358.0,399.0,12606.0,0.0706921944035343
20250929,SA2605,1366.0,55976.0,229639.0,0.1405563689604685
20250929,SA2606,1382.0,316.0,8872.0,0.0260492040520992
20250929,SA2607,1385.0,669.0,5638.0,0.3119133574007211
20250929,SA2608,1421.0,321.0,3596.0,0.0506685432793814
20250929,SA2609,1427.0,1869.0,7348.0,0.0
20250930,SA2510,1170.0,4383.0,9573.0,0.143589743589743
20250930,SA2511,1184.0,126591.0,75677.0,0.6081081081081079
20250930,SA2512,1244.0,89846.0,69207.0,0.0011922396040319
20250930,SA2601,1255.0,783278.0,1250366.0,0.3442231075697224
20250930,SA2602,1291.0,48062.0,36232.0,0.0464756003098365
20250930,SA2603,1296.0,2168.0,12249.0,0.4259259259259265
20250930,SA2604,1342.0,1127.0,12085.0,0.0625931445603571
20250930,SA2605,1349.0,28124.0,228062.0,0.151223128243144
20250930,SA2606,1366.0,196.0,8877.0,0.0175695461200575
20250930,SA2607,1368.0,431.0,5542.0,0.3070175438596498
20250930,SA2608,1403.0,147.0,3550.0,0.0598717034925169
20250930,SA2609,1410.0,1023.0,7342.0,0.0
20251009,SA2510,1161.0,1527.0,8893.0,0.2067183462532291
20251009,SA2511,1181.0,44804.0,70729.0,0.60965283657917
20251009,SA2512,1241.0,47227.0,65682.0,0.0009778268703202
20251009,SA2601,1250.0,756398.0,1317459.0,0.3935999999999993
20251009,SA2602,1291.0,39783.0,44142.0,0.0557707203718038
20251009,SA2603,1297.0,32641.0,33213.0,0.4070932922127994
20251009,SA2604,1341.0,1499.0,11255.0,0.026845637583893
20251009,SA2605,1344.0,45634.0,231137.0,0.1517857142857144
20251009,SA2606,1361.0,280.0,8865.0,0.0176340925789872
20251009,SA2607,1363.0,468.0,5496.0,0.3433602347762283
20251009,SA2608,1402.0,314.0,3579.0,0.0599144079885869
20251009,SA2609,1409.0,1255.0,7479.0,0.0
20251010,SA2510,1157.0,1302.0,7944.0,0.1555747623163359
20251010,SA2511,1172.0,40487.0,66664.0,0.5938566552901019
20251010,SA2512,1230.0,88164.0,66506.0,0.0010961907371882
20251010,SA2601,1240.0,1212013.0,1436592.0,0.387096774193548
20251010,SA2602,1280.0,45761.0,49779.0,0.0656249999999989
20251010,SA2603,1287.0,40206.0,50943.0,0.4102564102564114
20251010,SA2604,1331.0,774.0,11120.0,0.0090157776108181
20251010,SA2605,1332.0,68612.0,244819.0,0.1891891891891886
20251010,SA2606,1353.0,474.0,8890.0,0.053215077605321
20251010,SA2607,1359.0,752.0,5682.0,0.3620309050772627
20251010,SA2608,1400.0,311.0,3690.0,0.0514285714285707
20251010,SA2609,1406.0,2104.0,8194.0,0.0
20251013,SA2510,1164.0,311.0,7783.0,0.0927835051546388
20251013,SA2511,1173.0,63797.0,60256.0,0.6342710997442449
20251013,SA2512,1235.0,82362.0,67259.0,0.0013101032616112
20251013,SA2601,1247.0,1110319.0,1378440.0,0.3464314354450675
20251013,SA2602,1283.0,121276.0,51576.0,0.0654715510522212
20251013,SA2603,1290.0,140879.0,66265.0,0.3906976744186048
20251013,SA2604,1332.0,552.0,11042.0,0.0360360360360365
20251013,SA2605,1336.0,61641.0,244486.0,0.179640718562875
20251013,SA2606,1356.0,514.0,9008.0,0.0442477876106197
20251013,SA2607,1361.0,500.0,5588.0,0.3350477590007346
20251013,SA2608,1399.0,160.0,3702.0,0.0600428877769845
20251013,SA2609,1406.0,1977.0,8060.0,0.0
20251014,SA2510,1140.0,300.0,7646.0,0.2421052631578941
20251014,SA2511,1163.0,29375.0,45781.0,0.6190885640584707
20251014,SA2512,1223.0,86069.0,68180.0,0.0012127114206179
20251014,SA2601,1234.0,1219106.0,1384354.0,0.3500810372771488
20251014,SA2602,1270.0,37006.0,51771.0,0.0661417322834649
20251014,SA2603,1277.0,94562.0,67996.0,0.3664839467501961
20251014,SA2604,1316.0,1193.0,10537.0,0.0455927051671745
20251014,SA2605,1321.0,61677.0,248694.0,0.1725965177895529
20251014,SA2606,1340.0,304.0,9007.0,0.0447761194029858
20251014,SA2607,1345.0,886.0,5846.0,0.3390334572490712
20251014,SA2608,1383.0,256.0,3661.0,0.052060737527114
20251014,SA2609,1389.0,2316.0,7987.0,0.0
20251015,SA2510,1140.0,507.0,7460.0,0.1999999999999993
20251015,SA2511,1159.0,16916.0,37919.0,0.6315789473684204
20251015,SA2512,1220.0,50725.0,70353.0,0.0013262110885982
20251015,SA2601,1232.0,794201.0,1377333.0,0.3506493506493511
20251015,SA2602,1268.0,26369.0,49587.0,0.0567823343848576
20251015,SA2603,1274.0,55240.0,68258.0,0.3767660910518051
20251015,SA2604,1314.0,237.0,10597.0,0.04566210045662
20251015,SA2605,1319.0,30348.0,251781.0,0.1637604245640629
20251015,SA2606,1337.0,247.0,8998.0,0.0359012715033646
20251015,SA2607,1341.0,248.0,5814.0,0.3310961968680095
20251015,SA2608,1378.0,113.0,3655.0,0.0522496371552962
20251015,SA2609,1384.0,980.0,7877.0,0.0
20251016,SA2510,1148.0,272.0,7398.0,0.1358885017421611
20251016,SA2511,1161.0,10474.0,33713.0,0.6614987080103365
20251016,SA2512,1225.0,66309.0,73808.0,0.0011006649850951
20251016,SA2601,1235.0,1149356.0,1387423.0,0.3692307692307679
20251016,SA2602,1273.0,39816.0,46278.0,0.0754124116260799
20251016,SA2603,1281.0,74740.0,70017.0,0.3466042154566748
20251016,SA2604,1318.0,320.0,10621.0,0.0637329286798191
20251016,SA2605,1325.0,47948.0,249494.0,0.1449056603773595
20251016,SA2606,1341.0,291.0,8998.0,0.0357941834451889
20251016,SA2607,1345.0,416.0,5747.0,0.2855018587360582
20251016,SA2608,1377.0,144.0,3659.0,0.0610021786492369
20251016,SA2609,1384.0,1789.0,8405.0,0.0
20251017,SA2510,1124.0,285.0,7517.0,0.1814946619217092
20251017,SA2511,1141.0,7897.0,30788.0,0.6099912357581072
20251017,SA2512,1199.0,63673.0,69984.0,0.0011245326161314
20251017,SA2601,1209.0,1045011.0,1405646.0,0.3970223325062045
20251017,SA2602,1249.0,29651.0,44237.0,0.0672538030424352
20251017,SA2603,1256.0,86704.0,72227.0,0.353503184713376
20251017,SA2604,1293.0,1096.0,10188.0,0.0092807424593974
20251017,SA2605,1294.0,57567.0,257935.0,0.1761978361669252
20251017,SA2606,1313.0,450.0,8988.0,0.0639756283320638
20251017,SA2607,1320.0,888.0,6039.0,0.3181818181818192
20251017,SA2608,1355.0,348.0,3681.0,0.0442804428044274
20251017,SA2609,1360.0,2544.0,8389.0,0.0
20251020,SA2510,1135.0,273.0,7351.0,0.1162995594713649
20251020,SA2511,1146.0,6815.0,28399.0,0.649214659685863
20251020,SA2512,1208.0,41498.0,67506.0,0.0012277699233573
20251020,SA2601,1219.0,1199924.0,1369450.0,0.3839212469237081
20251020,SA2602,1258.0,36105.0,43905.0,0.0667726550079486
20251020,SA2603,1265.0,96415.0,75331.0,0.3320158102766806
20251020,SA2604,1300.0,781.0,10295.0,0.0369230769230757
20251020,SA2605,1304.0,55892.0,261319.0,0.1656441717791414
20251020,SA2606,1322.0,335.0,8907.0,0.045385779122542
20251020,SA2607,1327.0,914.0,6211.0,0.2803315749811608
20251020,SA2608,1358.0,318.0,3580.0,0.0618556701030925
20251020,SA2609,1365.0,2680.0,9167.0,0.0
20251021,SA2510,1125.0,1604.0,6181.0,0.1386666666666665
20251021,SA2511,1138.0,5202.0,27438.0,0.653778558875219
20251021,SA2512,1200.0,38328.0,64346.0,0.0011235955056179
20251021,SA2601,1210.0,992204.0,1391387.0,0.3966942148760317
20251021,SA2602,1250.0,47907.0,43372.0,0.0767999999999995
20251021,SA2603,1258.0,91953.0,75018.0,0.3338632750397456
20251021,SA2604,1293.0,791.0,9895.0,0.0464037122969847
20251021,SA2605,1298.0,41534.0,263039.0,0.1479198767334368
20251021,SA2606,1314.0,205.0,8958.0,0.063926940639269
20251021,SA2607,1321.0,385.0,6248.0,0.2906888720666165
20251021,SA2608,1353.0,197.0,3592.0,0.0709534368070947
20251021,SA2609,1361.0,2166.0,9264.0,0.0
20251022,SA2510,1134.0,128.0,0.0,0.1904761904761898
20251022,SA2511,1152.0,4127.0,25885.0,0.6249999999999991
20251022,SA2512,1212.0,58055.0,65676.0,0.0012237178774057
20251022,SA2601,1223.0,773292.0,1390463.0,0.3826655764513482
20251022,SA2602,1262.0,57684.0,42315.0,0.0760697305863713
20251022,SA2603,1270.0,105841.0,78720.0,0.3307086614173222
20251022,SA2604,1305.0,356.0,9823.0,0.0275862068965508
20251022,SA2605,1308.0,32132.0,264411.0,0.1651376146788994
20251022,SA2606,1326.0,163.0,8971.0,0.009049773755656
20251022,SA2607,1327.0,274.0,6245.0,0.316503391107763
20251022,SA2608,1362.0,93.0,3552.0,0.0704845814977979
20251022,SA2609,1370.0,1269.0,9551.0,0.0
20251023,SA2511,1164.0,4159.0,24187.0,0.6082474226804129
20251023,SA2512,1223.0,65527.0,59130.0,0.0013229579134013
20251023,SA2601,1235.0,978864.0,1392523.0,0.3497975708502014
20251023,SA2602,1271.0,58168.0,44939.0,0.0944138473642794
20251023,SA2603,1281.0,127623.0,82791.0,0.3185011709601877
20251023,SA2604,1315.0,336.0,9844.0,0.0273764258555138
20251023,SA2605,1318.0,41206.0,268573.0,0.1729893778452211
20251023,SA2606,1337.0,192.0,9020.0,0.0359012715033646
20251023,SA2607,1341.0,228.0,6277.0,0.2774049217002234
20251023,SA2608,1372.0,119.0,3561.0,0.0612244897959177
20251023,SA2609,1379.0,1477.0,9852.0,0.1305293691080491
20251023,SA2610,1394.0,138.0,104.0,0.0
20251024,SA2511,1165.0,4783.0,21319.0,0.5562231759656653
20251024,SA2512,1219.0,89504.0,64218.0,0.0011060825321916
20251024,SA2601,1229.0,845930.0,1407877.0,0.3710333604556544
20251024,SA2602,1267.0,37048.0,43556.0,0.0852407261247032
20251024,SA2603,1276.0,121088.0,81858.0,0.3667711598746077
20251024,SA2604,1315.0,427.0,9851.0,0.0365019011406841
20251024,SA2605,1319.0,66607.0,255147.0,0.1637604245640629
20251024,SA2606,1337.0,330.0,9034.0,0.0269259536275248
20251024,SA2607,1340.0,231.0,6284.0,0.3044776119402996
20251024,SA2608,1374.0,169.0,3531.0,0.0436681222707422
20251024,SA2609,1379.0,1584.0,10057.0,0.1392313270485852
20251024,SA2610,1395.0,171.0,176.0,0.0
20251027,SA2511,1178.0,4392.0,18472.0,0.5806451612903221
20251027,SA2512,1235.0,85251.0,56952.0,0.0012009279898103
20251027,SA2601,1246.0,1292776.0,1387064.0,0.3852327447833064
20251027,SA2602,1286.0,59902.0,42406.0,0.0746500777604968
20251027,SA2603,1294.0,156854.0,81779.0,0.3431221020092723
20251027,SA2604,1331.0,585.0,9899.0,0.0540946656649143
20251027,SA2605,1337.0,75661.0,246999.0,0.116679132385939
20251027,SA2606,1350.0,466.0,9074.0,0.0533333333333336
20251027,SA2607,1356.0,580.0,6500.0,0.2566371681415935
20251027,SA2608,1385.0,892.0,4046.0,0.0433212996389897
20251027,SA2609,1390.0,2793.0,10985.0,0.086330935251798
20251027,SA2610,1400.0,539.0,598.0,0.0
20251028,SA2511,1170.0,2739.0,17065.0,0.5948717948717954
20251028,SA2512,1228.0,62476.0,56786.0,0.0012077736705339
20251028,SA2601,1239.0,926219.0,1387072.0,0.368038740920098
20251028,SA2602,1277.0,27085.0,44149.0,0.0845732184808136
20251028,SA2603,1286.0,106850.0,84405.0,0.3825816485225495
20251028,SA2604,1327.0,209.0,9923.0,0.0361718161266022
20251028,SA2605,1331.0,47476.0,249391.0,0.1532682193839223
20251028,SA2606,1348.0,383.0,9063.0,0.0267062314540051
20251028,SA2607,1351.0,243.0,6551.0,0.2487046632124361
20251028,SA2608,1379.0,158.0,4043.0,0.043509789702683
20251028,SA2609,1384.0,2125.0,11536.0,0.0693641618497116
20251028,SA2610,1392.0,531.0,988.0,0.0
20251029,SA2511,1175.0,4834.0,15224.0,0.7148936170212776
20251029,SA2512,1245.0,78046.0,50414.0,0.0015161770678218
20251029,SA2601,1259.0,1203640.0,1355081.0,0.3526608419380448
20251029,SA2602,1296.0,115786.0,43071.0,0.0740740740740744
20251029,SA2603,1304.0,169721.0,86816.0,0.3496932515337416
20251029,SA2604,1342.0,344.0,9896.0,0.0447093889716851
20251029,SA2605,1347.0,52244.0,251188.0,0.124721603563473
20251029,SA2606,1361.0,360.0,8967.0,0.0352681851579719
20251029,SA2607,1365.0,305.0,6575.0,0.2461538461538452
20251029,SA2608,1393.0,187.0,4054.0,0.0603015075376873
20251029,SA2609,1400.0,4870.0,13797.0,0.0
20251029,SA2610,1400.0,1292.0,2062.0,0.0
20251030,SA2511,1155.0,4918.0,12771.0,0.7064935064935076
20251030,SA2512,1223.0,78152.0,44086.0,0.0013229579134013
20251030,SA2601,1235.0,1235717.0,1332613.0,0.3692307692307679
20251030,SA2602,1273.0,53285.0,41345.0,0.0565593087195592
20251030,SA2603,1279.0,140002.0,87157.0,0.3659108678655212
20251030,SA2604,1318.0,625.0,9856.0,0.054628224582701
20251030,SA2605,1324.0,69976.0,249607.0,0.1359516616314211
20251030,SA2606,1339.0,659.0,8913.0,0.0537714712472006
20251030,SA2607,1345.0,654.0,6594.0,0.2765799256505588
20251030,SA2608,1376.0,359.0,4040.0,0.0523255813953476
20251030,SA2609,1382.0,4890.0,14177.0,0.0347322720694656
20251030,SA2610,1386.0,473.0,2236.0,0.0
20251031,SA2511,1136.0,7843.0,8851.0,0.8239436619718319
20251031,SA2512,1214.0,58788.0,40449.0,0.001221701867723
20251031,SA2601,1225.0,824655.0,1321166.0,0.3918367346938769
20251031,SA2602,1265.0,63276.0,37138.0,0.0569169960474305
20251031,SA2603,1271.0,130827.0,80973.0,0.3682140047206932
20251031,SA2604,1310.0,374.0,9917.0,0.0549618320610685
20251031,SA2605,1316.0,60442.0,244582.0,0.1732522796352578
20251031,SA2606,1335.0,388.0,8940.0,0.0449438202247192
20251031,SA2607,1340.0,470.0,6735.0,0.3492537313432828
20251031,SA2608,1379.0,302.0,4138.0,0.0348078317621469
20251031,SA2609,1383.0,4058.0,15424.0,0.0867678958785251
20251031,SA2610,1393.0,222.0,2259.0,0.0
20251103,SA2511,1115.0,1131.0,8271.0,0.8179372197309425
20251103,SA2512,1191.0,22155.0,38906.0,0.0012452947669317
20251103,SA2601,1202.0,1599801.0,1448010.0,0.3594009983361061
20251103,SA2602,1238.0,41611.0,40209.0,0.0581583198707589
20251103,SA2603,1244.0,136410.0,84613.0,0.37620578778135
20251103,SA2604,1283.0,17001.0,19571.0,0.0654715510522212
20251103,SA2605,1290.0,130538.0,263344.0,0.195348837209301
20251103,SA2606,1311.0,1188.0,8906.0,0.0366132723112127
20251103,SA2607,1315.0,1082.0,6988.0,0.3923954372623583
20251103,SA2608,1358.0,869.0,4569.0,0.0353460972017671
20251103,SA2609,1362.0,5930.0,15930.0,0.0969162995594707
20251103,SA2610,1373.0,407.0,2275.0,0.0
20251104,SA2511,1110.0,1381.0,7917.0,0.756756756756757
20251104,SA2512,1180.0,9902.0,37497.0,0.0010283755475147
20251104,SA2601,1189.0,849051.0,1488028.0,0.3835155592935226
20251104,SA2602,1227.0,24606.0,39903.0,0.0586797066014659
20251104,SA2603,1233.0,62226.0,88159.0,0.3990267639902667
20251104,SA2604,1274.0,11228.0,23153.0,0.0565149136577698
20251104,SA2605,1280.0,62071.0,270145.0,0.1875
20251104,SA2606,1300.0,446.0,8897.0,0.0646153846153838
20251104,SA2607,1307.0,507.0,6983.0,0.3672532517214986
20251104,SA2608,1347.0,237.0,4698.0,0.0623608017817378
20251104,SA2609,1354.0,4190.0,17239.0,0.1063515509601176
20251104,SA2610,1366.0,648.0,2551.0,0.0
20251105,SA2511,1114.0,702.0,7594.0,0.7324955116696579
20251105,SA2512,1182.0,10169.0,35467.0,0.0014829179261963
20251105,SA2601,1195.0,837701.0,1451031.0,0.361506276150628
20251105,SA2602,1231.0,20813.0,40072.0,0.0389926888708362
20251105,SA2603,1235.0,81367.0,88610.0,0.388663967611337
20251105,SA2604,1275.0,30113.0,27584.0,0.0658823529411751
20251105,SA2605,1282.0,57547.0,273869.0,0.2059282371294859
20251105,SA2606,1304.0,416.0,8964.0,0.03680981595092
20251105,SA2607,1308.0,144.0,6992.0,0.376146788990825
20251105,SA2608,1349.0,98.0,4647.0,0.0533728687916967
20251105,SA2609,1355.0,2505.0,17369.0,0.0974169741697403
20251105,SA2610,1366.0,497.0,2858.0,0.0
20251106,SA2511,1125.0,675.0,7774.0,0.7573333333333334
20251106,SA2512,1196.0,7472.0,34020.0,0.0012400886851302
20251106,SA2601,1207.0,730970.0,1419560.0,0.3579121789560888
20251106,SA2602,1243.0,55204.0,38567.0,0.0482703137570394
20251106,SA2603,1248.0,118456.0,90013.0,0.3846153846153859
20251106,SA2604,1288.0,32470.0,28997.0,0.0465838509316762
20251106,SA2605,1293.0,62604.0,268780.0,0.1948955916473309
20251106,SA2606,1314.0,324.0,8896.0,0.0547945205479445
20251106,SA2607,1320.0,264.0,6966.0,0.3545454545454545
20251106,SA2608,1359.0,125.0,4581.0,0.044150110375277
20251106,SA2609,1364.0,2202.0,17263.0,0.1143695014662755
20251106,SA2610,1377.0,355.0,2996.0,0.0
20251107,SA2511,1126.0,1304.0,6664.0,0.7460035523978696
20251107,SA2512,1196.0,8232.0,33802.0,0.0015782946901657
20251107,SA2601,1210.0,603881.0,1369998.0,0.3471074380165291
20251107,SA2602,1245.0,85500.0,38784.0,0.0481927710843379
20251107,SA2603,1250.0,131922.0,92596.0,0.3743999999999987
20251107,SA2604,1289.0,23267.0,28970.0,0.0465477114041883
20251107,SA2605,1294.0,39934.0,269501.0,0.2040185471406488
20251107,SA2606,1316.0,203.0,8891.0,0.0455927051671745
20251107,SA2607,1321.0,185.0,6971.0,0.3361090083270239
20251107,SA2608,1358.0,138.0,4521.0,0.0441826215022089
20251107,SA2609,1363.0,1104.0,17204.0,0.0880410858400591
20251107,SA2610,1373.0,106.0,3019.0,0.0
20251110,SA2511,1147.0,1623.0,5872.0,0.6800348735832609
20251110,SA2512,1212.0,22836.0,33705.0,0.0015574591166981
20251110,SA2601,1226.0,1542782.0,1340230.0,0.3034257748776507
20251110,SA2602,1257.0,107887.0,39970.0,0.0763723150357984
20251110,SA2603,1265.0,222295.0,91098.0,0.3035573122529653
20251110,SA2604,1297.0,38781.0,28342.0,0.0277563608326918
20251110,SA2605,1300.0,137747.0,284781.0,0.2030769230769218
20251110,SA2606,1322.0,607.0,8850.0,0.0363086232980336
20251110,SA2607,1326.0,577.0,6910.0,0.2805429864253383
20251110,SA2608,1357.0,226.0,4499.0,0.0619012527634481
20251110,SA2609,1364.0,5042.0,17244.0,0.096774193548387
20251110,SA2610,1375.0,539.0,3129.0,0.0
20251111,SA2511,1136.0,577.0,5471.0,0.7077464788732382
20251111,SA2512,1203.0,14780.0,33402.0,0.0013449522261761
20251111,SA2601,1215.0,1296893.0,1308266.0,0.3160493827160495
20251111,SA2602,1247.0,88130.0,38967.0,0.057738572574177
20251111,SA2603,1253.0,165942.0,90424.0,0.306464485235435
20251111,SA2604,1285.0,40103.0,28902.0,0.0653696498054472
20251111,SA2605,1292.0,99008.0,291725.0,0.1764705882352935
20251111,SA2606,1311.0,228.0,8796.0,0.054919908466819
20251111,SA2607,1317.0,339.0,6926.0,0.2915717539863331
20251111,SA2608,1349.0,184.0,4475.0,0.0622683469236484
20251111,SA2609,1356.0,4211.0,17421.0,0.0796460176991145
20251111,SA2610,1365.0,261.0,3079.0,0.0
20251112,SA2511,1141.0,218.0,5342.0,0.6310254163014912
20251112,SA2512,1201.0,38177.0,35273.0,0.0014594579423514
20251112,SA2601,1214.0,689506.0,1316241.0,0.296540362438221
20251112,SA2602,1244.0,23875.0,40701.0,0.067524115755627
20251112,SA2603,1251.0,87749.0,93510.0,0.2781774580335732
20251112,SA2604,1280.0,27266.0,28821.0,0.0656249999999989
20251112,SA2605,1287.0,67039.0,300338.0,0.1678321678321674
20251112,SA2606,1305.0,362.0,8706.0,0.0643678160919529
20251112,SA2607,1312.0,365.0,6986.0,0.3384146341463427
20251112,SA2608,1349.0,151.0,4521.0,0.0444773906597477
20251112,SA2609,1354.0,4674.0,18439.0,0.088626292466766
20251112,SA2610,1364.0,182.0,3113.0,0.0
20251113,SA2511,1165.0,1464.0,5026.0,0.6283261802575106
20251113,SA2512,1226.0,13630.0,29514.0,0.001429697380721
20251113,SA2601,1239.0,1293946.0,1326711.0,0.2711864406779662
20251113,SA2602,1267.0,94151.0,40608.0,0.0662983425414376
20251113,SA2603,1274.0,209603.0,92206.0,0.226059654631082
20251113,SA2604,1298.0,64919.0,27911.0,0.0647149460708771
20251113,SA2605,1305.0,141974.0,315487.0,0.1379310344827597
20251113,SA2606,1320.0,954.0,8626.0,0.0999999999999996
20251113,SA2607,1331.0,1471.0,7451.0,0.34259954921112
20251113,SA2608,1369.0,672.0,4825.0,0.0525931336742155
20251113,SA2609,1375.0,7949.0,21177.0,0.0698181818181806
20251113,SA2610,1383.0,406.0,3258.0,0.0
20251114,SA2511,1137.0,433.0,0.0,0.8021108179419532
20251114,SA2512,1213.0,3752.0,27597.0,0.0014450197763924
20251114,SA2601,1226.0,888511.0,1286117.0,0.2838499184339325
20251114,SA2602,1255.0,137996.0,42222.0,0.0764940239043818
20251114,SA2603,1263.0,257988.0,91308.0,0.2945368171021378
20251114,SA2604,1294.0,31104.0,29487.0,0.0649149922720253
20251114,SA2605,1301.0,60942.0,314199.0,0.1383551114527295
20251114,SA2606,1316.0,222.0,8662.0,0.0638297872340416
20251114,SA2607,1323.0,259.0,7497.0,0.3537414965986389
20251114,SA2608,1362.0,85.0,4831.0,0.0616740088105718
20251114,SA2609,1369.0,3315.0,21237.0,0.0701241782322865
20251114,SA2610,1377.0,193.0,3265.0,0.0
20251117,SA2512,1218.0,3838.0,26215.0,0.0014390878397077453
20251117,SA2601,1231.0,1180957.0,1266828.0,0.30219333874898524
20251117,SA2602,1262.0,118794.0,42688.0,0.06656101426307526
20251117,SA2603,1269.0,232635.0,93638.0,0.28368794326241176
20251117,SA2604,1299.0,52546.0,29760.0,0.04618937644341781
20251117,SA2605,1304.0,108399.0,326576.0,0.17484662576687082
20251117,SA2606,1323.0,327.0,8675.0,0.06349206349206415
20251117,SA2607,1330.0,606.0,7567.0,0.33383458646616493
20251117,SA2608,1367.0,199.0,4875.0,0.06144842721287436
20251117,SA2609,1374.0,5284.0,21812.0,0.06986899563318705
20251117,SA2610,1382.0,446.0,3258.0,0.0
20251117,SA2611,1382.0,119.0,83.0,0.0
20251118,SA2512,1202.0,2646.0,24562.0,0.001346071154816877
20251118,SA2601,1214.0,921014.0,1263266.0,0.2668863261943981
20251118,SA2602,1241.0,247764.0,41891.0,0.07735697018533472
20251118,SA2603,1249.0,389660.0,94280.0,0.3074459567654113
20251118,SA2604,1281.0,128201.0,30102.0,0.0562060889929743
20251118,SA2605,1287.0,92345.0,338878.0,0.18648018648018727
20251118,SA2606,1307.0,394.0,8676.0,0.05508798775822399
20251118,SA2607,1313.0,703.0,7423.0,0.3290175171363279
20251118,SA2608,1349.0,244.0,4825.0,0.026686434395849723
20251118,SA2609,1352.0,7135.0,23179.0,0.08875739644970526
20251118,SA2610,1362.0,380.0,3172.0,0.0704845814977979
20251118,SA2611,1370.0,77.0,107.0,0.0
20251119,SA2512,1168.0,3421.0,22994.0,0.0016161305217792968
20251119,SA2601,1182.0,1379424.0,1345724.0,0.3045685279187813
20251119,SA2602,1212.0,303798.0,41023.0,0.04950495049505044
20251119,SA2603,1217.0,411239.0,95350.0,0.32539030402629354
20251119,SA2604,1250.0,133484.0,30982.0,0.06720000000000059
20251119,SA2605,1257.0,164309.0,352204.0,0.2004773269689739
20251119,SA2606,1278.0,631.0,8656.0,0.06572769953051605
20251119,SA2607,1285.0,626.0,7418.0,0.34552529182879255
20251119,SA2608,1322.0,194.0,4793.0,0.027231467473525228
20251119,SA2609,1325.0,5700.0,23602.0,0.11773584905660428
20251119,SA2610,1338.0,591.0,2994.0,0.0269058295964113
20251119,SA2611,1341.0,148.0,122.0,0.0
20251120,SA2512,1145.0,3729.0,21645.0,0.0015308375447720922
20251120,SA2601,1158.0,1245455.0,1330158.0,0.3316062176165797
20251120,SA2602,1190.0,383583.0,38600.0,0.060504201680672054
20251120,SA2603,1196.0,561299.0,96869.0,0.32107023411371216
20251120,SA2604,1228.0,140120.0,26837.0,0.039087947882736174
20251120,SA2605,1232.0,201892.0,379680.0,0.18506493506493538
20251120,SA2606,1251.0,1070.0,8590.0,0.06714628297362157
20251120,SA2607,1258.0,621.0,7371.0,0.352941176470587
20251120,SA2608,1295.0,289.0,4667.0,0.027799227799228277
20251120,SA2609,1298.0,7470.0,24774.0,0.12942989214175693
20251120,SA2610,1312.0,593.0,2977.0,0.06402439024390283
20251120,SA2611,1319.0,357.0,198.0,0.0
20251121,SA2512,1157.0,1763.0,22198.0,0.001514960232293906
20251121,SA2601,1170.0,1002921.0,1310985.0,0.27692307692307594
20251121,SA2602,1197.0,479221.0,39195.0,0.07017543859649056
20251121,SA2603,1204.0,642031.0,99754.0,0.2691029900332227
20251121,SA2604,1231.0,121640.0,25079.0,0.03899268887083629
20251121,SA2605,1235.0,165901.0,392876.0,0.1651821862348175
20251121,SA2606,1252.0,775.0,8579.0,0.07667731629393071
20251121,SA2607,1260.0,549.0,7420.0,0.3619047619047606
20251121,SA2608,1298.0,68.0,4673.0,0.046224961479199855
20251121,SA2609,1303.0,3740.0,24980.0,0.11051419800460582
20251121,SA2610,1315.0,246.0,2964.0,0.05475285171102762
20251121,SA2611,1321.0,121.0,204.0,0.0
20251124,SA2512,1171.0,2641.0,20699.0,0.0013817058309904982
20251124,SA2601,1183.0,1088626.0,1252706.0,0.294167371090448
20251124,SA2602,1212.0,277657.0,40766.0,0.03960396039603875
20251124,SA2603,1216.0,401372.0,102908.0,0.27631578947368407
20251124,SA2604,1244.0,52513.0,26315.0,0.048231511254018145
20251124,SA2605,1249.0,210446.0,396194.0,0.17293835068054353
20251124,SA2606,1267.0,375.0,8594.0,0.06629834254143763
20251124,SA2607,1274.0,519.0,7522.0,0.3202511773940353
20251124,SA2608,1308.0,96.0,4673.0,0.08256880733944971
20251124,SA2609,1317.0,5796.0,25871.0,0.06378132118451063
20251124,SA2610,1324.0,145.0,2969.0,0.05438066465256686
20251124,SA2611,1330.0,76.0,222.0,0.0
20251125,SA2512,1159.0,1954.0,19475.0,0.0016286802842434942
20251125,SA2601,1173.0,738803.0,1250396.0,0.2659846547314588
20251125,SA2602,1199.0,115470.0,41176.0,0.07005838198498804
20251125,SA2603,1206.0,182123.0,106953.0,0.29850746268656714
20251125,SA2604,1236.0,19069.0,26881.0,0.058252427184465994
20251125,SA2605,1242.0,111216.0,411549.0,0.18357487922705396
20251125,SA2606,1261.0,326.0,8674.0,0.04758128469468659
20251125,SA2607,1266.0,272.0,7604.0,0.35071090047393483
20251125,SA2608,1303.0,85.0,4676.0,0.07367613200306966
20251125,SA2609,1311.0,4361.0,25757.0,0.0823798627002299
20251125,SA2610,1320.0,112.0,2963.0,0.02727272727272645
20251125,SA2611,1323.0,67.0,247.0,0.0
20251126,SA2512,1162.0,1748.0,18776.0,0.0015084414705370582
20251126,SA2601,1175.0,716460.0,1222993.0,0.28595744680851
20251126,SA2602,1203.0,231236.0,41420.0,0.05985037406483684
20251126,SA2603,1209.0,321896.0,104625.0,0.2779156327543424
20251126,SA2604,1237.0,88422.0,25403.0,0.03880355699272542
20251126,SA2605,1241.0,143689.0,441378.0,0.1933924254633368
20251126,SA2606,1261.0,332.0,8605.0,0.057097541633623905
20251126,SA2607,1267.0,152.0,7612.0,0.3314917127071828
20251126,SA2608,1302.0,90.0,4691.0,0.06451612903225801
20251126,SA2609,1309.0,4436.0,26741.0,0.10084033613445342
20251126,SA2610,1320.0,91.0,2974.0,0.05454545454545556
20251126,SA2611,1326.0,43.0,255.0,0.0
20251127,SA2512,1163.0,5703.0,16226.0,0.0015071444443370881
20251127,SA2601,1176.0,671954.0,1201084.0,0.27551020408163396
20251127,SA2602,1203.0,303708.0,42859.0,0.03990024937655967
20251127,SA2603,1207.0,380703.0,104726.0,0.2286661143330564
20251127,SA2604,1230.0,36690.0,26021.0,0.039024390243901586
20251127,SA2605,1234.0,160788.0,478689.0,0.20421393841167035
20251127,SA2606,1255.0,765.0,8729.0,0.047808764940239
20251127,SA2607,1260.0,393.0,7675.0,0.34285714285714164
20251127,SA2608,1296.0,108.0,4712.0,0.0740740740740744
20251127,SA2609,1304.0,5316.0,27643.0,0.08282208588956941
20251127,SA2610,1313.0,117.0,2993.0,0.06397562833206383
20251127,SA2611,1320.0,64.0,263.0,0.0
20251128,SA2512,1161.0,7027.0,12195.0,0.0018581424382312674
20251128,SA2601,1177.0,870090.0,1181181.0,0.2548853016142747
20251128,SA2602,1202.0,132345.0,41816.0,0.03993344425956735
20251128,SA2603,1206.0,193561.0,104819.0,0.2487562189054735
20251128,SA2604,1231.0,27643.0,26745.0,0.03899268887083629
20251128,SA2605,1235.0,186886.0,506124.0,0.17489878542510073
20251128,SA2606,1253.0,867.0,8945.0,0.06703910614525199
20251128,SA2607,1260.0,614.0,7989.0,0.33333333333333215
20251128,SA2608,1295.0,112.0,4780.0,0.07413127413127452
20251128,SA2609,1303.0,3989.0,27868.0,0.11051419800460582
20251128,SA2610,1315.0,111.0,2999.0,0.009125475285170381
20251128,SA2611,1316.0,84.0,274.0,0.0
20251201,SA2512,1158.0,1077.0,11247.0,0.002095825813587945
20251201,SA2601,1176.0,990508.0,1156882.0,0.27551020408163396
20251201,SA2602,1203.0,195897.0,44409.0,0.06982543640897809
20251201,SA2603,1210.0,286673.0,106492.0,0.27768595041322275
20251201,SA2604,1238.0,48104.0,28409.0,0.048465266558965325
20251201,SA2605,1243.0,258406.0,534604.0,0.1351568785197106
20251201,SA2606,1257.0,789.0,8830.0,0.05727923627685083
20251201,SA2607,1263.0,442.0,7926.0,0.3230403800475061
20251201,SA2608,1297.0,242.0,4762.0,0.06476484194294585
20251201,SA2609,1304.0,7152.0,28578.0,0.1104294478527601
20251201,SA2610,1316.0,328.0,2959.0,0.009118541033434902
20251201,SA2611,1317.0,179.0,317.0,0.0
20251202,SA2512,1167.0,669.0,10607.0,0.001848589006672259
20251202,SA2601,1183.0,814743.0,1108996.0,0.2535925612848695
20251202,SA2602,1208.0,142377.0,45147.0,0.04966887417218668
20251202,SA2603,1213.0,248596.0,109411.0,0.26710634789777465
20251202,SA2604,1240.0,51404.0,31706.0,0.03870967741935427
20251202,SA2605,1244.0,203846.0,563102.0,0.135048231511254
20251202,SA2606,1258.0,547.0,8803.0,0.07631160572337059
20251202,SA2607,1266.0,199.0,7890.0,0.3222748815165879
20251202,SA2608,1300.0,198.0,4728.0,0.06461538461538385
20251202,SA2609,1307.0,4782.0,29535.0,0.07345065034429865
20251202,SA2610,1315.0,272.0,3034.0,0.03650190114068419
20251202,SA2611,1319.0,208.0,440.0,0.0
20251203,SA2512,1150.0,856.0,10110.0,0.0017586712261846503
20251203,SA2601,1165.0,711103.0,1103091.0,0.33991416309012923
20251203,SA2602,1198.0,69931.0,43713.0,0.06010016694490794
20251203,SA2603,1204.0,128090.0,107794.0,0.2591362126245844
20251203,SA2604,1230.0,29799.0,32066.0,0.029268292682926855
20251203,SA2605,1233.0,214067.0,580106.0,0.15571776155717654
20251203,SA2606,1249.0,583.0,8851.0,0.03843074459567575
20251203,SA2607,1253.0,353.0,7754.0,0.32561851556264987
20251203,SA2608,1287.0,247.0,4707.0,0.07459207459207384
20251203,SA2609,1295.0,4320.0,29800.0,0.10193050193050279
20251203,SA2610,1306.0,151.0,3017.0,0.07350689127105703
20251203,SA2611,1314.0,95.0,477.0,0.0
20251204,SA2512,1147.0,350.0,10059.0,0.0017632710637422425
20251204,SA2601,1162.0,668880.0,1066657.0,0.299483648881238
20251204,SA2602,1191.0,70668.0,45340.0,0.09068010075566768
20251204,SA2603,1200.0,147803.0,108196.0,0.28000000000000114
20251204,SA2604,1228.0,83469.0,33641.0,0.039087947882736174
20251204,SA2605,1232.0,199186.0,583879.0,0.15584415584415456
20251204,SA2606,1248.0,331.0,8867.0,0.04807692307692424
20251204,SA2607,1253.0,271.0,7718.0,0.3447725458898647
20251204,SA2608,1289.0,142.0,4668.0,0.04654771140418834
20251204,SA2609,1294.0,5302.0,30084.0,0.08346213292117355
20251204,SA2610,1303.0,303.0,3065.0,0.03683806600153616
20251204,SA2611,1307.0,149.0,555.0,0.0
20251205,SA2512,1132.0,1244.0,9700.0,0.0005955453209989322
20251205,SA2601,1137.0,759894.0,1061029.0,0.32717678100263914
20251205,SA2602,1168.0,93776.0,46631.0,0.06164383561643927
20251205,SA2603,1174.0,189350.0,116944.0,0.3577512776831355
20251205,SA2604,1209.0,119463.0,33748.0,0.03970223325062072
20251205,SA2605,1213.0,246820.0,601606.0,0.21764220939818735
20251205,SA2606,1235.0,2160.0,9301.0,0.06801619433198258
20251205,SA2607,1242.0,2491.0,8314.0,0.2898550724637694
20251205,SA2608,1272.0,785.0,4345.0,0.028301886792451825
20251205,SA2609,1275.0,7534.0,31292.0,0.1411764705882348
20251205,SA2610,1290.0,312.0,3093.0,0.05581395348837326
20251205,SA2611,1296.0,251.0,673.0,0.0
20251208,SA2512,1128.0,1399.0,8625.0,0.0005976571838393412
20251208,SA2601,1133.0,767837.0,998898.0,0.26478375992939185
20251208,SA2602,1158.0,151128.0,48300.0,0.06217616580310903
20251208,SA2603,1164.0,218178.0,123855.0,0.31958762886597825
20251208,SA2604,1195.0,56839.0,35493.0,0.04016736401673704
20251208,SA2605,1199.0,304954.0,646859.0,0.25020850708924147
20251208,SA2606,1224.0,1332.0,9311.0,0.02941176470588225
20251208,SA2607,1227.0,2288.0,8840.0,0.24449877750611293
20251208,SA2608,1252.0,686.0,4228.0,0.01916932907348201
20251208,SA2609,1254.0,14952.0,37644.0,0.13397129186602985
20251208,SA2610,1268.0,296.0,3094.0,0.04731861198738141
20251208,SA2611,1273.0,515.0,845.0,0.0
20251209,SA2512,1122.0,1678.0,7335.0,0.00036051192693625095
20251209,SA2601,1125.0,533604.0,953044.0,0.2239999999999993
20251209,SA2602,1146.0,76415.0,47591.0,0.03141361256544606
20251209,SA2603,1149.0,139242.0,129161.0,0.3446475195822458
20251209,SA2604,1182.0,53800.0,34356.0,0.0406091370558368
20251209,SA2605,1186.0,287474.0,688418.0,0.28330522765598687
20251209,SA2606,1214.0,1874.0,9940.0,0.03953871499176209
20251209,SA2607,1218.0,2350.0,9945.0,0.21674876847290747
20251209,SA2608,1240.0,986.0,4185.0,0.009677419354837902
20251209,SA2609,1241.0,7249.0,39669.0,0.15471394037066943
20251209,SA2610,1257.0,243.0,3051.0,0.04773269689737436
20251209,SA2611,1262.0,395.0,857.0,0.0
20251210,SA2512,1100.0,1488.0,5529.0,-0.0007354443309499537
20251210,SA2601,1094.0,867236.0,873614.0,0.2522851919561244
20251210,SA2602,1117.0,100286.0,45430.0,-0.010743061772604534
20251210,SA2603,1116.0,187004.0,137579.0,0.39784946236559016
20251210,SA2604,1153.0,70066.0,36688.0,0.052038161318299636
20251210,SA2605,1158.0,554650.0,768950.0,0.2590673575129534
20251210,SA2606,1183.0,1919.0,9765.0,0.06086221470836772
20251210,SA2607,1189.0,2137.0,9942.0,0.23212783851976582
20251210,SA2608,1212.0,670.0,4115.0,0.05940594059405946
20251210,SA2609,1218.0,13760.0,44057.0,0.13793103448275978
20251210,SA2610,1232.0,766.0,3223.0,0.03896103896103931
20251210,SA2611,1236.0,999.0,1405.0,0.0
20251211,SA2512,1101.0,409.0,3249.0,0.0002449254508159115
20251211,SA2601,1103.0,764179.0,770906.0,0.21758839528558394
20251211,SA2602,1123.0,54176.0,44485.0,-0.02137132680320608
20251211,SA2603,1121.0,113198.0,134058.0,0.31043710972345995
20251211,SA2604,1150.0,43131.0,37439.0,0.03130434782608571
20251211,SA2605,1153.0,491005.0,794776.0,0.27059843885516077
20251211,SA2606,1179.0,535.0,9824.0,0.04071246819338459
20251211,SA2607,1183.0,2514.0,9896.0,0.24344885883347356
20251211,SA2608,1207.0,269.0,4087.0,0.0497100248550133
20251211,SA2609,1212.0,12580.0,46672.0,0.17821782178217838
20251211,SA2610,1230.0,206.0,3224.0,0.039024390243901586
20251211,SA2611,1234.0,393.0,1471.0,0.0
20251212,SA2512,1095.0,535.0,0.0,-0.0002462675080806466
20251212,SA2601,1093.0,750881.0,652615.0,0.1537053979871903
20251212,SA2602,1107.0,37844.0,45707.0,-0.04336043360433539
20251212,SA2603,1103.0,97599.0,138968.0,0.23934723481414366
20251212,SA2604,1125.0,40698.0,36660.0,0.010666666666667268
20251212,SA2605,1126.0,660651.0,890382.0,0.28774422735346317
20251212,SA2606,1153.0,771.0,9904.0,0.04163052905463971
20251212,SA2607,1157.0,1729.0,10097.0,0.2592912705272248
20251212,SA2608,1182.0,344.0,4090.0,0.0203045685279184
20251212,SA2609,1184.0,21031.0,49406.0,0.18243243243243157
20251212,SA2610,1202.0,247.0,3282.0,0.03993344425956735
20251212,SA2611,1206.0,668.0,1434.0,0.0
20251215,SA2601,1123.0,704374.0,487273.0,0.09617097061442603
20251215,SA2602,1132.0,54285.0,45642.0,-0.03180212014134298
20251215,SA2603,1129.0,120722.0,139922.0,0.28697962798937127
20251215,SA2604,1156.0,39974.0,34052.0,0.0
20251215,SA2605,1156.0,936522.0,915836.0,0.2179930795847751
20251215,SA2606,1177.0,1205.0,10012.0,0.040781648258282566
20251215,SA2607,1181.0,2260.0,10147.0,0.25402201524132195
20251215,SA2608,1206.0,1032.0,4381.0,0.019900497512439053
20251215,SA2609,1208.0,21005.0,53673.0,0.1986754966887414
20251215,SA2610,1228.0,886.0,3866.0,0.039087947882736174
20251215,SA2611,1232.0,1224.0,2252.0,0.10714285714285676
20251215,SA2612,1243.0,161.0,94.0,0.0
20251216,SA2601,1133.0,301079.0,399304.0,0.10591350397175514
20251216,SA2602,1143.0,51504.0,43870.0,0.031496062992126816
20251216,SA2603,1146.0,95918.0,135566.0,0.24083769633507757
20251216,SA2604,1169.0,39880.0,32993.0,0.010265183917879561
20251216,SA2605,1170.0,1021603.0,951015.0,0.22564102564102484
20251216,SA2606,1192.0,559.0,10106.0,0.040268456375839534
20251216,SA2607,1196.0,1099.0,10168.0,0.22073578595317844
20251216,SA2608,1218.0,639.0,4435.0,0.02955665024630605
20251216,SA2609,1221.0,21940.0,58881.0,0.14742014742014664
20251216,SA2610,1236.0,1555.0,4979.0,0.02912621359223433
20251216,SA2611,1239.0,615.0,2391.0,0.15496368038740815
20251216,SA2612,1255.0,117.0,157.0,0.0
20251217,SA2601,1127.0,131069.0,359430.0,0.14906832298136674
20251217,SA2602,1141.0,35562.0,43552.0,0.05258545135845871
20251217,SA2603,1146.0,61174.0,134790.0,0.23036649214659732
20251217,SA2604,1168.0,22422.0,31047.0,0.020547945205478868
20251217,SA2605,1170.0,670127.0,963543.0,0.21538461538461462
20251217,SA2606,1191.0,390.0,10194.0,0.050377833753148415
20251217,SA2607,1196.0,1135.0,10149.0,0.21070234113712427
20251217,SA2608,1217.0,384.0,4449.0,0.039441248972885035
20251217,SA2609,1221.0,10514.0,60871.0,0.1375921375921374
20251217,SA2610,1235.0,361.0,5175.0,0.04858299595141613
20251217,SA2611,1240.0,353.0,2588.0,0.14516129032258185
20251217,SA2612,1255.0,114.0,218.0,0.0
20251218,SA2601,1137.0,151324.0,305746.0,0.1583113456464389
20251218,SA2602,1152.0,38626.0,43083.0,0.06249999999999911
20251218,SA2603,1158.0,74408.0,132596.0,0.31088082901554515
20251218,SA2604,1188.0,30528.0,30945.0,0.050505050505049276
20251218,SA2605,1193.0,1117356.0,932468.0,0.2212908633696573
20251218,SA2606,1215.0,659.0,10212.0,0.06913580246913575
20251218,SA2607,1222.0,1822.0,10046.0,0.24549918166939566
20251218,SA2608,1247.0,1336.0,4605.0,0.028869286287088514
20251218,SA2609,1250.0,28409.0,63557.0,0.16320000000000068
20251218,SA2610,1267.0,648.0,5404.0,0.02841357537490108
20251218,SA2611,1270.0,760.0,2796.0,0.16062992125984277
20251218,SA2612,1287.0,148.0,261.0,0.0
20251219,SA2601,1120.0,82101.0,282887.0,0.19285714285714217
20251219,SA2602,1138.0,30875.0,42446.0,0.052724077328647034
20251219,SA2603,1143.0,57006.0,135006.0,0.2939632545931756
20251219,SA2604,1171.0,18228.0,30264.0,0.05123825789923231
20251219,SA2605,1176.0,778149.0,970991.0,0.26530612244898055
20251219,SA2606,1202.0,391.0,10267.0,0.03993344425956735
20251219,SA2607,1206.0,835.0,10123.0,0.2587064676616917
20251219,SA2608,1232.0,371.0,4522.0,0.03896103896103931
20251219,SA2609,1236.0,14749.0,64062.0,0.17475728155339798
20251219,SA2610,1254.0,185.0,5371.0,0.047846889952151805
20251219,SA2611,1259.0,266.0,2899.0,0.13343923749007036
20251219,SA2612,1273.0,143.0,284.0,0.0
20251222,SA2601,1109.0,79497.0,256779.0,0.19477006311992895
20251222,SA2602,1127.0,36132.0,41352.0,0.05323868677905974
20251222,SA2603,1132.0,70756.0,139056.0,0.32862190812720815
20251222,SA2604,1163.0,25955.0,30669.0,0.061908856405846535
20251222,SA2605,1169.0,768927.0,995048.0,0.2053036783575699
20251222,SA2606,1189.0,2402.0,10821.0,0.060555088309502736
20251222,SA2607,1195.0,2528.0,10129.0,0.2510460251046025
20251222,SA2608,1220.0,380.0,4511.0,0.02950819672131111
20251222,SA2609,1223.0,17155.0,67240.0,0.17661488143908421
20251222,SA2610,1241.0,169.0,5372.0,0.03867848509266736
20251222,SA2611,1245.0,186.0,2968.0,0.17349397590361448
20251222,SA2612,1263.0,114.0,319.0,0.0
20251223,SA2601,1117.0,70240.0,235420.0,0.20411817367949947
20251223,SA2602,1136.0,20656.0,39550.0,0.04225352112676184
20251223,SA2603,1140.0,43398.0,138303.0,0.3157894736842115
20251223,SA2604,1170.0,16887.0,29642.0,0.0512820512820511
20251223,SA2605,1175.0,751421.0,1001979.0,0.20425531914893647
20251223,SA2606,1195.0,999.0,10938.0,0.06025104602510556
20251223,SA2607,1201.0,1457.0,10099.0,0.2697751873438792
20251223,SA2608,1228.0,352.0,4489.0,0.039087947882736174
20251223,SA2609,1232.0,19314.0,69518.0,0.16558441558441572
20251223,SA2610,1249.0,176.0,5414.0,0.03843074459567575
20251223,SA2611,1253.0,225.0,2987.0,0.17238627294493103
20251223,SA2612,1271.0,137.0,348.0,0.0
20251224,SA2601,1117.0,81116.0,203499.0,0.2578334825425248
20251224,SA2602,1141.0,30761.0,34436.0,0.08413672217353074
20251224,SA2603,1149.0,58957.0,132308.0,0.3237597911227166
20251224,SA2604,1180.0,26834.0,28893.0,0.040677966101694274
20251224,SA2605,1184.0,836240.0,999988.0,0.2331081081081079
20251224,SA2606,1207.0,549.0,10942.0,0.06959403479701809
20251224,SA2607,1214.0,664.0,10195.0,0.22734761120263602
20251224,SA2608,1237.0,369.0,4532.0,0.03880355699272542
20251224,SA2609,1241.0,15486.0,72351.0,0.1740531829170031
20251224,SA2610,1259.0,192.0,5446.0,0.028594122319301363
20251224,SA2611,1262.0,280.0,2972.0,0.19017432646592702
20251224,SA2612,1282.0,178.0,346.0,0.0
20251225,SA2601,1115.0,55810.0,182442.0,0.2905829596412559
20251225,SA2602,1142.0,34908.0,32833.0,0.07355516637478221
20251225,SA2603,1149.0,57598.0,130995.0,0.3133159268929493
20251225,SA2604,1179.0,13756.0,29547.0,0.0508905852417314
20251225,SA2605,1184.0,713289.0,995846.0,0.25337837837837895
20251225,SA2606,1209.0,533.0,10838.0,0.04962779156327457
20251225,SA2607,1214.0,1022.0,10274.0,0.21746293245469417
20251225,SA2608,1236.0,229.0,4538.0,0.03883495145631155
20251225,SA2609,1240.0,11995.0,73605.0,0.18387096774193612
20251225,SA2610,1259.0,100.0,5468.0,0.04765687053216894
20251225,SA2611,1264.0,275.0,3085.0,0.18987341772152
20251225,SA2612,1284.0,212.0,416.0,0.0
20251226,SA2601,1121.0,79097.0,146534.0,0.35325602140945644
20251226,SA2602,1154.0,57140.0,29133.0,0.09358752166377737
20251226,SA2603,1163.0,103988.0,129133.0,0.33018056749785085
20251226,SA2604,1195.0,19787.0,30850.0,0.05020920502091997
20251226,SA2605,1200.0,1180173.0,1009627.0,0.2499999999999991
20251226,SA2606,1225.0,1159.0,11006.0,0.04897959183673528
20251226,SA2607,1230.0,1435.0,10274.0,0.24390243902438957
20251226,SA2608,1255.0,540.0,4579.0,0.028685258964142868
20251226,SA2609,1258.0,18651.0,75299.0,0.1717011128775825
20251226,SA2610,1276.0,254.0,5484.0,0.056426332288402214
20251226,SA2611,1282.0,570.0,3050.0,0.14976599063962492
20251226,SA2612,1298.0,384.0,461.0,0.0
20251229,SA2601,1107.0,49438.0,122838.0,0.37940379403793933
20251229,SA2602,1142.0,22522.0,26992.0,0.04203152364273155
20251229,SA2603,1146.0,77171.0,129092.0,0.3141361256544499
20251229,SA2604,1176.0,27417.0,30165.0,0.051020408163264364
20251229,SA2605,1181.0,947224.0,1043967.0,0.25402201524132195
20251229,SA2606,1206.0,612.0,11113.0,0.07960199004975088
20251229,SA2607,1214.0,1139.0,10467.0,0.2668863261943981
20251229,SA2608,1241.0,506.0,4568.0,0.05801772763900104
20251229,SA2609,1247.0,16067.0,78446.0,0.14434643143544523
20251229,SA2610,1262.0,208.0,5525.0,0.06656101426307526
20251229,SA2611,1269.0,405.0,2994.0,0.21749408983451435
20251229,SA2612,1292.0,205.0,476.0,0.0
20251230,SA2601,1135.0,83451.0,69517.0,0.2854625550660783
20251230,SA2602,1162.0,26213.0,24776.0,0.07228915662650692
20251230,SA2603,1169.0,68585.0,128431.0,0.37981180496150646
20251230,SA2604,1206.0,15646.0,29056.0,0.06965174129353269
20251230,SA2605,1213.0,1094842.0,1005705.0,0.2572135201978556
20251230,SA2606,1239.0,1094.0,11341.0,0.04842615012106588
20251230,SA2607,1244.0,2110.0,10381.0,0.25080385852089915
20251230,SA2608,1270.0,470.0,4650.0,0.06614173228346498
20251230,SA2609,1277.0,25707.0,78195.0,0.14095536413469123
20251230,SA2610,1292.0,515.0,5515.0,0.009287925696594534
20251230,SA2611,1293.0,691.0,3017.0,0.20417633410672842
20251230,SA2612,1315.0,392.0,678.0,0.0
20251231,SA2601,1107.0,75511.0,8723.0,0.4769647696476973
20251231,SA2602,1151.0,20413.0,20579.0,0.09383145091224954
20251231,SA2603,1160.0,61668.0,124769.0,0.4241379310344833
20251231,SA2604,1201.0,19932.0,29263.0,0.07993338884263057
20251231,SA2605,1209.0,780043.0,952613.0,0.25806451612903203
20251231,SA2606,1235.0,540.0,11322.0,0.06801619433198258
20251231,SA2607,1242.0,1201.0,10261.0,0.25120772946860015
20251231,SA2608,1268.0,415.0,4695.0,0.05678233438485769
20251231,SA2609,1274.0,12338.0,78858.0,0.15070643642072312
20251231,SA2610,1290.0,150.0,5468.0,0.05581395348837326
20251231,SA2611,1296.0,203.0,3024.0,0.15740740740740744
20251231,SA2612,1313.0,210.0,734.0,0.0
20260105,SA2601,1095.0,2701.0,6572.0,0.4273972602739722
20260105,SA2602,1134.0,11368.0,18697.0,0.052910052910053906
20260105,SA2603,1139.0,45344.0,127640.0,0.37928007023704957
20260105,SA2604,1175.0,21487.0,31673.0,0.020425531914894712
20260105,SA2605,1177.0,896697.0,1053853.0,0.37723024638912506
20260105,SA2606,1214.0,11829.0,12881.0,0.04942339373970395
20260105,SA2607,1219.0,6524.0,10387.0,0.3248564397046767
20260105,SA2608,1252.0,3907.0,4244.0,-0.028753993610223016
20260105,SA2609,1249.0,30848.0,81922.0,0.3074459567654113
20260105,SA2610,1281.0,3391.0,5530.0,0.02810304449648715
20260105,SA2611,1284.0,914.0,2796.0,0.22429906542056077
20260105,SA2612,1308.0,354.0,912.0,0.0
20260106,SA2601,1111.0,708.0,5319.0,0.3780378037803791
20260106,SA2602,1146.0,6833.0,18214.0,0.05235602094240921
20260106,SA2603,1151.0,49122.0,129518.0,0.3857515204170294
20260106,SA2604,1188.0,14192.0,33375.0,0.020202020202020776
20260106,SA2605,1190.0,744640.0,1056646.0,0.37310924369747767
20260106,SA2606,1227.0,8589.0,18682.0,0.039119804400978175
20260106,SA2607,1231.0,1384.0,10428.0,0.30219333874898524
20260106,SA2608,1262.0,561.0,4257.0,-0.028526148969889586
20260106,SA2609,1259.0,19180.0,84768.0,0.2668784749801434
20260106,SA2610,1287.0,392.0,5496.0,0.046620046620045485
20260106,SA2611,1292.0,1284.0,3763.0,0.1764705882352935
20260106,SA2612,1311.0,1352.0,2005.0,0.0
20260107,SA2601,1183.0,1501.0,4904.0,0.36517328825021167
20260107,SA2602,1219.0,36862.0,24449.0,0.09844134536505411
20260107,SA2603,1229.0,162665.0,126321.0,0.351505288852727
20260107,SA2604,1265.0,54172.0,33688.0,0.0569169960474305
20260107,SA2605,1271.0,2265606.0,1041221.0,0.2360346184107014
20260107,SA2606,1296.0,20154.0,24468.0,0.0370370370370372
20260107,SA2607,1300.0,10183.0,11189.0,0.27692307692307594
20260107,SA2608,1330.0,2474.0,4069.0,-0.009022556390978043
20260107,SA2609,1329.0,78104.0,97586.0,0.14446952595936846
20260107,SA2610,1345.0,2095.0,5605.0,0.0
20260107,SA2611,1345.0,3688.0,5486.0,0.08029739776951672
20260107,SA2612,1354.0,2426.0,3597.0,0.0
20260108,SA2601,1156.0,129.0,4577.0,0.3944636678200686
20260108,SA2602,1194.0,21242.0,22998.0,0.09045226130653372
20260108,SA2603,1203.0,143232.0,129612.0,0.32917705735660796
20260108,SA2604,1236.0,44968.0,36225.0,0.02912621359223433
20260108,SA2605,1239.0,2109438.0,1172456.0,0.27118644067796627
20260108,SA2606,1267.0,16692.0,28036.0,0.02841357537490108
20260108,SA2607,1270.0,5132.0,12257.0,0.33070866141732225
20260108,SA2608,1305.0,1877.0,3962.0,0.0
20260108,SA2609,1305.0,79853.0,110970.0,0.13793103448275978
20260108,SA2610,1320.0,696.0,5740.0,-0.018181818181817633
20260108,SA2611,1318.0,2401.0,6858.0,0.08194233687405283
20260108,SA2612,1327.0,2320.0,5204.0,0.0
20260109,SA2601,1141.0,356.0,4573.0,0.4627519719544271
20260109,SA2602,1185.0,14538.0,20883.0,0.0607594936708864
20260109,SA2603,1191.0,102191.0,133565.0,0.3627204030226707
20260109,SA2604,1227.0,32310.0,37790.0,0.009779951100243878
20260109,SA2605,1228.0,1467016.0,1170289.0,0.25407166123778513
20260109,SA2606,1254.0,18028.0,31120.0,0.038277511961723576
20260109,SA2607,1258.0,1696.0,12373.0,0.34340222575516766
20260109,SA2608,1294.0,674.0,3994.0,0.00927357032457543
20260109,SA2609,1295.0,42566.0,116161.0,0.13899613899613872
20260109,SA2610,1310.0,373.0,5726.0,0.009160305343511865
20260109,SA2611,1311.0,633.0,6841.0,0.10983981693363809
20260109,SA2612,1323.0,574.0,5137.0,0.0
20260112,SA2601,1149.0,218.0,4036.0,0.5013054830287205
20260112,SA2602,1197.0,13224.0,20687.0,0.05012531328320868
20260112,SA2603,1202.0,90383.0,133661.0,0.3394342762063225
20260112,SA2604,1236.0,33282.0,37346.0,0.02912621359223433
20260112,SA2605,1239.0,1251702.0,1194511.0,0.2615012106537531
20260112,SA2606,1266.0,15332.0,35528.0,0.0
20260112,SA2607,1266.0,1012.0,12382.0,0.3222748815165879
20260112,SA2608,1300.0,550.0,3983.0,0.018461538461537863
20260112,SA2609,1302.0,35150.0,121074.0,0.12903225806451601
20260112,SA2610,1316.0,233.0,5701.0,0.0
20260112,SA2611,1316.0,485.0,6808.0,0.10942249240121615
20260112,SA2612,1328.0,550.0,5244.0,0.0
20260113,SA2601,1136.0,586.0,3778.0,0.34859154929577585
20260113,SA2602,1169.0,58188.0,24376.0,0.0821214713430285
20260113,SA2603,1177.0,72485.0,134701.0,0.3364485981308398
20260113,SA2604,1210.0,39817.0,38679.0,0.019834710743801054
20260113,SA2605,1212.0,1041362.0,1206897.0,0.25742574257425854
20260113,SA2606,1238.0,20135.0,38160.0,0.048465266558965325
20260113,SA2607,1243.0,1227.0,12476.0,0.2992759452936449
20260113,SA2608,1274.0,851.0,3686.0,-0.009419152276294529
20260113,SA2609,1273.0,34101.0,125267.0,0.17910447761194082
20260113,SA2610,1292.0,348.0,5668.0,-0.009287925696594534
20260113,SA2611,1291.0,958.0,6595.0,0.13942680092951232
20260113,SA2612,1306.0,342.0,5177.0,0.0
20260114,SA2601,1136.0,76.0,3031.0,0.4647887323943669
20260114,SA2602,1180.0,14197.0,16954.0,0.05084745762711851
20260114,SA2603,1185.0,87508.0,137047.0,0.36455696202531573
20260114,SA2604,1221.0,39973.0,39186.0,0.009828009828009243
20260114,SA2605,1222.0,1052616.0,1191477.0,0.25531914893616925
20260114,SA2606,1248.0,18587.0,38981.0,0.019230769230769162
20260114,SA2607,1250.0,4339.0,14442.0,0.31679999999999975
20260114,SA2608,1283.0,877.0,3731.0,0.009353078721745511
20260114,SA2609,1284.0,36456.0,125836.0,0.1682242990654199
20260114,SA2610,1302.0,227.0,5654.0,-0.01843317972350267
20260114,SA2611,1300.0,540.0,6635.0,0.1200000000000001
20260114,SA2612,1313.0,441.0,5242.0,0.0
20260115,SA2601,1116.0,604.0,2638.0,0.37634408602150593
20260115,SA2602,1151.0,5632.0,15075.0,0.09383145091224954
20260115,SA2603,1160.0,101230.0,138031.0,0.33103448275862135
20260115,SA2604,1192.0,46432.0,39591.0,0.010067114093958551
20260115,SA2605,1193.0,1262208.0,1222455.0,0.25146689019279034
20260115,SA2606,1218.0,22758.0,37984.0,0.019704433497538254
20260115,SA2607,1220.0,1961.0,14670.0,0.34426229508196826
20260115,SA2608,1255.0,606.0,3891.0,0.009561752988046734
20260115,SA2609,1256.0,38457.0,130014.0,0.1815286624203818
20260115,SA2610,1275.0,223.0,5625.0,-0.03764705882352981
20260115,SA2611,1271.0,587.0,6403.0,0.19826907946498906
20260115,SA2612,1292.0,626.0,5096.0,0.0
20260116,SA2601,1115.0,352.0,0.0,0.35515695067264463
20260116,SA2602,1148.0,4241.0,12892.0,0.06271777003484402
20260116,SA2603,1154.0,110448.0,136437.0,0.36395147313691467
20260116,SA2604,1189.0,56913.0,38393.0,0.030277544154751368
20260116,SA2605,1192.0,1105955.0,1195966.0,0.2516778523489931
20260116,SA2606,1217.0,23771.0,37148.0,0.029580936729663776
20260116,SA2607,1220.0,2697.0,15121.0,0.34426229508196826
20260116,SA2608,1255.0,830.0,4093.0,0.03824701195219227
20260116,SA2609,1259.0,42819.0,133823.0,0.16203335980937172
20260116,SA2610,1276.0,260.0,5641.0,-0.037617554858934366
20260116,SA2611,1272.0,428.0,6417.0,0.18867924528302016
20260116,SA2612,1292.0,380.0,5094.0,0.0
20260119,SA2602,1147.0,3290.0,11309.0,0.07323452484742887
20260119,SA2603,1154.0,90005.0,134130.0,0.36395147313691467
20260119,SA2604,1189.0,43956.0,37092.0,0.030277544154751368
20260119,SA2605,1192.0,1077172.0,1157011.0,0.2818791946308714
20260119,SA2606,1220.0,30581.0,37270.0,0.0
20260119,SA2607,1220.0,2731.0,15182.0,0.3245901639344275
20260119,SA2608,1253.0,749.0,3916.0,0.0
20260119,SA2609,1253.0,36814.0,132138.0,0.18196328810853846
20260119,SA2610,1272.0,153.0,5594.0,-0.028301886792453157
20260119,SA2611,1269.0,438.0,6262.0,0.21749408983451435
20260119,SA2612,1292.0,682.0,5167.0,0.0004174348627682937
20260119,SA2701,1296.0,739.0,543.0,0.0
20260120,SA2602,1136.0,2061.0,11014.0,0.04225352112676184
20260120,SA2603,1140.0,74808.0,135651.0,0.3578947368421064
20260120,SA2604,1174.0,43191.0,37047.0,0.030664395229983654
20260120,SA2605,1177.0,779748.0,1153720.0,0.26508071367884334
20260120,SA2606,1203.0,15990.0,37383.0,0.009975062344138586
20260120,SA2607,1204.0,1139.0,15079.0,0.33887043189368793
20260120,SA2608,1238.0,573.0,3755.0,0.0
20260120,SA2609,1238.0,29791.0,135254.0,0.22294022617124476
20260120,SA2610,1261.0,155.0,5585.0,-0.04758128469468659
20260120,SA2611,1256.0,589.0,6148.0,0.23885350318471232
20260120,SA2612,1281.0,411.0,5099.0,0.00021050969660289998
20260120,SA2701,1283.0,361.0,647.0,0.0
20260121,SA2602,1125.0,3036.0,9773.0,0.03199999999999914
20260121,SA2603,1128.0,60964.0,136953.0,0.32978723404255383
20260121,SA2604,1159.0,30273.0,36300.0,0.04141501294219285
20260121,SA2605,1163.0,652785.0,1173376.0,0.28890799656061983
20260121,SA2606,1191.0,14146.0,36227.0,0.0
20260121,SA2607,1191.0,1133.0,15068.0,0.3526448362720416
20260121,SA2608,1226.0,426.0,3700.0,0.0
20260121,SA2609,1226.0,30921.0,138450.0,0.19575856443719353
20260121,SA2610,1246.0,109.0,5565.0,0.0
20260121,SA2611,1246.0,427.0,6140.0,0.22150882825040163
20260121,SA2612,1269.0,495.0,5074.0,0.00010625016601586957
20260121,SA2701,1270.0,558.0,923.0,0.0
20260122,SA2602,1141.0,3486.0,9354.0,0.04206836108676537
20260122,SA2603,1145.0,69018.0,133725.0,0.3772925764192143
20260122,SA2604,1181.0,30125.0,36826.0,0.04064352243861258
20260122,SA2605,1185.0,825258.0,1160131.0,0.2531645569620249
20260122,SA2606,1210.0,17598.0,35713.0,0.0
20260122,SA2607,1210.0,4578.0,16772.0,0.35702479338842963
20260122,SA2608,1246.0,1630.0,4414.0,0.009630818619583259
20260122,SA2609,1247.0,30514.0,142401.0,0.17321571772253375
20260122,SA2610,1265.0,161.0,5594.0,-0.018972332015810167
20260122,SA2611,1263.0,346.0,6158.0,0.19002375296912
20260122,SA2612,1283.0,231.0,5115.0,0.0004203630886178057
20260122,SA2701,1287.0,679.0,1136.0,0.0
20260123,SA2602,1156.0,1685.0,8927.0,0.05190311418685134
20260123,SA2603,1161.0,78600.0,127031.0,0.3410852713178292
20260123,SA2604,1194.0,37030.0,37395.0,0.04020100502512669
20260123,SA2605,1198.0,992183.0,1150904.0,0.25041736227044975
20260123,SA2606,1223.0,23259.0,36571.0,0.009811937857726605
20260123,SA2607,1224.0,3515.0,18091.0,0.34313725490195957
20260123,SA2608,1259.0,616.0,4490.0,0.019062748212867575
20260123,SA2609,1261.0,39887.0,151000.0,0.12371134020618513
20260123,SA2610,1274.0,487.0,5686.0,-0.05651491365777117
20260123,SA2611,1268.0,3355.0,8799.0,0.22712933753943343
20260123,SA2612,1292.0,420.0,5196.0,0.0004174348627682937
20260123,SA2701,1296.0,997.0,1679.0,0.0
20260126,SA2602,1161.0,981.0,8683.0,0.05167958656330729
20260126,SA2603,1166.0,89770.0,121396.0,0.3396226415094352
20260126,SA2604,1199.0,37667.0,40008.0,0.0600500417014187
20260126,SA2605,1205.0,1187842.0,1160211.0,0.2688796680497916
20260126,SA2606,1232.0,24757.0,37743.0,0.0
20260126,SA2607,1232.0,4154.0,18083.0,0.3506493506493511
20260126,SA2608,1268.0,534.0,4591.0,-0.018927444794952564
20260126,SA2609,1266.0,46605.0,156502.0,0.15165876777251164
20260126,SA2610,1282.0,1805.0,6858.0,-0.09360374414976658
20260126,SA2611,1272.0,3847.0,11326.0,0.2358490566037732
20260126,SA2612,1297.0,435.0,5268.0,0.00031186922283923414
20260126,SA2701,1300.0,1458.0,2314.0,0.0
20260127,SA2602,1153.0,1662.0,7723.0,0.020815264527319854
20260127,SA2603,1155.0,80698.0,112966.0,0.3532467532467525
20260127,SA2604,1189.0,36680.0,41983.0,0.05046257359125228
20260127,SA2605,1194.0,784335.0,1163150.0,0.29145728643216184
20260127,SA2606,1223.0,14448.0,39437.0,-0.009811937857726605
20260127,SA2607,1222.0,2837.0,18264.0,0.34369885433715286
20260127,SA2608,1257.0,415.0,4648.0,-0.019093078758950277
20260127,SA2609,1255.0,32542.0,158570.0,0.15298804780876374
20260127,SA2610,1271.0,153.0,6807.0,-0.07553107789142466
20260127,SA2611,1263.0,681.0,11194.0,0.22802850356294613
20260127,SA2612,1287.0,232.0,5219.0,0.00041905659883187553
20260127,SA2701,1291.0,772.0,2510.0,0.0
20260128,SA2602,1159.0,642.0,7403.0,0.06212251941328795
20260128,SA2603,1165.0,55395.0,101393.0,0.2781115879828313
20260128,SA2604,1192.0,31647.0,42133.0,0.0604026845637593
20260128,SA2605,1198.0,856802.0,1185982.0,0.24040066777963176
20260128,SA2606,1222.0,19291.0,38240.0,0.0
20260128,SA2607,1222.0,2825.0,18056.0,0.37315875613747895
20260128,SA2608,1260.0,442.0,4660.0,-0.00952380952380949
20260128,SA2609,1259.0,35257.0,166095.0,0.12390786338363657
20260128,SA2610,1272.0,684.0,6959.0,-0.04716981132075437
20260128,SA2611,1267.0,487.0,11138.0,0.2557221783741124
20260128,SA2612,1294.0,155.0,5227.0,0.00010419741937725205
20260128,SA2701,1295.0,578.0,2695.0,0.0
20260129,SA2602,1188.0,1980.0,6693.0,0.030303030303031164
20260129,SA2603,1191.0,80417.0,84446.0,0.2821158690176322
20260129,SA2604,1219.0,31020.0,39897.0,0.049220672682525723
20260129,SA2605,1224.0,1188579.0,1192782.0,0.22549019607843057
20260129,SA2606,1247.0,13052.0,37782.0,0.009623095429029505
20260129,SA2607,1248.0,5058.0,17314.0,0.3173076923076925
20260129,SA2608,1281.0,1777.0,4627.0,0.0
20260129,SA2609,1281.0,42376.0,174336.0,0.1124121779859486
20260129,SA2610,1293.0,833.0,7456.0,-0.10208816705336421
20260129,SA2611,1282.0,2127.0,12478.0,0.20592823712948594
20260129,SA2612,1304.0,461.0,5429.0,0.0004135934376507869
20260129,SA2701,1308.0,1532.0,3439.0,0.0
20260130,SA2602,1165.0,1489.0,5937.0,0.041201716738197725
20260130,SA2603,1169.0,96302.0,67350.0,0.29769033361847796
20260130,SA2604,1198.0,35558.0,36199.0,0.06010016694490794
20260130,SA2605,1204.0,1355255.0,1178508.0,0.23920265780730787
20260130,SA2606,1228.0,22069.0,38091.0,0.019543973941368087
20260130,SA2607,1230.0,4014.0,17647.0,0.34146341463414753
20260130,SA2608,1265.0,699.0,4682.0,0.009486166007905084
20260130,SA2609,1266.0,48903.0,175451.0,0.15165876777251164
20260130,SA2610,1282.0,357.0,7438.0,-0.11232449297971936
20260130,SA2611,1270.0,843.0,12420.0,0.25511811023622055
20260130,SA2612,1297.0,474.0,5529.0,0.00020791281522614612
20260130,SA2701,1299.0,1518.0,3724.0,0.0
20260202,SA2602,1163.0,99.0,5921.0,0.10318142734307756
20260202,SA2603,1173.0,51348.0,60840.0,0.2455242966751907
20260202,SA2604,1197.0,43551.0,38263.0,0.06015037593985095
20260202,SA2605,1203.0,1744299.0,1153944.0,0.25935162094762987
20260202,SA2606,1229.0,31787.0,48113.0,0.009764035801463677
20260202,SA2607,1230.0,22225.0,31825.0,0.33170731707317014
20260202,SA2608,1264.0,1047.0,4659.0,-0.009493670886076
20260202,SA2609,1263.0,62871.0,174428.0,0.0760095011876496
20260202,SA2610,1271.0,1875.0,8398.0,-0.08497246262785207
20260202,SA2611,1262.0,6068.0,15928.0,0.3232963549920749
20260202,SA2612,1296.0,1818.0,5359.0,0.0002080732417810929
20260202,SA2701,1298.0,3232.0,4540.0,0.0
20260203,SA2602,1162.0,5.0,5916.0,0.0309810671256443
20260203,SA2603,1165.0,22734.0,54787.0,0.3090128755364816
20260203,SA2604,1195.0,24518.0,41397.0,0.06025104602510556
20260203,SA2605,1201.0,988068.0,1166259.0,0.25978351373855
20260203,SA2606,1227.0,40571.0,56081.0,0.019559902200487755
20260203,SA2607,1229.0,32328.0,58256.0,0.3612693246541907
20260203,SA2608,1266.0,392.0,4726.0,-0.00947867298578231
20260203,SA2609,1265.0,46437.0,173849.0,0.07588932806324067
20260203,SA2610,1273.0,246.0,8434.0,-0.10369206598585956
20260203,SA2611,1262.0,562.0,15913.0,0.3232963549920749
20260203,SA2612,1296.0,232.0,5393.0,0.0003121098626716693
20260203,SA2701,1299.0,717.0,4738.0,0.0
20260204,SA2602,1186.0,16.0,5900.0,0.040472175379425934
20260204,SA2603,1190.0,26748.0,47241.0,0.32268907563025095
20260204,SA2604,1222.0,55415.0,42932.0,0.0687397708674311
20260204,SA2605,1229.0,1434709.0,1178805.0,0.23433685923514957
20260204,SA2606,1253.0,55876.0,53036.0,0.019154030327214855
20260204,SA2607,1255.0,19564.0,68012.0,0.334661354581673
20260204,SA2608,1290.0,601.0,4796.0,-0.009302325581395099
20260204,SA2609,1289.0,62808.0,178231.0,0.10240496508921648
20260204,SA2610,1300.0,330.0,8566.0,-0.1200000000000001
20260204,SA2611,1287.0,1050.0,15908.0,0.2703962703962697
20260204,SA2612,1316.0,469.0,5557.0,0.0007171886206072095
20260204,SA2701,1323.0,1386.0,5124.0,0.0
20260205,SA2602,0.0,0.0,5900.0,0.0
20260205,SA2603,1176.0,16969.0,44016.0,0.2857142857142847
20260205,SA2604,1204.0,45366.0,42203.0,0.049833887043188696
20260205,SA2605,1209.0,960189.0,1142014.0,0.26799007444168854
20260205,SA2606,1236.0,81325.0,55425.0,0.009708737864077222
20260205,SA2607,1237.0,46865.0,82383.0,0.3492320129345181
20260205,SA2608,1273.0,372.0,4804.0,0.0
20260205,SA2609,1273.0,44357.0,180105.0,0.09426551453260057
20260205,SA2610,1283.0,208.0,8519.0,-0.0841777084957136
20260205,SA2611,1274.0,690.0,15854.0,0.2919937205651504
20260205,SA2612,1305.0,308.0,5477.0,0.0004132765078135065
20260205,SA2701,1309.0,672.0,5048.0,0.0
20260206,SA2602,0.0,0.0,5900.0,0.0
20260206,SA2603,1157.0,14715.0,42101.0,0.29040622299049357
20260206,SA2604,1185.0,36549.0,39939.0,0.050632911392404445
20260206,SA2605,1190.0,912355.0,1149863.0,0.2621848739495789
20260206,SA2606,1216.0,113601.0,55704.0,0.00986842105263186
20260206,SA2607,1217.0,85579.0,84918.0,0.34511092851273606
20260206,SA2608,1252.0,304.0,4746.0,0.009584664536742338
20260206,SA2609,1253.0,33199.0,178767.0,0.09577015163607427
20260206,SA2610,1263.0,204.0,8463.0,-0.06650831353919306
20260206,SA2611,1256.0,709.0,15839.0,0.3248407643312108
20260206,SA2612,1290.0,344.0,5484.0,0.00041808204860202693
20260206,SA2701,1294.0,750.0,4979.0,0.0
20260209,SA2602,0.0,0.0,5900.0,0.0
20260209,SA2603,1147.0,19859.0,38606.0,0.31386224934611917
20260209,SA2604,1177.0,28609.0,38439.0,0.040781648258282566
20260209,SA2605,1181.0,1050041.0,1163071.0,0.29466553767993187
20260209,SA2606,1210.0,79065.0,56962.0,0.0
20260209,SA2607,1210.0,63188.0,85841.0,0.3768595041322307
20260209,SA2608,1248.0,588.0,4698.0,-0.048076923076922906
20260209,SA2609,1243.0,45469.0,182972.0,0.1351568785197106
20260209,SA2610,1257.0,349.0,8412.0,-0.07637231503579978
20260209,SA2611,1249.0,1123.0,15878.0,0.3362690152121708
20260209,SA2612,1284.0,396.0,5562.0,0.00021001785151737154
20260209,SA2701,1286.0,1319.0,4965.0,0.0
20260210,SA2602,1131.0,262.0,4039.0,0.021220159151194018
20260210,SA2603,1133.0,17054.0,34765.0,0.34951456310679596
20260210,SA2604,1166.0,25837.0,36592.0,0.05145797598627677
20260210,SA2605,1171.0,637749.0,1186285.0,0.3074295473953885
20260210,SA2606,1201.0,61817.0,51826.0,0.009991673605329154
20260210,SA2607,1202.0,43597.0,81702.0,0.35940099833610617
20260210,SA2608,1238.0,244.0,4773.0,-0.03877221324717306
20260210,SA2609,1234.0,27043.0,183343.0,0.15559157212317576
20260210,SA2610,1250.0,156.0,8433.0,-0.10560000000000036
20260210,SA2611,1239.0,381.0,15865.0,0.3777239709443112
20260210,SA2612,1278.0,182.0,5624.0,0.00042200770164056104
20260210,SA2701,1282.0,422.0,5080.0,0.0
20260211,SA2602,0.0,0.0,3520.0,0.0
20260211,SA2603,1137.0,45373.0,31800.0,0.36939313984168987
20260211,SA2604,1172.0,18651.0,35139.0,0.06143344709897569
20260211,SA2605,1178.0,542272.0,1179771.0,0.25466893039049143
20260211,SA2606,1203.0,65231.0,50959.0,0.019950124688279836
20260211,SA2607,1205.0,59083.0,78732.0,0.3485477178423224
20260211,SA2608,1240.0,402.0,4883.0,0.0
20260211,SA2609,1240.0,30098.0,180087.0,0.14516129032258185
20260211,SA2610,1255.0,71.0,8430.0,-0.11474103585657414
20260211,SA2611,1243.0,448.0,15912.0,0.38616251005631597
20260211,SA2612,1283.0,169.0,5650.0,0.0005254538607722496
20260211,SA2701,1288.0,1078.0,5341.0,0.0
20260212,SA2602,1119.0,10.0,3080.0,-0.010723860589812784
20260212,SA2603,1118.0,14065.0,24803.0,0.38640429338103743
20260212,SA2604,1154.0,17920.0,31143.0,0.08318890814557989
20260212,SA2605,1162.0,620552.0,1166076.0,0.25817555938037806
20260212,SA2606,1187.0,50148.0,50684.0,0.03032855939342749
20260212,SA2607,1190.0,40282.0,77036.0,0.37310924369747767
20260212,SA2608,1227.0,457.0,4851.0,0.019559902200487755
20260212,SA2609,1229.0,33919.0,174315.0,0.1366965012205048
20260212,SA2610,1243.0,124.0,8374.0,-0.08688656476267109
20260212,SA2611,1234.0,500.0,15930.0,0.38897893030794073
20260212,SA2612,1274.0,240.0,5713.0,0.000423332686575065
20260212,SA2701,1278.0,577.0,5374.0,0.0
20260213,SA2602,0.0,4.0,0.0,0.0
20260213,SA2603,1110.0,9879.0,22584.0,0.40000000000000124
20260213,SA2604,1147.0,28545.0,28463.0,0.03138622493461085
20260213,SA2605,1150.0,548459.0,1098537.0,0.2295652173913041
20260213,SA2606,1172.0,39959.0,51748.0,0.08191126279863603
20260213,SA2607,1180.0,19167.0,77161.0,0.37627118644067803
20260213,SA2608,1217.0,329.0,4783.0,0.019720624486442517
20260213,SA2609,1219.0,22150.0,173201.0,0.1673502871205912
20260213,SA2610,1236.0,672.0,8080.0,-0.04854368932038877
20260213,SA2611,1231.0,885.0,15888.0,0.3899268887083682
20260213,SA2612,1271.0,466.0,5803.0,0.00010608297456660018
20260213,SA2701,1272.0,737.0,5402.0,0.0
20260224,SA2603,1124.0,7680.0,19581.0,0.40569395017793664
20260224,SA2604,1162.0,21107.0,27757.0,0.07228915662650692
20260224,SA2605,1169.0,547836.0,1149433.0,0.2463644140290855
20260224,SA2606,1193.0,27667.0,53050.0,0.040234702430845815
20260224,SA2607,1197.0,21421.0,79499.0,0.34085213032581585
20260224,SA2608,1231.0,310.0,4665.0,0.0
20260224,SA2609,1231.0,26518.0,176449.0,0.12672623883021927
20260224,SA2610,1244.0,112.0,8072.0,-0.05787781350482257
20260224,SA2611,1238.0,357.0,15895.0,0.38772213247172793
20260224,SA2612,1278.0,174.0,5810.0,0.0005275096270506863
20260224,SA2701,1283.0,625.0,5461.0,0.1496492595479335
20260224,SA2702,1299.0,42.0,27.0,0.0
20260225,SA2603,1151.0,8297.0,16267.0,0.333622936576889
20260225,SA2604,1183.0,31530.0,27545.0,0.08114961961115696
20260225,SA2605,1191.0,1013446.0,1159379.0,0.23173803526448378
20260225,SA2606,1214.0,38987.0,55459.0,0.04942339373970395
20260225,SA2607,1219.0,27425.0,81501.0,0.3347005742411824
20260225,SA2608,1253.0,358.0,4711.0,0.0
20260225,SA2609,1253.0,49540.0,181960.0,0.1436552274541114
20260225,SA2610,1268.0,222.0,8147.0,-0.06624605678233397
20260225,SA2611,1261.0,848.0,15850.0,0.34258524980174343
20260225,SA2612,1297.0,279.0,5795.0,0.0005197820380653803
20260225,SA2701,1302.0,1571.0,5385.0,0.11059907834101335
20260225,SA2702,1314.0,100.0,84.0,0.0
20260226,SA2603,1154.0,8036.0,11488.0,0.3327556325823222
20260226,SA2604,1186.0,23601.0,24325.0,0.05059021922428375
20260226,SA2605,1191.0,741089.0,1133903.0,0.22166246851385463
20260226,SA2606,1213.0,21319.0,55127.0,0.04946413849958731
20260226,SA2607,1218.0,18920.0,81388.0,0.32512315270935854
20260226,SA2608,1251.0,188.0,4717.0,0.01918465227817645
20260226,SA2609,1253.0,40474.0,184349.0,0.15323224261771617
20260226,SA2610,1269.0,165.0,8123.0,-0.09456264775413725
20260226,SA2611,1259.0,513.0,15903.0,0.3812549642573462
20260226,SA2612,1299.0,154.0,5786.0,0.00010379635155823626
20260226,SA2701,1300.0,1033.0,5682.0,0.14769230769230823
20260226,SA2702,1316.0,72.0,122.0,0.0
20260227,SA2603,1159.0,11145.0,3895.0,0.31061259706643707
20260227,SA2604,1189.0,35549.0,16065.0,0.05046257359125228
20260227,SA2605,1194.0,757968.0,1137958.0,0.2412060301507548
20260227,SA2606,1218.0,41901.0,52078.0,0.019704433497538254
20260227,SA2607,1220.0,31755.0,81574.0,0.34426229508196826
20260227,SA2608,1255.0,245.0,4817.0,0.019123505976096133
20260227,SA2609,1257.0,40716.0,187667.0,0.13365155131264927
20260227,SA2610,1271.0,183.0,8145.0,-0.08497246262785207
20260227,SA2611,1262.0,838.0,15871.0,0.3518225039619658
20260227,SA2612,1299.0,180.0,5843.0,0.00031138905467473877
20260227,SA2701,1302.0,2120.0,5979.0,0.09216589861751068
20260227,SA2702,1312.0,117.0,194.0,0.0
20260302,SA2603,1159.0,703.0,3509.0,0.258843830888698
20260302,SA2604,1184.0,19875.0,14020.0,0.04054054054053946
20260302,SA2605,1188.0,1270083.0,1141408.0,0.2323232323232336
20260302,SA2606,1211.0,55246.0,54322.0,0.02972749793558993
20260302,SA2607,1214.0,53054.0,89131.0,0.35584843492586415
20260302,SA2608,1250.0,12886.0,15759.0,0.01920000000000055
20260302,SA2609,1252.0,81624.0,198907.0,0.14376996805111908
20260302,SA2610,1267.0,385.0,8134.0,-0.07576953433307043
20260302,SA2611,1259.0,1728.0,15849.0,0.3526608419380448
20260302,SA2612,1296.0,487.0,5966.0,0.0003121098626716693
20260302,SA2701,1299.0,3484.0,6118.0,0.13856812933025342
20260302,SA2702,1314.0,193.0,187.0,0.0
20260303,SA2603,1185.0,578.0,3186.0,0.2835443037974681
20260303,SA2604,1213.0,17324.0,12836.0,0.04946413849958731
20260303,SA2605,1218.0,1259906.0,1141484.0,0.19704433497536922
20260303,SA2606,1238.0,44115.0,52022.0,0.029079159935380794
20260303,SA2607,1241.0,54605.0,89540.0,0.3190975020145057
20260303,SA2608,1274.0,22514.0,26513.0,0.018838304552589058
20260303,SA2609,1276.0,85221.0,201655.0,0.13166144200626828
20260303,SA2610,1290.0,890.0,8237.0,-0.09302325581395365
20260303,SA2611,1280.0,1692.0,16065.0,0.328125
20260303,SA2612,1315.0,453.0,6165.0,0.0005126671508522986
20260303,SA2701,1320.0,2562.0,6523.0,0.0727272727272732
20260303,SA2702,1328.0,92.0,227.0,0.0
20260304,SA2603,1175.0,600.0,2968.0,0.2348936170212772
20260304,SA2604,1198.0,24044.0,12813.0,0.05008347245408995
20260304,SA2605,1203.0,1487823.0,1093988.0,0.2094763092269316
20260304,SA2606,1224.0,58973.0,51111.0,0.02941176470588225
20260304,SA2607,1227.0,53800.0,85877.0,0.3227383863080693
20260304,SA2608,1260.0,30695.0,28476.0,0.04761904761904745
20260304,SA2609,1265.0,99662.0,210050.0,0.09486166007905084
20260304,SA2610,1275.0,1055.0,8649.0,-0.07529411764705829
20260304,SA2611,1267.0,1103.0,16020.0,0.3504340962904511
20260304,SA2612,1304.0,488.0,6073.0,0.0005169917970634762
20260304,SA2701,1309.0,1961.0,6597.0,0.1191749427043538
20260304,SA2702,1322.0,206.0,333.0,0.0
20260305,SA2603,1204.0,242.0,3019.0,0.1295681063122922
20260305,SA2604,1217.0,21185.0,13059.0,0.0788824979457674
20260305,SA2605,1225.0,1456434.0,1114254.0,0.15673469387755024
20260305,SA2606,1241.0,78753.0,53362.0,0.05801772763900104
20260305,SA2607,1247.0,85238.0,89538.0,0.28869286287089047
20260305,SA2608,1277.0,30379.0,31409.0,0.03758809710258415
20260305,SA2609,1281.0,119871.0,225543.0,0.0749414519906324
20260305,SA2610,1289.0,2382.0,9848.0,-0.08378588052754088
20260305,SA2611,1280.0,3442.0,16804.0,0.29999999999999893
20260305,SA2612,1312.0,1101.0,6488.0,0.000719375171279807
20260305,SA2701,1319.0,4415.0,8282.0,0.02729340409401093
20260305,SA2702,1322.0,1386.0,1554.0,0.0
20260306,SA2603,1213.0,498.0,2312.0,0.1978565539983519
20260306,SA2604,1233.0,13991.0,14883.0,0.08759124087591363
20260306,SA2605,1242.0,1147773.0,1144844.0,0.1352657004830924
20260306,SA2606,1256.0,48337.0,54527.0,0.05732484076433053
20260306,SA2607,1262.0,54974.0,90925.0,0.3137876386687788
20260306,SA2608,1295.0,26433.0,32438.0,0.037065637065635926
20260306,SA2609,1299.0,89269.0,233810.0,0.06466512702078653
20260306,SA2610,1306.0,1711.0,10531.0,-0.09188361408882129
20260306,SA2611,1296.0,2483.0,16978.0,0.2777777777777777
20260306,SA2612,1326.0,696.0,6784.0,0.0006100971071228815
20260306,SA2701,1332.0,3250.0,9291.0,0.0540540540540535
20260306,SA2702,1338.0,326.0,1768.0,0.0
20260309,SA2603,1260.0,288.0,2312.0,0.04761904761904745
20260309,SA2604,1265.0,39324.0,21670.0,0.10434782608695592
20260309,SA2605,1276.0,3001414.0,1085999.0,0.1410658307210042
20260309,SA2606,1291.0,113942.0,57368.0,0.01859024012393462
20260309,SA2607,1293.0,130856.0,95980.0,0.30626450116009263
20260309,SA2608,1326.0,52172.0,34845.0,0.036199095022624306
20260309,SA2609,1330.0,356827.0,249343.0,0.018045112781956085
20260309,SA2610,1332.0,4721.0,11038.0,-0.09009009009009006
20260309,SA2611,1322.0,10232.0,17001.0,0.2632375189107412
20260309,SA2612,1351.0,3682.0,7024.0,0.0006986086045293149
20260309,SA2701,1358.0,12987.0,12985.0,-0.01767304860088359
20260309,SA2702,1356.0,1189.0,2344.0,0.0
20260310,SA2603,1207.0,51.0,2262.0,0.18889809444904682
20260310,SA2604,1226.0,21278.0,17957.0,0.08809135399673629
20260310,SA2605,1235.0,1736166.0,1040085.0,0.2817813765182189
20260310,SA2606,1264.0,59381.0,52715.0,0.0
20260310,SA2607,1264.0,71081.0,93126.0,0.35126582278481067
20260310,SA2608,1301.0,24072.0,34568.0,0.0
20260310,SA2609,1301.0,198828.0,247851.0,0.06456571867794114
20260310,SA2610,1308.0,2209.0,10618.0,-0.03669724770642224
20260310,SA2611,1304.0,5308.0,16723.0,0.23926380368098155
20260310,SA2612,1330.0,1586.0,7558.0,0.0009123933429078171
20260310,SA2701,1339.0,6472.0,14470.0,0.044809559372667174
20260310,SA2702,1344.0,804.0,2834.0,0.0
20260311,SA2603,1211.0,179.0,1989.0,0.3170933113129655
20260311,SA2604,1243.0,56005.0,18945.0,0.11584875301689479
20260311,SA2605,1255.0,1029158.0,1039255.0,0.239043824701195
20260311,SA2606,1280.0,24874.0,52858.0,0.03750000000000053
20260311,SA2607,1284.0,43830.0,94590.0,0.3364485981308398
20260311,SA2608,1320.0,16566.0,35055.0,0.018181818181817633
20260311,SA2609,1322.0,131138.0,259535.0,0.04538577912254205
20260311,SA2610,1327.0,1134.0,10319.0,-0.03617181612660092
20260311,SA2611,1323.0,4388.0,17072.0,0.24489795918367374
20260311,SA2612,1350.0,1883.0,8382.0,0.0006991260923845189
20260311,SA2701,1357.0,6144.0,16538.0,-0.026529108327191686
20260311,SA2702,1354.0,1196.0,3857.0,0.0
20260312,SA2603,1285.0,100.0,1989.0,-0.36420233463035023
20260312,SA2604,1246.0,16778.0,13108.0,0.09630818619582726
20260312,SA2605,1256.0,1801627.0,989401.0,0.25796178343949006
20260312,SA2606,1283.0,81776.0,56023.0,0.03741231488698471
20260312,SA2607,1287.0,102741.0,94735.0,0.29836829836829803
20260312,SA2608,1319.0,23071.0,36429.0,0.02729340409401093
20260312,SA2609,1322.0,225662.0,266358.0,0.06354009077155887
20260312,SA2610,1329.0,2050.0,11248.0,0.0
20260312,SA2611,1329.0,3026.0,17791.0,0.2708803611738162
20260312,SA2612,1359.0,1097.0,8766.0,0.0003968549247215735
20260312,SA2701,1363.0,6756.0,18239.0,0.017608217168010754
20260312,SA2702,1365.0,682.0,4115.0,0.0
20260313,SA2603,0.0,40.0,0.0,0.0
20260313,SA2604,1267.0,8674.0,10852.0,0.0947119179163387
20260313,SA2605,1277.0,1156593.0,973846.0,0.18794048551292075
20260313,SA2606,1297.0,28839.0,55935.0,0.03700848111025401
20260313,SA2607,1301.0,46085.0,94681.0,0.2859338970023062
20260313,SA2608,1332.0,13781.0,36940.0,0.027027027027028083
20260313,SA2609,1335.0,141133.0,279097.0,0.04494382022471921
20260313,SA2610,1340.0,515.0,11239.0,-0.00895522388059744
20260313,SA2611,1339.0,1331.0,17876.0,0.27781926811053115
20260313,SA2612,1370.0,465.0,8788.0,0.0004920856228983763
20260313,SA2701,1375.0,4479.0,19016.0,0.00872727272727225
20260313,SA2702,1376.0,977.0,4941.0,0.0
20260316,SA2604,1246.0,3044.0,10310.0,0.09630818619582726
20260316,SA2605,1256.0,1156521.0,967663.0,0.21019108280254706
20260316,SA2606,1278.0,33433.0,55644.0,0.04694835680751108
20260316,SA2607,1283.0,58288.0,96368.0,0.2992985190958697
20260316,SA2608,1315.0,18778.0,37484.0,0.02737642585551381
20260316,SA2609,1318.0,185206.0,302897.0,0.06373292867981917
20260316,SA2610,1325.0,901.0,11276.0,-0.018113207547169274
20260316,SA2611,1323.0,1352.0,18148.0,0.2993197278911577
20260316,SA2612,1356.0,370.0,8795.0,0.0006960326140996307
20260316,SA2701,1363.0,3276.0,19625.0,0.0
20260316,SA2702,1363.0,409.0,5082.0,0.026412325752018795
20260316,SA2703,1366.0,45.0,34.0,0.0
20260317,SA2604,1235.0,2336.0,9386.0,0.07773279352226847
20260317,SA2605,1243.0,791411.0,964268.0,0.20273531777956588
20260317,SA2606,1264.0,54327.0,57217.0,0.037974683544304
20260317,SA2607,1268.0,83536.0,96036.0,0.32176656151419625
20260317,SA2608,1302.0,28971.0,38629.0,0.03686635944700534
20260317,SA2609,1306.0,126856.0,313558.0,0.07350689127105703
20260317,SA2610,1314.0,643.0,11243.0,0.009132420091324533
20260317,SA2611,1315.0,581.0,18193.0,0.28288973384030314
20260317,SA2612,1346.0,258.0,8811.0,0.000601031771207237
20260317,SA2701,1352.0,2705.0,19729.0,0.062130177514792884
20260317,SA2702,1359.0,164.0,5062.0,0.008830022075054345
20260317,SA2703,1360.0,31.0,54.0,0.0
20260318,SA2604,1201.0,1573.0,8569.0,0.09991673605328888
20260318,SA2605,1211.0,896361.0,963404.0,0.25763831544178295
20260318,SA2606,1237.0,25139.0,57851.0,0.01940177849636271
20260318,SA2607,1239.0,50209.0,96558.0,0.3486682808716717
20260318,SA2608,1275.0,28132.0,40134.0,0.028235294117648024
20260318,SA2609,1278.0,159878.0,323854.0,0.09389671361502216
20260318,SA2610,1288.0,993.0,11039.0,0.0
20260318,SA2611,1288.0,935.0,18229.0,0.30745341614906874
20260318,SA2612,1321.0,704.0,8531.0,0.0007144740535345107
20260318,SA2701,1328.0,4153.0,19867.0,0.05421686746988019
20260318,SA2702,1334.0,231.0,5028.0,0.008995502248876797
20260318,SA2703,1335.0,69.0,104.0,0.0
20260319,SA2604,1208.0,633.0,8482.0,0.0894039735099339
20260319,SA2605,1217.0,804936.0,944501.0,0.22678718159408362
20260319,SA2606,1240.0,23599.0,57918.0,0.019354838709678468
20260319,SA2607,1242.0,61994.0,103689.0,0.3864734299516899
20260319,SA2608,1282.0,39335.0,47370.0,0.046801872074881956
20260319,SA2609,1287.0,162855.0,330772.0,0.055944055944056714
20260319,SA2610,1293.0,722.0,10898.0,0.03712296983758723
20260319,SA2611,1297.0,882.0,18188.0,0.3238242097147266
20260319,SA2612,1332.0,334.0,8570.0,0.0004048992813037815
20260319,SA2701,1336.0,4065.0,19952.0,0.02694610778443085
20260319,SA2702,1339.0,386.0,5025.0,0.01792382374906687
20260319,SA2703,1341.0,42.0,120.0,0.0
20260320,SA2604,1192.0,644.0,8365.0,0.10067114093959617
20260320,SA2605,1202.0,775438.0,926643.0,0.2396006655574041
20260320,SA2606,1226.0,25462.0,56607.0,0.019575856443718287
20260320,SA2607,1228.0,54809.0,105055.0,0.40065146579804445
20260320,SA2608,1269.0,40690.0,53142.0,0.047281323877067294
20260320,SA2609,1274.0,150477.0,341891.0,0.0659340659340657
20260320,SA2610,1281.0,1802.0,11922.0,0.00936768149882905
20260320,SA2611,1282.0,1329.0,18596.0,0.3369734789391581
20260320,SA2612,1318.0,312.0,8648.0,0.00040920018414008244
20260320,SA2701,1322.0,3241.0,20083.0,0.06354009077155887
20260320,SA2702,1329.0,185.0,5025.0,-0.027088036117381087
20260320,SA2703,1326.0,291.0,319.0,0.0
20260323,SA2604,1245.0,838.0,8237.0,0.10602409638554189
20260323,SA2605,1256.0,1401290.0,849611.0,0.24840764331210252
20260323,SA2606,1282.0,54148.0,57603.0,0.046801872074881956
20260323,SA2607,1287.0,83315.0,102340.0,0.39160839160839167
20260323,SA2608,1329.0,55068.0,54587.0,0.04514672686230181
20260323,SA2609,1334.0,309891.0,347602.0,0.06296851574212958
20260323,SA2610,1341.0,1705.0,12317.0,-0.00894854586129723
20260323,SA2611,1340.0,2095.0,19162.0,0.27761194029850866
20260323,SA2612,1371.0,1063.0,8979.0,0.0009834533966021637
20260323,SA2701,1381.0,9009.0,20787.0,0.043446777697320194
20260323,SA2702,1386.0,987.0,5290.0,-0.034632034632035236
20260323,SA2703,1382.0,116.0,353.0,0.0
20260324,SA2604,1231.0,734.0,8113.0,0.08773354995938298
20260324,SA2605,1240.0,970537.0,838523.0,0.29999999999999893
20260324,SA2606,1271.0,34106.0,57974.0,0.05664830841856716
20260324,SA2607,1277.0,59656.0,99812.0,0.3852779953014869
20260324,SA2608,1318.0,35737.0,54419.0,0.018209408194233667
20260324,SA2609,1320.0,231057.0,360313.0,0.09090909090909083
20260324,SA2610,1330.0,1145.0,12416.0,-0.027067669172932796
20260324,SA2611,1327.0,1265.0,19157.0,0.31650339110776304
20260324,SA2612,1362.0,567.0,9086.0,0.0008909567885957452
20260324,SA2701,1371.0,6227.0,21557.0,0.03501094091903756
20260324,SA2702,1375.0,178.0,5336.0,-0.00872727272727225
20260324,SA2703,1374.0,71.0,369.0,0.0
20260325,SA2604,1233.0,1567.0,8028.0,0.10705596107055904
20260325,SA2605,1244.0,925194.0,840788.0,0.28938906752411686
20260325,SA2606,1274.0,26484.0,57246.0,0.04709576138147664
20260325,SA2607,1279.0,50315.0,97321.0,0.4034401876465994
20260325,SA2608,1322.0,34148.0,53145.0,0.027231467473525228
20260325,SA2609,1325.0,233486.0,375239.0,0.09056603773584904
20260325,SA2610,1335.0,636.0,12390.0,-0.02696629213483126
20260325,SA2611,1332.0,757.0,19056.0,0.2882882882882871
20260325,SA2612,1364.0,266.0,9084.0,0.0008896504003426793
20260325,SA2701,1373.0,5467.0,21832.0,0.043699927166787056
20260325,SA2702,1378.0,180.0,5350.0,0.00870827285921738
20260325,SA2703,1379.0,87.0,383.0,0.0
20260326,SA2604,1212.0,1050.0,7159.0,0.12871287128712794
20260326,SA2605,1225.0,727837.0,826947.0,0.293877551020409
20260326,SA2606,1255.0,44594.0,61663.0,0.057370517928285736
20260326,SA2607,1261.0,62843.0,100612.0,0.4091990483743073
20260326,SA2608,1304.0,31308.0,56857.0,0.03680981595092003
20260326,SA2609,1308.0,182739.0,380221.0,0.10091743119266017
20260326,SA2610,1319.0,602.0,12425.0,-0.018195602729341065
20260326,SA2611,1317.0,1160.0,19084.0,0.33712984054669715
20260326,SA2612,1354.0,389.0,9151.0,0.000697060727266696
20260326,SA2701,1361.0,4223.0,22394.0,0.03526818515797192
20260326,SA2702,1365.0,348.0,5236.0,0.01758241758241752
20260326,SA2703,1367.0,79.0,409.0,0.0
20260327,SA2604,1216.0,845.0,7300.0,0.1282894736842115
20260327,SA2605,1229.0,580165.0,798009.0,0.2733930024410096
20260327,SA2606,1257.0,28609.0,61664.0,0.06682577565632464
20260327,SA2607,1264.0,43417.0,100124.0,0.37974683544303733
20260327,SA2608,1304.0,20642.0,57473.0,0.05521472392638138
20260327,SA2609,1310.0,158060.0,383926.0,0.07328244274809226
20260327,SA2610,1318.0,542.0,12581.0,-0.009104704097116834
20260327,SA2611,1317.0,531.0,19110.0,0.3462414578587705
20260327,SA2612,1355.0,154.0,9185.0,0.0004975330652182859
20260327,SA2701,1360.0,2800.0,22867.0,0.05294117647058805
20260327,SA2702,1366.0,188.0,5223.0,0.008784773060028783
20260327,SA2703,1367.0,76.0,416.0,0.0
20260330,SA2604,1196.0,793.0,6923.0,0.11036789297658789
20260330,SA2605,1207.0,735866.0,826708.0,0.328086164043083
20260330,SA2606,1240.0,67230.0,61827.0,0.04838709677419484
20260330,SA2607,1245.0,88344.0,98815.0,0.3951807228915669
20260330,SA2608,1286.0,27139.0,58063.0,0.05598755832037394
20260330,SA2609,1292.0,201149.0,404416.0,0.10216718266253988
20260330,SA2610,1303.0,534.0,12609.0,0.027628549501152122
20260330,SA2611,1306.0,746.0,19188.0,0.31240428790199104
20260330,SA2612,1340.0,279.0,9220.0,0.0006037229582424941
20260330,SA2701,1346.0,4031.0,23145.0,0.05349182763744409
20260330,SA2702,1352.0,221.0,5205.0,0.008875739644970793
20260330,SA2703,1353.0,92.0,448.0,0.0
20260331,SA2604,1169.0,2029.0,5066.0,0.0821214713430285
20260331,SA2605,1177.0,636871.0,790861.0,0.27527612574341465
20260331,SA2606,1204.0,21719.0,62593.0,0.07973421926910351
20260331,SA2607,1212.0,36366.0,99216.0,0.3861386138613865
20260331,SA2608,1251.0,21810.0,57480.0,0.009592326139089558
20260331,SA2609,1252.0,239795.0,410419.0,0.14376996805111908
20260331,SA2610,1267.0,1044.0,12447.0,0.018942383583268274
20260331,SA2611,1269.0,880.0,19216.0,0.32151300236406666
20260331,SA2612,1303.0,477.0,9131.0,0.000724343994412198
20260331,SA2701,1310.0,6591.0,24307.0,0.05496183206106853
20260331,SA2702,1316.0,315.0,5114.0,0.036474164133739606
20260331,SA2703,1320.0,231.0,559.0,0.0
20260401,SA2604,1167.0,514.0,4745.0,0.0
20260401,SA2605,1167.0,546428.0,787089.0,0.2570694087403602
20260401,SA2606,1192.0,43877.0,63608.0,0.0604026845637593
20260401,SA2607,1198.0,68230.0,103703.0,0.40066777963272227
20260401,SA2608,1238.0,29793.0,57475.0,0.019386106623587196
20260401,SA2609,1240.0,191523.0,429190.0,0.17419354838709555
20260401,SA2610,1258.0,1454.0,11856.0,0.0
20260401,SA2611,1258.0,1981.0,19188.0,0.33386327503974567
20260401,SA2612,1293.0,749.0,8614.0,0.0005213900258088169
20260401,SA2701,1298.0,7867.0,24133.0,0.09244992295839705
20260401,SA2702,1308.0,227.0,5105.0,0.018348623853210455
20260401,SA2703,1310.0,128.0,583.0,0.0
20260402,SA2604,1165.0,615.0,4601.0,0.07210300429184535
20260402,SA2605,1172.0,496593.0,774957.0,0.29692832764505095
20260402,SA2606,1201.0,39846.0,66662.0,0.06994171523730142
20260402,SA2607,1208.0,74598.0,105489.0,0.3774834437086092
20260402,SA2608,1246.0,34819.0,57819.0,0.05778491171749689
20260402,SA2609,1252.0,186240.0,447335.0,0.12460063897763707
20260402,SA2610,1265.0,646.0,11992.0,0.06640316205533559
20260402,SA2611,1272.0,632.0,19203.0,0.3018867924528301
20260402,SA2612,1304.0,253.0,8567.0,0.0006203901564761952
20260402,SA2701,1310.0,5321.0,24975.0,0.07328244274809226
20260402,SA2702,1318.0,244.0,5110.0,0.018209408194233667
20260402,SA2703,1320.0,101.0,616.0,0.0
20260403,SA2604,1152.0,131.0,4515.0,0.03125000000000089
20260403,SA2605,1155.0,447944.0,742718.0,0.3636363636363633
20260403,SA2606,1190.0,38569.0,64540.0,0.04033613445378137
20260403,SA2607,1194.0,58513.0,101815.0,0.40201005025125625
20260403,SA2608,1234.0,22107.0,56459.0,0.048622366288491925
20260403,SA2609,1239.0,154075.0,451517.0,0.2130750605326872
20260403,SA2610,1261.0,2468.0,10580.0,0.0
20260403,SA2611,1261.0,990.0,18865.0,0.3235527359238688
20260403,SA2612,1295.0,750.0,8036.0,0.0004164678321981565
20260403,SA2701,1299.0,8333.0,25066.0,0.09237875288683561
20260403,SA2702,1309.0,1372.0,4674.0,0.03666921313980076
20260403,SA2703,1313.0,278.0,606.0,0.0
20260407,SA2604,1136.0,165.0,4515.0,0.09507042253521014
20260407,SA2605,1145.0,397458.0,730116.0,0.29344978165938773
20260407,SA2606,1173.0,35632.0,65571.0,0.010230179028132724
20260407,SA2607,1174.0,76824.0,108058.0,0.3781942078364562
20260407,SA2608,1211.0,34674.0,57173.0,0.0
20260407,SA2609,1211.0,191899.0,483709.0,0.24772914946325386
20260407,SA2610,1236.0,1242.0,10203.0,-0.04854368932038877
20260407,SA2611,1231.0,5105.0,17235.0,0.4191714053614941
20260407,SA2612,1274.0,2502.0,7432.0,0.000423332686575065
20260407,SA2701,1278.0,11351.0,26900.0,0.28169014084506916
20260407,SA2702,1308.0,1874.0,3066.0,0.018348623853210455
20260407,SA2703,1310.0,392.0,590.0,0.0
20260408,SA2604,1143.0,176.0,4515.0,0.06299212598425097
20260408,SA2605,1149.0,453964.0,690167.0,0.30287206266318467
20260408,SA2606,1178.0,40169.0,66317.0,0.0
20260408,SA2607,1178.0,59416.0,110278.0,0.356536502546688
20260408,SA2608,1213.0,31247.0,55549.0,0.0
20260408,SA2609,1213.0,216333.0,519619.0,0.18796372629843283
20260408,SA2610,1232.0,846.0,10483.0,-0.009740259740259827
20260408,SA2611,1231.0,1335.0,17207.0,0.40942323314378637
20260408,SA2612,1273.0,712.0,7565.0,0.00031774892539079743
20260408,SA2701,1276.0,8268.0,28382.0,0.3103448275862082
20260408,SA2702,1309.0,1065.0,2548.0,0.027501909854851903
20260408,SA2703,1312.0,250.0,644.0,0.0
20260409,SA2604,1135.0,701.0,4270.0,0.010572687224670752
20260409,SA2605,1136.0,431764.0,686291.0,0.2957746478873249
20260409,SA2606,1164.0,42629.0,65642.0,0.030927835051546282
20260409,SA2607,1167.0,51804.0,114366.0,0.37017994858611925
20260409,SA2608,1203.0,32093.0,54308.0,0.0
20260409,SA2609,1203.0,196924.0,558072.0,0.22942643391521145
20260409,SA2610,1226.0,500.0,10538.0,-0.05872756933115886
20260409,SA2611,1220.0,968.0,17060.0,0.3934426229508201
20260409,SA2612,1260.0,250.0,7575.0,0.0005350454788657017
20260409,SA2701,1265.0,6204.0,30835.0,0.35098814229249076
20260409,SA2702,1302.0,201.0,2551.0,0.0
20260409,SA2703,1302.0,135.0,661.0,0.0
20260410,SA2604,1144.0,720.0,4043.0,0.020979020979019936
20260410,SA2605,1146.0,644897.0,614143.0,0.345549738219896
20260410,SA2606,1179.0,47265.0,63033.0,0.08142493638676918
20260410,SA2607,1187.0,83174.0,117864.0,0.3538331929233349
20260410,SA2608,1222.0,37881.0,55541.0,0.019639934533552506
20260410,SA2609,1224.0,475116.0,602796.0,0.20588235294117574
20260410,SA2610,1245.0,1058.0,10659.0,-0.02891566265060197
20260410,SA2611,1242.0,1425.0,17137.0,0.328502415458936
20260410,SA2612,1276.0,590.0,7523.0,0.0006340037335775529
20260410,SA2701,1282.0,14772.0,36362.0,0.21528861154446233
20260410,SA2702,1305.0,329.0,2508.0,0.02758620689655089
20260410,SA2703,1308.0,575.0,776.0,0.0
20260413,SA2604,1138.0,105.0,4093.0,0.052724077328647034
20260413,SA2605,1143.0,508553.0,536388.0,0.31496062992126017
20260413,SA2606,1173.0,34692.0,60182.0,0.06138107416879901
20260413,SA2607,1179.0,66043.0,123559.0,0.3053435114503804
20260413,SA2608,1209.0,24597.0,54079.0,0.01985111662531036
20260413,SA2609,1211.0,340485.0,663301.0,0.2378199834847221
20260413,SA2610,1235.0,536.0,10629.0,-0.038866396761134236
20260413,SA2611,1231.0,934.0,17145.0,0.3314378554021111
20260413,SA2612,1265.0,266.0,7475.0,0.0007461029444419729
20260413,SA2701,1272.0,10514.0,40220.0,0.2264150943396226
20260413,SA2702,1296.0,117.0,2548.0,0.01851851851851727
20260413,SA2703,1298.0,159.0,790.0,0.0
20260414,SA2604,1153.0,22.0,4093.0,0.09366869037293934
20260414,SA2605,1162.0,470742.0,450922.0,0.2685025817555937
20260414,SA2606,1188.0,43147.0,60730.0,0.050505050505049276
20260414,SA2607,1193.0,53471.0,129784.0,0.2615255658005031
20260414,SA2608,1219.0,31231.0,52663.0,0.009844134536505678
20260414,SA2609,1220.0,386423.0,737080.0,0.16721311475409895
20260414,SA2610,1237.0,638.0,10624.0,0.01940177849636271
20260414,SA2611,1239.0,471.0,17247.0,0.3389830508474585
20260414,SA2612,1274.0,145.0,7458.0,0.0005291658582188387
20260414,SA2701,1279.0,8711.0,45089.0,0.22517591868647457
20260414,SA2702,1303.0,60.0,2551.0,0.00920951650038404
20260414,SA2703,1304.0,81.0,817.0,0.0
20260415,SA2604,1157.0,78.0,0.0,0.12445980985306715
20260415,SA2605,1169.0,281891.0,386649.0,0.2463644140290855
20260415,SA2606,1193.0,40987.0,57733.0,0.0502933780385586
20260415,SA2607,1198.0,42210.0,130556.0,0.26043405676126774
20260415,SA2608,1224.0,29277.0,52554.0,0.019607843137254832
20260415,SA2609,1226.0,351106.0,779107.0,0.19575856443719353
20260415,SA2610,1246.0,368.0,10696.0,-0.019261637239165186
20260415,SA2611,1244.0,400.0,17333.0,0.3279742765273319
20260415,SA2612,1278.0,151.0,7459.0,0.0005275096270506863
20260415,SA2701,1283.0,9400.0,50274.0,0.22447388932190293
20260415,SA2702,1307.0,261.0,2755.0,0.009181331293037331
20260415,SA2703,1308.0,106.0,858.0,0.0
20260416,SA2605,1173.0,268675.0,296818.0,0.3069053708439897
20260416,SA2606,1203.0,36745.0,55317.0,0.07980049875311668
20260416,SA2607,1211.0,50863.0,129130.0,0.2774566473988438
20260416,SA2608,1239.0,39910.0,50342.0,0.019370460048426352
20260416,SA2609,1241.0,644381.0,839623.0,0.1740531829170031
20260416,SA2610,1259.0,810.0,10708.0,0.009531374106433788
20260416,SA2611,1260.0,1099.0,17339.0,0.3047619047619037
20260416,SA2612,1292.0,263.0,7409.0,0.0004174348627682937
20260416,SA2701,1296.0,12467.0,53363.0,0.15740740740740744
20260416,SA2702,1313.0,287.0,2603.0,0.018278750952017475
20260416,SA2703,1315.0,321.0,937.0,0.14600760456273676
20260416,SA2704,1331.0,189.0,147.0,0.0
20260417,SA2605,1168.0,134840.0,253398.0,0.31849315068493045
20260417,SA2606,1199.0,38570.0,54636.0,0.07005838198498804
20260417,SA2607,1206.0,49007.0,126571.0,0.2786069651741281
20260417,SA2608,1234.0,42691.0,50824.0,0.038897893030794606
20260417,SA2609,1238.0,630134.0,866886.0,0.17447495961227677
20260417,SA2610,1256.0,602.0,10662.0,-0.009554140127388866
20260417,SA2611,1255.0,1795.0,17343.0,0.334661354581673
20260417,SA2612,1290.0,179.0,7397.0,0.0005226025607525486
20260417,SA2701,1295.0,10818.0,56482.0,0.1760617760617773
20260417,SA2702,1314.0,178.0,2558.0,0.018264840182649067
20260417,SA2703,1316.0,360.0,928.0,0.10942249240121615
20260417,SA2704,1328.0,98.0,209.0,0.0
20260420,SA2605,1171.0,97985.0,216057.0,0.3484201537147733
20260420,SA2606,1205.0,87928.0,57153.0,0.05975103734439813
20260420,SA2607,1211.0,106103.0,128624.0,0.3170933113129655
20260420,SA2608,1243.0,51975.0,50890.0,0.0386162510056316
20260420,SA2609,1247.0,638189.0,885710.0,0.14434643143544523
20260420,SA2610,1262.0,811.0,10911.0,0.01901743264659217
20260420,SA2611,1264.0,805.0,17414.0,0.33227848101265867
20260420,SA2612,1299.0,120.0,7404.0,0.0005189817577912112
20260420,SA2701,1304.0,10113.0,59339.0,0.16564417177914148
20260420,SA2702,1322.0,189.0,2526.0,0.0
20260420,SA2703,1322.0,186.0,1018.0,0.10892586989410091
20260420,SA2704,1334.0,76.0,248.0,0.0
20260421,SA2605,1171.0,58186.0,189362.0,0.3484201537147733
20260421,SA2606,1205.0,151910.0,56432.0,0.07966804979253084
20260421,SA2607,1213.0,174684.0,127121.0,0.27699917559769105
20260421,SA2608,1241.0,32997.0,49191.0,0.05801772763900104
20260421,SA2609,1247.0,514606.0,893173.0,0.16359262229350424
20260421,SA2610,1264.0,476.0,10916.0,0.018987341772152
20260421,SA2611,1266.0,637.0,17506.0,0.3033175355450233
20260421,SA2612,1298.0,242.0,7452.0,0.0006232579075847171
20260421,SA2701,1304.0,11230.0,63997.0,0.1380368098159508
20260421,SA2702,1319.0,213.0,2539.0,0.018195602729339733
20260421,SA2703,1321.0,261.0,1076.0,0.13626040878122758
20260421,SA2704,1336.0,115.0,302.0,0.0
20260422,SA2605,1186.0,86159.0,147087.0,0.3338954468802706
20260422,SA2606,1219.0,63647.0,55200.0,0.09844134536505411
20260422,SA2607,1229.0,88467.0,131304.0,0.29292107404393697
20260422,SA2608,1259.0,51554.0,50643.0,0.06671961874503651
20260422,SA2609,1266.0,787065.0,906714.0,0.11374407582938506
20260422,SA2610,1278.0,989.0,11364.0,0.04694835680751108
20260422,SA2611,1283.0,2010.0,17458.0,0.280592361652376
20260422,SA2612,1313.0,2264.0,8865.0,0.0007188272846299306
20260422,SA2701,1320.0,20011.0,71505.0,0.1272727272727261
20260422,SA2702,1334.0,91.0,2515.0,0.01799100449775093
20260422,SA2703,1336.0,218.0,1164.0,0.1257485029940133
20260422,SA2704,1350.0,188.0,419.0,0.0
20260423,SA2605,1175.0,47054.0,132059.0,0.33702127659574543
20260423,SA2606,1208.0,37807.0,53105.0,0.0894039735099339
20260423,SA2607,1217.0,59800.0,130564.0,0.32539030402629354
20260423,SA2608,1250.0,33503.0,49945.0,0.0384000000000011
20260423,SA2609,1254.0,597547.0,899129.0,0.18181818181818166
20260423,SA2610,1273.0,701.0,11544.0,0.0
20260423,SA2611,1273.0,966.0,17580.0,0.32992930086410066
20260423,SA2612,1308.0,1366.0,7735.0,0.0005154107823935821
20260423,SA2701,1313.0,17135.0,69419.0,0.1370906321401364
20260423,SA2702,1328.0,69.0,2509.0,0.009036144578312033
20260423,SA2703,1329.0,235.0,1215.0,0.12641083521444774
20260423,SA2704,1343.0,210.0,538.0,0.0
20260424,SA2605,1166.0,35340.0,117110.0,0.3602058319039454
20260424,SA2606,1201.0,53733.0,53757.0,0.06994171523730142
20260424,SA2607,1208.0,64772.0,131491.0,0.3278145695364225
20260424,SA2608,1241.0,57096.0,49376.0,0.05801772763900104
20260424,SA2609,1247.0,470164.0,890710.0,0.19246190858059276
20260424,SA2610,1267.0,800.0,11615.0,-0.009471191791634137
20260424,SA2611,1266.0,702.0,17486.0,0.3317535545023702
20260424,SA2612,1301.0,948.0,6996.0,0.00031091036281513445
20260424,SA2701,1304.0,8015.0,69864.0,0.15644171779141214
20260424,SA2702,1321.0,56.0,2502.0,-0.009084027252082016
20260424,SA2703,1320.0,211.0,1324.0,0.13636363636363757
20260424,SA2704,1335.0,210.0,676.0,0.0
20260427,SA2605,1179.0,44998.0,90320.0,0.3155216284987272
20260427,SA2606,1210.0,47861.0,51120.0,0.07933884297520688
20260427,SA2607,1218.0,78743.0,130120.0,0.334975369458129
20260427,SA2608,1252.0,42645.0,48462.0,0.06709265175718837
20260427,SA2609,1259.0,540655.0,910073.0,0.15250198570293794
20260427,SA2610,1275.0,291.0,11653.0,0.03764705882352981
20260427,SA2611,1279.0,654.0,17570.0,0.300234558248631
20260427,SA2612,1311.0,275.0,7013.0,0.0005142313526855865
20260427,SA2701,1316.0,8765.0,71354.0,0.1458966565349531
20260427,SA2702,1332.0,83.0,2503.0,0.0
20260427,SA2703,1332.0,84.0,1354.0,0.11711711711711814
20260427,SA2704,1345.0,91.0,707.0,0.0
20260428,SA2605,1168.0,36321.0,67287.0,0.25684931506849384
20260428,SA2606,1193.0,56128.0,47047.0,0.0804694048616943
20260428,SA2607,1201.0,110212.0,133393.0,0.29975020815986664
20260428,SA2608,1231.0,45768.0,47178.0,0.058489033306254434
20260428,SA2609,1237.0,917026.0,912404.0,0.19401778496362176
20260428,SA2610,1257.0,756.0,11679.0,0.009546539379473806
20260428,SA2611,1258.0,1185.0,17531.0,0.33386327503974567
20260428,SA2612,1293.0,396.0,7022.0,0.00031283401548527816
20260428,SA2701,1296.0,15636.0,72204.0,0.185185185185186
20260428,SA2702,1316.0,165.0,2453.0,-0.018237082066869803
20260428,SA2703,1314.0,319.0,1241.0,0.18264840182648534
20260428,SA2704,1334.0,178.0,714.0,0.0
20260429,SA2605,1163.0,27731.0,47587.0,0.28890799656061983
20260429,SA2606,1191.0,102252.0,38400.0,0.1209068010075578
20260429,SA2607,1203.0,122879.0,131295.0,0.29925187032418954
20260429,SA2608,1233.0,63319.0,47692.0,0.0486618004866175
20260429,SA2609,1238.0,519753.0,897335.0,0.17447495961227677
20260429,SA2610,1256.0,343.0,11707.0,0.009554140127387534
20260429,SA2611,1257.0,612.0,17592.0,0.3150357995226729
20260429,SA2612,1290.0,231.0,7021.0,0.00041808204860202693
20260429,SA2701,1294.0,9046.0,73553.0,0.15765069551777433
20260429,SA2702,1311.0,75.0,2420.0,0.0366132723112127
20260429,SA2703,1315.0,87.0,1233.0,0.1642585551330802
20260429,SA2704,1333.0,85.0,745.0,0.0
20260430,SA2605,1171.0,47471.0,7146.0,0.24594363791631135
20260430,SA2606,1195.0,61721.0,34163.0,0.090376569037657
20260430,SA2607,1204.0,110961.0,135890.0,0.2990033222591375
20260430,SA2608,1234.0,64821.0,51467.0,0.048622366288491925
20260430,SA2609,1239.0,643232.0,850665.0,0.15496368038740815
20260430,SA2610,1255.0,886.0,11591.0,0.019123505976096133
20260430,SA2611,1257.0,2033.0,17671.0,0.3245823389021467
20260430,SA2612,1291.0,190.0,7013.0,0.00041775820503223864
20260430,SA2701,1295.0,12826.0,74709.0,0.1297297297297284
20260430,SA2702,1309.0,162.0,2401.0,0.027501909854851903
20260430,SA2703,1312.0,205.0,1203.0,0.1646341463414629
20260430,SA2704,1330.0,153.0,715.0,0.0
20260506,SA2605,1186.0,2546.0,5168.0,0.31365935919055765
20260506,SA2606,1217.0,17152.0,32756.0,0.09860312243220992
20260506,SA2607,1227.0,69161.0,143802.0,0.33251833740831316
20260506,SA2608,1261.0,21508.0,54268.0,0.057097541633623905
20260506,SA2609,1267.0,622370.0,917476.0,0.1420678768745054
20260506,SA2610,1282.0,18106.0,25028.0,0.028081123244929174
20260506,SA2611,1285.0,1815.0,17709.0,0.30817120622567984
20260506,SA2612,1318.0,274.0,7044.0,0.00040920018414008244
20260506,SA2701,1322.0,20486.0,83169.0,0.0907715582450841
20260506,SA2702,1332.0,128.0,2453.0,0.036036036036036556
20260506,SA2703,1336.0,258.0,1357.0,0.11676646706586702
20260506,SA2704,1349.0,533.0,1086.0,0.0
20260507,SA2605,1187.0,281.0,5041.0,0.283066554338669
20260507,SA2606,1215.0,11234.0,31112.0,0.10864197530864228
20260507,SA2607,1226.0,87109.0,145504.0,0.32300163132136905
20260507,SA2608,1259.0,34840.0,56225.0,0.06671961874503651
20260507,SA2609,1266.0,782883.0,954501.0,0.14218009478672933
20260507,SA2610,1281.0,14993.0,31667.0,0.0374707259953162
20260507,SA2611,1285.0,2218.0,18277.0,0.2894941634241235
20260507,SA2612,1316.0,722.0,7370.0,0.0005122775861480281
20260507,SA2701,1321.0,22112.0,89768.0,0.10900832702498153
20260507,SA2702,1333.0,320.0,2680.0,0.0
20260507,SA2703,1333.0,968.0,1740.0,0.0900225056264059
20260507,SA2704,1343.0,874.0,1815.0,0.0
20260508,SA2605,1164.0,371.0,4670.0,0.19587628865979312
20260508,SA2606,1183.0,17198.0,29287.0,0.09129332206255292
20260508,SA2607,1192.0,99852.0,152632.0,0.2919463087248326
20260508,SA2608,1221.0,36210.0,57803.0,0.06879606879607003
20260508,SA2609,1228.0,950356.0,1004238.0,0.1856677524429955
20260508,SA2610,1247.0,24025.0,37750.0,0.03849238171611802
20260508,SA2611,1251.0,1966.0,18748.0,0.29736211031174964
20260508,SA2612,1282.0,388.0,7463.0,0.0003155182387070694
20260508,SA2701,1285.0,30318.0,98105.0,0.158754863813229
20260508,SA2702,1302.0,140.0,2619.0,0.03686635944700534
20260508,SA2703,1306.0,425.0,1578.0,0.16539050535987698
20260508,SA2704,1324.0,203.0,1737.0,0.0
20260511,SA2605,1151.0,254.0,4433.0,0.31277150304083445
20260511,SA2606,1181.0,14262.0,27002.0,0.0914479254868743
20260511,SA2607,1190.0,126214.0,151676.0,0.30252100840336027
20260511,SA2608,1220.0,42398.0,58089.0,0.06885245901639259
20260511,SA2609,1227.0,854078.0,1045930.0,0.17603911980440046
20260511,SA2610,1245.0,40866.0,39038.0,0.04819277108433795
20260511,SA2611,1250.0,2593.0,19537.0,0.2975999999999992
20260511,SA2612,1281.0,771.0,7576.0,0.00021050969660289998
20260511,SA2701,1283.0,29753.0,106281.0,0.1590023382696817
20260511,SA2702,1300.0,152.0,2618.0,0.036923076923075726
20260511,SA2703,1304.0,344.0,1558.0,0.12883435582822145
20260511,SA2704,1318.0,261.0,1741.0,0.0
20260512,SA2605,1140.0,218.0,4036.0,0.3789473684210538
20260512,SA2606,1176.0,10617.0,26757.0,0.08163265306122458
20260512,SA2607,1184.0,101046.0,155120.0,0.3243243243243237
20260512,SA2608,1216.0,48250.0,58225.0,0.04934210526315663
20260512,SA2609,1221.0,678565.0,1049272.0,0.17690417690417704
20260512,SA2610,1239.0,28433.0,40249.0,0.038740920096852705
20260512,SA2611,1243.0,790.0,19635.0,0.2799678197908291
20260512,SA2612,1272.0,269.0,7524.0,0.000529997880008491
20260512,SA2701,1277.0,11341.0,107995.0,0.16914643696163
20260512,SA2702,1295.0,91.0,2631.0,0.027799227799228277
20260512,SA2703,1298.0,205.0,1623.0,0.1386748844375969
20260512,SA2704,1313.0,184.0,1798.0,0.0
20260513,SA2605,1144.0,470.0,3620.0,0.33566433566433496
20260513,SA2606,1176.0,39089.0,25921.0,0.10204081632653139
20260513,SA2607,1186.0,110797.0,156259.0,0.31365935919055765
20260513,SA2608,1217.0,29533.0,55918.0,0.04930156121610629
20260513,SA2609,1222.0,659658.0,1062418.0,0.17675941080196456
20260513,SA2610,1240.0,47157.0,43152.0,0.05806451612903274
20260513,SA2611,1246.0,1785.0,19978.0,0.2889245585874791
20260513,SA2612,1276.0,406.0,7461.0,0.0003170018667887615
20260513,SA2701,1279.0,19795.0,113249.0,0.16888193901485593
20260513,SA2702,1297.0,73.0,2637.0,0.03700848111025401
20260513,SA2703,1301.0,156.0,1634.0,0.10146041506533532
20260513,SA2704,1312.0,165.0,1812.0,0.0
20260514,SA2605,1140.0,445.0,3178.0,0.16842105263157947
20260514,SA2606,1156.0,9964.0,23092.0,0.11418685121107242
20260514,SA2607,1167.0,126203.0,159380.0,0.3598971722365043
20260514,SA2608,1202.0,54223.0,55344.0,0.05990016638935103
20260514,SA2609,1208.0,629826.0,1113876.0,0.1986754966887414
20260514,SA2610,1228.0,24609.0,44816.0,0.029315960912050798
20260514,SA2611,1231.0,1511.0,20049.0,0.311941510966693
20260514,SA2612,1263.0,460.0,7553.0,0.00010675491739837304
20260514,SA2701,1264.0,14708.0,115625.0,0.19936708860759467
20260514,SA2702,1285.0,103.0,2626.0,0.03735408560311271
20260514,SA2703,1289.0,300.0,1626.0,0.14895267649340482
20260514,SA2704,1305.0,178.0,1762.0,0.0
20260515,SA2605,1108.0,153.0,3124.0,0.36823104693140785
20260515,SA2606,1142.0,10426.0,21486.0,0.0840630472854631
20260515,SA2607,1150.0,107276.0,163942.0,0.3652173913043484
20260515,SA2608,1185.0,36479.0,56679.0,0.050632911392404445
20260515,SA2609,1190.0,700380.0,1176989.0,0.20168067226890685
20260515,SA2610,1210.0,23142.0,47787.0,0.02975206611570158
20260515,SA2611,1213.0,1314.0,20357.0,0.30667765869744557
20260515,SA2612,1244.0,246.0,7528.0,0.0003251562556450781
20260515,SA2701,1247.0,17129.0,120167.0,0.22133119486768127
20260515,SA2702,1270.0,128.0,2614.0,0.0
20260515,SA2703,1270.0,351.0,1611.0,0.17007874015747948
20260515,SA2704,1288.0,255.0,1632.0,0.0
20260518,SA2605,1114.0,185.0,3119.0,0.37701974865350163
20260518,SA2606,1149.0,5853.0,19012.0,0.11488250652741616
20260518,SA2607,1160.0,143240.0,158275.0,0.34137931034482794
20260518,SA2608,1193.0,54444.0,57337.0,0.0502933780385586
20260518,SA2609,1198.0,817056.0,1175206.0,0.23038397328881377
20260518,SA2610,1221.0,34184.0,50699.0,0.0
20260518,SA2611,1221.0,1787.0,20489.0,0.28501228501228404
20260518,SA2612,1250.0,424.0,7562.0,0.00032359550561797184
20260518,SA2701,1253.0,16208.0,124223.0,0.2298483639265756
20260518,SA2702,1277.0,71.0,2622.0,-0.018794048551292075
20260518,SA2703,1275.0,246.0,1612.0,0.1788235294117646
20260518,SA2704,1294.0,278.0,1629.0,0.0
20260519,SA2605,1109.0,846.0,0.0,0.367899008115419
20260519,SA2606,1143.0,3765.0,18371.0,0.11548556430446233
20260519,SA2607,1154.0,89448.0,153530.0,0.3535528596187172
20260519,SA2608,1188.0,35742.0,57300.0,0.050505050505049276
20260519,SA2609,1193.0,424845.0,1193962.0,0.2212908633696573
20260519,SA2610,1215.0,12215.0,51182.0,0.0
20260519,SA2611,1215.0,1441.0,20304.0,0.2864197530864203
20260519,SA2612,1244.0,959.0,7257.0,0.0
20260519,SA2701,1244.0,12643.0,128136.0,0.2122186495176841
20260519,SA2702,1266.0,73.0,2623.0,0.01895734597156462
20260519,SA2703,1268.0,105.0,1684.0,0.22712933753943343
20260519,SA2704,1292.0,64.0,1636.0,0.0
20260520,SA2606,1130.0,3326.0,17042.0,0.10619469026548689
20260520,SA2607,1140.0,131306.0,150348.0,0.3578947368421064
20260520,SA2608,1174.0,64491.0,56086.0,0.040885860306643984
20260520,SA2609,1178.0,598971.0,1242462.0,0.22410865874363406
20260520,SA2610,1200.0,19091.0,51022.0,0.02999999999999936
20260520,SA2611,1203.0,2509.0,20161.0,0.3092269326683281
20260520,SA2612,1234.0,812.0,6935.0,-0.00021852748893704834
20260520,SA2701,1232.0,19260.0,130395.0,0.2727272727272725
20260520,SA2702,1260.0,317.0,2452.0,0.01904761904761898
20260520,SA2703,1262.0,604.0,1759.0,0.2472266244057062
20260520,SA2704,1288.0,559.0,1234.0,-0.01863354037267051
20260520,SA2705,1286.0,352.0,251.0,0.0
20260521,SA2606,1134.0,1873.0,16059.0,0.13756613756613856
20260521,SA2607,1147.0,163533.0,137273.0,0.30340017436791733
20260521,SA2608,1176.0,70865.0,55472.0,0.06122448979591777
20260521,SA2609,1182.0,796727.0,1218629.0,0.20304568527918665
20260521,SA2610,1202.0,32471.0,49667.0,0.03993344425956735
20260521,SA2611,1206.0,2354.0,19786.0,0.28855721393034894
20260521,SA2612,1235.0,1684.0,7401.0,0.00032752581540280534
20260521,SA2701,1238.0,24200.0,132772.0,0.2423263327948293
20260521,SA2702,1263.0,158.0,2413.0,0.019002375296913065
20260521,SA2703,1265.0,471.0,1681.0,0.21818181818181692
20260521,SA2704,1288.0,196.0,1200.0,0.01863354037267051
20260521,SA2705,1290.0,751.0,759.0,0.0
20260522,SA2606,1136.0,2069.0,15435.0,0.09507042253521014
20260522,SA2607,1145.0,110593.0,135550.0,0.335371179039301
20260522,SA2608,1177.0,41199.0,53959.0,0.040781648258282566
20260522,SA2609,1181.0,492465.0,1233211.0,0.21337849280270937
20260522,SA2610,1202.0,18883.0,49041.0,0.029950083194675514
20260522,SA2611,1205.0,1361.0,19756.0,0.29875518672199064
20260522,SA2612,1235.0,180.0,7403.0,0.00021835054360187025
20260522,SA2701,1237.0,11873.0,132722.0,0.22312045270816583
20260522,SA2702,1260.0,30.0,2420.0,0.04761904761904745
20260522,SA2703,1265.0,133.0,1719.0,0.21818181818181692
20260522,SA2704,1288.0,68.0,1177.0,0.009316770186335255
20260522,SA2705,1289.0,254.0,855.0,0.0
20260525,SA2606,1168.0,4727.0,12887.0,0.102739726027397
20260525,SA2607,1178.0,273245.0,127684.0,0.3463497453310689
20260525,SA2608,1212.0,147169.0,59775.0,0.05940594059405946
20260525,SA2609,1218.0,1172713.0,1149551.0,0.206896551724137
20260525,SA2610,1239.0,39149.0,49262.0,0.009685230024213176
20260525,SA2611,1240.0,3337.0,19755.0,0.25161290322580676
20260525,SA2612,1266.0,712.0,7521.0,0.0005325097183023471
20260525,SA2701,1271.0,31453.0,132995.0,0.2171518489378439
20260525,SA2702,1294.0,208.0,2398.0,0.01854714064915086
20260525,SA2703,1296.0,615.0,1702.0,0.185185185185186
20260525,SA2704,1316.0,166.0,1189.0,0.009118541033434902
20260525,SA2705,1317.0,687.0,1147.0,0.0
20260526,SA2606,1151.0,3179.0,11530.0,0.13553431798436133
20260526,SA2607,1164.0,186105.0,112550.0,0.28865979381443196
20260526,SA2608,1192.0,96185.0,59155.0,0.0604026845637593
20260526,SA2609,1198.0,938174.0,1154841.0,0.2103505843071778
20260526,SA2610,1219.0,30110.0,48918.0,0.019688269073011355
20260526,SA2611,1221.0,11470.0,25043.0,0.26535626535626555
20260526,SA2612,1248.0,293.0,7506.0,0.000540190146931733
20260526,SA2701,1253.0,27167.0,138406.0,0.18196328810853846
20260526,SA2702,1272.0,97.0,2403.0,0.06603773584905692
20260526,SA2703,1279.0,396.0,1742.0,0.17826426896012482
20260526,SA2704,1298.0,110.0,1175.0,0.009244992295839971
20260526,SA2705,1299.0,801.0,1439.0,0.0
20260527,SA2606,1148.0,1325.0,10987.0,0.13588850174216116
20260527,SA2607,1161.0,146400.0,109170.0,0.3410852713178292
20260527,SA2608,1194.0,98730.0,59869.0,0.08040201005025072
20260527,SA2609,1202.0,611512.0,1148950.0,0.18968386023294492
20260527,SA2610,1221.0,63480.0,48364.0,0.03931203931203964
20260527,SA2611,1225.0,1341.0,25309.0,0.2742857142857149
20260527,SA2612,1253.0,237.0,7525.0,0.00043042764780258105
20260527,SA2701,1257.0,13649.0,138967.0,0.18138424821002364
20260527,SA2702,1276.0,65.0,2432.0,0.028213166144199775
20260527,SA2703,1279.0,246.0,1756.0,0.19702892885066525
20260527,SA2704,1300.0,148.0,1285.0,0.027692307692308127
20260527,SA2705,1303.0,445.0,1585.0,0.0
20260528,SA2606,1152.0,2689.0,9241.0,0.13541666666666785
20260528,SA2607,1165.0,113336.0,93050.0,0.32961373390557913
20260528,SA2608,1197.0,78121.0,56386.0,0.07017543859649056
20260528,SA2609,1204.0,497145.0,1149650.0,0.20930232558139572
20260528,SA2610,1225.0,58510.0,47655.0,0.02938775510204117
20260528,SA2611,1228.0,2600.0,26117.0,0.2736156351791532
20260528,SA2612,1256.0,192.0,7567.0,0.00032204966721534003
20260528,SA2701,1259.0,13570.0,140929.0,0.20015885623510687
20260528,SA2702,1280.0,45.0,2423.0,0.028125000000001066
20260528,SA2703,1283.0,540.0,1832.0,0.1590023382696817
20260528,SA2704,1300.0,55.0,1271.0,0.0
20260528,SA2705,1300.0,781.0,2047.0,0.0
20260529,SA2606,1156.0,4426.0,8006.0,0.14532871972318429
20260529,SA2607,1170.0,160133.0,80120.0,0.3589743589743577
20260529,SA2608,1205.0,63418.0,54880.0,0.09958506224066355
20260529,SA2609,1215.0,717814.0,1107329.0,0.2469135802469138
20260529,SA2610,1240.0,56149.0,47273.0,0.04838709677419484
20260529,SA2611,1245.0,9233.0,29856.0,0.23132530120481842
20260529,SA2612,1269.0,1008.0,7184.0,0.00021250033203176912
20260529,SA2701,1271.0,22470.0,141068.0,0.18882769472855898
20260529,SA2702,1291.0,381.0,2387.0,-0.00929512006196731
20260529,SA2703,1290.0,734.0,2114.0,0.15813953488372068
20260529,SA2704,1307.0,84.0,1309.0,-0.018362662586074663
20260529,SA2705,1305.0,2008.0,3637.0,0.0
20260601,SA2606,1164.0,602.0,7531.0,0.12371134020618513
20260601,SA2607,1176.0,64223.0,76070.0,0.3571428571428559
20260601,SA2608,1211.0,67348.0,60764.0,0.09909165978530154
20260601,SA2609,1221.0,952322.0,1073494.0,0.22604422604422592
20260601,SA2610,1244.0,99821.0,55950.0,0.057877813504823905
20260601,SA2611,1250.0,92702.0,80782.0,0.2400000000000002
20260601,SA2612,1275.0,1181.0,7117.0,0.00021150033046925362
20260601,SA2701,1277.0,30219.0,142905.0,0.17854346123727538
20260601,SA2702,1296.0,130.0,2444.0,0.009259259259258634
20260601,SA2703,1297.0,632.0,2168.0,0.13878180416345387
20260601,SA2704,1312.0,94.0,1337.0,0.04573170731707421
20260601,SA2705,1317.0,1875.0,4462.0,0.0
20260602,SA2606,1157.0,450.0,7076.0,0.06222990492653491
20260602,SA2607,1163.0,20081.0,70933.0,0.3404987102321586
20260602,SA2608,1196.0,73352.0,60679.0,0.10033444816053638
20260602,SA2609,1206.0,533748.0,1104837.0,0.2487562189054735
20260602,SA2610,1231.0,67631.0,55442.0,0.058489033306254434
20260602,SA2611,1237.0,60529.0,87155.0,0.22312045270816583
20260602,SA2612,1260.0,343.0,7036.0,0.000321027287319421
20260602,SA2701,1263.0,15520.0,146139.0,0.19952494061757786
20260602,SA2702,1284.0,42.0,2440.0,0.0
20260602,SA2703,1284.0,181.0,2114.0,0.17757009345794295
20260602,SA2704,1303.0,55.0,1312.0,-0.00920951650038404
20260602,SA2705,1302.0,569.0,4537.0,0.0
20260603,SA2606,1142.0,391.0,6764.0,0.1260945709281973
20260603,SA2607,1154.0,23414.0,64710.0,0.39514731369150713
20260603,SA2608,1192.0,130543.0,64141.0,0.08053691275167907
20260603,SA2609,1200.0,661215.0,1108480.0,0.2499999999999991
20260603,SA2610,1225.0,95821.0,57102.0,0.07836734693877645
20260603,SA2611,1233.0,91548.0,87968.0,0.2238442822384421
20260603,SA2612,1256.0,634.0,6922.0,0.00032204966721534003
20260603,SA2701,1259.0,21400.0,149216.0,0.20015885623510687
20260603,SA2702,1280.0,125.0,2436.0,0.0
20260603,SA2703,1280.0,279.0,2056.0,0.17812500000000053
20260603,SA2704,1299.0,48.0,1305.0,0.018475750577366057
20260603,SA2705,1301.0,602.0,4474.0,0.0
20260604,SA2606,1130.0,369.0,6660.0,0.11681415929203531
20260604,SA2607,1141.0,24970.0,60874.0,0.35758106923750965
20260604,SA2608,1175.0,161214.0,64804.0,0.0714893617021275
20260604,SA2609,1182.0,773344.0,1160633.0,0.23350253807106558
20260604,SA2610,1205.0,50701.0,51869.0,0.06970954356846448
20260604,SA2611,1212.0,127323.0,88958.0,0.2277227722772288
20260604,SA2612,1235.0,586.0,6843.0,0.00010917527180093512
20260604,SA2701,1236.0,33896.0,158646.0,0.23300970873786397
20260604,SA2702,1260.0,110.0,2414.0,0.02857142857142847
20260604,SA2703,1263.0,545.0,2004.0,0.19952494061757786
20260604,SA2704,1284.0,190.0,1228.0,0.0
20260604,SA2705,1284.0,1167.0,4456.0,0.0
20260605,SA2606,1115.0,604.0,6578.0,0.07533632286995484
20260605,SA2607,1122.0,24309.0,61713.0,0.352941176470587
20260605,SA2608,1155.0,134220.0,64504.0,0.0727272727272732
20260605,SA2609,1162.0,799388.0,1248379.0,0.23752151462994942
20260605,SA2610,1185.0,117406.0,55291.0,0.050632911392404445
20260605,SA2611,1190.0,151282.0,94512.0,0.24201680672268822
20260605,SA2612,1214.0,495.0,6817.0,0.0003331914184699202
20260605,SA2701,1217.0,36561.0,167079.0,0.2070665571076411
20260605,SA2702,1238.0,156.0,2389.0,0.06785137318255252
20260605,SA2703,1245.0,369.0,2133.0,0.18313253012048314
20260605,SA2704,1264.0,96.0,1210.0,0.018987341772152
20260605,SA2705,1266.0,1016.0,4495.0,0.0
20260608,SA2606,1108.0,137.0,6577.0,0.09747292418772435
20260608,SA2607,1117.0,20043.0,61548.0,0.35452103849597094
20260608,SA2608,1150.0,189147.0,69030.0,0.07304347826087021
20260608,SA2609,1157.0,684134.0,1279228.0,0.21780466724286818
20260608,SA2610,1178.0,85539.0,54853.0,0.030560271646860038
20260608,SA2611,1181.0,255483.0,94327.0,0.2743437764606256
20260608,SA2612,1208.0,1384.0,6900.0,0.0003348463427338248
20260608,SA2701,1211.0,36531.0,173506.0,0.20809248554913218
20260608,SA2702,1232.0,178.0,2397.0,0.0487012987012978
20260608,SA2703,1237.0,131.0,2179.0,0.1843168957154404
20260608,SA2704,1256.0,70.0,1211.0,0.0
20260608,SA2705,1256.0,1093.0,4704.0,0.0
20260609,SA2606,1110.0,195.0,6477.0,0.0648648648648642
20260609,SA2607,1116.0,13188.0,61659.0,0.29032258064516103
20260609,SA2608,1143.0,94505.0,70147.0,0.09448818897637778
20260609,SA2609,1152.0,648136.0,1336847.0,0.23958333333333215
20260609,SA2610,1175.0,71971.0,55364.0,0.051063829787232784
20260609,SA2611,1180.0,143404.0,93787.0,0.2949152542372868
20260609,SA2612,1209.0,758.0,7115.0,0.0005576156355424109
20260609,SA2701,1214.0,36527.0,172338.0,0.17792421746293208
20260609,SA2702,1232.0,163.0,2441.0,0.0487012987012978
20260609,SA2703,1237.0,146.0,2197.0,0.20371867421180312
20260609,SA2704,1258.0,69.0,1207.0,0.019077901430841315
20260609,SA2705,1260.0,703.0,4651.0,0.0
20260610,SA2606,1108.0,660.0,6163.0,0.07581227436823212
20260610,SA2607,1115.0,17161.0,59216.0,0.3121076233183855
20260610,SA2608,1144.0,92165.0,66126.0,0.08391608391608507
20260610,SA2609,1152.0,700035.0,1355378.0,0.23958333333333215
20260610,SA2610,1175.0,75011.0,55368.0,0.051063829787232784
20260610,SA2611,1180.0,163712.0,99371.0,0.274576271186441
20260610,SA2612,1207.0,812.0,7060.0,0.0003351237630675114
20260610,SA2701,1210.0,32357.0,172491.0,0.19834710743801587
20260610,SA2702,1230.0,154.0,2446.0,0.039024390243901586
20260610,SA2703,1234.0,269.0,2132.0,0.21393841166936767
20260610,SA2704,1256.0,85.0,1192.0,0.009554140127387534
20260610,SA2705,1257.0,777.0,4741.0,0.0
20260611,SA2606,1107.0,144.0,6054.0,0.054200542005419905
20260611,SA2607,1112.0,68955.0,51607.0,0.4100719424460433
20260611,SA2608,1150.0,104525.0,64915.0,0.08347826086956633
20260611,SA2609,1158.0,698984.0,1337031.0,0.22797927461139889
20260611,SA2610,1180.0,98976.0,52480.0,0.05084745762711851
20260611,SA2611,1185.0,188152.0,103941.0,0.2531645569620249
20260611,SA2612,1210.0,535.0,6925.0,0.00022286191846967475
20260611,SA2701,1212.0,33424.0,174826.0,0.2079207920792081
20260611,SA2702,1233.0,176.0,2446.0,0.0486618004866175
20260611,SA2703,1238.0,294.0,2036.0,0.20355411954765756
20260611,SA2704,1259.0,54.0,1189.0,0.009531374106433788
20260611,SA2705,1260.0,951.0,4788.0,0.0
20260612,SA2606,0.0,587.0,0.0,0.0
20260612,SA2607,1103.0,18216.0,43776.0,0.4025385312783323
20260612,SA2608,1140.0,95802.0,66985.0,0.10526315789473717
20260612,SA2609,1150.0,600400.0,1394526.0,0.26086956521739246
20260612,SA2610,1175.0,71780.0,53931.0,0.051063829787232784
20260612,SA2611,1180.0,115735.0,105876.0,0.2440677966101683
20260612,SA2612,1204.0,510.0,6962.0,0.00011198626301840754
20260612,SA2701,1205.0,26930.0,176099.0,0.22904564315352616
20260612,SA2702,1228.0,146.0,2456.0,0.048859934853418885
20260612,SA2703,1233.0,215.0,2055.0,0.19464720194647267
20260612,SA2704,1253.0,48.0,1172.0,0.019154030327214855
20260612,SA2705,1255.0,666.0,4807.0,0.0
20260615,SA2607,1120.0,20191.0,33466.0,0.4285714285714297
20260615,SA2608,1160.0,134163.0,62740.0,0.08275862068965534
20260615,SA2609,1168.0,1150913.0,1282293.0,0.2671232876712333
20260615,SA2610,1194.0,161532.0,52259.0,0.04020100502512669
20260615,SA2611,1198.0,238521.0,102816.0,0.23038397328881377
20260615,SA2612,1221.0,2329.0,8206.0,0.00044170830687684985
20260615,SA2701,1225.0,59441.0,184011.0,0.20571428571428552
20260615,SA2702,1246.0,328.0,2511.0,0.04815409309791363
20260615,SA2703,1251.0,475.0,2076.0,0.21103117505995161
20260615,SA2704,1273.0,152.0,1215.0,0.0
20260615,SA2705,1273.0,2094.0,5181.0,0.1319717203456392
20260615,SA2706,1287.0,65.0,41.0,0.0
20260616,SA2607,1112.0,6026.0,31290.0,0.44244604316546887
20260616,SA2608,1153.0,82890.0,64864.0,0.10407632263659927
20260616,SA2609,1163.0,624192.0,1299512.0,0.25795356835769656
20260616,SA2610,1188.0,54163.0,52291.0,0.04040404040404155
20260616,SA2611,1192.0,113390.0,104881.0,0.21140939597315356
20260616,SA2612,1213.0,343.0,8193.0,0.0003334661022444028
20260616,SA2701,1216.0,38692.0,193374.0,0.20723684210526372
20260616,SA2702,1237.0,653.0,2584.0,-0.01940177849636271
20260616,SA2703,1235.0,2198.0,2941.0,0.14574898785425106
20260616,SA2704,1250.0,1846.0,2572.0,0.057599999999998985
20260616,SA2705,1256.0,10670.0,11147.0,0.028662420382165266
20260616,SA2706,1259.0,3803.0,3567.0,0.0
20260617,SA2607,1103.0,8501.0,25448.0,0.4025385312783323
20260617,SA2608,1140.0,122952.0,63848.0,0.10526315789473717
20260617,SA2609,1150.0,691764.0,1311122.0,0.2295652173913041
20260617,SA2610,1172.0,42321.0,53718.0,0.06143344709897569
20260617,SA2611,1178.0,153725.0,109030.0,0.23429541595925318
20260617,SA2612,1201.0,987.0,8239.0,0.00044906398226198446
20260617,SA2701,1205.0,33111.0,198999.0,0.16929460580912803
20260617,SA2702,1222.0,261.0,2614.0,0.0490998363338786
20260617,SA2703,1227.0,539.0,2990.0,0.13691931540342228
20260617,SA2704,1241.0,1522.0,3664.0,0.01933924254633368
20260617,SA2705,1243.0,3662.0,12110.0,0.048270313757039496
20260617,SA2706,1248.0,233.0,3601.0,0.0
20260618,SA2607,1081.0,7492.0,22701.0,0.3996299722479195
20260618,SA2608,1117.0,151667.0,69397.0,0.10743061772605067
20260618,SA2609,1127.0,1050327.0,1403465.0,0.22360248447204878
20260618,SA2610,1148.0,162504.0,53644.0,0.06271777003484402
20260618,SA2611,1154.0,280101.0,106076.0,0.2703639514731373
20260618,SA2612,1180.0,1101.0,8319.0,0.0002285278994477356
20260618,SA2701,1182.0,62710.0,203459.0,0.21319796954314718
20260618,SA2702,1203.0,247.0,2598.0,0.02992518703241842
20260618,SA2703,1206.0,794.0,2803.0,0.16915422885572262
20260618,SA2704,1223.0,466.0,3701.0,0.029435813573179814
20260618,SA2705,1226.0,3326.0,12402.0,0.03915171288743924
20260618,SA2706,1230.0,847.0,3650.0,0.0
20260622,SA2607,1078.0,4980.0,20540.0,0.4452690166975879
20260622,SA2608,1118.0,79310.0,69778.0,0.10733452593917647
20260622,SA2609,1128.0,409742.0,1426618.0,0.2340425531914887
20260622,SA2610,1150.0,74176.0,56799.0,0.06260869565217408
20260622,SA2611,1156.0,150777.0,113449.0,0.28027681660899617
20260622,SA2612,1183.0,802.0,8509.0,0.0004558967393885223
20260622,SA2701,1187.0,32419.0,201850.0,0.1920808761583812
20260622,SA2702,1206.0,95.0,2602.0,0.029850746268657247
20260622,SA2703,1209.0,365.0,2907.0,0.1885856079404471
20260622,SA2704,1228.0,167.0,3673.0,0.0
20260622,SA2705,1228.0,790.0,12483.0,0.07817589576547235
20260622,SA2706,1236.0,66.0,3667.0,0.0
20260623,SA2607,1085.0,6089.0,17122.0,0.40921658986175125
20260623,SA2608,1122.0,108228.0,63362.0,0.10695187165775533
20260623,SA2609,1132.0,754581.0,1384548.0,0.2438162544169602
20260623,SA2610,1155.0,122969.0,58571.0,0.041558441558440684
20260623,SA2611,1159.0,217822.0,115660.0,0.289905090595342
20260623,SA2612,1187.0,1458.0,8560.0,0.00045436044035099363
20260623,SA2701,1191.0,34440.0,200007.0,0.18136020151133536
20260623,SA2702,1209.0,109.0,2587.0,0.01985111662531036
20260623,SA2703,1211.0,300.0,2945.0,0.17836498761354225
20260623,SA2704,1229.0,127.0,3671.0,0.01952807160293002
20260623,SA2705,1231.0,1548.0,12726.0,0.058489033306254434
20260623,SA2706,1237.0,173.0,3697.0,0.0
20260624,SA2607,1075.0,3612.0,15551.0,0.3906976744186048
20260624,SA2608,1110.0,82198.0,60480.0,0.0864864864864856
20260624,SA2609,1118.0,629301.0,1453742.0,0.27906976744186096
20260624,SA2610,1144.0,76764.0,59012.0,0.0524475524475525
20260624,SA2611,1149.0,158847.0,118774.0,0.28198433420365543
20260624,SA2612,1176.0,677.0,8587.0,0.00045861041045630287
20260624,SA2701,1180.0,31619.0,202396.0,0.2237288135593225
20260624,SA2702,1202.0,121.0,2631.0,0.0
20260624,SA2703,1202.0,413.0,2767.0,0.18968386023294492
20260624,SA2704,1221.0,110.0,3693.0,0.029484029484030394
20260624,SA2705,1224.0,2070.0,13455.0,0.04901960784313708
20260624,SA2706,1229.0,130.0,3739.0,0.0
20260625,SA2607,1065.0,4356.0,14305.0,0.40563380281690087
20260625,SA2608,1101.0,118445.0,60604.0,0.10899182561307796
20260625,SA2609,1111.0,742281.0,1494784.0,0.2592259225922602
20260625,SA2610,1135.0,74908.0,58657.0,0.04229074889867768
20260625,SA2611,1139.0,217350.0,122627.0,0.347673397717295
20260625,SA2612,1172.0,952.0,8834.0,0.00023008781685008624
20260625,SA2701,1174.0,41247.0,200376.0,0.21465076660988025
20260625,SA2702,1195.0,122.0,2618.0,0.02008368200836852
20260625,SA2703,1197.0,425.0,2723.0,0.15037593984962339
20260625,SA2704,1212.0,218.0,3686.0,0.06930693069306848
20260625,SA2705,1219.0,2675.0,13941.0,0.08859721082854843
20260625,SA2706,1228.0,737.0,3736.0,0.0
20260626,SA2607,1049.0,8030.0,11363.0,0.44613918017159193
20260626,SA2608,1088.0,155396.0,59015.0,0.08823529411764675
20260626,SA2609,1096.0,924557.0,1502855.0,0.28467153284671465
20260626,SA2610,1122.0,129949.0,58693.0,0.03208556149732633
20260626,SA2611,1125.0,293391.0,128206.0,0.38400000000000034
20260626,SA2612,1161.0,1103.0,8957.0,0.0002322678047788972
20260626,SA2701,1163.0,52030.0,198288.0,0.23731728288908105
20260626,SA2702,1186.0,155.0,2618.0,0.010118043844857816
20260626,SA2703,1187.0,361.0,2607.0,0.1920808761583812
20260626,SA2704,1206.0,163.0,3681.0,0.03980099502487544
20260626,SA2705,1210.0,2628.0,14155.0,0.08925619834710741
20260626,SA2706,1219.0,286.0,3733.0,0.0
