date,symbol,close,volume,open_interest,roll_yield
20250526,SC2506,456.3,1835.0,2614.0,0.0890833785459055
20250526,SC2507,459.7,156979.0,31330.0,-0.0549439529591295
20250526,SC2508,457.6,17867.0,10300.0,-0.0683762533756533
20250526,SC2509,455.0,4825.0,3993.0,-0.0316901592625081
20250526,SC2510,453.8,437.0,935.0,-0.0291230148459422
20250526,SC2511,452.7,127.0,445.0,-0.0345094807017319
20250526,SC2512,451.4,148.0,823.0,-0.0212860366234945
20250526,SC2601,450.6,59.0,294.0,-0.0266607530239529
20250526,SC2602,449.6,27.0,60.0,-0.058862994281426
20250526,SC2603,447.4,0.0,27.0,-0.0080491897931305
20250526,SC2604,447.1,0.0,25.0,-0.0511039660625434
20250526,SC2605,445.2,0.0,5.0,-0.0134846626168679
20250526,SC2606,444.7,5.0,151.0,-0.0252651415198262
20250526,SC2609,441.9,0.0,33.0,0.011750093185519
20250526,SC2612,443.2,1.0,27.0,-0.0271678653628509
20250526,SC2703,440.2,0.0,19.0,-0.0036363638868018
20250526,SC2706,439.8,0.0,18.0,0.0226732270144809
20250526,SC2709,442.3,0.0,32.0,-0.0390778979913399
20250526,SC2712,438.0,2.0,45.0,-0.0091428611234238
20250526,SC2803,437.0,2.0,42.0,0.0
20250527,SC2506,460.2,333.0,2393.0,-0.0496462330342455
20250527,SC2507,458.3,111919.0,29488.0,-0.0551121799774896
20250527,SC2508,456.2,13818.0,10981.0,-0.0818214981263412
20250527,SC2509,453.1,3551.0,4289.0,-0.0238595019506771
20250527,SC2510,452.2,224.0,966.0,-0.0239070361309673
20250527,SC2511,451.3,54.0,456.0,-0.0266193543051543
20250527,SC2512,450.3,81.0,818.0,-0.06144953871049
20250527,SC2601,448.0,36.0,308.0,-0.0644585256229305
20250527,SC2602,445.6,13.0,60.0,0.0242125404417517
20250527,SC2603,446.5,1.0,27.0,-0.0080654198174592
20250527,SC2604,446.2,1.0,25.0,-0.0269239511645085
20250527,SC2605,445.2,0.0,5.0,-0.0459098118210661
20250527,SC2606,443.5,9.0,155.0,-0.0144567584517599
20250527,SC2609,441.9,0.0,33.0,0.011750093185519
20250527,SC2612,443.2,0.0,27.0,-0.0271678653628509
20250527,SC2703,440.2,0.0,19.0,-0.0036363638868018
20250527,SC2706,439.8,0.0,18.0,0.0199592158281495
20250527,SC2709,442.0,3.0,33.0,-0.0455067479284317
20250527,SC2712,437.0,0.0,45.0,-0.0009154365527998
20250527,SC2803,436.9,3.0,43.0,0.0
20250528,SC2506,452.4,531.0,1882.0,0.0159045748928245
20250528,SC2507,453.0,136370.0,28965.0,-0.047777103590219
20250528,SC2508,451.2,17231.0,12422.0,-0.0747001078301318
20250528,SC2509,448.4,3724.0,4515.0,-0.0241098417971367
20250528,SC2510,447.5,212.0,992.0,-0.0295335197737069
20250528,SC2511,446.4,45.0,450.0,-0.0215246694483211
20250528,SC2512,445.6,97.0,843.0,-0.02965960390938
20250528,SC2601,444.5,29.0,311.0,-0.0622534383673599
20250528,SC2602,442.2,23.0,62.0,0.0216900194614765
20250528,SC2603,443.0,1.0,27.0,0.0863701434395577
20250528,SC2604,446.2,0.0,25.0,-0.0269239511645085
20250528,SC2605,445.2,0.0,5.0,-0.1409867098689948
20250528,SC2606,440.0,15.0,160.0,0.0018177687202179
20250528,SC2609,440.2,1.0,33.0,-0.007276036567406
20250528,SC2612,439.4,2.0,25.0,0.0072760365674058
20250528,SC2703,440.2,0.0,19.0,-0.0310149786466636
20250528,SC2706,436.8,6.0,22.0,-0.00091585575672
20250528,SC2709,436.7,2.0,34.0,0.0027469384163
20250528,SC2712,437.0,1.0,45.0,-0.0064124598641047
20250528,SC2803,436.3,2.0,43.0,0.0
20250529,SC2506,459.3,33.0,1857.0,0.2020773141157764
20250529,SC2507,467.1,180346.0,26374.0,-0.0980229010255159
20250529,SC2508,463.3,27164.0,12190.0,-0.0883886145206949
20250529,SC2509,459.9,7986.0,4799.0,-0.054920004328941
20250529,SC2510,457.8,717.0,956.0,-0.0499070435888485
20250529,SC2511,455.9,139.0,431.0,-0.0342669096114334
20250529,SC2512,454.6,175.0,806.0,-0.0396607169442036
20250529,SC2601,453.1,41.0,302.0,-0.0610688340896555
20250529,SC2602,450.8,15.0,67.0,-0.0213143928150693
20250529,SC2603,450.0,1.0,27.0,-0.1017636091912
20250529,SC2604,446.2,0.0,25.0,-0.0269239511645085
20250529,SC2605,445.2,0.0,5.0,0.115346814123422
20250529,SC2606,449.5,13.0,162.0,-0.071831335470641
20250529,SC2609,441.5,0.0,33.0,0.0
20250529,SC2612,441.5,1.0,25.0,0.0225861695528401
20250529,SC2703,444.0,5.0,20.0,-0.0271187479415152
20250529,SC2706,441.0,8.0,27.0,-0.0099897883686878
20250529,SC2709,439.9,0.0,34.0,0.0316994753101477
20250529,SC2712,443.4,4.0,47.0,-0.0009022217248126
20250529,SC2803,443.3,2.0,43.0,0.0
20250530,SC2506,444.1,12.0,1857.0,0.1022427709823722
20250530,SC2507,447.9,161097.0,27307.0,-0.0860411483592426
20250530,SC2508,444.7,29227.0,15390.0,-0.0540906933426646
20250530,SC2509,442.7,5871.0,5277.0,-0.0325718363289669
20250530,SC2510,441.5,698.0,1119.0,-0.010876955197447
20250530,SC2511,441.1,127.0,497.0,-0.013610072911815
20250530,SC2512,440.6,232.0,914.0,-0.0491244716060108
20250530,SC2601,438.8,38.0,322.0,-0.0328617275196442
20250530,SC2602,437.6,29.0,71.0,0.1985314404506956
20250530,SC2603,444.9,0.0,27.0,-0.0134937605582537
20250530,SC2604,444.4,0.0,25.0,0.0215827396309787
20250530,SC2605,445.2,0.0,5.0,-0.2946942093799687
20250530,SC2606,434.4,18.0,162.0,0.0357513552201519
20250530,SC2609,438.3,0.0,33.0,-0.0653263513199046
20250530,SC2612,431.2,0.0,25.0,0.0442808950169875
20250530,SC2703,436.0,0.0,20.0,-0.0137851945743503
20250530,SC2706,434.5,3.0,28.0,0.0046003455329492
20250530,SC2709,435.0,0.0,34.0,-0.0276817713782951
20250530,SC2712,432.0,3.0,46.0,0.0092485590335184
20250530,SC2803,433.0,0.0,43.0,0.0
20250603,SC2507,462.5,64117.0,22685.0,-0.1147086727174009
20250603,SC2508,458.1,18643.0,15485.0,-0.0604006089733508
20250603,SC2509,455.8,4358.0,5248.0,-0.0448401444921416
20250603,SC2510,454.1,695.0,1171.0,-0.0370534039439108
20250603,SC2511,452.7,59.0,492.0,-0.0265369413762525
20250603,SC2512,451.7,134.0,860.0,-0.0559193289729248
20250603,SC2601,449.6,36.0,308.0,-0.0320712885777185
20250603,SC2602,448.4,9.0,73.0,-0.0644008701352881
20250603,SC2603,446.0,0.0,27.0,-0.04312673105507
20250603,SC2604,444.4,0.0,25.0,0.0215827396309787
20250603,SC2605,445.2,0.0,5.0,-0.0080889790727244
20250603,SC2606,444.9,8.0,155.0,-0.05978372154893
20250603,SC2609,438.3,0.0,33.0,0.0063832226016316
20250603,SC2612,439.0,0.0,25.0,0.0389893147033463
20250603,SC2703,443.3,2.0,21.0,-0.0399005802272784
20250603,SC2706,438.9,3.0,29.0,-0.0201005448106921
20250603,SC2709,436.7,0.0,34.0,0.0201005448106919
20250603,SC2712,438.9,1.0,47.0,-0.0541354747667937
20250603,SC2803,433.0,0.0,43.0,0.0
20250603,SC2806,433.0,0.0,0.0,0.0
20250604,SC2507,468.2,109921.0,23118.0,-0.1081320339666615
20250604,SC2508,464.0,20952.0,15653.0,-0.0596306725597445
20250604,SC2509,461.7,4810.0,5263.0,-0.0520947204091306
20250604,SC2510,459.7,432.0,1101.0,-0.0654380506983206
20250604,SC2511,457.2,133.0,442.0,-0.0289061784360088
20250604,SC2512,456.1,65.0,824.0,-0.0421700412014554
20250604,SC2601,454.5,31.0,296.0,-0.0423187566643852
20250604,SC2602,452.9,10.0,75.0,-0.1519851446553456
20250604,SC2603,447.2,0.0,27.0,-0.0134243217937968
20250604,SC2604,446.7,0.0,25.0,0.0375503212082935
20250604,SC2605,448.1,0.0,5.0,0.0401025214486071
20250604,SC2606,449.6,10.0,156.0,-0.0690987457711484
20250604,SC2609,441.9,0.0,33.0,0.0458999299074988
20250604,SC2612,447.0,1.0,25.0,-0.0179372497893143
20250604,SC2703,445.0,2.0,20.0,-0.0189210849483508
20250604,SC2706,442.9,2.0,27.0,0.0081199982773646
20250604,SC2709,443.8,1.0,35.0,-0.0325793656245291
20250604,SC2712,440.2,1.0,47.0,-0.0659657643594854
20250604,SC2803,433.0,0.0,43.0,0.0
20250604,SC2806,433.0,0.0,0.0,0.0
20250605,SC2507,463.7,134999.0,20707.0,-0.1170233567047017
20250605,SC2508,459.2,27329.0,16401.0,-0.0523789570164131
20250605,SC2509,457.2,6062.0,5525.0,-0.047337339492196
20250605,SC2510,455.4,600.0,1170.0,-0.031662287498174
20250605,SC2511,454.2,64.0,455.0,-0.0396957027545416
20250605,SC2512,452.7,118.0,865.0,-0.0106077354973844
20250605,SC2601,452.3,217.0,412.0,-0.0771878007908252
20250605,SC2602,449.4,11.0,77.0,0.1380546200065692
20250605,SC2603,454.6,1.0,28.0,-0.2023118016584882
20250605,SC2604,447.0,0.0,25.0,0.029493926142342
20250605,SC2605,448.1,0.0,5.0,-0.0833056755102858
20250605,SC2606,445.0,14.0,161.0,0.0259828441880563
20250605,SC2609,447.9,2.0,34.0,-0.0125223715868024
20250605,SC2612,446.5,5.0,24.0,-0.0143594500182305
20250605,SC2703,444.9,0.0,20.0,-0.0180221075313744
20250605,SC2706,442.9,0.0,27.0,-0.0326458397896741
20250605,SC2709,439.3,1.0,34.0,0.0081864724425091
20250605,SC2712,440.2,0.0,47.0,-0.0558169871472534
20250605,SC2803,434.1,0.0,43.0,-0.0101487772122325
20250605,SC2806,433.0,0.0,0.0,0.0
20250606,SC2507,466.1,109200.0,21135.0,-0.0930437571145852
20250606,SC2508,462.5,21812.0,16305.0,-0.0520044150854196
20250606,SC2509,460.5,3849.0,5644.0,-0.036537653282221
20250606,SC2510,459.1,359.0,1234.0,-0.0261666043497592
20250606,SC2511,458.1,10.0,453.0,-0.0498742925089066
20250606,SC2512,456.2,87.0,854.0,-0.0236972101146144
20250606,SC2601,455.3,83.0,429.0,-0.0607730022924294
20250606,SC2602,453.0,9.0,77.0,0.0423094312249064
20250606,SC2603,454.6,0.0,28.0,-0.1915783483489638
20250606,SC2604,447.4,0.0,25.0,0.0187604728328196
20250606,SC2605,448.1,0.0,5.0,0.0320927314082031
20250606,SC2606,449.3,6.0,162.0,-0.0008903728473048
20250606,SC2609,449.2,1.0,33.0,-0.0250112471887477
20250606,SC2612,446.4,0.0,24.0,0.0312396991201013
20250606,SC2703,449.9,2.0,22.0,-0.0438042147235455
20250606,SC2706,445.0,1.0,28.0,0.0134604726012542
20250606,SC2709,446.5,3.0,37.0,-0.0323815575496052
20250606,SC2712,442.9,4.0,48.0,-0.0171965419292259
20250606,SC2803,441.0,0.0,43.0,0.0180995783931588
20250606,SC2806,443.0,2.0,1.0,0.0
20250609,SC2507,474.3,120628.0,22536.0,-0.101630927190405
20250609,SC2508,470.3,32039.0,16778.0,-0.0690907122370665
20250609,SC2509,467.6,5546.0,5556.0,-0.0540135945694997
20250609,SC2510,465.5,569.0,1240.0,0.0
20250609,SC2511,465.5,42.0,443.0,-0.054257816626152
20250609,SC2512,463.4,135.0,818.0,-0.0571058832404623
20250609,SC2601,461.2,100.0,393.0,-0.0052049447790652
20250609,SC2602,461.0,2.0,78.0,-0.1308628017871496
20250609,SC2603,456.0,3.0,31.0,-0.021071120427179
20250609,SC2604,455.2,0.0,25.0,0.0735876156247669
20250609,SC2605,458.0,1.0,5.0,-0.039365808949942
20250609,SC2606,456.5,7.0,160.0,-0.0114072688916078
20250609,SC2609,455.2,3.0,32.0,-0.0105587390830924
20250609,SC2612,454.0,1.0,24.0,-0.0088202902332559
20250609,SC2703,453.0,2.0,21.0,-0.0712713732671751
20250609,SC2706,445.0,0.0,28.0,0.0517979999975241
20250609,SC2709,450.8,1.0,37.0,-0.0160035776934677
20250609,SC2712,449.0,9.0,44.0,0.0151161678173931
20250609,SC2803,450.7,9.0,48.0,-0.067123177054114
20250609,SC2806,443.2,1.0,1.0,0.0
20250610,SC2507,479.8,92429.0,22834.0,-0.0928972104614529
20250610,SC2508,476.1,26881.0,17238.0,-0.0961624715808195
20250610,SC2509,472.3,6910.0,6316.0,-0.0560272664638389
20250610,SC2510,470.1,614.0,1190.0,-0.0409120362192961
20250610,SC2511,468.5,98.0,435.0,-0.0307758236651558
20250610,SC2512,467.3,142.0,802.0,-0.0282806772566856
20250610,SC2601,466.2,30.0,391.0,-0.007724493346869
20250610,SC2602,465.9,6.0,76.0,-0.072336064032537
20250610,SC2603,463.1,2.0,30.0,-0.054539645880693
20250610,SC2604,461.0,4.0,24.0,-0.0757265052474238
20250610,SC2605,458.1,0.0,5.0,0.0653098379266615
20250610,SC2606,460.6,22.0,159.0,-0.0147906639431884
20250610,SC2609,458.9,3.0,33.0,0.0095766723294119
20250610,SC2612,460.0,2.0,23.0,-0.0165559543617768
20250610,SC2703,458.1,0.0,21.0,-0.0412510512770715
20250610,SC2706,453.4,6.0,26.0,0.0193619739983939
20250610,SC2709,455.6,3.0,39.0,0.0253802404939693
20250610,SC2712,458.5,9.0,46.0,0.0017444396264274
20250610,SC2803,458.7,19.0,60.0,0.0026152338296757
20250610,SC2806,459.0,21.0,21.0,0.0
20250611,SC2507,478.1,101107.0,21387.0,-0.1033511272437749
20250611,SC2508,474.0,28647.0,17503.0,-0.0889363520357056
20250611,SC2509,470.5,6111.0,6519.0,-0.0562421140312591
20250611,SC2510,468.3,509.0,1154.0,-0.0128191444730083
20250611,SC2511,467.8,87.0,415.0,-0.0643019435937104
20250611,SC2512,465.3,157.0,819.0,-0.0439229686200741
20250611,SC2601,463.6,78.0,413.0,-0.0181327611404633
20250611,SC2602,462.9,7.0,80.0,-0.0051858254912506
20250611,SC2603,462.7,3.0,31.0,-0.0597986287827159
20250611,SC2604,460.4,4.0,24.0,0.0572048753953352
20250611,SC2605,462.6,1.0,5.0,-0.0806856960191658
20250611,SC2606,459.5,3.0,160.0,-0.012205763612181
20250611,SC2609,458.1,5.0,35.0,0.0061075374500763
20250611,SC2612,458.8,1.0,24.0,-0.0061075374500768
20250611,SC2703,458.1,0.0,21.0,-0.0350802511551641
20250611,SC2706,454.1,0.0,26.0,0.0350802511551642
20250611,SC2709,458.1,10.0,36.0,-0.0052424647084821
20250611,SC2712,457.5,2.0,46.0,-0.0070006580984908
20250611,SC2803,456.7,5.0,61.0,0.0043768469188093
20250611,SC2806,457.2,11.0,27.0,0.0
20250612,SC2507,495.7,143726.0,24283.0,-0.1412353965839894
20250612,SC2508,489.9,51384.0,22309.0,-0.0983813667920616
20250612,SC2509,485.9,13309.0,8204.0,-0.0743189823883335
20250612,SC2510,482.9,1134.0,1077.0,-0.059788373629788
20250612,SC2511,480.5,122.0,407.0,-0.0224976630838548
20250612,SC2512,479.6,223.0,764.0,-0.0551725109835545
20250612,SC2601,477.4,118.0,382.0,-0.0604789184410615
20250612,SC2602,475.0,12.0,81.0,-0.0404892834570917
20250612,SC2603,473.4,5.0,28.0,-0.0329984343317094
20250612,SC2604,472.1,5.0,22.0,0.0380670722106572
20250612,SC2605,473.6,3.0,5.0,-0.0915646663883007
20250612,SC2606,470.0,26.0,149.0,-0.0119326745216359
20250612,SC2609,468.6,22.0,28.0,0.0008535154198602
20250612,SC2612,468.7,0.0,24.0,-0.0342834753509113
20250612,SC2703,464.7,0.0,21.0,0.0163212939855878
20250612,SC2706,466.6,4.0,24.0,-0.0240757390635932
20250612,SC2709,463.8,4.0,35.0,0.0189288372168583
20250612,SC2712,466.0,1.0,46.0,-0.0172043275975623
20250612,SC2803,464.0,4.0,62.0,0.0008619760834996
20250612,SC2806,464.1,4.0,27.0,0.0
20250613,SC2507,529.9,165385.0,19611.0,-0.2101709919583545
20250613,SC2508,520.7,111644.0,24073.0,-0.1670883696028861
20250613,SC2509,513.5,32484.0,11216.0,-0.1457698175516237
20250613,SC2510,507.3,6200.0,1639.0,-0.0997630449044566
20250613,SC2511,503.1,1743.0,407.0,-0.0861763129039763
20250613,SC2512,499.5,2319.0,647.0,-0.0674565117036409
20250613,SC2601,496.7,665.0,258.0,-0.1214093723449329
20250613,SC2602,491.7,39.0,89.0,-0.0415605997586569
20250613,SC2603,490.0,34.0,27.0,0.0073446906301846
20250613,SC2604,490.3,9.0,21.0,-0.004895960900229
20250613,SC2605,490.1,6.0,6.0,-0.07860826472216
20250613,SC2606,486.9,128.0,111.0,-0.0529261391132318
20250613,SC2609,480.5,9.0,28.0,0.0372866501085443
20250613,SC2612,485.0,7.0,26.0,-0.0631767081310143
20250613,SC2703,477.4,2.0,22.0,0.0483037308635017
20250613,SC2706,483.2,4.0,25.0,-0.0024842149644358
20250613,SC2709,482.9,11.0,34.0,-0.0466574754705812
20250613,SC2712,477.3,8.0,45.0,0.0350440289053171
20250613,SC2803,481.5,20.0,61.0,0.013269761288723
20250613,SC2806,483.1,8.0,28.0,0.0
20250616,SC2507,541.6,228321.0,16919.0,-0.1943271875439451
20250616,SC2508,532.9,131524.0,29864.0,-0.1883726624395588
20250616,SC2509,524.6,30709.0,12529.0,-0.1820835856756115
20250616,SC2510,516.7,5562.0,2283.0,-0.111997701955218
20250616,SC2511,511.9,730.0,469.0,-0.0823290497788631
20250616,SC2512,508.4,1063.0,839.0,-0.0686460102572735
20250616,SC2601,505.5,447.0,372.0,-0.128879520428017
20250616,SC2602,500.1,30.0,95.0,-0.1327046800505066
20250616,SC2603,494.6,19.0,31.0,-0.0632476631400931
20250616,SC2604,492.0,7.0,20.0,0.024365490604583
20250616,SC2605,493.0,6.0,6.0,-0.0683484353841345
20250616,SC2606,490.2,28.0,102.0,-0.0212722939475825
20250616,SC2609,487.6,0.0,28.0,0.0634804777925704
20250616,SC2612,495.4,3.0,24.0,-0.0889923428977527
20250616,SC2703,484.5,3.0,22.0,0.0008255082064176
20250616,SC2706,484.6,2.0,24.0,-0.0090899739563057
20250616,SC2709,483.5,5.0,34.0,0.0082644657498876
20250616,SC2712,484.5,5.0,43.0,-0.0281691305016512
20250616,SC2803,481.1,2.0,61.0,0.0405339007803424
20250616,SC2806,486.0,3.0,30.0,0.0
20250617,SC2507,529.8,174918.0,12001.0,-0.1115017029565819
20250617,SC2508,524.9,182080.0,33094.0,-0.20288667724287
20250617,SC2509,516.1,33316.0,12765.0,-0.1733051199115459
20250617,SC2510,508.7,5149.0,2446.0,-0.1209137959023257
20250617,SC2511,503.6,448.0,482.0,-0.1029022159635418
20250617,SC2512,499.3,680.0,781.0,-0.0699007701133378
20250617,SC2601,496.4,440.0,313.0,-0.0678789688712879
20250617,SC2602,493.6,13.0,100.0,-0.0365222966309464
20250617,SC2603,492.1,22.0,33.0,-0.058667869963931
20250617,SC2604,489.7,2.0,18.0,-0.277640973783153
20250617,SC2605,478.5,1.0,6.0,0.1619121605336913
20250617,SC2606,485.0,11.0,100.0,0.0213860266785331
20250617,SC2609,487.6,3.0,28.0,-0.0123241342228265
20250617,SC2612,486.1,0.0,24.0,-0.060525561470367
20250617,SC2703,478.8,1.0,21.0,0.0498138442851462
20250617,SC2706,484.8,0.0,24.0,-0.0406347435636198
20250617,SC2709,479.9,14.0,34.0,-0.0200543557736594
20250617,SC2712,477.5,3.0,44.0,-0.0083857473061127
20250617,SC2803,476.5,13.0,60.0,0.0226012948279315
20250617,SC2806,479.2,7.0,30.0,0.0
20250618,SC2507,558.5,64547.0,9290.0,-0.1252711160404566
20250618,SC2508,552.7,315667.0,38030.0,-0.1815730567428764
20250618,SC2509,544.4,41128.0,12568.0,-0.1955598835235218
20250618,SC2510,535.6,9077.0,2381.0,-0.1737689038493632
20250618,SC2511,527.9,987.0,476.0,-0.1073168602389777
20250618,SC2512,523.2,1242.0,831.0,-0.1105998612590901
20250618,SC2601,518.4,329.0,263.0,-0.1279950077141061
20250618,SC2602,512.9,48.0,115.0,-0.0281085430101197
20250618,SC2603,511.7,28.0,36.0,-0.054059439188274
20250618,SC2604,509.4,18.0,29.0,-0.0070692196447944
20250618,SC2605,509.1,7.0,10.0,-0.1733139237116208
20250618,SC2606,501.8,22.0,102.0,0.0285942440870871
20250618,SC2609,505.4,7.0,30.0,-0.0270003010494584
20250618,SC2612,502.0,5.0,25.0,-0.0634487753600994
20250618,SC2703,494.1,2.0,21.0,-0.0382310993725324
20250618,SC2706,489.4,1.0,23.0,0.0016343207581801
20250618,SC2709,489.6,3.0,33.0,0.0438761254822957
20250618,SC2712,495.0,9.0,41.0,-0.0161943541040008
20250618,SC2803,493.0,17.0,61.0,0.0081053725809298
20250618,SC2806,494.0,10.0,36.0,0.0
20250619,SC2507,569.7,2900.0,8356.0,0.0252498778063624
20250619,SC2508,570.9,479375.0,41225.0,-0.3022508133690158
20250619,SC2509,556.7,50783.0,12899.0,-0.292378099583818
20250619,SC2510,543.3,12034.0,3736.0,-0.2206805017147613
20250619,SC2511,533.4,897.0,565.0,-0.1562433620866037
20250619,SC2512,526.5,553.0,850.0,-0.1076035064568264
20250619,SC2601,521.8,314.0,314.0,-0.162070763767877
20250619,SC2602,514.8,46.0,113.0,-0.1241834767103037
20250619,SC2603,509.5,23.0,38.0,-0.0330188887571194
20250619,SC2604,508.1,10.0,32.0,-0.0473280045558474
20250619,SC2605,506.1,5.0,8.0,-0.0498961217839654
20250619,SC2606,504.0,12.0,101.0,-0.0640013653857647
20250619,SC2609,496.0,10.0,25.0,-0.0275137641539597
20250619,SC2612,492.6,2.0,25.0,0.0275137641539598
20250619,SC2703,496.0,1.0,21.0,-0.0535831028654247
20250619,SC2706,489.4,0.0,23.0,0.0138704881465111
20250619,SC2709,491.1,0.0,33.0,-0.0434030259085072
20250619,SC2712,485.8,2.0,41.0,0.0653342413720276
20250619,SC2803,493.8,0.0,61.0,-0.048900364517037
20250619,SC2806,487.8,2.0,36.0,0.0
20250620,SC2507,570.0,2153.0,6653.0,-0.0717932811861555
20250620,SC2508,566.6,455538.0,41211.0,-0.2893772447494058
20250620,SC2509,553.1,42793.0,13281.0,-0.2587819583724027
20250620,SC2510,541.3,9872.0,4487.0,-0.2237618441524154
20250620,SC2511,531.3,961.0,597.0,-0.1614425108110975
20250620,SC2512,524.2,668.0,784.0,-0.1150095059931083
20250620,SC2601,519.2,293.0,323.0,-0.1137889513081186
20250620,SC2602,514.3,111.0,107.0,-0.121947502470961
20250620,SC2603,509.1,21.0,43.0,0.0094247010538707
20250620,SC2604,509.5,7.0,30.0,-0.1636227306394524
20250620,SC2605,502.6,0.0,8.0,0.0571656499904169
20250620,SC2606,505.0,8.0,102.0,-0.0566367025088911
20250620,SC2609,497.9,11.0,27.0,-0.0436191721439735
20250620,SC2612,492.5,6.0,26.0,0.0524465405575004
20250620,SC2703,499.0,2.0,21.0,-0.0777037789717898
20250620,SC2706,489.4,0.0,23.0,0.0495488110458855
20250620,SC2709,495.5,5.0,36.0,-0.0161779795860256
20250620,SC2712,493.5,4.0,41.0,-0.0121765695249125
20250620,SC2803,492.0,20.0,69.0,0.0
20250620,SC2806,492.0,5.0,37.0,0.0
20250623,SC2507,574.6,943.0,5884.0,-0.002088591076546
20250623,SC2508,574.5,422722.0,43660.0,-0.2810729887260533
20250623,SC2509,561.2,42517.0,15778.0,-0.2353651699511152
20250623,SC2510,550.3,9411.0,4683.0,-0.1956624826261465
20250623,SC2511,541.4,964.0,574.0,-0.1696456825173244
20250623,SC2512,533.8,546.0,841.0,-0.1333723816902375
20250623,SC2601,527.9,333.0,360.0,-0.1141995676258268
20250623,SC2602,522.9,30.0,111.0,-0.1547514469148553
20250623,SC2603,516.2,10.0,39.0,-0.0279286394493289
20250623,SC2604,515.0,6.0,30.0,-0.0794859715085818
20250623,SC2605,511.6,4.0,10.0,-0.0328831679637202
20250623,SC2606,510.2,20.0,109.0,-0.0235896103387795
20250623,SC2609,507.2,19.0,32.0,-0.0372390527591414
20250623,SC2612,502.5,1.0,25.0,-0.076345863562163
20250623,SC2703,493.0,1.0,20.0,0.0242670107289494
20250623,SC2706,496.0,0.0,23.0,0.071930010201729
20250623,SC2709,505.0,3.0,38.0,-0.0494128618779138
20250623,SC2712,498.8,3.0,40.0,-0.0040116340740899
20250623,SC2803,498.3,6.0,66.0,0.005615161856639
20250623,SC2806,499.0,3.0,37.0,0.0
20250624,SC2507,520.9,1677.0,4327.0,-0.0531025397589807
20250624,SC2508,518.6,526467.0,42731.0,-0.2478171063129866
20250624,SC2509,508.0,85829.0,20447.0,-0.2433966917398835
20250624,SC2510,497.8,22098.0,7566.0,-0.1626074026595119
20250624,SC2511,491.1,3475.0,1106.0,-0.1400937570323765
20250624,SC2512,485.4,4567.0,2312.0,-0.1167590207110315
20250624,SC2601,480.7,796.0,426.0,-0.0650815112142869
20250624,SC2602,478.1,188.0,123.0,-0.0805879209237798
20250624,SC2603,474.9,107.0,76.0,-0.0989539384639008
20250624,SC2604,471.0,26.0,35.0,-0.0561822690433786
20250624,SC2605,468.8,17.0,15.0,0.0587297693183114
20250624,SC2606,471.1,51.0,113.0,-0.0349645121483927
20250624,SC2609,467.0,22.0,32.0,0.0239112582236606
20250624,SC2612,469.8,7.0,25.0,0.0017024899171673
20250624,SC2703,470.0,2.0,20.0,0.1256647849335156
20250624,SC2706,485.0,0.0,23.0,0.1162329062763217
20250624,SC2709,499.3,1.0,38.0,-0.3497209311639505
20250624,SC2712,457.5,3.0,42.0,0.0907656448082826
20250624,SC2803,468.0,6.0,68.0,-0.0524795139243484
20250624,SC2806,461.9,6.0,38.0,0.0
20250625,SC2507,515.7,53.0,4285.0,-0.1663601768267286
20250625,SC2508,508.6,303969.0,35409.0,-0.2142488968391592
20250625,SC2509,499.6,45894.0,19191.0,-0.1328382287966199
20250625,SC2510,494.1,14067.0,8005.0,-0.0877517621554392
20250625,SC2511,490.5,6551.0,2704.0,-0.0711585767796158
20250625,SC2512,487.6,4823.0,3550.0,-0.0592106464466574
20250625,SC2601,485.2,1875.0,1186.0,-0.0371555668914902
20250625,SC2602,483.7,168.0,161.0,-0.0397598210083296
20250625,SC2603,482.1,92.0,60.0,-0.0124520090035839
20250625,SC2604,481.6,14.0,33.0,-0.004984423747678
20250625,SC2605,481.4,9.0,17.0,0.0
20250625,SC2606,481.4,10.0,111.0,-0.0367281378425213
20250625,SC2609,477.0,10.0,30.0,-0.0168067474147998
20250625,SC2612,475.0,1.0,25.0,-0.0423284373221478
20250625,SC2703,470.0,0.0,20.0,0.0675121511494069
20250625,SC2706,478.0,0.0,23.0,-0.067512151149407
20250625,SC2709,470.0,6.0,41.0,-0.0170575951458301
20250625,SC2712,468.0,2.0,42.0,0.0153551052286626
20250625,SC2803,469.8,3.0,70.0,0.0169923789950489
20250625,SC2806,471.8,7.0,39.0,0.0
20250626,SC2507,500.7,191.0,3155.0,0.0526106861042395
20250626,SC2508,502.9,283709.0,35444.0,-0.2458904835360204
20250626,SC2509,492.7,45438.0,20651.0,-0.115020764361243
20250626,SC2510,488.0,11443.0,9387.0,-0.071524207223715
20250626,SC2511,485.1,3330.0,3258.0,-0.0520608191831789
20250626,SC2512,483.0,2106.0,4194.0,-0.0298507616616196
20250626,SC2601,481.8,1512.0,1661.0,-0.0674369555003348
20250626,SC2602,479.1,347.0,327.0,-0.0250731390842251
20250626,SC2603,478.1,15.0,66.0,0.0200627005980696
20250626,SC2604,478.9,5.0,36.0,-0.1234138278418451
20250626,SC2605,474.0,6.0,22.0,-0.0431153375160601
20250626,SC2606,472.3,4.0,112.0,-0.0152736715065483
20250626,SC2609,470.5,5.0,33.0,0.0008500690713109
20250626,SC2612,470.6,2.0,25.0,0.0110344897563186
20250626,SC2703,471.9,2.0,20.0,0.0177608918509391
20250626,SC2706,474.0,0.0,23.0,-0.0655124715232053
20250626,SC2709,466.3,12.0,42.0,-0.0042913854561382
20250626,SC2712,465.8,1.0,41.0,0.0120042962551064
20250626,SC2803,467.2,5.0,73.0,-0.0102871895534854
20250626,SC2806,466.0,4.0,40.0,0.0
20250627,SC2507,498.3,16.0,3146.0,0.0048154093744085
20250627,SC2508,498.5,210680.0,31946.0,-0.1770265508275236
20250627,SC2509,491.2,32025.0,20221.0,-0.1178405541717055
20250627,SC2510,486.4,8646.0,9655.0,-0.066797409876236
20250627,SC2511,483.7,3056.0,3592.0,-0.0522118300119137
20250627,SC2512,481.6,966.0,4069.0,-0.0499376500950258
20250627,SC2601,479.6,1772.0,2303.0,-0.032571269605296
20250627,SC2602,478.3,712.0,718.0,-0.0301444579702776
20250627,SC2603,477.1,24.0,74.0,0.0025149324203964
20250627,SC2604,477.2,0.0,36.0,-0.0176156055540502
20250627,SC2605,476.5,1.0,23.0,-0.045416370443814
20250627,SC2606,474.7,2.0,112.0,-0.0185811144938997
20250627,SC2609,472.5,0.0,33.0,-0.0161170825621409
20250627,SC2612,470.6,0.0,25.0,-0.0187433782787995
20250627,SC2703,468.4,0.0,20.0,0.0475387598860573
20250627,SC2706,474.0,0.0,23.0,-0.0680867502777225
20250627,SC2709,466.0,3.0,42.0,-0.0017171067016211
20250627,SC2712,465.8,0.0,41.0,0.0162828291263997
20250627,SC2803,467.7,5.0,75.0,-0.0180006732584493
20250627,SC2806,465.6,0.0,40.0,0.0
20250630,SC2507,496.6,0.0,3146.0,0.0024161884708633
20250630,SC2508,496.7,238748.0,30055.0,-0.175221121712876
20250630,SC2509,489.5,40674.0,19402.0,-0.1380742580555071
20250630,SC2510,483.9,9350.0,10516.0,-0.0871102031213326
20250630,SC2511,480.4,2527.0,3188.0,-0.0475545517538341
20250630,SC2512,478.5,1114.0,4112.0,-0.0401926270659636
20250630,SC2601,476.9,948.0,2663.0,-0.0327559258506216
20250630,SC2602,475.6,983.0,1287.0,0.0151292308336274
20250630,SC2603,476.2,14.0,77.0,-0.0151292308336263
20250630,SC2604,475.6,4.0,37.0,-0.0252578497795624
20250630,SC2605,474.6,8.0,24.0,-0.0582956051951018
20250630,SC2606,472.3,10.0,113.0,0.001693480126904
20250630,SC2609,472.5,0.0,33.0,-0.0161170825621409
20250630,SC2612,470.6,0.0,25.0,-0.0187433782787995
20250630,SC2703,468.4,0.0,20.0,0.0978538887134978
20250630,SC2706,480.0,2.0,23.0,-0.1209778156544203
20250630,SC2709,465.7,0.0,42.0,0.000858829847637
20250630,SC2712,465.8,0.0,41.0,-0.0241172134560264
20250630,SC2803,463.0,9.0,78.0,0.0223993693239765
20250630,SC2806,465.6,0.0,40.0,0.0
20250701,SC2508,499.4,141647.0,30335.0,-0.1596475875163524
20250701,SC2509,492.8,21493.0,20025.0,-0.1371443498834743
20250701,SC2510,487.2,4431.0,10623.0,-0.1088667260677291
20250701,SC2511,482.8,1396.0,3388.0,-0.0722968843101201
20250701,SC2512,479.9,440.0,4097.0,-0.0651902982281867
20250701,SC2601,477.3,368.0,2668.0,-0.0402938468833815
20250701,SC2602,475.7,246.0,1311.0,-0.0227248884326735
20250701,SC2603,474.8,34.0,88.0,0.0378509408556211
20250701,SC2604,476.3,1.0,38.0,-0.1444731781626303
20250701,SC2605,470.6,1.0,25.0,0.002549665366013
20250701,SC2606,470.7,12.0,110.0,0.0050977061089484
20250701,SC2607,470.9,1.0,1.0,0.0381034303442025
20250701,SC2609,473.9,2.0,32.0,-0.0279514107211214
20250701,SC2612,470.6,0.0,25.0,-0.0187433782787995
20250701,SC2703,468.4,0.0,20.0,-0.0489749432424331
20250701,SC2706,462.7,1.0,23.0,0.0258510163015101
20250701,SC2709,465.7,0.0,42.0,0.000858829847637
20250701,SC2712,465.8,0.0,41.0,-0.0588245895587817
20250701,SC2803,459.0,2.0,77.0,0.0078354579413318
20250701,SC2806,459.9,1.0,41.0,0.0
20250702,SC2508,498.2,137513.0,29708.0,-0.133213599337952
20250702,SC2509,492.7,22330.0,20247.0,-0.1297839403057382
20250702,SC2510,487.4,5242.0,11082.0,-0.1187638560020927
20250702,SC2511,482.6,1189.0,3582.0,-0.0898506693601934
20250702,SC2512,479.0,268.0,4072.0,-0.0426644807887719
20250702,SC2601,477.3,188.0,2643.0,-0.0503884847026452
20250702,SC2602,475.3,145.0,1315.0,-0.0607468076416041
20250702,SC2603,472.9,107.0,157.0,-0.0101544325923906
20250702,SC2604,472.5,4.0,37.0,-0.0330613751570456
20250702,SC2605,471.2,1.0,26.0,0.0
20250702,SC2606,471.2,3.0,112.0,-0.0076425010544175
20250702,SC2607,470.9,0.0,1.0,-0.0460458452587699
20250702,SC2609,467.3,0.0,32.0,-0.0595030914346121
20250702,SC2612,460.4,2.0,27.0,0.0689078195033388
20250702,SC2703,468.4,0.0,20.0,-0.0420649868706094
20250702,SC2706,463.5,4.0,25.0,0.0025881592620861
20250702,SC2709,463.8,2.0,44.0,0.017211730515237
20250702,SC2712,465.8,0.0,41.0,-0.0466427224100524
20250702,SC2803,460.4,0.0,77.0,0.0207972738871764
20250702,SC2806,462.8,2.0,42.0,0.0
20250703,SC2508,506.3,179412.0,27063.0,-0.135863999738275
20250703,SC2509,500.6,29025.0,20788.0,-0.1495496742503153
20250703,SC2510,494.4,5194.0,11333.0,-0.144065215927723
20250703,SC2511,488.5,1025.0,3579.0,-0.0813395329553091
20250703,SC2512,485.2,503.0,4023.0,-0.0769153878998206
20250703,SC2601,482.1,506.0,2588.0,-0.0498857504961825
20250703,SC2602,480.1,262.0,1286.0,-0.0701902983005254
20250703,SC2603,477.3,149.0,264.0,-0.0176119121665093
20250703,SC2604,476.6,4.0,37.0,-0.0226819347168719
20250703,SC2605,475.7,1.0,26.0,-0.0378987576831677
20250703,SC2606,474.2,18.0,123.0,-0.0838009965815544
20250703,SC2607,470.9,0.0,1.0,0.0444305426040401
20250703,SC2609,474.4,7.0,32.0,-0.0791936458138568
20250703,SC2612,465.1,0.0,27.0,-0.00086012257078
20250703,SC2703,465.0,1.0,20.0,-0.0068876469880785
20250703,SC2706,464.2,0.0,25.0,-0.0017237664563255
20250703,SC2709,464.0,0.0,44.0,0.0154872208959414
20250703,SC2712,465.8,0.0,41.0,0.0017171067016213
20250703,SC2803,466.0,4.0,79.0,-0.0042941496340963
20250703,SC2806,465.5,2.0,41.0,0.0
20250704,SC2508,503.5,135161.0,25655.0,-0.1053268281966404
20250704,SC2509,499.1,26034.0,20974.0,-0.1427004622244934
20250704,SC2510,493.2,5551.0,11609.0,-0.1296516536207731
20250704,SC2511,487.9,674.0,3598.0,-0.0740133925258196
20250704,SC2512,484.9,489.0,4058.0,-0.0719828407284751
20250704,SC2601,482.0,300.0,2547.0,-0.0674088946201762
20250704,SC2602,479.3,325.0,1320.0,-0.0728264242132872
20250704,SC2603,476.4,47.0,287.0,-0.0479546331739497
20250704,SC2604,474.5,3.0,36.0,-0.035458024954561
20250704,SC2605,473.1,2.0,25.0,-0.027933564618564
20250704,SC2606,472.0,14.0,117.0,0.0203217660759977
20250704,SC2607,472.8,4.0,3.0,-0.0101608830379988
20250704,SC2609,472.0,2.0,32.0,-0.0589061974220159
20250704,SC2612,465.1,0.0,27.0,0.0154506629873595
20250704,SC2703,466.9,3.0,22.0,-0.0231984325462185
20250704,SC2706,464.2,0.0,25.0,-0.0017237664563255
20250704,SC2709,464.0,0.0,44.0,0.0154872208959414
20250704,SC2712,465.8,0.0,41.0,-0.009457285437232
20250704,SC2803,464.7,0.0,79.0,-0.003444564260226
20250704,SC2806,464.3,3.0,41.0,0.0
20250707,SC2508,502.3,133489.0,26349.0,-0.091127536249272
20250707,SC2509,498.5,24332.0,21796.0,-0.147746341099135
20250707,SC2510,492.4,3811.0,11586.0,-0.1200132464687579
20250707,SC2511,487.5,466.0,3573.0,-0.0914243071436989
20250707,SC2512,483.8,261.0,4069.0,-0.0671573936462255
20250707,SC2601,481.1,172.0,2561.0,-0.0600126276833373
20250707,SC2602,478.7,119.0,1327.0,-0.0830104976684372
20250707,SC2603,475.4,54.0,328.0,-0.0531254161666937
20250707,SC2604,473.3,5.0,41.0,-0.0050718513011983
20250707,SC2605,473.1,0.0,25.0,-0.0533842634482158
20250707,SC2606,471.0,12.0,115.0,0.0229080565910876
20250707,SC2607,471.9,0.0,3.0,-0.0485109025579011
20250707,SC2609,468.1,3.0,32.0,-0.0257180483038944
20250707,SC2612,465.1,0.0,27.0,-0.0111960456344803
20250707,SC2703,463.8,5.0,22.0,0.0275033313898639
20250707,SC2706,467.0,4.0,28.0,-0.0257788217705683
20250707,SC2709,464.0,0.0,44.0,-0.025946036918427
20250707,SC2712,461.0,1.0,41.0,0.0060691460651785
20250707,SC2803,461.7,3.0,79.0,-0.0017331022801453
20250707,SC2806,461.5,6.0,44.0,0.0
20250708,SC2508,510.7,151790.0,24527.0,-0.1109479723935921
20250708,SC2509,506.0,33883.0,22384.0,-0.1695719330456866
20250708,SC2510,498.9,7354.0,12082.0,-0.1451923338679148
20250708,SC2511,492.9,1018.0,3579.0,-0.11005885769739
20250708,SC2512,488.4,1040.0,3903.0,-0.061582809896308
20250708,SC2601,485.9,541.0,2549.0,-0.0643831507298267
20250708,SC2602,483.3,274.0,1237.0,-0.0822176993892218
20250708,SC2603,480.0,29.0,325.0,-0.110507269023718
20250708,SC2604,475.6,2.0,41.0,-0.0607083925487409
20250708,SC2605,473.2,0.0,25.0,-0.010147992148119
20250708,SC2606,472.8,14.0,110.0,-0.0228644083145599
20250708,SC2607,471.9,0.0,3.0,0.0279070270543852
20250708,SC2609,474.1,3.0,34.0,-0.0025319127335501
20250708,SC2612,473.8,4.0,26.0,-0.0586807589911754
20250708,SC2703,466.9,0.0,22.0,0.0051369870074014
20250708,SC2706,467.5,2.0,28.0,-0.0223080801288107
20250708,SC2709,464.9,0.0,44.0,0.0137427663634384
20250708,SC2712,466.5,1.0,40.0,-0.0103026457471828
20250708,SC2803,465.3,3.0,78.0,-0.021549454124325
20250708,SC2806,462.8,5.0,45.0,0.0
20250709,SC2508,519.7,128915.0,24508.0,-0.1885038277165035
20250709,SC2509,511.6,38011.0,22499.0,-0.1796016195998291
20250709,SC2510,504.0,7725.0,12114.0,-0.1630069012177515
20250709,SC2511,497.2,743.0,3599.0,-0.0944982167623612
20250709,SC2512,493.3,417.0,3908.0,-0.0829946351419621
20250709,SC2601,489.9,525.0,2581.0,-0.0934430951174307
20250709,SC2602,486.1,431.0,1119.0,-0.0494744052691336
20250709,SC2603,484.1,89.0,327.0,-0.1245858366788664
20250709,SC2604,479.1,2.0,40.0,-0.0376293817282086
20250709,SC2605,477.6,0.0,25.0,-0.0075400567984973
20250709,SC2606,477.3,9.0,112.0,-0.1212897249366416
20250709,SC2607,472.5,0.0,3.0,0.0012697069140608
20250709,SC2609,472.6,0.0,34.0,-0.00338696040558
20250709,SC2612,472.2,1.0,25.0,-0.0365921071169679
20250709,SC2703,467.9,0.0,22.0,0.0315062831641818
20250709,SC2706,471.6,2.0,29.0,-0.0409210730032596
20250709,SC2709,466.8,0.0,44.0,-0.0025715205000095
20250709,SC2712,466.5,0.0,40.0,-0.0077244954806816
20250709,SC2803,465.6,4.0,78.0,-0.0206718806337706
20250709,SC2806,463.2,0.0,45.0,0.0
20250710,SC2508,522.5,113995.0,23430.0,-0.2365751147257152
20250710,SC2509,512.3,32413.0,23130.0,-0.1769769566178375
20250710,SC2510,504.8,6234.0,12539.0,-0.1410796363201419
20250710,SC2511,498.9,848.0,3559.0,-0.111156654648936
20250710,SC2512,494.3,488.0,3808.0,-0.1023980207689408
20250710,SC2601,490.1,370.0,2460.0,-0.0761439459949454
20250710,SC2602,487.0,282.0,1009.0,-0.0320756847706877
20250710,SC2603,485.7,48.0,325.0,-0.1216771935684158
20250710,SC2604,480.8,3.0,38.0,-0.0349927346485673
20250710,SC2605,479.4,4.0,24.0,-0.0075117373344894
20250710,SC2606,479.1,26.0,120.0,-0.1031344782532227
20250710,SC2607,475.0,1.0,3.0,-0.0380149106945147
20250710,SC2609,472.0,10.0,38.0,-0.0212427477489512
20250710,SC2612,469.5,10.0,30.0,-0.0128000109226836
20250710,SC2703,468.0,1.0,22.0,0.0110957075309008
20250710,SC2706,469.3,6.0,31.0,-0.0402616098562528
20250710,SC2709,464.6,1.0,45.0,0.0206097493303535
20250710,SC2712,467.0,5.0,41.0,-0.0102916008746268
20250710,SC2803,465.8,0.0,78.0,-0.0085966076501565
20250710,SC2806,464.8,8.0,45.0,0.0
20250711,SC2508,513.9,129191.0,20067.0,-0.2286681509323726
20250711,SC2509,504.2,43346.0,22263.0,-0.1677678614071612
20250711,SC2510,497.2,8173.0,12633.0,-0.1261637177309754
20250711,SC2511,492.0,1524.0,3841.0,-0.0930427024013806
20250711,SC2512,488.2,307.0,3808.0,-0.0838646784450592
20250711,SC2601,484.8,126.0,2424.0,-0.0620412921621418
20250711,SC2602,482.3,298.0,918.0,-0.0673668470588038
20250711,SC2603,479.6,186.0,387.0,-0.0602007951551784
20250711,SC2604,477.2,2.0,39.0,-0.0503990661039108
20250711,SC2605,475.2,2.0,24.0,-0.0151610885612628
20250711,SC2606,474.6,8.0,123.0,-0.0227776088634853
20250711,SC2607,473.7,0.0,3.0,-0.0764828711871934
20250711,SC2609,467.7,6.0,39.0,0.0034195342967375
20250711,SC2612,468.1,0.0,30.0,-0.0008546095535125
20250711,SC2703,468.0,0.0,22.0,0.0076849207115754
20250711,SC2706,468.9,0.0,31.0,-0.0368508230369272
20250711,SC2709,464.6,0.0,45.0,-0.019851157368516
20250711,SC2712,462.3,3.0,43.0,-0.0060612632011595
20250711,SC2803,461.6,2.0,80.0,-0.000866645003932
20250711,SC2806,461.5,7.0,48.0,0.0
20250714,SC2508,527.5,118839.0,20909.0,-0.3344762421534237
20250714,SC2509,513.0,48322.0,24552.0,-0.1530182577843779
20250714,SC2510,506.5,7493.0,13094.0,-0.1190485954409745
20250714,SC2511,501.5,1143.0,3954.0,-0.0960966096401136
20250714,SC2512,497.5,674.0,3778.0,-0.0871498686248195
20250714,SC2601,493.9,618.0,2511.0,-0.0267558639272291
20250714,SC2602,492.8,685.0,1145.0,-0.0610315627454696
20250714,SC2603,490.3,235.0,564.0,-0.0343137488710527
20250714,SC2604,488.9,6.0,38.0,-0.0516553016547321
20250714,SC2605,486.8,3.0,24.0,-0.0197368465545405
20250714,SC2606,486.0,197.0,267.0,-0.0445269527584285
20250714,SC2607,484.2,3.0,4.0,-0.0560228159756391
20250714,SC2609,479.7,3.0,38.0,-0.0309722171063929
20250714,SC2612,476.0,3.0,30.0,-0.0473378305880116
20250714,SC2703,470.4,1.0,23.0,-0.0085124526699759
20250714,SC2706,469.4,6.0,31.0,-0.003410059882575
20250714,SC2709,469.0,0.0,45.0,-0.0085378901145307
20250714,SC2712,468.0,2.0,43.0,0.0213106524311502
20250714,SC2803,470.5,2.0,80.0,-0.055645627196716
20250714,SC2806,464.0,2.0,49.0,0.0
20250715,SC2508,518.2,124246.0,18513.0,-0.2835238788957286
20250715,SC2509,506.1,57385.0,26153.0,-0.1551179996233158
20250715,SC2510,499.6,10452.0,13371.0,-0.137696528458122
20250715,SC2511,493.9,3263.0,4734.0,-0.1024813060596888
20250715,SC2512,489.7,1079.0,3893.0,-0.0786726849865423
20250715,SC2601,486.5,788.0,2418.0,-0.0667836414015947
20250715,SC2602,483.8,1107.0,874.0,-0.0921261916683863
20250715,SC2603,480.1,354.0,488.0,-0.0150062545608219
20250715,SC2604,479.5,8.0,41.0,-0.0727959559062136
20250715,SC2605,476.6,9.0,27.0,-0.0529913593759102
20250715,SC2606,474.5,232.0,158.0,0.0403955778058863
20250715,SC2607,476.1,2.0,4.0,-0.105522372302367
20250715,SC2609,467.8,13.0,41.0,-0.0231536716801092
20250715,SC2612,465.1,9.0,34.0,0.0248634387503817
20250715,SC2703,468.0,0.0,23.0,-0.0542118656188142
20250715,SC2706,461.7,1.0,31.0,-0.0025999350931599
20250715,SC2709,461.4,24.0,49.0,-0.0078099601771666
20250715,SC2712,460.5,5.0,47.0,-0.0130505825392655
20250715,SC2803,459.0,6.0,80.0,-0.0026152338296753
20250715,SC2806,458.7,6.0,50.0,0.0
20250716,SC2508,517.4,86719.0,14961.0,-0.2223803033367531
20250716,SC2509,507.9,52146.0,28091.0,-0.1617467500982434
20250716,SC2510,501.1,5790.0,13493.0,-0.1372819789250388
20250716,SC2511,495.4,815.0,4902.0,-0.0997269345678787
20250716,SC2512,491.3,101.0,3912.0,-0.0808743998574643
20250716,SC2601,488.0,61.0,2427.0,-0.0789476531765101
20250716,SC2602,484.8,57.0,869.0,-0.0719977333058119
20250716,SC2603,481.9,19.0,485.0,-0.0499064973850471
20250716,SC2604,479.9,13.0,40.0,-0.0375665547333348
20250716,SC2605,478.4,14.0,30.0,-0.1058163480614027
20250716,SC2606,474.2,9.0,154.0,0.1058163480614033
20250716,SC2607,478.4,0.0,4.0,-0.0617717400617343
20250716,SC2609,473.5,0.0,41.0,-0.0587182121552133
20250716,SC2612,466.6,4.0,31.0,0.0034275923262707
20250716,SC2703,467.0,0.0,23.0,-0.0430574663486337
20250716,SC2706,462.0,1.0,31.0,-0.0025982462751825
20250716,SC2709,461.7,2.0,49.0,-0.0069369191459228
20250716,SC2712,460.9,2.0,49.0,0.0095351654211047
20250716,SC2803,462.0,0.0,80.0,-0.0304183975408772
20250716,SC2806,458.5,2.0,52.0,0.0
20250717,SC2508,516.8,86327.0,12929.0,-0.2676690901715779
20250717,SC2509,505.4,77721.0,30501.0,-0.1601457888242035
20250717,SC2510,498.7,9100.0,13345.0,-0.135512631863957
20250717,SC2511,493.1,1091.0,4865.0,-0.0903821066581104
20250717,SC2512,489.4,412.0,3939.0,-0.0935389351593929
20250717,SC2601,485.6,266.0,2388.0,-0.0644230331125907
20250717,SC2602,483.0,135.0,856.0,-0.0622731029067059
20250717,SC2603,480.5,17.0,484.0,-0.1103917465184892
20250717,SC2604,476.1,1.0,40.0,-0.0403955778058865
20250717,SC2605,474.5,1.0,30.0,0.0126382318159036
20250717,SC2606,475.0,12.0,155.0,0.012624935409646
20250717,SC2607,475.5,0.0,4.0,-0.0252898161558722
20250717,SC2609,473.5,0.0,41.0,-0.0492993915771698
20250717,SC2612,467.7,4.0,34.0,-0.0171416589740359
20250717,SC2703,465.7,3.0,23.0,-0.0189410599296864
20250717,SC2706,463.5,2.0,32.0,-0.0155642219718667
20250717,SC2709,461.7,0.0,49.0,0.0051948059249465
20250717,SC2712,462.3,2.0,49.0,-0.0034624542304804
20250717,SC2803,461.9,0.0,80.0,-0.0147489593411766
20250717,SC2806,460.2,5.0,54.0,0.0
20250718,SC2508,532.0,55711.0,9707.0,-0.3710927507328007
20250718,SC2509,515.8,103875.0,35773.0,-0.1804897781706963
20250718,SC2510,508.1,10633.0,14720.0,-0.1545034713717027
20250718,SC2511,501.6,1462.0,5154.0,-0.1009014953928813
20250718,SC2512,497.4,422.0,3931.0,-0.1017571209493801
20250718,SC2601,493.2,203.0,2353.0,-0.0854617509830102
20250718,SC2602,489.7,166.0,832.0,-0.0589561063057332
20250718,SC2603,487.3,20.0,476.0,-0.044407945416971
20250718,SC2604,485.5,5.0,41.0,-0.1492247208946397
20250718,SC2605,479.5,0.0,30.0,0.0499480429762479
20250718,SC2606,481.5,13.0,154.0,-0.150472191032823
20250718,SC2607,475.5,0.0,4.0,0.0314631030360656
20250718,SC2609,478.0,5.0,41.0,-0.0454454709545936
20250718,SC2612,472.6,4.0,34.0,-0.0042341488022656
20250718,SC2703,472.1,6.0,23.0,-0.0042386355561006
20250718,SC2706,471.6,5.0,31.0,-0.0135938958364464
20250718,SC2709,470.0,8.0,49.0,-0.0239010527603478
20250718,SC2712,467.2,0.0,49.0,-0.0188801037066438
20250718,SC2803,465.0,0.0,80.0,0.0240137942508896
20250718,SC2806,467.8,4.0,53.0,0.0
20250721,SC2508,538.1,22127.0,2975.0,-0.5896083066026092
20250721,SC2509,512.3,150393.0,38281.0,-0.1722235400375608
20250721,SC2510,505.0,16529.0,16340.0,-0.1314099742410195
20250721,SC2511,499.5,1911.0,5393.0,-0.0940613800034494
20250721,SC2512,495.6,524.0,3947.0,-0.0850464225966585
20250721,SC2601,492.1,123.0,2345.0,-0.068473794922256
20250721,SC2602,489.3,43.0,825.0,-0.0639345774680317
20250721,SC2603,486.7,11.0,478.0,-0.0419883108231042
20250721,SC2604,485.0,1.0,42.0,0.0321219176670844
20250721,SC2605,486.3,1.0,30.0,-0.1140504452827811
20250721,SC2606,481.7,10.0,155.0,-0.1554555798087616
20250721,SC2607,475.5,0.0,4.0,-0.0265571094333689
20250721,SC2609,473.4,0.0,41.0,0.0303031752338308
20250721,SC2612,477.0,1.0,34.0,-0.0413026533444003
20250721,SC2703,472.1,0.0,23.0,0.0025410270838642
20250721,SC2706,472.4,3.0,31.0,-0.0331599305789212
20250721,SC2709,468.5,2.0,49.0,-0.0111146806578382
20250721,SC2712,467.2,0.0,49.0,-0.0163002906536578
20250721,SC2803,465.3,0.0,80.0,0.0154440346298383
20250721,SC2806,467.1,1.0,53.0,0.0
20250722,SC2508,514.7,2486.0,2108.0,-0.244954530912351
20250722,SC2509,504.3,143753.0,36584.0,-0.1267827999739312
20250722,SC2510,499.0,16079.0,17289.0,-0.1111342752964527
20250722,SC2511,494.4,3666.0,5756.0,-0.0632733163366656
20250722,SC2512,491.8,1140.0,4020.0,-0.0783356515014245
20250722,SC2601,488.6,264.0,2330.0,-0.0763784531071271
20250722,SC2602,485.5,188.0,826.0,-0.0569836933292937
20250722,SC2603,483.2,28.0,484.0,-0.047278443738498
20250722,SC2604,481.3,2.0,43.0,-0.0174654360803409
20250722,SC2605,480.6,1.0,31.0,-0.0500417739371476
20250722,SC2606,478.6,10.0,153.0,-0.0779795218659353
20250722,SC2607,475.5,0.0,4.0,-0.0392447859734268
20250722,SC2609,472.4,2.0,41.0,-0.0323062329980472
20250722,SC2612,468.6,10.0,34.0,0.0
20250722,SC2703,468.6,0.0,23.0,0.0076750902984887
20250722,SC2706,469.5,2.0,31.0,-0.0574932133151843
20250722,SC2709,462.8,1.0,49.0,0.0378497447779831
20250722,SC2712,467.2,0.0,49.0,-0.0326672780629658
20250722,SC2803,463.4,0.0,80.0,-0.0164342322214757
20250722,SC2806,461.5,9.0,59.0,0.0
20250723,SC2508,520.4,281.0,1953.0,-0.3914027266409441
20250723,SC2509,503.7,128828.0,36294.0,-0.1365693087234231
20250723,SC2510,498.0,14414.0,17497.0,-0.0967747180407649
20250723,SC2511,494.0,3891.0,6582.0,-0.080430889104778
20250723,SC2512,490.7,399.0,4053.0,-0.0490096658369831
20250723,SC2601,488.7,226.0,2333.0,-0.1035764753434583
20250723,SC2602,484.5,85.0,828.0,-0.0571015870050035
20250723,SC2603,482.2,8.0,481.0,-0.0323954095614443
20250723,SC2604,480.9,2.0,43.0,-0.0424956177885284
20250723,SC2605,479.2,2.0,33.0,-0.0552186709547802
20250723,SC2606,477.0,9.0,154.0,-0.0377953068347546
20250723,SC2607,475.5,0.0,4.0,-0.1082257458992861
20250723,SC2609,467.0,3.0,42.0,0.0298668054261482
20250723,SC2612,470.5,5.0,37.0,-0.0213106524311501
20250723,SC2703,468.0,2.0,24.0,0.0034173432236621
20250723,SC2706,468.4,0.0,31.0,-0.0481105456161626
20250723,SC2709,462.8,2.0,49.0,0.0378497447779831
20250723,SC2712,467.2,0.0,49.0,-0.0326672780629658
20250723,SC2803,463.4,0.0,80.0,0.0120663741577029
20250723,SC2806,464.8,13.0,68.0,0.0
20250724,SC2508,527.0,73.0,1907.0,-0.419388179358905
20250724,SC2509,508.9,123664.0,38720.0,-0.1542590212895772
20250724,SC2510,502.4,15175.0,17806.0,-0.1152008847482294
20250724,SC2511,497.6,3791.0,6858.0,-0.0847033868791849
20250724,SC2512,494.1,241.0,4069.0,-0.0657535891755085
20250724,SC2601,491.4,159.0,2318.0,-0.1030049242966973
20250724,SC2602,487.2,100.0,833.0,-0.0295931099423213
20250724,SC2603,486.0,15.0,481.0,-0.0817593748085594
20250724,SC2604,482.7,4.0,43.0,-0.0923369430663835
20250724,SC2605,479.0,0.0,33.0,-0.0250783790335109
20250724,SC2606,478.0,11.0,153.0,-0.0629262060721324
20250724,SC2607,475.5,0.0,4.0,-0.0557789776766972
20250724,SC2609,471.1,2.0,43.0,0.0067868521053855
20250724,SC2612,471.9,1.0,37.0,-0.0203952003360967
20250724,SC2703,469.5,0.0,24.0,-0.0093826676990214
20250724,SC2706,468.4,0.0,31.0,-0.0119734962186595
20250724,SC2709,467.0,0.0,49.0,0.0017126953804799
20250724,SC2712,467.2,0.0,49.0,-0.0197404112699128
20250724,SC2803,464.9,1.0,79.0,0.0163142868634476
20250724,SC2806,466.8,11.0,75.0,0.0
20250725,SC2508,529.4,1052.0,876.0,-0.3799607447733373
20250725,SC2509,512.9,152592.0,39971.0,-0.1459413829603041
20250725,SC2510,506.7,16464.0,17699.0,-0.1142185898517131
20250725,SC2511,501.9,5967.0,7467.0,-0.1056640807468861
20250725,SC2512,497.5,996.0,4293.0,-0.0507604745206596
20250725,SC2601,495.4,254.0,2343.0,-0.0948429296164551
20250725,SC2602,491.5,261.0,917.0,-0.0513814629438001
20250725,SC2603,489.4,275.0,679.0,-0.0417562595107716
20250725,SC2604,487.7,12.0,51.0,-0.0320295847685961
20250725,SC2605,486.4,8.0,37.0,-0.0420142536075232
20250725,SC2606,484.7,143.0,234.0,-0.0371939547687015
20250725,SC2607,483.2,1.0,4.0,-0.029875580397644
20250725,SC2609,480.8,15.0,42.0,-0.0258738513003266
20250725,SC2612,477.7,2.0,36.0,-0.0463211829780145
20250725,SC2703,472.2,2.0,24.0,-0.0237893649379579
20250725,SC2706,469.4,0.0,31.0,0.003407155231557
20250725,SC2709,469.8,0.0,49.0,-0.0119377620050008
20250725,SC2712,468.4,0.0,49.0,-0.0179737116371479
20250725,SC2803,466.3,0.0,79.0,0.0042867863925029
20250725,SC2806,466.8,11.0,78.0,0.0
20250728,SC2508,527.0,102.0,816.0,-0.490338326921663
20250728,SC2509,505.9,117652.0,37812.0,-0.138371314476388
20250728,SC2510,500.1,16237.0,17126.0,-0.0915299499775555
20250728,SC2511,496.3,5197.0,7615.0,-0.1019836166575509
20250728,SC2512,492.1,1147.0,4465.0,-0.0611186000857945
20250728,SC2601,489.6,301.0,2402.0,-0.0565053761838697
20250728,SC2602,487.3,163.0,917.0,-0.0542987351794749
20250728,SC2603,485.1,92.0,690.0,-0.0446097168015903
20250728,SC2604,483.3,28.0,72.0,0.0742576627044219
20250728,SC2605,486.3,0.0,37.0,-0.1140504452827811
20250728,SC2606,481.7,93.0,283.0,-0.0724624794282837
20250728,SC2607,478.8,3.0,4.0,-0.0490723087724518
20250728,SC2609,474.9,1.0,43.0,-0.0194195632090742
20250728,SC2612,472.6,2.0,36.0,0.0033840949565015
20250728,SC2703,473.0,0.0,24.0,-0.0305604203000393
20250728,SC2706,469.4,0.0,31.0,-0.0162237387527257
20250728,SC2709,467.5,1.0,49.0,0.0076931319792824
20250728,SC2712,468.4,0.0,49.0,-0.0179737116371479
20250728,SC2803,466.3,0.0,79.0,-0.0284085989121647
20250728,SC2806,463.0,4.0,79.0,0.0
20250729,SC2508,531.0,98.0,746.0,-0.367141446938432
20250729,SC2509,515.0,126393.0,38672.0,-0.1547803361812462
20250729,SC2510,508.4,19294.0,17486.0,-0.0900300373000977
20250729,SC2511,504.6,5741.0,8815.0,-0.0739491456596061
20250729,SC2512,501.5,646.0,4527.0,-0.0816329678730302
20250729,SC2601,498.1,365.0,2271.0,-0.0555388857377708
20250729,SC2602,495.8,259.0,1030.0,-0.0436452289580119
20250729,SC2603,494.0,27.0,684.0,-0.0657669361598388
20250729,SC2604,491.3,12.0,66.0,-0.0882537175031478
20250729,SC2605,487.7,3.0,35.0,0.0491099519071784
20250729,SC2606,489.7,32.0,278.0,-0.1058359849892484
20250729,SC2607,485.4,2.0,5.0,-0.027255880031375
20250729,SC2609,483.2,0.0,43.0,-0.0290789524503478
20250729,SC2612,479.7,3.0,36.0,-0.056262080064341
20250729,SC2703,473.0,0.0,24.0,0.0135078220389206
20250729,SC2706,474.6,1.0,30.0,-0.0313063470086175
20250729,SC2709,470.9,0.0,49.0,0.0338339932222689
20250729,SC2712,474.9,1.0,50.0,-0.0731002069632034
20250729,SC2803,466.3,0.0,79.0,0.0119914436702608
20250729,SC2806,467.7,9.0,76.0,0.0
20250730,SC2508,529.7,28.0,746.0,-0.0249456765635071
20250730,SC2509,528.6,136660.0,37676.0,-0.1622727327523402
20250730,SC2510,521.5,25429.0,20199.0,-0.0738605909419958
20250730,SC2511,518.3,5685.0,9794.0,-0.0789782177227819
20250730,SC2512,514.9,1122.0,4406.0,-0.0748102948925943
20250730,SC2601,511.7,330.0,2218.0,-0.0823613390997888
20250730,SC2602,508.2,148.0,1088.0,-0.0354715008503956
20250730,SC2603,506.7,88.0,714.0,-0.0355766640663361
20250730,SC2604,505.2,13.0,65.0,-0.0810330785281689
20250730,SC2605,501.8,6.0,34.0,-0.0431224261215624
20250730,SC2606,500.0,27.0,275.0,-0.0842953792435736
20250730,SC2607,496.5,1.0,5.0,-0.0181543254992217
20250730,SC2609,495.0,5.0,40.0,-0.0259425311463921
20250730,SC2612,491.8,8.0,37.0,-0.0400534663737482
20250730,SC2703,486.9,0.0,24.0,-0.0222428747387882
20250730,SC2706,484.2,1.0,29.0,-0.0173859323695257
20250730,SC2709,482.1,2.0,50.0,-0.010800712762315
20250730,SC2712,480.8,2.0,49.0,-0.0150031432403303
20250730,SC2803,479.0,2.0,80.0,-0.0369130136370078
20250730,SC2806,474.6,18.0,70.0,0.0
20250731,SC2508,531.4,5.0,746.0,-0.0022583984257873
20250731,SC2509,531.3,107487.0,35066.0,-0.1180262966416307
20250731,SC2510,526.1,24797.0,20203.0,-0.0938846502494747
20250731,SC2511,522.0,4662.0,9304.0,-0.0876758370555486
20250731,SC2512,518.2,1218.0,4260.0,-0.0720025386776412
20250731,SC2601,515.1,383.0,2219.0,-0.0771255941502131
20250731,SC2602,511.8,102.0,1084.0,-0.0752648488520299
20250731,SC2603,508.6,65.0,703.0,-0.0757398964071062
20250731,SC2604,505.4,57.0,84.0,-0.0380499724270072
20250731,SC2605,503.8,2.0,32.0,-0.0333929851742518
20250731,SC2606,502.4,31.0,266.0,-0.1272648246403434
20250731,SC2607,497.1,0.0,5.0,-0.0436101253625438
20250731,SC2609,493.5,8.0,35.0,-0.0032434625738233
20250731,SC2612,493.1,1.0,37.0,-0.0506129201657011
20250731,SC2703,486.9,0.0,24.0,-0.0008216083011323
20250731,SC2706,486.8,4.0,29.0,-0.028863129049335
20250731,SC2709,483.3,1.0,49.0,-0.0016556291627093
20250731,SC2712,483.1,1.0,48.0,-0.0074588232531615
20250731,SC2803,482.2,1.0,81.0,-0.0266334733446217
20250731,SC2806,479.0,4.0,68.0,0.0
20250801,SC2509,527.9,119348.0,32526.0,-0.1050235014169014
20250801,SC2510,523.3,24706.0,19485.0,-0.0828382963651888
20250801,SC2511,519.7,4367.0,9289.0,-0.0787647615455154
20250801,SC2512,516.3,1465.0,4260.0,-0.0956738174421408
20250801,SC2601,512.2,297.0,2248.0,-0.0775636820476559
20250801,SC2602,508.9,147.0,1081.0,-0.0733223923070651
20250801,SC2603,505.8,118.0,731.0,-0.0666139696335074
20250801,SC2604,503.0,28.0,102.0,-0.0119343619981001
20250801,SC2605,502.5,8.0,32.0,-0.0191197013162831
20250801,SC2606,501.7,10.0,265.0,-0.0695654122119101
20250801,SC2607,498.8,1.0,4.0,-0.0917694148462927
20250801,SC2608,495.0,4.0,1.0,0.0024239975842461
20250801,SC2609,495.1,0.0,35.0,-0.0561384176340708
20250801,SC2612,488.2,3.0,37.0,-0.0106655790808181
20250801,SC2703,486.9,0.0,24.0,-0.0197653274313368
20250801,SC2706,484.5,1.0,28.0,-0.0099194099191299
20250801,SC2709,483.3,0.0,49.0,-0.0016556291627093
20250801,SC2712,483.1,0.0,48.0,-0.0583830214395518
20250801,SC2803,476.1,1.0,80.0,-0.0235939171530831
20250801,SC2806,473.3,5.0,68.0,0.0
20250804,SC2509,514.3,145838.0,28232.0,-0.1290208890594966
20250804,SC2510,508.8,33575.0,19756.0,-0.0923354659325092
20250804,SC2511,504.9,5343.0,9268.0,-0.0906564947902918
20250804,SC2512,501.1,1275.0,4140.0,-0.0841096864885115
20250804,SC2601,497.6,437.0,2299.0,-0.0847033868791849
20250804,SC2602,494.1,280.0,1047.0,-0.075525576686205
20250804,SC2603,491.0,350.0,854.0,-0.0784637041524079
20250804,SC2604,487.8,55.0,132.0,-0.0024602767897558
20250804,SC2605,487.7,8.0,30.0,-0.0938662670008088
20250804,SC2606,483.9,54.0,288.0,0.0272474056585239
20250804,SC2607,485.0,0.0,4.0,0.0444536421106683
20250804,SC2608,486.8,0.0,1.0,-0.1588112508905245
20250804,SC2609,480.4,1.0,35.0,-0.0452171446847489
20250804,SC2612,475.0,4.0,37.0,0.026020446389666
20250804,SC2703,478.1,0.0,24.0,-0.0066987664808273
20250804,SC2706,477.3,2.0,30.0,-0.0497529340392808
20250804,SC2709,471.4,2.0,48.0,-0.0110462098877832
20250804,SC2712,470.1,1.0,49.0,-0.0051085575270691
20250804,SC2803,469.5,0.0,80.0,-0.0042621208081531
20250804,SC2806,469.0,3.0,69.0,0.0
20250805,SC2509,508.8,107222.0,28256.0,-0.123272518268643
20250805,SC2510,503.6,29401.0,20406.0,-0.0932926058403943
20250805,SC2511,499.7,5635.0,9730.0,-0.0988652231420622
20250805,SC2512,495.6,1329.0,4427.0,-0.0850464225966585
20250805,SC2601,492.1,313.0,2327.0,-0.0758335007647264
20250805,SC2602,489.0,141.0,1028.0,-0.0417904755049385
20250805,SC2603,487.3,69.0,852.0,-0.064197683977563
20250805,SC2604,484.7,25.0,137.0,-0.06703234560876
20250805,SC2605,482.0,11.0,34.0,-0.0299127699552296
20250805,SC2606,480.8,62.0,293.0,0.0398671463037343
20250805,SC2607,482.4,0.0,4.0,-0.0723570130737928
20250805,SC2608,479.5,5.0,2.0,-0.0375979419844431
20250805,SC2609,478.0,0.0,35.0,-0.0277108277367343
20250805,SC2612,474.7,2.0,37.0,-0.0135049716806794
20250805,SC2703,473.1,0.0,24.0,-0.000845576580678
20250805,SC2706,473.0,0.0,30.0,-0.0587807404529505
20250805,SC2709,466.1,2.0,48.0,0.0017160017423199
20250805,SC2712,466.3,0.0,49.0,0.0570647387106314
20250805,SC2803,473.0,2.0,80.0,-0.1280315503969461
20250805,SC2806,458.1,8.0,70.0,0.0
20250806,SC2509,505.9,110667.0,30722.0,-0.1167950425563068
20250806,SC2510,501.0,30552.0,20856.0,-0.1082714111956503
20250806,SC2511,496.5,7388.0,9439.0,-0.0848917133104458
20250806,SC2512,493.0,741.0,4519.0,-0.0756946247779317
20250806,SC2601,489.9,241.0,2316.0,-0.0885068548174674
20250806,SC2602,486.3,82.0,1032.0,-0.0444994329470305
20250806,SC2603,484.5,104.0,831.0,-0.0720424480345153
20250806,SC2604,481.6,140.0,207.0,-0.0674650397525719
20250806,SC2605,478.9,17.0,39.0,-0.0275948694822534
20250806,SC2606,477.8,48.0,310.0,-0.0377319250187332
20250806,SC2607,476.3,6.0,8.0,0.0301950253676416
20250806,SC2608,477.5,0.0,2.0,-0.0629922706337241
20250806,SC2609,475.0,0.0,35.0,-0.0228017085302789
20250806,SC2612,472.3,0.0,37.0,-0.0152736715065483
20250806,SC2703,470.5,0.0,24.0,-0.0247309177100837
20250806,SC2706,467.6,2.0,30.0,-0.0145688431006494
20250806,SC2709,465.9,5.0,48.0,-0.0163458663859829
20250806,SC2712,464.0,0.0,49.0,-0.0302867861235751
20250806,SC2803,460.5,0.0,80.0,-0.0568626306160542
20250806,SC2806,454.0,5.0,72.0,0.0
20250807,SC2509,501.0,147562.0,31576.0,-0.0986076297190788
20250807,SC2510,496.9,44405.0,23209.0,-0.1042957550620467
20250807,SC2511,492.6,8130.0,9493.0,-0.088019954538787
20250807,SC2512,489.0,1515.0,4717.0,-0.0911427967644186
20250807,SC2601,485.3,538.0,2363.0,-0.0744111520349314
20250807,SC2602,482.3,182.0,1093.0,-0.0673668470588038
20250807,SC2603,479.6,171.0,920.0,-0.0551725109835545
20250807,SC2604,477.4,187.0,336.0,-0.0554273502755343
20250807,SC2605,475.2,30.0,56.0,-0.0151610885612628
20250807,SC2606,474.6,87.0,360.0,0.0655601546651746
20250807,SC2607,477.2,3.0,6.0,-0.020134232911393
20250807,SC2608,476.4,1.0,3.0,-0.2134744987619796
20250807,SC2609,468.0,1.0,35.0,0.0034173432236621
20250807,SC2612,468.4,2.0,37.0,-0.0317223825305183
20250807,SC2703,464.7,1.0,25.0,-0.0051679593752098
20250807,SC2706,464.1,3.0,32.0,-0.0138139571786013
20250807,SC2709,462.5,24.0,51.0,0.0129519810951013
20250807,SC2712,464.0,0.0,49.0,-0.0302867861235751
20250807,SC2803,460.5,0.0,80.0,-0.0533399531536801
20250807,SC2806,454.4,32.0,95.0,0.0
20250808,SC2509,489.8,97506.0,32725.0,-0.0294358283331271
20250808,SC2510,488.6,32870.0,25299.0,-0.0862692428696307
20250808,SC2511,485.1,7321.0,10122.0,-0.0968648538077648
20250808,SC2512,481.2,1869.0,5425.0,-0.0574941210235214
20250808,SC2601,478.9,727.0,2507.0,-0.0728874374057236
20250808,SC2602,476.0,442.0,1208.0,-0.0733328591318111
20250808,SC2603,473.1,323.0,1082.0,-0.0406521667630824
20250808,SC2604,471.5,310.0,497.0,-0.0229275093630005
20250808,SC2605,470.6,175.0,176.0,-0.0280821317393351
20250808,SC2606,469.5,203.0,470.0,0.073893428098676
20250808,SC2607,472.4,4.0,7.0,-0.1148578374124401
20250808,SC2608,467.9,2.0,2.0,0.0
20250808,SC2609,467.9,7.0,38.0,-0.028311110143447
20250808,SC2612,464.6,6.0,39.0,0.0111767939457687
20250808,SC2703,465.9,1.0,25.0,-0.0336245109640485
20250808,SC2706,462.0,24.0,42.0,-0.0217037971439884
20250808,SC2709,459.5,6.0,50.0,0.038982441722054
20250808,SC2712,464.0,0.0,49.0,-0.0346322509724581
20250808,SC2803,460.0,0.0,80.0,-0.0578070056388486
20250808,SC2806,453.4,17.0,103.0,0.0
20250811,SC2509,489.4,135691.0,29970.0,-0.0565285223528906
20250811,SC2510,487.1,48680.0,27114.0,-0.0741353264021791
20250811,SC2511,484.1,10243.0,10446.0,-0.1120688855074736
20250811,SC2512,479.6,3796.0,6525.0,-0.0702636888266306
20250811,SC2601,476.8,775.0,2629.0,-0.0630849944112483
20250811,SC2602,474.3,75.0,1223.0,-0.0685063706438411
20250811,SC2603,471.6,50.0,1089.0,-0.0561106229555141
20250811,SC2604,469.4,73.0,496.0,-0.0127890878565901
20250811,SC2605,468.9,41.0,187.0,-0.0641506927110954
20250811,SC2606,466.4,92.0,503.0,-0.072258282848231
20250811,SC2607,463.6,9.0,14.0,0.0722582828482307
20250811,SC2608,466.4,2.0,3.0,-0.0102960109276404
20250811,SC2609,466.0,10.0,41.0,-0.0344829721756279
20250811,SC2612,462.0,1.0,40.0,-0.0095351654211054
20250811,SC2703,460.9,2.0,27.0,0.0008677730807438
20250811,SC2706,461.0,4.0,43.0,-0.014777806659603
20250811,SC2709,459.3,2.0,52.0,-0.006973198540913
20250811,SC2712,458.5,0.0,49.0,-0.0157342860222649
20250811,SC2803,456.7,0.0,80.0,-0.0369558282038897
20250811,SC2806,452.5,22.0,111.0,0.0
20250812,SC2509,495.2,80626.0,26535.0,-0.0242571337905194
20250812,SC2510,494.2,32871.0,27895.0,-0.0706242525588853
20250812,SC2511,491.3,4622.0,10888.0,-0.1054897931041528
20250812,SC2512,487.0,1210.0,6613.0,-0.0716715136432933
20250812,SC2601,484.1,550.0,2662.0,-0.082081364695811
20250812,SC2602,480.8,284.0,1219.0,-0.0575420679358664
20250812,SC2603,478.5,223.0,1113.0,-0.052780480942368
20250812,SC2604,476.4,40.0,484.0,-0.0252153906606177
20250812,SC2605,475.4,58.0,191.0,-0.0353907987722047
20250812,SC2606,474.0,120.0,509.0,-0.0507400333142527
20250812,SC2607,472.0,4.0,15.0,-0.007629543544073
20250812,SC2608,471.7,5.0,4.0,-0.1021935067005055
20250812,SC2609,467.7,1.0,42.0,0.0179200299718875
20250812,SC2612,469.8,6.0,42.0,-0.0359207032303374
20250812,SC2703,465.6,2.0,27.0,-0.0129074006803917
20250812,SC2706,464.1,2.0,45.0,-0.0181406206615654
20250812,SC2709,462.0,4.0,53.0,-0.0304183975408772
20250812,SC2712,458.5,0.0,49.0,-0.0192392150526508
20250812,SC2803,456.3,1.0,80.0,-0.0158102972632934
20250812,SC2806,454.5,51.0,120.0,0.0
20250813,SC2509,489.5,77476.0,24566.0,0.0269360382458873
20250813,SC2510,490.6,40926.0,30917.0,-0.0637647116549015
20250813,SC2511,488.0,6474.0,10768.0,-0.0863756942679153
20250813,SC2512,484.5,1715.0,6562.0,-0.0820133667635657
20250813,SC2601,481.2,447.0,2764.0,-0.0549886402753023
20250813,SC2602,479.0,309.0,1302.0,-0.0527252652808397
20250813,SC2603,476.9,423.0,1319.0,-0.0403277002105783
20250813,SC2604,475.3,502.0,722.0,-0.0303349645426927
20250813,SC2605,474.1,52.0,198.0,0.0
20250813,SC2606,474.1,484.0,777.0,-0.099121605625243
20250813,SC2607,470.2,38.0,41.0,-0.035782774117995
20250813,SC2608,468.8,2.0,5.0,-0.0281900823715489
20250813,SC2609,467.7,0.0,42.0,-0.079467092141284
20250813,SC2612,458.5,1.0,42.0,-0.0043644303293382
20250813,SC2703,458.0,4.0,30.0,-0.0096185421798368
20250813,SC2706,456.9,1.0,46.0,0.0087450843752957
20250813,SC2709,457.9,5.0,54.0,0.0052378881338794
20250813,SC2712,458.5,0.0,49.0,-0.0192392150526508
20250813,SC2803,456.3,0.0,80.0,-0.0414146226313995
20250813,SC2806,451.6,34.0,128.0,0.0
20250814,SC2509,481.9,77681.0,20420.0,0.0893119690211119
20250814,SC2510,485.5,61943.0,33455.0,-0.0495356740563673
20250814,SC2511,483.5,9229.0,10320.0,-0.0671991800682146
20250814,SC2512,480.8,1944.0,6970.0,-0.0324898667700589
20250814,SC2601,479.5,649.0,2964.0,-0.0375979419844431
20250814,SC2602,478.0,314.0,1404.0,-0.0477937954917945
20250814,SC2603,476.1,244.0,1393.0,-0.0378668663857181
20250814,SC2604,474.6,292.0,859.0,0.0
20250814,SC2605,474.6,48.0,220.0,0.0025281786673102
20250814,SC2606,474.7,315.0,861.0,-0.0455889108893067
20250814,SC2607,472.9,10.0,49.0,-0.027945392115065
20250814,SC2608,471.8,10.0,10.0,-0.066312602331052
20250814,SC2609,469.2,15.0,49.0,-0.0445782582122602
20250814,SC2612,464.0,0.0,42.0,0.0172043275975628
20250814,SC2703,466.0,3.0,28.0,-0.0780089729257644
20250814,SC2706,457.0,0.0,46.0,0.0174672766653615
20250814,SC2709,459.0,2.0,54.0,-0.0043596734561022
20250814,SC2712,458.5,0.0,49.0,-0.0192392150526508
20250814,SC2803,456.3,0.0,80.0,-0.0290334498012913
20250814,SC2806,453.0,17.0,130.0,0.0
20250815,SC2509,486.3,54720.0,16072.0,0.0443350258003419
20250815,SC2510,488.1,57157.0,32519.0,-0.0492712661003037
20250815,SC2511,486.1,6642.0,10128.0,-0.0618749437292657
20250815,SC2512,483.6,1654.0,7085.0,-0.039768056280448
20250815,SC2601,482.0,855.0,3278.0,-0.034905488978781
20250815,SC2602,480.6,286.0,1480.0,-0.0400167106974406
20250815,SC2603,479.0,341.0,1529.0,-0.0451788862458498
20250815,SC2604,477.2,35.0,855.0,-0.020134232911393
20250815,SC2605,476.4,6.0,219.0,0.002518627357341
20250815,SC2606,476.5,37.0,857.0,-0.0757897256174862
20250815,SC2607,473.5,5.0,48.0,-0.0025345865549928
20250815,SC2608,473.4,1.0,10.0,-0.1325417042768772
20250815,SC2609,468.2,0.0,49.0,-0.0360440113222205
20250815,SC2612,464.0,0.0,42.0,0.0017237664563251
20250815,SC2703,464.2,0.0,28.0,-0.0494208085752683
20250815,SC2706,458.5,0.0,46.0,-0.0043644303293382
20250815,SC2709,458.0,0.0,54.0,0.0174292214758225
20250815,SC2712,460.0,1.0,50.0,-0.0323040061991349
20250815,SC2803,456.3,0.0,80.0,-0.0202131595680354
20250815,SC2806,454.0,11.0,133.0,0.0
20250818,SC2509,482.6,22588.0,11747.0,0.0965849812215398
20250818,SC2510,486.5,110520.0,34937.0,-0.0816750600654547
20250818,SC2511,483.2,10549.0,10509.0,-0.0697386769773212
20250818,SC2512,480.4,3197.0,7501.0,-0.030012520855066
20250818,SC2601,479.2,711.0,3312.0,-0.0200501299778112
20250818,SC2602,478.4,302.0,1584.0,-0.0225965125876433
20250818,SC2603,477.5,486.0,1674.0,-0.0301950253676429
20250818,SC2604,476.3,285.0,946.0,-0.0151260524229476
20250818,SC2605,475.7,28.0,220.0,-0.0201977745979158
20250818,SC2606,474.9,118.0,857.0,-0.1193534333892842
20250818,SC2607,470.2,15.0,55.0,0.0102040822475155
20250818,SC2608,470.6,20.0,19.0,-0.0613550548374208
20250818,SC2609,468.2,0.0,49.0,-0.0533226559002862
20250818,SC2612,462.0,1.0,42.0,0.0190024110343911
20250818,SC2703,464.2,0.0,28.0,-0.0494208085752683
20250818,SC2706,458.5,0.0,46.0,-0.0043644303293382
20250818,SC2709,458.0,0.0,54.0,0.0087241037854405
20250818,SC2712,459.0,0.0,50.0,-0.0262296021846362
20250818,SC2803,456.0,0.0,80.0,-0.0441018800468308
20250818,SC2806,451.0,62.0,145.0,0.0
20250819,SC2509,476.9,11932.0,7506.0,0.1822946303973527
20250819,SC2510,484.2,117329.0,36350.0,-0.0297766902166247
20250819,SC2511,483.0,10606.0,10520.0,-0.0597759642024496
20250819,SC2512,480.6,4872.0,8639.0,-0.0174908932580253
20250819,SC2601,479.9,589.0,3405.0,-0.0250312981876334
20250819,SC2602,478.9,248.0,1643.0,-0.0326189432420543
20250819,SC2603,477.6,176.0,1716.0,-0.0251519689650069
20250819,SC2604,476.6,84.0,982.0,0.0050346130379783
20250819,SC2605,476.8,164.0,290.0,-0.0453877405979855
20250819,SC2606,475.0,226.0,954.0,-0.0252897880747763
20250819,SC2607,474.0,3.0,55.0,-0.0304182672382567
20250819,SC2608,472.8,4.0,19.0,-0.0457724649056481
20250819,SC2609,471.0,3.0,49.0,-0.0771728117387155
20250819,SC2612,462.0,0.0,42.0,0.0190024110343911
20250819,SC2703,464.2,0.0,28.0,0.0
20250819,SC2706,464.2,4.0,48.0,-0.0320105525799005
20250819,SC2709,460.5,6.0,55.0,-0.0130505825392655
20250819,SC2712,459.0,0.0,50.0,-0.0262296021846362
20250819,SC2803,456.0,0.0,80.0,-0.0175824458921524
20250819,SC2806,454.0,17.0,147.0,0.0
20250820,SC2509,475.9,1851.0,6548.0,0.1727368931557406
20250820,SC2510,482.8,114618.0,37855.0,-0.0049720323893402
20250820,SC2511,482.6,13540.0,10834.0,-0.0623248518484399
20250820,SC2512,480.1,5476.0,9128.0,-0.0100020843465177
20250820,SC2601,479.7,1304.0,3670.0,-0.0300563713801113
20250820,SC2602,478.5,451.0,1779.0,-0.017567712015597
20250820,SC2603,477.8,638.0,1942.0,0.0025112483088393
20250820,SC2604,477.9,116.0,1032.0,0.0
20250820,SC2605,477.9,112.0,327.0,0.0
20250820,SC2606,477.9,173.0,990.0,-0.0604154831840097
20250820,SC2607,475.5,7.0,54.0,0.0100903936994362
20250820,SC2608,475.9,3.0,19.0,-0.063204612566174
20250820,SC2609,473.4,2.0,51.0,-0.0042269897202137
20250820,SC2612,472.9,5.0,43.0,-0.0742738232379736
20250820,SC2703,464.2,0.0,28.0,-0.0216006573095738
20250820,SC2706,461.7,0.0,48.0,0.0190147289790191
20250820,SC2709,463.9,7.0,57.0,-0.0555685081684878
20250820,SC2712,457.5,5.0,50.0,0.0052424647084815
20250820,SC2803,458.1,2.0,81.0,-0.0218890772786773
20250820,SC2806,455.6,19.0,150.0,0.0
20250821,SC2509,484.7,1609.0,5450.0,0.1525235785521171
20250821,SC2510,490.9,116216.0,36440.0,-0.0416284470118742
20250821,SC2511,489.2,12202.0,10562.0,-0.0614818436833035
20250821,SC2512,486.7,5518.0,9167.0,-0.0172715152669773
20250821,SC2601,486.0,1094.0,3687.0,-0.0172964098718791
20250821,SC2602,485.3,471.0,1828.0,-0.0148453627180825
20250821,SC2603,484.7,373.0,2066.0,-0.0272642893283116
20250821,SC2604,483.6,279.0,1166.0,0.0
20250821,SC2605,483.6,34.0,322.0,-0.0223533128902859
20250821,SC2606,482.7,84.0,995.0,0.0
20250821,SC2607,482.7,10.0,59.0,-0.0348547962886013
20250821,SC2608,481.3,10.0,21.0,-0.1986009507501618
20250821,SC2609,473.4,0.0,51.0,0.022748876482358
20250821,SC2612,476.1,0.0,43.0,-0.0686384811313055
20250821,SC2703,468.0,0.0,28.0,0.0365843239376986
20250821,SC2706,472.3,4.0,46.0,0.0
20250821,SC2709,472.3,15.0,58.0,-0.004236839713987
20250821,SC2712,471.8,1.0,51.0,-0.0161410434592188
20250821,SC2803,469.9,1.0,81.0,-0.0514035774042882
20250821,SC2806,463.9,20.0,152.0,0.0
20250822,SC2509,487.0,481.0,5176.0,0.1615361941030604
20250822,SC2510,493.6,109851.0,37322.0,-0.0340840156106718
20250822,SC2511,492.2,10419.0,10882.0,-0.0611061509842061
20250822,SC2512,489.7,3684.0,9398.0,-0.0343558516878849
20250822,SC2601,488.3,695.0,3684.0,-0.0369193194509091
20250822,SC2602,486.8,251.0,1786.0,-0.0246761345436003
20250822,SC2603,485.8,175.0,1997.0,-0.0321550228470151
20250822,SC2604,484.5,115.0,1179.0,-0.0173499978587287
20250822,SC2605,483.8,94.0,354.0,-0.0273150661137567
20250822,SC2606,482.7,106.0,987.0,-0.0124365230325184
20250822,SC2607,482.2,11.0,63.0,-0.0224182732560838
20250822,SC2608,481.3,17.0,31.0,-0.019962574784598
20250822,SC2609,480.5,6.0,52.0,0.0041601667816557
20250822,SC2612,481.0,13.0,48.0,0.0033250209728411
20250822,SC2703,481.4,5.0,30.0,0.0
20250822,SC2706,481.4,6.0,47.0,-0.0493265734541063
20250822,SC2709,475.5,8.0,61.0,0.0293348617018807
20250822,SC2712,479.0,26.0,67.0,-0.0767227652085811
20250822,SC2803,469.9,0.0,81.0,0.0059542807379688
20250822,SC2806,470.6,27.0,163.0,0.0
20250825,SC2509,485.6,1185.0,4061.0,0.1790528875925209
20250825,SC2510,492.9,102824.0,37424.0,-0.0390164944407533
20250825,SC2511,491.3,11723.0,12150.0,-0.071042363256636
20250825,SC2512,488.4,4403.0,9872.0,-0.024595212545325
20250825,SC2601,487.4,519.0,3701.0,-0.0271130853763878
20250825,SC2602,486.3,87.0,1762.0,-0.0395468947009183
20250825,SC2603,484.7,127.0,2004.0,-0.0247831562687135
20250825,SC2604,483.7,109.0,1199.0,-0.0347826330481356
20250825,SC2605,482.3,75.0,388.0,0.0
20250825,SC2606,482.3,111.0,1009.0,-0.0848942367163508
20250825,SC2607,478.9,3.0,63.0,0.0599876275260014
20250825,SC2608,481.3,12.0,37.0,-0.0324560688855249
20250825,SC2609,480.0,6.0,51.0,0.0298880593548042
20250825,SC2612,483.6,4.0,52.0,-0.0390652455682961
20250825,SC2703,478.9,1.0,30.0,0.0183333654273777
20250825,SC2706,481.1,0.0,47.0,-0.0174982051779711
20250825,SC2709,479.0,24.0,77.0,-0.0242907248417684
20250825,SC2712,476.1,20.0,85.0,0.0284639124920791
20250825,SC2803,479.5,1.0,80.0,-0.0672991689999228
20250825,SC2806,471.5,19.0,171.0,0.0
20250826,SC2509,488.8,1290.0,2951.0,0.177889337395413
20250826,SC2510,496.1,95625.0,37040.0,-0.0242130832755104
20250826,SC2511,495.1,12821.0,13116.0,-0.0485732296475631
20250826,SC2512,493.1,3634.0,10471.0,-0.0414423977160216
20250826,SC2601,491.4,575.0,3659.0,-0.0464879773981629
20250826,SC2602,489.5,139.0,1712.0,-0.0417477142649411
20250826,SC2603,487.8,161.0,1943.0,-0.0468317324395519
20250826,SC2604,485.9,76.0,1207.0,-0.0247218876066082
20250826,SC2605,484.9,34.0,367.0,-0.0024749922744217
20250826,SC2606,484.8,131.0,973.0,-0.0620412921621418
20250826,SC2607,482.3,1.0,64.0,-0.0249066091903494
20250826,SC2608,481.3,1.0,38.0,0.0174400528984399
20250826,SC2609,482.0,4.0,52.0,0.0024888520973035
20250826,SC2612,482.3,3.0,52.0,0.011594211016045
20250826,SC2703,483.7,2.0,32.0,-0.0348839420217781
20250826,SC2706,479.5,2.0,49.0,0.0274343795995343
20250826,SC2709,482.8,6.0,81.0,-0.0207663222103908
20250826,SC2712,480.3,10.0,90.0,-0.006668057389143
20250826,SC2803,479.5,1.0,81.0,-0.0368743445224689
20250826,SC2806,475.1,14.0,171.0,0.0
20250827,SC2509,472.4,997.0,1049.0,0.1840178902177332
20250827,SC2510,479.7,125394.0,39460.0,0.0399584136125461
20250827,SC2511,481.3,19124.0,15815.0,0.0348547962886007
20250827,SC2512,482.7,8908.0,10267.0,-0.0223950298281137
20250827,SC2601,481.8,1657.0,3858.0,0.0
20250827,SC2602,481.8,246.0,1761.0,-0.0424160957265155
20250827,SC2603,480.1,463.0,2031.0,-0.0400584557266295
20250827,SC2604,478.5,122.0,1233.0,-0.0200794859651142
20250827,SC2605,477.7,128.0,427.0,-0.0075384778942371
20250827,SC2606,477.4,81.0,990.0,-0.0176082203273967
20250827,SC2607,476.7,5.0,64.0,0.0125799361557735
20250827,SC2608,477.2,3.0,38.0,-0.0125799361557728
20250827,SC2609,476.7,10.0,53.0,0.0217573758192228
20250827,SC2612,479.3,2.0,54.0,-0.0167259286149388
20250827,SC2703,477.3,0.0,32.0,-0.003353594830689
20250827,SC2706,476.9,0.0,49.0,-0.0455508929226656
20250827,SC2709,471.5,2.0,80.0,-0.0127456294776314
20250827,SC2712,470.0,4.0,89.0,0.0161376161129503
20250827,SC2803,471.9,0.0,81.0,-0.0383267065103368
20250827,SC2806,467.4,9.0,168.0,0.0
20250828,SC2509,473.0,200.0,1190.0,0.2187135017309047
20250828,SC2510,481.7,93391.0,35842.0,0.024885948363264
20250828,SC2511,482.7,12761.0,15573.0,-0.0024862737061897
20250828,SC2512,482.6,4119.0,10576.0,-0.0049740933354693
20250828,SC2601,482.4,849.0,3749.0,-0.0273944292469427
20250828,SC2602,481.3,86.0,1742.0,-0.0249584116594202
20250828,SC2603,480.3,61.0,2036.0,-0.007497657226105
20250828,SC2604,480.0,17.0,1233.0,-0.0475942592385465
20250828,SC2605,478.1,35.0,429.0,-0.02261070489956
20250828,SC2606,477.2,63.0,1017.0,0.0075416363642875
20250828,SC2607,477.5,0.0,64.0,0.0251046116666874
20250828,SC2608,478.5,1.0,38.0,-0.0830453141348855
20250828,SC2609,475.2,6.0,54.0,0.0501888642083542
20250828,SC2612,481.2,1.0,54.0,-0.0325510403546916
20250828,SC2703,477.3,0.0,32.0,-0.0361993420796717
20250828,SC2706,473.0,1.0,49.0,-0.0084656116255104
20250828,SC2709,472.0,2.0,80.0,-0.0059366066234807
20250828,SC2712,471.3,1.0,89.0,-0.0025469596530697
20250828,SC2803,471.0,0.0,81.0,-0.0289794576740176
20250828,SC2806,467.6,6.0,167.0,0.0
20250829,SC2509,477.0,10.0,1190.0,0.2045362341786452
20250829,SC2510,485.2,98327.0,31938.0,0.0
20250829,SC2511,485.2,15592.0,16358.0,-0.0049474335889418
20250829,SC2512,485.0,6353.0,11067.0,-0.0322081333025483
20250829,SC2601,483.7,1299.0,4051.0,-0.0472294757779971
20250829,SC2602,481.8,260.0,1782.0,-0.0449158353460127
20250829,SC2603,480.0,238.0,1971.0,-0.0375587161071324
20250829,SC2604,478.5,209.0,1180.0,-0.037676640056013
20250829,SC2605,477.0,20.0,419.0,-0.0125852135290125
20250829,SC2606,476.5,125.0,976.0,-0.0125984263540417
20250829,SC2607,476.0,1.0,64.0,-0.0126116669517
20250829,SC2608,475.5,2.0,40.0,0.0151324105803379
20250829,SC2609,476.1,0.0,54.0,0.0401257283325753
20250829,SC2612,480.9,0.0,54.0,-0.0468526586546123
20250829,SC2703,475.3,4.0,34.0,0.005886682445825
20250829,SC2706,476.0,3.0,49.0,-0.0329081067167156
20250829,SC2709,472.1,3.0,80.0,-0.0050869019149155
20250829,SC2712,471.5,3.0,89.0,-0.0008484462859259
20250829,SC2803,471.4,1.0,82.0,-0.0076441259063852
20250829,SC2806,470.5,2.0,168.0,0.0
20250901,SC2510,483.5,81087.0,32147.0,0.0247933972496629
20250901,SC2511,484.5,18898.0,17647.0,-0.0074326419223545
20250901,SC2512,484.2,4697.0,11305.0,-0.0148791091598452
20250901,SC2601,483.6,972.0,4144.0,-0.0447483427183991
20250901,SC2602,481.8,84.0,1795.0,-0.0299252025408295
20250901,SC2603,480.6,47.0,1966.0,-0.090225988968328
20250901,SC2604,477.0,35.0,1168.0,-0.0226628962544176
20250901,SC2605,476.1,2.0,417.0,0.0427718242948339
20250901,SC2606,477.8,33.0,977.0,-0.1110184537419077
20250901,SC2607,473.4,1.0,64.0,-0.0050707797078214
20250901,SC2608,473.2,3.0,40.0,-0.066115869731635
20250901,SC2609,470.6,1.0,53.0,0.0228838424757608
20250901,SC2612,473.3,8.0,56.0,0.0219132448594496
20250901,SC2703,475.9,0.0,34.0,-0.0075717763696939
20250901,SC2706,475.0,0.0,49.0,-0.0312798804198239
20250901,SC2709,471.3,1.0,79.0,-0.0025469596530697
20250901,SC2712,471.0,3.0,91.0,0.0033955859424519
20250901,SC2803,471.4,0.0,82.0,-0.0204168882230052
20250901,SC2806,469.0,0.0,168.0,0.0
20250901,SC2809,469.0,0.0,0.0,0.0
20250902,SC2510,490.4,79810.0,30160.0,0.0464028257058407
20250902,SC2511,492.3,20311.0,18607.0,-0.0195161661232037
20250902,SC2512,491.5,7084.0,11738.0,-0.0317816219185084
20250902,SC2601,490.2,1809.0,4271.0,-0.0441447462895518
20250902,SC2602,488.4,266.0,1763.0,-0.0492409390151081
20250902,SC2603,486.4,192.0,1914.0,-0.0469667918536359
20250902,SC2604,484.5,125.0,1210.0,-0.0272755567372604
20250902,SC2605,483.4,6.0,416.0,-0.0348042506253879
20250902,SC2606,482.0,30.0,984.0,0.0049782203576444
20250902,SC2607,482.2,1.0,64.0,-0.1401768129891459
20250902,SC2608,476.6,0.0,40.0,0.0903014294701327
20250902,SC2609,480.2,2.0,53.0,-0.0267447715952465
20250902,SC2612,477.0,3.0,55.0,-0.009234971045106
20250902,SC2703,475.9,0.0,34.0,-0.0075717763696939
20250902,SC2706,475.0,1.0,49.0,-0.0312798804198239
20250902,SC2709,471.3,0.0,79.0,0.0430520142058395
20250902,SC2712,476.4,1.0,91.0,-0.042203387916457
20250902,SC2803,471.4,0.0,82.0,-0.0033955859424519
20250902,SC2806,471.0,2.0,169.0,0.0110251315426151
20250902,SC2809,472.3,3.0,3.0,0.0
20250903,SC2510,493.2,90880.0,28983.0,0.0218778547381821
20250903,SC2511,494.1,19552.0,18711.0,-0.0121494391263158
20250903,SC2512,493.6,6852.0,11770.0,-0.0389610731864397
20250903,SC2601,492.0,953.0,4237.0,-0.043982944779551
20250903,SC2602,490.2,193.0,1745.0,-0.0416879953340975
20250903,SC2603,488.5,52.0,1912.0,-0.0492308382813322
20250903,SC2604,486.5,66.0,1252.0,-0.0197490272923279
20250903,SC2605,485.7,5.0,414.0,-0.0395958288726043
20250903,SC2606,484.1,71.0,957.0,0.0198142459878933
20250903,SC2607,484.9,8.0,63.0,-0.0520823386551603
20250903,SC2608,482.8,1.0,39.0,0.0173859080396718
20250903,SC2609,483.5,10.0,52.0,-0.0207361791503513
20250903,SC2612,481.0,1.0,55.0,-0.0275373988393799
20250903,SC2703,477.7,1.0,34.0,0.0142096064174708
20250903,SC2706,479.4,1.0,49.0,-0.0427811564669916
20250903,SC2709,474.3,3.0,78.0,-0.0185968213251795
20250903,SC2712,472.1,9.0,94.0,-0.0059353482008414
20250903,SC2803,471.4,0.0,82.0,-0.0033955859424519
20250903,SC2806,471.0,20.0,165.0,0.0084835662765505
20250903,SC2809,472.0,0.0,3.0,0.0
20250904,SC2510,481.0,117977.0,27643.0,0.0348765036865747
20250904,SC2511,482.4,32587.0,18429.0,-0.0249014407680488
20250904,SC2512,481.4,13384.0,10705.0,-0.0224555632634915
20250904,SC2601,480.5,1709.0,4402.0,-0.0475446352328907
20250904,SC2602,478.6,365.0,1762.0,-0.0477337591619162
20250904,SC2603,476.7,253.0,1903.0,-0.0378191299481377
20250904,SC2604,475.2,336.0,1248.0,-0.0430062650676267
20250904,SC2605,473.5,186.0,364.0,-0.0152155557156345
20250904,SC2606,472.9,313.0,897.0,-0.035578170915814
20250904,SC2607,471.5,16.0,66.0,-0.0331315916105165
20250904,SC2608,470.2,4.0,40.0,-0.0281060492586799
20250904,SC2609,469.1,5.0,52.0,0.0093686830862269
20250904,SC2612,470.2,38.0,56.0,-0.0034042555246268
20250904,SC2703,469.8,4.0,34.0,-0.0247678809916844
20250904,SC2706,466.9,1.0,49.0,0.0034253909179569
20250904,SC2709,467.3,2.0,77.0,-0.0257622187220179
20250904,SC2712,464.3,5.0,92.0,0.0326042131205952
20250904,SC2803,468.1,0.0,82.0,-0.0094107625485104
20250904,SC2806,467.0,8.0,165.0,-0.0275033313898638
20250904,SC2809,463.8,3.0,4.0,0.0
20250905,SC2510,482.0,88635.0,25244.0,-0.0024898848517589
20250905,SC2511,481.9,23610.0,18456.0,-0.0299189849564646
20250905,SC2512,480.7,7300.0,10674.0,-0.0450188106162165
20250905,SC2601,478.9,1663.0,4506.0,-0.0577709122070617
20250905,SC2602,476.6,246.0,1786.0,-0.0580503813732691
20250905,SC2603,474.3,186.0,1903.0,-0.0329357326992365
20250905,SC2604,473.0,82.0,1242.0,-0.0483000334312494
20250905,SC2605,471.1,23.0,354.0,0.0076392575524237
20250905,SC2606,471.4,47.0,920.0,-0.0459086638577275
20250905,SC2607,469.6,2.0,67.0,-0.0153420008112882
20250905,SC2608,469.0,8.0,45.0,-0.0256136703435921
20250905,SC2609,468.0,13.0,54.0,-0.0197065837172607
20250905,SC2612,465.7,21.0,59.0,0.0025759365492575
20250905,SC2703,466.0,3.0,32.0,-0.0085929141531584
20250905,SC2706,465.0,1.0,49.0,-0.002581477985695
20250905,SC2709,464.7,2.0,76.0,0.0025814779856946
20250905,SC2712,465.0,2.0,90.0,-0.0206986231600698
20250905,SC2803,462.6,0.0,82.0,-0.060112206110008
20250905,SC2806,455.7,4.0,164.0,0.0445176444473787
20250905,SC2809,460.8,3.0,5.0,0.0
20250908,SC2510,490.5,130455.0,24608.0,-0.1056626054807373
20250908,SC2511,486.2,35560.0,19083.0,-0.1115825789501742
20250908,SC2512,481.7,9882.0,11248.0,-0.0674509947031179
20250908,SC2601,479.0,2816.0,4882.0,-0.0451788862458498
20250908,SC2602,477.2,394.0,1834.0,-0.0503990661039108
20250908,SC2603,475.2,290.0,1866.0,-0.0176897999814305
20250908,SC2604,474.5,215.0,1254.0,-0.0025292443976028
20250908,SC2605,474.4,116.0,401.0,-0.0380027764042268
20250908,SC2606,472.9,308.0,980.0,-0.0254022110098595
20250908,SC2607,471.9,23.0,76.0,-0.1047149349871577
20250908,SC2608,467.8,11.0,45.0,0.104714934987157
20250908,SC2609,471.9,30.0,60.0,-0.1030320967458546
20250908,SC2612,459.9,1.0,60.0,0.0595673034660918
20250908,SC2703,466.8,0.0,32.0,-0.0770003229974048
20250908,SC2706,457.9,3.0,47.0,0.0278564781984408
20250908,SC2709,461.1,1.0,76.0,0.0302475244945954
20250908,SC2712,464.6,0.0,90.0,-0.0467639013238085
20250908,SC2803,459.2,1.0,81.0,0.0381450658409598
20250908,SC2806,463.6,8.0,166.0,-0.0259684963160471
20250908,SC2809,460.6,2.0,4.0,0.0
20250909,SC2510,482.8,111076.0,24849.0,-0.0149222817156696
20250909,SC2511,482.2,27026.0,20292.0,-0.0423808480406814
20250909,SC2512,480.5,8578.0,11475.0,-0.0425310567183486
20250909,SC2601,478.8,2002.0,5122.0,-0.0426823339410806
20250909,SC2602,477.1,302.0,1799.0,-0.0453591468251713
20250909,SC2603,475.3,247.0,1933.0,-0.0353982557570548
20250909,SC2604,473.9,100.0,1282.0,-0.0228112857793154
20250909,SC2605,473.0,80.0,439.0,-0.0152316500247091
20250909,SC2606,472.4,127.0,1018.0,-0.0585677555174682
20250909,SC2607,470.1,8.0,77.0,-0.0229958550091741
20250909,SC2608,469.2,4.0,46.0,-0.0563983093250768
20250909,SC2609,467.0,2.0,59.0,-0.0171674083261641
20250909,SC2612,465.0,5.0,57.0,-0.0258900580224699
20250909,SC2703,462.0,3.0,29.0,-0.0217037971439884
20250909,SC2706,459.5,3.0,44.0,-0.0052264815798159
20250909,SC2709,458.9,4.0,73.0,-0.003488118817073
20250909,SC2712,458.5,8.0,90.0,-0.0052378881338791
20250909,SC2803,457.9,4.0,81.0,-0.0148780392510484
20250909,SC2806,456.2,16.0,162.0,0.0070083241756682
20250909,SC2809,457.0,3.0,4.0,0.0
20250910,SC2510,486.2,103360.0,23689.0,0.04926115292204
20250910,SC2511,488.2,33224.0,21768.0,-0.0221424973127895
20250910,SC2512,487.3,11103.0,11765.0,-0.0197165786808093
20250910,SC2601,486.5,3177.0,5701.0,-0.0321086946739761
20250910,SC2602,485.2,1449.0,2117.0,-0.0297152442391594
20250910,SC2603,484.0,925.0,2161.0,-0.0124031018793919
20250910,SC2604,483.5,1181.0,1759.0,0.0223163614270586
20250910,SC2605,484.4,336.0,585.0,-0.0173535821999955
20250910,SC2606,483.7,3065.0,3459.0,-0.0024811330595976
20250910,SC2607,483.6,61.0,105.0,-0.102170693005737
20250910,SC2608,479.5,3.0,48.0,-0.1257873152821241
20250910,SC2609,474.5,3.0,60.0,-0.0611606733744083
20250910,SC2612,467.3,1.0,58.0,-0.044760527320639
20250910,SC2703,462.1,0.0,29.0,-0.0121369837373977
20250910,SC2706,460.7,0.0,44.0,0.0
20250910,SC2709,460.7,2.0,73.0,0.0328579452480875
20250910,SC2712,464.5,8.0,91.0,-0.0215866686886175
20250910,SC2803,462.0,4.0,80.0,0.0353412491878258
20250910,SC2806,466.1,18.0,157.0,-0.0613999732726007
20250910,SC2809,459.0,7.0,5.0,0.0
20250911,SC2510,489.2,88080.0,21916.0,0.0391837082848704
20250911,SC2511,490.8,29239.0,22628.0,-0.0416369434973384
20250911,SC2512,489.1,7103.0,11921.0,-0.0196439577323634
20250911,SC2601,488.3,2270.0,5534.0,-0.0344544945475126
20250911,SC2602,486.9,1255.0,2133.0,-0.0246710613215749
20250911,SC2603,485.9,1339.0,2164.0,-0.0197734339282361
20250911,SC2604,485.1,2069.0,2108.0,0.0123622139294107
20250911,SC2605,485.6,435.0,509.0,-0.0148361856936641
20250911,SC2606,485.0,3062.0,4171.0,-0.0123775152799472
20250911,SC2607,484.5,53.0,114.0,-0.0123902953702711
20250911,SC2608,484.0,19.0,46.0,-0.1371443498834729
20250911,SC2609,478.5,5.0,60.0,0.004177546071625
20250911,SC2612,479.0,12.0,57.0,-0.0580390794346966
20250911,SC2703,472.1,0.0,29.0,-0.0050869019149155
20250911,SC2706,471.5,0.0,44.0,-0.0016970725753079
20250911,SC2709,471.3,0.0,73.0,-0.0025469596530697
20250911,SC2712,471.0,6.0,89.0,-0.0238501558384294
20250911,SC2803,468.2,0.0,80.0,-0.0111218123196764
20250911,SC2806,466.9,8.0,157.0,-0.0422008435806099
20250911,SC2809,462.0,0.0,5.0,0.0
20250912,SC2510,475.3,93831.0,21383.0,0.0352941430897947
20250912,SC2511,476.7,44262.0,26745.0,0.0025170424843198
20250912,SC2512,476.8,9574.0,12781.0,-0.0050346130379784
20250912,SC2601,476.6,3114.0,6004.0,-0.0100755673425532
20250912,SC2602,476.2,771.0,2281.0,0.0075574684979327
20250912,SC2603,476.5,979.0,2459.0,-0.0176415027047942
20250912,SC2604,475.8,1384.0,2300.0,-0.0025223331674585
20250912,SC2605,475.7,629.0,729.0,-0.0126196246776077
20250912,SC2606,475.2,1822.0,4581.0,0.0075733672441181
20250912,SC2607,475.5,8.0,113.0,-0.015151517164427
20250912,SC2608,474.9,11.0,53.0,-0.07096113603402
20250912,SC2609,472.1,6.0,61.0,0.0118443402955669
20250912,SC2612,473.5,17.0,60.0,-0.0330825764489849
20250912,SC2703,469.6,5.0,25.0,0.00340570476087
20250912,SC2706,470.0,0.0,44.0,0.0
20250912,SC2709,470.0,0.0,73.0,-0.0341882423138336
20250912,SC2712,466.0,3.0,88.0,0.0188396837246576
20250912,SC2803,468.2,0.0,80.0,-0.0541885504810027
20250912,SC2806,461.9,10.0,159.0,0.0008658945807169
20250912,SC2809,462.0,0.0,5.0,0.0
20250915,SC2510,488.1,81997.0,16504.0,0.0294659448237126
20250915,SC2511,489.3,51752.0,25871.0,-0.0393040269488516
20250915,SC2512,487.7,11409.0,12479.0,-0.0147722628421185
20250915,SC2601,487.1,2283.0,5766.0,-0.0073929563894993
20250915,SC2602,486.8,784.0,2567.0,-0.0073975138477484
20250915,SC2603,486.5,408.0,2381.0,-0.0148087225704304
20250915,SC2604,485.9,194.0,2258.0,0.0049382716746309
20250915,SC2605,486.1,185.0,799.0,-0.0222382437781781
20250915,SC2606,485.2,1092.0,4843.0,0.0049453946712707
20250915,SC2607,485.4,136.0,163.0,-0.0669354075126454
20250915,SC2608,482.7,11.0,53.0,0.0074557318335066
20250915,SC2609,483.0,20.0,58.0,-0.0634403949059169
20250915,SC2612,475.4,0.0,60.0,-0.0067368436977211
20250915,SC2703,474.6,0.0,25.0,0.0008427262224367
20250915,SC2706,474.7,0.0,44.0,-0.0126595738121626
20250915,SC2709,473.2,0.0,73.0,-0.0093092182079623
20250915,SC2712,472.1,0.0,88.0,-0.0084817673849827
20250915,SC2803,471.1,2.0,79.0,-0.0375349310009023
20250915,SC2806,466.7,1.0,158.0,0.0196644619620374
20250915,SC2809,469.0,1.0,5.0,0.0
20250916,SC2510,493.6,46450.0,13395.0,0.0097205351609321
20250916,SC2511,494.0,49598.0,27657.0,-0.075540913486989
20250916,SC2512,490.9,10304.0,13337.0,-0.0367234806652267
20250916,SC2601,489.4,2925.0,6233.0,-0.0540652153546085
20250916,SC2602,487.2,2998.0,3858.0,-0.0073914384843847
20250916,SC2603,486.9,491.0,2485.0,-0.0370256387538505
20250916,SC2604,485.4,200.0,2270.0,-0.0123673101743325
20250916,SC2605,484.9,89.0,806.0,0.0024744819141208
20250916,SC2606,485.0,314.0,4820.0,-0.03717091252961
20250916,SC2607,483.5,30.0,160.0,-0.0074480192729256
20250916,SC2608,483.2,3.0,54.0,-0.0223718345481473
20250916,SC2609,482.3,8.0,59.0,-0.0091333718976097
20250916,SC2612,481.2,19.0,55.0,-0.0552425603954424
20250916,SC2703,474.6,0.0,25.0,0.0008427262224367
20250916,SC2706,474.7,0.0,44.0,-0.0126595738121626
20250916,SC2709,473.2,0.0,73.0,-0.0093092182079623
20250916,SC2712,472.1,0.0,88.0,0.012689024070219
20250916,SC2803,473.6,1.0,79.0,-0.0050707803114518
20250916,SC2806,473.0,3.0,158.0,-0.0339704801826143
20250916,SC2809,469.0,0.0,5.0,0.0
20250917,SC2510,498.9,23769.0,8651.0,0.0096173116748646
20250917,SC2511,499.3,95493.0,34848.0,-0.0650669331899679
20250917,SC2512,496.6,11742.0,14081.0,-0.0460002580848413
20250917,SC2601,494.7,2435.0,6241.0,-0.0534846914582318
20250917,SC2602,492.5,1495.0,4250.0,-0.0170679699606158
20250917,SC2603,491.8,335.0,2477.0,-0.0317622093200929
20250917,SC2604,490.5,153.0,2305.0,0.0073372059760629
20250917,SC2605,490.8,104.0,854.0,-0.046544919025879
20250917,SC2606,488.9,118.0,4795.0,0.0220700992016104
20250917,SC2607,489.8,9.0,157.0,-0.0564822489619855
20250917,SC2608,487.5,1.0,54.0,-0.0864646046552413
20250917,SC2609,484.0,1.0,59.0,-0.0165631706641255
20250917,SC2612,482.0,5.0,54.0,-0.0576752234308984
20250917,SC2703,475.1,0.0,25.0,0.0142872302330575
20250917,SC2706,476.8,0.0,44.0,-0.0303159345876331
20250917,SC2709,473.2,0.0,73.0,0.0042243113018975
20250917,SC2712,473.7,1.0,87.0,-0.0008445054396404
20250917,SC2803,473.6,0.0,79.0,-0.0271187479415152
20250917,SC2806,470.4,5.0,158.0,-0.0119225125525511
20250917,SC2809,469.0,0.0,5.0,0.0
20250918,SC2510,492.4,12538.0,5451.0,-0.0146311743384742
20250918,SC2511,491.8,95903.0,33886.0,-0.0391039042569609
20250918,SC2512,490.2,13347.0,13785.0,-0.0245048073719392
20250918,SC2601,489.2,2155.0,6465.0,-0.0393120744708087
20250918,SC2602,487.6,349.0,4252.0,-0.0221697692124948
20250918,SC2603,486.7,131.0,2514.0,-0.0148026334559849
20250918,SC2604,486.1,63.0,2296.0,-0.0074081698000526
20250918,SC2605,485.8,84.0,844.0,-0.0346320586696198
20250918,SC2606,484.4,154.0,4763.0,-0.0198347152595941
20250918,SC2607,483.6,7.0,156.0,-0.0298136799319446
20250918,SC2608,482.4,5.0,54.0,0.0
20250918,SC2609,482.4,2.0,59.0,0.0033153752416036
20250918,SC2612,482.8,2.0,53.0,-0.0643087241220031
20250918,SC2703,475.1,0.0,25.0,0.0142872302330575
20250918,SC2706,476.8,0.0,44.0,-0.0303159345876331
20250918,SC2709,473.2,0.0,73.0,-0.014396120122878
20250918,SC2712,471.5,2.0,86.0,-0.0025458789445409
20250918,SC2803,471.2,1.0,79.0,0.0110204583856818
20250918,SC2806,472.5,2.0,156.0,-0.0846999885458345
20250918,SC2809,462.6,6.0,6.0,0.0
20250919,SC2510,490.0,1616.0,5077.0,-0.0736952162649895
20250919,SC2511,487.0,108898.0,33781.0,-0.0172608680741956
20250919,SC2512,486.3,14123.0,13838.0,-0.0197571561403257
20250919,SC2601,485.5,4049.0,7035.0,-0.0396121671852807
20250919,SC2602,483.9,548.0,4287.0,-0.0148883393788124
20250919,SC2603,483.3,369.0,2666.0,0.0049648325077279
20250919,SC2604,483.5,267.0,2310.0,-0.0173859080396712
20250919,SC2605,482.8,66.0,849.0,-0.0049720323893402
20250919,SC2606,482.6,224.0,4848.0,0.0397186957563204
20250919,SC2607,484.2,10.0,157.0,-0.0496689450826491
20250919,SC2608,482.2,2.0,54.0,-0.0024888520259279
20250919,SC2609,482.1,3.0,59.0,-0.0484146144190477
20250919,SC2612,476.3,2.0,52.0,-0.0100903984557563
20250919,SC2703,475.1,0.0,25.0,-0.0499847656542212
20250919,SC2706,469.2,2.0,42.0,0.0339560612996452
20250919,SC2709,473.2,0.0,73.0,-0.0194894994188913
20250919,SC2712,470.9,7.0,88.0,0.0008493470676354
20250919,SC2803,471.0,0.0,79.0,-0.0341153453900817
20250919,SC2806,467.0,6.0,154.0,-0.0111504307222632
20250919,SC2809,465.7,0.0,6.0,0.0
20251027,SC2511,465.5,1570.0,2574.0,0.0
20251027,SC2512,468.9,109341.0,39325.0,0.0
20251027,SC2601,468.5,16606.0,19594.0,0.0
20251027,SC2602,469.0,4318.0,5761.0,0.0
20251027,SC2603,469.9,1109.0,3250.0,0.0
20251027,SC2604,470.4,529.0,2723.0,0.0
20251027,SC2605,470.4,488.0,1804.0,0.0
20251027,SC2606,470.3,267.0,5298.0,0.0
20251027,SC2607,469.2,170.0,336.0,0.0
20251027,SC2608,469.5,10.0,65.0,0.0
20251027,SC2609,468.6,16.0,262.0,0.0
20251027,SC2610,466.2,0.0,0.0,0.0
20251027,SC2612,468.6,13.0,120.0,0.0
20251027,SC2703,469.0,4.0,27.0,0.0
20251027,SC2706,466.5,8.0,44.0,0.0
20251027,SC2709,471.0,3.0,77.0,0.0
20251027,SC2712,469.0,1.0,88.0,0.0
20251027,SC2803,473.7,0.0,75.0,0.0
20251027,SC2806,470.5,7.0,133.0,0.0
20251027,SC2809,472.5,6.0,107.0,0.0
20251028,SC2511,459.4,529.0,2057.0,0.0
20251028,SC2512,462.7,101862.0,36126.0,0.0
20251028,SC2601,463.4,19764.0,19352.0,0.0
20251028,SC2602,464.1,5719.0,6170.0,0.0
20251028,SC2603,464.2,1170.0,3373.0,0.0
20251028,SC2604,464.2,755.0,2772.0,0.0
20251028,SC2605,464.6,520.0,1965.0,0.0
20251028,SC2606,464.4,500.0,5273.0,0.0
20251028,SC2607,464.0,173.0,471.0,0.0
20251028,SC2608,462.4,13.0,68.0,0.0
20251028,SC2609,463.5,38.0,254.0,0.0
20251028,SC2610,463.4,4.0,2.0,0.0
20251028,SC2612,464.3,7.0,122.0,0.0
20251028,SC2703,466.8,0.0,27.0,0.0
20251028,SC2706,466.6,0.0,44.0,0.0
20251028,SC2709,465.5,1.0,77.0,0.0
20251028,SC2712,464.8,4.0,92.0,0.0
20251028,SC2803,470.0,0.0,75.0,0.0
20251028,SC2806,470.2,1.0,133.0,0.0
20251028,SC2809,471.0,4.0,107.0,0.0
20251029,SC2511,457.9,1783.0,278.0,0.0
20251029,SC2512,462.6,120627.0,32997.0,0.0
20251029,SC2601,461.5,23904.0,20106.0,0.0
20251029,SC2602,461.4,5473.0,6796.0,0.0
20251029,SC2603,461.9,1276.0,3685.0,0.0
20251029,SC2604,462.1,514.0,2854.0,0.0
20251029,SC2605,462.3,136.0,1985.0,0.0
20251029,SC2606,462.4,487.0,5264.0,0.0
20251029,SC2607,461.1,78.0,477.0,0.0
20251029,SC2608,461.3,6.0,67.0,0.0
20251029,SC2609,460.4,24.0,253.0,0.0
20251029,SC2610,464.0,0.0,2.0,0.0
20251029,SC2612,462.1,7.0,122.0,0.0
20251029,SC2703,464.6,0.0,27.0,0.0
20251029,SC2706,464.5,0.0,44.0,0.0
20251029,SC2709,465.5,0.0,77.0,0.0
20251029,SC2712,464.5,6.0,92.0,0.0
20251029,SC2803,468.5,0.0,75.0,0.0
20251029,SC2806,466.5,3.0,132.0,0.0
20251029,SC2809,466.7,1.0,107.0,0.0
20251030,SC2511,454.8,9.0,278.0,0.0
20251030,SC2512,458.9,108683.0,31508.0,0.0
20251030,SC2601,459.3,25954.0,22742.0,0.0
20251030,SC2602,459.1,5510.0,8279.0,0.0
20251030,SC2603,459.1,538.0,3738.0,0.0
20251030,SC2604,460.2,124.0,2843.0,0.0
20251030,SC2605,460.6,53.0,2000.0,0.0
20251030,SC2606,460.4,164.0,5264.0,0.0
20251030,SC2607,460.8,7.0,476.0,0.0
20251030,SC2608,460.7,4.0,66.0,0.0
20251030,SC2609,460.0,16.0,252.0,0.0
20251030,SC2610,459.2,5.0,5.0,0.0
20251030,SC2612,458.2,3.0,121.0,0.0
20251030,SC2703,461.2,0.0,27.0,0.0
20251030,SC2706,461.1,0.0,44.0,0.0
20251030,SC2709,460.0,1.0,77.0,0.0
20251030,SC2712,459.0,2.0,92.0,0.0
20251030,SC2803,459.7,3.0,77.0,0.0
20251030,SC2806,460.2,2.0,133.0,0.0
20251030,SC2809,461.0,4.0,107.0,0.0
20251031,SC2511,450.7,22.0,278.0,0.0
20251031,SC2512,458.7,80193.0,29622.0,0.0
20251031,SC2601,458.8,17164.0,21567.0,0.0
20251031,SC2602,459.0,3088.0,8038.0,0.0
20251031,SC2603,459.5,405.0,3733.0,0.0
20251031,SC2604,459.8,135.0,2850.0,0.0
20251031,SC2605,460.4,48.0,2001.0,0.0
20251031,SC2606,460.6,316.0,5344.0,0.0
20251031,SC2607,461.7,55.0,469.0,0.0
20251031,SC2608,462.8,138.0,162.0,0.0
20251031,SC2609,460.8,17.0,255.0,0.0
20251031,SC2610,458.7,5.0,5.0,0.0
20251031,SC2612,460.7,13.0,113.0,0.0
20251031,SC2703,459.7,3.0,25.0,0.0
20251031,SC2706,460.1,5.0,43.0,0.0
20251031,SC2709,460.0,0.0,77.0,0.0
20251031,SC2712,463.0,2.0,92.0,0.0
20251031,SC2803,459.8,0.0,77.0,0.0
20251031,SC2806,461.9,2.0,132.0,0.0
20251031,SC2809,462.6,4.0,108.0,0.0
20251103,SC2512,467.9,124089.0,30489.0,0.0
20251103,SC2601,468.6,26388.0,22000.0,0.0
20251103,SC2602,468.6,6013.0,8437.0,0.0
20251103,SC2603,468.5,790.0,3714.0,0.0
20251103,SC2604,468.5,171.0,2823.0,0.0
20251103,SC2605,468.7,67.0,1980.0,0.0
20251103,SC2606,467.9,352.0,5335.0,0.0
20251103,SC2607,467.8,15.0,470.0,0.0
20251103,SC2608,466.0,37.0,168.0,0.0
20251103,SC2609,466.8,12.0,256.0,0.0
20251103,SC2610,466.9,2.0,5.0,0.0
20251103,SC2611,463.2,0.0,0.0,0.0
20251103,SC2612,465.1,14.0,114.0,0.0
20251103,SC2703,460.2,0.0,25.0,0.0
20251103,SC2706,465.3,2.0,43.0,0.0
20251103,SC2709,468.8,4.0,77.0,0.0
20251103,SC2712,457.8,3.0,91.0,0.0
20251103,SC2803,466.2,2.0,78.0,0.0
20251103,SC2806,468.8,1.0,133.0,0.0
20251103,SC2809,470.0,1.0,107.0,0.0
20251104,SC2512,463.5,78050.0,29025.0,0.0
20251104,SC2601,465.0,18442.0,21908.0,0.0
20251104,SC2602,464.9,3255.0,8147.0,0.0
20251104,SC2603,465.0,300.0,3718.0,0.0
20251104,SC2604,465.9,139.0,2836.0,0.0
20251104,SC2605,465.0,30.0,1975.0,0.0
20251104,SC2606,466.1,110.0,5312.0,0.0
20251104,SC2607,465.7,3.0,470.0,0.0
20251104,SC2608,463.8,3.0,167.0,0.0
20251104,SC2609,463.4,4.0,255.0,0.0
20251104,SC2610,466.5,2.0,6.0,0.0
20251104,SC2611,463.2,0.0,0.0,0.0
20251104,SC2612,464.0,2.0,113.0,0.0
20251104,SC2703,460.2,0.0,25.0,0.0
20251104,SC2706,465.0,0.0,43.0,0.0
20251104,SC2709,466.8,1.0,77.0,0.0
20251104,SC2712,463.7,0.0,91.0,0.0
20251104,SC2803,467.0,0.0,78.0,0.0
20251104,SC2806,468.8,0.0,133.0,0.0
20251104,SC2809,470.0,0.0,107.0,0.0
20251105,SC2512,463.7,81799.0,27163.0,0.0
20251105,SC2601,465.2,20881.0,22297.0,0.0
20251105,SC2602,465.2,4111.0,8055.0,0.0
20251105,SC2603,464.8,660.0,3714.0,0.0
20251105,SC2604,465.3,171.0,2877.0,0.0
20251105,SC2605,466.6,254.0,2068.0,0.0
20251105,SC2606,465.8,146.0,5319.0,0.0
20251105,SC2607,465.9,13.0,469.0,0.0
20251105,SC2608,465.5,30.0,161.0,0.0
20251105,SC2609,465.7,15.0,254.0,0.0
20251105,SC2610,464.5,0.0,6.0,0.0
20251105,SC2611,463.2,0.0,0.0,0.0
20251105,SC2612,465.1,10.0,108.0,0.0
20251105,SC2703,460.2,0.0,25.0,0.0
20251105,SC2706,461.9,4.0,43.0,0.0
20251105,SC2709,462.5,3.0,75.0,0.0
20251105,SC2712,462.0,4.0,91.0,0.0
20251105,SC2803,462.8,2.0,78.0,0.0
20251105,SC2806,462.0,6.0,132.0,0.0
20251105,SC2809,468.0,0.0,107.0,0.0
20251106,SC2512,460.4,92752.0,27991.0,0.0
20251106,SC2601,462.9,25880.0,23903.0,0.0
20251106,SC2602,462.9,4514.0,8124.0,0.0
20251106,SC2603,463.0,632.0,3843.0,0.0
20251106,SC2604,463.4,204.0,2886.0,0.0
20251106,SC2605,463.9,54.0,2079.0,0.0
20251106,SC2606,463.3,199.0,5337.0,0.0
20251106,SC2607,462.5,9.0,473.0,0.0
20251106,SC2608,462.0,16.0,167.0,0.0
20251106,SC2609,462.7,7.0,256.0,0.0
20251106,SC2610,464.5,2.0,7.0,0.0
20251106,SC2611,463.2,0.0,0.0,0.0
20251106,SC2612,462.2,4.0,108.0,0.0
20251106,SC2703,460.2,0.0,25.0,0.0
20251106,SC2706,461.8,0.0,43.0,0.0
20251106,SC2709,462.3,0.0,75.0,0.0
20251106,SC2712,462.0,0.0,91.0,0.0
20251106,SC2803,461.0,2.0,76.0,0.0
20251106,SC2806,465.5,3.0,133.0,0.0
20251106,SC2809,463.1,3.0,110.0,0.0
20251107,SC2512,460.6,100862.0,26307.0,0.0
20251107,SC2601,463.0,29312.0,25503.0,0.0
20251107,SC2602,462.6,5726.0,8920.0,0.0
20251107,SC2603,463.0,770.0,3989.0,0.0
20251107,SC2604,463.1,334.0,2905.0,0.0
20251107,SC2605,462.9,211.0,2102.0,0.0
20251107,SC2606,463.6,307.0,5340.0,0.0
20251107,SC2607,462.4,149.0,505.0,0.0
20251107,SC2608,461.8,27.0,179.0,0.0
20251107,SC2609,462.4,13.0,263.0,0.0
20251107,SC2610,462.1,0.0,7.0,0.0
20251107,SC2611,463.2,0.0,0.0,0.0
20251107,SC2612,462.3,6.0,107.0,0.0
20251107,SC2703,460.2,0.0,25.0,0.0
20251107,SC2706,461.8,0.0,43.0,0.0
20251107,SC2709,462.0,0.0,75.0,0.0
20251107,SC2712,461.8,11.0,90.0,0.0
20251107,SC2803,461.1,0.0,76.0,0.0
20251107,SC2806,462.0,2.0,133.0,0.0
20251107,SC2809,460.0,1.0,111.0,0.0
20251110,SC2512,461.8,92416.0,25682.0,0.0
20251110,SC2601,464.4,27193.0,26994.0,0.0
20251110,SC2602,464.6,4492.0,8941.0,0.0
20251110,SC2603,465.2,629.0,4071.0,0.0
20251110,SC2604,465.6,172.0,2976.0,0.0
20251110,SC2605,465.7,113.0,2102.0,0.0
20251110,SC2606,465.6,114.0,5338.0,0.0
20251110,SC2607,465.2,31.0,492.0,0.0
20251110,SC2608,464.4,5.0,181.0,0.0
20251110,SC2609,464.8,11.0,265.0,0.0
20251110,SC2610,462.6,1.0,8.0,0.0
20251110,SC2611,463.2,0.0,0.0,0.0
20251110,SC2612,462.4,7.0,105.0,0.0
20251110,SC2703,455.3,1.0,25.0,0.0
20251110,SC2706,461.8,0.0,43.0,0.0
20251110,SC2709,461.6,6.0,73.0,0.0
20251110,SC2712,462.2,5.0,89.0,0.0
20251110,SC2803,461.1,0.0,76.0,0.0
20251110,SC2806,464.0,11.0,128.0,0.0
20251110,SC2809,464.0,19.0,117.0,0.0
20251111,SC2512,458.8,71503.0,23898.0,0.0
20251111,SC2601,461.3,25838.0,28058.0,0.0
20251111,SC2602,462.0,4710.0,9077.0,0.0
20251111,SC2603,462.5,937.0,4371.0,0.0
20251111,SC2604,463.1,463.0,3120.0,0.0
20251111,SC2605,463.8,305.0,2201.0,0.0
20251111,SC2606,464.2,470.0,5352.0,0.0
20251111,SC2607,464.8,290.0,513.0,0.0
20251111,SC2608,464.1,35.0,200.0,0.0
20251111,SC2609,464.4,19.0,279.0,0.0
20251111,SC2610,466.5,1.0,9.0,0.0
20251111,SC2611,462.7,4.0,1.0,0.0
20251111,SC2612,462.4,5.0,107.0,0.0
20251111,SC2703,460.0,0.0,25.0,0.0
20251111,SC2706,461.8,0.0,43.0,0.0
20251111,SC2709,463.9,1.0,73.0,0.0
20251111,SC2712,462.0,0.0,89.0,0.0
20251111,SC2803,461.1,0.0,76.0,0.0
20251111,SC2806,463.5,0.0,128.0,0.0
20251111,SC2809,464.1,0.0,117.0,0.0
20251112,SC2512,466.2,77751.0,22869.0,0.0008387199398435
20251112,SC2601,469.1,35302.0,30259.0,0.007674269878489
20251112,SC2602,469.4,5662.0,8635.0,0.0178951853429909
20251112,SC2603,470.1,950.0,4428.0,0.0102105934907461
20251112,SC2604,470.5,295.0,3157.0,0.010201912858661
20251112,SC2605,470.9,280.0,2292.0,-0.0127415587173493
20251112,SC2606,470.4,305.0,5358.0,0.0102040816326534
20251112,SC2607,470.8,62.0,525.0,-0.0076465590484291
20251112,SC2608,470.5,78.0,255.0,0.0025504782146645
20251112,SC2609,470.6,15.0,288.0,-0.0356991075223129
20251112,SC2610,469.2,8.0,8.0,-0.0102301790281327
20251112,SC2611,468.8,1.0,2.0,0.0153583617747425
20251112,SC2612,469.4,27.0,121.0,-0.0005899511651535
20251112,SC2703,467.3,0.0,25.0,-0.0017119623368286
20251112,SC2706,467.1,2.0,42.0,-0.0042817383857847
20251112,SC2709,466.6,0.0,73.0,-0.0205743677668239
20251112,SC2712,464.2,1.0,89.0,0.000653375060958
20251112,SC2803,466.5,0.0,76.0,0.012861736334405
20251112,SC2806,468.0,4.0,125.0,0.0153846153846153
20251112,SC2809,469.8,4.0,120.0,0.0
20251113,SC2512,449.5,93962.0,18452.0,0.0
20251113,SC2601,452.9,74343.0,34266.0,0.0
20251113,SC2602,454.5,9715.0,9903.0,0.0
20251113,SC2603,455.2,1600.0,4654.0,0.0
20251113,SC2604,455.7,486.0,3246.0,0.0
20251113,SC2605,456.4,567.0,2318.0,0.0
20251113,SC2606,456.8,1112.0,5520.0,0.0
20251113,SC2607,456.8,536.0,592.0,0.0
20251113,SC2608,456.6,284.0,341.0,0.0
20251113,SC2609,456.7,400.0,374.0,0.0
20251113,SC2610,457.1,161.0,107.0,0.0
20251113,SC2611,460.7,1.0,2.0,0.0
20251113,SC2612,458.1,18.0,123.0,0.0
20251113,SC2703,459.6,2.0,26.0,0.0
20251113,SC2706,458.9,1.0,42.0,0.0
20251113,SC2709,463.0,1.0,73.0,0.0
20251113,SC2712,455.8,1.0,90.0,0.0
20251113,SC2803,457.8,2.0,77.0,0.0
20251113,SC2806,461.1,3.0,123.0,0.0
20251113,SC2809,460.2,3.0,120.0,0.0
20251114,SC2512,457.4,71110.0,11067.0,0.0
20251114,SC2601,459.5,69725.0,34038.0,0.0
20251114,SC2602,459.8,7104.0,9846.0,0.0
20251114,SC2603,460.0,1197.0,4827.0,0.0
20251114,SC2604,460.6,288.0,3254.0,0.0
20251114,SC2605,461.0,259.0,2361.0,0.0
20251114,SC2606,460.8,572.0,5444.0,0.0
20251114,SC2607,460.8,25.0,589.0,0.0
20251114,SC2608,460.7,31.0,343.0,0.0
20251114,SC2609,461.4,24.0,379.0,0.0
20251114,SC2610,460.3,15.0,112.0,0.0
20251114,SC2611,463.8,6.0,7.0,0.0
20251114,SC2612,464.7,11.0,129.0,0.0
20251114,SC2703,462.6,1.0,25.0,0.0
20251114,SC2706,459.8,4.0,42.0,0.0
20251114,SC2709,463.0,0.0,73.0,0.0
20251114,SC2712,469.0,4.0,90.0,0.0
20251114,SC2803,458.0,0.0,77.0,0.0
20251114,SC2806,463.1,0.0,123.0,0.0
20251114,SC2809,462.0,0.0,120.0,0.0
20251117,SC2512,458.1,43586.0,7113.0,0.00032376032905820145
20251117,SC2601,459.2,60902.0,37714.0,0.020905923344948896
20251117,SC2602,460.0,5791.0,10548.0,0.013043478260868824
20251117,SC2603,460.5,549.0,4822.0,0.015635179153095535
20251117,SC2604,461.1,225.0,3299.0,0.031229668184774795
20251117,SC2605,462.3,55.0,2347.0,-0.007787151200520093
20251117,SC2606,462.0,496.0,5509.0,0.0
20251117,SC2607,462.0,7.0,586.0,0.010389610389610837
20251117,SC2608,462.4,4.0,342.0,-0.018166089965397703
20251117,SC2609,461.7,17.0,377.0,0.012995451591941709
20251117,SC2610,462.2,4.0,111.0,0.002596278667244434
20251117,SC2611,462.3,0.0,7.0,-0.018170019467877108
20251117,SC2612,461.6,7.0,128.0,0.00028567619555489065
20251117,SC2703,462.6,0.0,25.0,-0.025075659316904808
20251117,SC2706,459.7,0.0,42.0,0.028714378942789054
20251117,SC2709,463.0,0.0,73.0,-0.006911447084233302
20251117,SC2712,462.2,0.0,90.0,8.559160441462238e-05
20251117,SC2803,462.5,3.0,77.0,0.01297297297297284
20251117,SC2806,464.0,1.0,122.0,-0.012931034482758452
20251117,SC2809,462.5,10.0,120.0,0.0
20251118,SC2512,456.7,15788.0,4579.0,0.0006199826306453463
20251118,SC2601,458.8,77617.0,38629.0,0.00523103748910092
20251118,SC2602,459.0,7437.0,11374.0,0.007843137254901933
20251118,SC2603,459.3,1801.0,5018.0,0.013063357282822707
20251118,SC2604,459.8,872.0,3555.0,0.007829491083080065
20251118,SC2605,460.1,318.0,2336.0,0.007824386003041361
20251118,SC2606,460.4,315.0,5562.0,-0.005212858384012975
20251118,SC2607,460.2,19.0,596.0,0.0
20251118,SC2608,460.2,52.0,380.0,-0.01303780964797907
20251118,SC2609,459.7,9.0,379.0,0.02349358277137359
20251118,SC2610,460.6,10.0,112.0,0.033868866695613065
20251118,SC2611,461.9,1.0,7.0,-0.03637150898462771
20251118,SC2612,460.5,10.0,126.0,0.000601353044349799
20251118,SC2703,462.6,0.0,25.0,0.028534370946822207
20251118,SC2706,465.9,1.0,41.0,-0.02489804679115659
20251118,SC2709,463.0,0.0,73.0,-0.04060475161987043
20251118,SC2712,458.3,6.0,85.0,0.00040282649926987475
20251118,SC2803,459.7,0.0,77.0,0.0017402653904721177
20251118,SC2806,459.9,2.0,122.0,0.020874103065883887
20251118,SC2809,462.3,1.0,120.0,0.0
20251119,SC2512,465.3,2047.0,3827.0,-0.0002318185440346654
20251119,SC2601,464.5,112595.0,41058.0,0.01550053821313302
20251119,SC2602,465.1,10688.0,11628.0,0.0
20251119,SC2603,465.1,1608.0,4970.0,0.028380993334765847
20251119,SC2604,466.2,577.0,3617.0,0.0077220077220072625
20251119,SC2605,466.5,322.0,2328.0,-0.012861736334404572
20251119,SC2606,466.0,351.0,5540.0,0.005150214592275049
20251119,SC2607,466.2,143.0,650.0,-0.018018018018018278
20251119,SC2608,465.5,26.0,384.0,0.025778732545648886
20251119,SC2609,466.5,40.0,380.0,-0.025723472668810476
20251119,SC2610,465.5,18.0,105.0,-0.09280343716434025
20251119,SC2611,461.9,0.0,7.0,0.03117557912968394
20251119,SC2612,463.1,19.0,124.0,-0.00014237543928755244
20251119,SC2703,462.6,0.0,25.0,-0.01815823605706912
20251119,SC2706,460.5,4.0,39.0,-0.004343105320304019
20251119,SC2709,460.0,26.0,70.0,-0.0017391304347826875
20251119,SC2712,459.8,30.0,80.0,-2.8679454516786554e-05
20251119,SC2803,459.7,0.0,77.0,-0.0017402653904721177
20251119,SC2806,459.5,11.0,118.0,0.0043525571273121955
20251119,SC2809,460.0,3.0,121.0,0.0
20251120,SC2512,459.0,1729.0,2907.0,-0.0010281266064478289
20251120,SC2601,455.5,119095.0,39074.0,0.02371020856202044
20251120,SC2602,456.4,15305.0,11994.0,0.031551270815074695
20251120,SC2603,457.6,2967.0,5230.0,0.01573426573426495
20251120,SC2604,458.2,875.0,3816.0,0.018332605848972783
20251120,SC2605,458.9,926.0,2508.0,0.013074743952930845
20251120,SC2606,459.4,772.0,5643.0,0.015672616456249067
20251120,SC2607,460.0,497.0,923.0,-0.005217391304348062
20251120,SC2608,459.8,176.0,516.0,-0.0026098303610275764
20251120,SC2609,459.7,18.0,385.0,-0.013051990428540883
20251120,SC2610,459.2,5.0,104.0,0.07055749128919953
20251120,SC2611,461.9,0.0,7.0,-0.08573284260662417
20251120,SC2612,458.6,9.0,124.0,0.0004600719820955346
20251120,SC2703,460.2,0.0,25.0,-0.006084311169056722
20251120,SC2706,459.5,0.0,39.0,-0.04874863982589783
20251120,SC2709,453.9,4.0,69.0,-0.031725049570389796
20251120,SC2712,450.3,12.0,75.0,0.0015227943275911205
20251120,SC2803,455.5,0.0,77.0,-0.03688254665203061
20251120,SC2806,451.3,10.0,115.0,0.03988477730999307
20251120,SC2809,455.8,13.0,130.0,0.0
20251121,SC2512,448.8,2260.0,862.0,-0.00042059724809229767
20251121,SC2601,447.4,141488.0,41969.0,0.03486812695574493
20251121,SC2602,448.7,16935.0,12814.0,0.0508134611098745
20251121,SC2603,450.6,4402.0,5390.0,0.026631158455392878
20251121,SC2604,451.6,676.0,4017.0,0.023914968999114272
20251121,SC2605,452.5,542.0,2682.0,0.02121546961326004
20251121,SC2606,453.3,606.0,5739.0,0.023825281270680954
20251121,SC2607,454.2,244.0,1003.0,-0.01585204755614189
20251121,SC2608,453.6,115.0,601.0,0.029100529100527517
20251121,SC2609,454.7,30.0,401.0,0.018473718935561934
20251121,SC2610,455.4,2.0,104.0,0.018445322793151142
20251121,SC2611,456.1,0.0,7.0,-0.07366805525104114
20251121,SC2612,453.3,8.0,122.0,0.0020072581290317875
20251121,SC2703,460.2,0.0,25.0,-0.06866579747935653
20251121,SC2706,452.3,6.0,42.0,0.0017687375635642155
20251121,SC2709,452.5,1.0,69.0,-0.007955801104972071
20251121,SC2712,451.6,4.0,76.0,-0.0014016099047100038
20251121,SC2803,446.8,2.0,76.0,0.037600716204117646
20251121,SC2806,451.0,3.0,116.0,0.02749445676274931
20251121,SC2809,454.1,8.0,132.0,0.0
20251124,SC2512,446.4,910.0,77.0,0.0004530627038782239
20251124,SC2601,447.9,108095.0,41574.0,0.034829202947086024
20251124,SC2602,449.2,12841.0,12303.0,0.03205699020480779
20251124,SC2603,450.4,3924.0,5960.0,0.031971580817053535
20251124,SC2604,451.6,504.0,4140.0,0.029229406554470927
20251124,SC2605,452.7,670.0,2909.0,0.023856858846920126
20251124,SC2606,453.6,212.0,5739.0,0.01587301587301404
20251124,SC2607,454.2,324.0,1186.0,0.007926023778072278
20251124,SC2608,454.5,91.0,637.0,0.010561056105610866
20251124,SC2609,454.9,21.0,406.0,-0.02901736645416486
20251124,SC2610,453.8,4.0,104.0,-0.021154693697663873
20251124,SC2611,453.0,1.0,7.0,0.05033112582781296
20251124,SC2612,454.9,11.0,125.0,-0.0011305467449674927
20251124,SC2703,451.0,2.0,25.0,0.0070953436807092984
20251124,SC2706,451.8,7.0,40.0,0.0026560424966799445
20251124,SC2709,452.1,8.0,67.0,-0.002654280026542999
20251124,SC2712,451.8,5.0,75.0,0.0018096113713643675
20251124,SC2803,458.0,8.0,73.0,-0.0183406113537119
20251124,SC2806,455.9,3.0,115.0,-0.012283395481464954
20251124,SC2809,454.5,0.0,132.0,0.0
20251125,SC2512,447.7,103.0,19.0,0.00027104827921988037
20251125,SC2601,448.6,86242.0,40610.0,0.032099866250556275
20251125,SC2602,449.8,13594.0,12722.0,0.02934637616718394
20251125,SC2603,450.9,4361.0,6755.0,0.04258150365934821
20251125,SC2604,452.5,602.0,4160.0,0.013259668508287525
20251125,SC2605,453.0,322.0,2986.0,0.018543046357615722
20251125,SC2606,453.7,260.0,5691.0,0.023804275953272835
20251125,SC2607,454.6,193.0,1267.0,0.01583809942806802
20251125,SC2608,455.2,21.0,640.0,0.007908611599296123
20251125,SC2609,455.5,19.0,412.0,0.021075740944016985
20251125,SC2610,456.3,2.0,104.0,-0.026298487836949658
20251125,SC2611,455.3,1.0,7.0,-0.01844937403909519
20251125,SC2612,454.6,6.0,127.0,-0.0010442702919605728
20251125,SC2703,451.0,0.0,25.0,0.004434589800443867
20251125,SC2706,451.5,0.0,40.0,0.009745293466224325
20251125,SC2709,452.6,0.0,67.0,-0.002651347768448886
20251125,SC2712,452.3,0.0,75.0,0.0007288753696005504
20251125,SC2803,454.8,0.0,73.0,0.015831134564644245
20251125,SC2806,456.6,5.0,115.0,-0.01576872536136653
20251125,SC2809,454.8,2.0,132.0,0.0
20251126,SC2512,439.2,25.0,9.0,0.0017805611837661984
20251126,SC2601,445.0,116740.0,38698.0,0.01617977528090009
20251126,SC2602,445.6,20616.0,13996.0,0.024236983842008897
20251126,SC2603,446.5,4916.0,7410.0,0.051063829787232784
20251126,SC2604,448.4,450.0,4218.0,0.03211418376449604
20251126,SC2605,449.6,443.0,3089.0,0.005338078291815762
20251126,SC2606,449.8,362.0,5729.0,0.04535349044019554
20251126,SC2607,451.5,174.0,1355.0,0.013289036544850141
20251126,SC2608,452.0,19.0,636.0,0.021238938053096845
20251126,SC2609,452.8,37.0,429.0,-0.04770318021201447
20251126,SC2610,451.0,3.0,105.0,0.06917960088691899
20251126,SC2611,453.6,2.0,7.0,-0.03174603174603341
20251126,SC2612,452.4,6.0,129.0,-0.0004080799836768007
20251126,SC2703,451.0,0.0,25.0,0.004434589800443867
20251126,SC2706,451.5,0.0,40.0,0.009745293466224325
20251126,SC2709,452.6,0.0,67.0,-0.002651347768448886
20251126,SC2712,452.3,0.0,75.0,0.0007288753696005504
20251126,SC2803,454.8,0.0,73.0,0.00967458223394857
20251126,SC2806,455.9,0.0,115.0,0.013160780872998323
20251126,SC2809,457.4,0.0,132.0,0.0
20251127,SC2512,439.4,13.0,9.0,0.0025161993116251742
20251127,SC2601,447.6,77681.0,36011.0,0.03217158176943702
20251127,SC2602,448.8,10315.0,14749.0,0.02941176470588225
20251127,SC2603,449.9,2930.0,7504.0,0.029339853300734298
20251127,SC2604,451.0,500.0,4285.0,0.034589800443459495
20251127,SC2605,452.3,146.0,3113.0,0.00795931903603897
20251127,SC2606,452.6,109.0,5716.0,0.031816173221386634
20251127,SC2607,453.8,48.0,1373.0,0.0
20251127,SC2608,453.8,14.0,637.0,0.005288673424415968
20251127,SC2609,454.0,9.0,432.0,-0.02378854625550586
20251127,SC2610,453.1,1.0,105.0,-0.007945265945707547
20251127,SC2611,452.8,0.0,7.0,-0.013250883392226243
20251127,SC2612,452.3,0.0,129.0,-0.0003790151921922879
20251127,SC2703,451.0,0.0,25.0,0.007982261640798072
20251127,SC2706,451.9,0.0,40.0,-0.016817880061960278
20251127,SC2709,450.0,1.0,68.0,0.020444444444444265
20251127,SC2712,452.3,0.0,75.0,0.0007288753696005504
20251127,SC2803,454.8,0.0,73.0,-0.0070360598065084545
20251127,SC2806,454.0,2.0,115.0,-0.011453744493392204
20251127,SC2809,452.7,2.0,133.0,0.0
20251128,SC2512,446.1,1.0,9.0,0.002357510408559565
20251128,SC2601,453.9,65822.0,33652.0,0.03172504957039113
20251128,SC2602,455.1,15221.0,15375.0,0.010547132498351708
20251128,SC2603,455.5,4039.0,7333.0,0.007903402854007702
20251128,SC2604,455.8,573.0,4288.0,0.013163668275558926
20251128,SC2605,456.3,638.0,3175.0,0.028928336620642092
20251128,SC2606,457.4,203.0,5700.0,0.02098819414079678
20251128,SC2607,458.2,48.0,1359.0,-0.015713662156262576
20251128,SC2608,457.6,15.0,637.0,0.01573426573426495
20251128,SC2609,458.2,10.0,432.0,-0.044522042776080184
20251128,SC2610,456.5,0.0,105.0,-0.0052573932092006
20251128,SC2611,456.3,0.0,7.0,0.013149243918474163
20251128,SC2612,456.8,3.0,128.0,-0.001299051211485531
20251128,SC2703,452.3,0.0,25.0,0.03006853858058811
20251128,SC2706,455.7,0.0,40.0,-0.0026333113890717463
20251128,SC2709,455.4,0.0,68.0,0.0026350461133066716
20251128,SC2712,455.7,1.0,75.0,2.8937487792002094e-05
20251128,SC2803,455.8,0.0,73.0,-0.004387889425186309
20251128,SC2806,455.3,10.0,116.0,0.01493520755545763
20251128,SC2809,457.0,3.0,133.0,0.0
20251201,SC2601,455.7,74267.0,33224.0,0.031599736668860956
20251201,SC2602,456.9,18147.0,16519.0,0.005252790544977515
20251201,SC2603,457.1,6993.0,8418.0,0.013126230584115994
20251201,SC2604,457.6,774.0,4395.0,0.01311188811188746
20251201,SC2605,458.1,566.0,3156.0,0.018336607727569287
20251201,SC2606,458.8,250.0,5691.0,0.010462074978204505
20251201,SC2607,459.2,96.0,1335.0,-0.0026132404181176128
20251201,SC2608,459.1,45.0,642.0,-0.01829666739272584
20251201,SC2609,458.4,30.0,432.0,0.04450261780104903
20251201,SC2610,460.1,1.0,105.0,-0.07824386003042827
20251201,SC2611,457.1,0.0,7.0,0.06038066068693837
20251201,SC2612,459.4,5.0,126.0,-0.0011481770297616996
20251201,SC2703,455.4,0.0,25.0,0.043039086517347336
20251201,SC2706,460.3,11.0,39.0,-0.011296980230284692
20251201,SC2709,459.0,2.0,67.0,-0.008714596949891185
20251201,SC2712,458.0,0.0,75.0,0.0009501415614952748
20251201,SC2803,461.3,3.0,74.0,-0.003468458703663746
20251201,SC2806,460.9,3.0,116.0,0.0026036016489481284
20251201,SC2809,461.2,1.0,133.0,0.0017346053772762104
20251201,SC2812,461.4,4.0,1.0,0.0
20251202,SC2601,453.8,65841.0,31766.0,0.04230938739532775
20251202,SC2602,455.4,17444.0,16581.0,-0.0026350461133057834
20251202,SC2603,455.3,3583.0,8689.0,0.010542499450910015
20251202,SC2604,455.7,304.0,4386.0,0.005266622778144381
20251202,SC2605,455.9,381.0,3176.0,0.013160780872999212
20251202,SC2606,456.4,211.0,5678.0,-0.005258545135845338
20251202,SC2607,456.2,134.0,1371.0,-0.010521701008328499
20251202,SC2608,455.8,13.0,641.0,-0.01053093462044874
20251202,SC2609,455.4,32.0,429.0,-0.0026350461133057834
20251202,SC2610,455.3,27.0,107.0,0.028991873490005204
20251202,SC2611,456.4,0.0,7.0,0.013146362839613346
20251202,SC2612,456.9,0.0,126.0,-0.0004329222976629381
20251202,SC2703,455.4,0.0,25.0,0.06411945542380337
20251202,SC2706,462.7,0.0,39.0,-0.039766587421655064
20251202,SC2709,458.1,0.0,67.0,-0.0008731717965511088
20251202,SC2712,458.0,0.0,75.0,0.0004606746964825637
20251202,SC2803,459.6,0.0,74.0,-0.005221932114882755
20251202,SC2806,459.0,0.0,116.0,0.019172113289759984
20251202,SC2809,461.2,0.0,133.0,-0.02254986990459651
20251202,SC2812,458.6,0.0,1.0,0.0
20251203,SC2601,448.1,89293.0,31517.0,0.03213568399910738
20251203,SC2602,449.3,22997.0,17230.0,0.013354106387713394
20251203,SC2603,449.8,6232.0,9647.0,0.013339261894175003
20251203,SC2604,450.3,318.0,4298.0,0.021319120586275275
20251203,SC2605,451.1,385.0,3225.0,-0.01064065617379839
20251203,SC2606,450.7,282.0,5689.0,0.018637674728200437
20251203,SC2607,451.4,48.0,1361.0,-0.08506867523260997
20251203,SC2608,448.2,16.0,641.0,0.058902275769745494
20251203,SC2609,450.4,126.0,482.0,-0.007992895204262052
20251203,SC2610,450.1,84.0,169.0,0.02932681626305289
20251203,SC2611,451.2,2.0,8.0,-0.007978723404255206
20251203,SC2612,450.9,4.0,125.0,0.0013160492202408424
20251203,SC2703,455.4,0.0,25.0,-0.0017566974088714105
20251203,SC2706,455.2,0.0,39.0,0.010544815465729052
20251203,SC2709,456.4,0.0,67.0,-0.014899211218229347
20251203,SC2712,454.7,0.0,75.0,0.0011310440164629754
20251203,SC2803,458.6,0.0,74.0,0.0034888791975573596
20251203,SC2806,459.0,0.0,116.0,-0.04357298474945548
20251203,SC2809,454.0,2.0,133.0,0.044052863436123246
20251203,SC2812,459.0,5.0,6.0,0.0
20251204,SC2601,452.6,66483.0,29819.0,0.03446752098983552
20251204,SC2602,453.9,17891.0,17413.0,0.0026437541308661494
20251204,SC2603,454.0,4006.0,10278.0,0.018502202643170484
20251204,SC2604,454.7,258.0,4243.0,0.0
20251204,SC2605,454.7,269.0,3207.0,0.007917308115240829
20251204,SC2606,455.0,327.0,5666.0,-0.018461538461537863
20251204,SC2607,454.3,5.0,1363.0,-0.03433854281311932
20251204,SC2608,453.0,18.0,642.0,0.034437086092715674
20251204,SC2609,454.3,54.0,481.0,-0.026414263702398966
20251204,SC2610,453.3,24.0,177.0,-0.02117802779616129
20251204,SC2611,452.5,0.0,8.0,0.013259668508287525
20251204,SC2612,453.0,7.0,126.0,0.0006986391092351334
20251204,SC2703,455.4,0.0,25.0,-0.0017566974088714105
20251204,SC2706,455.2,0.0,39.0,0.010544815465729052
20251204,SC2709,456.4,0.0,67.0,-0.014899211218229347
20251204,SC2712,454.7,0.0,75.0,0.0011310440164629754
20251204,SC2803,458.6,0.0,74.0,0.018316615787178137
20251204,SC2806,460.7,5.0,113.0,-0.00607770783590178
20251204,SC2809,460.0,3.0,131.0,-0.0017391304347826875
20251204,SC2812,459.8,1.0,7.0,0.0
20251205,SC2601,453.7,66825.0,29337.0,0.029094115054001612
20251205,SC2602,454.8,19066.0,18468.0,0.0
20251205,SC2603,454.8,3673.0,10612.0,0.013192612137202353
20251205,SC2604,455.3,365.0,4300.0,0.0
20251205,SC2605,455.3,493.0,3215.0,0.0263562486272777
20251205,SC2606,456.3,141.0,5659.0,-0.03944773175542382
20251205,SC2607,454.8,24.0,1368.0,0.005277044854882007
20251205,SC2608,455.0,11.0,644.0,-0.031648351648351
20251205,SC2609,453.8,60.0,488.0,-0.01851035698545589
20251205,SC2610,453.1,95.0,212.0,0.007945265945704882
20251205,SC2611,453.4,1.0,8.0,0.02117335685928534
20251205,SC2612,454.2,15.0,125.0,0.000348396649585536
20251205,SC2703,455.4,0.0,25.0,-0.0017566974088714105
20251205,SC2706,455.2,0.0,39.0,0.010544815465729052
20251205,SC2709,456.4,0.0,67.0,-0.009640666082383564
20251205,SC2712,455.3,4.0,79.0,0.0009557760491211093
20251205,SC2803,458.6,0.0,74.0,-0.010466637592673855
20251205,SC2806,457.4,1.0,113.0,0.022737210319196066
20251205,SC2809,460.0,2.0,129.0,0.0
20251205,SC2812,460.0,3.0,10.0,0.0
20251208,SC2601,457.6,67558.0,29341.0,0.04982517482517501
20251208,SC2602,459.5,21529.0,20236.0,0.002611534276388383
20251208,SC2603,459.6,4378.0,10746.0,0.002610966057439157
20251208,SC2604,459.7,278.0,4207.0,0.04698716554274451
20251208,SC2605,461.5,472.0,3112.0,-0.046803900325027126
20251208,SC2606,459.7,170.0,5649.0,-0.018272786599955904
20251208,SC2607,459.0,129.0,1338.0,0.013071895424837443
20251208,SC2608,459.5,8.0,646.0,-0.05223068552774768
20251208,SC2609,457.5,22.0,490.0,-0.023606557377048087
20251208,SC2610,456.6,35.0,220.0,0.01051248357424317
20251208,SC2611,457.0,1.0,8.0,-0.018380743982494785
20251208,SC2612,456.3,3.0,125.0,-0.00026009493465116364
20251208,SC2703,455.4,0.0,25.0,-0.0017566974088714105
20251208,SC2706,455.2,0.0,39.0,0.010544815465729052
20251208,SC2709,456.4,0.0,67.0,0.04206836108676626
20251208,SC2712,461.2,1.0,79.0,-0.0007434023045471376
20251208,SC2803,458.6,0.0,74.0,-0.00610553859572649
20251208,SC2806,457.9,0.0,113.0,0.02795370168159028
20251208,SC2809,461.1,1.0,130.0,0.004337453914551759
20251208,SC2812,461.6,3.0,11.0,0.0
20251209,SC2601,446.1,74995.0,29784.0,0.0457296570275707
20251209,SC2602,447.8,28723.0,21414.0,0.008039303260384045
20251209,SC2603,448.1,6620.0,11804.0,0.013389868332961186
20251209,SC2604,448.6,766.0,4380.0,0.002674988854212579
20251209,SC2605,448.7,387.0,3142.0,0.008023178069979764
20251209,SC2606,449.0,727.0,5641.0,0.008017817371936964
20251209,SC2607,449.3,91.0,1331.0,-0.021366570220342496
20251209,SC2608,448.5,81.0,641.0,-0.01605351170568614
20251209,SC2609,447.9,208.0,505.0,-0.005358338914936311
20251209,SC2610,447.7,103.0,289.0,0.10185392003573845
20251209,SC2611,451.5,1.0,7.0,-0.12757475083056535
20251209,SC2612,446.7,19.0,128.0,0.0017121897578580023
20251209,SC2703,452.5,0.0,25.0,0.008839779005525017
20251209,SC2706,453.5,0.0,39.0,-0.012348401323042602
20251209,SC2709,452.1,0.0,67.0,-0.02742756027427573
20251209,SC2712,449.0,4.0,81.0,0.0012628796593161858
20251209,SC2803,453.3,0.0,74.0,0.01323626737260053
20251209,SC2806,454.8,0.0,113.0,0.0017590149516273357
20251209,SC2809,455.0,2.0,130.0,-0.00439560439560438
20251209,SC2812,454.5,15.0,19.0,0.0
20251210,SC2601,443.7,53767.0,29089.0,0.02163624070317738
20251210,SC2602,444.5,19783.0,22633.0,0.01889763779527609
20251210,SC2603,445.2,4288.0,12226.0,0.013477088948786964
20251210,SC2604,445.7,362.0,4433.0,0.01615436392192038
20251210,SC2605,446.3,644.0,3250.0,0.01613264620210586
20251210,SC2606,446.9,276.0,5675.0,0.01074065786529399
20251210,SC2607,447.3,125.0,1327.0,-0.01609657947686216
20251210,SC2608,446.7,455.0,734.0,-0.0026863666890521998
20251210,SC2609,446.6,128.0,518.0,-0.03224361845051593
20251210,SC2610,445.4,28.0,293.0,0.035024696901662544
20251210,SC2611,446.7,0.0,7.0,-0.02955003357958219
20251210,SC2612,445.6,14.0,132.0,0.001953163533055789
20251210,SC2703,452.2,0.0,25.0,-0.018575851393188625
20251210,SC2706,450.1,4.0,43.0,-0.014219062430571139
20251210,SC2709,448.5,1.0,66.0,0.009810479375697234
20251210,SC2712,449.6,0.0,81.0,0.0009385632161432844
20251210,SC2803,452.8,0.0,74.0,0.006183745583038913
20251210,SC2806,453.5,0.0,113.0,0.012348401323042602
20251210,SC2809,454.9,2.0,131.0,-0.012310397889645941
20251210,SC2812,453.5,8.0,23.0,0.0
20251211,SC2601,439.7,66227.0,28200.0,0.04093700250170684
20251211,SC2602,441.2,27510.0,24382.0,0.02719854941069766
20251211,SC2603,442.2,6207.0,12884.0,0.02170963364993206
20251211,SC2604,443.0,483.0,4540.0,0.016252821670429185
20251211,SC2605,443.6,423.0,3326.0,0.016230838593326524
20251211,SC2606,444.2,456.0,5717.0,0.005402971634397957
20251211,SC2607,444.4,59.0,1304.0,0.0027002700270024604
20251211,SC2608,444.5,385.0,848.0,0.0
20251211,SC2609,444.5,50.0,529.0,-0.026996625421822795
20251211,SC2610,443.5,156.0,421.0,-0.0027057497181512957
20251211,SC2611,443.4,2.0,9.0,0.04871447902571102
20251211,SC2612,445.2,34.0,137.0,0.0017771985426971821
20251211,SC2703,451.2,0.0,25.0,-0.05939716312056742
20251211,SC2706,444.5,1.0,43.0,0.014398200224972513
20251211,SC2709,446.1,2.0,67.0,-0.005379959650302801
20251211,SC2712,445.5,4.0,81.0,0.0011840011840011785
20251211,SC2803,449.5,0.0,74.0,0.008898776418242882
20251211,SC2806,450.5,0.0,113.0,-0.0017758046614870793
20251211,SC2809,450.3,2.0,132.0,0.012436153675327688
20251211,SC2812,451.7,4.0,25.0,0.0
20251212,SC2601,437.6,60695.0,26529.0,0.024680073126141622
20251212,SC2602,438.5,36324.0,28090.0,0.027366020524514312
20251212,SC2603,439.5,11385.0,12134.0,0.0273037542662129
20251212,SC2604,440.5,874.0,4564.0,0.0245175936435853
20251212,SC2605,441.4,898.0,3497.0,0.005437245129136237
20251212,SC2606,441.6,622.0,5769.0,0.05978260869565144
20251212,SC2607,443.8,106.0,1303.0,-0.008111762054980431
20251212,SC2608,443.5,372.0,1024.0,0.0054114994363025914
20251212,SC2609,443.7,40.0,550.0,-0.029749830966868895
20251212,SC2610,442.6,125.0,516.0,-0.02711251694532324
20251212,SC2611,441.6,4.0,11.0,0.010869565217390686
20251212,SC2612,442.0,9.0,136.0,0.0024762567748993
20251212,SC2703,450.3,0.0,25.0,-0.0861647790361979
20251212,SC2706,440.6,2.0,45.0,0.012709940989559243
20251212,SC2709,442.0,5.0,71.0,0.0352941176470587
20251212,SC2712,445.9,0.0,81.0,0.0010646451552484408
20251212,SC2803,449.5,0.0,74.0,0.008898776418242882
20251212,SC2806,450.5,0.0,113.0,-0.022197558268590267
20251212,SC2809,448.0,3.0,135.0,0.017857142857143238
20251212,SC2812,450.0,1.0,26.0,0.0
20251215,SC2601,436.5,60331.0,23884.0,0.021993127147766245
20251215,SC2602,437.3,32989.0,31767.0,0.024697004344843343
20251215,SC2603,438.2,5316.0,12795.0,0.01916932907348201
20251215,SC2604,438.9,741.0,4594.0,0.019138755980861788
20251215,SC2605,439.6,738.0,3688.0,0.013648771610554
20251215,SC2606,440.1,363.0,5829.0,0.02453987730061158
20251215,SC2607,441.0,30.0,1308.0,-0.02448979591836631
20251215,SC2608,440.1,179.0,1078.0,-0.005453306066804053
20251215,SC2609,439.9,47.0,584.0,-0.040918390543305705
20251215,SC2610,438.4,143.0,638.0,0.024635036496350793
20251215,SC2611,439.3,2.0,12.0,0.005463236967902851
20251215,SC2612,439.5,9.0,138.0,0.002970408431159282
20251215,SC2703,449.4,0.0,25.0,-0.08099688473520228
20251215,SC2706,440.3,0.0,45.0,-0.0236202589143768
20251215,SC2709,437.7,1.0,71.0,0.06488462417180774
20251215,SC2712,444.8,2.0,81.0,0.0009486915961736046
20251215,SC2803,448.0,0.0,74.0,0.022321428571428825
20251215,SC2806,450.5,0.0,113.0,-0.015982241953385046
20251215,SC2809,448.7,0.0,135.0,-0.04011589034989971
20251215,SC2812,444.2,2.0,26.0,0.0
20251216,SC2601,430.5,44705.0,18878.0,0.0027874564459935414
20251216,SC2602,430.6,48483.0,34553.0,0.019507663725035762
20251216,SC2603,431.3,10096.0,14225.0,0.038952005564571124
20251216,SC2604,432.7,1079.0,4878.0,0.00831985209151842
20251216,SC2605,433.0,815.0,3976.0,0.008314087759815791
20251216,SC2606,433.3,662.0,5972.0,0.013847219016848378
20251216,SC2607,433.8,44.0,1316.0,0.0027662517289073207
20251216,SC2608,433.9,238.0,1209.0,-0.01935929937773606
20251216,SC2609,433.2,217.0,648.0,-0.02493074792243677
20251216,SC2610,432.3,191.0,729.0,0.01110340041637592
20251216,SC2611,432.7,4.0,13.0,0.055465680610121915
20251216,SC2612,434.7,18.0,143.0,0.0018201260437285154
20251216,SC2703,440.7,0.0,25.0,-0.006353528477422099
20251216,SC2706,440.0,3.0,46.0,-0.020000000000000018
20251216,SC2709,437.8,1.0,71.0,-0.007309273640931924
20251216,SC2712,437.0,1.0,81.0,0.002595116553926623
20251216,SC2803,445.6,7.0,77.0,0.0
20251216,SC2806,445.6,6.0,118.0,-0.011669658886894307
20251216,SC2809,444.3,10.0,140.0,0.0063020481656534955
20251216,SC2812,445.0,5.0,31.0,0.0
20251217,SC2601,425.3,27929.0,13006.0,0.039501528332940516
20251217,SC2602,426.7,94714.0,39057.0,0.016873681743613922
20251217,SC2603,427.3,16128.0,17416.0,0.033699976597237224
20251217,SC2604,428.5,955.0,5053.0,0.022403733955659533
20251217,SC2605,429.3,824.0,4113.0,0.013976240391333938
20251217,SC2606,429.8,678.0,6162.0,0.005583992554675454
20251217,SC2607,430.0,156.0,1356.0,-0.01674418604651251
20251217,SC2608,429.4,77.0,1210.0,0.01956217978574948
20251217,SC2609,430.1,106.0,687.0,0.0
20251217,SC2610,430.1,64.0,765.0,-0.008370146477563623
20251217,SC2611,429.8,6.0,15.0,0.0558399255467652
20251217,SC2612,431.8,37.0,153.0,-0.000549705042525791
20251217,SC2703,430.0,1.0,25.0,0.053953488372092906
20251217,SC2706,435.8,9.0,51.0,-0.039467645709041044
20251217,SC2709,431.5,5.0,70.0,0.06767091541135617
20251217,SC2712,438.8,8.0,83.0,0.0012621835775892167
20251217,SC2803,443.0,8.0,82.0,-0.01805869074492117
20251217,SC2806,441.0,3.0,120.0,0.035374149659864074
20251217,SC2809,444.9,0.0,140.0,-0.04045853000674304
20251217,SC2812,440.4,8.0,38.0,0.0
20251218,SC2601,428.1,13001.0,9125.0,0.03644008409249988
20251218,SC2602,429.4,82779.0,39043.0,0.013972985561248485
20251218,SC2603,429.9,10963.0,18629.0,0.04187020237264516
20251218,SC2604,431.4,715.0,5127.0,0.016689847009735637
20251218,SC2605,432.0,490.0,4218.0,0.013888888888889284
20251218,SC2606,432.5,472.0,6163.0,0.0
20251218,SC2607,432.5,44.0,1362.0,-0.013872832369942856
20251218,SC2608,432.0,49.0,1212.0,-0.005555555555554648
20251218,SC2609,431.8,138.0,754.0,-0.04168596572487271
20251218,SC2610,430.3,32.0,768.0,0.04740878456890574
20251218,SC2611,432.0,2.0,15.0,0.04999999999999982
20251218,SC2612,433.8,19.0,157.0,-0.0007599592661833299
20251218,SC2703,431.3,0.0,25.0,0.015766287966612502
20251218,SC2706,433.0,0.0,51.0,0.01385681293302543
20251218,SC2709,434.5,0.0,70.0,0.008285385500575337
20251218,SC2712,435.4,0.0,83.0,0.0016051931531950018
20251218,SC2803,440.7,9.0,84.0,0.01906058543226674
20251218,SC2806,442.8,0.0,120.0,0.01987353206865361
20251218,SC2809,445.0,1.0,141.0,-0.019775280898876257
20251218,SC2812,442.8,0.0,38.0,0.0
20251219,SC2601,424.9,6582.0,6762.0,0.04801129677571225
20251219,SC2602,426.6,71483.0,40686.0,0.022503516174400495
20251219,SC2603,427.4,8533.0,19535.0,0.03930744033692157
20251219,SC2604,428.8,924.0,5259.0,0.022388059701492935
20251219,SC2605,429.6,299.0,4331.0,0.005586592178770111
20251219,SC2606,429.8,801.0,6195.0,0.011167985109353573
20251219,SC2607,430.2,87.0,1381.0,0.011157601115760585
20251219,SC2608,430.6,24.0,1206.0,-0.022294472828610967
20251219,SC2609,429.8,23.0,755.0,-0.025127966496046206
20251219,SC2610,428.9,16.0,769.0,0.08673350431336146
20251219,SC2611,432.0,0.0,15.0,0.016666666666666607
20251219,SC2612,432.6,13.0,166.0,-0.00039627501486031775
20251219,SC2703,431.3,0.0,25.0,0.015766287966612502
20251219,SC2706,433.0,0.0,51.0,0.06466512702078564
20251219,SC2709,440.0,1.0,71.0,-0.014545454545454639
20251219,SC2712,438.4,6.0,86.0,0.00024063527713163817
20251219,SC2803,439.2,22.0,88.0,0.0364298724954466
20251219,SC2806,443.2,1.0,120.0,0.01624548736462117
20251219,SC2809,445.0,2.0,140.0,-0.0035955056179775013
20251219,SC2812,444.6,2.0,36.0,0.0
20251222,SC2601,434.9,1926.0,5867.0,0.08277765003449122
20251222,SC2602,437.9,81884.0,39797.0,-0.008221055035395608
20251222,SC2603,437.6,15840.0,20052.0,0.016453382084095303
20251222,SC2604,438.2,4133.0,5922.0,0.021907804655409535
20251222,SC2605,439.0,1199.0,4233.0,0.01366742596810866
20251222,SC2606,439.5,723.0,6118.0,0.00819112627986307
20251222,SC2607,439.8,373.0,1372.0,0.02182810368349397
20251222,SC2608,440.6,60.0,1171.0,-0.013617793917386045
20251222,SC2609,440.1,752.0,1064.0,-0.0027266530334020267
20251222,SC2610,440.0,54.0,773.0,-0.040909090909091006
20251222,SC2611,438.5,0.0,15.0,0.051995438996579324
20251222,SC2612,440.4,15.0,166.0,-0.0009581698954995953
20251222,SC2703,437.2,0.0,25.0,-0.0018298261665141702
20251222,SC2706,437.0,1.0,51.0,0.0732265446224254
20251222,SC2709,445.0,2.0,72.0,-0.008089887640449156
20251222,SC2712,444.1,4.0,87.0,0.0017519071786128693
20251222,SC2803,450.0,12.0,91.0,-0.008000000000000007
20251222,SC2806,449.1,2.0,121.0,0.04987753284346397
20251222,SC2809,454.7,2.0,141.0,-0.08533098746426226
20251222,SC2812,445.0,2.0,36.0,0.0
20251223,SC2601,439.3,1326.0,4771.0,0.04370589574322814
20251223,SC2602,440.9,79792.0,36910.0,-0.03266046722612792
20251223,SC2603,439.7,14696.0,20326.0,-0.00545826700022678
20251223,SC2604,439.5,4770.0,6960.0,0.032764505119454945
20251223,SC2605,440.7,1164.0,4114.0,0.024506466984343334
20251223,SC2606,441.6,1035.0,6141.0,0.008152173913043015
20251223,SC2607,441.9,518.0,1346.0,0.0027155465037340676
20251223,SC2608,442.0,427.0,1085.0,0.013574660633484115
20251223,SC2609,442.5,643.0,1216.0,0.021694915254237834
20251223,SC2610,443.3,286.0,788.0,0.016241822693435992
20251223,SC2611,443.9,3.0,15.0,-0.02432980400991136
20251223,SC2612,443.0,17.0,175.0,-0.00029767072656462735
20251223,SC2703,442.0,0.0,25.0,0.010859728506787292
20251223,SC2706,443.2,0.0,51.0,0.027075812274368616
20251223,SC2709,446.2,0.0,72.0,0.034065441506051286
20251223,SC2712,450.0,2.0,87.0,0.0
20251223,SC2803,450.0,7.0,89.0,0.017777777777777892
20251223,SC2806,452.0,1.0,122.0,0.01769911504424737
20251223,SC2809,454.0,7.0,142.0,0.0396475770925111
20251223,SC2812,458.5,2.0,37.0,0.0
20251224,SC2601,442.0,1624.0,3202.0,0.07330316742081422
20251224,SC2602,444.7,65801.0,36678.0,-0.0485720710591413
20251224,SC2603,442.9,13547.0,18763.0,-0.032512982614585795
20251224,SC2604,441.7,6314.0,8038.0,0.00543355218474062
20251224,SC2605,441.9,1317.0,4054.0,0.013577732518670338
20251224,SC2606,442.4,1203.0,6023.0,0.0
20251224,SC2607,442.4,574.0,1446.0,0.008137432188066285
20251224,SC2608,442.7,386.0,1004.0,0.029817031850011055
20251224,SC2609,443.8,478.0,1170.0,0.013519603424966498
20251224,SC2610,444.3,608.0,854.0,-0.01620526671168232
20251224,SC2611,443.7,4.0,14.0,0.00811359026369285
20251224,SC2612,444.0,32.0,184.0,0.0004752004752004704
20251224,SC2703,445.6,1.0,26.0,0.03231597845601364
20251224,SC2706,449.2,1.0,51.0,-0.010685663401602596
20251224,SC2709,448.0,4.0,70.0,0.026785714285714413
20251224,SC2712,451.0,5.0,90.0,0.000614020126215246
20251224,SC2803,453.1,28.0,92.0,0.016773339218715044
20251224,SC2806,455.0,3.0,122.0,0.03516483516483504
20251224,SC2809,459.0,1.0,142.0,0.0008714596949896958
20251224,SC2812,459.1,2.0,39.0,0.0
20251225,SC2601,440.4,58.0,3166.0,0.0626702997275217
20251225,SC2602,442.7,45862.0,34826.0,-0.010842557036367051
20251225,SC2603,442.3,8568.0,19150.0,-0.016278543974678428
20251225,SC2604,441.7,1758.0,8034.0,0.01901743264659217
20251225,SC2605,442.4,326.0,4062.0,0.0
20251225,SC2606,442.4,297.0,5999.0,0.021699819168174095
20251225,SC2607,443.2,59.0,1449.0,0.0027075812274368616
20251225,SC2608,443.3,84.0,995.0,0.024362734040153988
20251225,SC2609,444.2,111.0,1212.0,0.027014858171995115
20251225,SC2610,445.2,37.0,854.0,-0.05121293800539073
20251225,SC2611,443.3,1.0,13.0,0.0541394089781182
20251225,SC2612,445.3,3.0,183.0,8.883997206477045e-05
20251225,SC2703,445.6,0.0,26.0,0.03231597845601364
20251225,SC2706,449.2,0.0,51.0,-0.011576135351736738
20251225,SC2709,447.9,0.0,70.0,0.0437597678053141
20251225,SC2712,452.8,0.0,90.0,0.0009610530811944309
20251225,SC2803,456.1,0.0,92.0,0.016663012497259544
20251225,SC2806,458.0,1.0,122.0,0.00873362445414827
20251225,SC2809,459.0,0.0,142.0,0.0008714596949896958
20251225,SC2812,459.1,0.0,39.0,0.0
20251226,SC2601,438.9,935.0,2688.0,0.07928913192071274
20251226,SC2602,441.8,46549.0,32823.0,0.02172928927116402
20251226,SC2603,442.6,11323.0,19809.0,-0.016267510167194743
20251226,SC2604,442.0,3181.0,8795.0,0.021719457013574583
20251226,SC2605,442.8,520.0,4125.0,0.00271002710026913
20251226,SC2606,442.9,477.0,6062.0,0.0
20251226,SC2607,442.9,37.0,1436.0,0.016256491307292897
20251226,SC2608,443.5,176.0,937.0,0.013528748590756479
20251226,SC2609,444.0,74.0,1202.0,0.013513513513514042
20251226,SC2610,444.5,58.0,849.0,0.13498312710911264
20251226,SC2611,449.5,1.0,14.0,-0.07741935483870854
20251226,SC2612,446.6,114.0,239.0,-0.000295271231231826
20251226,SC2703,445.6,0.0,26.0,0.03231597845601364
20251226,SC2706,449.2,0.0,51.0,0.042742653606411274
20251226,SC2709,454.0,4.0,74.0,0.03612334801762174
20251226,SC2712,458.1,5.0,93.0,-0.0006045035514583721
20251226,SC2803,456.0,46.0,100.0,0.017543859649122417
20251226,SC2806,458.0,5.0,120.0,0.05764192139738
20251226,SC2809,464.6,2.0,142.0,-0.03960396039603964
20251226,SC2812,460.0,0.0,39.0,0.0
20251229,SC2601,431.7,67.0,2647.0,0.08617095205003444
20251229,SC2602,434.8,73241.0,32180.0,0.01379944802208044
20251229,SC2603,435.3,17316.0,20983.0,-0.022053756030324667
20251229,SC2604,434.5,4367.0,9384.0,0.019332566168008825
20251229,SC2605,435.2,699.0,4179.0,0.016544117647059764
20251229,SC2606,435.8,536.0,6140.0,0.022028453418999838
20251229,SC2607,436.6,34.0,1437.0,0.008245533669262173
20251229,SC2608,436.9,364.0,863.0,0.02746623941405346
20251229,SC2609,437.9,52.0,1200.0,0.0054807033569312935
20251229,SC2610,438.1,58.0,848.0,0.08217301985847936
20251229,SC2611,441.1,3.0,16.0,-0.03264565858082191
20251229,SC2612,439.9,275.0,400.0,0.0007793979151105828
20251229,SC2703,442.5,2.0,26.0,0.0
20251229,SC2706,442.5,1.0,52.0,0.04067796610169516
20251229,SC2709,447.0,4.0,74.0,0.01789709172259535
20251229,SC2712,449.0,5.0,94.0,0.0007342323600675364
20251229,SC2803,451.5,9.0,100.0,0.05669988925802816
20251229,SC2806,457.9,0.0,120.0,-0.02533304214894061
20251229,SC2809,455.0,4.0,144.0,0.03516483516483504
20251229,SC2812,459.0,1.0,39.0,0.0
20251230,SC2601,433.2,87.0,2616.0,0.08033240997229907
20251230,SC2602,436.1,66125.0,30384.0,0.04402659940380538
20251230,SC2603,437.7,17662.0,23028.0,-0.03289924605894479
20251230,SC2604,436.5,4942.0,10028.0,0.008247422680412342
20251230,SC2605,436.8,2240.0,4946.0,0.019230769230769162
20251230,SC2606,437.5,547.0,6170.0,0.010971428571427744
20251230,SC2607,437.9,24.0,1442.0,0.002740351678466979
20251230,SC2608,438.0,42.0,864.0,0.049315068493149816
20251230,SC2609,439.8,25.0,1196.0,-0.013642564802182733
20251230,SC2610,439.3,27.0,854.0,0.03277942180741977
20251230,SC2611,440.5,4.0,17.0,0.016345062429057755
20251230,SC2612,441.1,22.0,402.0,0.0004185340843694751
20251230,SC2703,442.5,0.0,26.0,0.019887005649717793
20251230,SC2706,444.7,3.0,54.0,0.03148189790870237
20251230,SC2709,448.2,0.0,74.0,0.011601963409192173
20251230,SC2712,449.5,0.0,94.0,0.0012614748988497597
20251230,SC2803,453.8,0.0,100.0,0.045835169678272614
20251230,SC2806,459.0,2.0,120.0,-0.012200435729847303
20251230,SC2809,457.6,3.0,144.0,0.012237762237761629
20251230,SC2812,459.0,0.0,39.0,0.0
20251231,SC2601,429.4,22.0,2605.0,0.07824871914298992
20251231,SC2602,432.2,51990.0,29568.0,0.027764923646459216
20251231,SC2603,433.2,13220.0,23413.0,-0.019390581717450672
20251231,SC2604,432.5,4311.0,11108.0,0.022196531791907503
20251231,SC2605,433.3,806.0,5228.0,-0.005538887606738818
20251231,SC2606,433.1,296.0,6241.0,0.08035095820826488
20251231,SC2607,436.0,19.0,1446.0,0.0027522935779815683
20251231,SC2608,436.1,24.0,866.0,0.016509974776427683
20251231,SC2609,436.7,108.0,1196.0,0.05770551866269713
20251231,SC2610,438.8,16.0,848.0,-0.01367365542388388
20251231,SC2611,438.3,1.0,18.0,0.046543463381244266
20251231,SC2612,440.0,17.0,411.0,0.0007492507492507412
20251231,SC2703,442.5,0.0,26.0,-0.01265536723163807
20251231,SC2706,441.1,2.0,55.0,0.06438449331217377
20251231,SC2709,448.2,0.0,74.0,0.011601963409192173
20251231,SC2712,449.5,0.0,94.0,0.0024349399210355756
20251231,SC2803,457.8,4.0,100.0,-0.018348623853211343
20251231,SC2806,455.7,1.0,120.0,0.017555409260478605
20251231,SC2809,457.7,0.0,144.0,0.0034957395674029
20251231,SC2812,458.1,1.0,40.0,0.0
20260105,SC2602,421.7,44486.0,34256.0,0.05122124733222666
20260105,SC2603,423.5,18602.0,26094.0,0.02266824085006025
20260105,SC2604,424.3,6301.0,11782.0,0.03393825123733052
20260105,SC2605,425.5,1591.0,5379.0,0.036662749706228404
20260105,SC2606,426.8,889.0,6524.0,0.016869728209932155
20260105,SC2607,427.4,82.0,1471.0,0.04492278895648294
20260105,SC2608,429.0,93.0,878.0,0.03076923076923066
20260105,SC2609,430.1,137.0,1284.0,0.03627063473610548
20260105,SC2610,431.4,75.0,859.0,0.04450625869262925
20260105,SC2611,433.0,4.0,21.0,-0.04157043879907629
20260105,SC2612,431.5,41.0,418.0,0.0009374145585688868
20260105,SC2701,434.5,5.0,3.0,-0.012428078250863006
20260105,SC2703,433.6,3.0,27.0,0.044280442804427445
20260105,SC2706,438.4,8.0,60.0,0.0045620437956204185
20260105,SC2709,438.9,0.0,74.0,0.03280929596719062
20260105,SC2712,442.5,0.0,94.0,0.0004768113242689634
20260105,SC2803,444.1,5.0,97.0,0.04863769421301445
20260105,SC2806,449.5,1.0,119.0,-0.004449388209121441
20260105,SC2809,449.0,9.0,150.0,0.04276169265033403
20260105,SC2812,453.8,0.0,40.0,0.0
20260106,SC2602,428.2,68944.0,31596.0,0.03362914525922367
20260106,SC2603,429.4,35343.0,25195.0,0.005589194224500993
20260106,SC2604,429.6,7045.0,13051.0,0.03631284916200972
20260106,SC2605,430.9,1886.0,5658.0,0.03620329542817302
20260106,SC2606,432.2,1251.0,6145.0,0.02498843128181516
20260106,SC2607,433.1,26.0,1467.0,0.016624336181019217
20260106,SC2608,433.7,65.0,901.0,0.03596956421489583
20260106,SC2609,435.0,58.0,1292.0,0.04413793103448249
20260106,SC2610,436.6,14.0,858.0,-0.016491067338525678
20260106,SC2611,436.0,0.0,21.0,0.019266055045870978
20260106,SC2612,436.7,31.0,431.0,-9.262523059823189e-05
20260106,SC2701,436.4,3.0,4.0,0.01512373968835945
20260106,SC2703,437.5,2.0,27.0,0.04662857142857124
20260106,SC2706,442.6,1.0,61.0,-0.033438770899232306
20260106,SC2709,438.9,0.0,74.0,0.04192298929141014
20260106,SC2712,443.5,1.0,93.0,-0.0001784010803176532
20260106,SC2803,442.9,1.0,97.0,0.04606005870399699
20260106,SC2806,448.0,2.0,120.0,0.04464285714285676
20260106,SC2809,453.0,4.0,152.0,0.007064017660043831
20260106,SC2812,453.8,0.0,40.0,0.0
20260107,SC2602,416.3,110999.0,32970.0,0.04900312274801877
20260107,SC2603,418.0,52397.0,28497.0,0.028708133971292682
20260107,SC2604,419.0,13901.0,15240.0,0.06014319809069324
20260107,SC2605,421.1,4922.0,6478.0,0.039895511754926005
20260107,SC2606,422.5,2844.0,5899.0,0.04828402366863749
20260107,SC2607,424.2,294.0,1544.0,0.048090523338046864
20260107,SC2608,425.9,294.0,971.0,0.047898567738908326
20260107,SC2609,427.6,254.0,1375.0,0.036482694106640956
20260107,SC2610,428.9,71.0,868.0,-0.053159244579155995
20260107,SC2611,427.0,5.0,21.0,0.08430913348946145
20260107,SC2612,430.0,72.0,465.0,0.0015678076822576458
20260107,SC2701,435.0,0.0,4.0,-0.0537931034482757
20260107,SC2703,431.1,8.0,32.0,0.10855949895615868
20260107,SC2706,442.8,18.0,73.0,-0.046973803071364006
20260107,SC2709,437.6,16.0,88.0,0.04936014625228502
20260107,SC2712,443.0,22.0,99.0,-0.00026790365390815874
20260107,SC2803,442.1,17.0,92.0,0.03528613435874206
20260107,SC2806,446.0,14.0,123.0,0.03766816143497742
20260107,SC2809,450.2,12.0,154.0,-0.0017769880053308817
20260107,SC2812,450.0,3.0,43.0,0.0
20260108,SC2602,416.2,70288.0,33068.0,0.031715521383951284
20260108,SC2603,417.3,33036.0,29268.0,0.03163191948238708
20260108,SC2604,418.4,9117.0,16727.0,0.0803059273422555
20260108,SC2605,421.2,3161.0,6788.0,0.05413105413105601
20260108,SC2606,423.1,2460.0,5885.0,0.045379342944929846
20260108,SC2607,424.7,314.0,1659.0,0.04238285848834522
20260108,SC2608,426.2,185.0,987.0,0.03941811356170888
20260108,SC2609,427.6,348.0,1486.0,0.01683816651075798
20260108,SC2610,428.2,62.0,862.0,0.0028024287716021945
20260108,SC2611,428.3,5.0,23.0,0.030819519028717934
20260108,SC2612,429.4,291.0,575.0,0.0017583981829885375
20260108,SC2701,435.0,0.0,4.0,-0.03999999999999959
20260108,SC2703,432.1,0.0,32.0,0.07313121962508617
20260108,SC2706,440.0,4.0,72.0,0.08636363636363598
20260108,SC2709,449.5,1.0,88.0,-0.03203559510567322
20260108,SC2712,445.9,0.0,99.0,-0.0004140286714854884
20260108,SC2803,444.5,0.0,92.0,0.04409448818897577
20260108,SC2806,449.4,0.0,123.0,0.04361370716510926
20260108,SC2809,454.3,0.0,154.0,0.006163328197226647
20260108,SC2812,455.0,1.0,43.0,0.0
20260109,SC2602,432.7,85331.0,29929.0,0.022186272244048233
20260109,SC2603,433.5,40875.0,28455.0,0.024913494809688963
20260109,SC2604,434.4,10864.0,16427.0,0.052486187845305565
20260109,SC2605,436.3,4329.0,6659.0,0.04950721980288808
20260109,SC2606,438.1,2058.0,5994.0,0.030130107281441276
20260109,SC2607,439.2,523.0,1855.0,0.043715846994536456
20260109,SC2608,440.8,241.0,1045.0,0.03811252268602594
20260109,SC2609,442.2,371.0,1563.0,0.018995929443691217
20260109,SC2610,442.9,108.0,886.0,0.02980356739670409
20260109,SC2611,444.0,80.0,68.0,0.029729729729731424
20260109,SC2612,445.1,358.0,739.0,0.0005149707552146932
20260109,SC2701,446.8,7.0,8.0,0.033572068039391834
20260109,SC2703,449.3,6.0,34.0,0.03294012908969535
20260109,SC2706,453.0,5.0,73.0,0.0
20260109,SC2709,453.0,3.0,87.0,0.004415011037527172
20260109,SC2712,453.5,3.0,98.0,-0.00014538934053818866
20260109,SC2803,453.0,14.0,88.0,-0.042384105960265206
20260109,SC2806,448.2,7.0,123.0,0.11691209281570725
20260109,SC2809,461.3,12.0,153.0,-0.0026013440277479205
20260109,SC2812,461.0,1.0,43.0,0.0
20260112,SC2602,437.5,86573.0,25051.0,0.030171428571428294
20260112,SC2603,438.6,52929.0,29681.0,-0.002735978112175186
20260112,SC2604,438.5,12805.0,16195.0,0.051995438996579324
20260112,SC2605,440.4,3987.0,6598.0,0.04087193460490557
20260112,SC2606,441.9,2173.0,6026.0,0.04344874405974242
20260112,SC2607,443.5,786.0,2285.0,0.04329199549041807
20260112,SC2608,445.1,245.0,1031.0,0.01617614019321323
20260112,SC2609,445.7,618.0,1704.0,0.043078303791788564
20260112,SC2610,447.3,204.0,961.0,0.0
20260112,SC2611,447.3,216.0,184.0,0.04560697518443835
20260112,SC2612,449.0,602.0,985.0,0.0007207026851179892
20260112,SC2701,451.4,3.0,8.0,-0.07310589277802415
20260112,SC2703,445.9,0.0,34.0,0.12110338640950857
20260112,SC2706,459.4,4.0,73.0,0.029603831084022758
20260112,SC2709,462.8,3.0,87.0,-0.024200518582541353
20260112,SC2712,460.0,6.0,98.0,0.0002866698518872562
20260112,SC2803,461.0,2.0,87.0,0.01301518438177851
20260112,SC2806,462.5,3.0,122.0,0.0216216216216214
20260112,SC2809,465.0,2.0,152.0,0.004301075268816845
20260112,SC2812,465.5,2.0,43.0,0.0
20260113,SC2602,445.6,65173.0,22578.0,0.029622980251346576
20260113,SC2603,446.7,51190.0,33792.0,-0.03492276695769059
20260113,SC2604,445.4,11257.0,15997.0,0.026942074539740624
20260113,SC2605,446.4,3800.0,6251.0,0.016129032258065834
20260113,SC2606,447.0,2057.0,5496.0,0.01610738255033528
20260113,SC2607,447.6,411.0,2264.0,0.013404825737265647
20260113,SC2608,448.1,148.0,993.0,0.048203525998659735
20260113,SC2609,449.9,421.0,1760.0,-0.0026672593909751185
20260113,SC2610,449.8,153.0,990.0,0.0026678523788339348
20260113,SC2611,449.9,176.0,321.0,0.042676150255612555
20260113,SC2612,451.5,443.0,1077.0,-0.00020904102430101347
20260113,SC2701,450.8,5.0,12.0,0.0066548358473821345
20260113,SC2703,451.3,0.0,34.0,-0.019499224462663278
20260113,SC2706,449.1,3.0,73.0,0.14963259853039368
20260113,SC2709,465.9,1.0,87.0,0.0060098733633831
20260113,SC2712,466.6,21.0,105.0,0.0004239224127779629
20260113,SC2803,468.1,27.0,90.0,0.01452681051057425
20260113,SC2806,469.8,9.0,124.0,0.018731375053214094
20260113,SC2809,472.0,2.0,153.0,0.042372881355932535
20260113,SC2812,477.0,6.0,46.0,0.0
20260114,SC2602,445.5,97963.0,19768.0,0.06734006734006837
20260114,SC2603,448.0,92089.0,36627.0,0.0026785714285724183
20260114,SC2604,448.1,21144.0,14131.0,0.0241017629993312
20260114,SC2605,449.0,7554.0,6845.0,0.021380846325166125
20260114,SC2606,449.8,1887.0,5631.0,0.026678523788350006
20260114,SC2607,450.8,228.0,2290.0,0.03460514640638923
20260114,SC2608,452.1,122.0,994.0,0.013271400132714106
20260114,SC2609,452.6,427.0,1858.0,0.03446752098983552
20260114,SC2610,453.9,204.0,1062.0,0.007931262392598448
20260114,SC2611,454.2,337.0,529.0,0.023778071334214168
20260114,SC2612,455.1,422.0,1250.0,0.00029626776680764723
20260114,SC2701,456.1,15.0,16.0,-0.006577504933128697
20260114,SC2703,455.6,0.0,34.0,-0.008779631255487086
20260114,SC2706,454.6,11.0,72.0,0.1909370875494938
20260114,SC2709,476.3,3.0,87.0,-0.061305899643082196
20260114,SC2712,469.0,13.0,114.0,0.0021368823074580014
20260114,SC2803,476.6,10.0,93.0,0.04028535459504745
20260114,SC2806,481.4,18.0,126.0,0.03406730369754918
20260114,SC2809,485.5,16.0,159.0,0.012358393408856472
20260114,SC2812,487.0,11.0,52.0,0.0
20260115,SC2602,444.9,56646.0,14486.0,0.04585300067430964
20260115,SC2603,446.6,115980.0,39575.0,0.026869682042096166
20260115,SC2604,447.6,17772.0,14384.0,0.021447721179622903
20260115,SC2605,448.4,5764.0,7049.0,0.018733273862625133
20260115,SC2606,449.1,2542.0,5508.0,0.02137608550434056
20260115,SC2607,449.9,250.0,2302.0,0.026672593909756515
20260115,SC2608,450.9,305.0,1095.0,0.0452428476380593
20260115,SC2609,452.6,513.0,1898.0,0.02121078214759109
20260115,SC2610,453.4,218.0,1125.0,0.007940008822232336
20260115,SC2611,453.7,634.0,817.0,0.03173903460436467
20260115,SC2612,454.9,444.0,1341.0,0.00032603782532771003
20260115,SC2701,456.0,13.0,22.0,0.17236842105263195
20260115,SC2703,469.1,1.0,35.0,-0.05713067576209818
20260115,SC2706,462.4,0.0,72.0,0.05276816608996526
20260115,SC2709,468.5,0.0,87.0,-0.004268943436499306
20260115,SC2712,468.0,14.0,120.0,0.0014088475626937115
20260115,SC2803,473.0,7.0,92.0,0.014376321353065435
20260115,SC2806,474.7,5.0,124.0,0.04718769749315399
20260115,SC2809,480.3,0.0,159.0,0.04164064126587519
20260115,SC2812,485.3,5.0,51.0,0.0
20260116,SC2602,435.3,23693.0,8857.0,0.09648518263266759
20260116,SC2603,438.8,88633.0,41539.0,0.043755697356426815
20260116,SC2604,440.4,14116.0,15067.0,0.04087193460490557
20260116,SC2605,441.9,5634.0,7509.0,0.024439918533606608
20260116,SC2606,442.8,1843.0,5640.0,0.037940379403794466
20260116,SC2607,444.2,131.0,2309.0,0.021611886537597158
20260116,SC2608,445.0,134.0,1106.0,0.040449438202247556
20260116,SC2609,446.5,303.0,1956.0,0.016125419932810914
20260116,SC2610,447.1,149.0,1161.0,0.018787743234174314
20260116,SC2611,447.8,176.0,891.0,0.03483698079499842
20260116,SC2612,449.1,499.0,1424.0,0.00027020332800430856
20260116,SC2701,450.0,7.0,22.0,0.013333333333332753
20260116,SC2703,451.0,6.0,34.0,0.05321507760532107
20260116,SC2706,457.0,1.0,72.0,0.09365426695842416
20260116,SC2709,467.7,1.0,87.0,-0.0025657472738935816
20260116,SC2712,467.4,0.0,120.0,0.0018056398030724297
20260116,SC2803,473.8,0.0,92.0,-0.04896580835795694
20260116,SC2806,468.0,8.0,124.0,0.02564102564102555
20260116,SC2809,471.0,7.0,160.0,0.11804670912951121
20260116,SC2812,484.9,3.0,53.0,0.0
20260119,SC2602,436.2,11195.0,6702.0,0.03301237964236492
20260119,SC2603,437.4,77853.0,40770.0,0.046639231824417315
20260119,SC2604,439.1,13173.0,16102.0,0.0409929401047604
20260119,SC2605,440.6,4236.0,7897.0,0.016341352700861123
20260119,SC2606,441.2,1940.0,5860.0,0.03535811423390722
20260119,SC2607,442.5,133.0,2316.0,0.01355932203389898
20260119,SC2608,443.0,77.0,1106.0,0.05959367945823946
20260119,SC2609,445.2,186.0,1996.0,0.021563342318059675
20260119,SC2610,446.0,53.0,1178.0,0.01883408071748871
20260119,SC2611,446.7,67.0,917.0,0.03760913364674412
20260119,SC2612,448.1,99.0,1434.0,0.0003911646928730174
20260119,SC2701,449.4,11.0,22.0,0.08411214953270996
20260119,SC2703,455.7,1.0,35.0,0.011411016019311049
20260119,SC2706,457.0,0.0,72.0,0.0787746170678334
20260119,SC2709,466.0,0.0,87.0,-0.008583690987124637
20260119,SC2712,465.0,8.0,124.0,0.002325416518964899
20260119,SC2803,473.2,2.0,92.0,0.025359256128487218
20260119,SC2806,476.2,4.0,127.0,0.015119697606047922
20260119,SC2809,478.0,5.0,160.0,0.057740585774058495
20260119,SC2812,484.9,1.0,54.0,0.0
20260120,SC2602,435.1,3852.0,5488.0,0.05240174672488962
20260120,SC2603,437.0,51993.0,40047.0,0.04118993135011362
20260120,SC2604,438.5,10244.0,17641.0,0.035575826681870204
20260120,SC2605,439.8,4553.0,8595.0,0.027285129604365466
20260120,SC2606,440.8,1505.0,5874.0,0.02722323049001929
20260120,SC2607,441.8,452.0,2539.0,0.01629696695337035
20260120,SC2608,442.4,191.0,1242.0,0.037974683544304
20260120,SC2609,443.8,113.0,1988.0,0.05407841369986599
20260120,SC2610,445.8,24.0,1175.0,-0.013458950201883813
20260120,SC2611,445.3,27.0,911.0,0.03772737480350319
20260120,SC2612,446.7,60.0,1434.0,0.0003923906399740366
20260120,SC2701,448.0,4.0,24.0,0.10312499999999947
20260120,SC2703,455.7,0.0,35.0,0.011411016019311049
20260120,SC2706,457.0,0.0,72.0,0.0787746170678334
20260120,SC2709,466.0,0.0,87.0,0.030042918454936007
20260120,SC2712,469.5,4.0,127.0,0.0004213039356809233
20260120,SC2803,471.0,2.0,92.0,0.023779193205944793
20260120,SC2806,473.8,2.0,129.0,0.043900379907134024
20260120,SC2809,479.0,3.0,160.0,0.024217118997912124
20260120,SC2812,481.9,2.0,55.0,0.0
20260121,SC2602,440.2,502.0,5330.0,0.016356201726488884
20260121,SC2603,440.8,78058.0,39936.0,0.02994555353901962
20260121,SC2604,441.9,15023.0,18659.0,0.04073319755600835
20260121,SC2605,443.4,5811.0,8020.0,0.040595399188092074
20260121,SC2606,444.9,1683.0,5907.0,-0.005394470667564821
20260121,SC2607,444.7,235.0,2504.0,0.024286035529571315
20260121,SC2608,445.6,434.0,1500.0,0.03770197486535043
20260121,SC2609,447.0,446.0,2102.0,0.04563758389261707
20260121,SC2610,448.7,128.0,1212.0,0.0026743926899932546
20260121,SC2611,448.8,106.0,941.0,0.02139037433155
20260121,SC2612,449.6,234.0,1513.0,0.0004198488544124158
20260121,SC2701,451.0,7.0,24.0,0.06252771618625319
20260121,SC2703,455.7,0.0,35.0,0.011411016019311049
20260121,SC2706,457.0,0.0,72.0,0.0787746170678334
20260121,SC2709,466.0,0.0,87.0,0.008583690987124193
20260121,SC2712,467.0,11.0,132.0,0.0015530508035861473
20260121,SC2803,472.5,0.0,92.0,0.021164021164021385
20260121,SC2806,475.0,8.0,131.0,0.039578947368420714
20260121,SC2809,479.7,0.0,160.0,0.018344798832603537
20260121,SC2812,481.9,0.0,55.0,0.0
20260122,SC2602,445.4,2308.0,3535.0,0.026942074539740624
20260122,SC2603,446.4,84207.0,43267.0,0.029569892473119808
20260122,SC2604,447.5,16035.0,19961.0,0.032178770949720104
20260122,SC2605,448.7,5202.0,8471.0,0.0294183195899258
20260122,SC2606,449.8,1522.0,6055.0,0.005335704757670534
20260122,SC2607,450.0,104.0,2496.0,0.040000000000000924
20260122,SC2608,451.5,300.0,1555.0,0.021262458471760226
20260122,SC2609,452.3,171.0,2136.0,0.03183727614415055
20260122,SC2610,453.5,55.0,1216.0,-0.010584343991178802
20260122,SC2611,453.1,35.0,939.0,0.026484219819025157
20260122,SC2612,454.1,119.0,1534.0,0.0007719925077137279
20260122,SC2701,456.7,2.0,25.0,0.07619881760455405
20260122,SC2703,462.5,1.0,36.0,0.0674594594594593
20260122,SC2706,470.3,2.0,74.0,0.03487135870720781
20260122,SC2709,474.4,2.0,89.0,-0.03288364249578413
20260122,SC2712,470.5,11.0,135.0,0.0005605446625637918
20260122,SC2803,472.5,0.0,92.0,0.04232804232804277
20260122,SC2806,477.5,0.0,131.0,0.018429319371727537
20260122,SC2809,479.7,0.0,160.0,0.018344798832603537
20260122,SC2812,481.9,0.0,55.0,0.0
20260123,SC2602,441.7,2215.0,1949.0,0.00543355218474062
20260123,SC2603,441.9,95141.0,45295.0,0.03258655804480881
20260123,SC2604,443.1,17264.0,20720.0,0.040622884224778666
20260123,SC2605,444.6,8000.0,8738.0,0.037786774628878916
20260123,SC2606,446.0,2850.0,5943.0,0.040358744394618284
20260123,SC2607,447.5,159.0,2520.0,0.04022346368715013
20260123,SC2608,449.0,383.0,1583.0,0.013363028953229161
20260123,SC2609,449.5,413.0,2291.0,0.018687430478309786
20260123,SC2610,450.2,180.0,1230.0,0.005330964015991313
20260123,SC2611,450.4,193.0,1056.0,0.037300177619894015
20260123,SC2612,451.8,228.0,1602.0,0.0003879612635599819
20260123,SC2701,453.1,6.0,27.0,0.12447583314941424
20260123,SC2703,462.5,0.0,36.0,0.04756756756756797
20260123,SC2706,468.0,0.0,74.0,-0.007692307692307665
20260123,SC2709,467.1,1.0,89.0,0.014557910511667771
20260123,SC2712,468.8,15.0,145.0,0.001040768105614532
20260123,SC2803,472.5,0.0,92.0,0.06095238095238109
20260123,SC2806,479.7,6.0,131.0,0.050031269543464596
20260123,SC2809,485.7,2.0,160.0,0.06341362981264176
20260123,SC2812,493.4,14.0,62.0,0.0
20260126,SC2602,453.0,1581.0,414.0,0.11390728476821277
20260126,SC2603,457.3,136743.0,52435.0,0.013120489831621285
20260126,SC2604,457.8,36452.0,26082.0,0.005242463958061272
20260126,SC2605,458.0,10807.0,9279.0,0.0026200873362460797
20260126,SC2606,458.1,4465.0,6301.0,0.03667321545514124
20260126,SC2607,459.5,462.0,2572.0,-0.005223068552774102
20260126,SC2608,459.3,851.0,1930.0,0.020901371652515266
20260126,SC2609,460.1,1136.0,2498.0,0.007824386003041361
20260126,SC2610,460.4,221.0,1284.0,0.04952215464813392
20260126,SC2611,462.3,163.0,1089.0,0.03114860480207504
20260126,SC2612,463.5,753.0,1854.0,5.817970255626001e-05
20260126,SC2701,463.7,19.0,31.0,0.09963338365322416
20260126,SC2703,471.4,1.0,37.0,-0.002545608824776835
20260126,SC2706,471.1,0.0,74.0,0.08405858628741214
20260126,SC2709,481.0,2.0,88.0,0.025779625779626336
20260126,SC2712,484.1,19.0,151.0,0.0005720369281616737
20260126,SC2803,486.2,4.0,92.0,0.03126285479226709
20260126,SC2806,490.0,6.0,128.0,0.0693877551020412
20260126,SC2809,498.5,7.0,162.0,0.023269809428284383
20260126,SC2812,501.4,9.0,60.0,0.0
20260127,SC2602,455.0,456.0,153.0,-0.21890109890109866
20260127,SC2603,446.7,121039.0,48163.0,0.05372733378105998
20260127,SC2604,448.7,33022.0,26891.0,0.0294183195899258
20260127,SC2605,449.8,10020.0,10611.0,0.042685638061358944
20260127,SC2606,451.4,3306.0,6777.0,0.002658396101019811
20260127,SC2607,451.5,125.0,2564.0,0.04252491694352312
20260127,SC2608,453.1,387.0,2028.0,0.03442948576473004
20260127,SC2609,454.4,484.0,2589.0,-0.005281690140844564
20260127,SC2610,454.2,50.0,1295.0,0.05019815059445243
20260127,SC2611,456.1,26.0,1099.0,0.03683402762552124
20260127,SC2612,457.5,423.0,2014.0,0.0002652422177196564
20260127,SC2701,458.4,38.0,49.0,0.044502617801047695
20260127,SC2703,461.8,21.0,54.0,0.08055435253356436
20260127,SC2706,471.1,0.0,74.0,0.05009552112078097
20260127,SC2709,477.0,0.0,88.0,-0.041090146750523804
20260127,SC2712,472.1,11.0,159.0,0.003491530710340293
20260127,SC2803,484.6,0.0,92.0,0.058605035080478096
20260127,SC2806,491.7,5.0,132.0,-0.0024405125076265577
20260127,SC2809,491.4,2.0,163.0,0.0293040293040292
20260127,SC2812,495.0,2.0,61.0,0.0
20260128,SC2602,458.2,18.0,143.0,0.05499781754692368
20260128,SC2603,460.3,143169.0,48237.0,0.05474690419291761
20260128,SC2604,462.4,42745.0,28445.0,0.02595155709342567
20260128,SC2605,463.4,16683.0,12907.0,0.025895554596460535
20260128,SC2606,464.4,4005.0,6786.0,0.0361757105943159
20260128,SC2607,465.8,205.0,2606.0,0.015457277801631975
20260128,SC2608,466.4,165.0,2021.0,0.015437392795883298
20260128,SC2609,467.0,267.0,2564.0,0.020556745182013003
20260128,SC2610,467.8,67.0,1297.0,0.0718255664814027
20260128,SC2611,470.6,29.0,1099.0,-0.033149171270718814
20260128,SC2612,469.3,318.0,2038.0,0.001063022383324915
20260128,SC2701,473.0,12.0,51.0,0.06976744186046524
20260128,SC2703,478.5,8.0,58.0,0.05517241379310356
20260128,SC2706,485.1,5.0,75.0,-0.013193156050299137
20260128,SC2709,483.5,13.0,84.0,0.0703205791106516
20260128,SC2712,492.0,8.0,164.0,0.00294827124095418
20260128,SC2803,503.0,6.0,95.0,-0.02703777335984059
20260128,SC2806,499.6,5.0,131.0,0.03522818254603699
20260128,SC2809,504.0,14.0,164.0,0.04761904761904745
20260128,SC2812,510.0,5.0,63.0,0.0
20260129,SC2602,464.7,9.0,142.0,0.20142027114267425
20260129,SC2603,472.5,144280.0,48382.0,0.0431746031746032
20260129,SC2604,474.2,45183.0,33470.0,0.027836355967946425
20260129,SC2605,475.3,13985.0,14597.0,0.02777193351567231
20260129,SC2606,476.4,6210.0,7631.0,-0.01259445843828777
20260129,SC2607,475.9,1154.0,3341.0,0.0277369195209074
20260129,SC2608,477.0,109.0,2036.0,0.03522012578616174
20260129,SC2609,478.4,324.0,2623.0,0.002508361204014875
20260129,SC2610,478.5,84.0,1317.0,0.042633228840124104
20260129,SC2611,480.2,70.0,1104.0,0.022490628904623833
20260129,SC2612,481.1,599.0,2063.0,0.00042038493246983626
20260129,SC2701,482.6,86.0,85.0,0.07708246995441304
20260129,SC2703,488.8,13.0,57.0,0.06382978723404253
20260129,SC2706,496.6,5.0,78.0,0.033024567055980114
20260129,SC2709,500.7,10.0,86.0,0.002396644697423511
20260129,SC2712,501.0,103.0,142.0,0.001868789892741994
20260129,SC2803,508.1,9.0,93.0,-0.025979137964967425
20260129,SC2806,504.8,2.0,131.0,0.04358161648177461
20260129,SC2809,510.3,6.0,164.0,0.09954928473446945
20260129,SC2812,523.0,9.0,64.0,0.0
20260130,SC2602,465.6,0.0,142.0,0.13402061855670055
20260130,SC2603,470.8,310515.0,44117.0,0.04842820730671171
20260130,SC2604,472.7,110183.0,34999.0,0.03300190395599856
20260130,SC2605,474.0,37586.0,15323.0,0.020253164556961245
20260130,SC2606,474.8,14017.0,7893.0,-0.002527379949453401
20260130,SC2607,474.7,2557.0,4171.0,0.02780703602275203
20260130,SC2608,475.8,901.0,2404.0,0.06305170239596425
20260130,SC2609,478.3,700.0,2674.0,0.03763328454944581
20260130,SC2610,479.8,206.0,1359.0,0.07753230512713483
20260130,SC2611,482.9,82.0,1100.0,-0.04224477117415537
20260130,SC2612,481.2,1091.0,2146.0,0.00070049595113341
20260130,SC2701,483.7,173.0,110.0,0.05333884639239228
20260130,SC2703,488.0,31.0,63.0,0.07377049180327866
20260130,SC2706,497.0,32.0,79.0,0.021730382293762673
20260130,SC2709,499.7,8.0,84.0,-0.0632379427656593
20260130,SC2712,491.8,49.0,161.0,0.005630806769480998
20260130,SC2803,512.8,11.0,95.0,-0.10686427457098224
20260130,SC2806,499.1,5.0,127.0,0.10338609497094708
20260130,SC2809,512.0,16.0,160.0,0.056250000000000355
20260130,SC2812,519.2,15.0,61.0,0.0
20260202,SC2603,449.0,197282.0,36200.0,0.03207126948775052
20260202,SC2604,450.2,89777.0,29903.0,0.029320302087960215
20260202,SC2605,451.3,30351.0,13955.0,0.058497673387989835
20260202,SC2606,453.5,9158.0,7229.0,0.08732083792723344
20260202,SC2607,456.8,1451.0,3997.0,0.01838879159369622
20260202,SC2608,457.5,470.0,2464.0,-0.0681967213114758
20260202,SC2609,454.9,650.0,2603.0,0.002637942404925653
20260202,SC2610,455.0,185.0,1322.0,0.01318681318681314
20260202,SC2611,455.5,117.0,1110.0,0.0948408342480791
20260202,SC2612,459.1,508.0,2073.0,0.0001468432375018061
20260202,SC2701,459.6,68.0,112.0,0.342036553524804
20260202,SC2702,472.7,0.0,0.0,0.18277977575629212
20260202,SC2703,479.9,12.0,62.0,-0.12752656803500706
20260202,SC2706,464.6,4.0,78.0,0.050796383986224214
20260202,SC2709,470.5,1.0,85.0,0.019553666312433826
20260202,SC2712,472.8,19.0,162.0,0.004099960952752816
20260202,SC2803,487.5,8.0,95.0,0.01969230769230723
20260202,SC2806,489.9,10.0,123.0,0.06613594611145146
20260202,SC2809,498.0,6.0,159.0,0.008032128514056325
20260202,SC2812,499.0,13.0,59.0,0.0
20260203,SC2603,449.4,119915.0,32924.0,0.09345794392523299
20260203,SC2604,452.9,47605.0,29916.0,0.04504305586222124
20260203,SC2605,454.6,16223.0,13713.0,0.039595248570172714
20260203,SC2606,456.1,4538.0,7366.0,0.013155009866257394
20260203,SC2607,456.6,1028.0,3949.0,0.013140604467804629
20260203,SC2608,457.1,334.0,2551.0,0.031502953401881584
20260203,SC2609,458.3,422.0,2588.0,0.06545930613135464
20260203,SC2610,460.8,103.0,1329.0,0.0
20260203,SC2611,460.8,118.0,1101.0,0.03125000000000089
20260203,SC2612,462.0,370.0,2141.0,0.0004377644827083068
20260203,SC2701,463.5,40.0,120.0,0.17605177993527477
20260203,SC2702,470.3,0.0,0.0,0.01786093982564374
20260203,SC2703,471.0,3.0,62.0,0.0543524416135881
20260203,SC2706,477.4,0.0,78.0,-0.09132802681189744
20260203,SC2709,466.5,3.0,84.0,0.1166130760986066
20260203,SC2712,480.1,0.0,162.0,0.001043738598414693
20260203,SC2803,483.9,1.0,94.0,0.03471791692498449
20260203,SC2806,488.1,2.0,121.0,-0.0016390083999184846
20260203,SC2809,487.9,1.0,158.0,0.09018241442918651
20260203,SC2812,498.9,4.0,60.0,0.0
20260204,SC2603,462.4,99401.0,27679.0,0.10380622837370268
20260204,SC2604,466.4,51112.0,32419.0,0.03344768439108137
20260204,SC2605,467.7,13225.0,14377.0,0.03848620910840239
20260204,SC2606,469.2,4883.0,7168.0,0.030690537084398173
20260204,SC2607,470.4,672.0,4036.0,0.01530612244898144
20260204,SC2608,471.0,957.0,2717.0,0.028025477707007695
20260204,SC2609,472.1,948.0,2831.0,0.030502012285532842
20260204,SC2610,473.3,128.0,1358.0,0.025353898161843524
20260204,SC2611,474.3,176.0,1164.0,0.015180265654648473
20260204,SC2612,474.9,395.0,2317.0,0.00017034928701724803
20260204,SC2701,475.5,7.0,121.0,0.08832807570977863
20260204,SC2702,479.0,1.0,1.0,0.1127348643006254
20260204,SC2703,483.5,7.0,62.0,-0.014064115822130407
20260204,SC2706,481.8,1.0,78.0,0.014113740141136866
20260204,SC2709,483.5,1.0,83.0,0.05294725956566726
20260204,SC2712,489.9,10.0,162.0,0.0017227108470219304
20260204,SC2803,496.3,1.0,95.0,0.024178924037880023
20260204,SC2806,499.3,24.0,134.0,0.022431403965551766
20260204,SC2809,502.1,0.0,158.0,-0.017526389165505307
20260204,SC2812,499.9,1.0,61.0,0.0
20260205,SC2603,463.5,97941.0,21605.0,0.0957928802588981
20260205,SC2604,467.2,76182.0,32928.0,0.03339041095890316
20260205,SC2605,468.5,15710.0,14246.0,0.04098185699039547
20260205,SC2606,470.1,4534.0,7204.0,0.020421186981492312
20260205,SC2607,470.9,819.0,3840.0,0.007644935230410432
20260205,SC2608,471.2,271.0,2758.0,0.03310696095076349
20260205,SC2609,472.5,469.0,2936.0,0.04571428571428715
20260205,SC2610,474.3,115.0,1369.0,-0.027830487033523976
20260205,SC2611,473.2,120.0,1202.0,0.03296703296703285
20260205,SC2612,474.5,528.0,2352.0,0.0003409857804193729
20260205,SC2701,475.7,68.0,136.0,-0.05549716207693933
20260205,SC2702,473.5,2.0,2.0,0.19007391763463488
20260205,SC2703,481.0,9.0,62.0,0.0
20260205,SC2706,481.0,1.0,77.0,-0.014137214137214027
20260205,SC2709,479.3,1.0,83.0,0.05341122470269166
20260205,SC2712,485.7,5.0,161.0,0.002226309823592081
20260205,SC2803,493.9,4.0,95.0,0.07855841263413677
20260205,SC2806,503.6,26.0,133.0,0.042891183478951156
20260205,SC2809,509.0,5.0,155.0,0.07465618860510848
20260205,SC2812,518.5,1.0,60.0,0.0
20260206,SC2603,465.4,77889.0,16308.0,0.11345079501504163
20260206,SC2604,469.8,88014.0,37214.0,0.03831417624521016
20260206,SC2605,471.3,17500.0,15034.0,0.02036919159770978
20260206,SC2606,472.1,5967.0,7181.0,0.0228765092141483
20260206,SC2607,473.0,968.0,3876.0,0.02790697674418663
20260206,SC2608,474.1,139.0,2757.0,0.0025311115798354322
20260206,SC2609,474.2,441.0,3104.0,0.022775200337409984
20260206,SC2610,475.1,53.0,1375.0,-0.005051568090928882
20260206,SC2611,474.9,47.0,1201.0,0.04295641187618493
20260206,SC2612,476.6,305.0,2374.0,-5.658055420653481e-05
20260206,SC2701,476.4,41.0,136.0,-0.03274559193954607
20260206,SC2702,475.1,2.0,2.0,0.0
20260206,SC2703,475.1,3.0,62.0,0.04125447274258054
20260206,SC2706,480.0,6.0,78.0,0.09999999999999964
20260206,SC2709,492.0,3.0,82.0,0.013821138211381978
20260206,SC2712,493.7,20.0,160.0,0.001682740998114719
20260206,SC2803,500.0,5.0,90.0,0.05520000000000014
20260206,SC2806,506.9,13.0,132.0,-0.0047346616689680765
20260206,SC2809,506.3,1.0,156.0,0.06004345249851806
20260206,SC2812,513.9,6.0,61.0,0.0
20260209,SC2603,458.8,33145.0,8143.0,0.14123801220575416
20260209,SC2604,464.2,119646.0,43008.0,0.04911676001723464
20260209,SC2605,466.1,20814.0,15200.0,0.038618322248443526
20260209,SC2606,467.6,5939.0,7216.0,0.017964071856287234
20260209,SC2607,468.3,1110.0,4149.0,0.012812299807816174
20260209,SC2608,468.8,279.0,2773.0,0.03327645051194672
20260209,SC2609,470.1,381.0,3154.0,-0.002552648372687205
20260209,SC2610,470.0,97.0,1395.0,0.030638297872340736
20260209,SC2611,471.2,167.0,1309.0,0.028013582342953924
20260209,SC2612,472.3,284.0,2451.0,0.0001427392130787329
20260209,SC2701,472.8,47.0,146.0,0.13959390862944066
20260209,SC2702,478.3,0.0,2.0,-0.0025088856366308754
20260209,SC2703,478.2,4.0,63.0,0.022584692597239275
20260209,SC2706,480.9,0.0,78.0,0.03493449781659397
20260209,SC2709,485.1,1.0,81.0,0.0568954854669137
20260209,SC2712,492.0,5.0,162.0,-0.0004020369874028414
20260209,SC2803,490.5,1.0,90.0,0.07910295616717633
20260209,SC2806,500.2,9.0,127.0,0.026389444222311376
20260209,SC2809,503.5,2.0,154.0,0.017477656405163522
20260209,SC2812,505.7,7.0,61.0,0.0
20260210,SC2603,470.3,3738.0,6132.0,0.1479906442696146
20260210,SC2604,476.1,109979.0,44264.0,0.04032766225582751
20260210,SC2605,477.7,19914.0,15962.0,0.030144442118483994
20260210,SC2606,478.9,5578.0,7497.0,-0.012528711630820144
20260210,SC2607,478.4,910.0,4192.0,0.022575250836120553
20260210,SC2608,479.3,135.0,2761.0,0.010014604631753521
20260210,SC2609,479.7,208.0,3215.0,0.025015634771731854
20260210,SC2610,480.7,26.0,1398.0,0.004992718951529973
20260210,SC2611,480.9,131.0,1352.0,0.04242046163443547
20260210,SC2612,482.6,238.0,2470.0,-0.00033526264568792665
20260210,SC2701,481.4,48.0,124.0,0.017449106771917577
20260210,SC2702,482.1,1.0,2.0,0.06720597386434246
20260210,SC2703,484.8,34.0,70.0,0.03465346534653424
20260210,SC2706,489.0,2.0,79.0,0.0024539877300613355
20260210,SC2709,489.3,0.0,81.0,0.03269977518904543
20260210,SC2712,493.3,10.0,162.0,0.0022722057994711475
20260210,SC2803,501.8,3.0,88.0,0.017536867277799573
20260210,SC2806,504.0,1.0,127.0,0.04047619047619033
20260210,SC2809,509.1,4.0,154.0,0.062070320172853855
20260210,SC2812,517.0,1.0,61.0,0.0
20260211,SC2603,470.6,2539.0,4243.0,0.1580960475988089
20260211,SC2604,476.8,82615.0,45913.0,0.04026845637583687
20260211,SC2605,478.4,14540.0,16528.0,0.022575250836120553
20260211,SC2606,479.3,4643.0,7737.0,0.0025036511579390464
20260211,SC2607,479.4,474.0,4268.0,0.015018773466834112
20260211,SC2608,480.0,100.0,2759.0,0.03249999999999975
20260211,SC2609,481.3,191.0,3256.0,0.024932474548099215
20260211,SC2610,482.3,43.0,1396.0,-0.009952311839105388
20260211,SC2611,481.9,62.0,1370.0,0.049802863664661245
20260211,SC2612,483.9,131.0,2493.0,5.572699345904413e-05
20260211,SC2701,484.1,11.0,126.0,0.07932245403842053
20260211,SC2702,487.3,1.0,2.0,-0.024625487379437594
20260211,SC2703,486.3,5.0,67.0,0.032901501130989
20260211,SC2706,490.3,2.0,78.0,-0.004079135223332475
20260211,SC2709,489.8,0.0,81.0,0.06614944875459372
20260211,SC2712,497.9,3.0,162.0,0.0012183036886792857
20260211,SC2803,502.5,1.0,88.0,0.011940298507462366
20260211,SC2806,504.0,1.0,126.0,0.025396825396825307
20260211,SC2809,507.2,0.0,154.0,0.06703470031545766
20260211,SC2812,515.7,1.0,62.0,0.0
20260212,SC2603,470.9,2652.0,2419.0,0.15035039286472784
20260212,SC2604,476.8,89585.0,43716.0,0.03271812080536929
20260212,SC2605,478.1,15934.0,16739.0,0.027609286760091223
20260212,SC2606,479.2,5048.0,7547.0,0.02003338898163598
20260212,SC2607,480.0,648.0,4269.0,0.01499999999999968
20260212,SC2608,480.6,154.0,2771.0,0.004993757802745691
20260212,SC2609,480.8,261.0,3298.0,0.03494176372712143
20260212,SC2610,482.2,75.0,1428.0,0.0074657818332637405
20260212,SC2611,482.5,65.0,1388.0,0.01492227979274574
20260212,SC2612,483.1,99.0,2487.0,0.00053028312001841
20260212,SC2701,485.0,12.0,123.0,0.05690721649484676
20260212,SC2702,487.3,0.0,2.0,0.007387646213830479
20260212,SC2703,487.6,6.0,64.0,0.023789991796554055
20260212,SC2706,490.5,5.0,78.0,0.03506625891947035
20260212,SC2709,494.8,3.0,80.0,0.0016168148746968924
20260212,SC2712,495.0,14.0,163.0,0.0019980019980019963
20260212,SC2803,502.5,0.0,88.0,0.011940298507462366
20260212,SC2806,504.0,0.0,126.0,-0.0031746031746031633
20260212,SC2809,503.6,2.0,154.0,0.0905480540111201
20260212,SC2812,515.0,5.0,66.0,0.0
20260213,SC2603,457.0,567.0,2138.0,0.0971553610503273
20260213,SC2604,460.7,105973.0,37537.0,0.05469937052311735
20260213,SC2605,462.8,21617.0,16434.0,0.03889369057908265
20260213,SC2606,464.3,6530.0,7289.0,0.023260822743916165
20260213,SC2607,465.2,1108.0,4068.0,0.01805674978503724
20260213,SC2608,465.9,96.0,2758.0,0.028332260141660903
20260213,SC2609,467.0,534.0,3301.0,0.04625267665952926
20260213,SC2610,468.8,41.0,1433.0,-0.028156996587031635
20260213,SC2611,467.7,60.0,1376.0,0.03592046183451014
20260213,SC2612,469.1,154.0,2517.0,-5.748516762916156e-05
20260213,SC2701,468.9,17.0,122.0,0.23288547664747306
20260213,SC2702,478.0,0.0,2.0,-0.03263598326359851
20260213,SC2703,476.7,4.0,67.0,0.0025173064820647184
20260213,SC2706,477.0,9.0,73.0,0.05031446540880502
20260213,SC2709,483.0,3.0,78.0,-0.008281573498964967
20260213,SC2712,482.0,4.0,163.0,0.0023254753545209894
20260213,SC2803,490.5,1.0,88.0,0.05056065239551444
20260213,SC2806,496.7,1.0,126.0,0.03462854841956897
20260213,SC2809,501.0,2.0,156.0,0.04950099800399155
20260213,SC2812,507.2,4.0,65.0,0.0
20260224,SC2603,494.8,785.0,1668.0,-0.03637833468067875
20260224,SC2604,493.3,57134.0,39126.0,0.009730387188322531
20260224,SC2605,493.7,16666.0,18162.0,-0.002430625886165494
20260224,SC2606,493.6,6493.0,7430.0,-0.019448946515397303
20260224,SC2607,492.8,1744.0,4726.0,-0.007305194805195203
20260224,SC2608,492.5,378.0,2755.0,0.007309644670051796
20260224,SC2609,492.8,470.0,3316.0,-0.007305194805195203
20260224,SC2610,492.5,274.0,1569.0,0.017055837563452414
20260224,SC2611,493.2,34.0,1379.0,0.01459854014598605
20260224,SC2612,493.8,263.0,2554.0,-0.00021843898043605564
20260224,SC2701,493.0,95.0,143.0,0.12170385395537409
20260224,SC2702,498.0,9.0,10.0,0.014457831325302983
20260224,SC2703,498.6,9.0,66.0,0.014440433212995707
20260224,SC2706,500.4,1.0,73.0,0.028776978417266008
20260224,SC2709,504.0,5.0,74.0,0.007936507936507908
20260224,SC2712,505.0,11.0,165.0,0.0013056250680013068
20260224,SC2803,510.0,2.0,88.0,0.040000000000000036
20260224,SC2806,515.1,7.0,125.0,0.0854203067365562
20260224,SC2809,526.1,1.0,156.0,-0.0038015586390418576
20260224,SC2812,525.6,3.0,67.0,0.0
20260225,SC2603,485.0,1683.0,78.0,0.08164948453608378
20260225,SC2604,488.3,101539.0,41464.0,0.012287528158918093
20260225,SC2605,488.8,37579.0,21638.0,-0.06137479541734825
20260225,SC2606,486.3,10519.0,7940.0,-0.07156076495990193
20260225,SC2607,483.4,2784.0,4791.0,-0.03475382705833674
20260225,SC2608,482.0,954.0,2770.0,-0.047302904564315185
20260225,SC2609,480.1,1306.0,3354.0,-0.054988544053323984
20260225,SC2610,477.9,1230.0,1319.0,-0.05273069679849263
20260225,SC2611,475.8,1196.0,1293.0,-0.002522068095839103
20260225,SC2612,475.7,1169.0,2524.0,2.8343800856449783e-05
20260225,SC2701,475.8,49.0,172.0,0.1765447667086999
20260225,SC2702,482.8,2.0,12.0,-0.12427506213753059
20260225,SC2703,477.8,9.0,74.0,0.03264964420259542
20260225,SC2706,481.7,38.0,79.0,0.09549512144488315
20260225,SC2709,493.2,3.0,75.0,-0.06569343065693412
20260225,SC2712,485.1,18.0,178.0,0.0046484128116780965
20260225,SC2803,502.2,5.0,91.0,-0.016726403823177804
20260225,SC2806,500.1,4.0,126.0,0.09198160367926445
20260225,SC2809,511.6,1.0,157.0,-0.05160281469898376
20260225,SC2812,505.0,26.0,77.0,0.0
20260226,SC2603,480.0,131.0,1.0,0.09000000000000075
20260226,SC2604,483.6,75182.0,40598.0,0.02977667493796421
20260226,SC2605,484.8,19352.0,22609.0,-0.02970297029702973
20260226,SC2606,483.6,7182.0,9032.0,-0.029776674937966874
20260226,SC2607,482.4,896.0,4695.0,-0.029850746268655914
20260226,SC2608,481.2,516.0,2747.0,-0.019950124688279836
20260226,SC2609,480.4,602.0,3391.0,-0.042464612822647574
20260226,SC2610,478.7,464.0,1448.0,-0.017547524545644233
20260226,SC2611,478.0,112.0,1294.0,-0.005020920502091464
20260226,SC2612,477.8,373.0,2522.0,-2.8219225758512127e-05
20260226,SC2701,477.7,61.0,203.0,0.07284906845300476
20260226,SC2702,480.6,3.0,13.0,-0.05493133583021326
20260226,SC2703,478.4,32.0,99.0,0.02759197324414764
20260226,SC2706,481.7,38.0,102.0,0.04151961801951387
20260226,SC2709,486.7,28.0,92.0,0.04273679884939341
20260226,SC2712,491.9,13.0,180.0,0.0002948870604898385
20260226,SC2803,493.0,4.0,89.0,0.032454361054766956
20260226,SC2806,497.0,4.0,125.0,0.032193158953722545
20260226,SC2809,501.0,2.0,159.0,0.045508982035928014
20260226,SC2812,506.7,1.0,76.0,0.0
20260227,SC2603,475.0,1.0,0.0,0.33852631578947356
20260227,SC2604,488.4,144312.0,38973.0,0.027027027027028083
20260227,SC2605,489.5,37125.0,23368.0,-0.019611848825332068
20260227,SC2606,488.7,10506.0,9039.0,-0.036832412523020164
20260227,SC2607,487.2,2891.0,4289.0,-0.04433497536945907
20260227,SC2608,485.4,699.0,2791.0,-0.012360939431396378
20260227,SC2609,484.9,950.0,3364.0,-0.03464631882862346
20260227,SC2610,483.5,361.0,1622.0,-0.007445708376421667
20260227,SC2611,483.2,135.0,1311.0,-0.007450331125827603
20260227,SC2612,482.9,383.0,2517.0,-2.7921197074772895e-05
20260227,SC2701,482.8,51.0,205.0,0.08699254349627061
20260227,SC2702,486.3,2.0,14.0,-0.10857495373226422
20260227,SC2703,481.9,13.0,101.0,0.002490143183233151
20260227,SC2706,482.2,19.0,93.0,0.07880547490667755
20260227,SC2709,491.7,13.0,93.0,-0.021964612568639463
20260227,SC2712,489.0,5.0,183.0,0.0008090069439762645
20260227,SC2803,492.0,2.0,89.0,0.06829268292682933
20260227,SC2806,500.4,3.0,124.0,0.03357314148681123
20260227,SC2809,504.6,7.0,158.0,0.0031708283789138036
20260227,SC2812,505.0,2.0,78.0,0.0
20260302,SC2604,527.8,190029.0,44601.0,0.009094353921942577
20260302,SC2605,528.2,74917.0,29706.0,0.002271866717151738
20260302,SC2606,528.3,28661.0,13056.0,-0.04088586030664265
20260302,SC2607,526.5,14660.0,7898.0,-0.022792022792023303
20260302,SC2608,525.5,2310.0,2795.0,0.011417697431019391
20260302,SC2609,526.0,3919.0,4113.0,-0.06387832699619667
20260302,SC2610,523.2,566.0,1676.0,-0.01605504587156048
20260302,SC2611,522.5,851.0,1322.0,-0.043636363636362585
20260302,SC2612,520.6,1752.0,2943.0,-7.769772993134463e-05
20260302,SC2701,520.3,322.0,294.0,0.02767634057274826
20260302,SC2702,521.5,84.0,61.0,-0.10354745925215747
20260302,SC2703,517.0,57.0,99.0,-0.004642166344294374
20260302,SC2706,516.4,44.0,104.0,0.07900852052672391
20260302,SC2709,526.6,47.0,86.0,-0.01974933535890644
20260302,SC2712,524.0,79.0,192.0,0.0012331180270111395
20260302,SC2803,528.9,9.0,87.0,-0.01512573265267525
20260302,SC2806,526.9,16.0,126.0,-0.03568039476181406
20260302,SC2809,522.2,4.0,158.0,0.03829950210647226
20260302,SC2812,527.2,24.0,89.0,0.003376744651403225
20260302,SC2903,540.7,56.0,45.0,0.0
20260303,SC2604,572.3,208805.0,43887.0,0.0880656998077951
20260303,SC2605,576.5,92921.0,31488.0,-0.016652211621854818
20260303,SC2606,575.7,45496.0,17260.0,-0.2918186555497648
20260303,SC2607,561.7,13481.0,8588.0,-0.34181947658892664
20260303,SC2608,545.7,6254.0,3493.0,-0.23529411764705932
20260303,SC2609,535.0,8420.0,4601.0,-0.17943925233644809
20260303,SC2610,527.0,1226.0,2132.0,-0.1070208728652764
20260303,SC2611,522.3,604.0,1346.0,-0.1010913268236644
20260303,SC2612,517.9,2012.0,3219.0,-0.0002603426543235337
20260303,SC2701,516.9,166.0,298.0,-0.13232733604178692
20260303,SC2702,511.2,67.0,79.0,0.27464788732394396
20260303,SC2703,522.9,15.0,103.0,-0.09868043602983345
20260303,SC2706,510.0,45.0,88.0,0.06666666666666643
20260303,SC2709,518.5,43.0,74.0,-0.016200578592092896
20260303,SC2712,516.4,84.0,212.0,-0.0002042883530102559
20260303,SC2803,515.6,10.0,89.0,0.024825446082234137
20260303,SC2806,518.8,17.0,125.0,0.02775636083269095
20260303,SC2809,522.4,32.0,140.0,-0.03981623277182189
20260303,SC2812,517.2,26.0,88.0,0.0026261441574666478
20260303,SC2903,527.5,36.0,53.0,0.0
20260304,SC2604,641.1,254949.0,40178.0,-0.2826392138511937
20260304,SC2605,626.0,128745.0,30582.0,-0.28178913738019196
20260304,SC2606,611.3,58736.0,17186.0,-0.4416816620317361
20260304,SC2607,588.8,13355.0,6492.0,-0.3586956521739113
20260304,SC2608,571.2,6370.0,2928.0,-0.06722689075630361
20260304,SC2609,568.0,8626.0,4307.0,-0.20915492957746418
20260304,SC2610,558.1,5754.0,2967.0,-0.14836050886937802
20260304,SC2611,551.2,945.0,1381.0,-0.15239477503628418
20260304,SC2612,544.2,2698.0,3004.0,-0.0009167151865019949
20260304,SC2701,540.5,236.0,294.0,-0.07326549491211765
20260304,SC2702,537.2,147.0,58.0,-0.11615785554728353
20260304,SC2703,532.0,12.0,98.0,0.031578947368421595
20260304,SC2706,536.2,27.0,85.0,0.015665796344646488
20260304,SC2709,538.3,14.0,74.0,0.0059446405350183085
20260304,SC2712,539.1,58.0,195.0,-0.0022259321090706773
20260304,SC2803,530.0,22.0,83.0,-0.024905660377358085
20260304,SC2806,526.7,36.0,107.0,0.00987279286121101
20260304,SC2809,528.0,29.0,131.0,0.09090909090909083
20260304,SC2812,540.0,4.0,85.0,-0.0032967032967032997
20260304,SC2903,526.5,10.0,54.0,0.0
20260305,SC2604,664.1,469446.0,35820.0,-0.634241831049541
20260305,SC2605,629.0,200826.0,27536.0,-0.5532591414944354
20260305,SC2606,600.0,77844.0,16695.0,-0.3199999999999994
20260305,SC2607,584.0,16802.0,7095.0,-0.4006849315068499
20260305,SC2608,564.5,4011.0,3102.0,-0.2487156775907895
20260305,SC2609,552.8,5499.0,4461.0,-0.23010130246020033
20260305,SC2610,542.2,2398.0,2608.0,-0.11066027296200653
20260305,SC2611,537.2,411.0,1399.0,-0.20327624720774384
20260305,SC2612,528.1,1863.0,3059.0,0.0003319085379216111
20260305,SC2701,529.4,215.0,315.0,-0.17453721193804173
20260305,SC2702,521.7,132.0,115.0,0.0759056929269688
20260305,SC2703,525.0,26.0,100.0,-0.09904761904761905
20260305,SC2706,512.0,26.0,86.0,0.08281250000000018
20260305,SC2709,522.6,47.0,75.0,0.10179869881362347
20260305,SC2712,535.9,41.0,179.0,0.0010088810238091871
20260305,SC2803,540.0,17.0,79.0,-0.2592592592592591
20260305,SC2806,505.0,8.0,106.0,-0.007920792079207928
20260305,SC2809,504.0,7.0,126.0,0.15634920634920668
20260305,SC2812,523.7,24.0,87.0,0.001838146577501144
20260305,SC2903,531.0,13.0,56.0,0.0
20260306,SC2604,664.8,404196.0,34310.0,-0.4115523465703963
20260306,SC2605,642.0,141886.0,25136.0,-0.3999999999999999
20260306,SC2606,620.6,63029.0,18428.0,-0.4543989687399286
20260306,SC2607,597.1,12412.0,8025.0,-0.39390386869871064
20260306,SC2608,577.5,3445.0,3454.0,-0.33246753246753213
20260306,SC2609,561.5,5462.0,4754.0,-0.260730186999111
20260306,SC2610,549.3,2334.0,2295.0,-0.2228290551611125
20260306,SC2611,539.1,904.0,1370.0,-0.09126321647189783
20260306,SC2612,535.0,2670.0,2917.0,-0.0012349049669221881
20260306,SC2701,530.1,229.0,398.0,-0.03621958121109259
20260306,SC2702,528.5,214.0,218.0,-0.07492904446546778
20260306,SC2703,525.2,63.0,111.0,-0.030464584920030457
20260306,SC2706,521.2,12.0,86.0,-0.016884113584036964
20260306,SC2709,519.0,16.0,75.0,0.07321772639691737
20260306,SC2712,528.5,12.0,180.0,0.0003992223481343578
20260306,SC2803,530.1,4.0,78.0,-0.03395585738539886
20260306,SC2806,525.6,14.0,102.0,0.05631659056316529
20260306,SC2809,533.0,9.0,124.0,-0.08930581613508437
20260306,SC2812,521.1,35.0,70.0,0.005263590755818715
20260306,SC2903,541.9,4.0,55.0,0.0
20260309,SC2604,771.8,261752.0,36101.0,-0.49287380150297855
20260309,SC2605,740.1,97704.0,25439.0,-0.4021078232671278
20260309,SC2606,715.3,43909.0,20467.0,-0.3875297078149007
20260309,SC2607,692.2,11224.0,9149.0,-0.3293845709332568
20260309,SC2608,673.2,3174.0,3654.0,-0.4438502673796805
20260309,SC2609,648.3,4283.0,4891.0,-0.32577510411846244
20260309,SC2610,630.7,974.0,2334.0,-0.2853971777390196
20260309,SC2611,615.7,469.0,1389.0,-0.0038980022738357434
20260309,SC2612,615.5,2398.0,3106.0,-0.00017524803986891516
20260309,SC2701,614.7,495.0,454.0,-0.039043435822351924
20260309,SC2702,612.7,249.0,268.0,-0.11555410478211314
20260309,SC2703,606.8,87.0,123.0,0.007910349373764447
20260309,SC2706,608.0,107.0,87.0,-0.04342105263157903
20260309,SC2709,601.4,62.0,68.0,0.038576654472897154
20260309,SC2712,607.2,183.0,176.0,-0.0002606089562611433
20260309,SC2803,606.0,72.0,75.0,-0.026402640264026278
20260309,SC2806,602.0,160.0,68.0,0.019269102990032927
20260309,SC2809,604.9,118.0,97.0,-0.013225326500247991
20260309,SC2812,602.9,104.0,56.0,0.0007217860924943615
20260309,SC2903,606.2,420.0,114.0,0.0
20260310,SC2604,666.3,319095.0,31422.0,-0.03962179198559035
20260310,SC2605,664.1,149716.0,27183.0,-0.2782713446770062
20260310,SC2606,648.7,60101.0,20358.0,-0.37552027131185506
20260310,SC2607,628.4,18711.0,9530.0,-0.24824952259707178
20260310,SC2608,615.4,4513.0,3533.0,-0.2203444913877144
20260310,SC2609,604.1,6498.0,4536.0,-0.2006290349279931
20260310,SC2610,594.0,2222.0,2055.0,-0.19393939393939386
20260310,SC2611,584.4,1157.0,1235.0,-0.08213552361396337
20260310,SC2612,580.4,3966.0,3132.0,-0.0009060005110772016
20260310,SC2701,576.5,453.0,340.0,-0.14154379878577528
20260310,SC2702,569.7,160.0,226.0,-0.01474460242232789
20260310,SC2703,569.0,95.0,105.0,-0.03514938488576469
20260310,SC2706,564.0,85.0,77.0,-0.04893617021276597
20260310,SC2709,557.1,27.0,62.0,0.035182193502063974
20260310,SC2712,562.0,56.0,153.0,-0.0022290876383403114
20260310,SC2803,552.5,15.0,67.0,0.04126696832579224
20260310,SC2806,558.2,43.0,60.0,0.01289860265137932
20260310,SC2809,560.0,31.0,91.0,0.0
20260310,SC2812,560.0,30.0,52.0,-0.0006357927786499309
20260310,SC2903,557.3,130.0,64.0,0.0
20260311,SC2604,662.0,159647.0,34615.0,-0.05981873111782354
20260311,SC2605,658.7,92024.0,31604.0,-0.27873083345984595
20260311,SC2606,643.4,29731.0,21849.0,-0.3152004973577869
20260311,SC2607,626.5,7837.0,9146.0,-0.24325618515562786
20260311,SC2608,613.8,2972.0,4365.0,-0.18572825024437867
20260311,SC2609,604.3,1901.0,4472.0,-0.18467648518947488
20260311,SC2610,595.0,504.0,2087.0,-0.07260504201680673
20260311,SC2611,591.4,813.0,1326.0,-0.13189042948934748
20260311,SC2612,584.9,1941.0,3085.0,-0.00027662464149252577
20260311,SC2701,583.7,246.0,267.0,-0.12746273770772687
20260311,SC2702,577.5,26.0,223.0,-0.11220779220779198
20260311,SC2703,572.1,16.0,107.0,0.009788498514245347
20260311,SC2706,573.5,11.0,73.0,-0.046730601569311414
20260311,SC2709,566.8,4.0,62.0,0.06280875088214621
20260311,SC2712,575.7,9.0,149.0,-0.0035961953627404427
20260311,SC2803,560.0,1.0,66.0,0.03928571428571459
20260311,SC2806,565.5,11.0,60.0,-0.0035366931918656697
20260311,SC2809,565.0,7.0,90.0,-0.031150442477875906
20260311,SC2812,560.6,6.0,51.0,-0.0021876090374128294
20260311,SC2903,551.3,11.0,61.0,0.0
20260312,SC2604,722.3,165749.0,32742.0,0.0016613595458947472
20260312,SC2605,722.4,111177.0,34391.0,-0.2990033222591362
20260312,SC2606,704.4,39096.0,22023.0,-0.34752981260647386
20260312,SC2607,684.0,11263.0,10473.0,-0.3333333333333335
20260312,SC2608,665.0,4913.0,3876.0,-0.11368421052631561
20260312,SC2609,658.7,2571.0,4435.0,-0.23136480947320592
20260312,SC2610,646.0,807.0,2164.0,-0.04643962848297267
20260312,SC2611,643.5,1151.0,1031.0,-0.12121212121212066
20260312,SC2612,637.0,2588.0,3249.0,0.0
20260312,SC2701,637.0,181.0,236.0,-0.12998430141287276
20260312,SC2702,630.1,64.0,218.0,-0.17330582447230602
20260312,SC2703,621.0,36.0,103.0,-0.005152979066022301
20260312,SC2706,620.2,23.0,66.0,-0.07739438890680406
20260312,SC2709,608.2,6.0,62.0,-0.020388030253206235
20260312,SC2712,605.1,33.0,153.0,-0.0002179278331980349
20260312,SC2803,604.1,14.0,61.0,-0.00529713623572281
20260312,SC2806,603.3,24.0,51.0,-0.007956240676279869
20260312,SC2809,602.1,35.0,73.0,-0.023251951503072465
20260312,SC2812,598.6,18.0,49.0,-0.0007930592628220513
20260312,SC2903,595.0,34.0,47.0,0.0
20260313,SC2604,750.8,142180.0,29825.0,0.04475226425146506
20260313,SC2605,753.6,116017.0,39809.0,-0.34235668789808926
20260313,SC2606,732.1,30830.0,21643.0,-0.33929791012156896
20260313,SC2607,711.4,8917.0,10999.0,-0.28675850435760486
20260313,SC2608,694.4,1806.0,3643.0,-0.2747695852534564
20260313,SC2609,678.5,1229.0,4454.0,-0.274134119380987
20260313,SC2610,663.0,603.0,2251.0,-0.15746606334841706
20260313,SC2611,654.3,410.0,1104.0,-0.1375515818431916
20260313,SC2612,646.8,1712.0,3343.0,-0.0005419941214483621
20260313,SC2701,644.2,64.0,234.0,-0.08009934802856433
20260313,SC2702,639.9,15.0,212.0,0.009376465072667983
20260313,SC2703,640.4,34.0,101.0,-0.07745159275452806
20260313,SC2706,628.0,9.0,65.0,-0.027388535031847017
20260313,SC2709,623.7,8.0,61.0,-0.11544011544011523
20260313,SC2712,605.7,8.0,153.0,-0.0012409581503192305
20260313,SC2803,600.0,17.0,66.0,0.004000000000000448
20260313,SC2806,600.6,2.0,51.0,0.032634032634032195
20260313,SC2809,605.5,7.0,70.0,0.023121387283237205
20260313,SC2812,609.0,2.0,48.0,-0.0019271369025063568
20260313,SC2903,600.1,1.0,46.0,0.0
20260316,SC2604,765.5,100580.0,20840.0,0.07838014369693092
20260316,SC2605,770.5,136525.0,47738.0,-0.31927319922128516
20260316,SC2606,750.0,26826.0,22702.0,-0.3712000000000004
20260316,SC2607,726.8,5617.0,10987.0,-0.31865712713263594
20260316,SC2608,707.5,1542.0,3908.0,-0.30360424028268485
20260316,SC2609,689.6,1104.0,4530.0,-0.22447795823665873
20260316,SC2610,676.7,327.0,2245.0,-0.31210285207625343
20260316,SC2611,659.1,138.0,1084.0,-0.15293582157487418
20260316,SC2612,650.7,652.0,3397.0,-0.0010567703234028118
20260316,SC2701,645.6,69.0,223.0,-0.11524163568773282
20260316,SC2702,639.4,38.0,197.0,0.04691898654989046
20260316,SC2703,641.9,9.0,97.0,-0.011839850443994049
20260316,SC2706,640.0,11.0,66.0,-0.0625
20260316,SC2709,630.0,2.0,62.0,-0.107936507936508
20260316,SC2712,613.0,9.0,154.0,0.001333739669791889
20260316,SC2803,619.2,2.0,66.0,-0.08139534883720945
20260316,SC2806,606.6,3.0,49.0,-0.017144741180349587
20260316,SC2809,604.0,5.0,68.0,-0.013907284768212236
20260316,SC2812,601.9,1.0,47.0,-0.0001971778014309974
20260316,SC2903,601.0,11.0,41.0,0.0
20260317,SC2604,751.5,48562.0,12321.0,0.15489021956087967
20260317,SC2605,761.2,172491.0,56587.0,-0.3184445612191289
20260317,SC2606,741.0,27317.0,23460.0,-0.3514170040485838
20260317,SC2607,719.3,7720.0,11654.0,-0.3086333935770895
20260317,SC2608,700.8,1399.0,4054.0,-0.29965753424657526
20260317,SC2609,683.3,859.0,4598.0,-0.22830381969852231
20260317,SC2610,670.3,176.0,2242.0,-0.20766820826495458
20260317,SC2611,658.7,88.0,1082.0,-0.09837558827994641
20260317,SC2612,653.3,587.0,3431.0,-0.0004746859934954173
20260317,SC2701,651.0,38.0,218.0,-0.12718894009216575
20260317,SC2702,644.1,18.0,190.0,0.03539823008849474
20260317,SC2703,646.0,14.0,96.0,-0.11640866873064981
20260317,SC2706,627.2,24.0,61.0,-0.05229591836734704
20260317,SC2709,619.0,6.0,64.0,-0.02972536348949939
20260317,SC2712,614.4,10.0,153.0,-0.0012233859890109745
20260317,SC2803,608.7,0.0,66.0,-0.0282569410218505
20260317,SC2806,604.4,2.0,50.0,-0.006618133686300265
20260317,SC2809,603.4,0.0,68.0,-0.0444149817699695
20260317,SC2812,596.7,3.0,45.0,0.0009502814932679053
20260317,SC2903,601.0,0.0,41.0,0.0
20260318,SC2604,727.0,18156.0,8648.0,0.13865199449793586
20260318,SC2605,735.4,153715.0,56313.0,-0.28719064454718524
20260318,SC2606,717.8,21994.0,23778.0,-0.3193089997213696
20260318,SC2607,698.7,5794.0,11558.0,-0.3194504079003866
20260318,SC2608,680.1,1782.0,3737.0,-0.24878694309660343
20260318,SC2609,666.0,1084.0,4721.0,-0.2666666666666657
20260318,SC2610,651.2,321.0,2262.0,-0.1732186732186749
20260318,SC2611,641.8,117.0,1071.0,-0.06357120598317145
20260318,SC2612,638.4,574.0,3451.0,-0.0013516938413449353
20260318,SC2701,632.0,33.0,217.0,-0.15189873417721467
20260318,SC2702,624.0,31.0,174.0,-0.06153846153846265
20260318,SC2703,620.8,18.0,92.0,-0.06958762886597913
20260318,SC2706,610.0,4.0,62.0,0.05114754098360663
20260318,SC2709,617.8,3.0,64.0,-0.0640984137261249
20260318,SC2712,607.9,8.0,155.0,-0.003622631686457954
20260318,SC2803,591.2,1.0,66.0,0.01217861975642709
20260318,SC2806,593.0,1.0,50.0,0.06475548060708292
20260318,SC2809,602.6,1.0,68.0,-0.047792897444407956
20260318,SC2812,595.4,0.0,45.0,0.0009745041656361732
20260318,SC2903,599.8,0.0,41.0,0.0
20260319,SC2604,809.0,15676.0,4720.0,0.08751545117428972
20260319,SC2605,814.9,197074.0,61651.0,-0.20763283838507762
20260319,SC2606,800.8,35970.0,25760.0,-0.30869130869130723
20260319,SC2607,780.2,9559.0,12269.0,-0.42450653678544015
20260319,SC2608,752.6,3240.0,4144.0,-0.35078394897688003
20260319,SC2609,730.6,2271.0,4719.0,-0.3613468382151659
20260319,SC2610,708.6,471.0,2226.0,-0.2269263336155798
20260319,SC2611,695.2,256.0,1042.0,-0.14499424626007018
20260319,SC2612,686.8,1025.0,3594.0,-0.0013545967947753087
20260319,SC2701,679.9,134.0,244.0,-0.41123694660979426
20260319,SC2702,656.6,22.0,176.0,0.0621382881510808
20260319,SC2703,660.0,15.0,92.0,0.012121212121211755
20260319,SC2706,662.0,11.0,66.0,-0.19214501510573978
20260319,SC2709,630.2,0.0,64.0,0.06156775626785116
20260319,SC2712,639.9,23.0,158.0,-0.0027202052518508144
20260319,SC2803,626.7,2.0,65.0,-0.07467687888942098
20260319,SC2806,615.0,5.0,47.0,-0.08065040650406496
20260319,SC2809,602.6,0.0,68.0,-0.047792897444407956
20260319,SC2812,595.4,0.0,45.0,0.0014617562484542598
20260319,SC2903,602.0,7.0,39.0,0.0
20260320,SC2604,767.1,1928.0,3923.0,0.10168165819319608
20260320,SC2605,773.6,178214.0,58100.0,-0.2094105480868662
20260320,SC2606,760.1,39390.0,25873.0,-0.3031180107880549
20260320,SC2607,740.9,11132.0,11572.0,-0.3255500067485495
20260320,SC2608,720.8,3513.0,3730.0,-0.22142064372918968
20260320,SC2609,707.5,2900.0,4512.0,-0.27985865724381664
20260320,SC2610,691.0,328.0,2223.0,-0.1945007235890026
20260320,SC2611,679.8,142.0,1032.0,-0.15357458075904562
20260320,SC2612,671.1,768.0,3483.0,-0.001446560150281533
20260320,SC2701,663.9,45.0,238.0,-0.1680976050610017
20260320,SC2702,654.6,18.0,177.0,-0.0458295142071492
20260320,SC2703,652.1,22.0,97.0,-0.07422174513111512
20260320,SC2706,640.0,9.0,64.0,-0.08250000000000046
20260320,SC2709,626.8,13.0,73.0,-0.0472239948947033
20260320,SC2712,619.4,8.0,157.0,-0.00029805518988598213
20260320,SC2803,618.0,0.0,65.0,-0.09838187702265389
20260320,SC2806,602.8,3.0,46.0,-0.018579960185799216
20260320,SC2809,600.0,1.0,69.0,-0.058000000000000274
20260320,SC2812,591.3,5.0,43.0,0.002185536432111789
20260320,SC2903,601.1,0.0,39.0,0.0
20260323,SC2604,824.7,556.0,3796.0,0.1440523826846114
20260323,SC2605,834.6,140734.0,56999.0,-0.18547807332854038
20260323,SC2606,821.7,34888.0,27200.0,-0.2979189485213598
20260323,SC2607,801.3,9342.0,11971.0,-0.3384500187195796
20260323,SC2608,778.7,2013.0,4064.0,-0.2604340567612704
20260323,SC2609,761.8,1775.0,4354.0,-0.33237070097138277
20260323,SC2610,740.7,307.0,2231.0,-0.28675577156743737
20260323,SC2611,723.0,109.0,1011.0,-0.14273858921161908
20260323,SC2612,714.4,754.0,3615.0,-0.0015664909344841776
20260323,SC2701,706.1,53.0,238.0,-0.2753151111740557
20260323,SC2702,689.9,27.0,172.0,-0.0904478909986941
20260323,SC2703,684.7,16.0,97.0,-0.2663940411859209
20260323,SC2706,639.1,0.0,64.0,0.1276795493662961
20260323,SC2709,659.5,1.0,73.0,-0.09583017437452579
20260323,SC2712,643.7,18.0,150.0,-0.00223296976442854
20260323,SC2803,632.8,18.0,59.0,-0.07585335018963324
20260323,SC2806,620.8,1.0,46.0,-0.05025773195876271
20260323,SC2809,613.0,3.0,67.0,-0.0672104404567695
20260323,SC2812,602.7,0.0,43.0,0.002034799446447028
20260323,SC2903,612.0,14.0,38.0,0.0
20260324,SC2604,732.2,759.0,3427.0,0.11308385686970635
20260324,SC2605,739.1,208071.0,55694.0,-0.13475849005547413
20260324,SC2606,730.8,50344.0,27306.0,-0.25779967159277417
20260324,SC2607,715.1,14744.0,11676.0,-0.29198713466647996
20260324,SC2608,697.7,3983.0,4410.0,-0.25283072953991814
20260324,SC2609,683.0,2344.0,4591.0,-0.2617862371888724
20260324,SC2610,668.1,350.0,2217.0,-0.14548720251459457
20260324,SC2611,660.0,142.0,999.0,-0.21818181818181825
20260324,SC2612,648.0,1092.0,3494.0,-0.0005201831044527622
20260324,SC2701,645.5,82.0,230.0,-0.20449264136328482
20260324,SC2702,634.5,21.0,168.0,-0.16832151300236298
20260324,SC2703,625.6,14.0,91.0,0.08631713554987197
20260324,SC2706,639.1,0.0,64.0,-0.07635737756219729
20260324,SC2709,626.9,0.0,73.0,-0.1397352049768701
20260324,SC2712,605.0,26.0,150.0,-0.002811733720824624
20260324,SC2803,592.1,7.0,55.0,0.16078365141023454
20260324,SC2806,615.9,0.0,46.0,-0.21821724305893841
20260324,SC2809,582.3,1.0,66.0,0.18959299330242185
20260324,SC2812,609.9,5.0,40.0,-0.006702594011988991
20260324,SC2903,578.9,9.0,42.0,0.0
20260325,SC2604,715.0,772.0,3127.0,0.14937062937062962
20260325,SC2605,723.9,143986.0,54405.0,-0.21549937836717836
20260325,SC2606,710.9,37436.0,27334.0,-0.2464481642987768
20260325,SC2607,696.3,9433.0,10982.0,-0.3015941404567002
20260325,SC2608,678.8,2130.0,4337.0,-0.18208603417796043
20260325,SC2609,668.5,1723.0,4580.0,-0.25489902767389694
20260325,SC2610,654.3,345.0,2130.0,-0.20174232003668013
20260325,SC2611,643.3,114.0,1019.0,-0.10073060780351328
20260325,SC2612,637.9,710.0,3530.0,-0.0018811725975858282
20260325,SC2701,629.0,86.0,219.0,-0.16597774244833197
20260325,SC2702,620.3,86.0,134.0,-0.09672738997259334
20260325,SC2703,615.3,40.0,76.0,-0.04095563139931713
20260325,SC2706,609.0,7.0,62.0,-0.059113300492610765
20260325,SC2709,600.0,7.0,70.0,-0.033333333333333215
20260325,SC2712,595.0,42.0,141.0,-0.000709206759626931
20260325,SC2803,591.8,1.0,54.0,-0.025684352821898848
20260325,SC2806,588.0,4.0,45.0,0.00952380952380949
20260325,SC2809,589.4,2.0,68.0,0.01832371903630836
20260325,SC2812,592.1,0.0,40.0,-0.0015812594768852173
20260325,SC2903,585.0,5.0,44.0,0.0
20260326,SC2604,725.2,1004.0,2654.0,0.13072255929398846
20260326,SC2605,733.1,96646.0,53038.0,-0.18333105988269027
20260326,SC2606,721.9,19861.0,26386.0,-0.24601745394098806
20260326,SC2607,707.1,4563.0,11123.0,-0.24098430207891441
20260326,SC2608,692.9,1024.0,4354.0,-0.16625775725212932
20260326,SC2609,683.3,915.0,4680.0,-0.21601053709937057
20260326,SC2610,671.0,139.0,2095.0,-0.191356184798809
20260326,SC2611,660.3,40.0,1002.0,-0.05088596092685105
20260326,SC2612,657.5,368.0,3572.0,-0.0011893877899773501
20260326,SC2701,651.7,55.0,215.0,-0.19886450820930035
20260326,SC2702,640.9,41.0,122.0,0.07302231237322498
20260326,SC2703,644.8,34.0,72.0,-0.24627791563275414
20260326,SC2706,605.1,21.0,58.0,-0.13485374318294463
20260326,SC2709,584.7,15.0,67.0,0.10466906105695184
20260326,SC2712,600.0,21.0,131.0,-0.0013186813186813198
20260326,SC2803,594.0,1.0,53.0,-0.06734006734006748
20260326,SC2806,584.0,1.0,46.0,-0.0869863013698633
20260326,SC2809,571.3,1.0,68.0,0.14563276737265962
20260326,SC2812,592.1,0.0,40.0,-0.0024943811466358414
20260326,SC2903,580.9,4.0,45.0,0.0
20260327,SC2604,730.6,234.0,2429.0,0.16753353408157512
20260327,SC2605,740.8,95496.0,52438.0,-0.208963282937364
20260327,SC2606,727.9,19296.0,27523.0,-0.2340980903970311
20260327,SC2607,713.7,4783.0,11072.0,-0.21857923497267695
20260327,SC2608,700.7,1045.0,4319.0,-0.1849578992436145
20260327,SC2609,689.9,881.0,4743.0,-0.24525293520800195
20260327,SC2610,675.8,220.0,2035.0,-0.21485646641017864
20260327,SC2611,663.7,45.0,981.0,-0.17357239716739592
20260327,SC2612,654.1,591.0,3525.0,-0.0017109021917069505
20260327,SC2701,645.8,36.0,208.0,-0.20068132548776596
20260327,SC2702,635.0,11.0,120.0,0.20598425196850378
20260327,SC2703,645.9,4.0,70.0,-0.22170614646230025
20260327,SC2706,610.1,0.0,58.0,-0.08457629896738217
20260327,SC2709,597.2,0.0,67.0,-0.07099799062290701
20260327,SC2712,586.6,0.0,131.0,0.0016635257003480655
20260327,SC2803,594.0,0.0,53.0,-0.06734006734006748
20260327,SC2806,584.0,0.0,46.0,-0.037671232876712146
20260327,SC2809,578.5,0.0,68.0,0.09403630077787373
20260327,SC2812,592.1,0.0,40.0,-0.0035634016380511934
20260327,SC2903,576.1,0.0,45.0,0.0
20260330,SC2604,754.0,668.0,2266.0,0.15119363395225438
20260330,SC2605,763.5,102605.0,53411.0,-0.1713163064833001
20260330,SC2606,752.6,25783.0,29279.0,-0.2630879617326607
20260330,SC2607,736.1,7302.0,11383.0,-0.30321967124032057
20260330,SC2608,717.5,1639.0,4554.0,-0.23916376306620135
20260330,SC2609,703.2,1581.0,4779.0,-0.293515358361776
20260330,SC2610,686.0,511.0,2086.0,-0.26938775510204005
20260330,SC2611,670.6,200.0,969.0,-0.18431255592007334
20260330,SC2612,660.3,1186.0,3414.0,-0.002205330569863535
20260330,SC2701,649.5,86.0,261.0,-0.09053117782909847
20260330,SC2702,644.6,7.0,119.0,-0.1265901334160735
20260330,SC2703,637.8,7.0,73.0,-0.15553465036061453
20260330,SC2706,613.0,7.0,61.0,-0.028711256117455175
20260330,SC2709,608.6,1.0,67.0,-0.040092014459415015
20260330,SC2712,602.5,16.0,130.0,-0.0016415120149559925
20260330,SC2803,595.0,12.0,52.0,0.03361344537815114
20260330,SC2806,600.0,1.0,46.0,-0.06666666666666687
20260330,SC2809,590.0,1.0,67.0,0.014237288135593218
20260330,SC2812,592.1,0.0,40.0,-2.2271260237818312e-05
20260330,SC2903,592.0,2.0,47.0,0.0
20260331,SC2604,737.9,114.0,2222.0,0.04390838867055269
20260331,SC2605,740.6,91655.0,49215.0,-0.14096678368890148
20260331,SC2606,731.9,25869.0,27665.0,-0.2852848749829211
20260331,SC2607,714.5,5672.0,11098.0,-0.16459062281315484
20260331,SC2608,704.7,1632.0,4454.0,-0.32354193273733545
20260331,SC2609,685.7,1332.0,4835.0,-0.18200379174566272
20260331,SC2610,675.3,244.0,2092.0,-0.37139049311417116
20260331,SC2611,654.4,49.0,953.0,-0.05134474327628302
20260331,SC2612,651.6,489.0,3368.0,-0.002938316055207249
20260331,SC2701,637.4,57.0,263.0,-0.17696893630373323
20260331,SC2702,628.0,8.0,119.0,-0.1146496815286624
20260331,SC2703,622.0,3.0,70.0,-0.016077170418006492
20260331,SC2706,619.5,21.0,56.0,-0.09426957223567412
20260331,SC2709,604.9,26.0,49.0,-0.12233427012729381
20260331,SC2712,586.4,4.0,131.0,0.0032157474176573936
20260331,SC2803,600.7,0.0,52.0,-0.04195105710005054
20260331,SC2806,594.4,0.0,46.0,-0.029609690444145187
20260331,SC2809,590.0,0.0,67.0,-0.06847457627118647
20260331,SC2812,579.9,5.0,38.0,-0.001796444631416173
20260331,SC2903,572.0,11.0,43.0,0.0
20260401,SC2605,653.8,150389.0,50690.0,-0.24227592535943554
20260401,SC2606,640.6,48261.0,28595.0,-0.16859194505151454
20260401,SC2607,631.6,13192.0,11813.0,-0.11209626345788459
20260401,SC2608,625.7,3665.0,4671.0,-0.1419210484257647
20260401,SC2609,618.3,2617.0,5339.0,-0.29888403687530296
20260401,SC2610,602.9,725.0,2084.0,-0.08558633272516136
20260401,SC2611,598.6,166.0,965.0,-0.17240227196792546
20260401,SC2612,590.0,1040.0,3481.0,-4.57055798895591e-05
20260401,SC2701,589.8,57.0,269.0,-0.19532044760935685
20260401,SC2702,580.2,20.0,116.0,-0.006204756980352943
20260401,SC2703,579.9,13.0,70.0,0.020693222969476288
20260401,SC2704,580.9,0.0,0.0,-0.21483904286452038
20260401,SC2706,560.1,7.0,55.0,0.07070166041778236
20260401,SC2709,570.0,5.0,47.0,-0.09052631578947334
20260401,SC2712,557.1,17.0,138.0,0.003739932657541702
20260401,SC2803,572.9,0.0,52.0,-0.11380694711118844
20260401,SC2806,556.6,4.0,47.0,-0.009342436219907047
20260401,SC2809,555.3,1.0,66.0,-0.03817756167837194
20260401,SC2812,550.0,8.0,44.0,0.0004795204795204826
20260401,SC2903,552.0,13.0,51.0,0.0
20260402,SC2605,721.3,131450.0,48365.0,-0.33772355469291426
20260402,SC2606,701.0,43479.0,28470.0,-0.2790299572039934
20260402,SC2607,684.7,9464.0,12270.0,-0.29093033445304606
20260402,SC2608,668.1,2983.0,4600.0,-0.163448585541087
20260402,SC2609,659.0,2492.0,5415.0,-0.24400606980273087
20260402,SC2610,645.6,351.0,2069.0,-0.2100371747211902
20260402,SC2611,634.3,203.0,1007.0,-0.13432129906983903
20260402,SC2612,627.2,1193.0,3653.0,-0.0024292020178858223
20260402,SC2701,615.9,98.0,252.0,-0.20457866536775393
20260402,SC2702,605.4,18.0,113.0,-0.18434093161546006
20260402,SC2703,596.1,6.0,72.0,-0.36436839456467096
20260402,SC2704,578.0,2.0,1.0,0.19204152249134943
20260402,SC2706,596.5,3.0,57.0,-0.12472757753562469
20260402,SC2709,577.9,0.0,47.0,-0.025609967122338873
20260402,SC2712,574.2,5.0,137.0,-0.0002985520226899642
20260402,SC2803,572.9,0.0,52.0,-0.046779542677604535
20260402,SC2806,566.2,0.0,47.0,-0.07205934298834382
20260402,SC2809,556.0,0.0,66.0,0.08920863309352534
20260402,SC2812,568.4,0.0,44.0,-0.0008119958858875141
20260402,SC2903,564.9,0.0,51.0,0.0
20260403,SC2605,722.0,146924.0,48232.0,-0.18781163434903014
20260403,SC2606,710.7,42698.0,28924.0,-0.21950189953566923
20260403,SC2607,697.7,11443.0,13175.0,-0.24423104486168912
20260403,SC2608,683.5,2931.0,4280.0,-0.20190197512801822
20260403,SC2609,672.0,2219.0,5418.0,-0.2892857142857146
20260403,SC2610,655.8,305.0,2113.0,-0.237877401646843
20260403,SC2611,642.8,131.0,1008.0,-0.19975108898568594
20260403,SC2612,632.1,1072.0,3811.0,-0.0013864965897516562
20260403,SC2701,625.6,105.0,279.0,-0.5217391304347836
20260403,SC2702,598.4,5.0,113.0,0.23262032085561657
20260403,SC2703,610.0,5.0,70.0,-0.45442622950819667
20260403,SC2704,586.9,0.0,1.0,-0.019424092690407235
20260403,SC2706,585.0,1.0,57.0,-0.019145299145298722
20260403,SC2709,582.2,1.0,46.0,0.06458261765716244
20260403,SC2712,591.6,1.0,137.0,-0.0028085504758932835
20260403,SC2803,579.0,1.0,52.0,-0.08842832469775441
20260403,SC2806,566.2,0.0,47.0,-0.07205934298834382
20260403,SC2809,556.0,0.0,66.0,0.18561151079136629
20260403,SC2812,581.8,1.0,44.0,-0.00403446673642616
20260403,SC2903,564.0,1.0,51.0,0.0
20260407,SC2605,710.0,40502.0,44391.0,-0.15718309859154855
20260407,SC2606,700.7,17722.0,28695.0,-0.27058655630084294
20260407,SC2607,684.9,5904.0,13339.0,-0.24003504161191236
20260407,SC2608,671.2,1650.0,4538.0,-0.21275327771156238
20260407,SC2609,659.3,933.0,5415.0,-0.3239799787653568
20260407,SC2610,641.5,213.0,2230.0,-0.19828526890101417
20260407,SC2611,630.9,154.0,1110.0,-0.19591060389919113
20260407,SC2612,620.6,473.0,3790.0,-0.0018032567250975066
20260407,SC2701,612.3,99.0,292.0,-0.04507594316511421
20260407,SC2702,610.0,34.0,90.0,-0.13573770491803216
20260407,SC2703,603.1,5.0,70.0,-0.32233460454319474
20260407,SC2704,586.9,0.0,1.0,-0.014312489350825963
20260407,SC2706,585.5,1.0,56.0,-0.02254483347566172
20260407,SC2709,582.2,0.0,46.0,-0.08381999312950894
20260407,SC2712,570.0,2.0,137.0,0.0011567379988432656
20260407,SC2803,575.0,0.0,52.0,-0.06121739130434767
20260407,SC2806,566.2,0.0,47.0,-0.07205934298834382
20260407,SC2809,556.0,0.0,66.0,0.18561151079136629
20260407,SC2812,581.8,0.0,44.0,-0.00403446673642616
20260407,SC2903,564.0,0.0,51.0,0.0
20260408,SC2605,621.0,99641.0,43122.0,-0.12367149758454055
20260408,SC2606,614.6,44564.0,27295.0,-0.13276928083306316
20260408,SC2607,607.8,11259.0,13856.0,-0.12438302073050256
20260408,SC2608,601.5,3165.0,4899.0,-0.09177057356608564
20260408,SC2609,596.9,3196.0,5821.0,-0.21511140894622072
20260408,SC2610,586.2,1023.0,2134.0,-0.1494370522006152
20260408,SC2611,578.9,289.0,1110.0,-0.10157194679564663
20260408,SC2612,574.0,2536.0,3873.0,-0.001268449281603563
20260408,SC2701,568.6,196.0,231.0,-0.06331340133661678
20260408,SC2702,565.6,29.0,96.0,0.09335219236209191
20260408,SC2703,570.0,16.0,68.0,-0.2526315789473679
20260408,SC2704,558.0,2.0,2.0,-0.19354838709677402
20260408,SC2706,540.0,1.0,57.0,0.2014814814814816
20260408,SC2709,567.2,2.0,46.0,-0.08603667136812465
20260408,SC2712,555.0,4.0,136.0,0.001520641520641505
20260408,SC2803,561.4,0.0,52.0,-0.017100106875667986
20260408,SC2806,559.0,0.0,47.0,0.08515205724508057
20260408,SC2809,570.9,1.0,67.0,-0.25013137151865417
20260408,SC2812,535.2,3.0,46.0,-0.00046814172374712944
20260408,SC2903,533.3,2.0,52.0,0.0
20260409,SC2605,640.0,72085.0,38807.0,-0.026250000000000107
20260409,SC2606,638.6,29181.0,26554.0,-0.16160350767303555
20260409,SC2607,630.0,6737.0,13981.0,-0.03809523809523796
20260409,SC2608,628.0,2834.0,5551.0,-0.0592356687898099
20260409,SC2609,624.9,2402.0,6337.0,-0.16898703792606717
20260409,SC2610,616.1,323.0,2145.0,-0.13049829573121352
20260409,SC2611,609.4,141.0,1089.0,-0.11421069904824277
20260409,SC2612,603.6,936.0,3970.0,-0.001139232023588815
20260409,SC2701,598.5,60.0,229.0,-0.014035087719299177
20260409,SC2702,597.8,5.0,98.0,-0.2750083640013372
20260409,SC2703,584.1,2.0,68.0,-0.06985105290189964
20260409,SC2704,580.7,0.0,2.0,-0.13018770449457584
20260409,SC2706,568.1,0.0,57.0,-0.05351170568561869
20260409,SC2709,560.5,0.0,46.0,-0.03925066904549501
20260409,SC2712,555.0,1.0,136.0,0.001520641520641505
20260409,SC2803,561.4,0.0,52.0,-0.017100106875667986
20260409,SC2806,559.0,0.0,47.0,-0.1831842576028624
20260409,SC2809,533.4,1.0,66.0,0.10948631421072363
20260409,SC2812,548.0,0.0,46.0,-0.0007219058313948852
20260409,SC2903,545.0,0.0,52.0,0.0
20260410,SC2605,637.3,63642.0,35351.0,-0.12427428212772451
20260410,SC2606,630.7,31662.0,27359.0,-0.1788488980497882
20260410,SC2607,621.3,8611.0,15916.0,-0.06373732496378537
20260410,SC2608,618.0,1755.0,5752.0,-0.07961165048543695
20260410,SC2609,613.9,2120.0,6401.0,-0.1387848183743281
20260410,SC2610,606.8,301.0,2076.0,-0.10283454185893115
20260410,SC2611,601.6,86.0,1120.0,-0.11768617021276562
20260410,SC2612,595.7,1234.0,4238.0,-0.0005205847902477256
20260410,SC2701,593.4,28.0,226.0,-0.14964610717896765
20260410,SC2702,586.0,5.0,98.0,-0.05938566552900992
20260410,SC2703,583.1,1.0,69.0,-0.04939118504544693
20260410,SC2704,580.7,0.0,2.0,-0.1622180127432411
20260410,SC2706,565.0,6.0,52.0,-0.031858407079646156
20260410,SC2709,560.5,0.0,46.0,0.01070472792149868
20260410,SC2712,562.0,2.0,135.0,-0.0001407844824214941
20260410,SC2803,561.4,0.0,52.0,-0.017100106875667986
20260410,SC2806,559.0,0.0,47.0,-0.09731663685152059
20260410,SC2809,545.4,0.0,66.0,0.14228089475614247
20260410,SC2812,564.8,1.0,47.0,-0.0008171714970581852
20260410,SC2903,561.3,5.0,56.0,0.0
20260413,SC2605,658.0,54358.0,32509.0,-0.12583586626139764
20260413,SC2606,651.1,28074.0,28046.0,-0.1824604515435415
20260413,SC2607,641.2,8772.0,15627.0,-0.06175920149719438
20260413,SC2608,637.9,2182.0,6010.0,-0.07148455870826087
20260413,SC2609,634.1,1952.0,6629.0,-0.16275035483362288
20260413,SC2610,625.5,575.0,1907.0,-0.1515587529976017
20260413,SC2611,617.6,101.0,1114.0,-0.09909326424870502
20260413,SC2612,612.5,896.0,4216.0,-0.0008585186883742244
20260413,SC2701,608.6,26.0,226.0,-0.16759776536312865
20260413,SC2702,600.1,6.0,98.0,-0.021996333944342528
20260413,SC2703,599.0,4.0,72.0,0.08213689482470699
20260413,SC2704,603.1,2.0,3.0,-0.2546841319847455
20260413,SC2706,577.5,0.0,52.0,0.03670995670995669
20260413,SC2709,582.8,5.0,46.0,-0.04667124227865438
20260413,SC2712,576.0,18.0,145.0,-0.000572344322344324
20260413,SC2803,573.5,4.0,51.0,-0.08369659982563205
20260413,SC2806,561.5,4.0,43.0,0.0
20260413,SC2809,561.5,4.0,66.0,0.01780943900267129
20260413,SC2812,564.0,1.0,47.0,-0.0011924245966799193
20260413,SC2903,558.9,5.0,61.0,0.0
20260414,SC2605,651.2,47034.0,31735.0,-0.10319410319410371
20260414,SC2606,645.6,25967.0,27298.0,-0.18215613382899765
20260414,SC2607,635.8,6094.0,15195.0,-0.10380622837370268
20260414,SC2608,630.3,1567.0,5923.0,-0.047596382674916615
20260414,SC2609,627.8,1137.0,6620.0,-0.1318891366677284
20260414,SC2610,620.9,246.0,1816.0,-0.10049927524561042
20260414,SC2611,615.7,28.0,1105.0,-0.1052460613935371
20260414,SC2612,610.3,846.0,4656.0,-0.0011930032568252486
20260414,SC2701,604.9,29.0,220.0,-0.0972061497768224
20260414,SC2702,600.0,0.0,98.0,-0.30200000000000005
20260414,SC2703,584.9,1.0,71.0,0.2441442981706281
20260414,SC2704,596.8,0.0,3.0,-0.16890080428954368
20260414,SC2706,580.0,4.0,51.0,-0.06827586206896541
20260414,SC2709,570.1,1.0,47.0,0.034379933345027425
20260414,SC2712,575.0,1.0,144.0,-0.0015365504061156288
20260414,SC2803,568.3,0.0,51.0,-0.009150096779869443
20260414,SC2806,567.0,1.0,43.0,-0.06631393298059951
20260414,SC2809,557.6,1.0,66.0,0.045911047345767564
20260414,SC2812,564.0,0.0,47.0,-0.0010989010989011097
20260414,SC2903,559.3,0.0,61.0,0.0
20260415,SC2605,629.9,42209.0,25732.0,-0.04191141451023839
20260415,SC2606,627.7,33417.0,29651.0,-0.11470447666082473
20260415,SC2607,621.7,6803.0,15483.0,-0.07334727360463411
20260415,SC2608,617.9,2040.0,5783.0,-0.01747855640071183
20260415,SC2609,617.0,1578.0,7124.0,-0.1361426256077798
20260415,SC2610,610.0,119.0,1813.0,-0.180983606557378
20260415,SC2611,600.8,53.0,1098.0,-0.015978695073234128
20260415,SC2612,600.0,522.0,4711.0,-0.0011685393258427028
20260415,SC2701,594.8,47.0,224.0,-0.1553463349024864
20260415,SC2702,587.1,12.0,106.0,0.01430761369443001
20260415,SC2703,587.8,1.0,70.0,0.016332085743451685
20260415,SC2704,588.6,0.0,3.0,-0.07135575942915406
20260415,SC2706,581.6,0.0,51.0,-0.07909215955983484
20260415,SC2709,570.1,0.0,47.0,0.034379933345027425
20260415,SC2712,575.0,0.0,144.0,-0.0015365504061156288
20260415,SC2803,568.3,0.0,51.0,-0.009150096779869443
20260415,SC2806,567.0,0.0,43.0,-0.06631393298059951
20260415,SC2809,557.6,0.0,66.0,-0.11119081779053097
20260415,SC2812,542.1,1.0,46.0,-0.000510833936401183
20260415,SC2903,540.0,2.0,61.0,0.0
20260416,SC2605,636.0,25049.0,20710.0,-0.07924528301886857
20260416,SC2606,631.8,29511.0,31134.0,-0.10066476733143359
20260416,SC2607,626.5,5381.0,14775.0,-0.057462090981644565
20260416,SC2608,623.5,1439.0,5691.0,-0.048115477145148855
20260416,SC2609,621.0,1055.0,7187.0,-0.12753623188405827
20260416,SC2610,614.4,183.0,1779.0,-0.08984375000000089
20260416,SC2611,609.8,24.0,1094.0,-0.10823220728107552
20260416,SC2612,604.3,324.0,4769.0,-0.0008924802957084659
20260416,SC2701,600.3,7.0,225.0,-0.12393803098450595
20260416,SC2702,594.1,8.0,104.0,-0.12725130449419364
20260416,SC2703,587.8,0.0,70.0,-0.06532834297379875
20260416,SC2704,584.6,1.0,2.0,-0.030790283954840847
20260416,SC2706,581.6,0.0,51.0,-0.07909215955983484
20260416,SC2709,570.1,0.0,47.0,0.034379933345027425
20260416,SC2712,575.0,0.0,144.0,-0.0015365504061156288
20260416,SC2803,568.3,0.0,51.0,-0.009150096779869443
20260416,SC2806,567.0,0.0,43.0,-0.06631393298059951
20260416,SC2809,557.6,0.0,66.0,-0.04017216642754695
20260416,SC2812,552.0,1.0,47.0,0.0
20260416,SC2903,552.0,1.0,62.0,0.0
20260417,SC2605,640.4,14400.0,14374.0,-0.0787008119925039
20260417,SC2606,636.2,36411.0,34499.0,-0.10185476265325555
20260417,SC2607,630.8,3695.0,14693.0,-0.04946100190234404
20260417,SC2608,628.2,880.0,5588.0,-0.05157593123209292
20260417,SC2609,625.5,652.0,7123.0,-0.13621103117505973
20260417,SC2610,618.4,131.0,1805.0,-0.1358344113842178
20260417,SC2611,611.4,22.0,1093.0,-0.10794896957801736
20260417,SC2612,605.9,295.0,4756.0,-0.0009568827874217966
20260417,SC2701,601.6,8.0,223.0,-0.11768617021276562
20260417,SC2702,595.7,2.0,106.0,-0.038274299143866486
20260417,SC2703,593.8,1.0,70.0,-0.14954530144829814
20260417,SC2704,586.4,0.0,2.0,-0.04911323328785744
20260417,SC2706,581.6,0.0,51.0,-0.052957359009628835
20260417,SC2709,573.9,0.0,47.0,0.08503223558111195
20260417,SC2712,586.1,2.0,144.0,-0.004004867338769423
20260417,SC2803,568.3,0.0,51.0,-0.009150096779869443
20260417,SC2806,567.0,0.0,43.0,-0.06631393298059951
20260417,SC2809,557.6,0.0,66.0,0.07317073170731625
20260417,SC2812,567.8,1.0,47.0,-0.003669454884671494
20260417,SC2903,552.0,0.0,62.0,0.0
20260420,SC2605,617.7,17389.0,8019.0,0.013598834385622816
20260420,SC2606,618.4,81797.0,41536.0,-0.08150064683052882
20260420,SC2607,614.2,13986.0,17627.0,-0.03907521979811124
20260420,SC2608,612.2,2930.0,5966.0,-0.02156158118262086
20260420,SC2609,611.1,2563.0,7299.0,-0.10407461953853803
20260420,SC2610,605.8,269.0,1834.0,-0.07329151535159939
20260420,SC2611,602.1,71.0,1094.0,-0.0996512207274538
20260420,SC2612,597.1,1642.0,5149.0,-0.0006096884003018505
20260420,SC2701,594.4,96.0,212.0,-0.17362045760430744
20260420,SC2702,585.8,28.0,116.0,-0.36872652782519655
20260420,SC2703,567.8,1.0,69.0,-0.004226840436772683
20260420,SC2704,567.6,1.0,3.0,-0.05391120507399605
20260420,SC2706,562.5,1.0,51.0,0.033422222222222686
20260420,SC2709,567.2,2.0,49.0,-0.045839210155147914
20260420,SC2712,560.7,5.0,145.0,0.001787404676650246
20260420,SC2803,568.3,0.0,51.0,-0.009150096779869443
20260420,SC2806,567.0,0.0,43.0,-0.06631393298059951
20260420,SC2809,557.6,0.0,66.0,-0.07317073170731758
20260420,SC2812,547.4,1.0,47.0,0.00264988938719301
20260420,SC2903,558.4,11.0,63.0,0.0
20260421,SC2605,607.4,2592.0,6556.0,0.1600263417846559
20260421,SC2606,615.5,39351.0,40951.0,-0.08383428107229829
20260421,SC2607,611.2,5973.0,18038.0,-0.03926701570680624
20260421,SC2608,609.2,1567.0,5952.0,-0.03545633617859556
20260421,SC2609,607.4,828.0,7282.0,-0.10668422785643639
20260421,SC2610,602.0,133.0,1844.0,-0.09568106312292235
20260421,SC2611,597.2,136.0,1171.0,-0.0763563295378451
20260421,SC2612,593.4,426.0,5178.0,-0.0005453244112200449
20260421,SC2701,591.0,13.0,211.0,-0.064974619289341
20260421,SC2702,587.8,9.0,120.0,-0.09799251446069945
20260421,SC2703,583.0,1.0,68.0,-0.0041166380789028345
20260421,SC2704,582.8,1.0,3.0,-0.08030199039121433
20260421,SC2706,575.0,2.0,50.0,-0.013913043478261056
20260421,SC2709,573.0,1.0,48.0,-0.02094240837696315
20260421,SC2712,570.0,2.0,144.0,-0.0010410641989589391
20260421,SC2803,565.5,0.0,51.0,0.004244031830238804
20260421,SC2806,566.1,0.0,43.0,-0.06006006006006004
20260421,SC2809,557.6,0.0,66.0,-0.03299856527977063
20260421,SC2812,553.0,6.0,46.0,-0.00023845955129861643
20260421,SC2903,552.0,8.0,64.0,0.0
20260422,SC2605,617.6,1884.0,5483.0,0.11852331606217792
20260422,SC2606,623.7,53572.0,42639.0,-0.08080808080808177
20260422,SC2607,619.5,8470.0,19142.0,-0.06973365617433513
20260422,SC2608,615.9,1849.0,5786.0,-0.023380418899169975
20260422,SC2609,614.7,1192.0,7419.0,-0.14055636896046986
20260422,SC2610,607.5,123.0,1851.0,-0.05925925925925979
20260422,SC2611,604.5,154.0,1227.0,-0.057568238213399514
20260422,SC2612,601.6,820.0,5404.0,4.4824288787950594e-05
20260422,SC2701,601.8,12.0,208.0,-0.1974077766699902
20260422,SC2702,591.9,2.0,120.0,0.022301064368981827
20260422,SC2703,593.0,2.0,68.0,-0.1618887015177064
20260422,SC2704,585.0,1.0,2.0,-0.07076923076923025
20260422,SC2706,578.1,0.0,50.0,-0.0352880124545929
20260422,SC2709,573.0,0.0,48.0,0.0
20260422,SC2712,573.0,0.0,144.0,-0.0017260226684310436
20260422,SC2803,565.5,0.0,51.0,0.004244031830238804
20260422,SC2806,566.1,0.0,43.0,-0.06006006006006004
20260422,SC2809,557.6,0.0,66.0,-0.03299856527977063
20260422,SC2812,553.0,0.0,46.0,-0.00021461359616874894
20260422,SC2903,552.1,0.0,64.0,0.0
20260423,SC2605,635.3,2119.0,3601.0,0.1208877695576911
20260423,SC2606,641.7,56772.0,42743.0,-0.06358111266947342
20260423,SC2607,638.3,10328.0,19981.0,-0.0526398245339168
20260423,SC2608,635.5,2569.0,5949.0,-0.049095200629426294
20260423,SC2609,632.9,1845.0,7514.0,-0.09290567230210112
20260423,SC2610,628.0,514.0,1679.0,-0.07643312101910826
20260423,SC2611,624.0,154.0,1287.0,-0.09615384615384581
20260423,SC2612,619.0,578.0,5434.0,-0.0015247499591584837
20260423,SC2701,612.0,13.0,206.0,-0.09607843137254868
20260423,SC2702,607.1,6.0,117.0,0.05336847306868453
20260423,SC2703,609.8,4.0,68.0,-0.24598228927517285
20260423,SC2704,597.3,1.0,2.0,-0.04319437468608722
20260423,SC2706,593.0,2.0,48.0,-0.02023608768971341
20260423,SC2709,590.0,9.0,46.0,-0.11457627118644043
20260423,SC2712,573.1,3.0,143.0,-0.0011734906168687459
20260423,SC2803,568.0,10.0,47.0,-0.014084507042253502
20260423,SC2806,566.0,9.0,37.0,-0.028975265017667784
20260423,SC2809,561.9,3.0,64.0,0.01138992703327979
20260423,SC2812,563.5,9.0,47.0,-0.00035102430843336383
20260423,SC2903,562.0,2.0,66.0,0.0
20260424,SC2605,642.7,840.0,3098.0,0.10642601524817064
20260424,SC2606,648.4,50186.0,41561.0,-0.06292412091301669
20260424,SC2607,645.0,9262.0,19744.0,-0.01302325581395447
20260424,SC2608,644.3,2007.0,6099.0,-0.04469967406487685
20260424,SC2609,641.9,1672.0,7427.0,-0.07290855273407093
20260424,SC2610,638.0,498.0,1525.0,-0.10909090909090846
20260424,SC2611,632.2,51.0,1294.0,-0.07972160708636533
20260424,SC2612,628.0,478.0,5459.0,-0.0022328776926930504
20260424,SC2701,617.6,9.0,208.0,0.03886010362694314
20260424,SC2702,619.6,3.0,116.0,-0.3408650742414472
20260424,SC2703,602.0,0.0,68.0,-0.08970099667774045
20260424,SC2704,597.5,0.0,2.0,-0.05322175732217538
20260424,SC2706,592.2,0.0,48.0,0.11482607227288089
20260424,SC2709,609.2,1.0,45.0,-0.20945502298095908
20260424,SC2712,577.3,1.0,143.0,-0.0014162175949807916
20260424,SC2803,571.1,0.0,47.0,0.02591490106811367
20260424,SC2806,574.8,3.0,36.0,-0.04105775922059829
20260424,SC2809,568.9,3.0,63.0,-0.021796449288100206
20260424,SC2812,565.8,2.0,47.0,-0.0013517765373544722
20260424,SC2903,560.0,4.0,66.0,0.0
20260427,SC2605,648.0,1834.0,1941.0,0.10185185185185297
20260427,SC2606,653.5,43989.0,39785.0,-0.03488905891354266
20260427,SC2607,651.6,9879.0,19659.0,-0.049723756906077554
20260427,SC2608,648.9,2152.0,6194.0,-0.035136384650947594
20260427,SC2609,647.0,1587.0,7557.0,-0.07975270479134444
20260427,SC2610,642.7,458.0,1449.0,-0.07281779990664594
20260427,SC2611,638.8,51.0,1302.0,-0.12773951158421903
20260427,SC2612,632.0,485.0,5401.0,-0.0005120182050917244
20260427,SC2701,629.6,17.0,216.0,-0.32973316391359697
20260427,SC2702,612.3,1.0,116.0,-0.03527682508574115
20260427,SC2703,610.5,0.0,68.0,-0.17886977886977995
20260427,SC2704,601.4,0.0,2.0,-0.0029930162953104578
20260427,SC2706,601.1,0.0,48.0,-0.013974380302778311
20260427,SC2709,599.0,1.0,44.0,-0.060767946577629406
20260427,SC2712,589.9,1.0,142.0,-0.0029284158797635647
20260427,SC2803,576.8,6.0,49.0,-0.011095700416088317
20260427,SC2806,575.2,0.0,36.0,-0.03268428372739951
20260427,SC2809,570.5,0.0,63.0,-0.03225241016652092
20260427,SC2812,565.9,0.0,47.0,-0.00023302373540930922
20260427,SC2903,564.9,3.0,66.0,0.0
20260428,SC2605,661.9,587.0,1491.0,0.13415923855567335
20260428,SC2606,669.3,37707.0,39634.0,-0.02868668758404125
20260428,SC2607,667.7,10528.0,21196.0,-0.06290250112325957
20260428,SC2608,664.2,2539.0,6686.0,-0.06323396567298989
20260428,SC2609,660.7,1145.0,7616.0,-0.11624035114272901
20260428,SC2610,654.3,255.0,1452.0,-0.13204951856946234
20260428,SC2611,647.1,101.0,1311.0,-0.1464997681965694
20260428,SC2612,639.2,749.0,5414.0,-0.0015609399389686766
20260428,SC2701,631.8,87.0,240.0,-0.11965811965811834
20260428,SC2702,625.5,4.0,115.0,-0.10551558752997581
20260428,SC2703,620.0,2.0,67.0,-0.21096774193548384
20260428,SC2704,609.1,0.0,2.0,0.17534066655721503
20260428,SC2706,626.9,1.0,48.0,-0.17801882277875247
20260428,SC2709,599.0,0.0,44.0,-0.023372287145241977
20260428,SC2712,595.5,2.0,142.0,-0.0036537769535250615
20260428,SC2803,579.0,0.0,49.0,-0.026252158894645827
20260428,SC2806,575.2,0.0,36.0,-0.03268428372739951
20260428,SC2809,570.5,0.0,63.0,-0.03225241016652092
20260428,SC2812,565.9,0.0,47.0,-0.00013981424124559434
20260428,SC2903,565.3,2.0,65.0,0.0
20260429,SC2605,654.3,14.0,1483.0,0.22558459422283583
20260429,SC2606,666.6,37145.0,38671.0,-0.014401440144015787
20260429,SC2607,665.8,11016.0,21831.0,-0.08471012316010684
20260429,SC2608,661.1,2633.0,7327.0,-0.06171532294660409
20260429,SC2609,657.7,1111.0,7503.0,-0.08575338300136925
20260429,SC2610,653.0,359.0,1433.0,-0.15803981623277208
20260429,SC2611,644.4,70.0,1307.0,-0.08752327746740995
20260429,SC2612,639.7,636.0,5530.0,-0.0014543334041764904
20260429,SC2701,632.8,31.0,243.0,-0.15170670037926737
20260429,SC2702,624.8,7.0,112.0,-0.08258642765684954
20260429,SC2703,620.5,0.0,67.0,0.1972602739726046
20260429,SC2704,630.7,2.0,4.0,-0.19216743301094064
20260429,SC2706,610.5,2.0,49.0,-0.0753480753480753
20260429,SC2709,599.0,0.0,44.0,-0.07545909849749544
20260429,SC2712,587.7,3.0,142.0,-0.001660412073888357
20260429,SC2803,580.3,1.0,49.0,0.025504049629502035
20260429,SC2806,584.0,1.0,36.0,-0.06164383561643838
20260429,SC2809,575.0,1.0,63.0,-0.06330434782608707
20260429,SC2812,565.9,0.0,47.0,-0.00018641898832744445
20260429,SC2903,565.1,0.0,65.0,0.0
20260430,SC2605,675.4,6.0,1481.0,0.24163458691146023
20260430,SC2606,689.0,49082.0,38650.0,-0.022641509433960927
20260430,SC2607,687.7,14570.0,21278.0,-0.15006543550967022
20260430,SC2608,679.1,3861.0,8477.0,-0.10425563245471947
20260430,SC2609,673.2,2263.0,7480.0,-0.09090909090909083
20260430,SC2610,668.1,647.0,1508.0,-0.163448585541087
20260430,SC2611,659.0,529.0,1036.0,-0.1438543247344457
20260430,SC2612,651.1,1490.0,5481.0,-0.0007869137621898445
20260430,SC2701,647.3,149.0,281.0,-0.14645450332148924
20260430,SC2702,639.4,120.0,192.0,-0.13888020018767566
20260430,SC2703,632.0,4.0,67.0,-0.0588607594936712
20260430,SC2704,628.9,0.0,4.0,-0.12307203052949545
20260430,SC2706,616.0,1.0,49.0,-0.12922077922077913
20260430,SC2709,596.1,1.0,44.0,0.03153833249454774
20260430,SC2712,600.8,5.0,146.0,-0.0035118011149968486
20260430,SC2803,584.8,0.0,49.0,0.0150478796169633
20260430,SC2806,587.0,1.0,35.0,-0.08177172061328797
20260430,SC2809,575.0,0.0,63.0,-0.02086956521739136
20260430,SC2812,572.0,1.0,47.0,-0.0010835318527626355
20260430,SC2903,567.3,4.0,63.0,0.0
20260506,SC2606,665.4,20024.0,35996.0,0.021641118124436254
20260506,SC2607,666.6,8840.0,20859.0,-0.03420342034203383
20260506,SC2608,664.7,2317.0,8516.0,-0.04693846848202199
20260506,SC2609,662.1,1626.0,7452.0,-0.09062075215224263
20260506,SC2610,657.1,334.0,1433.0,-0.042002739309086934
20260506,SC2611,654.8,111.0,980.0,-0.13561392791692084
20260506,SC2612,647.4,1199.0,5203.0,-0.0013120763086919792
20260506,SC2701,641.1,179.0,332.0,-0.11417875526439003
20260506,SC2702,635.0,91.0,247.0,-0.1870866141732277
20260506,SC2703,625.1,79.0,108.0,0.07294832826747655
20260506,SC2704,628.9,0.0,4.0,0.0
20260506,SC2705,628.9,0.0,0.0,-0.18890125616155196
20260506,SC2706,619.0,4.0,48.0,-0.14798061389337613
20260506,SC2709,596.1,0.0,44.0,-0.030196275792652383
20260506,SC2712,591.6,8.0,146.0,-0.0015157256536567011
20260506,SC2803,584.8,0.0,49.0,0.0150478796169633
20260506,SC2806,587.0,0.0,35.0,-0.08177172061328797
20260506,SC2809,575.0,0.0,63.0,-0.02086956521739136
20260506,SC2812,572.0,0.0,47.0,-0.0012449089372166293
20260506,SC2903,566.6,0.0,63.0,0.0
20260507,SC2606,625.8,41986.0,34958.0,0.036433365292426245
20260507,SC2607,627.7,17080.0,23017.0,-0.04970527321969076
20260507,SC2608,625.1,4024.0,8704.0,-0.06526955687089986
20260507,SC2609,621.7,3081.0,7692.0,-0.10423033617500588
20260507,SC2610,616.3,348.0,1367.0,-0.04283628103196335
20260507,SC2611,614.1,64.0,979.0,-0.1309233023937475
20260507,SC2612,607.4,1495.0,5293.0,-0.0007991327929321227
20260507,SC2701,603.8,66.0,328.0,-0.1351440874461729
20260507,SC2702,597.0,34.0,260.0,-0.11859296482411974
20260507,SC2703,591.1,65.0,135.0,0.08120453391980931
20260507,SC2704,595.1,2.0,6.0,-0.022181146025878284
20260507,SC2705,594.0,0.0,0.0,-0.0848484848484854
20260507,SC2706,589.8,0.0,48.0,-0.05357748389284467
20260507,SC2709,581.9,0.0,44.0,-0.0818009967348341
20260507,SC2712,570.0,12.0,144.0,-0.0004626951995373062
20260507,SC2803,568.0,5.0,50.0,0.0
20260507,SC2806,568.0,0.0,35.0,-0.03521126760563398
20260507,SC2809,563.0,3.0,65.0,-0.03552397868561297
20260507,SC2812,558.0,2.0,47.0,-0.00023632281696797316
20260507,SC2903,557.0,3.0,64.0,0.0
20260508,SC2606,624.5,41561.0,34208.0,0.03843074459567575
20260508,SC2607,626.5,20689.0,24801.0,-0.06512370311252891
20260508,SC2608,623.1,4117.0,8866.0,-0.03659123736157843
20260508,SC2609,621.2,3861.0,7823.0,-0.05795235028976142
20260508,SC2610,618.2,805.0,1757.0,-0.10482044645745825
20260508,SC2611,612.8,97.0,973.0,-0.09203655352480222
20260508,SC2612,608.1,1333.0,5492.0,-0.0007538677294723394
20260508,SC2701,604.7,42.0,331.0,-0.17264759384819017
20260508,SC2702,596.0,58.0,284.0,-0.11677852348993145
20260508,SC2703,590.2,34.0,140.0,0.0996272450016944
20260508,SC2704,595.1,0.0,6.0,-0.022181146025878284
20260508,SC2705,594.0,0.0,0.0,-0.4343434343434347
20260508,SC2706,572.5,5.0,48.0,-0.002096069868995354
20260508,SC2709,572.2,1.0,43.0,-0.05732261447046527
20260508,SC2712,564.0,9.0,144.0,0.001262567220014034
20260508,SC2803,569.4,0.0,50.0,-0.03090972953986615
20260508,SC2806,565.0,1.0,36.0,-0.1692035398230085
20260508,SC2809,541.1,1.0,64.0,0.16189244132323033
20260508,SC2812,563.0,6.0,48.0,-0.0012413873870356865
20260508,SC2903,557.7,0.0,64.0,0.0
20260511,SC2606,635.2,31893.0,30762.0,0.03778337531486198
20260511,SC2607,637.2,13719.0,24302.0,-0.037664783427495685
20260511,SC2608,635.2,3437.0,8825.0,-0.05100755667506407
20260511,SC2609,632.5,2507.0,7793.0,-0.05122529644268825
20260511,SC2610,629.8,406.0,1762.0,-0.08574150523975899
20260511,SC2611,625.3,193.0,887.0,-0.0863585478970097
20260511,SC2612,620.8,694.0,5457.0,-0.0009556353527163178
20260511,SC2701,616.4,33.0,336.0,-0.10707332900713862
20260511,SC2702,610.9,6.0,285.0,-0.10018006220330733
20260511,SC2703,605.8,13.0,143.0,-0.21195113898976414
20260511,SC2704,595.1,0.0,6.0,-0.022181146025878284
20260511,SC2705,594.0,0.0,0.0,-0.25454545454545485
20260511,SC2706,581.4,0.0,48.0,-0.04815961472308228
20260511,SC2709,574.4,0.0,43.0,0.023676880222841312
20260511,SC2712,577.8,6.0,143.0,-0.0019170860292355525
20260511,SC2803,569.4,0.0,50.0,0.0028099754127151044
20260511,SC2806,569.8,4.0,35.0,-0.10249210249210172
20260511,SC2809,555.2,0.0,64.0,0.08141210374639751
20260511,SC2812,566.5,8.0,46.0,-0.0019553262271708787
20260511,SC2903,558.1,0.0,64.0,0.0
20260512,SC2606,645.6,24332.0,29233.0,0.04275092936802949
20260512,SC2607,647.9,13664.0,24742.0,-0.03333847816020841
20260512,SC2608,646.1,2458.0,8752.0,-0.057576226590311474
20260512,SC2609,643.0,1905.0,7950.0,-0.04852255054432453
20260512,SC2610,640.4,637.0,1993.0,-0.048719550281074664
20260512,SC2611,637.8,125.0,831.0,-0.11288805268109137
20260512,SC2612,631.8,428.0,5402.0,-0.0012377690280311981
20260512,SC2701,626.0,35.0,349.0,-0.1916932907348241
20260512,SC2702,616.0,15.0,288.0,-0.03896103896103931
20260512,SC2703,614.0,9.0,147.0,-0.224755700325733
20260512,SC2704,602.5,0.0,6.0,-0.1673029045643153
20260512,SC2705,594.1,0.0,0.0,-0.2040060595859292
20260512,SC2706,584.0,1.0,48.0,-0.039726027397259944
20260512,SC2709,578.2,0.0,43.0,0.01867865790383938
20260512,SC2712,580.9,4.0,142.0,-0.002474371901123486
20260512,SC2803,570.0,3.0,48.0,-0.0063157894736840525
20260512,SC2806,569.1,0.0,35.0,-0.041468986118432305
20260512,SC2809,563.2,3.0,65.0,0.03764204545454497
20260512,SC2812,568.5,0.0,46.0,-0.002412363362231432
20260512,SC2903,558.1,0.0,64.0,0.0
20260513,SC2606,635.3,28566.0,27495.0,0.07177711317487834
20260513,SC2607,639.1,14620.0,25934.0,-0.024409325614146216
20260513,SC2608,637.8,2551.0,8974.0,-0.04327375352775098
20260513,SC2609,635.5,1730.0,7838.0,-0.049095200629426294
20260513,SC2610,632.9,361.0,2046.0,-0.08342550165902995
20260513,SC2611,628.5,55.0,829.0,-0.06300715990453432
20260513,SC2612,625.2,476.0,5310.0,-0.0012724018201815998
20260513,SC2701,619.3,33.0,363.0,-0.08331987728079948
20260513,SC2702,615.0,14.0,296.0,-0.11902439024390343
20260513,SC2703,608.9,44.0,174.0,-0.12612908523567068
20260513,SC2704,602.5,0.0,6.0,-0.1673029045643153
20260513,SC2705,594.1,0.0,0.0,-0.11311227066150575
20260513,SC2706,588.5,0.0,48.0,-0.07000849617672023
20260513,SC2709,578.2,0.0,43.0,0.013144240747146263
20260513,SC2712,580.1,7.0,138.0,-0.0009320105855186046
20260513,SC2803,576.0,1.0,47.0,-0.04791666666666661
20260513,SC2806,569.1,0.0,35.0,-0.014760147601476259
20260513,SC2809,567.0,1.0,64.0,-0.029629629629630116
20260513,SC2812,562.8,0.0,46.0,-0.0011481056257175572
20260513,SC2903,557.9,2.0,63.0,0.0
20260514,SC2606,620.7,24074.0,22881.0,0.09859835669405381
20260514,SC2607,625.8,19899.0,26600.0,0.0019175455417066445
20260514,SC2608,625.9,3816.0,9313.0,-0.03259306598498091
20260514,SC2609,624.2,2842.0,8750.0,-0.04037167574495415
20260514,SC2610,622.1,618.0,2322.0,-0.063655360874459
20260514,SC2611,618.8,53.0,828.0,-0.08726567550096931
20260514,SC2612,614.3,469.0,5317.0,-0.0008999006816930412
20260514,SC2701,610.2,27.0,370.0,-0.10029498525073777
20260514,SC2702,605.1,10.0,300.0,-0.13088745661874057
20260514,SC2703,598.5,39.0,193.0,0.08020050125313283
20260514,SC2704,602.5,0.0,6.0,-0.1673029045643153
20260514,SC2705,594.1,0.0,0.0,0.014139033832687886
20260514,SC2706,594.8,2.0,48.0,-0.11163416274377891
20260514,SC2709,578.2,0.0,43.0,-0.015219647180906737
20260514,SC2712,576.0,2.0,139.0,0.0
20260514,SC2803,576.0,0.0,47.0,-0.04791666666666661
20260514,SC2806,569.1,0.0,35.0,-0.014760147601476259
20260514,SC2809,567.0,0.0,64.0,-0.021164021164021385
20260514,SC2812,564.0,1.0,46.0,-0.0011924245966799193
20260514,SC2903,558.9,0.0,63.0,0.0
20260515,SC2606,650.6,24328.0,16803.0,0.11620043037196393
20260515,SC2607,656.9,33745.0,30605.0,-0.036535241284822995
20260515,SC2608,654.9,6530.0,10125.0,-0.07512597343105831
20260515,SC2609,650.8,3709.0,9187.0,-0.07928703134603454
20260515,SC2610,646.5,821.0,2384.0,-0.10951276102088059
20260515,SC2611,640.6,392.0,835.0,-0.07680299719013428
20260515,SC2612,636.5,1309.0,5830.0,-0.0018005772438811256
20260515,SC2701,628.0,53.0,386.0,-0.11082802547770632
20260515,SC2702,622.2,23.0,312.0,-0.16779170684667344
20260515,SC2703,613.5,26.0,198.0,-0.17017114914425546
20260515,SC2704,604.8,0.0,6.0,-0.12103174603174471
20260515,SC2705,598.7,0.0,0.0,-0.02605645565391823
20260515,SC2706,597.4,0.0,48.0,-0.08168731168396359
20260515,SC2709,585.2,0.0,43.0,0.0191387559808609
20260515,SC2712,588.0,2.0,138.0,-0.0026911863646557556
20260515,SC2803,576.0,0.0,47.0,-0.04791666666666661
20260515,SC2806,569.1,0.0,35.0,-0.014760147601476259
20260515,SC2809,567.0,0.0,64.0,-0.021164021164021385
20260515,SC2812,564.0,0.0,46.0,-0.0020808978255786705
20260515,SC2903,555.1,5.0,64.0,0.0
20260518,SC2606,675.4,16741.0,9368.0,0.08883624518803579
20260518,SC2607,680.4,38309.0,36458.0,-0.056437389770721325
20260518,SC2608,677.2,5905.0,11014.0,-0.10277613703485011
20260518,SC2609,671.4,3800.0,9843.0,-0.09294012511170502
20260518,SC2610,666.2,754.0,2498.0,-0.15670969678775215
20260518,SC2611,657.5,246.0,915.0,-0.14053231939163613
20260518,SC2612,649.8,1274.0,6119.0,-0.0017637233236847275
20260518,SC2701,641.3,123.0,378.0,-0.1815063152970513
20260518,SC2702,631.6,103.0,331.0,-0.08739708676377544
20260518,SC2703,627.0,42.0,202.0,-0.19138755980861255
20260518,SC2704,617.0,4.0,7.0,0.134197730956239
20260518,SC2705,623.9,1.0,1.0,-0.45968905273280924
20260518,SC2706,600.0,3.0,46.0,-0.05666666666666664
20260518,SC2709,591.5,0.0,43.0,0.018934911242602936
20260518,SC2712,594.3,4.0,139.0,-0.00406055327812015
20260518,SC2803,576.0,0.0,47.0,-0.035416666666666874
20260518,SC2806,570.9,0.0,35.0,-0.02732527588018918
20260518,SC2809,567.0,0.0,64.0,-0.021164021164021385
20260518,SC2812,564.0,0.0,46.0,-0.001963993453355151
20260518,SC2903,555.6,3.0,64.0,0.0
20260519,SC2606,684.8,11221.0,2747.0,-0.06483644859812987
20260519,SC2607,681.1,43400.0,40319.0,-0.06871237703714561
20260519,SC2608,677.2,6452.0,11773.0,-0.1222681630242195
20260519,SC2609,670.3,4600.0,10446.0,-0.09488288825898739
20260519,SC2610,665.0,850.0,2811.0,-0.1624060150375941
20260519,SC2611,656.0,130.0,952.0,-0.16829268292683075
20260519,SC2612,646.8,1107.0,6309.0,-0.001917825352817316
20260519,SC2701,637.6,33.0,375.0,-0.24090338770389153
20260519,SC2702,624.8,36.0,339.0,-0.14020486555697786
20260519,SC2703,617.5,13.0,203.0,-0.11076923076923118
20260519,SC2704,611.8,0.0,7.0,0.14906832298136674
20260519,SC2705,619.4,0.0,1.0,-0.4029706167258631
20260519,SC2706,598.6,0.0,46.0,-0.04744403608419656
20260519,SC2709,591.5,0.0,43.0,-0.08994082840236661
20260519,SC2712,578.2,2.0,139.0,0.0008894599001828406
20260519,SC2803,582.1,2.0,47.0,-0.07696272118192793
20260519,SC2806,570.9,0.0,35.0,-0.02732527588018918
20260519,SC2809,567.0,0.0,64.0,-0.021164021164021385
20260519,SC2812,564.0,0.0,46.0,-0.00324994154781388
20260519,SC2903,550.1,2.0,63.0,0.0
20260520,SC2606,666.3,1803.0,1829.0,0.07564160288158472
20260520,SC2607,670.5,38236.0,40416.0,-0.04474272930648748
20260520,SC2608,668.0,6999.0,12449.0,-0.09161676646706596
20260520,SC2609,662.9,4773.0,11063.0,-0.11042389500678906
20260520,SC2610,656.8,896.0,3002.0,-0.16626065773446896
20260520,SC2611,647.7,92.0,981.0,-0.15377489578508685
20260520,SC2612,639.4,1047.0,6382.0,-0.0021298056815905347
20260520,SC2701,629.3,22.0,369.0,-0.11059907834101335
20260520,SC2702,623.5,8.0,338.0,-0.1481956696070581
20260520,SC2703,615.8,12.0,196.0,-0.07794738551477742
20260520,SC2704,611.8,0.0,7.0,0.03138280483818345
20260520,SC2705,613.4,0.0,1.0,-0.24258232800782498
20260520,SC2706,601.0,2.0,46.0,-0.06322795341098164
20260520,SC2709,591.5,0.0,43.0,-0.06559594251901979
20260520,SC2712,581.8,2.0,139.0,-0.002810527389420478
20260520,SC2803,569.4,0.0,47.0,0.010537407797682086
20260520,SC2806,570.9,0.0,35.0,-0.02732527588018918
20260520,SC2809,567.0,0.0,64.0,-0.021164021164021385
20260520,SC2812,564.0,0.0,46.0,-0.0025718961889174582
20260520,SC2903,553.0,5.0,59.0,0.0
20260521,SC2606,653.8,496.0,1599.0,0.04037932089324059
20260521,SC2607,656.0,54357.0,40209.0,-0.0493902439024394
20260521,SC2608,653.3,10394.0,14272.0,-0.040410225011478396
20260521,SC2609,651.1,6592.0,11534.0,-0.08846567347565726
20260521,SC2610,646.3,700.0,2986.0,-0.1466811078446537
20260521,SC2611,638.4,86.0,991.0,-0.16165413533834627
20260521,SC2612,629.8,1013.0,6320.0,-0.002483399402699608
20260521,SC2701,618.2,11.0,367.0,-0.12034940148819295
20260521,SC2702,612.0,12.0,335.0,-0.14705882352941124
20260521,SC2703,604.5,42.0,196.0,-0.3275434243176183
20260521,SC2704,588.0,2.0,9.0,0.3061224489795915
20260521,SC2705,603.0,0.0,1.0,-0.08557213930348206
20260521,SC2706,598.7,0.0,46.0,-0.04810422582261609
20260521,SC2709,591.5,0.0,43.0,-0.11158072696534216
20260521,SC2712,575.0,5.0,140.0,-0.0028666985188724303
20260521,SC2803,562.5,1.0,46.0,-0.017777777777777892
20260521,SC2806,560.0,1.0,36.0,-0.03571428571428559
20260521,SC2809,555.0,2.0,64.0,-0.049729729729729666
20260521,SC2812,548.1,5.0,46.0,0.0005774192966311283
20260521,SC2903,550.5,2.0,57.0,0.0
20260522,SC2606,644.5,571.0,1331.0,-0.06330488750969732
20260522,SC2607,641.1,52412.0,37808.0,-0.014974262985494757
20260522,SC2608,640.3,9464.0,14831.0,-0.024363579572074467
20260522,SC2609,639.0,6815.0,12823.0,-0.07323943661971777
20260522,SC2610,635.1,625.0,3115.0,-0.07935758148323213
20260522,SC2611,630.9,118.0,992.0,-0.17498811222063582
20260522,SC2612,621.7,1187.0,6512.0,-0.000737376493955515
20260522,SC2701,618.3,22.0,366.0,-0.15138282387190616
20260522,SC2702,610.5,15.0,332.0,-0.20442260442260451
20260522,SC2703,600.1,40.0,213.0,0.1859690051658056
20260522,SC2704,609.4,2.0,10.0,-0.12602559894978604
20260522,SC2705,603.0,0.0,1.0,-0.21890547263681626
20260522,SC2706,592.0,8.0,47.0,-0.028378378378378866
20260522,SC2709,587.8,0.0,43.0,-0.1143246002041507
20260522,SC2712,571.0,1.0,140.0,-0.001963010719578144
20260522,SC2803,562.5,0.0,46.0,-0.017777777777777892
20260522,SC2806,560.0,0.0,36.0,-0.03571428571428559
20260522,SC2809,555.0,6.0,62.0,-0.05045045045045038
20260522,SC2812,548.0,2.0,46.0,0.0005293976096895922
20260522,SC2903,550.2,0.0,57.0,0.0
20260525,SC2606,603.6,388.0,1257.0,0.08548707753479068
20260525,SC2607,607.9,53710.0,39756.0,0.003948017766079559
20260525,SC2608,608.1,13648.0,15817.0,-0.053280710409472576
20260525,SC2609,605.4,7004.0,13358.0,-0.08126858275520332
20260525,SC2610,601.3,942.0,3345.0,-0.11375353400964405
20260525,SC2611,595.6,144.0,1006.0,-0.16319677635997376
20260525,SC2612,587.5,1762.0,6716.0,-0.0021802534066459453
20260525,SC2701,578.0,41.0,359.0,-0.062283737024221075
20260525,SC2702,575.0,12.0,329.0,-0.083478260869565
20260525,SC2703,571.0,30.0,213.0,0.021015761821367107
20260525,SC2704,572.0,0.0,10.0,0.10279720279720195
20260525,SC2705,576.9,0.0,1.0,-0.037441497659905565
20260525,SC2706,575.1,0.0,47.0,-0.05286037210919847
20260525,SC2709,567.5,0.0,43.0,-0.1423788546255511
20260525,SC2712,547.3,6.0,141.0,0.0005059804073142409
20260525,SC2803,549.4,0.0,46.0,0.0
20260525,SC2806,549.4,0.0,36.0,-0.10484164543137942
20260525,SC2809,535.0,2.0,60.0,0.0
20260525,SC2812,535.0,8.0,46.0,0.0
20260525,SC2903,535.0,1.0,56.0,0.0
20260526,SC2606,596.2,346.0,1186.0,0.12277759141227573
20260526,SC2607,602.3,36228.0,36677.0,0.013946538269966169
20260526,SC2608,603.0,8200.0,15726.0,-0.03781094527363127
20260526,SC2609,601.1,4559.0,13118.0,-0.047912161038095924
20260526,SC2610,598.7,1112.0,3515.0,-0.100217137130449
20260526,SC2611,593.7,278.0,946.0,-0.11520970186963231
20260526,SC2612,588.0,1226.0,6629.0,-0.0013758312313689536
20260526,SC2701,582.0,50.0,368.0,-0.11134020618556661
20260526,SC2702,576.6,22.0,320.0,-0.09781477627471435
20260526,SC2703,571.9,10.0,215.0,0.0020982689281359157
20260526,SC2704,572.0,0.0,10.0,-0.023076923076922995
20260526,SC2705,570.9,0.0,1.0,-0.0042038885969506445
20260526,SC2706,570.7,0.0,47.0,-0.02943753285438966
20260526,SC2709,566.5,0.0,43.0,-0.11791703442188917
20260526,SC2712,549.8,2.0,141.0,-0.0023505050787698935
20260526,SC2803,540.0,1.0,45.0,0.0637037037037036
20260526,SC2806,548.6,0.0,36.0,-0.11155668975574251
20260526,SC2809,533.3,1.0,59.0,0.018751171948246714
20260526,SC2812,535.8,0.0,46.0,-0.00022150302105508032
20260526,SC2903,534.9,0.0,56.0,0.0
20260527,SC2606,593.1,64.0,1176.0,0.13555892766818278
20260527,SC2607,599.8,32153.0,36085.0,0.002000666888962499
20260527,SC2608,599.9,9553.0,16300.0,-0.07401233538922991
20260527,SC2609,596.2,4615.0,13324.0,-0.03019121100301847
20260527,SC2610,594.7,808.0,3533.0,-0.12510509500588674
20260527,SC2611,588.5,210.0,916.0,-0.10195412064570908
20260527,SC2612,583.5,980.0,6687.0,-0.0016175153808382155
20260527,SC2701,576.5,68.0,384.0,-0.14778837814397283
20260527,SC2702,569.4,8.0,318.0,-0.141201264488934
20260527,SC2703,562.7,15.0,213.0,0.0831704282921617
20260527,SC2704,566.6,0.0,10.0,0.029650547123190485
20260527,SC2705,568.0,3.0,3.0,-0.07605633802816891
20260527,SC2706,564.4,0.0,47.0,-0.0007087172218285254
20260527,SC2709,564.3,0.0,43.0,-0.1368066631224525
20260527,SC2712,545.0,1.0,142.0,-0.0012097993749369822
20260527,SC2803,540.0,0.0,45.0,0.04814814814814827
20260527,SC2806,546.5,0.0,36.0,-0.0966148215919489
20260527,SC2809,533.3,0.0,59.0,0.018751171948246714
20260527,SC2812,535.8,0.0,46.0,-0.0004430060421101753
20260527,SC2903,534.0,0.0,56.0,0.0
20260528,SC2606,595.6,101.0,1158.0,0.06245802552048296
20260528,SC2607,598.7,37681.0,37947.0,-0.008017370970437199
20260528,SC2608,598.3,9395.0,16650.0,-0.07421026241016015
20260528,SC2609,594.6,7221.0,13641.0,-0.042381432896065
20260528,SC2610,592.5,1310.0,3591.0,-0.10734177215189833
20260528,SC2611,587.2,279.0,855.0,-0.114441416893734
20260528,SC2612,581.6,1490.0,6682.0,-0.001715530964561143
20260528,SC2701,574.2,49.0,388.0,-0.016718913270639124
20260528,SC2702,573.4,13.0,313.0,-0.2092779909312874
20260528,SC2703,563.4,19.0,213.0,0.06815761448349456
20260528,SC2704,566.6,0.0,10.0,0.0868337451464889
20260528,SC2705,570.7,0.0,3.0,-0.13246889784475346
20260528,SC2706,564.4,0.0,47.0,-0.031892274982281865
20260528,SC2709,559.9,0.0,43.0,-0.10644757992498644
20260528,SC2712,545.0,6.0,141.0,-0.0012097993749369822
20260528,SC2803,540.0,0.0,45.0,0.04814814814814827
20260528,SC2806,546.5,0.0,36.0,-0.06660567246111615
20260528,SC2809,537.4,2.0,59.0,-0.01190919240788979
20260528,SC2812,535.8,0.0,46.0,-0.001870469955576312
20260528,SC2903,528.2,1.0,56.0,0.0
20260529,SC2606,561.2,41.0,1148.0,0.4233784746970759
20260529,SC2607,581.0,49330.0,39033.0,0.018588640275387647
20260529,SC2608,581.9,14137.0,18177.0,-0.028870940024058545
20260529,SC2609,580.5,8239.0,14128.0,-0.05788113695090358
20260529,SC2610,577.7,1216.0,3596.0,-0.0872425134152679
20260529,SC2611,573.5,365.0,813.0,-0.07532693984306871
20260529,SC2612,569.9,1377.0,6641.0,-0.0009226929226692551
20260529,SC2701,566.0,59.0,375.0,-0.11872791519434633
20260529,SC2702,560.4,8.0,309.0,-0.10706638115631728
20260529,SC2703,555.4,19.0,219.0,-0.038890889449045396
20260529,SC2704,553.6,5.0,9.0,-0.013005780346821094
20260529,SC2705,553.0,7.0,3.0,-0.16491862567811966
20260529,SC2706,545.4,3.0,48.0,0.03300330033003274
20260529,SC2709,549.9,0.0,43.0,-0.050918348790689016
20260529,SC2712,542.9,3.0,140.0,-0.0007043978309404606
20260529,SC2803,540.0,3.0,42.0,-0.07629629629629608
20260529,SC2806,529.7,1.0,35.0,-0.07324900887294739
20260529,SC2809,520.0,1.0,59.0,-0.01538461538461533
20260529,SC2812,518.0,2.0,48.0,-0.0005091433662862225
20260529,SC2903,516.0,3.0,56.0,0.0
20260601,SC2607,595.9,39580.0,36206.0,0.03624769256586724
20260601,SC2608,597.7,10599.0,18000.0,-0.05621549272210302
20260601,SC2609,594.9,5463.0,14072.0,-0.04236006051437258
20260601,SC2610,592.8,877.0,3625.0,-0.08097165991902777
20260601,SC2611,588.8,387.0,874.0,-0.08967391304347716
20260601,SC2612,584.4,1101.0,6728.0,-0.0019380292088687823
20260601,SC2701,576.0,15.0,376.0,-0.05208333333333348
20260601,SC2702,573.5,14.0,311.0,-0.10671316477768089
20260601,SC2703,568.4,70.0,226.0,-0.21534130893736636
20260601,SC2704,558.2,0.0,9.0,-0.0042995342171279205
20260601,SC2705,558.0,2.0,4.0,-0.1913978494623656
20260601,SC2706,549.1,0.0,48.0,0.005827718084137068
20260601,SC2709,549.9,0.0,43.0,-0.12729587197672299
20260601,SC2712,532.4,3.0,140.0,0.001882415105555619
20260601,SC2803,540.0,0.0,42.0,-0.07629629629629608
20260601,SC2806,529.7,0.0,35.0,-0.07324900887294739
20260601,SC2809,520.0,0.0,59.0,0.05615384615384578
20260601,SC2812,527.3,3.0,47.0,0.00010003271903519912
20260601,SC2903,527.7,2.0,56.0,-0.2774303581580444
20260601,SC2906,491.1,5.0,1.0,0.0
20260602,SC2607,596.0,53305.0,36568.0,0.02214765100671201
20260602,SC2608,597.1,20157.0,19625.0,-0.062301122090102634
20260602,SC2609,594.0,12082.0,14277.0,-0.048484848484847465
20260602,SC2610,591.6,2569.0,3876.0,-0.09939148073022208
20260602,SC2611,586.7,515.0,798.0,-0.06340548832452786
20260602,SC2612,583.6,2299.0,6778.0,-0.0009241361252512507
20260602,SC2701,579.6,43.0,398.0,-0.14285714285714235
20260602,SC2702,572.7,13.0,319.0,-0.11524358302776339
20260602,SC2703,567.2,70.0,237.0,0.13328631875881403
20260602,SC2704,573.5,1.0,9.0,-0.07323452484742754
20260602,SC2705,570.0,2.0,4.0,-0.3157894736842102
20260602,SC2706,555.0,5.0,50.0,0.10090090090090076
20260602,SC2709,569.0,8.0,46.0,-0.14692442882249557
20260602,SC2712,548.1,13.0,138.0,-0.0007458332581485299
20260602,SC2803,545.0,1.0,43.0,0.0
20260602,SC2806,545.0,1.0,34.0,-0.16733944954128388
20260602,SC2809,522.2,0.0,59.0,0.10800459594025202
20260602,SC2812,536.3,0.0,47.0,-0.0031965051543645616
20260602,SC2903,523.3,0.0,56.0,-0.06267915153831405
20260602,SC2906,515.1,0.0,1.0,0.0
20260603,SC2607,611.8,30629.0,32473.0,0.009807126511932829
20260603,SC2608,612.3,10381.0,19357.0,-0.04507594316511421
20260603,SC2609,610.0,5288.0,13930.0,-0.08852459016393466
20260603,SC2610,605.5,1862.0,3790.0,-0.09116432700247801
20260603,SC2611,600.9,305.0,782.0,-0.07788317523714383
20260603,SC2612,597.0,1051.0,6692.0,-0.0012647507198915962
20260603,SC2701,591.4,26.0,398.0,-0.1562394318566107
20260603,SC2702,583.7,4.0,319.0,-0.06167551824567408
20260603,SC2703,580.7,33.0,237.0,-0.14878594799380096
20260603,SC2704,573.5,0.0,9.0,-0.16111595466434325
20260603,SC2705,565.8,5.0,4.0,0.26086956521739246
20260603,SC2706,578.1,1.0,51.0,-0.13976820619270036
20260603,SC2709,557.9,2.0,46.0,-0.03298082093565169
20260603,SC2712,553.3,3.0,136.0,-0.00197814114315107
20260603,SC2803,545.0,0.0,43.0,0.0
20260603,SC2806,545.0,0.0,34.0,-0.13798165137614626
20260603,SC2809,526.2,0.0,59.0,0.06689471683770432
20260603,SC2812,535.0,0.0,47.0,-0.002883845126835786
20260603,SC2903,523.3,0.0,56.0,-0.06267915153831405
20260603,SC2906,515.1,0.0,1.0,0.0
20260604,SC2607,603.6,24928.0,30622.0,0.007952286282304932
20260604,SC2608,604.0,8933.0,19283.0,-0.04569536423840903
20260604,SC2609,601.7,4743.0,14341.0,-0.053847432275221596
20260604,SC2610,599.0,1084.0,3736.0,-0.08213689482470832
20260604,SC2611,594.9,185.0,784.0,-0.07261724659606728
20260604,SC2612,591.3,894.0,6746.0,-0.0015733757460708285
20260604,SC2701,584.4,18.0,394.0,-0.11088295687885008
20260604,SC2702,579.0,13.0,316.0,-0.08290155440414493
20260604,SC2703,575.0,72.0,280.0,-0.03130434782608704
20260604,SC2704,573.5,0.0,9.0,0.05440278988666236
20260604,SC2705,576.1,1.0,5.0,-0.21038014233640068
20260604,SC2706,566.0,4.0,52.0,-0.053003533568904526
20260604,SC2709,558.5,0.0,46.0,-0.0429722470904208
20260604,SC2712,552.5,0.0,136.0,-0.0017900651384814216
20260604,SC2803,545.0,0.0,43.0,0.0
20260604,SC2806,545.0,0.0,34.0,-0.13798165137614626
20260604,SC2809,526.2,0.0,59.0,0.06689471683770432
20260604,SC2812,535.0,0.0,47.0,-0.002883845126835786
20260604,SC2903,523.3,0.0,56.0,-0.06267915153831405
20260604,SC2906,515.1,0.0,1.0,0.0
20260605,SC2607,594.6,23115.0,30225.0,0.04439959636730517
20260605,SC2608,596.8,9485.0,19518.0,-0.03619302949061565
20260605,SC2609,595.0,4544.0,13935.0,-0.04840336134453738
20260605,SC2610,592.6,783.0,3666.0,-0.08099898751265577
20260605,SC2611,588.6,248.0,811.0,-0.08358817533129459
20260605,SC2612,584.5,801.0,6819.0,-0.0008073740160129244
20260605,SC2701,581.0,32.0,399.0,-0.06609294320137726
20260605,SC2702,577.8,9.0,320.0,-0.17653167185877416
20260605,SC2703,569.3,97.0,343.0,0.03161777621640738
20260605,SC2704,570.8,0.0,9.0,0.05676243868255071
20260605,SC2705,573.5,0.0,5.0,-0.14856146469049758
20260605,SC2706,566.4,0.0,52.0,-0.05579096045197707
20260605,SC2709,558.5,0.0,46.0,-0.0429722470904208
20260605,SC2712,552.5,0.0,136.0,-0.0017900651384814216
20260605,SC2803,545.0,0.0,43.0,0.0
20260605,SC2806,545.0,0.0,34.0,-0.13798165137614626
20260605,SC2809,526.2,0.0,59.0,0.05245153933865421
20260605,SC2812,533.1,2.0,46.0,-0.0024241374832258454
20260605,SC2903,523.3,0.0,56.0,-0.03974775463405278
20260605,SC2906,518.1,0.0,1.0,0.0
20260608,SC2607,613.0,40334.0,32467.0,0.015660685154974097
20260608,SC2608,613.8,20088.0,21310.0,-0.021505376344084226
20260608,SC2609,612.7,10034.0,14541.0,-0.08617594254937355
20260608,SC2610,608.3,1205.0,3854.0,-0.06707216833799023
20260608,SC2611,604.9,412.0,926.0,-0.06744916515126409
20260608,SC2612,601.5,1347.0,6836.0,-0.0014346157079212047
20260608,SC2701,595.1,23.0,407.0,-0.14720215089900934
20260608,SC2702,587.8,8.0,322.0,-0.051037767948281854
20260608,SC2703,585.3,47.0,346.0,-0.24192721681189022
20260608,SC2704,573.5,0.0,9.0,0.0
20260608,SC2705,573.5,0.0,5.0,-0.14856146469049758
20260608,SC2706,566.4,0.0,52.0,-0.05579096045197707
20260608,SC2709,558.5,0.0,46.0,-0.030796777081468107
20260608,SC2712,554.2,2.0,138.0,-0.002189077613112266
20260608,SC2803,545.0,0.0,43.0,0.0
20260608,SC2806,545.0,0.0,34.0,-0.13798165137614626
20260608,SC2809,526.2,0.0,59.0,-0.005321170657544894
20260608,SC2812,525.5,1.0,46.0,-0.0005520644911701215
20260608,SC2903,523.3,0.0,56.0,-0.03974775463405278
20260608,SC2906,518.1,0.0,1.0,0.0
20260609,SC2607,580.2,30210.0,29205.0,0.06618407445708296
20260609,SC2608,583.4,16036.0,21126.0,0.010284538909838048
20260609,SC2609,583.9,6547.0,14237.0,-0.004110292858364506
20260609,SC2610,583.7,1745.0,3638.0,-0.0472845639883519
20260609,SC2611,581.4,924.0,871.0,-0.0577915376676974
20260609,SC2612,578.6,1582.0,6858.0,-0.0013748800863766435
20260609,SC2701,572.7,51.0,401.0,-0.07124148768989169
20260609,SC2702,569.3,7.0,324.0,-0.090637625153696
20260609,SC2703,565.0,21.0,347.0,-0.23999999999999888
20260609,SC2704,553.7,4.0,8.0,0.22105833483835813
20260609,SC2705,563.9,0.0,5.0,-0.2681326476325592
20260609,SC2706,551.3,3.0,51.0,-0.027571195356429712
20260609,SC2709,547.5,8.0,43.0,-0.018995433789954497
20260609,SC2712,544.9,7.0,138.0,-0.0003388059912192758
20260609,SC2803,543.5,0.0,43.0,-0.008831646734130949
20260609,SC2806,542.3,0.0,34.0,-0.09810068227918078
20260609,SC2809,529.0,1.0,59.0,-0.026465028355387332
20260609,SC2812,525.5,0.0,46.0,-0.0005520644911701215
20260609,SC2903,523.3,0.0,56.0,-0.03974775463405278
20260609,SC2906,518.1,0.0,1.0,0.0
20260610,SC2607,572.2,37652.0,30899.0,0.08388675288360758
20260610,SC2608,576.2,20335.0,23358.0,0.037486983686219055
20260610,SC2609,578.0,10559.0,15210.0,-0.03737024221453211
20260610,SC2610,576.2,1601.0,3856.0,-0.05414786532453997
20260610,SC2611,573.6,339.0,918.0,-0.03347280334728042
20260610,SC2612,572.0,1658.0,6846.0,-0.0008957334800031344
20260610,SC2701,568.2,55.0,408.0,-0.08447729672650484
20260610,SC2702,564.2,10.0,322.0,-0.10634526763559027
20260610,SC2703,559.2,23.0,352.0,0.12231759656652308
20260610,SC2704,564.9,0.0,8.0,-0.06160382368560802
20260610,SC2705,562.0,0.0,5.0,-0.196441281138791
20260610,SC2706,552.8,6.0,50.0,-0.07018813314037597
20260610,SC2709,543.1,1.0,44.0,0.008101638740563466
20260610,SC2712,544.2,0.0,138.0,-0.0019869876540218384
20260610,SC2803,536.0,3.0,42.0,0.02910447761194046
20260610,SC2806,539.9,0.0,34.0,-0.08075569549916617
20260610,SC2809,529.0,0.0,59.0,-0.026465028355387332
20260610,SC2812,525.5,0.0,46.0,0.00027603224558506075
20260610,SC2903,526.6,3.0,57.0,-0.0645651348271934
20260610,SC2906,518.1,0.0,1.0,0.0
20260611,SC2607,582.1,37557.0,27162.0,0.05359903796598697
20260611,SC2608,584.7,19025.0,24365.0,0.012314007183168663
20260611,SC2609,585.3,8849.0,15301.0,-0.01640184520758492
20260611,SC2610,584.5,1547.0,4168.0,-0.04516680923866634
20260611,SC2611,582.3,318.0,891.0,-0.053580628541987085
20260611,SC2612,579.7,978.0,6907.0,-0.0011396828657984923
20260611,SC2701,574.8,57.0,405.0,-0.08768267223381843
20260611,SC2702,570.6,13.0,327.0,-0.06098843322818093
20260611,SC2703,567.7,53.0,347.0,-0.059186189889026686
20260611,SC2704,564.9,0.0,8.0,-0.06160382368560802
20260611,SC2705,562.0,0.0,5.0,-0.18362989323843504
20260611,SC2706,553.4,0.0,50.0,-0.056378749548247065
20260611,SC2709,545.6,0.0,44.0,-0.03665689149560114
20260611,SC2712,540.6,1.0,138.0,-0.002073398299813394
20260611,SC2803,532.1,0.0,42.0,0.05863559481300484
20260611,SC2806,539.9,0.0,34.0,-0.08075569549916617
20260611,SC2809,529.0,0.0,59.0,-0.026465028355387332
20260611,SC2812,525.5,0.0,46.0,0.0005018768101546399
20260611,SC2903,527.5,0.0,57.0,-0.0712796208530806
20260611,SC2906,518.1,0.0,1.0,0.0
20260612,SC2607,553.5,33880.0,25091.0,0.07588075880758893
20260612,SC2608,557.0,31482.0,32160.0,0.03877917414721743
20260612,SC2609,558.8,14580.0,16906.0,0.023622047244094446
20260612,SC2610,559.9,2489.0,4310.0,-0.00214323986426157
20260612,SC2611,559.8,1040.0,1186.0,-0.047159699892816764
20260612,SC2612,557.6,1855.0,7048.0,-0.0004836135605242314
20260612,SC2701,555.6,61.0,400.0,-0.025917926565876215
20260612,SC2702,554.4,21.0,327.0,-0.08441558441558339
20260612,SC2703,550.5,64.0,355.0,-0.09155313351498773
20260612,SC2704,546.3,1.0,9.0,0.010982976386601173
20260612,SC2705,546.8,0.0,5.0,0.05486466715435334
20260612,SC2706,549.3,0.0,50.0,-0.02694338248680106
20260612,SC2709,545.6,0.0,44.0,-0.09970674486803555
20260612,SC2712,532.0,5.0,135.0,2.4787242832375564e-05
20260612,SC2803,532.1,0.0,42.0,-0.05337342604773543
20260612,SC2806,525.0,2.0,35.0,-0.03809523809523796
20260612,SC2809,520.0,3.0,58.0,-0.021538461538461284
20260612,SC2812,517.2,2.0,46.0,0.0007139032661074394
20260612,SC2903,520.0,4.0,59.0,0.056923076923077076
20260612,SC2906,527.4,1.0,1.0,0.0
20260615,SC2607,526.3,31761.0,17917.0,0.1026030780923417
20260615,SC2608,530.8,41978.0,40108.0,0.05877920120572799
20260615,SC2609,533.4,17762.0,18905.0,0.008998875140608042
20260615,SC2610,533.8,2881.0,4875.0,-0.0067440989134501805
20260615,SC2611,533.5,1104.0,1323.0,-0.01349578256794759
20260615,SC2612,532.9,2475.0,7064.0,-0.0006831393203606954
20260615,SC2701,530.2,445.0,464.0,-0.03621274990569656
20260615,SC2702,528.6,52.0,334.0,0.0
20260615,SC2703,528.6,36.0,357.0,0.03632236095346286
20260615,SC2704,530.2,4.0,11.0,0.040739343643905634
20260615,SC2705,532.0,3.0,4.0,-0.0902255639097751
20260615,SC2706,528.0,9.0,48.0,-0.03939393939393954
20260615,SC2709,522.8,2.0,46.0,-0.022188217291506884
20260615,SC2712,519.9,10.0,132.0,0.0010145653538613836
20260615,SC2803,523.9,1.0,42.0,-0.07100591715976279
20260615,SC2806,514.6,4.0,35.0,0.03109211037699211
20260615,SC2809,518.6,0.0,58.0,-0.04165059776320845
20260615,SC2812,513.2,5.0,47.0,-0.0010792013909706945
20260615,SC2903,509.0,5.0,60.0,-0.04557956777996086
20260615,SC2906,503.2,2.0,2.0,0.0
20260616,SC2607,522.5,12045.0,10215.0,0.11483253588516806
20260616,SC2608,527.5,32268.0,43944.0,0.05232227488151686
20260616,SC2609,529.8,11364.0,20186.0,0.0067950169875432564
20260616,SC2610,530.1,1610.0,4811.0,0.011318619128465102
20260616,SC2611,530.6,493.0,1305.0,-0.004523181304184387
20260616,SC2612,530.4,727.0,7024.0,-0.00017794498957749214
20260616,SC2701,529.7,71.0,453.0,-0.05663583160279462
20260616,SC2702,527.2,18.0,331.0,-0.04552352048558417
20260616,SC2703,525.2,29.0,358.0,-0.0022848438690021844
20260616,SC2704,525.1,2.0,9.0,-0.07084364882879557
20260616,SC2705,522.0,1.0,4.0,0.027586206896553556
20260616,SC2706,523.2,7.0,50.0,-0.016819571865443805
20260616,SC2709,521.0,1.0,45.0,-0.04606525911708248
20260616,SC2712,515.0,2.0,132.0,0.0007681638749599969
20260616,SC2803,518.0,0.0,42.0,-0.01930501930501949
20260616,SC2806,515.5,0.0,35.0,0.024054316197866576
20260616,SC2809,518.6,0.0,58.0,-0.04859236405707712
20260616,SC2812,512.3,5.0,47.0,-0.0009009144281445563
20260616,SC2903,508.8,16.0,68.0,-0.044025157232704615
20260616,SC2906,503.2,0.0,2.0,0.0
20260617,SC2607,505.5,9604.0,3671.0,0.11157270029673505
20260617,SC2608,510.2,52664.0,51541.0,0.030576244609956227
20260617,SC2609,511.5,21282.0,23401.0,-0.007038123167155685
20260617,SC2610,511.2,3709.0,5817.0,0.002347417840375954
20260617,SC2611,511.3,753.0,1300.0,0.00704087619792837
20260617,SC2612,511.6,1820.0,7173.0,-0.00018448401577778143
20260617,SC2701,510.9,150.0,452.0,-0.06106870229007555
20260617,SC2702,508.3,32.0,327.0,-0.018886484359630362
20260617,SC2703,507.5,66.0,338.0,0.07802955665024669
20260617,SC2704,510.8,0.0,9.0,0.06342991386060959
20260617,SC2705,513.5,0.0,4.0,-0.0817916260954239
20260617,SC2706,510.0,21.0,47.0,-0.022745098039215428
20260617,SC2709,507.1,7.0,44.0,-0.007887990534411138
20260617,SC2712,506.1,11.0,128.0,-0.0005471706716520121
20260617,SC2803,504.0,0.0,42.0,0.0
20260617,SC2806,504.0,2.0,35.0,-0.07142857142857162
20260617,SC2809,495.0,2.0,57.0,0.045252525252525544
20260617,SC2812,500.6,2.0,46.0,-0.0014751528934509477
20260617,SC2903,495.0,21.0,84.0,0.008080808080808133
20260617,SC2906,496.0,22.0,24.0,0.0
20260618,SC2607,502.2,2824.0,1818.0,0.1505376344086029
20260618,SC2608,508.5,48899.0,53313.0,0.04719764011799299
20260618,SC2609,510.5,21475.0,23369.0,0.014103819784525129
20260618,SC2610,511.1,3956.0,6530.0,0.011739385638819044
20260618,SC2611,511.6,1054.0,1713.0,0.007036747458950998
20260618,SC2612,511.9,1660.0,7163.0,-0.00023705472671759989
20260618,SC2701,511.0,111.0,451.0,-0.0610567514677105
20260618,SC2702,508.4,16.0,328.0,-0.07553107789142333
20260618,SC2703,505.2,33.0,337.0,0.06650831353919173
20260618,SC2704,508.0,1.0,9.0,0.08031496062992005
20260618,SC2705,511.4,3.0,4.0,-0.15017598748533345
20260618,SC2706,505.0,7.0,50.0,0.07207920792079214
20260618,SC2709,514.1,5.0,43.0,-0.10192569539000207
20260618,SC2712,501.0,8.0,123.0,0.0007896295321444939
20260618,SC2803,504.0,0.0,42.0,0.0
20260618,SC2806,504.0,0.0,35.0,0.08730158730158699
20260618,SC2809,515.0,2.0,58.0,-0.10873786407766994
20260618,SC2812,501.0,1.0,46.0,0.0005264196880963486
20260618,SC2903,503.0,1.0,83.0,-0.03976143141153088
20260618,SC2906,498.0,0.0,24.0,0.0
20260622,SC2607,503.0,437.0,1512.0,0.10019880715705654
20260622,SC2608,507.2,24743.0,50948.0,0.08753943217665494
20260622,SC2609,510.9,10464.0,23047.0,0.014092777451557126
20260622,SC2610,511.5,1731.0,6764.0,0.009384164222873359
20260622,SC2611,511.9,191.0,1639.0,0.002344207853097302
20260622,SC2612,512.0,716.0,7193.0,-0.0005793539325842667
20260622,SC2701,509.8,45.0,445.0,-0.023538642604943316
20260622,SC2702,508.8,17.0,336.0,-0.05424528301886866
20260622,SC2703,506.5,37.0,334.0,-0.08292201382033548
20260622,SC2704,503.0,3.0,8.0,0.06441351888668034
20260622,SC2705,505.7,1.0,5.0,0.0071188451651176265
20260622,SC2706,506.0,0.0,50.0,0.03162055335968361
20260622,SC2709,510.0,0.0,43.0,-0.0588235294117645
20260622,SC2712,502.5,0.0,123.0,0.0003936362145317263
20260622,SC2803,504.0,0.0,42.0,0.0
20260622,SC2806,504.0,0.0,35.0,0.04603174603174587
20260622,SC2809,509.8,0.0,58.0,-0.06904668497449995
20260622,SC2812,501.0,0.0,46.0,-0.000526419688096334
20260622,SC2903,499.0,0.0,83.0,-0.04809619238476959
20260622,SC2906,493.0,5.0,29.0,0.0
20260623,SC2607,486.8,828.0,968.0,0.11339359079704181
20260623,SC2608,491.4,39809.0,54918.0,0.0879120879120876
20260623,SC2609,495.0,17825.0,25495.0,0.04363636363636392
20260623,SC2610,496.8,4198.0,7056.0,0.055555555555557135
20260623,SC2611,499.1,1224.0,2027.0,0.014425966740132523
20260623,SC2612,499.7,1790.0,7446.0,-0.0008364569303379749
20260623,SC2701,496.6,78.0,452.0,-0.016915022150624903
20260623,SC2702,495.9,37.0,351.0,0.10889292196007183
20260623,SC2703,500.4,6.0,335.0,-0.11990407673860881
20260623,SC2704,495.4,2.0,8.0,0.10900282599919198
20260623,SC2705,499.9,0.0,5.0,-0.1464292858571712
20260623,SC2706,493.8,3.0,50.0,0.05103280680437461
20260623,SC2709,500.1,0.0,43.0,-0.10477904419116202
20260623,SC2712,487.0,5.0,123.0,0.00240991041812395
20260623,SC2803,495.9,0.0,42.0,-0.04759023996773504
20260623,SC2806,490.0,1.0,35.0,0.038367346938775526
20260623,SC2809,494.7,0.0,58.0,-0.03719425914695762
20260623,SC2812,490.1,2.0,48.0,0.0005112210784522594
20260623,SC2903,492.0,0.0,83.0,-0.03983739837398348
20260623,SC2906,487.1,6.0,35.0,0.0
20260624,SC2607,481.1,900.0,404.0,0.12471419663271632
20260624,SC2608,486.1,38415.0,51833.0,0.09627648631968722
20260624,SC2609,490.0,18190.0,26192.0,0.07346938775510292
20260624,SC2610,493.0,6137.0,7759.0,0.0486815415821491
20260624,SC2611,495.0,1788.0,2437.0,0.03878787878787904
20260624,SC2612,496.6,2001.0,7411.0,-0.00021720734703850917
20260624,SC2701,495.8,75.0,475.0,-0.05808793868495421
20260624,SC2702,493.4,30.0,353.0,0.05593838670449891
20260624,SC2703,495.7,52.0,326.0,0.0
20260624,SC2704,495.7,0.0,8.0,-0.20334879967722408
20260624,SC2705,487.3,1.0,5.0,0.05663862097270833
20260624,SC2706,489.6,6.0,48.0,0.02777777777777768
20260624,SC2709,493.0,1.0,43.0,-0.017038539553752674
20260624,SC2712,490.9,3.0,124.0,0.0013431262158090315
20260624,SC2803,495.9,0.0,42.0,-0.04759023996773504
20260624,SC2806,490.0,0.0,35.0,0.008163265306122547
20260624,SC2809,491.0,3.0,58.0,-0.004073319755600657
20260624,SC2812,490.5,1.0,47.0,0.00040326645831231773
20260624,SC2903,492.0,0.0,83.0,-0.04065040650406493
20260624,SC2906,487.0,0.0,35.0,0.0
20260625,SC2607,459.3,169.0,358.0,0.1149575440888313
20260625,SC2608,463.7,61958.0,48314.0,0.08281216303644623
20260625,SC2609,466.9,28223.0,26820.0,0.11308631398586488
20260625,SC2610,471.3,11116.0,7998.0,0.08147676639083379
20260625,SC2611,474.5,2209.0,2753.0,0.05563751317176013
20260625,SC2612,476.7,5327.0,7221.0,0.0006505398773873718
20260625,SC2701,479.0,445.0,476.0,0.04008350730688903
20260625,SC2702,480.6,199.0,366.0,0.009987515605491382
20260625,SC2703,481.0,28.0,319.0,0.009979209979208647
20260625,SC2704,481.4,4.0,8.0,0.0
20260625,SC2705,481.4,8.0,9.0,-0.047361861238055525
20260625,SC2706,479.5,6.0,45.0,0.013347236704901455
20260625,SC2709,481.1,4.0,41.0,-0.05071710663063822
20260625,SC2712,475.0,13.0,120.0,0.002776171197223837
20260625,SC2803,485.0,17.0,39.0,-0.07340206185567011
20260625,SC2806,476.1,2.0,34.0,0.032766225582860464
20260625,SC2809,480.0,14.0,68.0,-0.008333333333333304
20260625,SC2812,479.0,4.0,50.0,0.0016242630021335528
20260625,SC2903,484.9,11.0,81.0,-0.03547123118168649
20260625,SC2906,480.6,9.0,42.0,0.0
20260626,SC2607,458.9,117.0,283.0,0.21704074961865416
20260626,SC2608,467.2,65508.0,47562.0,0.11044520547945158
20260626,SC2609,471.5,25234.0,27016.0,0.10689289501590515
20260626,SC2610,475.7,9732.0,9392.0,0.1135169224301027
20260626,SC2611,480.2,2139.0,3052.0,0.08996251561849267
20260626,SC2612,483.8,3354.0,7388.0,0.0005295158645740033
20260626,SC2701,485.7,162.0,497.0,0.01976528721432924
20260626,SC2702,486.5,65.0,396.0,0.02466598150051258
20260626,SC2703,487.5,66.0,330.0,-0.05415384615384644
20260626,SC2704,485.3,0.0,8.0,0.07170822171852276
20260626,SC2705,488.2,1.0,9.0,-0.13273248668578352
20260626,SC2706,482.8,1.0,46.0,-0.006628003314001596
20260626,SC2709,482.0,1.0,42.0,-0.004979253112033177
20260626,SC2712,481.4,1.0,121.0,0.0009861347626200201
20260626,SC2803,485.0,1.0,39.0,0.06103092783505115
20260626,SC2806,492.4,1.0,34.0,0.07961007311129187
20260626,SC2809,502.2,1.0,68.0,-0.14336917562724016
20260626,SC2812,484.2,0.0,50.0,0.0019880986423737473
20260626,SC2903,491.5,1.0,80.0,-0.017904374364191344
20260626,SC2906,489.3,4.0,44.0,0.0
