date,symbol,close,volume,open_interest,roll_yield
20250526,MA2506,2241.0,583.0,8164.0,-0.0375419300613717
20250526,MA2507,2234.0,13272.0,11259.0,-0.0322725429836558
20250526,MA2508,2228.0,4131.0,1886.0,-0.0215633481204195
20250526,MA2509,2224.0,639824.0,805879.0,0.0592062201263535
20250526,MA2510,2235.0,113.0,3173.0,0.0695964475909503
20250526,MA2511,2248.0,99.0,4770.0,0.1696141312188566
20250526,MA2512,2280.0,22.0,708.0,0.0682267309130167
20250526,MA2601,2293.0,41081.0,191686.0,-0.0629647268821972
20250526,MA2602,2281.0,9.0,1810.0,-0.0210618746477812
20250526,MA2603,2277.0,35.0,1536.0,-0.0369474670594956
20250526,MA2604,2270.0,16.0,81.0,-0.1650059265203228
20250526,MA2605,2239.0,482.0,1008.0,0.0
20250527,MA2506,2230.0,1056.0,7564.0,-0.0377274058796142
20250527,MA2507,2223.0,19530.0,11932.0,-0.0378463931642661
20250527,MA2508,2216.0,7153.0,1299.0,-0.0433996856422626
20250527,MA2509,2208.0,798348.0,822559.0,0.0758467536310735
20250527,MA2510,2222.0,290.0,3285.0,0.0646321131548481
20250527,MA2511,2234.0,194.0,4800.0,0.2024016025427522
20250527,MA2512,2272.0,65.0,747.0,0.052701006971748
20250527,MA2601,2282.0,67562.0,201130.0,-0.0368663884436416
20250527,MA2602,2275.0,7.0,1809.0,-0.063464229018161
20250527,MA2603,2263.0,82.0,1544.0,-0.0478194124057891
20250527,MA2604,2254.0,6.0,81.0,-0.1338403345662324
20250527,MA2605,2229.0,534.0,1291.0,0.0
20250528,MA2506,2229.0,1113.0,6759.0,-0.0701914262243329
20250528,MA2507,2216.0,11536.0,12160.0,-0.0271064041167379
20250528,MA2508,2211.0,5628.0,1696.0,-0.027167772527982
20250528,MA2509,2206.0,533144.0,840031.0,0.0759153006345285
20250528,MA2510,2220.0,164.0,3295.0,0.0700653236859935
20250528,MA2511,2233.0,99.0,4761.0,0.1919187952762064
20250528,MA2512,2269.0,15.0,738.0,0.0527705335901096
20250528,MA2601,2279.0,34623.0,200146.0,-0.0527705335901109
20250528,MA2602,2269.0,5.0,1811.0,-0.037077937245311
20250528,MA2603,2262.0,19.0,1547.0,-0.0159256824967495
20250528,MA2604,2259.0,24.0,83.0,-0.1981745552211349
20250528,MA2605,2222.0,151.0,1301.0,0.0
20250529,MA2506,2239.0,2740.0,5019.0,-0.0698770171591762
20250529,MA2507,2226.0,22216.0,10355.0,-0.0323886836299806
20250529,MA2508,2220.0,5455.0,1796.0,-0.0108156834721533
20250529,MA2509,2218.0,911793.0,849416.0,0.059365985706677
20250529,MA2510,2229.0,162.0,3283.0,0.0751344136120747
20250529,MA2511,2243.0,199.0,4733.0,0.1752631287121584
20250529,MA2512,2276.0,13.0,745.0,0.068346296476143
20250529,MA2601,2289.0,61517.0,206572.0,-0.0841739532002816
20250529,MA2602,2273.0,9.0,1813.0,-0.0211360688724182
20250529,MA2603,2269.0,90.0,1546.0,-0.0476927101621213
20250529,MA2604,2260.0,4.0,83.0,-0.1496012251815605
20250529,MA2605,2232.0,847.0,1646.0,0.0
20250530,MA2506,2244.0,935.0,4266.0,-0.1182275573161391
20250530,MA2507,2222.0,16454.0,8499.0,-0.0378634526440721
20250530,MA2508,2215.0,7526.0,3535.0,-0.0379833009870012
20250530,MA2509,2208.0,701459.0,824339.0,0.0596341864272951
20250530,MA2510,2219.0,181.0,3253.0,0.0647192579992634
20250530,MA2511,2231.0,360.0,4642.0,0.1920894728999567
20250530,MA2512,2267.0,72.0,729.0,0.0422721705302614
20250530,MA2601,2275.0,73634.0,209880.0,-0.0528635216149965
20250530,MA2602,2265.0,6.0,1814.0,-0.047777103590219
20250530,MA2603,2256.0,71.0,1542.0,-0.0266252605346069
20250530,MA2604,2251.0,6.0,83.0,-0.1826355754850489
20250530,MA2605,2217.0,454.0,1805.0,0.0
20250603,MA2506,2272.0,476.0,3791.0,-0.1809346916300572
20250603,MA2507,2238.0,6383.0,7987.0,-0.0375923332720559
20250603,MA2508,2231.0,7528.0,7287.0,-0.0323159979863029
20250603,MA2509,2225.0,737761.0,841450.0,0.0913369083811762
20250603,MA2510,2242.0,4423.0,6167.0,0.0587320416016711
20250603,MA2511,2253.0,5223.0,8268.0,0.1166086914336755
20250603,MA2512,2275.0,79.0,719.0,0.0736198628101911
20250603,MA2601,2289.0,62909.0,215335.0,-0.0841739532002816
20250603,MA2602,2273.0,11.0,1817.0,0.0158276567241394
20250603,MA2603,2276.0,70.0,1549.0,-0.0899673453386189
20250603,MA2604,2259.0,17.0,87.0,-0.1496678644256485
20250603,MA2605,2231.0,723.0,2013.0,0.0
20250604,MA2506,2318.0,236.0,3605.0,-0.1878299217321134
20250604,MA2507,2282.0,12024.0,6988.0,-0.0157860141160403
20250604,MA2508,2279.0,24637.0,18609.0,-0.0474830252428307
20250604,MA2509,2270.0,1109065.0,835598.0,0.0632690393588699
20250604,MA2510,2282.0,18838.0,19355.0,0.0262639632091228
20250604,MA2511,2287.0,18003.0,24545.0,0.1822556188206672
20250604,MA2512,2322.0,105.0,732.0,0.0412726116229136
20250604,MA2601,2330.0,81623.0,212171.0,-0.1086448464630105
20250604,MA2602,2309.0,10.0,1816.0,0.0311418859900687
20250604,MA2603,2315.0,82.0,1544.0,-0.0988945089705295
20250604,MA2604,2296.0,21.0,89.0,-0.1366637635681037
20250604,MA2605,2270.0,823.0,2146.0,0.0
20250605,MA2506,2290.0,21.0,3584.0,-0.078861181958814
20250605,MA2507,2275.0,5101.0,6427.0,-0.0211174713539083
20250605,MA2508,2271.0,17047.0,22477.0,-0.0635763076506619
20250605,MA2509,2259.0,741486.0,812450.0,0.0582911280893401
20250605,MA2510,2270.0,15585.0,24372.0,0.0527473376764575
20250605,MA2511,2280.0,17358.0,38843.0,0.1568649788082324
20250605,MA2512,2310.0,38.0,722.0,0.0466624048763084
20250605,MA2601,2319.0,54103.0,209770.0,-0.0935069666419892
20250605,MA2602,2301.0,12.0,1820.0,0.0104257174238307
20250605,MA2603,2303.0,42.0,1543.0,-0.0679296392687983
20250605,MA2604,2290.0,4.0,89.0,-0.1423254109769759
20250605,MA2605,2263.0,758.0,2610.0,0.0
20250606,MA2506,2286.0,64.0,3520.0,-0.047337339492196
20250606,MA2507,2277.0,6839.0,6296.0,-0.0158207010390986
20250606,MA2508,2274.0,14474.0,25733.0,-0.0528868198488929
20250606,MA2509,2264.0,607691.0,799644.0,0.0687075208879932
20250606,MA2510,2277.0,18698.0,25792.0,0.0473373394921959
20250606,MA2511,2286.0,16952.0,46515.0,0.1719899148093088
20250606,MA2512,2319.0,35.0,721.0,0.0413259125611206
20250606,MA2601,2327.0,49224.0,209084.0,-0.1191976978381187
20250606,MA2602,2304.0,7.0,1821.0,0.0312093804006892
20250606,MA2603,2310.0,36.0,1540.0,-0.0834060699182782
20250606,MA2604,2294.0,4.0,87.0,-0.1262062465664123
20250606,MA2605,2270.0,775.0,2813.0,0.0
20250609,MA2506,2291.0,486.0,3436.0,0.010471204852908
20250609,MA2507,2293.0,4552.0,6306.0,-0.0314410660214797
20250609,MA2508,2287.0,11138.0,26718.0,-0.052585535508498
20250609,MA2509,2277.0,590228.0,819092.0,0.0630750466659254
20250609,MA2510,2289.0,16016.0,27046.0,0.0523104577273774
20250609,MA2511,2299.0,10549.0,48031.0,0.1607282615587771
20250609,MA2512,2330.0,56.0,724.0,0.0411311456672099
20250609,MA2601,2338.0,42943.0,214472.0,-0.0927441284598969
20250609,MA2602,2320.0,8.0,1820.0,-0.0051735288578876
20250609,MA2603,2319.0,15.0,1541.0,-0.1043958480590842
20250609,MA2605,2279.0,620.0,2816.0,0.0
20250610,MA2506,2303.0,590.0,2915.0,-0.0365297085747375
20250610,MA2507,2296.0,5800.0,7239.0,-0.0471307610001113
20250610,MA2508,2287.0,11879.0,27691.0,-0.0578567853187152
20250610,MA2509,2276.0,661705.0,832017.0,0.068346296476143
20250610,MA2510,2289.0,20648.0,29271.0,0.0627452409935913
20250610,MA2511,2301.0,15853.0,51988.0,0.1605894892202067
20250610,MA2512,2332.0,66.0,702.0,0.0308351347395685
20250610,MA2601,2338.0,61491.0,223696.0,-0.0669098881266844
20250610,MA2602,2325.0,20.0,1827.0,-0.0103270230125704
20250610,MA2603,2323.0,26.0,1535.0,-0.0673431510548384
20250610,MA2604,2310.0,4.0,86.0,-0.1621292912418598
20250610,MA2605,2279.0,555.0,2941.0,0.0
20250611,MA2506,2309.0,100.0,2815.0,-0.046864889247051
20250611,MA2507,2300.0,34410.0,7921.0,-0.041811888991331
20250611,MA2508,2292.0,10341.0,29196.0,-0.0524705689513103
20250611,MA2509,2282.0,497262.0,827472.0,0.062937207207541
20250611,MA2510,2294.0,17664.0,28938.0,0.0730119592640909
20250611,MA2511,2308.0,16255.0,51746.0,0.1601056674742661
20250611,MA2512,2339.0,14.0,706.0,0.0307429715544079
20250611,MA2601,2345.0,42831.0,224805.0,-0.1131113773196468
20250611,MA2602,2323.0,1.0,1826.0,0.0515464710122505
20250611,MA2603,2333.0,13.0,1534.0,-0.0774029774607952
20250611,MA2604,2318.0,1.0,87.0,-0.1510764473655636
20250611,MA2605,2289.0,265.0,2891.0,0.0
20250612,MA2507,2306.0,6061.0,5236.0,-0.0260473295236612
20250612,MA2508,2301.0,12832.0,29613.0,-0.057503921844967
20250612,MA2509,2290.0,548300.0,809827.0,0.0679296392687984
20250612,MA2510,2303.0,14195.0,28597.0,0.0830812492181582
20250612,MA2511,2319.0,12172.0,52253.0,0.1389083034946686
20250612,MA2512,2346.0,27.0,699.0,0.0357523141672996
20250612,MA2601,2353.0,47528.0,231857.0,-0.0818766502620542
20250612,MA2602,2337.0,8.0,1825.0,-0.0051358870888836
20250612,MA2603,2336.0,16.0,1531.0,-0.0360128887653204
20250612,MA2604,2329.0,28.0,81.0,-0.1817036663402994
20250612,MA2605,2294.0,512.0,2908.0,0.0
20250613,MA2507,2397.0,7164.0,4376.0,0.0200083414424262
20250613,MA2508,2401.0,26143.0,32360.0,-0.0601253867453236
20250613,MA2509,2389.0,1689954.0,761315.0,0.0250888655053069
20250613,MA2510,2394.0,36737.0,28854.0,0.0150281797975904
20250613,MA2511,2397.0,27252.0,51289.0,0.1195526700440888
20250613,MA2512,2421.0,396.0,867.0,0.0099091665416063
20250613,MA2601,2423.0,178328.0,225511.0,-0.1044566181191629
20250613,MA2602,2402.0,71.0,1810.0,0.0099875161820324
20250613,MA2603,2404.0,152.0,1525.0,-0.1204023478749337
20250613,MA2604,2380.0,66.0,73.0,-0.1420134917640335
20250613,MA2605,2352.0,2306.0,2828.0,0.0
20250616,MA2507,2504.0,12071.0,6241.0,0.0239377697571978
20250616,MA2508,2509.0,195863.0,47406.0,-0.2171786605561431
20250616,MA2509,2464.0,2593634.0,820106.0,-0.034139425586775
20250616,MA2510,2457.0,35713.0,30947.0,0.0
20250616,MA2511,2457.0,32835.0,52798.0,0.004883011257613
20250616,MA2512,2458.0,390.0,922.0,0.029256414329163
20250616,MA2601,2464.0,222183.0,218509.0,-0.1076240397931245
20250616,MA2602,2442.0,178.0,1817.0,-0.019672135553198
20250616,MA2603,2438.0,205.0,1529.0,-0.0839682372379004
20250616,MA2604,2421.0,52.0,71.0,-0.1295693651165139
20250616,MA2605,2395.0,2570.0,3346.0,0.0
20250617,MA2507,2495.0,4199.0,4570.0,-0.0192539150812631
20250617,MA2508,2491.0,57823.0,40935.0,-0.1746897004027134
20250617,MA2509,2455.0,2061228.0,816410.0,-0.0440726877780388
20250617,MA2510,2446.0,17066.0,29855.0,0.0
20250617,MA2511,2446.0,17702.0,51389.0,0.0147088884606004
20250617,MA2512,2449.0,247.0,947.0,0.0293637993174397
20250617,MA2601,2455.0,175703.0,208776.0,-0.1080203693411804
20250617,MA2602,2433.0,96.0,1809.0,0.0098603127980112
20250617,MA2603,2435.0,99.0,1526.0,-0.079110298879955
20250617,MA2604,2419.0,23.0,73.0,-0.1598026112543663
20250617,MA2605,2387.0,1694.0,3589.0,-0.0201257908810554
20250617,MA2606,2383.0,10.0,6.0,0.0
20250618,MA2507,2547.0,3932.0,3761.0,0.0141259580761779
20250618,MA2508,2550.0,51415.0,36892.0,-0.1563077162058715
20250618,MA2509,2517.0,2280427.0,891921.0,-0.0573477793962083
20250618,MA2510,2505.0,16807.0,29907.0,-0.0191769916961539
20250618,MA2511,2501.0,25736.0,50757.0,-0.0384461682487337
20250618,MA2512,2493.0,567.0,1013.0,0.0336471279928115
20250618,MA2601,2500.0,146252.0,222810.0,-0.1886755255828343
20250618,MA2602,2461.0,24.0,1809.0,0.0048750762401166
20250618,MA2603,2462.0,85.0,1530.0,-0.1421875675305149
20250618,MA2604,2433.0,29.0,75.0,-0.123942436257732
20250618,MA2605,2408.0,2111.0,3452.0,-0.00997091872905
20250618,MA2606,2406.0,17.0,16.0,0.0
20250619,MA2507,2573.0,3196.0,4257.0,0.0139832993099998
20250619,MA2508,2576.0,53415.0,37006.0,-0.1547198616254953
20250619,MA2509,2543.0,2908067.0,909435.0,-0.0709921218644585
20250619,MA2510,2528.0,22033.0,28156.0,-0.0285148649025982
20250619,MA2511,2522.0,28800.0,50581.0,-0.0381255284960654
20250619,MA2512,2514.0,763.0,1068.0,0.0047723206037629
20250619,MA2601,2515.0,170910.0,226339.0,-0.1343476647652188
20250619,MA2602,2487.0,31.0,1812.0,-0.0338232557325215
20250619,MA2603,2480.0,74.0,1536.0,-0.1313615388064624
20250619,MA2604,2453.0,40.0,79.0,-0.1972917436014906
20250619,MA2605,2413.0,2027.0,4150.0,-0.0049740933354679
20250619,MA2606,2412.0,38.0,23.0,0.0
20250620,MA2507,2554.0,1200.0,4011.0,-0.0235155865964295
20250620,MA2508,2549.0,37453.0,37526.0,-0.094525892473803
20250620,MA2509,2529.0,2003086.0,884704.0,-0.0570750184157911
20250620,MA2510,2517.0,16315.0,27717.0,-0.0286396317327702
20250620,MA2511,2511.0,19675.0,54135.0,0.0
20250620,MA2512,2511.0,380.0,1030.0,0.0
20250620,MA2601,2511.0,127106.0,226235.0,-0.1732882098575323
20250620,MA2602,2475.0,22.0,1819.0,-0.0145542771025115
20250620,MA2603,2472.0,60.0,1523.0,-0.0828093401875254
20250620,MA2604,2455.0,18.0,72.0,-0.1574438329451424
20250620,MA2605,2423.0,1927.0,4818.0,0.0197938189209086
20250620,MA2606,2427.0,81.0,70.0,0.0
20250623,MA2507,2540.0,839.0,3805.0,-0.0094525408589918
20250623,MA2508,2538.0,30438.0,35015.0,-0.1618429926521261
20250623,MA2509,2504.0,2496954.0,993459.0,-0.0239856166204413
20250623,MA2510,2499.0,19112.0,29030.0,-0.0144144161476095
20250623,MA2511,2496.0,22663.0,55853.0,0.0144144161476097
20250623,MA2512,2499.0,558.0,1034.0,-0.0336606111313033
20250623,MA2601,2492.0,162525.0,242840.0,-0.1064094034238504
20250623,MA2602,2470.0,29.0,1819.0,-0.0243161177427883
20250623,MA2603,2465.0,93.0,1547.0,-0.1814872115688187
20250623,MA2604,2428.0,18.0,64.0,-0.1092270677371758
20250623,MA2605,2406.0,2187.0,5228.0,0.0149532729629658
20250623,MA2606,2409.0,18.0,82.0,0.0
20250624,MA2507,2423.0,1530.0,3006.0,-0.1595370402984119
20250624,MA2508,2391.0,50186.0,31317.0,-0.0603774858644051
20250624,MA2509,2379.0,2891579.0,896735.0,0.0251942145873922
20250624,MA2510,2384.0,26175.0,28539.0,0.0201173559270282
20250624,MA2511,2388.0,37697.0,58587.0,0.1100466236664946
20250624,MA2512,2410.0,510.0,1062.0,-0.0149470644195446
20250624,MA2601,2407.0,241821.0,237560.0,-0.1555530876064369
20250624,MA2602,2376.0,62.0,1817.0,0.0050494425319006
20250624,MA2603,2377.0,112.0,1537.0,-0.0759656472346356
20250624,MA2604,2362.0,63.0,68.0,-0.2101270857944472
20250624,MA2605,2321.0,4601.0,5316.0,0.0618823889639143
20250624,MA2606,2333.0,56.0,87.0,0.0
20250625,MA2507,2429.0,619.0,2602.0,-0.0743343281363478
20250625,MA2508,2414.0,20568.0,30149.0,-0.1148812103898245
20250625,MA2509,2391.0,1052872.0,904459.0,0.0350804175496166
20250625,MA2510,2398.0,11177.0,28974.0,0.0249948017881115
20250625,MA2511,2403.0,16891.0,59551.0,0.0945082605188231
20250625,MA2512,2422.0,106.0,1096.0,-0.0247985209146546
20250625,MA2601,2417.0,80377.0,242523.0,-0.1147379350267743
20250625,MA2602,2394.0,18.0,1809.0,-0.0200668943083452
20250625,MA2603,2390.0,19.0,1541.0,-0.126184127994276
20250625,MA2604,2365.0,13.0,68.0,-0.1892219048964593
20250625,MA2605,2328.0,1195.0,5235.0,0.0565674927942068
20250625,MA2606,2339.0,7.0,88.0,0.0
20250626,MA2507,2450.0,411.0,2328.0,-0.0392477864174726
20250626,MA2508,2442.0,28569.0,25800.0,-0.123483287606003
20250626,MA2509,2417.0,1620777.0,857159.0,0.0247985209146534
20250626,MA2510,2422.0,16276.0,28255.0,0.0148545511025532
20250626,MA2511,2425.0,20853.0,58185.0,0.0444536421106657
20250626,MA2512,2434.0,91.0,1119.0,-0.0049311691673985
20250626,MA2601,2433.0,104564.0,230316.0,-0.2039427325560029
20250626,MA2602,2392.0,11.0,1805.0,0.025057432366343
20250626,MA2603,2397.0,23.0,1538.0,-0.1612792021002125
20250626,MA2604,2365.0,10.0,69.0,-0.1480554837349877
20250626,MA2605,2336.0,1581.0,5519.0,0.0205303728435526
20250626,MA2606,2340.0,62.0,38.0,0.0
20250627,MA2507,2434.0,243.0,2101.0,-0.039506208521724
20250627,MA2508,2426.0,19482.0,20099.0,-0.1643520191474648
20250627,MA2509,2393.0,986560.0,784498.0,0.0250469721490354
20250627,MA2510,2398.0,16138.0,27710.0,0.0249948017881115
20250627,MA2511,2403.0,20534.0,55307.0,0.1044133374328341
20250627,MA2512,2424.0,490.0,1051.0,-0.0247780389501342
20250627,MA2601,2419.0,50808.0,226787.0,-0.084630095641181
20250627,MA2602,2402.0,109.0,1785.0,-0.0500626508328779
20250627,MA2603,2392.0,50.0,1535.0,-0.1362217697338677
20250627,MA2604,2365.0,18.0,77.0,-0.1892219048964593
20250627,MA2605,2328.0,884.0,5594.0,0.0360283350200308
20250627,MA2606,2335.0,1.0,39.0,0.0
20250630,MA2507,2428.0,297.0,1828.0,-0.0346463428959647
20250630,MA2508,2421.0,16476.0,15309.0,-0.1999213254143479
20250630,MA2509,2381.0,863085.0,759976.0,0.0352275363075583
20250630,MA2510,2388.0,20058.0,25615.0,0.045141119062699
20250630,MA2511,2397.0,27888.0,53412.0,0.0997097552291832
20250630,MA2512,2417.0,79.0,1073.0,-0.0198757809414149
20250630,MA2601,2413.0,44800.0,226893.0,-0.0798339742877685
20250630,MA2602,2397.0,42.0,1786.0,0.0050052138369016
20250630,MA2603,2398.0,81.0,1571.0,-0.171359484737649
20250630,MA2604,2364.0,40.0,78.0,-0.1996207260543851
20250630,MA2605,2325.0,697.0,5635.0,0.0463619379005356
20250630,MA2606,2334.0,21.0,42.0,0.0
20250701,MA2507,2406.0,118.0,1710.0,0.0943908820435118
20250701,MA2508,2425.0,8505.0,14275.0,-0.2046213022361186
20250701,MA2509,2384.0,819352.0,756727.0,0.0402010426233843
20250701,MA2510,2392.0,30533.0,31383.0,0.0400668151861755
20250701,MA2511,2400.0,36270.0,58469.0,0.0896641780644126
20250701,MA2512,2418.0,5040.0,5401.0,0.0099214557119279
20250701,MA2601,2420.0,64564.0,229088.0,-0.134636774908305
20250701,MA2602,2393.0,906.0,2686.0,0.0300500991758542
20250701,MA2603,2399.0,910.0,2467.0,-0.2170406168186068
20250701,MA2604,2356.0,6.0,77.0,-0.1125807830997127
20250701,MA2605,2334.0,1134.0,5666.0,0.0308087460629488
20250701,MA2606,2340.0,16.0,46.0,0.0
20250702,MA2507,2443.0,31.0,1679.0,-0.054153938060194
20250702,MA2508,2432.0,7111.0,12205.0,-0.138959369171513
20250702,MA2509,2404.0,696260.0,736161.0,0.0398671463037343
20250702,MA2510,2412.0,28910.0,28691.0,0.0446927890917899
20250702,MA2511,2421.0,30692.0,57918.0,0.0790451602457736
20250702,MA2512,2437.0,3334.0,8151.0,-0.014781360932805
20250702,MA2601,2434.0,48888.0,230431.0,-0.074181155249343
20250702,MA2602,2419.0,10.0,2685.0,-0.0099255588785308
20250702,MA2603,2417.0,16.0,2465.0,-0.1348048293351205
20250702,MA2604,2390.0,5.0,77.0,-0.2127535677308307
20250702,MA2605,2348.0,808.0,5641.0,0.0509988017919494
20250702,MA2606,2358.0,9.0,49.0,0.0
20250703,MA2507,2418.0,14.0,1665.0,0.0742117393054142
20250703,MA2508,2433.0,5207.0,10508.0,-0.0940792935125497
20250703,MA2509,2414.0,705831.0,706992.0,0.0397022694667286
20250703,MA2510,2422.0,20738.0,29097.0,0.0346320586696182
20250703,MA2511,2429.0,22421.0,60700.0,0.0935005755605301
20250703,MA2512,2448.0,8394.0,14415.0,0.0097999188786715
20250703,MA2601,2450.0,59507.0,226590.0,-0.0638429989627967
20250703,MA2602,2437.0,24.0,2673.0,-0.0542875694545287
20250703,MA2603,2426.0,51.0,2443.0,-0.1343019199716106
20250703,MA2604,2399.0,8.0,77.0,-0.1662146196163493
20250703,MA2605,2366.0,1677.0,6078.0,0.0354505427691765
20250703,MA2606,2373.0,18.0,48.0,0.0
20250704,MA2507,2398.0,19.0,1646.0,0.1095898027592696
20250704,MA2508,2420.0,4920.0,10315.0,-0.1045866757324496
20250704,MA2509,2399.0,704431.0,694763.0,0.0399500993205277
20250704,MA2510,2407.0,33898.0,30584.0,0.0447854552596036
20250704,MA2511,2416.0,29145.0,62997.0,0.0989288373009847
20250704,MA2512,2436.0,7462.0,18934.0,0.0049250975450239
20250704,MA2601,2437.0,50828.0,227962.0,-0.0740895541460235
20250704,MA2602,2422.0,28.0,2677.0,-0.0347322963163743
20250704,MA2603,2415.0,23.0,2452.0,-0.1248710539334003
20250704,MA2604,2390.0,10.0,70.0,-0.1719372018489483
20250704,MA2605,2356.0,1183.0,6142.0,0.0254399077684283
20250704,MA2606,2361.0,16.0,53.0,0.0
20250707,MA2507,2372.0,41.0,1632.0,0.110785512003628
20250707,MA2508,2394.0,5939.0,9574.0,-0.0100292525687538
20250707,MA2509,2392.0,547156.0,685709.0,0.0400668151861755
20250707,MA2510,2400.0,23801.0,29724.0,0.0498961217839641
20250707,MA2511,2410.0,26250.0,63707.0,0.1090465992162829
20250707,MA2512,2432.0,9732.0,20894.0,0.0147935091675908
20250707,MA2601,2435.0,47969.0,232447.0,-0.0989696331602053
20250707,MA2602,2415.0,27.0,2682.0,0.0
20250707,MA2603,2415.0,86.0,2452.0,-0.1500019531707779
20250707,MA2604,2385.0,9.0,70.0,-0.1366238667015042
20250707,MA2605,2358.0,1088.0,6086.0,0.0558494767376308
20250707,MA2606,2369.0,5.0,49.0,0.0
20250708,MA2507,2353.0,1.0,1633.0,0.1922469447715468
20250708,MA2508,2391.0,6811.0,9289.0,-0.0906805322707333
20250708,MA2509,2373.0,623078.0,694298.0,0.0655601546651746
20250708,MA2510,2386.0,23148.0,30861.0,0.0652039221819971
20250708,MA2511,2399.0,23851.0,64488.0,0.0996269732439929
20250708,MA2512,2419.0,5832.0,23212.0,0.0049597024884585
20250708,MA2601,2420.0,55099.0,233976.0,-0.0297890099190636
20250708,MA2602,2414.0,13.0,2682.0,-0.0398340614742311
20250708,MA2603,2406.0,20.0,2453.0,-0.1102304201926059
20250708,MA2604,2384.0,12.0,73.0,-0.1877019880106018
20250708,MA2605,2347.0,1300.0,5872.0,0.0662844260235865
20250708,MA2606,2360.0,1.0,50.0,0.0
20250709,MA2508,2384.0,8095.0,10762.0,-0.0605552168114912
20250709,MA2509,2372.0,817883.0,711306.0,0.1157969967287957
20250709,MA2510,2395.0,23076.0,29293.0,0.064959559004352
20250709,MA2511,2408.0,23236.0,62858.0,0.1190092398881511
20250709,MA2512,2432.0,5424.0,23795.0,0.0098643655369785
20250709,MA2601,2434.0,82008.0,239487.0,-0.064263799312968
20250709,MA2602,2421.0,10.0,2683.0,-0.0297766902166247
20250709,MA2603,2415.0,43.0,2459.0,-0.19537062724965
20250709,MA2604,2376.0,2.0,73.0,-0.0810813895545571
20250709,MA2605,2360.0,1426.0,6413.0,-0.0101738030680747
20250709,MA2606,2358.0,18.0,56.0,0.0
20250710,MA2508,2406.0,5694.0,11128.0,-0.0399667313659753
20250710,MA2509,2398.0,676921.0,695469.0,0.1195030623069351
20250710,MA2510,2422.0,27804.0,27804.0,0.0691644566010016
20250710,MA2511,2436.0,26738.0,62067.0,0.1127689606368579
20250710,MA2512,2459.0,5069.0,24243.0,0.0195042708521453
20250710,MA2601,2463.0,80558.0,249088.0,-0.0439292741961737
20250710,MA2602,2454.0,22.0,2680.0,-0.0489996597524492
20250710,MA2603,2444.0,78.0,2454.0,-0.128343469400975
20250710,MA2604,2418.0,11.0,71.0,-0.1900831741106117
20250710,MA2605,2380.0,872.0,6437.0,0.0050409578561088
20250710,MA2606,2381.0,12.0,49.0,0.0
20250711,MA2508,2373.0,35816.0,12437.0,-0.0151802676790409
20250711,MA2509,2370.0,707279.0,685272.0,0.1309287012739561
20250711,MA2510,2396.0,26590.0,29453.0,0.0898133090656417
20250711,MA2511,2414.0,24592.0,62447.0,0.1088667260677303
20250711,MA2512,2436.0,3615.0,24232.0,0.0344333091354328
20250711,MA2601,2443.0,82019.0,247170.0,-0.0196640765018421
20250711,MA2602,2439.0,2.0,2680.0,-0.0888892953343416
20250711,MA2603,2421.0,30.0,2460.0,-0.0446927890917892
20250711,MA2604,2412.0,11.0,70.0,-0.205733661380047
20250711,MA2605,2371.0,843.0,6519.0,0.0303285755374607
20250711,MA2606,2377.0,6.0,47.0,0.0
20250714,MA2507,2380.0,830.0,0.0,0.0603521808600235
20250714,MA2508,2392.0,7531.0,7119.0,0.0200501299778126
20250714,MA2509,2396.0,724750.0,655519.0,0.124559972432623
20250714,MA2510,2421.0,26177.0,29528.0,0.0741200627007496
20250714,MA2511,2436.0,25180.0,63110.0,0.1078879355543104
20250714,MA2512,2458.0,5141.0,23595.0,0.0243852959346937
20250714,MA2601,2463.0,74002.0,242734.0,-0.0880199545387856
20250714,MA2602,2445.0,255.0,2931.0,-0.0147329668598688
20250714,MA2603,2442.0,288.0,2720.0,-0.1334170630077232
20250714,MA2604,2415.0,16.0,80.0,-0.1349170988901642
20250714,MA2605,2388.0,1306.0,6634.0,0.0
20250714,MA2606,2388.0,16.0,48.0,0.0
20250715,MA2508,2370.0,3305.0,4979.0,0.0807404223442141
20250715,MA2509,2386.0,587203.0,650875.0,0.1201010859220713
20250715,MA2510,2410.0,19694.0,29825.0,0.0892935083362581
20250715,MA2511,2428.0,19247.0,63663.0,0.0984418974339348
20250715,MA2512,2448.0,7884.0,24036.0,0.0342647591568509
20250715,MA2601,2455.0,61084.0,245351.0,-0.0833847622488494
20250715,MA2602,2438.0,304.0,3193.0,-0.0443805724685322
20250715,MA2603,2429.0,264.0,2969.0,-0.0892566098520174
20250715,MA2604,2411.0,4.0,79.0,-0.1653816111653273
20250715,MA2605,2378.0,970.0,6643.0,0.0
20250715,MA2606,2378.0,54.0,68.0,0.0
20250716,MA2508,2347.0,2860.0,3528.0,0.1018249639555244
20250716,MA2509,2367.0,448911.0,654082.0,0.1260780666784622
20250716,MA2510,2392.0,12355.0,29168.0,0.0849826505321883
20250716,MA2511,2409.0,20998.0,64403.0,0.1041544046366737
20250716,MA2512,2430.0,12788.0,24498.0,0.0197368465545389
20250716,MA2601,2434.0,46525.0,239316.0,-0.0494031162992087
20250716,MA2602,2424.0,7.0,3193.0,-0.029739792173605
20250716,MA2603,2418.0,24.0,2980.0,-0.1146902559566689
20250716,MA2604,2395.0,2.0,80.0,-0.1715756731140322
20250716,MA2605,2361.0,693.0,6661.0,0.0456563645239661
20250716,MA2606,2370.0,15.0,77.0,-0.0050643596446973
20250716,MA2607,2369.0,4.0,4.0,0.0
20250717,MA2508,2350.0,1127.0,2805.0,0.116875791570706
20250717,MA2509,2373.0,449450.0,653886.0,0.1257609498203519
20250717,MA2510,2398.0,10414.0,29793.0,0.0847707659905622
20250717,MA2511,2415.0,14596.0,63695.0,0.0891093203621937
20250717,MA2512,2433.0,4860.0,24346.0,0.0246356070923294
20250717,MA2601,2438.0,47490.0,244048.0,-0.0839682372379004
20250717,MA2602,2421.0,18.0,3185.0,-0.0099173559363742
20250717,MA2603,2419.0,35.0,2981.0,-0.0896269726652878
20250717,MA2604,2401.0,4.0,82.0,-0.1812875435426379
20250717,MA2605,2365.0,790.0,6751.0,0.0354655102989915
20250717,MA2606,2372.0,23.0,95.0,0.0202190443790333
20250717,MA2607,2376.0,27.0,29.0,0.0
20250718,MA2508,2336.0,660.0,2437.0,0.148055483734989
20250718,MA2509,2365.0,642109.0,669737.0,0.131203998387496
20250718,MA2510,2391.0,16956.0,30214.0,0.0850180676446426
20250718,MA2511,2408.0,23052.0,61927.0,0.0943127915746764
20250718,MA2512,2427.0,9319.0,24750.0,0.0345608138504536
20250718,MA2601,2434.0,75680.0,244818.0,-0.069221452760885
20250718,MA2602,2420.0,6.0,3189.0,0.0
20250718,MA2603,2420.0,15.0,2990.0,-0.1095898027592696
20250718,MA2604,2398.0,8.0,85.0,-0.171359484737649
20250718,MA2605,2364.0,1074.0,6923.0,0.065809066010462
20250718,MA2606,2377.0,29.0,111.0,-0.0455216562755711
20250718,MA2607,2368.0,14.0,39.0,0.0
20250721,MA2508,2381.0,716.0,2432.0,0.1502523803316996
20250721,MA2509,2411.0,858584.0,650455.0,0.1287141053284211
20250721,MA2510,2437.0,26072.0,29437.0,0.0931948277019234
20250721,MA2511,2456.0,37504.0,60928.0,0.0779223517265797
20250721,MA2512,2472.0,15069.0,24667.0,0.0484457662436539
20250721,MA2601,2482.0,127602.0,247229.0,-0.0484457662436537
20250721,MA2602,2472.0,46.0,3204.0,-0.0388979270900514
20250721,MA2603,2464.0,80.0,2955.0,-0.1272961753463225
20250721,MA2604,2438.0,21.0,83.0,-0.1585489620791119
20250721,MA2605,2406.0,2539.0,7168.0,0.024911779758561
20250721,MA2606,2411.0,20.0,100.0,-0.0648785111245374
20250721,MA2607,2398.0,27.0,57.0,0.0
20250722,MA2508,2423.0,648.0,2469.0,0.1672158204558397
20250722,MA2509,2457.0,1059599.0,660678.0,0.1552791581569558
20250722,MA2510,2489.0,26340.0,29211.0,0.0960389279859624
20250722,MA2511,2509.0,49423.0,60576.0,0.0905305068039077
20250722,MA2512,2528.0,28579.0,24334.0,0.0379147234844222
20250722,MA2601,2536.0,227579.0,261498.0,-0.0331688266458165
20250722,MA2602,2529.0,240.0,3415.0,-0.0427807939739537
20250722,MA2603,2520.0,243.0,3161.0,-0.1581808404247713
20250722,MA2604,2487.0,28.0,83.0,-0.1261127209481853
20250722,MA2605,2461.0,4274.0,7597.0,0.0535172182383063
20250722,MA2606,2472.0,37.0,99.0,-0.1170740993443762
20250722,MA2607,2448.0,40.0,52.0,0.0
20250723,MA2508,2382.0,268.0,2374.0,0.1452135391911073
20250723,MA2509,2411.0,866983.0,666636.0,0.1533093178737465
20250723,MA2510,2442.0,16112.0,29273.0,0.1076240397931238
20250723,MA2511,2464.0,28293.0,60018.0,0.116317550467917
20250723,MA2512,2488.0,16513.0,24500.0,0.0433300370484384
20250723,MA2601,2497.0,198419.0,257280.0,-0.0674700572592796
20250723,MA2602,2483.0,22.0,3428.0,-0.0873083883765131
20250723,MA2603,2465.0,42.0,3169.0,-0.1026691942236539
20250723,MA2604,2444.0,16.0,88.0,-0.0788180173451645
20250723,MA2605,2428.0,3756.0,8058.0,0.0394737198047844
20250723,MA2606,2436.0,22.0,107.0,-0.0989288373009847
20250723,MA2607,2416.0,34.0,68.0,0.0
20250724,MA2508,2452.0,1083.0,1882.0,0.1362545052351101
20250724,MA2509,2480.0,1252934.0,632187.0,0.1347247511254008
20250724,MA2510,2508.0,27382.0,27394.0,0.0905664676245948
20250724,MA2511,2527.0,38402.0,60303.0,0.0662985111836376
20250724,MA2512,2541.0,15884.0,24703.0,0.0424278579876935
20250724,MA2601,2550.0,259226.0,268193.0,-0.075531327256649
20250724,MA2602,2534.0,48.0,3448.0,-0.0284472673720355
20250724,MA2603,2528.0,65.0,3173.0,-0.1048874377288137
20250724,MA2604,2506.0,34.0,81.0,-0.1590704152151689
20250724,MA2605,2473.0,4625.0,8530.0,0.0484262158410042
20250724,MA2606,2483.0,23.0,103.0,-0.0048338369233696
20250724,MA2607,2482.0,39.0,70.0,0.0
20250725,MA2508,2489.0,676.0,2315.0,0.1437716878202194
20250725,MA2509,2519.0,991786.0,663505.0,0.1373608840733252
20250725,MA2510,2548.0,19162.0,27805.0,0.0704365160642058
20250725,MA2511,2563.0,26651.0,60670.0,0.0700254856207397
20250725,MA2512,2578.0,13254.0,24392.0,0.0418199842427566
20250725,MA2601,2587.0,196594.0,271079.0,-0.0371661156562125
20250725,MA2602,2579.0,44.0,3462.0,-0.0653189793176982
20250725,MA2603,2565.0,75.0,3166.0,-0.1269853119664436
20250725,MA2604,2538.0,17.0,78.0,-0.1618429926521261
20250725,MA2605,2504.0,3355.0,8558.0,0.0621391549839199
20250725,MA2606,2517.0,9.0,106.0,-0.0813238113482845
20250725,MA2607,2500.0,25.0,76.0,0.0
20250728,MA2508,2355.0,628.0,2218.0,0.2471194704549608
20250728,MA2509,2404.0,1172331.0,616715.0,0.1537528783391034
20250728,MA2510,2435.0,30134.0,26979.0,0.1176960803940289
20250728,MA2511,2459.0,38599.0,60230.0,0.1117190825803194
20250728,MA2512,2482.0,9985.0,23910.0,0.0482509697134951
20250728,MA2601,2492.0,242405.0,266561.0,-0.0289272940402485
20250728,MA2602,2486.0,30.0,3475.0,-0.0580646294186786
20250728,MA2603,2474.0,75.0,3182.0,-0.116978992963927
20250728,MA2604,2450.0,27.0,83.0,-0.1033004944392019
20250728,MA2605,2429.0,6277.0,10518.0,0.024676134543601
20250728,MA2606,2434.0,35.0,102.0,-0.059308193213219
20250728,MA2607,2422.0,65.0,108.0,0.0
20250729,MA2508,2415.0,705.0,1789.0,0.0940404895295922
20250729,MA2509,2434.0,576181.0,576028.0,0.1470006132712556
20250729,MA2510,2464.0,16897.0,27614.0,0.1066673690069519
20250729,MA2511,2486.0,26103.0,60266.0,0.1248510662091946
20250729,MA2512,2512.0,8116.0,22876.0,0.0381558350085576
20250729,MA2601,2520.0,128850.0,278902.0,-0.028605496263315
20250729,MA2602,2514.0,10.0,3474.0,-0.0622134992708847
20250729,MA2603,2501.0,41.0,3181.0,-0.0866777444334291
20250729,MA2604,2483.0,12.0,83.0,-0.1360889433545478
20250729,MA2605,2455.0,2590.0,11316.0,0.0439114130974726
20250729,MA2606,2464.0,6.0,102.0,-0.0683762533756533
20250729,MA2607,2450.0,21.0,99.0,0.0
20250730,MA2508,2375.0,369.0,1788.0,0.2202815296954285
20250730,MA2509,2419.0,623870.0,579345.0,0.1479065561056862
20250730,MA2510,2449.0,16991.0,28253.0,0.112173139504963
20250730,MA2511,2472.0,25321.0,61232.0,0.1303573470884511
20250730,MA2512,2499.0,11051.0,22244.0,0.0527052154905257
20250730,MA2601,2510.0,141975.0,278074.0,-0.0431052149785267
20250730,MA2602,2501.0,46.0,3473.0,-0.0240144166596085
20250730,MA2603,2496.0,30.0,3183.0,-0.0337011254607159
20250730,MA2604,2489.0,12.0,83.0,-0.2042188670990439
20250730,MA2605,2447.0,4445.0,13180.0,0.0635827858048407
20250730,MA2606,2460.0,6.0,102.0,-0.0684877521514904
20250730,MA2607,2446.0,16.0,103.0,0.0
20250731,MA2508,2355.0,307.0,1546.0,0.2521101130721211
20250731,MA2509,2405.0,528028.0,564414.0,0.148762235721942
20250731,MA2510,2435.0,20055.0,26547.0,0.1079320440538681
20250731,MA2511,2457.0,25337.0,61068.0,0.1311488463862827
20250731,MA2512,2484.0,7303.0,22147.0,0.0433996856422621
20250731,MA2601,2493.0,130892.0,287099.0,-0.0337417374348169
20250731,MA2602,2486.0,23.0,3481.0,-0.0289971949395428
20250731,MA2603,2480.0,54.0,3212.0,-0.0776701740674097
20250731,MA2604,2464.0,7.0,82.0,-0.1174560763939538
20250731,MA2605,2440.0,5163.0,15892.0,0.0539767828903796
20250731,MA2606,2451.0,13.0,99.0,-0.0933856853046595
20250731,MA2607,2432.0,24.0,105.0,0.0
20250801,MA2509,2393.0,505219.0,533076.0,0.144550034455971
20250801,MA2510,2422.0,13631.0,29817.0,0.1183247056089619
20250801,MA2511,2446.0,21980.0,63734.0,0.1511293589069034
20250801,MA2512,2477.0,8857.0,22771.0,0.0386941084964351
20250801,MA2601,2485.0,121549.0,303234.0,-0.0048299457283171
20250801,MA2602,2484.0,75.0,3487.0,-0.0145015123388206
20250801,MA2603,2481.0,62.0,3193.0,-0.0776387665801256
20250801,MA2604,2465.0,5.0,81.0,-0.1321653172268842
20250801,MA2605,2438.0,2925.0,16576.0,0.0931567497595479
20250801,MA2606,2457.0,2.0,100.0,-0.0833166508071789
20250801,MA2607,2440.0,10.0,107.0,0.0
20250804,MA2509,2390.0,393235.0,498785.0,0.1447303882136498
20250804,MA2510,2419.0,19780.0,29882.0,0.1135577287274741
20250804,MA2511,2442.0,35641.0,64748.0,0.1707692978245152
20250804,MA2512,2477.0,20707.0,24721.0,0.0483481717685407
20250804,MA2601,2487.0,118268.0,313533.0,0.0
20250804,MA2602,2487.0,6.0,3488.0,-0.0338232557325215
20250804,MA2603,2480.0,29.0,3197.0,-0.1460464274430621
20250804,MA2604,2450.0,6.0,80.0,-0.0934239506717914
20250804,MA2605,2431.0,3637.0,17714.0,0.0394250867975622
20250804,MA2606,2439.0,12.0,104.0,-0.0542429524383774
20250804,MA2607,2428.0,13.0,107.0,0.0
20250805,MA2508,2355.0,6.0,1546.0,0.2121267358063948
20250805,MA2509,2397.0,372481.0,484247.0,0.1492556555066046
20250805,MA2510,2427.0,13980.0,31889.0,0.1229770959540088
20250805,MA2511,2452.0,35740.0,70068.0,0.1700777609676305
20250805,MA2512,2487.0,26276.0,27643.0,0.0481541577164231
20250805,MA2601,2497.0,126747.0,329175.0,-0.0144259684774973
20250805,MA2602,2494.0,6.0,3489.0,-0.0289040685709398
20250805,MA2603,2488.0,7.0,3195.0,-0.1455739647970797
20250805,MA2604,2458.0,4.0,82.0,-0.0538227201997018
20250805,MA2605,2447.0,4234.0,20175.0,0.0049029622745403
20250805,MA2606,2448.0,47.0,110.0,-0.0343628788710794
20250805,MA2607,2441.0,25.0,108.0,0.0
20250806,MA2509,2396.0,285689.0,454519.0,0.1542629578951376
20250806,MA2510,2427.0,12629.0,32183.0,0.1278700623826556
20250806,MA2511,2453.0,26279.0,71323.0,0.1700089152069686
20250806,MA2512,2488.0,20003.0,28344.0,0.0721300508724507
20250806,MA2601,2503.0,128004.0,352943.0,-0.0239952089550148
20250806,MA2602,2498.0,16.0,3483.0,0.0
20250806,MA2603,2498.0,209.0,3386.0,-0.0674429715858431
20250806,MA2604,2484.0,11.0,77.0,-0.1507007855385616
20250806,MA2605,2453.0,2832.0,20954.0,0.0390720735907976
20250806,MA2606,2461.0,5.0,108.0,-0.0537569622273984
20250806,MA2607,2450.0,11.0,106.0,0.0
20250807,MA2509,2388.0,291501.0,436677.0,0.1448508742918828
20250807,MA2510,2417.0,28465.0,32719.0,0.1431232265236149
20250807,MA2511,2446.0,43953.0,72513.0,0.1511293589069034
20250807,MA2512,2477.0,15935.0,29041.0,0.0965023294849628
20250807,MA2601,2497.0,133231.0,370082.0,-0.0144259684774973
20250807,MA2602,2494.0,44.0,3495.0,0.0
20250807,MA2603,2494.0,30.0,3401.0,-0.067551444971447
20250807,MA2604,2480.0,10.0,85.0,-0.1264705666580534
20250807,MA2605,2454.0,4232.0,22978.0,0.0195439782614793
20250807,MA2606,2458.0,2.0,108.0,-0.0538227201997018
20250807,MA2607,2447.0,8.0,107.0,0.0
20250808,MA2509,2383.0,299310.0,407074.0,0.1302183061935496
20250808,MA2510,2409.0,43243.0,32074.0,0.1238912511912121
20250808,MA2511,2434.0,69610.0,72222.0,0.1372563983631165
20250808,MA2512,2462.0,27951.0,28570.0,0.0631964191007022
20250808,MA2601,2475.0,166641.0,395178.0,0.014536646235565
20250808,MA2602,2478.0,36.0,3509.0,0.0
20250808,MA2603,2478.0,41.0,3412.0,-0.0339462744057325
20250808,MA2604,2471.0,22.0,98.0,-0.1564176932722779
20250808,MA2605,2439.0,5226.0,25257.0,0.0637907860821799
20250808,MA2606,2452.0,1.0,109.0,-0.0539547199577036
20250808,MA2607,2441.0,19.0,112.0,0.0
20250811,MA2509,2389.0,351629.0,372761.0,0.1497523594106119
20250811,MA2510,2419.0,35310.0,33638.0,0.0988066512707157
20250811,MA2511,2439.0,47899.0,73470.0,0.1515603768732317
20250811,MA2512,2470.0,17606.0,28836.0,0.0726541069044746
20250811,MA2601,2485.0,221283.0,420764.0,0.0096540632721079
20250811,MA2602,2487.0,17.0,3515.0,-0.0048260607929787
20250811,MA2603,2486.0,18.0,3420.0,-0.1066673690069524
20250811,MA2604,2464.0,5.0,98.0,-0.0634792935035737
20250811,MA2605,2451.0,6260.0,28399.0,0.0097879287645203
20250811,MA2606,2453.0,8.0,108.0,-0.0637647116549015
20250811,MA2607,2440.0,10.0,113.0,0.0
20250812,MA2509,2391.0,274674.0,344949.0,0.1545834798565536
20250812,MA2510,2422.0,46677.0,35894.0,0.1183247056089619
20250812,MA2511,2446.0,59966.0,77178.0,0.1608145894568745
20250812,MA2512,2479.0,17057.0,29334.0,0.0820103694495328
20250812,MA2601,2496.0,197542.0,454099.0,0.0
20250812,MA2602,2496.0,28.0,3502.0,-0.0192461949836941
20250812,MA2603,2492.0,121.0,3512.0,-0.0241012332472693
20250812,MA2604,2487.0,7.0,99.0,-0.1261127209481853
20250812,MA2605,2461.0,6205.0,31579.0,0.0243555999988056
20250812,MA2606,2466.0,2.0,106.0,-0.0438757344373265
20250812,MA2607,2457.0,115.0,210.0,0.0
20250813,MA2509,2375.0,321691.0,308140.0,0.1606046557719642
20250813,MA2510,2407.0,45088.0,38186.0,0.099297215322352
20250813,MA2511,2427.0,71613.0,80614.0,0.1669421359734541
20250813,MA2512,2461.0,38141.0,29025.0,0.0874497797296162
20250813,MA2601,2479.0,260086.0,484012.0,0.0241789322181454
20250813,MA2602,2484.0,49.0,3527.0,0.0144840090004234
20250813,MA2603,2487.0,59.0,3528.0,-0.0483481717685417
20250813,MA2604,2477.0,50.0,112.0,-0.0972846836181655
20250813,MA2605,2457.0,7047.0,35589.0,0.0633246852101258
20250813,MA2606,2470.0,11.0,107.0,-0.0682096842598777
20250813,MA2607,2456.0,190.0,387.0,0.0
20250814,MA2509,2340.0,284099.0,255572.0,0.1478039496844596
20250814,MA2510,2369.0,40056.0,39602.0,0.1008833180042881
20250814,MA2511,2389.0,61880.0,83501.0,0.1497523594106119
20250814,MA2512,2419.0,27260.0,29587.0,0.0791102988799544
20250814,MA2601,2435.0,427587.0,557439.0,0.0491803967073862
20250814,MA2602,2445.0,293.0,3801.0,0.019615860518343
20250814,MA2603,2449.0,295.0,3789.0,-0.068796257225731
20250814,MA2604,2435.0,22.0,112.0,-0.0940017175438156
20250814,MA2605,2416.0,15143.0,44152.0,0.074272983137014
20250814,MA2606,2431.0,9.0,109.0,-0.0544218619846951
20250814,MA2607,2420.0,47.0,409.0,0.0
20250815,MA2509,2316.0,183589.0,200026.0,0.1544422862464194
20250815,MA2510,2346.0,62971.0,40831.0,0.0917201917508167
20250815,MA2511,2364.0,79749.0,87681.0,0.1563375758283218
20250815,MA2512,2395.0,21408.0,29848.0,0.0848765760247247
20250815,MA2601,2412.0,486683.0,623445.0,0.0347754331554131
20250815,MA2602,2419.0,44.0,3809.0,0.0148729620361229
20250815,MA2603,2422.0,39.0,3793.0,-0.0695654122119115
20250815,MA2604,2408.0,18.0,106.0,-0.1051101610785789
20250815,MA2605,2387.0,17299.0,54559.0,0.065176679966483
20250815,MA2606,2400.0,22.0,113.0,-0.0200166852083647
20250815,MA2607,2396.0,34.0,429.0,0.2036051326783955
20250815,MA2608,2437.0,1.0,1.0,0.0
20250818,MA2509,2293.0,114741.0,164963.0,0.1559813989500559
20250818,MA2510,2323.0,35106.0,45514.0,0.1028724688486394
20250818,MA2511,2343.0,55758.0,89973.0,0.1678349036968784
20250818,MA2512,2376.0,30039.0,29928.0,0.1005873450336532
20250818,MA2601,2396.0,438253.0,665628.0,0.0
20250818,MA2602,2396.0,59.0,3832.0,0.0499792475914104
20250818,MA2603,2406.0,65.0,3817.0,0.0149532729629658
20250818,MA2604,2409.0,18.0,104.0,-0.1554231043697308
20250818,MA2605,2378.0,15094.0,62032.0,0.0704404538375413
20250818,MA2606,2392.0,23.0,118.0,-0.0351685409769688
20250818,MA2607,2385.0,34.0,445.0,0.0100586761966611
20250818,MA2608,2387.0,8.0,9.0,0.0
20250819,MA2509,2285.0,105684.0,133649.0,0.1720646468567023
20250819,MA2510,2318.0,77670.0,46441.0,0.0928238405810488
20250819,MA2511,2336.0,106597.0,91906.0,0.1733986821727106
20250819,MA2512,2370.0,41311.0,29908.0,0.1058607999497749
20250819,MA2601,2391.0,566292.0,686276.0,0.0450845865325481
20250819,MA2602,2400.0,214.0,3907.0,0.024973994445896
20250819,MA2603,2405.0,95.0,3822.0,-0.0801004225686242
20250819,MA2604,2389.0,17.0,102.0,-0.0654776021192877
20250819,MA2605,2376.0,16606.0,66993.0,0.0503990661039092
20250819,MA2606,2386.0,17.0,121.0,-0.0302140319080919
20250819,MA2607,2380.0,23.0,447.0,0.0402684941636677
20250819,MA2608,2388.0,9.0,13.0,0.0
20250820,MA2509,2315.0,72223.0,107652.0,0.1545085723205444
20250820,MA2510,2345.0,62312.0,49619.0,0.1120551436032499
20250820,MA2511,2367.0,98022.0,96107.0,0.1761407175113385
20250820,MA2512,2402.0,37104.0,30906.0,0.1094081345913148
20250820,MA2601,2424.0,762703.0,674733.0,0.0197856598822066
20250820,MA2602,2428.0,93.0,3933.0,-0.024737176354358
20250820,MA2603,2423.0,55.0,3817.0,0.0049515164721522
20250820,MA2604,2424.0,8.0,101.0,-0.1094081345913143
20250820,MA2605,2402.0,19154.0,69871.0,0.0399002861372629
20250820,MA2606,2410.0,11.0,120.0,-0.0399002861372618
20250820,MA2607,2402.0,18.0,443.0,0.0199667267363445
20250820,MA2608,2406.0,7.0,14.0,0.0
20250821,MA2509,2314.0,39901.0,90836.0,0.1801449228634898
20250821,MA2510,2349.0,33446.0,47664.0,0.1017386339984722
20250821,MA2511,2369.0,54577.0,98665.0,0.1809837405729134
20250821,MA2512,2405.0,15878.0,30787.0,0.0993794499806642
20250821,MA2601,2425.0,459301.0,680234.0,0.0395224729432688
20250821,MA2602,2433.0,143.0,3884.0,-0.0098684216087916
20250821,MA2603,2431.0,78.0,3805.0,-0.0842108719037584
20250821,MA2604,2414.0,11.0,95.0,-0.1048477649892415
20250821,MA2605,2393.0,15168.0,72904.0,0.079966976477977
20250821,MA2606,2409.0,11.0,119.0,-0.0599252181658443
20250821,MA2607,2397.0,25.0,449.0,0.0399833772657261
20250821,MA2608,2405.0,11.0,14.0,0.0
20250822,MA2509,2294.0,26142.0,81368.0,0.1817036663402992
20250822,MA2510,2329.0,21494.0,47067.0,0.1026085772948605
20250822,MA2511,2349.0,34855.0,99167.0,0.1825130239623445
20250822,MA2512,2385.0,10450.0,30575.0,0.1002093506090386
20250822,MA2601,2405.0,377483.0,698146.0,0.0299003476957126
20250822,MA2602,2411.0,20.0,3876.0,-0.009958506795596
20250822,MA2603,2409.0,46.0,3802.0,-0.0649325205543765
20250822,MA2604,2396.0,3.0,97.0,-0.0602511726011948
20250822,MA2605,2384.0,9306.0,76656.0,0.0100628936714513
20250822,MA2606,2386.0,14.0,123.0,0.0100544622555765
20250822,MA2607,2388.0,26.0,449.0,0.0351244239902751
20250822,MA2608,2395.0,11.0,15.0,0.0
20250825,MA2509,2308.0,28467.0,68497.0,0.1754869983560708
20250825,MA2510,2342.0,26249.0,45538.0,0.1223460045680321
20250825,MA2511,2366.0,43568.0,98043.0,0.1961896560183529
20250825,MA2512,2405.0,15338.0,29766.0,0.0944299757921228
20250825,MA2601,2424.0,459712.0,675269.0,0.0197856598822066
20250825,MA2602,2428.0,42.0,3877.0,0.0148178656408141
20250825,MA2603,2431.0,68.0,3814.0,-0.0720058300571669
20250825,MA2605,2402.0,14401.0,79575.0,0.0149781587991928
20250825,MA2606,2405.0,2.0,121.0,0.0199418409001177
20250825,MA2607,2409.0,31.0,455.0,-0.0249324835172785
20250825,MA2608,2404.0,11.0,22.0,0.0
20250826,MA2509,2272.0,25784.0,54702.0,0.2094293994147145
20250826,MA2510,2312.0,19169.0,45471.0,0.1136469966507982
20250826,MA2511,2334.0,33462.0,101509.0,0.2039131478773448
20250826,MA2512,2374.0,10086.0,30202.0,0.1056832161048265
20250826,MA2601,2395.0,373944.0,710322.0,0.0450094297209907
20250826,MA2602,2404.0,54.0,3872.0,0.0199501292833614
20250826,MA2603,2408.0,39.0,3820.0,-0.0449345230682054
20250826,MA2604,2399.0,13.0,95.0,-0.0853381550933896
20250826,MA2605,2382.0,14538.0,81571.0,0.0753298142296683
20250826,MA2606,2397.0,10.0,121.0,-0.0300752037127153
20250826,MA2607,2391.0,44.0,478.0,0.0050177713463713
20250826,MA2608,2392.0,9.0,28.0,0.0
20250827,MA2509,2247.0,23421.0,43911.0,0.2064908660331214
20250827,MA2510,2286.0,28835.0,44558.0,0.1149333992788109
20250827,MA2511,2308.0,50287.0,107178.0,0.226616176686329
20250827,MA2512,2352.0,14115.0,31210.0,0.1016094131891831
20250827,MA2601,2372.0,482265.0,754731.0,0.0605552168114906
20250827,MA2602,2384.0,45.0,3886.0,0.0050325016464139
20250827,MA2603,2385.0,43.0,3825.0,0.0251308992373762
20250827,MA2604,2390.0,7.0,97.0,-0.1211112046466917
20250827,MA2605,2366.0,15689.0,84668.0,0.045560063164914
20250827,MA2606,2375.0,14.0,129.0,-0.0101095203957358
20250827,MA2607,2373.0,43.0,492.0,0.0101095203957375
20250827,MA2608,2375.0,17.0,35.0,0.0
20250828,MA2509,2225.0,24398.0,29209.0,0.2561235510264321
20250828,MA2510,2273.0,44012.0,43707.0,0.167761578938467
20250828,MA2511,2305.0,70504.0,111801.0,0.2371211173118479
20250828,MA2512,2351.0,16893.0,32876.0,0.1117704947483278
20250828,MA2601,2373.0,461214.0,785833.0,0.0906805322707348
20250828,MA2602,2391.0,69.0,3924.0,0.0100334454005827
20250828,MA2603,2393.0,63.0,3844.0,-0.0050156740542114
20250828,MA2604,2392.0,11.0,97.0,-0.045235655661363
20250828,MA2605,2383.0,28079.0,92449.0,0.0452356556613638
20250828,MA2606,2392.0,12.0,122.0,-0.0704404538375431
20250828,MA2607,2378.0,61.0,491.0,0.0151292308336274
20250828,MA2608,2381.0,5.0,37.0,0.0
20250829,MA2509,2204.0,26306.0,12902.0,0.2585378278413094
20250829,MA2510,2252.0,48540.0,34464.0,0.1588024939492788
20250829,MA2511,2282.0,64823.0,110926.0,0.2549413033648353
20250829,MA2512,2331.0,14822.0,34451.0,0.1534547765970682
20250829,MA2601,2361.0,419697.0,821019.0,0.1062625539567905
20250829,MA2602,2382.0,40.0,3949.0,-0.0050388411405913
20250829,MA2603,2381.0,16.0,3850.0,-0.0151292308336277
20250829,MA2604,2378.0,3.0,97.0,-0.0303158055973323
20250829,MA2605,2372.0,16487.0,95958.0,0.0555206037735123
20250829,MA2606,2383.0,5.0,126.0,-0.0555206037735121
20250829,MA2607,2372.0,22.0,499.0,0.0252684869109331
20250829,MA2608,2377.0,17.0,47.0,0.0
20250901,MA2509,2226.0,3100.0,11620.0,0.3453858074160646
20250901,MA2510,2291.0,18158.0,32698.0,0.1198707036015166
20250901,MA2511,2314.0,46992.0,109797.0,0.2260340801243324
20250901,MA2512,2358.0,17220.0,36250.0,0.1366238667015051
20250901,MA2601,2385.0,606011.0,799308.0,0.050209278270889
20250901,MA2602,2395.0,2062.0,5759.0,0.030025036514851
20250901,MA2603,2401.0,96.0,3865.0,0.0
20250901,MA2604,2401.0,18.0,103.0,-0.0551034155483629
20250901,MA2605,2390.0,26140.0,96414.0,0.0551034155483613
20250901,MA2606,2401.0,5.0,126.0,-0.0551034155483629
20250901,MA2607,2390.0,18.0,501.0,-0.0150722230407146
20250901,MA2608,2387.0,11.0,52.0,0.0
20250902,MA2509,2212.0,1469.0,10486.0,0.3317197400190722
20250902,MA2510,2274.0,11740.0,31734.0,0.1468549796561586
20250902,MA2511,2302.0,37986.0,109856.0,0.2169667369809044
20250902,MA2512,2344.0,14577.0,36821.0,0.1424953130485548
20250902,MA2601,2372.0,466676.0,807495.0,0.0605552168114906
20250902,MA2602,2384.0,4760.0,10276.0,0.0301634008837907
20250902,MA2603,2390.0,64.0,3864.0,-0.0201005072123394
20250902,MA2604,2386.0,12.0,95.0,-0.0706181104829441
20250902,MA2605,2372.0,31984.0,105864.0,0.0504838775715525
20250902,MA2606,2382.0,4.0,127.0,-0.0252153906606177
20250902,MA2607,2377.0,33.0,522.0,-0.0353907987722047
20250902,MA2608,2370.0,7.0,57.0,0.0
20250903,MA2509,2226.0,1166.0,9791.0,0.303409376331664
20250903,MA2510,2283.0,8704.0,31199.0,0.15147099914967
20250903,MA2511,2312.0,34195.0,109109.0,0.2262277797505103
20250903,MA2512,2356.0,15456.0,36235.0,0.1317024617252176
20250903,MA2601,2382.0,500463.0,795320.0,0.0603016344320757
20250903,MA2602,2394.0,5460.0,15325.0,0.0100208774090587
20250903,MA2603,2396.0,71.0,3872.0,-0.0427226935942935
20250903,MA2605,2379.0,37065.0,109644.0,0.1104610310195452
20250903,MA2606,2401.0,9.0,124.0,-0.0903014294701335
20250903,MA2607,2383.0,35.0,509.0,0.0351980139217706
20250903,MA2608,2390.0,5.0,54.0,0.0
20250904,MA2509,2227.0,670.0,9177.0,0.3085276328512505
20250904,MA2510,2285.0,8682.0,30502.0,0.1357716833529089
20250904,MA2511,2311.0,43847.0,109202.0,0.2161293414357804
20250904,MA2512,2353.0,32413.0,35908.0,0.1268242622803746
20250904,MA2601,2378.0,431995.0,801993.0,0.0654226824911699
20250904,MA2602,2391.0,4919.0,17425.0,0.0250679013241819
20250904,MA2603,2396.0,101.0,3914.0,-0.0402011554189173
20250904,MA2605,2380.0,36717.0,119477.0,0.0603521808600235
20250904,MA2606,2392.0,5.0,125.0,-0.045235655661363
20250904,MA2607,2383.0,32.0,525.0,-0.0100755673425519
20250904,MA2608,2381.0,1.0,55.0,0.0
20250905,MA2509,2260.0,860.0,8711.0,0.3144284687282894
20250905,MA2510,2320.0,15850.0,29791.0,0.1490702399826853
20250905,MA2511,2349.0,56770.0,107559.0,0.2076439231997229
20250905,MA2512,2390.0,34039.0,36870.0,0.1248710539334018
20250905,MA2601,2415.0,684742.0,777813.0,0.0594796756791409
20250905,MA2602,2427.0,8418.0,21337.0,0.0197612230742636
20250905,MA2603,2431.0,93.0,3923.0,-0.0247066177455348
20250905,MA2604,2426.0,6.0,93.0,-0.0794047562315371
20250905,MA2605,2410.0,55811.0,127344.0,0.0397680562804474
20250905,MA2606,2418.0,11.0,119.0,-0.079668342417709
20250905,MA2607,2402.0,44.0,511.0,0.0299376454653944
20250905,MA2608,2408.0,11.0,50.0,0.0
20250908,MA2509,2248.0,292.0,8426.0,0.3420534146142895
20250908,MA2510,2313.0,7395.0,27944.0,0.1443936631136585
20250908,MA2511,2341.0,43223.0,105120.0,0.2184187283319549
20250908,MA2512,2384.0,23987.0,35751.0,0.1202013389216545
20250908,MA2601,2408.0,433717.0,776260.0,0.0695654122119109
20250908,MA2602,2422.0,9515.0,22385.0,0.0198019846914951
20250908,MA2603,2426.0,67.0,3916.0,-0.0943518206510814
20250908,MA2604,2407.0,4.0,91.0,-0.0249532217177169
20250908,MA2605,2402.0,35258.0,130657.0,-0.0099958356467026
20250908,MA2606,2400.0,4.0,119.0,-0.0400668151861751
20250908,MA2607,2392.0,17.0,509.0,0.0050156740542119
20250908,MA2608,2393.0,10.0,54.0,0.0
20250909,MA2509,2247.0,247.0,8179.0,0.2901878051579845
20250909,MA2510,2302.0,8656.0,28429.0,0.1502285970471499
20250909,MA2511,2331.0,50277.0,101087.0,0.2142914088000776
20250909,MA2512,2373.0,30071.0,35288.0,0.1257609498203519
20250909,MA2601,2398.0,453260.0,768625.0,0.0599002907668943
20250909,MA2602,2410.0,7594.0,24086.0,0.0149284696839725
20250909,MA2603,2413.0,31.0,3914.0,-0.0549545890002418
20250909,MA2605,2391.0,37616.0,133332.0,0.0200585086402898
20250909,MA2606,2395.0,2.0,119.0,-0.0451788862458498
20250909,MA2607,2386.0,36.0,531.0,0.0
20250909,MA2608,2386.0,3.0,56.0,0.0
20250910,MA2509,2265.0,829.0,7350.0,0.2152759549424388
20250910,MA2510,2306.0,9050.0,28524.0,0.1653772944361138
20250910,MA2511,2338.0,61988.0,102099.0,0.2287720208007413
20250910,MA2512,2383.0,36041.0,35829.0,0.1202515282119581
20250910,MA2601,2407.0,540390.0,755966.0,0.059676873923464
20250910,MA2602,2419.0,10371.0,24907.0,0.0495050207057439
20250910,MA2603,2429.0,100.0,3932.0,-0.0247269817556089
20250910,MA2604,2424.0,8.0,93.0,-0.0744881348920045
20250910,MA2605,2409.0,41060.0,140198.0,0.0248807885112645
20250910,MA2606,2414.0,8.0,120.0,-0.0848060066771093
20250910,MA2607,2397.0,29.0,530.0,0.0200083414424262
20250910,MA2608,2401.0,7.0,57.0,0.0
20250911,MA2509,2213.0,111.0,7300.0,0.4156721088293496
20250911,MA2510,2291.0,39370.0,26704.0,0.1664526038029645
20250911,MA2511,2323.0,48552.0,100759.0,0.2099477490669573
20250911,MA2512,2364.0,29358.0,35496.0,0.1161869737540964
20250911,MA2601,2387.0,493157.0,775400.0,0.0701756385890774
20250911,MA2602,2401.0,10843.0,25417.0,0.074735554001428
20250911,MA2603,2416.0,120.0,3953.0,-0.0697386769773199
20250911,MA2604,2402.0,7.0,98.0,-0.0601002925724702
20250911,MA2605,2390.0,29829.0,142266.0,0.0700878087545019
20250911,MA2606,2404.0,8.0,120.0,-0.1002512096382937
20250911,MA2607,2384.0,24.0,537.0,-0.0050346130379784
20250911,MA2608,2383.0,3.0,59.0,0.0
20250912,MA2509,2230.0,1243.0,0.0,0.2608219774982367
20250912,MA2510,2279.0,7913.0,23632.0,0.1673229723443577
20250912,MA2511,2311.0,74287.0,98210.0,0.2161293414357804
20250912,MA2512,2353.0,31799.0,33659.0,0.1318694589071419
20250912,MA2601,2379.0,404422.0,798411.0,0.0553576154711847
20250912,MA2602,2390.0,32390.0,25481.0,0.0650950897309511
20250912,MA2603,2403.0,105.0,3946.0,0.0
20250912,MA2604,2403.0,1.0,97.0,-0.090225988968328
20250912,MA2605,2385.0,27527.0,145179.0,-0.0176359564302864
20250912,MA2607,2378.0,10.0,536.0,0.0050451966267663
20250912,MA2608,2379.0,2.0,60.0,0.0
20250915,MA2510,2297.0,5833.0,20722.0,0.1660208063429142
20250915,MA2511,2329.0,42385.0,100051.0,0.2195338827993018
20250915,MA2512,2372.0,30389.0,34596.0,0.1208063894126872
20250915,MA2601,2396.0,498181.0,783891.0,0.05995016632046
20250915,MA2602,2408.0,22621.0,26331.0,0.0646098061121632
20250915,MA2603,2421.0,133.0,3949.0,-0.0995443286016629
20250915,MA2604,2401.0,2.0,95.0,0.0349345224895024
20250915,MA2605,2408.0,37175.0,146165.0,0.0447668912972567
20250915,MA2606,2417.0,1.0,119.0,-0.0947045413922815
20250915,MA2607,2398.0,37.0,518.0,-0.0551725109835531
20250915,MA2608,2387.0,12.0,58.0,-0.0503779077436342
20250915,MA2609,2377.0,122.0,81.0,0.0
20250916,MA2510,2284.0,5694.0,17255.0,0.1358307928792597
20250916,MA2511,2310.0,67086.0,94037.0,0.2162220660321385
20250916,MA2512,2352.0,40792.0,33250.0,0.1167768894026884
20250916,MA2601,2375.0,521624.0,805395.0,0.115651429424615
20250916,MA2602,2398.0,13203.0,26913.0,0.0648785111245386
20250916,MA2603,2411.0,130.0,3986.0,0.1287141053284211
20250916,MA2604,2437.0,24.0,93.0,-0.1985978302898622
20250916,MA2605,2397.0,34191.0,149266.0,0.129461836585697
20250916,MA2606,2423.0,5.0,121.0,-0.1896878099290095
20250916,MA2607,2385.0,42.0,528.0,-0.010067114684394
20250916,MA2608,2383.0,5.0,58.0,-0.0656429156347823
20250916,MA2609,2370.0,501.0,517.0,0.0
20250917,MA2510,2289.0,2676.0,15217.0,0.1147834838617686
20250917,MA2511,2311.0,45006.0,88078.0,0.2161293414357804
20250917,MA2512,2353.0,25848.0,31650.0,0.1167275010620763
20250917,MA2601,2376.0,387439.0,836608.0,0.1156029882859089
20250917,MA2602,2399.0,11777.0,26996.0,0.0698256334240472
20250917,MA2603,2413.0,165.0,4090.0,-0.0149284696839724
20250917,MA2604,2410.0,10.0,94.0,-0.0649055046037956
20250917,MA2605,2397.0,24523.0,153734.0,0.0150093828198321
20250917,MA2606,2400.0,4.0,122.0,-0.0651766799664822
20250917,MA2607,2387.0,17.0,530.0,-0.0201257908810554
20250917,MA2608,2383.0,6.0,61.0,-0.0605806924000398
20250917,MA2609,2371.0,594.0,919.0,0.0
20250918,MA2510,2257.0,2850.0,13190.0,0.1374464365471175
20250918,MA2511,2283.0,64102.0,88395.0,0.2032621887364963
20250918,MA2512,2322.0,41821.0,32410.0,0.1233944034670086
20250918,MA2601,2346.0,595422.0,942904.0,0.1170740993443758
20250918,MA2602,2369.0,16156.0,28570.0,0.0958592442444859
20250918,MA2603,2388.0,345.0,4359.0,0.0301129392651084
20250918,MA2604,2394.0,10.0,93.0,-0.0451977935457227
20250918,MA2605,2385.0,40910.0,159207.0,0.0201089280404161
20250918,MA2606,2389.0,12.0,124.0,-0.0806386906805517
20250918,MA2607,2373.0,13.0,530.0,0.0655601546651746
20250918,MA2608,2386.0,1.0,61.0,-0.1365662790022374
20250918,MA2609,2359.0,1232.0,2092.0,0.0
20250919,MA2510,2268.0,2039.0,12549.0,0.1472411111017728
20250919,MA2511,2296.0,73937.0,85067.0,0.2175286151106804
20250919,MA2512,2338.0,34074.0,30681.0,0.1174727406419902
20250919,MA2601,2361.0,756698.0,928408.0,0.1012237128161987
20250919,MA2602,2381.0,46171.0,29533.0,0.0803686553702582
20250919,MA2603,2397.0,431.0,4515.0,0.0100083408637238
20250919,MA2604,2399.0,25.0,98.0,-0.0903769962339811
20250919,MA2605,2381.0,78868.0,163984.0,0.0653404755726674
20250919,MA2606,2394.0,4.0,125.0,-0.1107855120036293
20250919,MA2607,2372.0,12.0,533.0,-0.0151866715059677
20250919,MA2608,2369.0,5.0,64.0,-0.1170740993443762
20250919,MA2609,2346.0,639.0,2638.0,0.0
20250922,MA2510,2253.0,1081.0,11811.0,0.1704394141145133
20250922,MA2511,2285.0,72899.0,81187.0,0.2100656455142227
20250922,MA2512,2325.0,62844.0,31356.0,0.0013338166002174
20250922,MA2601,2348.0,457996.0,946990.0,0.1073253833049401
20250922,MA2602,2369.0,12895.0,30647.0,0.0962431405656385
20250922,MA2603,2388.0,339.0,4736.0,0.0603015075376873
20250922,MA2604,2400.0,7.0,100.0,-0.1200000000000001
20250922,MA2605,2376.0,29972.0,168473.0,0.0505050505050492
20250922,MA2606,2386.0,6.0,126.0,-0.1056160938809722
20250922,MA2607,2365.0,29.0,541.0,-0.0304439746300206
20250922,MA2608,2359.0,26.0,85.0,-0.1322594319626966
20250922,MA2609,2333.0,899.0,3271.0,0.0
20250923,MA2510,2252.0,1666.0,10383.0,0.1651865008881001
20250923,MA2511,2283.0,90731.0,75611.0,0.1997371879106442
20250923,MA2512,2321.0,83960.0,31483.0,0.0012780233239256
20250923,MA2601,2343.0,465051.0,967432.0,0.1177976952624835
20250923,MA2602,2366.0,57059.0,29534.0,0.1318681318681314
20250923,MA2603,2392.0,336.0,4975.0,-0.0903010033444822
20250923,MA2604,2374.0,5.0,99.0,0.0050547598989041
20250923,MA2605,2375.0,22604.0,168777.0,0.0050526315789465
20250923,MA2606,2376.0,2.0,126.0,-0.0808080808080804
20250923,MA2607,2360.0,16.0,552.0,0.0050847457627121
20250923,MA2608,2361.0,3.0,86.0,-0.1219822109275727
20250923,MA2609,2337.0,1014.0,3989.0,0.0
20250924,MA2510,2257.0,1822.0,9242.0,0.1860877270713334
20250924,MA2511,2292.0,71026.0,73730.0,0.188481675392671
20250924,MA2512,2328.0,43740.0,31396.0,0.0013320977643924
20250924,MA2601,2351.0,458749.0,929200.0,0.1276052743513389
20250924,MA2602,2376.0,19506.0,29512.0,0.0808080808080804
20250924,MA2603,2392.0,415.0,5105.0,-0.0100334448160541
20250924,MA2604,2390.0,18.0,91.0,-0.0552301255230127
20250924,MA2605,2379.0,26769.0,171508.0,0.0403530895334176
20250924,MA2606,2387.0,8.0,127.0,-0.0955173858399658
20250924,MA2607,2368.0,9.0,555.0,0.0
20250924,MA2608,0.0,0.0,86.0,0.0
20250924,MA2609,2342.0,198.0,4051.0,0.0
20250925,MA2510,2264.0,1315.0,8437.0,0.2014134275618362
20250925,MA2511,2302.0,56269.0,66386.0,0.1668114682884445
20250925,MA2512,2334.0,39448.0,30884.0,0.0012709049420871
20250925,MA2601,2356.0,348923.0,913517.0,0.1324278438030566
20250925,MA2602,2382.0,13923.0,30022.0,0.0856423173803531
20250925,MA2603,2399.0,379.0,5131.0,-0.0250104210087531
20250925,MA2604,2394.0,10.0,97.0,-0.0300751879699254
20250925,MA2605,2388.0,25056.0,170626.0,0.0050251256281415
20250925,MA2606,2389.0,19.0,132.0,-0.1255755546253656
20250925,MA2607,2364.0,12.0,548.0,0.0304568527918789
20250925,MA2608,2370.0,1.0,86.0,-0.1063291139240512
20250925,MA2609,2349.0,113.0,4048.0,0.0
20250926,MA2510,2256.0,3749.0,5479.0,0.2021276595744678
20250926,MA2511,2294.0,74116.0,54332.0,0.2040104620749785
20250926,MA2512,2333.0,49754.0,31574.0,0.0012714496934554
20250926,MA2601,2355.0,556255.0,885132.0,0.1273885350318471
20250926,MA2602,2380.0,23196.0,31701.0,0.0857142857142854
20250926,MA2603,2397.0,2629.0,7331.0,0.0
20250926,MA2604,0.0,0.0,97.0,0.0
20250926,MA2605,2384.0,25394.0,168732.0,0.0
20250926,MA2606,0.0,0.0,132.0,0.0
20250926,MA2607,2369.0,18.0,541.0,0.065850569860701
20250926,MA2608,2382.0,2.0,86.0,-0.1964735516372791
20250926,MA2609,2343.0,343.0,4141.0,0.0
20250929,MA2510,2262.0,1430.0,5023.0,0.1962864721485413
20250929,MA2511,2299.0,46346.0,47485.0,0.2035667681600683
20250929,MA2512,2338.0,26177.0,31062.0,0.0012110610240193
20250929,MA2601,2359.0,426001.0,869500.0,0.1424332344213645
20250929,MA2602,2387.0,13980.0,33049.0,0.0703812316715541
20250929,MA2603,2401.0,212.0,7356.0,-0.0799666805497709
20250929,MA2604,2385.0,48.0,111.0,0.0150943396226415
20250929,MA2605,2388.0,19839.0,171223.0,0.0
20250929,MA2606,0.0,0.0,132.0,0.0
20250929,MA2607,2364.0,10.0,539.0,0.0
20250929,MA2608,0.0,0.0,86.0,0.0
20250929,MA2609,2345.0,170.0,4110.0,0.0
20250930,MA2510,2235.0,1203.0,4478.0,0.1879194630872485
20250930,MA2511,2270.0,48602.0,37071.0,0.211453744493391
20250930,MA2512,2310.0,52300.0,29679.0,0.0010506347584999
20250930,MA2601,2328.0,435593.0,888083.0,0.1391752577319582
20250930,MA2602,2355.0,28136.0,32685.0,0.086624203821656
20250930,MA2603,2372.0,220.0,7477.0,0.0556492411467113
20250930,MA2604,2383.0,15.0,114.0,-0.1057490558120015
20250930,MA2605,2362.0,28829.0,177197.0,0.0863674851820484
20250930,MA2606,2379.0,2.0,131.0,-0.1815889029003781
20250930,MA2607,2343.0,26.0,535.0,0.0460947503201021
20250930,MA2608,2352.0,6.0,86.0,-0.1173469387755101
20250930,MA2609,2329.0,729.0,4600.0,0.0
20251009,MA2510,2187.0,377.0,4131.0,0.2688614540466405
20251009,MA2511,2236.0,17029.0,39144.0,0.1663685152057246
20251009,MA2512,2267.0,13840.0,30343.0,0.0013679415948414
20251009,MA2601,2290.0,545698.0,999972.0,0.1781659388646295
20251009,MA2602,2324.0,13445.0,39394.0,0.0981067125645447
20251009,MA2603,2343.0,9254.0,15531.0,0.0921895006402042
20251009,MA2604,2361.0,37.0,108.0,-0.0762388818297328
20251009,MA2605,2346.0,66523.0,181952.0,0.0460358056265972
20251009,MA2606,2355.0,4.0,131.0,-0.1528662420382165
20251009,MA2607,2325.0,18.0,527.0,0.056774193548386
20251009,MA2608,2336.0,15.0,96.0,-0.0821917808219181
20251009,MA2609,2320.0,1051.0,5345.0,0.0
20251010,MA2510,2210.0,291.0,3845.0,0.244343891402714
20251010,MA2511,2255.0,15714.0,35696.0,0.1702882483370285
20251010,MA2512,2287.0,37791.0,37939.0,0.0011791120303817
20251010,MA2601,2307.0,569488.0,1001498.0,0.1664499349804948
20251010,MA2602,2339.0,26048.0,45737.0,0.1179991449337318
20251010,MA2603,2362.0,57196.0,50563.0,0.0101608806096518
20251010,MA2604,2364.0,40.0,107.0,-0.0659898477157354
20251010,MA2605,2351.0,58714.0,182481.0,-0.0051042109740535
20251010,MA2606,2350.0,33.0,138.0,-0.0510638297872341
20251010,MA2607,2340.0,48.0,543.0,-0.0307692307692306
20251010,MA2608,2334.0,18.0,100.0,-0.0822622107969155
20251010,MA2609,2318.0,731.0,5911.0,0.0
20251013,MA2510,2231.0,250.0,3661.0,0.3980277902285971
20251013,MA2511,2305.0,48566.0,29551.0,0.1509761388286339
20251013,MA2512,2334.0,49549.0,40173.0,0.000462147251668
20251013,MA2601,2342.0,1262936.0,991942.0,0.1127241673783094
20251013,MA2602,2364.0,48583.0,41857.0,0.0761421319796946
20251013,MA2603,2379.0,58622.0,56397.0,-0.0201765447667088
20251013,MA2604,2375.0,60.0,133.0,-0.1061052631578944
20251013,MA2605,2354.0,155075.0,179050.0,0.0509770603228538
20251013,MA2606,2364.0,10.0,140.0,-0.1116751269035538
20251013,MA2607,2342.0,194.0,698.0,-0.0666097352690009
20251013,MA2608,2329.0,7.0,101.0,-0.0566766852726496
20251013,MA2609,2318.0,2006.0,6093.0,0.0
20251014,MA2510,2240.0,162.0,3499.0,0.0
20251014,MA2511,2240.0,20480.0,20521.0,0.1392857142857151
20251014,MA2512,2266.0,49298.0,38567.0,0.0004760157481876
20251014,MA2601,2274.0,1237492.0,1051360.0,0.1266490765171495
20251014,MA2602,2298.0,29667.0,40995.0,0.0626631853785903
20251014,MA2603,2310.0,63873.0,59373.0,0.0363636363636352
20251014,MA2604,2317.0,67.0,105.0,-0.0880448856279674
20251014,MA2605,2300.0,165729.0,191513.0,-0.0156521739130428
20251014,MA2606,2297.0,26.0,140.0,-0.067914671310405
20251014,MA2607,2284.0,111.0,773.0,-0.0525394045534151
20251014,MA2608,2274.0,21.0,106.0,-0.0791556728232194
20251014,MA2609,2259.0,2562.0,6491.0,0.0
20251015,MA2510,0.0,0.0,3499.0,0.0
20251015,MA2511,2278.0,11764.0,15655.0,0.089552238805969
20251015,MA2512,2295.0,35982.0,38520.0,0.000176250275391
20251015,MA2601,2298.0,736803.0,1038960.0,0.0939947780678842
20251015,MA2602,2316.0,25963.0,40184.0,0.0466321243523317
20251015,MA2603,2325.0,32536.0,58899.0,-0.0258064516129037
20251015,MA2604,2320.0,32.0,114.0,-0.0465517241379309
20251015,MA2605,2311.0,77584.0,198252.0,0.0311553440069225
20251015,MA2606,2317.0,11.0,144.0,-0.1191195511437208
20251015,MA2607,2294.0,57.0,786.0,-0.0313862249346121
20251015,MA2608,2288.0,17.0,119.0,-0.09965034965035
20251015,MA2609,2269.0,1374.0,6801.0,0.0
20251016,MA2510,0.0,0.0,3499.0,0.0
20251016,MA2511,2300.0,4968.0,13610.0,0.0521739130434779
20251016,MA2512,2310.0,38741.0,37549.0,0.0005253173792499
20251016,MA2601,2319.0,768537.0,1039282.0,0.1138421733505818
20251016,MA2602,2341.0,24175.0,38975.0,0.0461341307133711
20251016,MA2603,2350.0,43738.0,59293.0,-0.0306382978723407
20251016,MA2604,2344.0,26.0,122.0,-0.0972696245733786
20251016,MA2605,2325.0,97182.0,210691.0,-0.0464516129032261
20251016,MA2606,2316.0,23.0,148.0,-0.0673575129533676
20251016,MA2607,2303.0,18.0,789.0,-0.0416847590099873
20251016,MA2608,2295.0,7.0,121.0,-0.0627450980392154
20251016,MA2609,2283.0,1271.0,7124.0,0.0
20251017,MA2510,2240.0,108.0,3396.0,0.0535714285714297
20251017,MA2511,2250.0,5137.0,11418.0,0.0853333333333328
20251017,MA2512,2266.0,29620.0,37019.0,0.0003570118111407
20251017,MA2601,2272.0,653713.0,1058725.0,0.1373239436619719
20251017,MA2602,2298.0,16963.0,40117.0,0.0522193211488257
20251017,MA2603,2308.0,30543.0,59120.0,-0.0207972270363949
20251017,MA2604,2304.0,16.0,135.0,-0.072916666666666
20251017,MA2605,2290.0,63447.0,214761.0,-0.0052401746724894
20251017,MA2606,2289.0,8.0,148.0,-0.0681520314547832
20251017,MA2607,2276.0,22.0,779.0,-0.042179261862917
20251017,MA2608,2268.0,13.0,126.0,-0.1005291005291
20251017,MA2609,2249.0,908.0,7253.0,0.0
20251020,MA2510,0.0,0.0,3396.0,0.0
20251020,MA2511,2240.0,2801.0,10461.0,0.0964285714285724
20251020,MA2512,2258.0,28599.0,37656.0,0.000477702252167
20251020,MA2601,2266.0,827122.0,1071256.0,0.1429832303618701
20251020,MA2602,2293.0,14184.0,40334.0,0.0837331007413872
20251020,MA2603,2309.0,27804.0,59892.0,0.0155911650064961
20251020,MA2604,2312.0,33.0,149.0,-0.1038062283737026
20251020,MA2605,2292.0,94804.0,226106.0,0.031413612565446
20251020,MA2606,2298.0,14.0,155.0,0.0052219321148836
20251020,MA2607,2299.0,41.0,769.0,-0.0678555893866903
20251020,MA2608,2286.0,9.0,127.0,-0.1522309711286089
20251020,MA2609,2257.0,1358.0,7662.0,0.0
20251021,MA2510,0.0,0.0,3396.0,0.0
20251021,MA2511,2243.0,1465.0,10034.0,0.1069995541685244
20251021,MA2512,2263.0,43913.0,38373.0,0.0002979042436459
20251021,MA2601,2268.0,770475.0,1059019.0,0.1481481481481488
20251021,MA2602,2296.0,32114.0,40383.0,0.078397212543555
20251021,MA2603,2311.0,64662.0,60363.0,-0.0207702293379488
20251021,MA2604,2307.0,24.0,151.0,-0.0988296488946685
20251021,MA2605,2288.0,79221.0,228322.0,0.0524475524475525
20251021,MA2606,2298.0,14.0,157.0,-0.0678851174934727
20251021,MA2607,2285.0,19.0,767.0,-0.0472647702407003
20251021,MA2608,2276.0,4.0,127.0,-0.1265377855887526
20251021,MA2609,2252.0,1396.0,7885.0,0.0
20251022,MA2510,0.0,227.0,0.0,0.0
20251022,MA2511,2225.0,2235.0,9224.0,0.0970786516853925
20251022,MA2512,2243.0,22069.0,38678.0,0.0010820179635019
20251022,MA2601,2261.0,579308.0,1097780.0,0.1486068111455099
20251022,MA2602,2289.0,19544.0,40902.0,0.1258191349934465
20251022,MA2603,2313.0,29452.0,60377.0,0.020752269779507
20251022,MA2604,2317.0,45.0,148.0,-0.0880448856279674
20251022,MA2605,2300.0,64546.0,231938.0,0.0208695652173922
20251022,MA2606,2304.0,10.0,159.0,-0.0885416666666665
20251022,MA2607,2287.0,13.0,763.0,0.0052470485351978
20251022,MA2608,2288.0,2.0,128.0,-0.1520979020979025
20251022,MA2609,2259.0,1416.0,8021.0,0.0
20251023,MA2511,2241.0,1102.0,8474.0,0.1552878179384214
20251023,MA2512,2270.0,17620.0,36986.0,0.0013067366232737
20251023,MA2601,2292.0,704659.0,1066380.0,0.162303664921465
20251023,MA2602,2323.0,15598.0,39750.0,0.1136461472234167
20251023,MA2603,2345.0,26771.0,60213.0,0.0
20251023,MA2604,2345.0,20.0,148.0,-0.0818763326226017
20251023,MA2605,2329.0,71806.0,233741.0,-0.0051524259338768
20251023,MA2606,2328.0,18.0,164.0,-0.0876288659793811
20251023,MA2607,2311.0,14.0,767.0,-0.0882734746862827
20251023,MA2608,2294.0,3.0,127.0,-0.0470793374019176
20251023,MA2609,2285.0,1619.0,7667.0,0.057768052516411
20251023,MA2610,2296.0,6.0,4.0,0.0
20251024,MA2511,2230.0,2327.0,7070.0,0.1237668161434983
20251024,MA2512,2253.0,30047.0,35665.0,0.0011370606980954
20251024,MA2601,2272.0,603000.0,1080950.0,0.1742957746478879
20251024,MA2602,2305.0,18203.0,39547.0,0.1301518438177877
20251024,MA2603,2330.0,35417.0,59078.0,0.01030042918455
20251024,MA2604,2332.0,26.0,139.0,-0.0771869639794164
20251024,MA2605,2317.0,51735.0,232638.0,0.0466119982736294
20251024,MA2606,2326.0,7.0,161.0,-0.0773860705073081
20251024,MA2607,2311.0,29.0,753.0,-0.0675032453483339
20251024,MA2608,2298.0,31.0,124.0,-0.0835509138381196
20251024,MA2609,2282.0,1229.0,7342.0,0.0420683610867653
20251024,MA2610,2290.0,5.0,7.0,0.0
20251027,MA2511,2220.0,583.0,6683.0,0.1513513513513524
20251027,MA2512,2248.0,34416.0,33505.0,0.001199568155464
20251027,MA2601,2268.0,583775.0,1102546.0,0.1904761904761898
20251027,MA2602,2304.0,44688.0,41967.0,0.1458333333333321
20251027,MA2603,2332.0,69376.0,59642.0,0.0463121783876498
20251027,MA2604,2341.0,48.0,158.0,-0.0820162323793249
20251027,MA2605,2325.0,71212.0,233023.0,0.0154838709677411
20251027,MA2606,2328.0,19.0,161.0,-0.0206185567010308
20251027,MA2607,2324.0,98.0,739.0,-0.0774526678141134
20251027,MA2608,2309.0,31.0,120.0,-0.0935469900389782
20251027,MA2609,2291.0,3377.0,8198.0,0.0314273243125278
20251027,MA2610,2297.0,2.0,7.0,0.0
20251028,MA2511,2184.0,1001.0,6030.0,0.1978021978021971
20251028,MA2512,2220.0,36392.0,33611.0,0.0012754327361068
20251028,MA2601,2241.0,685035.0,1221292.0,0.1927710843373491
20251028,MA2602,2277.0,11526.0,42371.0,0.1791831357048758
20251028,MA2603,2311.0,38307.0,59685.0,0.0259627866724363
20251028,MA2604,2316.0,55.0,169.0,-0.0673575129533676
20251028,MA2605,2303.0,66715.0,234059.0,0.0521059487624828
20251028,MA2606,2313.0,14.0,161.0,-0.0155642023346302
20251028,MA2607,2310.0,16.0,739.0,-0.0363636363636366
20251028,MA2608,2303.0,1.0,120.0,-0.1458966565349544
20251028,MA2609,2275.0,1874.0,8669.0,0.1054945054945051
20251028,MA2610,2295.0,6.0,10.0,0.0
20251029,MA2511,2210.0,511.0,5868.0,0.1248868778280538
20251029,MA2512,2233.0,25468.0,31824.0,0.0014491513910343
20251029,MA2601,2257.0,585629.0,1197415.0,0.202038103677447
20251029,MA2602,2295.0,9232.0,41028.0,0.1725490196078425
20251029,MA2603,2328.0,30982.0,59228.0,0.0154639175257731
20251029,MA2604,2331.0,26.0,175.0,-0.051480051480051
20251029,MA2605,2321.0,52346.0,238899.0,-0.0051701852649719
20251029,MA2606,2320.0,13.0,164.0,-0.0206896551724131
20251029,MA2607,2316.0,26.0,741.0,-0.0414507772020731
20251029,MA2608,2308.0,4.0,121.0,-0.0987868284228774
20251029,MA2609,2289.0,1251.0,8880.0,0.0471821756225434
20251029,MA2610,2298.0,2.0,11.0,0.0
20251030,MA2511,2176.0,916.0,5217.0,0.0551470588235298
20251030,MA2512,2186.0,22173.0,30867.0,0.0013569497414599
20251030,MA2601,2208.0,787878.0,1320963.0,0.2228260869565224
20251030,MA2602,2249.0,24673.0,44748.0,0.1867496665184527
20251030,MA2603,2284.0,31210.0,63750.0,0.0683012259194404
20251030,MA2604,2297.0,145.0,265.0,-0.067914671310405
20251030,MA2605,2284.0,75850.0,244122.0,0.0367775831873897
20251030,MA2606,2291.0,51.0,182.0,0.0052378873854204
20251030,MA2607,2292.0,27.0,747.0,0.0209424083769631
20251030,MA2608,2296.0,9.0,121.0,-0.1567944250871074
20251030,MA2609,2266.0,1936.0,9504.0,0.0900264783759938
20251030,MA2610,2283.0,10.0,18.0,0.0
20251031,MA2511,2129.0,1040.0,4588.0,0.152184124001879
20251031,MA2512,2156.0,33190.0,29635.0,0.001500906797857
20251031,MA2601,2180.0,826939.0,1350958.0,0.2311926605504597
20251031,MA2602,2222.0,35288.0,41844.0,0.1620162016201609
20251031,MA2603,2252.0,39526.0,63427.0,0.0852575488454716
20251031,MA2604,2268.0,178.0,374.0,-0.0423280423280423
20251031,MA2605,2260.0,87178.0,252364.0,0.0743362831858416
20251031,MA2606,2274.0,23.0,191.0,-0.026385224274406
20251031,MA2607,2269.0,44.0,750.0,-0.0581754076685769
20251031,MA2608,2258.0,18.0,133.0,-0.095659875996457
20251031,MA2609,2240.0,2975.0,10559.0,0.1124999999999989
20251031,MA2610,2261.0,25.0,34.0,0.0
20251103,MA2511,2104.0,5.0,4583.0,0.1026615969581747
20251103,MA2512,2122.0,12870.0,31831.0,0.0013343358502155
20251103,MA2601,2143.0,1186632.0,1400566.0,0.2127858142790479
20251103,MA2602,2181.0,28560.0,46678.0,0.1980742778541948
20251103,MA2603,2217.0,39624.0,71072.0,0.1190798376184032
20251103,MA2604,2239.0,10757.0,8476.0,0.0
20251103,MA2605,2239.0,134548.0,273449.0,0.0375167485484579
20251103,MA2606,2246.0,61.0,218.0,0.0320569902048077
20251103,MA2607,2252.0,37.0,750.0,-0.0426287744227358
20251103,MA2608,2244.0,19.0,137.0,-0.0855614973262026
20251103,MA2609,2228.0,3617.0,12246.0,0.0915619389587085
20251103,MA2610,2245.0,22.0,54.0,0.0
20251104,MA2511,2059.0,800.0,4012.0,0.2272948033025752
20251104,MA2512,2098.0,12243.0,34565.0,0.0010925332847762
20251104,MA2601,2115.0,1100317.0,1410422.0,0.2099290780141833
20251104,MA2602,2152.0,31600.0,46531.0,0.2063197026022303
20251104,MA2603,2189.0,44734.0,74703.0,0.1315669255367746
20251104,MA2604,2213.0,13316.0,17767.0,0.0650700406687763
20251104,MA2605,2225.0,117508.0,282152.0,0.0970786516853925
20251104,MA2606,2243.0,63.0,234.0,0.0534997770842622
20251104,MA2607,2253.0,98.0,764.0,-0.005326231691078
20251104,MA2608,2252.0,37.0,142.0,-0.0799289520426285
20251104,MA2609,2237.0,4094.0,12395.0,0.048278945015646
20251104,MA2610,2246.0,18.0,55.0,0.0
20251105,MA2511,2080.0,71.0,3941.0,0.213461538461539
20251105,MA2512,2117.0,16127.0,34140.0,0.0015285569467075
20251105,MA2601,2141.0,1405704.0,1372748.0,0.2017748715553473
20251105,MA2602,2177.0,31841.0,43654.0,0.1984382177308221
20251105,MA2603,2213.0,64369.0,76871.0,0.1138725711703578
20251105,MA2604,2234.0,25408.0,20484.0,0.0107430617726045
20251105,MA2605,2236.0,154420.0,285029.0,0.0805008944543823
20251105,MA2606,2251.0,84.0,249.0,0.0213238560639705
20251105,MA2607,2255.0,68.0,763.0,0.0
20251105,MA2608,2255.0,28.0,152.0,-0.0851441241685142
20251105,MA2609,2239.0,4191.0,12996.0,0.0964716391246085
20251105,MA2610,2257.0,24.0,67.0,0.0
20251106,MA2511,2087.0,21.0,3920.0,0.1207474844274081
20251106,MA2512,2108.0,10401.0,34320.0,0.0010873504893077
20251106,MA2601,2125.0,1243391.0,1368330.0,0.2202352941176482
20251106,MA2602,2164.0,30878.0,43802.0,0.2107208872458397
20251106,MA2603,2202.0,51063.0,82553.0,0.1253405994550407
20251106,MA2604,2225.0,19117.0,21276.0,0.0053932584269675
20251106,MA2605,2226.0,110607.0,280782.0,0.0700808625336932
20251106,MA2606,2239.0,31.0,254.0,0.0321572130415361
20251106,MA2607,2245.0,13.0,765.0,0.0053452115812921
20251106,MA2608,2246.0,10.0,152.0,-0.0854853072128229
20251106,MA2609,2230.0,2491.0,13409.0,0.0807174887892365
20251106,MA2610,2245.0,13.0,71.0,0.0
20251107,MA2511,0.0,0.0,3920.0,0.0
20251107,MA2512,2098.0,7342.0,35017.0,0.0008997332933451
20251107,MA2601,2112.0,915796.0,1390819.0,0.2159090909090917
20251107,MA2602,2150.0,36167.0,43595.0,0.195348837209301
20251107,MA2603,2185.0,73514.0,82923.0,0.1427917620137311
20251107,MA2604,2211.0,33330.0,22386.0,0.010854816824966
20251107,MA2605,2213.0,107389.0,274606.0,0.0976050610031631
20251107,MA2606,2231.0,15.0,256.0,0.0322725235320495
20251107,MA2607,2237.0,14.0,769.0,0.0214573088958438
20251107,MA2608,2241.0,13.0,157.0,-0.0696117804551543
20251107,MA2609,2228.0,1388.0,13580.0,0.0700179533213631
20251107,MA2610,2241.0,5.0,75.0,0.0
20251110,MA2511,2058.0,20.0,3900.0,0.1457725947521861
20251110,MA2512,2083.0,13814.0,37584.0,0.0011651302410633
20251110,MA2601,2101.0,1283246.0,1405588.0,0.2227510709186102
20251110,MA2602,2140.0,21267.0,44918.0,0.2018691588785044
20251110,MA2603,2176.0,64717.0,85102.0,0.1102941176470597
20251110,MA2604,2196.0,34896.0,23276.0,0.0655737704918033
20251110,MA2605,2208.0,100928.0,286250.0,0.0706521739130447
20251110,MA2606,2221.0,103.0,306.0,0.0486267447095896
20251110,MA2607,2230.0,61.0,800.0,0.0322869955156956
20251110,MA2608,2236.0,75.0,168.0,-0.0644007155635066
20251110,MA2609,2224.0,2826.0,14323.0,0.0647482014388485
20251110,MA2610,2236.0,15.0,81.0,0.0
20251111,MA2511,0.0,0.0,3900.0,0.0
20251111,MA2512,2070.0,14522.0,40691.0,0.000781631656082
20251111,MA2601,2082.0,834911.0,1449761.0,0.2247838616714697
20251111,MA2602,2121.0,41550.0,48432.0,0.198019801980199
20251111,MA2603,2156.0,63297.0,88898.0,0.1447124304267166
20251111,MA2604,2182.0,14985.0,23222.0,0.065994500458296
20251111,MA2605,2194.0,69793.0,295333.0,0.0929808568824066
20251111,MA2606,2211.0,32.0,317.0,0.0488466757123484
20251111,MA2607,2220.0,28.0,807.0,0.0432432432432428
20251111,MA2608,2228.0,15.0,169.0,-0.0538599640933568
20251111,MA2609,2218.0,1407.0,14795.0,0.0703336339044184
20251111,MA2610,2231.0,16.0,88.0,0.0
20251112,MA2511,0.0,0.0,3900.0,0.0
20251112,MA2512,2075.0,84327.0,26439.0,0.002144307567348
20251112,MA2601,2108.0,1032757.0,1407325.0,0.2220113851992415
20251112,MA2602,2147.0,69491.0,44839.0,0.1900326036329751
20251112,MA2603,2181.0,114289.0,81690.0,0.1375515818431916
20251112,MA2604,2206.0,34565.0,20869.0,0.0271985494106976
20251112,MA2605,2211.0,78935.0,291424.0,0.0922659430122125
20251112,MA2606,2228.0,37.0,319.0,-0.0053859964093363
20251112,MA2607,2227.0,26.0,814.0,0.0431073192635844
20251112,MA2608,2235.0,25.0,169.0,-0.0107382550335564
20251112,MA2609,2233.0,2143.0,14622.0,0.0268696820420961
20251112,MA2610,2238.0,17.0,99.0,0.0
20251113,MA2511,2052.0,10.0,3890.0,0.1111111111111116
20251113,MA2512,2071.0,13173.0,18706.0,0.0020833446362013
20251113,MA2601,2103.0,1038708.0,1382831.0,0.2225392296718977
20251113,MA2602,2142.0,27589.0,44622.0,0.1848739495798312
20251113,MA2603,2175.0,60322.0,82365.0,0.1268965517241378
20251113,MA2604,2198.0,17055.0,20989.0,0.0545950864422213
20251113,MA2605,2208.0,102081.0,293651.0,0.0489130434782607
20251113,MA2606,2217.0,57.0,332.0,0.0595399188092029
20251113,MA2607,2228.0,45.0,825.0,0.0700179533213631
20251113,MA2608,2241.0,28.0,167.0,-0.0535475234270417
20251113,MA2609,2231.0,2147.0,14173.0,0.0537875392200808
20251113,MA2610,2241.0,16.0,96.0,0.0
20251114,MA2511,2012.0,816.0,0.0,0.0238568588469174
20251114,MA2512,2016.0,8442.0,16522.0,0.0026083467094703
20251114,MA2601,2055.0,1169485.0,1516796.0,0.2277372262773722
20251114,MA2602,2094.0,53002.0,46687.0,0.1776504297994261
20251114,MA2603,2125.0,110893.0,89401.0,0.1298823529411761
20251114,MA2604,2148.0,43344.0,24582.0,0.0837988826815649
20251114,MA2605,2163.0,157020.0,307446.0,0.1054091539528441
20251114,MA2606,2182.0,231.0,496.0,0.0934922089825844
20251114,MA2607,2199.0,124.0,906.0,0.0873124147339705
20251114,MA2608,2215.0,76.0,189.0,-0.0704288939051913
20251114,MA2609,2202.0,4786.0,15600.0,0.1089918256130779
20251114,MA2610,2222.0,26.0,112.0,0.0
20251117,MA2512,1994.0,9007.0,13191.0,0.0023666505133377713
20251117,MA2601,2029.0,1178857.0,1497532.0,0.2306554953178903
20251117,MA2602,2068.0,45524.0,48287.0,0.20889748549323084
20251117,MA2603,2104.0,84947.0,89052.0,0.14828897338402935
20251117,MA2604,2130.0,27648.0,24740.0,0.08450704225352101
20251117,MA2605,2145.0,137135.0,317441.0,0.10629370629370616
20251117,MA2606,2164.0,202.0,629.0,0.09426987060998204
20251117,MA2607,2181.0,149.0,939.0,0.10453920220082402
20251117,MA2608,2200.0,51.0,223.0,0.0
20251117,MA2609,2200.0,6278.0,15502.0,0.09818181818181948
20251117,MA2610,2218.0,35.0,119.0,0.11902614968440073
20251117,MA2611,2240.0,15.0,13.0,0.0
20251118,MA2512,1995.0,3940.0,10996.0,0.002365464222353644
20251118,MA2601,2030.0,1111892.0,1458503.0,0.23054187192118292
20251118,MA2602,2069.0,55279.0,46763.0,0.1913968100531669
20251118,MA2603,2102.0,99900.0,88599.0,0.17697431018077925
20251118,MA2604,2133.0,26435.0,24640.0,0.11251758087201047
20251118,MA2605,2153.0,128804.0,325957.0,0.07245703669298731
20251118,MA2606,2166.0,264.0,621.0,0.09972299168974974
20251118,MA2607,2184.0,97.0,951.0,0.10439560439560402
20251118,MA2608,2203.0,27.0,227.0,0.005447117566955484
20251118,MA2609,2204.0,5184.0,15263.0,0.08711433756805853
20251118,MA2610,2220.0,59.0,132.0,0.07027027027027088
20251118,MA2611,2233.0,10.0,15.0,0.0
20251119,MA2512,1979.0,2819.0,9133.0,0.0023164576366454625
20251119,MA2601,2013.0,1387439.0,1450621.0,0.2503725782414312
20251119,MA2602,2055.0,54641.0,51491.0,0.22189781021897836
20251119,MA2603,2093.0,97479.0,91561.0,0.17773530817009142
20251119,MA2604,2124.0,30868.0,24971.0,0.14689265536723184
20251119,MA2605,2150.0,186974.0,343969.0,0.10604651162790812
20251119,MA2606,2169.0,151.0,599.0,0.11065006915629283
20251119,MA2607,2189.0,46.0,963.0,0.07674737322978586
20251119,MA2608,2203.0,32.0,239.0,0.016341352700863787
20251119,MA2609,2206.0,4734.0,16818.0,0.11423390752493123
20251119,MA2610,2227.0,24.0,137.0,0.059272563987428306
20251119,MA2611,2238.0,9.0,17.0,0.0
20251120,MA2512,1977.0,1466.0,8947.0,0.002659801196910536
20251120,MA2601,2016.0,1553968.0,1427833.0,0.23809523809523725
20251120,MA2602,2056.0,107818.0,51565.0,0.19844357976653626
20251120,MA2603,2090.0,174126.0,91833.0,0.19521531100478384
20251120,MA2604,2124.0,44913.0,25333.0,0.16384180790960556
20251120,MA2605,2153.0,167205.0,352965.0,0.10032512772875002
20251120,MA2606,2171.0,139.0,614.0,0.1326577614002762
20251120,MA2607,2195.0,51.0,959.0,0.08747152619589915
20251120,MA2608,2211.0,11.0,236.0,-0.005427408412483015
20251120,MA2609,2210.0,5346.0,17729.0,0.11945701357466021
20251120,MA2610,2232.0,23.0,133.0,0.05913978494623695
20251120,MA2611,2243.0,11.0,20.0,0.0
20251121,MA2512,1966.0,1191.0,8257.0,0.0026061014779338596
20251121,MA2601,2004.0,1085596.0,1402474.0,0.25149700598802394
20251121,MA2602,2046.0,52198.0,52561.0,0.2052785923753664
20251121,MA2603,2081.0,88940.0,96057.0,0.19605958673714685
20251121,MA2604,2115.0,39724.0,25507.0,0.13049645390070808
20251121,MA2605,2138.0,117885.0,356344.0,0.13470533208606117
20251121,MA2606,2162.0,49.0,618.0,0.08880666049953678
20251121,MA2607,2178.0,34.0,962.0,0.09917355371900793
20251121,MA2608,2196.0,9.0,232.0,0.027322404371584952
20251121,MA2609,2201.0,2410.0,17815.0,0.14720581553839196
20251121,MA2610,2228.0,1.0,132.0,0.021543985637342722
20251121,MA2611,2232.0,9.0,22.0,0.0
20251124,MA2512,2041.0,2248.0,7552.0,0.0023782129271287065
20251124,MA2601,2077.0,2086334.0,1312680.0,0.24843524313914234
20251124,MA2602,2120.0,76699.0,57743.0,0.2094339622641499
20251124,MA2603,2157.0,136901.0,101809.0,0.15020862308762073
20251124,MA2604,2184.0,36178.0,26224.0,0.07692307692307665
20251124,MA2605,2198.0,313490.0,370798.0,0.08735213830755306
20251124,MA2606,2214.0,229.0,561.0,0.07046070460704534
20251124,MA2607,2227.0,182.0,899.0,0.03771890435563474
20251124,MA2608,2234.0,78.0,207.0,-0.0644583706356312
20251124,MA2609,2222.0,16681.0,18160.0,0.09180918091809165
20251124,MA2610,2239.0,75.0,127.0,0.08575256811076493
20251124,MA2611,2255.0,44.0,34.0,0.0
20251125,MA2512,2029.0,935.0,6697.0,0.002525182605035954
20251125,MA2601,2067.0,1275717.0,1200373.0,0.2380261248185782
20251125,MA2602,2108.0,38124.0,55397.0,0.19924098671726753
20251125,MA2603,2143.0,67240.0,95562.0,0.15678954736350903
20251125,MA2604,2171.0,26000.0,24613.0,0.09396591432519497
20251125,MA2605,2188.0,191354.0,391861.0,0.0932358318098716
20251125,MA2606,2205.0,57.0,571.0,0.0598639455782326
20251125,MA2607,2216.0,19.0,903.0,0.04873646209386351
20251125,MA2608,2225.0,16.0,210.0,-0.03235955056179751
20251125,MA2609,2219.0,4674.0,19549.0,0.09193330328977112
20251125,MA2610,2236.0,18.0,124.0,0.08586762075134224
20251125,MA2611,2252.0,14.0,38.0,0.0
20251126,MA2512,2054.0,1706.0,5081.0,0.0026257343850858267
20251126,MA2601,2094.0,1611623.0,1154690.0,0.22349570200573154
20251126,MA2602,2133.0,44386.0,55087.0,0.19690576652601965
20251126,MA2603,2168.0,94170.0,92078.0,0.12177121771217614
20251126,MA2604,2190.0,29508.0,22977.0,0.060273972602739256
20251126,MA2605,2201.0,300735.0,414892.0,0.054520672421627836
20251126,MA2606,2211.0,155.0,540.0,0.0759837177747622
20251126,MA2607,2225.0,53.0,884.0,0.03235955056179751
20251126,MA2608,2231.0,34.0,201.0,-0.06992380098610429
20251126,MA2609,2218.0,9902.0,21633.0,0.09197475202885474
20251126,MA2610,2235.0,20.0,113.0,0.09127516778523415
20251126,MA2611,2252.0,34.0,58.0,0.0
20251127,MA2512,2073.0,2284.0,3148.0,0.002666710027805332
20251127,MA2601,2114.0,1682067.0,1104658.0,0.22138126773888267
20251127,MA2602,2153.0,51493.0,49665.0,0.16163492800743118
20251127,MA2603,2182.0,108039.0,82929.0,0.08799266727772626
20251127,MA2604,2198.0,19332.0,20790.0,0.05459508644222133
20251127,MA2605,2208.0,350001.0,433903.0,0.048913043478260754
20251127,MA2606,2217.0,123.0,538.0,0.03788903924221909
20251127,MA2607,2224.0,71.0,874.0,0.02697841726618755
20251127,MA2608,2229.0,99.0,204.0,-0.06460296096904417
20251127,MA2609,2217.0,9675.0,19369.0,0.05412719891745699
20251127,MA2610,2227.0,37.0,110.0,0.03771890435563474
20251127,MA2611,2234.0,37.0,50.0,0.0
20251128,MA2512,2090.0,980.0,2381.0,0.0029030697274340014
20251128,MA2601,2135.0,943772.0,1048788.0,0.18548009367681573
20251128,MA2602,2168.0,53119.0,45302.0,0.132841328413285
20251128,MA2603,2192.0,61155.0,79497.0,0.10401459854014661
20251128,MA2604,2211.0,26995.0,20748.0,0.04341926729986412
20251128,MA2605,2219.0,192600.0,449434.0,0.059486255069852056
20251128,MA2606,2230.0,81.0,529.0,0.03766816143497742
20251128,MA2607,2237.0,41.0,851.0,-0.005364327223960963
20251128,MA2608,2236.0,72.0,205.0,-0.06976744186046524
20251128,MA2609,2223.0,3249.0,19604.0,0.06477732793522328
20251128,MA2610,2235.0,6.0,112.0,0.005369127516777539
20251128,MA2611,2236.0,28.0,55.0,0.0
20251201,MA2512,2099.0,175.0,2295.0,0.0023767337041180787
20251201,MA2601,2136.0,1027056.0,1003722.0,0.21348314606741692
20251201,MA2602,2174.0,44566.0,47974.0,0.15455381784728495
20251201,MA2603,2202.0,79053.0,84849.0,0.1035422343324246
20251201,MA2604,2221.0,26615.0,23099.0,0.05943268797838819
20251201,MA2605,2232.0,228574.0,473631.0,0.06451612903225801
20251201,MA2606,2244.0,111.0,514.0,0.03208556149732633
20251201,MA2607,2250.0,22.0,842.0,0.016000000000000902
20251201,MA2608,2253.0,69.0,211.0,-0.08521970705725668
20251201,MA2609,2237.0,5185.0,20639.0,0.03218596334376311
20251201,MA2610,2243.0,35.0,98.0,0.042799821667409255
20251201,MA2611,2251.0,86.0,74.0,0.0
20251202,MA2512,2070.0,675.0,1772.0,0.004038430223090702
20251202,MA2601,2132.0,1198322.0,978569.0,0.21951219512195141
20251202,MA2602,2171.0,40926.0,49522.0,0.14923998157531138
20251202,MA2603,2198.0,106900.0,88070.0,0.1201091901728848
20251202,MA2604,2220.0,38929.0,21556.0,0.0648648648648642
20251202,MA2605,2232.0,285408.0,515672.0,0.03763440860215006
20251202,MA2606,2239.0,146.0,476.0,0.058954890576150554
20251202,MA2607,2250.0,569.0,1277.0,-0.037333333333332774
20251202,MA2608,2243.0,388.0,469.0,-0.08024966562639335
20251202,MA2609,2228.0,9528.0,23727.0,0.05385996409335814
20251202,MA2610,2238.0,12.0,103.0,0.048257372654154196
20251202,MA2611,2247.0,48.0,79.0,0.0
20251203,MA2512,2080.0,50.0,1772.0,0.003111495246326696
20251203,MA2601,2128.0,996305.0,948396.0,0.20864661654135208
20251203,MA2602,2165.0,35663.0,49979.0,0.1219399538106245
20251203,MA2603,2187.0,88272.0,90473.0,0.104252400548698
20251203,MA2604,2206.0,36333.0,23512.0,0.04351767905711679
20251203,MA2605,2214.0,234829.0,556021.0,0.037940379403794466
20251203,MA2606,2221.0,95.0,477.0,0.05943268797838819
20251203,MA2607,2232.0,317.0,1586.0,-0.02150537634408556
20251203,MA2608,2228.0,304.0,731.0,-0.07001795332136451
20251203,MA2609,2215.0,6333.0,25344.0,0.03792325056433299
20251203,MA2610,2222.0,33.0,107.0,0.02700270027002727
20251203,MA2611,2227.0,51.0,85.0,0.0
20251204,MA2512,0.0,0.0,1772.0,0.0
20251204,MA2601,2113.0,1053135.0,934683.0,0.204448651206814
20251204,MA2602,2149.0,29182.0,50292.0,0.1563517915309447
20251204,MA2603,2177.0,88449.0,89370.0,0.11575562700964515
20251204,MA2604,2198.0,44889.0,23866.0,0.0600545950864424
20251204,MA2605,2209.0,260099.0,583870.0,0.038026256224537036
20251204,MA2606,2216.0,136.0,490.0,0.04873646209386351
20251204,MA2607,2225.0,287.0,1851.0,-0.005393258426966252
20251204,MA2608,2224.0,308.0,1003.0,-0.07014388489208656
20251204,MA2609,2211.0,5300.0,26979.0,0.016282225237450376
20251204,MA2610,2214.0,3.0,107.0,0.04336043360433539
20251204,MA2611,2222.0,16.0,92.0,0.0
20251205,MA2512,0.0,0.0,1772.0,0.0
20251205,MA2601,2077.0,1004115.0,872092.0,0.21954742416947592
20251205,MA2602,2115.0,39107.0,50319.0,0.1475177304964541
20251205,MA2603,2141.0,88436.0,97252.0,0.10649229332087806
20251205,MA2604,2160.0,31362.0,23305.0,0.06111111111111178
20251205,MA2605,2171.0,312676.0,614490.0,0.0663288807001381
20251205,MA2606,2183.0,93.0,491.0,0.07146129180027394
20251205,MA2607,2196.0,35.0,1861.0,-0.016393442622950172
20251205,MA2608,2193.0,37.0,1008.0,-0.07660738714090254
20251205,MA2609,2179.0,5532.0,28336.0,0.03854979348325038
20251205,MA2610,2186.0,19.0,108.0,0.054894784995425105
20251205,MA2611,2196.0,25.0,101.0,0.0
20251208,MA2512,2018.0,27.0,1772.0,0.004743822451865779
20251208,MA2601,2089.0,828398.0,802701.0,0.2125418860698911
20251208,MA2602,2126.0,63963.0,49986.0,0.13546566321730857
20251208,MA2603,2150.0,117068.0,94481.0,0.09488372093023134
20251208,MA2604,2167.0,38066.0,23225.0,0.055376095985232965
20251208,MA2605,2177.0,324309.0,639875.0,0.060633899862194696
20251208,MA2606,2188.0,104.0,503.0,0.010968921389397757
20251208,MA2607,2190.0,46.0,1874.0,0.02191780821917888
20251208,MA2608,2194.0,40.0,1017.0,-0.08204193254329928
20251208,MA2609,2179.0,6234.0,30125.0,0.03854979348325038
20251208,MA2610,2186.0,7.0,109.0,0.043915827996340084
20251208,MA2611,2194.0,14.0,100.0,0.0
20251209,MA2512,0.0,0.0,1772.0,0.0
20251209,MA2601,2066.0,787392.0,723596.0,0.19167473378509126
20251209,MA2602,2099.0,81156.0,49938.0,0.10862315388280042
20251209,MA2603,2118.0,141904.0,99740.0,0.09631728045325705
20251209,MA2604,2135.0,43549.0,26689.0,0.044964871194379974
20251209,MA2605,2143.0,383761.0,661647.0,0.03919738684087726
20251209,MA2606,2150.0,145.0,531.0,0.03906976744186075
20251209,MA2607,2157.0,165.0,1966.0,0.016689847009735637
20251209,MA2608,2160.0,296.0,1282.0,-0.094444444444445
20251209,MA2609,2143.0,11663.0,37421.0,0.04479701353243115
20251209,MA2610,2151.0,28.0,122.0,0.03347280334727909
20251209,MA2611,2157.0,28.0,116.0,0.0
20251210,MA2512,0.0,0.0,1772.0,0.0
20251210,MA2601,2053.0,824210.0,642135.0,0.21042377009254842
20251210,MA2602,2089.0,47412.0,51844.0,0.08616562948779283
20251210,MA2603,2104.0,95680.0,102827.0,0.07984790874524617
20251210,MA2604,2118.0,50975.0,25013.0,0.062322946175637384
20251210,MA2605,2129.0,430249.0,713089.0,0.07327383748238692
20251210,MA2606,2142.0,97.0,543.0,0.022408963585434094
20251210,MA2607,2146.0,56.0,1977.0,0.0
20251210,MA2608,2146.0,143.0,1407.0,-0.11183597390493993
20251210,MA2609,2126.0,8432.0,41430.0,0.05079962370649138
20251210,MA2610,2135.0,36.0,142.0,0.08430913348946145
20251210,MA2611,2150.0,38.0,127.0,0.0
20251211,MA2512,0.0,0.0,1772.0,0.0
20251211,MA2601,2074.0,975203.0,558910.0,0.16200578592092452
20251211,MA2602,2102.0,55418.0,53221.0,0.06850618458610835
20251211,MA2603,2114.0,109280.0,108885.0,0.04541154210028253
20251211,MA2604,2122.0,37409.0,25906.0,-0.011310084825636668
20251211,MA2605,2120.0,536348.0,769603.0,0.07358490566037634
20251211,MA2606,2133.0,184.0,532.0,0.01687763713080237
20251211,MA2607,2136.0,78.0,1978.0,-0.028089887640449174
20251211,MA2608,2131.0,255.0,1598.0,-0.06194274988268367
20251211,MA2609,2120.0,8608.0,43874.0,0.03396226415094272
20251211,MA2610,2126.0,24.0,151.0,0.08466603951081719
20251211,MA2611,2141.0,27.0,132.0,0.0
20251212,MA2512,0.0,85.0,0.0,0.0
20251212,MA2601,2067.0,1012146.0,482389.0,0.14513788098693858
20251212,MA2602,2092.0,61695.0,50915.0,0.057361376673039643
20251212,MA2603,2102.0,123662.0,111929.0,0.022835394862036118
20251212,MA2604,2106.0,56832.0,26274.0,-0.03988603988603945
20251212,MA2605,2099.0,751017.0,833887.0,0.05717008099094745
20251212,MA2606,2109.0,220.0,516.0,0.011379800853484667
20251212,MA2607,2111.0,154.0,1939.0,-0.022738038844150044
20251212,MA2608,2107.0,33.0,1598.0,-0.0626483151400099
20251212,MA2609,2096.0,12481.0,46778.0,0.03435114503816816
20251212,MA2610,2102.0,72.0,169.0,0.10275927687916386
20251212,MA2611,2120.0,59.0,134.0,0.0
20251215,MA2601,2074.0,636545.0,370491.0,0.18514946962391488
20251215,MA2602,2106.0,51122.0,54072.0,0.11965811965811834
20251215,MA2603,2127.0,105679.0,120903.0,0.02256699576868826
20251215,MA2604,2131.0,51227.0,27200.0,-0.039418113561707546
20251215,MA2605,2124.0,657925.0,847558.0,0.033898305084744784
20251215,MA2606,2130.0,141.0,521.0,0.028169014084506117
20251215,MA2607,2135.0,48.0,1942.0,-0.016861826697892823
20251215,MA2608,2132.0,18.0,1610.0,-0.06754221388367787
20251215,MA2609,2120.0,12210.0,48212.0,0.06226415094339721
20251215,MA2610,2131.0,49.0,180.0,0.09572970436414785
20251215,MA2611,2148.0,46.0,139.0,0.1843575418994403
20251215,MA2612,2181.0,39.0,25.0,0.0
20251216,MA2601,2079.0,261748.0,295615.0,0.2135642135642124
20251216,MA2602,2116.0,53009.0,58079.0,0.119092627599243
20251216,MA2603,2137.0,76347.0,126385.0,0.016846045858681435
20251216,MA2604,2140.0,26435.0,28405.0,-0.06168224299065361
20251216,MA2605,2129.0,692695.0,896627.0,0.0338186942226395
20251216,MA2606,2135.0,60.0,526.0,0.022482435597188655
20251216,MA2607,2139.0,59.0,1957.0,-0.044880785413744295
20251216,MA2608,2131.0,45.0,1612.0,-0.06194274988268367
20251216,MA2609,2120.0,12009.0,51559.0,0.050943396226415416
20251216,MA2610,2129.0,46.0,205.0,0.11272898074213167
20251216,MA2611,2149.0,15.0,141.0,0.18985574685900541
20251216,MA2612,2183.0,26.0,36.0,0.0
20251217,MA2601,2111.0,194365.0,239640.0,0.19327333017527337
20251217,MA2602,2145.0,54617.0,59225.0,0.12307692307692264
20251217,MA2603,2167.0,96359.0,124874.0,0.011075219197047126
20251217,MA2604,2169.0,35606.0,25198.0,-0.07192254495159034
20251217,MA2605,2156.0,904395.0,874732.0,0.03896103896103931
20251217,MA2606,2163.0,153.0,602.0,-0.005547850208043936
20251217,MA2607,2162.0,112.0,1976.0,-0.06105457909343137
20251217,MA2608,2151.0,53.0,1610.0,-0.07252440725244114
20251217,MA2609,2138.0,16501.0,54269.0,0.01122544434050532
20251217,MA2610,2140.0,40.0,214.0,0.16261682242990716
20251217,MA2611,2169.0,32.0,157.0,0.19363762102351245
20251217,MA2612,2204.0,19.0,50.0,0.0
20251218,MA2601,2132.0,128756.0,206139.0,0.18574108818011315
20251218,MA2602,2165.0,57341.0,60836.0,0.14411085450346484
20251218,MA2603,2191.0,99619.0,124345.0,-0.005476951163852384
20251218,MA2604,2190.0,28579.0,28520.0,-0.08767123287671286
20251218,MA2605,2174.0,811542.0,867499.0,0.02207911683532604
20251218,MA2606,2178.0,263.0,732.0,-0.033057851239669755
20251218,MA2607,2172.0,247.0,2093.0,-0.07182320441988965
20251218,MA2608,2159.0,76.0,1649.0,-0.07781380268642923
20251218,MA2609,2145.0,19376.0,57135.0,0.022377622377621087
20251218,MA2610,2149.0,25.0,219.0,0.12284783620288398
20251218,MA2611,2171.0,25.0,153.0,0.22662367572547115
20251218,MA2612,2212.0,8.0,54.0,0.0
20251219,MA2601,2116.0,99308.0,180762.0,0.18714555765595442
20251219,MA2602,2149.0,53251.0,62346.0,0.13959981386691567
20251219,MA2603,2174.0,109415.0,118920.0,-0.016559337626495196
20251219,MA2604,2171.0,26227.0,27318.0,-0.12713035467526534
20251219,MA2605,2148.0,768631.0,868575.0,0.011173184357542887
20251219,MA2606,2150.0,96.0,740.0,0.01674418604651251
20251219,MA2607,2153.0,41.0,2093.0,-0.07245703669298598
20251219,MA2608,2140.0,22.0,1661.0,-0.10093457943925221
20251219,MA2609,2122.0,12485.0,59376.0,0.05655042412818201
20251219,MA2610,2132.0,30.0,224.0,0.10131332082551481
20251219,MA2611,2150.0,33.0,152.0,0.21209302325581358
20251219,MA2612,2188.0,30.0,50.0,0.0
20251222,MA2601,2116.0,88718.0,159918.0,0.2041587901701316
20251222,MA2602,2152.0,55309.0,64289.0,0.15055762081784518
20251222,MA2603,2179.0,108130.0,119101.0,0.0
20251222,MA2604,2179.0,34988.0,26949.0,-0.1321707205139977
20251222,MA2605,2155.0,959813.0,847144.0,0.027842227378189754
20251222,MA2606,2160.0,105.0,740.0,-0.027777777777777235
20251222,MA2607,2155.0,113.0,2098.0,-0.0835266821345706
20251222,MA2608,2140.0,77.0,1675.0,-0.08411214953270996
20251222,MA2609,2125.0,14630.0,59573.0,0.04517647058823471
20251222,MA2610,2133.0,42.0,226.0,0.12376933895921205
20251222,MA2611,2155.0,31.0,152.0,0.2116009280742448
20251222,MA2612,2193.0,12.0,53.0,0.0
20251223,MA2601,2130.0,82223.0,134190.0,0.18591549295774623
20251223,MA2602,2163.0,160275.0,60017.0,0.12205270457697726
20251223,MA2603,2185.0,218825.0,118877.0,-0.027459954233409523
20251223,MA2604,2180.0,39621.0,31309.0,-0.13211009174311927
20251223,MA2605,2156.0,1082559.0,855384.0,0.005565862708720282
20251223,MA2606,2157.0,125.0,767.0,-0.016689847009735637
20251223,MA2607,2154.0,66.0,2111.0,-0.08913649025069592
20251223,MA2608,2138.0,83.0,1695.0,-0.08980355472404122
20251223,MA2609,2122.0,23801.0,63980.0,0.062205466540998344
20251223,MA2610,2133.0,51.0,244.0,0.0787623066104084
20251223,MA2611,2147.0,32.0,158.0,0.20121099208197446
20251223,MA2612,2183.0,30.0,60.0,0.0
20251224,MA2601,2134.0,62901.0,112124.0,0.1855670103092777
20251224,MA2602,2167.0,104614.0,61228.0,0.16059067835717666
20251224,MA2603,2196.0,240751.0,117632.0,-0.016393442622950172
20251224,MA2604,2193.0,123739.0,26601.0,-0.11491108071135381
20251224,MA2605,2172.0,941922.0,797941.0,0.0
20251224,MA2606,2172.0,89.0,753.0,-0.044198895027624197
20251224,MA2607,2164.0,67.0,2115.0,-0.03327171903881743
20251224,MA2608,2158.0,50.0,1697.0,-0.07228915662650559
20251224,MA2609,2145.0,22993.0,62452.0,0.06153846153846132
20251224,MA2610,2156.0,82.0,240.0,0.06679035250463805
20251224,MA2611,2168.0,39.0,157.0,0.2214022140221399
20251224,MA2612,2208.0,35.0,66.0,0.0
20251225,MA2601,2129.0,33683.0,96848.0,0.14654767496477117
20251225,MA2602,2155.0,78484.0,62242.0,0.16148491879350324
20251225,MA2603,2184.0,135717.0,116807.0,0.005494505494505475
20251225,MA2604,2185.0,49483.0,27858.0,-0.1263157894736846
20251225,MA2605,2162.0,636411.0,794131.0,0.022201665124884862
20251225,MA2606,2166.0,144.0,749.0,0.027700831024931816
20251225,MA2607,2171.0,227.0,2125.0,-0.03316444035006905
20251225,MA2608,2165.0,165.0,1679.0,-0.05542725173210217
20251225,MA2609,2155.0,14299.0,61622.0,0.04454756380510361
20251225,MA2610,2163.0,19.0,241.0,0.07766990291262044
20251225,MA2611,2177.0,14.0,158.0,0.187413872301331
20251225,MA2612,2211.0,17.0,67.0,0.0
20251226,MA2601,2130.0,37519.0,78958.0,0.11830985915492942
20251226,MA2602,2151.0,131200.0,53446.0,0.15620641562064286
20251226,MA2603,2179.0,209077.0,107295.0,0.011014226709498587
20251226,MA2604,2181.0,57734.0,26364.0,-0.11004126547455328
20251226,MA2605,2161.0,1029119.0,781934.0,0.016658954187874997
20251226,MA2606,2164.0,193.0,728.0,0.0
20251226,MA2607,2164.0,230.0,2105.0,-0.03881700554528633
20251226,MA2608,2157.0,126.0,1669.0,-0.0556328233657859
20251226,MA2609,2147.0,25744.0,66220.0,0.07824871914298992
20251226,MA2610,2161.0,63.0,250.0,0.061082832022211875
20251226,MA2611,2172.0,87.0,166.0,0.20441988950276357
20251226,MA2612,2209.0,28.0,76.0,0.0
20251229,MA2601,2130.0,32838.0,58245.0,0.1408450704225359
20251229,MA2602,2155.0,131886.0,51538.0,0.12807424593967554
20251229,MA2603,2178.0,185191.0,103958.0,-0.005509641873278515
20251229,MA2604,2177.0,33170.0,25093.0,-0.08819476343592125
20251229,MA2605,2161.0,836921.0,773858.0,0.02221193891716844
20251229,MA2606,2165.0,395.0,727.0,0.016628175519631583
20251229,MA2607,2168.0,188.0,2027.0,-0.03321033210332125
20251229,MA2608,2162.0,16.0,1667.0,-0.05550416281221082
20251229,MA2609,2152.0,21018.0,65436.0,0.08921933085501887
20251229,MA2610,2168.0,36.0,240.0,0.07195571955719426
20251229,MA2611,2181.0,54.0,157.0,0.23108665749656243
20251229,MA2612,2223.0,48.0,78.0,0.0
20251230,MA2601,2191.0,43355.0,29336.0,0.14787768142400637
20251230,MA2602,2218.0,100530.0,54088.0,0.113615870153291
20251230,MA2603,2239.0,222563.0,117976.0,0.01607860652076809
20251230,MA2604,2242.0,94735.0,32832.0,-0.12310437109723527
20251230,MA2605,2219.0,1229531.0,814284.0,-0.005407841369986066
20251230,MA2606,2218.0,326.0,829.0,-0.010820559062218127
20251230,MA2607,2216.0,226.0,2026.0,-0.06498194945848335
20251230,MA2608,2204.0,335.0,1419.0,-0.0653357531760439
20251230,MA2609,2192.0,42107.0,69865.0,0.09306569343065707
20251230,MA2610,2209.0,53.0,221.0,0.03259393390674603
20251230,MA2611,2215.0,93.0,163.0,0.19503386004514756
20251230,MA2612,2251.0,61.0,92.0,0.0
20251231,MA2601,2190.0,25489.0,9281.0,0.09315068493150758
20251231,MA2602,2207.0,135310.0,44618.0,0.1196193928409599
20251231,MA2603,2229.0,205110.0,111873.0,0.021534320323015166
20251231,MA2604,2233.0,42987.0,30817.0,-0.09135691894312536
20251231,MA2605,2216.0,898018.0,731388.0,-0.021660649819494893
20251231,MA2606,2212.0,241.0,853.0,0.00542495479204419
20251231,MA2607,2213.0,217.0,2065.0,-0.10302756439222804
20251231,MA2608,2194.0,567.0,911.0,-0.06563354603464022
20251231,MA2609,2182.0,25330.0,71083.0,0.08799266727772626
20251231,MA2610,2198.0,35.0,229.0,0.08189262966332933
20251231,MA2611,2213.0,72.0,159.0,0.1735201084500666
20251231,MA2612,2245.0,53.0,103.0,0.0
20260105,MA2601,2191.0,2648.0,6781.0,0.15883158375171114
20260105,MA2602,2220.0,19633.0,42573.0,0.12432432432432439
20260105,MA2603,2243.0,60322.0,122068.0,-0.026749888542131117
20260105,MA2604,2238.0,24774.0,33910.0,-0.12332439678284235
20260105,MA2605,2215.0,700314.0,773584.0,0.005417607223477283
20260105,MA2606,2216.0,8043.0,6643.0,-0.05956678700360962
20260105,MA2607,2205.0,386.0,2213.0,-0.08707482993197324
20260105,MA2608,2189.0,195.0,1003.0,-0.0931932389218817
20260105,MA2609,2172.0,33426.0,76454.0,0.07182320441988832
20260105,MA2610,2185.0,23.0,227.0,0.0439359267734547
20260105,MA2611,2193.0,28.0,159.0,0.13132694938440626
20260105,MA2612,2217.0,74.0,96.0,0.0
20260106,MA2601,2268.0,2317.0,4685.0,0.2063492063492065
20260106,MA2602,2307.0,43368.0,43569.0,0.09362808842652903
20260106,MA2603,2325.0,159454.0,127463.0,-0.025806451612903736
20260106,MA2604,2320.0,57310.0,35988.0,-0.13965517241379288
20260106,MA2605,2293.0,1605920.0,824536.0,-0.041866550370693645
20260106,MA2606,2285.0,23928.0,13532.0,-0.05251641137855634
20260106,MA2607,2275.0,830.0,2764.0,-0.1002197802197804
20260106,MA2608,2256.0,1188.0,2043.0,-0.08510638297872353
20260106,MA2609,2240.0,55678.0,78891.0,0.026785714285713524
20260106,MA2610,2245.0,1074.0,1213.0,0.08017817371937763
20260106,MA2611,2260.0,1094.0,1168.0,0.08495575221239005
20260106,MA2612,2276.0,1166.0,1159.0,0.0
20260107,MA2601,2235.0,598.0,4087.0,0.17181208053691321
20260107,MA2602,2267.0,31391.0,33567.0,0.10057344508160604
20260107,MA2603,2286.0,148949.0,126511.0,0.005249343832019804
20260107,MA2604,2287.0,76712.0,34889.0,-0.10494097070397856
20260107,MA2605,2267.0,1857665.0,818847.0,-0.02117335685928534
20260107,MA2606,2263.0,30406.0,17442.0,-0.026513477684490194
20260107,MA2607,2258.0,1089.0,2696.0,-0.010628875110717306
20260107,MA2608,2256.0,462.0,1913.0,-0.04787234042553257
20260107,MA2609,2247.0,74129.0,73546.0,0.02670226969292333
20260107,MA2610,2252.0,99.0,1207.0,0.05861456483126126
20260107,MA2611,2263.0,187.0,1189.0,0.09544851966416257
20260107,MA2612,2281.0,208.0,1239.0,0.0
20260108,MA2601,2195.0,869.0,3229.0,0.1640091116173119
20260108,MA2602,2225.0,19755.0,29073.0,0.09168539325842762
20260108,MA2603,2242.0,124825.0,124638.0,0.005352363960748896
20260108,MA2604,2243.0,49761.0,31642.0,-0.06419973250111521
20260108,MA2605,2231.0,1390410.0,870199.0,0.03227252353204957
20260108,MA2606,2237.0,27441.0,19006.0,-0.010728654447921926
20260108,MA2607,2235.0,944.0,3005.0,0.09664429530201435
20260108,MA2608,2253.0,514.0,2163.0,-0.0958721704394141
20260108,MA2609,2235.0,70198.0,77619.0,0.042953020134228304
20260108,MA2610,2243.0,58.0,1198.0,0.06954971020954037
20260108,MA2611,2256.0,650.0,1744.0,0.09574468085106513
20260108,MA2612,2274.0,720.0,1828.0,0.0
20260109,MA2601,2240.0,112.0,3117.0,0.10178571428571459
20260109,MA2602,2259.0,10972.0,28236.0,0.11686586985391845
20260109,MA2603,2281.0,117744.0,120356.0,0.021043402016659662
20260109,MA2604,2285.0,57870.0,27710.0,-0.06301969365426707
20260109,MA2605,2273.0,1553611.0,812955.0,0.03167619885613604
20260109,MA2606,2279.0,29529.0,20850.0,-0.03159280386134222
20260109,MA2607,2273.0,274.0,2981.0,0.03695556533216138
20260109,MA2608,2280.0,155.0,2161.0,-0.04736842105263106
20260109,MA2609,2271.0,67652.0,90161.0,0.0
20260109,MA2610,2271.0,221.0,1194.0,0.047556142668428336
20260109,MA2611,2280.0,141.0,1736.0,0.09473684210526212
20260109,MA2612,2298.0,213.0,1900.0,0.0
20260112,MA2601,2225.0,71.0,3047.0,0.13483146067415763
20260112,MA2602,2250.0,18024.0,28154.0,0.08533333333333282
20260112,MA2603,2266.0,127732.0,123044.0,0.02647837599293812
20260112,MA2604,2271.0,58260.0,26378.0,-0.04227212681638015
20260112,MA2605,2263.0,1462981.0,863591.0,-0.005302695536897772
20260112,MA2606,2262.0,32293.0,23986.0,-0.010610079575597009
20260112,MA2607,2260.0,352.0,3037.0,0.05309734513274211
20260112,MA2608,2270.0,125.0,2152.0,-0.04757709251101305
20260112,MA2609,2261.0,51537.0,95671.0,0.026536930561697147
20260112,MA2610,2266.0,38.0,1188.0,0.02647837599293812
20260112,MA2611,2271.0,99.0,1737.0,0.08982826948480849
20260112,MA2612,2288.0,112.0,1903.0,0.0
20260113,MA2601,2169.0,380.0,2972.0,0.31535269709543456
20260113,MA2602,2226.0,104259.0,40114.0,0.12398921832884113
20260113,MA2603,2249.0,156119.0,124579.0,0.06936416184971161
20260113,MA2604,2262.0,70643.0,27254.0,0.005305039787797838
20260113,MA2605,2263.0,1600904.0,830030.0,0.047724259832082616
20260113,MA2606,2272.0,32189.0,23597.0,-0.01056338028169046
20260113,MA2607,2270.0,680.0,3112.0,0.05286343612334843
20260113,MA2608,2280.0,249.0,2210.0,-0.0631578947368423
20260113,MA2609,2268.0,49105.0,102149.0,0.04761904761904745
20260113,MA2610,2277.0,89.0,1175.0,0.015810276679842694
20260113,MA2611,2280.0,126.0,1734.0,0.09473684210526212
20260113,MA2612,2298.0,218.0,1954.0,0.0
20260114,MA2601,2251.0,5.0,2972.0,0.01066192803198529
20260114,MA2602,2253.0,27919.0,24957.0,0.13848202396804243
20260114,MA2603,2279.0,135063.0,124933.0,0.07371654234313318
20260114,MA2604,2293.0,66405.0,28911.0,-0.026166593981682862
20260114,MA2605,2288.0,1571983.0,823784.0,0.01573426573426495
20260114,MA2606,2291.0,35051.0,23919.0,-0.010475774770842161
20260114,MA2607,2289.0,572.0,3148.0,0.0314547837483623
20260114,MA2608,2295.0,181.0,2229.0,-0.03660130718954191
20260114,MA2609,2288.0,36796.0,104538.0,0.02622377622377492
20260114,MA2610,2293.0,49.0,1167.0,0.041866550370693645
20260114,MA2611,2301.0,93.0,1730.0,0.06258148631030114
20260114,MA2612,2313.0,217.0,2000.0,0.0
20260115,MA2601,2158.0,48.0,2962.0,0.47265987025023204
20260115,MA2602,2243.0,10130.0,19456.0,0.12839946500223043
20260115,MA2603,2267.0,100912.0,124685.0,0.04234671371857068
20260115,MA2604,2275.0,52804.0,31571.0,-0.010549450549450778
20260115,MA2605,2273.0,1472669.0,829376.0,-0.005279366476022673
20260115,MA2606,2272.0,23618.0,24925.0,-0.005281690140844564
20260115,MA2607,2271.0,467.0,3217.0,0.05284015852047652
20260115,MA2608,2281.0,104.0,2243.0,-0.047347654537483574
20260115,MA2609,2272.0,43919.0,109525.0,-0.026408450704225483
20260115,MA2610,2267.0,40.0,1162.0,0.13762681958535605
20260115,MA2611,2293.0,87.0,1723.0,0.09943305713039674
20260115,MA2612,2312.0,168.0,1996.0,0.0
20260116,MA2601,2155.0,2271.0,0.0,0.31740139211136853
20260116,MA2602,2212.0,5612.0,16722.0,0.12477396021699771
20260116,MA2603,2235.0,112429.0,123212.0,0.042953020134228304
20260116,MA2604,2243.0,47031.0,31306.0,-0.021399910833704627
20260116,MA2605,2239.0,1176840.0,824058.0,0.04823581956230427
20260116,MA2606,2248.0,31991.0,24417.0,-0.00533807829181443
20260116,MA2607,2247.0,262.0,3195.0,0.01602136181575453
20260116,MA2608,2250.0,83.0,2235.0,-0.010666666666667268
20260116,MA2609,2248.0,36324.0,109069.0,0.06405693950177849
20260116,MA2610,2260.0,23.0,1162.0,-0.010619469026548423
20260116,MA2611,2258.0,45.0,1711.0,0.13817537643932631
20260116,MA2612,2284.0,97.0,1970.0,0.0
20260119,MA2602,2177.0,5448.0,14823.0,0.12126779972439206
20260119,MA2603,2199.0,100222.0,114371.0,0.07094133697135074
20260119,MA2604,2212.0,42564.0,30213.0,0.0
20260119,MA2605,2212.0,931063.0,858519.0,0.06509945750451962
20260119,MA2606,2224.0,22608.0,24824.0,0.03776978417266097
20260119,MA2607,2231.0,757.0,3054.0,0.04840878529807302
20260119,MA2608,2240.0,145.0,2240.0,-0.021428571428571352
20260119,MA2609,2236.0,38089.0,109805.0,0.02146690518783423
20260119,MA2610,2240.0,29.0,1164.0,0.07500000000000107
20260119,MA2611,2254.0,45.0,1708.0,0.16503992901508546
20260119,MA2612,2285.0,269.0,1932.0,-0.00011801440759225544
20260119,MA2701,2283.0,132.0,92.0,0.0
20260120,MA2602,2178.0,4261.0,12431.0,0.12121212121212199
20260120,MA2603,2200.0,104387.0,113615.0,0.04909090909090974
20260120,MA2604,2209.0,46805.0,33182.0,-0.016296966953373015
20260120,MA2605,2206.0,1071214.0,830923.0,0.04351767905711679
20260120,MA2606,2214.0,30284.0,26143.0,0.037940379403794466
20260120,MA2607,2221.0,298.0,3105.0,0.03241782980639307
20260120,MA2608,2227.0,79.0,2263.0,-0.01077682981589545
20260120,MA2609,2225.0,38392.0,111593.0,0.07011235955056261
20260120,MA2610,2238.0,14.0,1168.0,0.053619302949062586
20260120,MA2611,2248.0,55.0,1733.0,0.18683274021352236
20260120,MA2612,2283.0,223.0,1913.0,-0.00047247117187615743
20260120,MA2701,2275.0,173.0,201.0,0.0
20260121,MA2602,2183.0,3627.0,10188.0,0.12093449381584964
20260121,MA2603,2205.0,97080.0,113632.0,0.04353741496598662
20260121,MA2604,2213.0,53735.0,34420.0,-0.021690013556258325
20260121,MA2605,2209.0,1195172.0,848962.0,0.0706201901312804
20260121,MA2606,2222.0,23208.0,26804.0,0.021602160216022348
20260121,MA2607,2226.0,206.0,3080.0,0.0377358490566051
20260121,MA2608,2233.0,67.0,2254.0,-0.005373936408419766
20260121,MA2609,2232.0,36904.0,111970.0,0.03763440860215006
20260121,MA2610,2239.0,23.0,1174.0,0.09111210361768673
20260121,MA2611,2256.0,34.0,1743.0,0.17021276595744705
20260121,MA2612,2288.0,164.0,1850.0,-5.892983421073015e-05
20260121,MA2701,2287.0,90.0,249.0,0.0
20260122,MA2602,2230.0,1813.0,8856.0,0.12376681614349838
20260122,MA2603,2253.0,96874.0,108202.0,0.04260985352862967
20260122,MA2604,2261.0,41486.0,32945.0,-0.005307386112339163
20260122,MA2605,2260.0,1076253.0,817171.0,0.04247787610619369
20260122,MA2606,2268.0,39520.0,27447.0,0.026455026455026953
20260122,MA2607,2273.0,190.0,3102.0,0.01583809942806802
20260122,MA2608,2276.0,81.0,2266.0,0.01581722319859491
20260122,MA2609,2279.0,25339.0,109841.0,0.0
20260122,MA2610,2279.0,20.0,1171.0,0.05792014041246141
20260122,MA2611,2290.0,60.0,1721.0,0.1519650655021847
20260122,MA2612,2319.0,90.0,1857.0,0.0
20260122,MA2701,2319.0,171.0,358.0,0.0
20260123,MA2602,2252.0,1871.0,7533.0,0.12788632326820615
20260123,MA2603,2276.0,117181.0,99803.0,0.08435852372583419
20260123,MA2604,2292.0,46349.0,33734.0,0.03141361256544606
20260123,MA2605,2298.0,1349180.0,806994.0,0.03133159268929386
20260123,MA2606,2304.0,20849.0,27335.0,0.03645833333333304
20260123,MA2607,2311.0,282.0,3109.0,0.04154045867589762
20260123,MA2608,2319.0,91.0,2260.0,0.0
20260123,MA2609,2319.0,40385.0,114843.0,0.010349288486415809
20260123,MA2610,2321.0,41.0,1172.0,0.05170185264971927
20260123,MA2611,2331.0,59.0,1712.0,0.11840411840411935
20260123,MA2612,2354.0,161.0,1840.0,0.00011455519173675626
20260123,MA2701,2356.0,382.0,522.0,0.0
20260126,MA2602,2302.0,3701.0,5664.0,0.1407471763683743
20260126,MA2603,2329.0,148996.0,93649.0,0.07213396307428166
20260126,MA2604,2343.0,68321.0,32755.0,0.020486555697822872
20260126,MA2605,2347.0,1883410.0,855550.0,0.015338730293992242
20260126,MA2606,2350.0,28547.0,27475.0,0.010212765957446024
20260126,MA2607,2352.0,391.0,3039.0,0.04591836734693899
20260126,MA2608,2361.0,242.0,2277.0,-0.0050825921219823655
20260126,MA2609,2360.0,52034.0,123531.0,0.02033898305084847
20260126,MA2610,2364.0,153.0,1190.0,-0.015228426395939465
20260126,MA2611,2361.0,195.0,1735.0,0.040660736975858924
20260126,MA2612,2369.0,492.0,2121.0,0.0010244686754473616
20260126,MA2701,2387.0,745.0,803.0,0.0
20260127,MA2602,2250.0,2878.0,3698.0,0.1546666666666674
20260127,MA2603,2279.0,105643.0,84207.0,0.08424747696357926
20260127,MA2604,2295.0,40225.0,30779.0,0.0470588235294116
20260127,MA2605,2304.0,1485739.0,846819.0,0.03645833333333304
20260127,MA2606,2311.0,21438.0,26163.0,0.036347901341411415
20260127,MA2607,2318.0,273.0,3092.0,0.03623813632441841
20260127,MA2608,2325.0,145.0,2288.0,0.020645161290322456
20260127,MA2609,2329.0,34790.0,123208.0,0.015457277801631975
20260127,MA2610,2332.0,105.0,1176.0,0.025728987993139718
20260127,MA2611,2337.0,88.0,1705.0,0.07702182284980807
20260127,MA2612,2352.0,169.0,2079.0,0.0006305893143774427
20260127,MA2701,2363.0,351.0,766.0,0.0
20260128,MA2602,2285.0,1573.0,2219.0,0.15229759299781165
20260128,MA2603,2314.0,108159.0,75889.0,0.07778738115816797
20260128,MA2604,2329.0,37274.0,33128.0,0.05152425933877147
20260128,MA2605,2339.0,1297564.0,824556.0,0.05130397605814441
20260128,MA2606,2349.0,26385.0,27367.0,0.020434227330778043
20260128,MA2607,2353.0,194.0,3050.0,-0.015299617509562324
20260128,MA2608,2350.0,383.0,2497.0,0.051063829787232784
20260128,MA2609,2360.0,32557.0,123789.0,0.040677966101694274
20260128,MA2610,2368.0,93.0,1216.0,0.005067567567568432
20260128,MA2611,2369.0,42.0,1719.0,0.08104685521317112
20260128,MA2612,2385.0,27.0,2078.0,0.0002826655360045126
20260128,MA2701,2390.0,269.0,785.0,0.0
20260129,MA2602,2305.0,401.0,1868.0,0.11973969631236336
20260129,MA2603,2328.0,102058.0,69211.0,0.09278350515463885
20260129,MA2604,2346.0,43393.0,30434.0,0.030690537084398173
20260129,MA2605,2352.0,1389874.0,815097.0,0.04591836734693899
20260129,MA2606,2361.0,29879.0,23931.0,-0.0050825921219823655
20260129,MA2607,2360.0,385.0,2974.0,0.055932203389830626
20260129,MA2608,2371.0,370.0,2587.0,0.025305778152676872
20260129,MA2609,2376.0,31021.0,125274.0,0.02525252525252597
20260129,MA2610,2381.0,63.0,1234.0,0.005039899202015086
20260129,MA2611,2382.0,54.0,1726.0,0.07556675062972396
20260129,MA2612,2397.0,57.0,2074.0,0.0005625008789076347
20260129,MA2701,2407.0,280.0,774.0,0.0
20260130,MA2602,2260.0,1193.0,1400.0,0.1805309734513285
20260130,MA2603,2294.0,112219.0,65177.0,0.0993897122929388
20260130,MA2604,2313.0,40963.0,29339.0,0.036316472114137355
20260130,MA2605,2320.0,1918999.0,827100.0,0.051724137931035585
20260130,MA2606,2330.0,26428.0,23007.0,0.02060085836909753
20260130,MA2607,2334.0,873.0,3189.0,0.046272493573265905
20260130,MA2608,2343.0,374.0,2557.0,0.005121638924456384
20260130,MA2609,2344.0,57826.0,128689.0,0.040955631399318015
20260130,MA2610,2352.0,132.0,1220.0,0.03571428571428559
20260130,MA2611,2359.0,135.0,1739.0,0.06612971598134898
20260130,MA2612,2372.0,184.0,2061.0,0.0006821153153835832
20260130,MA2701,2384.0,493.0,762.0,0.0
20260202,MA2602,2210.0,129.0,1347.0,0.0705882352941174
20260202,MA2603,2223.0,43393.0,59074.0,0.11875843454790935
20260202,MA2604,2245.0,22673.0,28074.0,0.03741648106904272
20260202,MA2605,2252.0,1515873.0,813310.0,0.06927175843694489
20260202,MA2606,2265.0,32616.0,31427.0,0.026490066225165698
20260202,MA2607,2270.0,22356.0,24809.0,0.05286343612334843
20260202,MA2608,2280.0,523.0,2744.0,-0.010526315789473717
20260202,MA2609,2278.0,52383.0,127609.0,0.021071115013170605
20260202,MA2610,2282.0,134.0,1205.0,0.07361963190184007
20260202,MA2611,2296.0,147.0,1741.0,0.15156794425087217
20260202,MA2612,2325.0,425.0,1761.0,-0.00040594418267488725
20260202,MA2701,2318.0,583.0,582.0,0.0
20260203,MA2602,2221.0,44.0,1347.0,0.005402971634397957
20260203,MA2603,2222.0,21570.0,55076.0,0.10801080108010908
20260203,MA2604,2242.0,19423.0,27903.0,0.026761819803747144
20260203,MA2605,2247.0,805596.0,817035.0,0.07476635514018692
20260203,MA2606,2261.0,13799.0,32570.0,0.026536930561697147
20260203,MA2607,2266.0,17158.0,35544.0,0.06354810238305308
20260203,MA2608,2278.0,74.0,2762.0,0.005267778753291985
20260203,MA2609,2279.0,30689.0,131295.0,0.04212373848178963
20260203,MA2610,2287.0,53.0,1220.0,0.07345867949278606
20260203,MA2611,2301.0,82.0,1738.0,0.15123859191655775
20260203,MA2612,2330.0,82.0,1786.0,-0.0002314703187539198
20260203,MA2701,2326.0,122.0,581.0,0.0
20260204,MA2602,0.0,0.0,1347.0,0.0
20260204,MA2603,2253.0,21275.0,53513.0,0.12250332889480564
20260204,MA2604,2276.0,29923.0,28678.0,0.01581722319859491
20260204,MA2605,2279.0,1037404.0,821944.0,0.07371654234313318
20260204,MA2606,2293.0,17515.0,29139.0,0.041866550370693645
20260204,MA2607,2301.0,19008.0,43738.0,0.04693611473272519
20260204,MA2608,2310.0,205.0,2801.0,0.025974025974027093
20260204,MA2609,2315.0,44488.0,133518.0,0.03110151187904986
20260204,MA2610,2321.0,98.0,1217.0,-0.015510555794915781
20260204,MA2611,2318.0,193.0,1850.0,0.11906816220880145
20260204,MA2612,2341.0,273.0,1914.0,0.0005183610192513611
20260204,MA2701,2350.0,253.0,632.0,0.0
20260205,MA2602,0.0,0.0,1347.0,0.0
20260205,MA2603,2200.0,19812.0,53006.0,0.13090909090909175
20260205,MA2604,2224.0,24881.0,28960.0,0.005395683453238043
20260205,MA2605,2225.0,1054309.0,858053.0,0.10786516853932504
20260205,MA2606,2245.0,14295.0,30742.0,0.03741648106904272
20260205,MA2607,2252.0,18199.0,49297.0,0.042628774422734494
20260205,MA2608,2260.0,149.0,2864.0,0.0637168141592932
20260205,MA2609,2272.0,41273.0,138404.0,0.03697183098591594
20260205,MA2610,2279.0,66.0,1225.0,0.05792014041246141
20260205,MA2611,2290.0,61.0,1867.0,0.1414847161572057
20260205,MA2612,2317.0,144.0,1874.0,0.00023276903008055013
20260205,MA2701,2321.0,218.0,658.0,0.0
20260206,MA2602,0.0,0.0,1347.0,0.0
20260206,MA2603,2220.0,20689.0,49427.0,0.1189189189189177
20260206,MA2604,2242.0,34951.0,27873.0,0.010704727921497792
20260206,MA2605,2244.0,1118754.0,826289.0,0.06417112299465266
20260206,MA2606,2256.0,18383.0,28685.0,0.01595744680851041
20260206,MA2607,2259.0,29405.0,51738.0,0.031872509960159334
20260206,MA2608,2265.0,170.0,2811.0,0.04238410596026565
20260206,MA2609,2273.0,52273.0,142410.0,0.026396832380113366
20260206,MA2610,2278.0,68.0,1219.0,0.04741000877963053
20260206,MA2611,2287.0,95.0,1878.0,0.1416703104503716
20260206,MA2612,2314.0,179.0,1940.0,0.00023307080496829554
20260206,MA2701,2318.0,265.0,695.0,0.0
20260209,MA2602,2233.0,402.0,945.0,-0.1450962830273177
20260209,MA2603,2206.0,12375.0,45224.0,0.1087941976427933
20260209,MA2604,2226.0,29928.0,25839.0,0.026954177897573928
20260209,MA2605,2231.0,849691.0,831646.0,0.08068130883011992
20260209,MA2606,2246.0,19255.0,27201.0,0.005342831700802186
20260209,MA2607,2247.0,14594.0,51367.0,0.05340453938584666
20260209,MA2608,2257.0,109.0,2853.0,0.05316792202038023
20260209,MA2609,2267.0,31322.0,144045.0,0.037053374503750014
20260209,MA2610,2274.0,29.0,1225.0,0.06332453825857609
20260209,MA2611,2286.0,38.0,1885.0,0.1732283464566935
20260209,MA2612,2319.0,28.0,1956.0,-0.0001162841402968218
20260209,MA2701,2317.0,188.0,740.0,0.0
20260210,MA2602,0.0,0.0,945.0,0.0
20260210,MA2603,2204.0,12510.0,41157.0,0.1524500907441011
20260210,MA2604,2232.0,34660.0,24699.0,0.04838709677419484
20260210,MA2605,2241.0,591923.0,807371.0,0.07496653279785814
20260210,MA2606,2255.0,22283.0,25359.0,0.00532150776053264
20260210,MA2607,2256.0,15076.0,49977.0,0.0425531914893611
20260210,MA2608,2264.0,70.0,2819.0,0.03180212014134298
20260210,MA2609,2270.0,27462.0,146857.0,0.026431718061672882
20260210,MA2610,2275.0,60.0,1244.0,0.08439560439560356
20260210,MA2611,2291.0,38.0,1893.0,0.130947184635529
20260210,MA2612,2316.0,117.0,1919.0,0.00017465215113232873
20260210,MA2701,2319.0,126.0,688.0,0.0
20260211,MA2602,2130.0,3.0,945.0,0.45070422535211385
20260211,MA2603,2210.0,59572.0,31108.0,0.16289592760180938
20260211,MA2604,2240.0,36853.0,21853.0,0.042857142857142705
20260211,MA2605,2248.0,537872.0,786703.0,0.08007117437722311
20260211,MA2606,2263.0,22509.0,23817.0,0.0
20260211,MA2607,2263.0,17637.0,45537.0,0.047724259832082616
20260211,MA2608,2272.0,48.0,2847.0,0.04225352112676184
20260211,MA2609,2280.0,16072.0,146320.0,0.04210526315789487
20260211,MA2610,2288.0,55.0,1224.0,0.04720279720279752
20260211,MA2611,2297.0,29.0,1882.0,0.11493252067914561
20260211,MA2612,2319.0,67.0,1906.0,0.0002325682805936436
20260211,MA2701,2323.0,157.0,678.0,0.0
20260212,MA2602,2180.0,1.0,944.0,0.09908256880733912
20260212,MA2603,2198.0,12503.0,23284.0,0.14740673339399546
20260212,MA2604,2225.0,35217.0,23166.0,0.03235955056179751
20260212,MA2605,2231.0,495670.0,758354.0,0.05378753922008084
20260212,MA2606,2241.0,18467.0,25034.0,0.010709504685407545
20260212,MA2607,2243.0,21819.0,40380.0,0.0748996879179682
20260212,MA2608,2257.0,69.0,2848.0,0.02126716880815316
20260212,MA2609,2261.0,16842.0,143934.0,0.047766475011056464
20260212,MA2610,2270.0,38.0,1242.0,0.06343612334801652
20260212,MA2611,2282.0,28.0,1888.0,0.15775635407537347
20260212,MA2612,2312.0,84.0,1893.0,5.831810582793483e-05
20260212,MA2701,2313.0,98.0,686.0,0.0
20260213,MA2602,0.0,256.0,0.0,0.0
20260213,MA2603,2159.0,8636.0,18942.0,0.16674386289949084
20260213,MA2604,2189.0,44964.0,23088.0,-0.00548195523069861
20260213,MA2605,2188.0,668060.0,737401.0,0.054844606946983454
20260213,MA2606,2198.0,17151.0,23413.0,0.016378525932665866
20260213,MA2607,2201.0,26642.0,40529.0,0.06542480690595287
20260213,MA2608,2213.0,114.0,2853.0,0.037957523723451736
20260213,MA2609,2220.0,27397.0,143629.0,0.0432432432432428
20260213,MA2610,2228.0,91.0,1266.0,0.09156193895870857
20260213,MA2611,2245.0,65.0,1907.0,0.1603563474387526
20260213,MA2612,2275.0,61.0,1897.0,0.000118533152241005
20260213,MA2701,2277.0,227.0,659.0,0.0
20260224,MA2603,2248.0,5739.0,15565.0,0.16014234875444888
20260224,MA2604,2278.0,46536.0,24650.0,0.03687445127304656
20260224,MA2605,2285.0,782740.0,745441.0,0.031509846827133536
20260224,MA2606,2291.0,20035.0,23587.0,0.005237887385420414
20260224,MA2607,2292.0,26699.0,41742.0,0.04712041884816642
20260224,MA2608,2301.0,129.0,2818.0,0.01564537157757595
20260224,MA2609,2304.0,48427.0,144723.0,0.015624999999999112
20260224,MA2610,2307.0,101.0,1239.0,0.07802340702210664
20260224,MA2611,2322.0,71.0,1883.0,0.07751937984496227
20260224,MA2612,2337.0,110.0,1894.0,0.0007500252412340801
20260224,MA2701,2350.0,325.0,703.0,-0.015319148936170368
20260224,MA2702,2347.0,21.0,10.0,0.0
20260225,MA2603,2216.0,6948.0,9627.0,0.15162454873646158
20260225,MA2604,2244.0,47269.0,27855.0,0.026737967914438165
20260225,MA2605,2249.0,873589.0,795241.0,0.09604268563806162
20260225,MA2606,2267.0,20780.0,25634.0,0.005293339214820669
20260225,MA2607,2268.0,21666.0,44047.0,0.06878306878306795
20260225,MA2608,2281.0,236.0,2845.0,0.03156510302498816
20260225,MA2609,2287.0,54814.0,155327.0,0.05247048535198928
20260225,MA2610,2297.0,44.0,1251.0,0.05224205485415734
20260225,MA2611,2307.0,23.0,1882.0,0.11443433029908956
20260225,MA2612,2329.0,30.0,1902.0,0.00028946213111669366
20260225,MA2701,2334.0,224.0,769.0,0.010282776349614942
20260225,MA2702,2336.0,10.0,14.0,0.0
20260226,MA2603,2180.0,3850.0,6629.0,0.1266055045871548
20260226,MA2604,2203.0,55148.0,22996.0,0.038129822968680394
20260226,MA2605,2210.0,889873.0,891322.0,0.09230769230769198
20260226,MA2606,2227.0,31141.0,26758.0,0.0215536596317909
20260226,MA2607,2231.0,44727.0,46113.0,0.05378753922008084
20260226,MA2608,2241.0,173.0,2873.0,0.03748326639892774
20260226,MA2609,2248.0,61482.0,167538.0,0.06939501779359425
20260226,MA2610,2261.0,88.0,1282.0,0.0902255639097751
20260226,MA2611,2278.0,71.0,1903.0,0.14223002633889426
20260226,MA2612,2305.0,201.0,1955.0,0.0004679616856369921
20260226,MA2701,2313.0,423.0,919.0,-0.04150453955901412
20260226,MA2702,2305.0,5.0,14.0,0.0
20260227,MA2603,2165.0,3989.0,3117.0,0.06096997690531225
20260227,MA2604,2176.0,50239.0,20403.0,0.016544117647059764
20260227,MA2605,2179.0,869536.0,977269.0,0.11564938044974848
20260227,MA2606,2200.0,37243.0,28003.0,0.04363636363636392
20260227,MA2607,2208.0,40303.0,47471.0,0.07608695652174013
20260227,MA2608,2222.0,425.0,3006.0,0.05940594059405946
20260227,MA2609,2233.0,62717.0,173732.0,0.07523510971786873
20260227,MA2610,2247.0,153.0,1331.0,0.09612817089452719
20260227,MA2611,2265.0,72.0,1944.0,0.12715231788079429
20260227,MA2612,2289.0,43.0,1976.0,0.0007068490729969057
20260227,MA2701,2301.0,688.0,1264.0,-0.05736636245110871
20260227,MA2702,2290.0,8.0,20.0,0.0
20260302,MA2603,2288.0,212.0,2905.0,0.3723776223776225
20260302,MA2604,2359.0,44338.0,21297.0,0.030521407376007836
20260302,MA2605,2365.0,2857073.0,942819.0,-0.12177589852008408
20260302,MA2606,2341.0,24580.0,26963.0,0.0153780435711246
20260302,MA2607,2344.0,38003.0,50942.0,0.06143344709897569
20260302,MA2608,2356.0,9618.0,9767.0,0.05602716468590785
20260302,MA2609,2367.0,260310.0,181799.0,0.07097591888466503
20260302,MA2610,2381.0,801.0,1450.0,0.0806383872322547
20260302,MA2611,2397.0,766.0,2036.0,0.1602002503128901
20260302,MA2612,2429.0,1208.0,2151.0,0.00011101808207011057
20260302,MA2701,2431.0,7307.0,4435.0,-0.004936240230358102
20260302,MA2702,2430.0,291.0,102.0,0.0
20260303,MA2603,2438.0,40.0,2865.0,0.561115668580805
20260303,MA2604,2552.0,60766.0,29649.0,0.023510971786833146
20260303,MA2605,2557.0,4204957.0,942657.0,-0.32381697301525225
20260303,MA2606,2488.0,35001.0,29339.0,0.00482315112540288
20260303,MA2607,2489.0,61855.0,52347.0,0.00964242667738091
20260303,MA2608,2491.0,29596.0,21885.0,-0.15897230028101195
20260303,MA2609,2458.0,346995.0,179251.0,0.034174125305125536
20260303,MA2610,2465.0,1198.0,1548.0,0.043813387423933925
20260303,MA2611,2474.0,1089.0,2177.0,0.03880355699272542
20260303,MA2612,2482.0,661.0,2118.0,-0.0005432371501779123
20260303,MA2701,2472.0,13127.0,4763.0,-0.019417475728155775
20260303,MA2702,2468.0,426.0,184.0,0.0
20260304,MA2603,0.0,0.0,2865.0,0.0
20260304,MA2604,2546.0,73291.0,27745.0,0.0329929300864098
20260304,MA2605,2553.0,5456381.0,802925.0,-0.04700352526439522
20260304,MA2606,2543.0,239523.0,38171.0,-0.17459693275658683
20260304,MA2607,2506.0,130112.0,54073.0,-0.1819632881085398
20260304,MA2608,2468.0,51523.0,21841.0,-0.16531604538087574
20260304,MA2609,2434.0,496102.0,186222.0,0.0
20260304,MA2610,2434.0,5675.0,3139.0,0.014790468364831888
20260304,MA2611,2437.0,3062.0,2511.0,-0.024620434961017956
20260304,MA2612,2432.0,1042.0,2204.0,-0.0004435245416913046
20260304,MA2701,2424.0,13941.0,5075.0,-0.05445544554455495
20260304,MA2702,2413.0,700.0,269.0,0.0
20260305,MA2603,0.0,0.0,2865.0,0.0
20260305,MA2604,2467.0,42607.0,26190.0,0.09728415079043451
20260305,MA2605,2487.0,3418505.0,702758.0,-0.03377563329312405
20260305,MA2606,2480.0,236212.0,42193.0,-0.09193548387096806
20260305,MA2607,2461.0,102848.0,53935.0,-0.09752133279154851
20260305,MA2608,2441.0,34918.0,22462.0,-0.10323637853338763
20260305,MA2609,2420.0,450490.0,185877.0,0.019834710743801054
20260305,MA2610,2424.0,3565.0,3276.0,-0.07920792079207883
20260305,MA2611,2408.0,2798.0,2922.0,0.054817275747509164
20260305,MA2612,2419.0,754.0,2215.0,-0.00027869256030210856
20260305,MA2701,2414.0,9253.0,7030.0,-0.02485501242750665
20260305,MA2702,2409.0,497.0,310.0,0.0
20260306,MA2603,0.0,0.0,2865.0,0.0
20260306,MA2604,2573.0,27173.0,25656.0,0.06062961523513355
20260306,MA2605,2586.0,2036102.0,679690.0,-0.12064965197215782
20260306,MA2606,2560.0,172402.0,45121.0,-0.12656249999999947
20260306,MA2607,2533.0,92835.0,57832.0,-0.1468614291354129
20260306,MA2608,2502.0,23794.0,23999.0,-0.11510791366906536
20260306,MA2609,2478.0,313581.0,184187.0,-0.033898305084746116
20260306,MA2610,2471.0,2298.0,2790.0,-0.08741400242816733
20260306,MA2611,2453.0,1255.0,2793.0,-0.004891969017529085
20260306,MA2612,2452.0,736.0,2234.0,-0.00010997672159392297
20260306,MA2701,2450.0,5610.0,7643.0,-0.06367346938775453
20260306,MA2702,2437.0,442.0,307.0,0.0
20260309,MA2603,2677.0,1.0,2865.0,0.793425476279416
20260309,MA2604,2854.0,44253.0,25226.0,-0.10091100210231208
20260309,MA2605,2830.0,2892796.0,639221.0,-0.45371024734982335
20260309,MA2606,2723.0,119417.0,44909.0,-0.1101726037458679
20260309,MA2607,2698.0,56223.0,57213.0,-0.14677538917716815
20260309,MA2608,2665.0,20702.0,23983.0,-0.130581613508443
20260309,MA2609,2636.0,352969.0,173549.0,-0.23672230652503767
20260309,MA2610,2584.0,1873.0,2767.0,-0.07430340557275494
20260309,MA2611,2568.0,1386.0,2853.0,0.014018691588784549
20260309,MA2612,2571.0,567.0,2217.0,5.244319746173487e-05
20260309,MA2701,2572.0,8335.0,7390.0,-0.032659409020218355
20260309,MA2702,2565.0,1386.0,686.0,0.0
20260310,MA2603,2500.0,1.0,2864.0,0.36959999999999926
20260310,MA2604,2577.0,36714.0,20509.0,-0.1303841676367865
20260310,MA2605,2549.0,2559554.0,535849.0,-0.1365241271086699
20260310,MA2606,2520.0,94329.0,38961.0,-0.07142857142857117
20260310,MA2607,2505.0,68027.0,56300.0,-0.0670658682634735
20260310,MA2608,2491.0,18956.0,23426.0,-0.13488558811722262
20260310,MA2609,2463.0,355589.0,156026.0,0.03410475030450666
20260310,MA2610,2470.0,14343.0,3505.0,-0.019433198380566452
20260310,MA2611,2466.0,3372.0,3116.0,0.08272506082725162
20260310,MA2612,2483.0,1502.0,2283.0,-0.0005973202043559078
20260310,MA2701,2472.0,18871.0,8049.0,0.004854368932038611
20260310,MA2702,2473.0,1857.0,688.0,0.0
20260311,MA2603,0.0,0.0,2864.0,0.0
20260311,MA2604,2700.0,121097.0,23650.0,-0.18666666666666654
20260311,MA2605,2658.0,1877092.0,554945.0,-0.20316027088036082
20260311,MA2606,2613.0,58859.0,38155.0,-0.1377726750861079
20260311,MA2607,2583.0,53007.0,55999.0,-0.13937282229965176
20260311,MA2608,2553.0,13994.0,22580.0,-0.13160987074030528
20260311,MA2609,2525.0,263078.0,169706.0,-0.07603960396039611
20260311,MA2610,2509.0,19339.0,4455.0,-0.023913909924273113
20260311,MA2611,2504.0,3505.0,3157.0,0.0
20260311,MA2612,2504.0,829.0,2315.0,-5.3846429981698534e-05
20260311,MA2701,2503.0,13310.0,9341.0,-0.023971234518577855
20260311,MA2702,2498.0,857.0,649.0,0.0
20260312,MA2603,2650.0,3.0,2863.0,0.4845283018867921
20260312,MA2604,2757.0,28310.0,16871.0,-0.1349292709466816
20260312,MA2605,2726.0,2697633.0,570574.0,-0.26412325752017596
20260312,MA2606,2666.0,73365.0,37600.0,-0.18904726181545373
20260312,MA2607,2624.0,51088.0,55233.0,-0.15091463414634143
20260312,MA2608,2591.0,20416.0,22750.0,-0.09725974527209624
20260312,MA2609,2570.0,310385.0,178611.0,-0.05136186770427997
20260312,MA2610,2559.0,35180.0,5987.0,-0.04220398593200514
20260312,MA2611,2550.0,6709.0,3802.0,0.009411764705881787
20260312,MA2612,2552.0,1295.0,2385.0,-0.00031700186678877647
20260312,MA2701,2546.0,24998.0,12181.0,-0.018853102906520647
20260312,MA2702,2542.0,1248.0,699.0,0.0
20260313,MA2603,0.0,557.0,0.0,0.0
20260313,MA2604,2811.0,12029.0,15769.0,-0.02561366061899717
20260313,MA2605,2805.0,2171545.0,584205.0,-0.20534759358288746
20260313,MA2606,2757.0,72067.0,35633.0,-0.13928182807399336
20260313,MA2607,2725.0,49828.0,53710.0,-0.12330275229357746
20260313,MA2608,2697.0,16673.0,22615.0,-0.11123470522803114
20260313,MA2609,2672.0,265551.0,187675.0,-0.15269461077844282
20260313,MA2610,2638.0,37287.0,7692.0,-0.06368460955269173
20260313,MA2611,2624.0,3902.0,4115.0,0.013719512195122796
20260313,MA2612,2627.0,1083.0,2564.0,-0.00035927682707236953
20260313,MA2701,2620.0,22931.0,14365.0,-0.16488549618320558
20260313,MA2702,2584.0,1019.0,857.0,0.0
20260316,MA2604,2844.0,7258.0,14537.0,-0.029535864978902815
20260316,MA2605,2837.0,1668560.0,586749.0,-0.17765244977088424
20260316,MA2606,2795.0,59180.0,34926.0,-0.1330948121645794
20260316,MA2607,2764.0,41507.0,54721.0,-0.12590448625180883
20260316,MA2608,2735.0,13847.0,22447.0,-0.10530164533820807
20260316,MA2609,2711.0,231516.0,182867.0,-0.11951309479896732
20260316,MA2610,2684.0,39024.0,8794.0,-0.040238450074515875
20260316,MA2611,2675.0,4834.0,4791.0,0.013457943925233806
20260316,MA2612,2678.0,990.0,2622.0,-0.00045313037567864183
20260316,MA2701,2669.0,25431.0,15709.0,-0.11689771449981201
20260316,MA2702,2643.0,819.0,943.0,-0.004540295119182858
20260316,MA2703,2642.0,58.0,17.0,0.0
20260317,MA2604,2859.0,6955.0,13824.0,-0.05036726128016733
20260317,MA2605,2847.0,1599278.0,566888.0,-0.23603793466807144
20260317,MA2606,2791.0,63990.0,36040.0,-0.1461841633823
20260317,MA2607,2757.0,55246.0,53724.0,-0.16539717083786787
20260317,MA2608,2719.0,15154.0,23019.0,-0.1412283927914677
20260317,MA2609,2687.0,209796.0,182830.0,-0.1250465202828428
20260317,MA2610,2659.0,38199.0,8466.0,-0.054155697630687616
20260317,MA2611,2647.0,4760.0,4872.0,0.027200604457878086
20260317,MA2612,2653.0,1414.0,3073.0,-0.0003049335710685804
20260317,MA2701,2647.0,27692.0,16414.0,-0.104268983755194
20260317,MA2702,2624.0,369.0,950.0,-0.05030487804878003
20260317,MA2703,2613.0,84.0,38.0,0.0
20260318,MA2604,2926.0,13445.0,10548.0,-0.05741626794258403
20260318,MA2605,2912.0,2682116.0,611729.0,-0.3049450549450552
20260318,MA2606,2838.0,75836.0,41143.0,-0.12684989429175486
20260318,MA2607,2808.0,53967.0,58017.0,-0.23504273504273465
20260318,MA2608,2753.0,14365.0,22783.0,-0.14820196149654885
20260318,MA2609,2719.0,244094.0,188473.0,-0.17212210371460035
20260318,MA2610,2680.0,56973.0,9793.0,-0.05373134328358198
20260318,MA2611,2668.0,4960.0,4683.0,0.013493253373313863
20260318,MA2612,2671.0,1537.0,3208.0,-0.0001514393043887911
20260318,MA2701,2668.0,40060.0,20838.0,-0.1394302848575717
20260318,MA2702,2637.0,510.0,983.0,-0.06825938566552958
20260318,MA2703,2622.0,180.0,73.0,0.0
20260319,MA2604,3163.0,13185.0,7554.0,0.07208346506481167
20260319,MA2605,3182.0,3080667.0,630637.0,-0.34318038969201803
20260319,MA2606,3091.0,77598.0,40839.0,-0.18634746036881245
20260319,MA2607,3043.0,58989.0,56091.0,-0.2208347025961217
20260319,MA2608,2987.0,21271.0,21674.0,-0.20890525610980903
20260319,MA2609,2935.0,322456.0,201611.0,-0.34344122657580867
20260319,MA2610,2851.0,80982.0,14344.0,-0.04629954401964209
20260319,MA2611,2840.0,7383.0,5107.0,-0.03802816901408512
20260319,MA2612,2831.0,4223.0,3985.0,-0.0009525359284645496
20260319,MA2701,2811.0,48463.0,26504.0,-0.14514407684098174
20260319,MA2702,2777.0,1230.0,1147.0,-0.07778177889809212
20260319,MA2703,2759.0,370.0,135.0,0.0
20260320,MA2604,3102.0,4937.0,6960.0,0.11605415860735135
20260320,MA2605,3132.0,2251956.0,594386.0,-0.26053639846743337
20260320,MA2606,3064.0,74553.0,39804.0,-0.2114882506527409
20260320,MA2607,3010.0,66150.0,53864.0,-0.2471760797342193
20260320,MA2608,2948.0,20874.0,21817.0,-0.2360922659430118
20260320,MA2609,2890.0,238378.0,191483.0,-0.24913494809688563
20260320,MA2610,2830.0,70102.0,10930.0,-0.09752650176678435
20260320,MA2611,2807.0,6202.0,4836.0,-0.05130032062700396
20260320,MA2612,2795.0,4307.0,3463.0,-0.0009165644911660097
20260320,MA2701,2776.0,42224.0,26075.0,-0.15994236311239174
20260320,MA2702,2739.0,745.0,1052.0,-0.08324205914567306
20260320,MA2703,2720.0,291.0,150.0,0.0
20260323,MA2604,3313.0,2366.0,6489.0,0.13763960156957378
20260323,MA2605,3351.0,2182034.0,592125.0,-0.17547000895255183
20260323,MA2606,3302.0,93878.0,41701.0,-0.22531798909751677
20260323,MA2607,3240.0,66239.0,53885.0,-0.24444444444444446
20260323,MA2608,3174.0,22589.0,22125.0,-0.24196597353497173
20260323,MA2609,3110.0,266846.0,196765.0,-0.45144694533762086
20260323,MA2610,2993.0,72131.0,13664.0,-0.1042432342131634
20260323,MA2611,2967.0,5059.0,5133.0,-0.08088978766430799
20260323,MA2612,2947.0,2915.0,3749.0,-0.0007777858267596392
20260323,MA2701,2930.0,43728.0,28789.0,-0.1433447098976104
20260323,MA2702,2895.0,1190.0,1381.0,-0.08704663212435237
20260323,MA2703,2874.0,578.0,284.0,0.0
20260324,MA2604,3096.0,2027.0,6066.0,0.16666666666666607
20260324,MA2605,3139.0,2094075.0,551984.0,-0.12997769990442753
20260324,MA2606,3105.0,103078.0,41161.0,-0.19710144927536266
20260324,MA2607,3054.0,72343.0,54361.0,-0.2436149312377207
20260324,MA2608,2992.0,26983.0,22361.0,-0.21256684491978595
20260324,MA2609,2939.0,311902.0,199049.0,-0.22048315753657644
20260324,MA2610,2885.0,81731.0,12654.0,-0.08318890814558122
20260324,MA2611,2865.0,7741.0,5031.0,-0.029319371727748678
20260324,MA2612,2858.0,3682.0,3716.0,-0.0006604760144990216
20260324,MA2701,2844.0,48506.0,28322.0,-0.10970464135021141
20260324,MA2702,2818.0,1341.0,1563.0,-0.0468417317246268
20260324,MA2703,2807.0,1398.0,395.0,0.0
20260325,MA2604,3064.0,2424.0,4964.0,0.09791122715404832
20260325,MA2605,3089.0,1822689.0,542326.0,-0.11265781806409869
20260325,MA2606,3060.0,66349.0,38547.0,-0.2862745098039219
20260325,MA2607,2987.0,53424.0,58096.0,-0.20890525610980903
20260325,MA2608,2935.0,26255.0,25357.0,-0.21260647359454898
20260325,MA2609,2883.0,266038.0,203244.0,-0.20811654526534884
20260325,MA2610,2833.0,82911.0,14511.0,-0.09742322626191369
20260325,MA2611,2810.0,5267.0,5223.0,-0.021352313167260384
20260325,MA2612,2805.0,2999.0,3965.0,-0.000528750826173164
20260325,MA2701,2794.0,54866.0,31834.0,-0.12025769506084494
20260325,MA2702,2766.0,1278.0,1990.0,-0.02603036876355702
20260325,MA2703,2760.0,946.0,462.0,0.0
20260326,MA2604,3209.0,824.0,4719.0,-0.02617637893424707
20260326,MA2605,3202.0,2108179.0,620704.0,-0.14990630855715148
20260326,MA2606,3162.0,83929.0,40677.0,-0.21252371916508528
20260326,MA2607,3106.0,72190.0,56186.0,-0.2974887314874435
20260326,MA2608,3029.0,31132.0,23347.0,-0.2852426543413662
20260326,MA2609,2957.0,281713.0,234111.0,-0.25972269191748376
20260326,MA2610,2893.0,85102.0,17080.0,-0.10784652609747614
20260326,MA2611,2867.0,6264.0,5843.0,0.025113358911754702
20260326,MA2612,2873.0,3182.0,4337.0,-0.0005162360137193579
20260326,MA2701,2862.0,52596.0,36411.0,-0.1257861635220121
20260326,MA2702,2832.0,538.0,1996.0,-0.05508474576271194
20260326,MA2703,2819.0,800.0,626.0,0.0
20260327,MA2604,3286.0,490.0,4713.0,0.036518563603165966
20260327,MA2605,3296.0,1739731.0,656918.0,-0.20388349514563098
20260327,MA2606,3240.0,67510.0,42045.0,-0.24074074074074048
20260327,MA2607,3175.0,54945.0,55762.0,-0.3325984251968501
20260327,MA2608,3087.0,21455.0,23026.0,-0.314868804664723
20260327,MA2609,3006.0,237023.0,254175.0,-0.2874251497005984
20260327,MA2610,2934.0,86798.0,18233.0,-0.13087934560327197
20260327,MA2611,2902.0,4863.0,5769.0,-0.008270158511371584
20260327,MA2612,2900.0,2369.0,4179.0,-0.0005114296784192199
20260327,MA2701,2889.0,50130.0,38474.0,-0.16199376947040456
20260327,MA2702,2850.0,569.0,2045.0,-0.07578947368420996
20260327,MA2703,2832.0,995.0,872.0,0.0
20260330,MA2604,3296.0,1176.0,4425.0,0.08373786407767003
20260330,MA2605,3319.0,2466271.0,647974.0,-0.19162398312744822
20260330,MA2606,3266.0,113175.0,44036.0,-0.2314758113900801
20260330,MA2607,3203.0,90206.0,56809.0,-0.3259444270995946
20260330,MA2608,3116.0,41489.0,24855.0,-0.30423620025674003
20260330,MA2609,3037.0,377034.0,269692.0,-0.20151465261771495
20260330,MA2610,2986.0,126364.0,21507.0,-0.09645010046885494
20260330,MA2611,2962.0,8895.0,6086.0,0.012153950033759742
20260330,MA2612,2965.0,4645.0,4284.0,-0.0006821153153835982
20260330,MA2701,2950.0,79331.0,46255.0,-0.13423728813559377
20260330,MA2702,2917.0,1205.0,2087.0,-0.0946177579705183
20260330,MA2703,2894.0,1243.0,938.0,0.0
20260331,MA2604,3196.0,1326.0,3561.0,0.12390488110137543
20260331,MA2605,3229.0,2091017.0,590461.0,-0.2006813254877673
20260331,MA2606,3175.0,105373.0,46154.0,-0.23433070866141792
20260331,MA2607,3113.0,96511.0,59603.0,-0.32765820751686503
20260331,MA2608,3028.0,43724.0,26231.0,-0.2774108322324964
20260331,MA2609,2958.0,352995.0,267286.0,-0.17849898580121737
20260331,MA2610,2914.0,137530.0,21728.0,-0.08647906657515492
20260331,MA2611,2893.0,6881.0,5847.0,0.04147943311441349
20260331,MA2612,2903.0,3453.0,4438.0,-0.0005109011599778636
20260331,MA2701,2892.0,81363.0,48872.0,-0.14522821576763434
20260331,MA2702,2857.0,877.0,2128.0,-0.033601680084004215
20260331,MA2703,2849.0,789.0,977.0,0.0
20260401,MA2604,3053.0,585.0,2986.0,-0.15329184408778218
20260401,MA2605,3014.0,2448796.0,555908.0,-0.22694094226940908
20260401,MA2606,2957.0,128921.0,46674.0,-0.21508285424416584
20260401,MA2607,2904.0,103210.0,63143.0,-0.2809917355371896
20260401,MA2608,2836.0,50084.0,24482.0,-0.2454160789844848
20260401,MA2609,2778.0,454727.0,271151.0,-0.04319654427645725
20260401,MA2610,2768.0,148235.0,24992.0,-0.11705202312138718
20260401,MA2611,2741.0,6392.0,5803.0,0.03940167821962692
20260401,MA2612,2750.0,4141.0,4482.0,-0.0006373850868232841
20260401,MA2701,2737.0,90671.0,50016.0,-0.14029959810010917
20260401,MA2702,2705.0,999.0,2103.0,-0.04879852125693196
20260401,MA2703,2694.0,1214.0,1245.0,0.0
20260402,MA2604,3250.0,100.0,2976.0,-0.01476923076923109
20260402,MA2605,3246.0,2137286.0,581288.0,-0.2661737523105354
20260402,MA2606,3174.0,130726.0,51948.0,-0.2797731568998105
20260402,MA2607,3100.0,89611.0,63745.0,-0.33290322580645126
20260402,MA2608,3014.0,45440.0,25222.0,-0.28268082282680806
20260402,MA2609,2943.0,452682.0,290263.0,-0.2650356778797147
20260402,MA2610,2878.0,141540.0,23875.0,-0.1542738012508682
20260402,MA2611,2841.0,5764.0,5401.0,-0.02956705385427716
20260402,MA2612,2834.0,4222.0,4335.0,-0.0006660693187855262
20260402,MA2701,2820.0,96525.0,48971.0,-0.10638297872340408
20260402,MA2702,2795.0,1082.0,1892.0,-0.10733452593917647
20260402,MA2703,2770.0,986.0,1317.0,0.0
20260403,MA2604,3276.0,2.0,2976.0,0.3223443223443212
20260403,MA2605,3364.0,2068280.0,569346.0,-0.31034482758620685
20260403,MA2606,3277.0,138166.0,54061.0,-0.3002746414403421
20260403,MA2607,3195.0,104385.0,66633.0,-0.38685446009389723
20260403,MA2608,3092.0,50447.0,25760.0,-0.31824062095730943
20260403,MA2609,3010.0,494401.0,322326.0,-0.31495016611295634
20260403,MA2610,2931.0,207778.0,30640.0,-0.18833162743091147
20260403,MA2611,2885.0,7960.0,5988.0,-0.07902946273830169
20260403,MA2612,2866.0,4648.0,4847.0,-0.000517496883257409
20260403,MA2701,2855.0,111256.0,54298.0,-0.13870402802101545
20260403,MA2702,2822.0,881.0,1934.0,-0.1700921332388381
20260403,MA2703,2782.0,1231.0,1381.0,0.0
20260407,MA2604,0.0,0.0,2976.0,0.0
20260407,MA2605,3553.0,1739243.0,658024.0,-0.37489445538981103
20260407,MA2606,3442.0,106056.0,61694.0,-0.3207437536316098
20260407,MA2607,3350.0,72284.0,69318.0,-0.3510447761194029
20260407,MA2608,3252.0,39996.0,25669.0,-0.34317343173431736
20260407,MA2609,3159.0,414702.0,361483.0,-0.4292497625830962
20260407,MA2610,3046.0,138683.0,40861.0,-0.2954694681549572
20260407,MA2611,2971.0,6600.0,6597.0,-0.1252103668798381
20260407,MA2612,2940.0,4765.0,5361.0,-0.0008713597798670085
20260407,MA2701,2921.0,80628.0,65001.0,-0.09448818897637778
20260407,MA2702,2898.0,781.0,2063.0,-0.21118012422360266
20260407,MA2703,2847.0,887.0,1414.0,0.0
20260408,MA2604,3173.0,30.0,2976.0,-0.19287740308856005
20260408,MA2605,3122.0,2591170.0,483026.0,-0.1614349775784758
20260408,MA2606,3080.0,154927.0,64438.0,-0.2415584415584413
20260408,MA2607,3018.0,88315.0,71287.0,-0.3180914512922466
20260408,MA2608,2938.0,51978.0,25884.0,-0.2654867256637172
20260408,MA2609,2873.0,744535.0,341134.0,-0.1796032022276366
20260408,MA2610,2830.0,187758.0,31815.0,-0.25865724381625466
20260408,MA2611,2769.0,10398.0,5689.0,-0.08667388949079102
20260408,MA2612,2749.0,5761.0,4930.0,-0.0005885694900290598
20260408,MA2701,2737.0,110209.0,59634.0,-0.14468396054073862
20260408,MA2702,2704.0,1453.0,1932.0,-0.18195266272189325
20260408,MA2703,2663.0,1501.0,1470.0,0.0
20260409,MA2604,3150.0,100.0,2876.0,0.20952380952380878
20260409,MA2605,3205.0,1862368.0,428934.0,-0.1834633385335418
20260409,MA2606,3156.0,124495.0,60321.0,-0.2661596958174899
20260409,MA2607,3086.0,88181.0,74796.0,-0.34219053791315623
20260409,MA2608,2998.0,41694.0,26250.0,-0.34022681787858566
20260409,MA2609,2913.0,445993.0,336743.0,-0.31307929969104054
20260409,MA2610,2837.0,133473.0,25858.0,-0.1988015509340859
20260409,MA2611,2790.0,5679.0,5415.0,-0.12043010752688232
20260409,MA2612,2762.0,2997.0,5119.0,-0.0006346158540058155
20260409,MA2701,2749.0,69108.0,60269.0,-0.1178610403783189
20260409,MA2702,2722.0,889.0,1994.0,-0.06171932402645153
20260409,MA2703,2708.0,1159.0,1458.0,0.0
20260410,MA2604,3300.0,380.0,2496.0,-0.6763636363636367
20260410,MA2605,3114.0,1764469.0,418409.0,-0.2080924855491335
20260410,MA2606,3060.0,134445.0,61430.0,-0.2823529411764709
20260410,MA2607,2988.0,93775.0,76843.0,-0.3293172690763053
20260410,MA2608,2906.0,49475.0,28309.0,-0.2973158981417763
20260410,MA2609,2834.0,469675.0,372315.0,-0.2498235709244887
20260410,MA2610,2775.0,169502.0,30435.0,-0.13405405405405402
20260410,MA2611,2744.0,5516.0,5355.0,-0.06122448979591777
20260410,MA2612,2730.0,2587.0,5066.0,-0.0006914433880725991
20260410,MA2701,2716.0,73141.0,70107.0,-0.11487481590574333
20260410,MA2702,2690.0,766.0,2106.0,-0.0847583643122678
20260410,MA2703,2671.0,891.0,1480.0,0.0
20260413,MA2604,0.0,0.0,2496.0,0.0
20260413,MA2605,3175.0,1751096.0,361560.0,-0.24944881889763826
20260413,MA2606,3109.0,145492.0,59977.0,-0.3010614345448701
20260413,MA2607,3031.0,101150.0,79639.0,-0.3523589574397894
20260413,MA2608,2942.0,45924.0,25185.0,-0.3181509177430315
20260413,MA2609,2864.0,655554.0,400315.0,-0.2849162011173183
20260413,MA2610,2796.0,218056.0,35493.0,-0.1545064377682408
20260413,MA2611,2760.0,8817.0,5924.0,-0.047826086956521685
20260413,MA2612,2749.0,4185.0,5071.0,-0.0008828542350435974
20260413,MA2701,2731.0,102130.0,75590.0,-0.09227389234712557
20260413,MA2702,2710.0,909.0,2010.0,-0.09741697416974171
20260413,MA2703,2688.0,1075.0,1473.0,0.0
20260414,MA2604,0.0,0.0,2496.0,0.0
20260414,MA2605,3122.0,1092994.0,316001.0,-0.28058936579115956
20260414,MA2606,3049.0,161313.0,72119.0,-0.2755001639881933
20260414,MA2607,2979.0,132085.0,86761.0,-0.3061430010070487
20260414,MA2608,2903.0,47943.0,23986.0,-0.3100241129865653
20260414,MA2609,2828.0,517938.0,425613.0,-0.3140028288543135
20260414,MA2610,2754.0,200391.0,38113.0,-0.17429193899782103
20260414,MA2611,2714.0,7664.0,6651.0,-0.022107590272660627
20260414,MA2612,2709.0,3283.0,5486.0,-0.0005474883969788548
20260414,MA2701,2698.0,84055.0,78994.0,-0.10229799851742039
20260414,MA2702,2675.0,719.0,2095.0,-0.0672897196261677
20260414,MA2703,2660.0,879.0,1529.0,0.0
20260415,MA2604,0.0,229.0,0.0,0.0
20260415,MA2605,3155.0,1050613.0,266143.0,-0.25483359746434253
20260415,MA2606,3088.0,155560.0,77578.0,-0.31476683937823813
20260415,MA2607,3007.0,109116.0,82568.0,-0.3312271366810777
20260415,MA2608,2924.0,46066.0,23739.0,-0.328317373461013
20260415,MA2609,2844.0,693819.0,473585.0,-0.3502109704641345
20260415,MA2610,2761.0,208787.0,44062.0,-0.2086200651937702
20260415,MA2611,2713.0,7149.0,7098.0,-0.04423147806855887
20260415,MA2612,2703.0,2795.0,5717.0,-0.0007482323011884361
20260415,MA2701,2688.0,78833.0,84198.0,-0.09375
20260415,MA2702,2667.0,709.0,2093.0,-0.07649043869516303
20260415,MA2703,2650.0,791.0,1569.0,0.0
20260416,MA2605,3188.0,648138.0,247266.0,-0.22208281053952383
20260416,MA2606,3129.0,155107.0,79041.0,-0.2722914669223395
20260416,MA2607,3058.0,138743.0,84486.0,-0.3060824068018313
20260416,MA2608,2980.0,55041.0,23513.0,-0.2899328859060404
20260416,MA2609,2908.0,658597.0,533512.0,-0.35488308115543354
20260416,MA2610,2822.0,173861.0,55962.0,-0.22111977321048926
20260416,MA2611,2770.0,7088.0,8117.0,-0.06931407942238232
20260416,MA2612,2754.0,2838.0,5802.0,-0.0007833345572935747
20260416,MA2701,2738.0,71475.0,92695.0,-0.11395178962746533
20260416,MA2702,2712.0,587.0,2023.0,-0.0929203539823007
20260416,MA2703,2691.0,633.0,1537.0,-0.03121516164994409
20260416,MA2704,2684.0,27.0,16.0,0.0
20260417,MA2605,3173.0,377335.0,196142.0,-0.15884021430822592
20260417,MA2606,3131.0,151643.0,88634.0,-0.2644522516767802
20260417,MA2607,3062.0,149054.0,87038.0,-0.29392553886348827
20260417,MA2608,2987.0,66142.0,25932.0,-0.28523602276531657
20260417,MA2609,2916.0,1115949.0,594382.0,-0.35802469135802406
20260417,MA2610,2829.0,213826.0,60795.0,-0.21208907741251348
20260417,MA2611,2779.0,6736.0,8193.0,-0.07340770061173085
20260417,MA2612,2762.0,2533.0,5726.0,-0.0008786988747772773
20260417,MA2701,2744.0,83608.0,97058.0,-0.12682215743440262
20260417,MA2702,2715.0,703.0,1964.0,-0.10607734806629887
20260417,MA2703,2691.0,765.0,1584.0,-0.06688963210702381
20260417,MA2704,2676.0,49.0,28.0,0.0
20260420,MA2605,3122.0,294089.0,147627.0,-0.18834080717488844
20260420,MA2606,3073.0,169893.0,91439.0,-0.31239830784249945
20260420,MA2607,2993.0,170108.0,86063.0,-0.29268292682926855
20260420,MA2608,2920.0,68452.0,26170.0,-0.26301369863013724
20260420,MA2609,2856.0,1525547.0,627251.0,-0.33193277310924385
20260420,MA2610,2777.0,247648.0,50667.0,-0.18581202736766267
20260420,MA2611,2734.0,10331.0,7799.0,-0.07461594732991905
20260420,MA2612,2717.0,4508.0,5148.0,-0.0008436271002799681
20260420,MA2701,2700.0,109891.0,102017.0,-0.10666666666666602
20260420,MA2702,2676.0,866.0,1903.0,-0.07174887892376658
20260420,MA2703,2660.0,886.0,1546.0,-0.06766917293233066
20260420,MA2704,2645.0,124.0,44.0,0.0
20260421,MA2605,3085.0,143188.0,118854.0,-0.18282009724473225
20260421,MA2606,3038.0,85892.0,89055.0,-0.2922975641869652
20260421,MA2607,2964.0,100634.0,82411.0,-0.29959514170040435
20260421,MA2608,2890.0,51586.0,29380.0,-0.2740484429065746
20260421,MA2609,2824.0,934131.0,617392.0,-0.3144475920679892
20260421,MA2610,2750.0,155948.0,50600.0,-0.17454545454545434
20260421,MA2611,2710.0,5405.0,7954.0,-0.022140221402213722
20260421,MA2612,2705.0,2061.0,5301.0,-0.0007476790795239723
20260421,MA2701,2690.0,66271.0,95084.0,-0.11152416356877293
20260421,MA2702,2665.0,211.0,1939.0,-0.06303939962476512
20260421,MA2703,2651.0,377.0,1548.0,-0.05884571859675658
20260421,MA2704,2638.0,64.0,62.0,0.0
20260422,MA2605,3091.0,77729.0,95923.0,-0.1979941766418638
20260422,MA2606,3040.0,63010.0,82631.0,-0.24473684210526292
20260422,MA2607,2978.0,76751.0,78635.0,-0.2699798522498327
20260422,MA2608,2911.0,35643.0,30177.0,-0.25970456887667437
20260422,MA2609,2848.0,780107.0,609729.0,-0.3075842696629212
20260422,MA2610,2775.0,146459.0,56962.0,-0.1816216216216211
20260422,MA2611,2733.0,4354.0,8059.0,-0.052689352360043795
20260422,MA2612,2721.0,1474.0,5434.0,-0.0007432825836502604
20260422,MA2701,2706.0,50992.0,100119.0,-0.10643015521064347
20260422,MA2702,2682.0,206.0,1910.0,-0.0715883668903805
20260422,MA2703,2666.0,291.0,1539.0,-0.07201800450112472
20260422,MA2704,2650.0,83.0,60.0,0.0
20260423,MA2605,3097.0,58850.0,74760.0,-0.10074265418146577
20260423,MA2606,3071.0,87907.0,84031.0,-0.23445131878866876
20260423,MA2607,3011.0,111910.0,79984.0,-0.2789770840252408
20260423,MA2608,2941.0,53283.0,28625.0,-0.25297517851071083
20260423,MA2609,2879.0,781348.0,615961.0,-0.32511288641889546
20260423,MA2610,2801.0,164063.0,61561.0,-0.1842199214566227
20260423,MA2611,2758.0,4049.0,8155.0,-0.043509789702683044
20260423,MA2612,2748.0,1857.0,5633.0,-0.0006378489769883667
20260423,MA2701,2735.0,51061.0,102249.0,-0.10968921389396691
20260423,MA2702,2710.0,267.0,1899.0,-0.08856088560885622
20260423,MA2703,2690.0,427.0,1545.0,-0.06691449814126349
20260423,MA2704,2675.0,87.0,60.0,0.0
20260424,MA2605,3112.0,37298.0,59794.0,-0.1465295629820056
20260424,MA2606,3074.0,92484.0,84502.0,-0.21470396877033204
20260424,MA2607,3019.0,130262.0,86418.0,-0.26233852268963265
20260424,MA2608,2953.0,60187.0,29445.0,-0.23569251608533737
20260424,MA2609,2895.0,622610.0,631322.0,-0.3108808290155438
20260424,MA2610,2820.0,133277.0,62862.0,-0.1659574468085112
20260424,MA2611,2781.0,4004.0,8482.0,-0.06472491909385125
20260424,MA2612,2766.0,1502.0,5519.0,-0.0006336981159667539
20260424,MA2701,2753.0,43987.0,105104.0,-0.12204867417362886
20260424,MA2702,2725.0,266.0,1894.0,-0.09247706422018309
20260424,MA2703,2704.0,468.0,1540.0,-0.07100591715976368
20260424,MA2704,2688.0,73.0,53.0,0.0
20260427,MA2605,3147.0,24936.0,49297.0,-0.16015252621544285
20260427,MA2606,3105.0,71499.0,82039.0,-0.16618357487922752
20260427,MA2607,3062.0,117260.0,89001.0,-0.26257348138471537
20260427,MA2608,2995.0,59050.0,30549.0,-0.22437395659432324
20260427,MA2609,2939.0,667312.0,648739.0,-0.31847567199727855
20260427,MA2610,2861.0,143103.0,69542.0,-0.1509961551904926
20260427,MA2611,2825.0,3826.0,8989.0,-0.06371681415929187
20260427,MA2612,2810.0,2048.0,5644.0,-0.0005278099884041684
20260427,MA2701,2799.0,51416.0,104770.0,-0.12433011789924953
20260427,MA2702,2770.0,399.0,1951.0,-0.10830324909747313
20260427,MA2703,2745.0,387.0,1554.0,-0.08743169398907158
20260427,MA2704,2725.0,122.0,91.0,0.0
20260428,MA2605,3210.0,26425.0,33384.0,-0.1271028037383175
20260428,MA2606,3176.0,82776.0,81155.0,-0.13602015113350152
20260428,MA2607,3140.0,96989.0,87423.0,-0.23312101910828087
20260428,MA2608,3079.0,43741.0,30784.0,-0.22994478726859313
20260428,MA2609,3020.0,714220.0,676317.0,-0.31788079470198705
20260428,MA2610,2940.0,161620.0,73099.0,-0.17551020408163298
20260428,MA2611,2897.0,4401.0,8938.0,-0.05799102519848098
20260428,MA2612,2883.0,2253.0,5918.0,-0.0004676776298097727
20260428,MA2701,2873.0,68058.0,108286.0,-0.13365819700661374
20260428,MA2702,2841.0,493.0,1885.0,-0.15628299894403375
20260428,MA2703,2804.0,497.0,1579.0,-0.06419400855920143
20260428,MA2704,2789.0,108.0,113.0,0.0
20260429,MA2605,3189.0,20418.0,22499.0,-0.1467544684854185
20260429,MA2606,3150.0,112458.0,76744.0,-0.12571428571428633
20260429,MA2607,3117.0,159426.0,82300.0,-0.22714148219441777
20260429,MA2608,3058.0,67421.0,29125.0,-0.20013080444735154
20260429,MA2609,3007.0,614418.0,663559.0,-0.30728300631859007
20260429,MA2610,2930.0,139027.0,70884.0,-0.16791808873720093
20260429,MA2611,2889.0,3043.0,8360.0,-0.053997923156801964
20260429,MA2612,2876.0,1935.0,5427.0,-0.0007501054835836241
20260429,MA2701,2860.0,52846.0,105698.0,-0.12587412587412627
20260429,MA2702,2830.0,265.0,1884.0,-0.16961130742049457
20260429,MA2703,2790.0,357.0,1558.0,-0.07741935483870988
20260429,MA2704,2772.0,101.0,91.0,0.0
20260430,MA2605,3206.0,21097.0,6140.0,-0.1871490954460393
20260430,MA2606,3156.0,95023.0,70709.0,-0.14448669201520925
20260430,MA2607,3118.0,186351.0,84438.0,-0.2270686337395773
20260430,MA2608,3059.0,83428.0,29824.0,-0.1961425302386406
20260430,MA2609,3009.0,588534.0,650887.0,-0.3030907278165502
20260430,MA2610,2933.0,100421.0,67773.0,-0.17592908285032394
20260430,MA2611,2890.0,3103.0,7689.0,-0.062283737024221075
20260430,MA2612,2875.0,1437.0,4926.0,-0.0007503663898387865
20260430,MA2701,2859.0,43631.0,104502.0,-0.15110178384050332
20260430,MA2702,2823.0,375.0,1914.0,-0.16578108395324076
20260430,MA2703,2784.0,445.0,1597.0,-0.0732758620689653
20260430,MA2704,2767.0,48.0,105.0,0.0
20260506,MA2605,3250.0,2721.0,3985.0,-0.21415384615384614
20260506,MA2606,3192.0,26205.0,71395.0,-0.14661654135338287
20260506,MA2607,3153.0,101535.0,94667.0,-0.20551855375832506
20260506,MA2608,3099.0,52645.0,30364.0,-0.20909970958373725
20260506,MA2609,3045.0,464820.0,684807.0,-0.31527093596059075
20260506,MA2610,2965.0,82615.0,81940.0,-0.16998313659359132
20260506,MA2611,2923.0,2289.0,8316.0,-0.04515908313376649
20260506,MA2612,2912.0,1213.0,5402.0,-0.0004630201259414726
20260506,MA2701,2902.0,40829.0,109637.0,-0.14886285320468584
20260506,MA2702,2866.0,557.0,2092.0,-0.2344731332868113
20260506,MA2703,2810.0,318.0,1661.0,-0.06832740213523136
20260506,MA2704,2794.0,97.0,122.0,0.0
20260507,MA2605,3075.0,1432.0,3263.0,-0.24975609756097628
20260507,MA2606,3011.0,48264.0,59886.0,-0.1912985719030229
20260507,MA2607,2963.0,172441.0,107367.0,-0.20249746878164077
20260507,MA2608,2913.0,81393.0,33405.0,-0.17713697219361446
20260507,MA2609,2870.0,1046928.0,676324.0,-0.2592334494773514
20260507,MA2610,2808.0,212331.0,83700.0,-0.13247863247863245
20260507,MA2611,2777.0,6552.0,8466.0,0.0
20260507,MA2612,2777.0,2767.0,5533.0,-0.0005826350479257738
20260507,MA2701,2765.0,97606.0,109477.0,-0.11283905967450236
20260507,MA2702,2739.0,730.0,1905.0,-0.1445783132530125
20260507,MA2703,2706.0,836.0,1564.0,-0.10199556541020005
20260507,MA2704,2683.0,216.0,146.0,0.0
20260508,MA2605,3049.0,497.0,3127.0,-0.17710724827812419
20260508,MA2606,3004.0,28825.0,55408.0,-0.21970705725699124
20260508,MA2607,2949.0,113897.0,104917.0,-0.21159715157680603
20260508,MA2608,2897.0,66022.0,36722.0,-0.17397307559544295
20260508,MA2609,2855.0,670607.0,664309.0,-0.23537653239929934
20260508,MA2610,2799.0,170625.0,80353.0,-0.12861736334405105
20260508,MA2611,2769.0,3573.0,8378.0,0.0043336944745400174
20260508,MA2612,2770.0,1842.0,5638.0,-0.00053543179329087
20260508,MA2701,2759.0,72957.0,113601.0,-0.10873504893077168
20260508,MA2702,2734.0,407.0,1862.0,-0.14923189465983944
20260508,MA2703,2700.0,310.0,1556.0,-0.07555555555555493
20260508,MA2704,2683.0,71.0,167.0,0.0
20260511,MA2605,3105.0,330.0,3026.0,-0.3323671497584537
20260511,MA2606,3019.0,23791.0,52921.0,-0.19874130506790344
20260511,MA2607,2969.0,110928.0,100243.0,-0.18592118558437232
20260511,MA2608,2923.0,67593.0,31719.0,-0.16832021895312987
20260511,MA2609,2882.0,783084.0,663563.0,-0.23733518390006925
20260511,MA2610,2825.0,202191.0,82535.0,-0.1231858407079649
20260511,MA2611,2796.0,5547.0,8867.0,0.017167381974248386
20260511,MA2612,2800.0,2186.0,5621.0,-0.0004333868378812214
20260511,MA2701,2791.0,71796.0,119019.0,-0.13758509494804683
20260511,MA2702,2759.0,473.0,1906.0,-0.16962667633200468
20260511,MA2703,2720.0,409.0,1587.0,-0.08382352941176441
20260511,MA2704,2701.0,165.0,199.0,0.0
20260512,MA2605,3099.0,146.0,2974.0,-0.25556631171345545
20260512,MA2606,3033.0,23600.0,48878.0,-0.1305637982195842
20260512,MA2607,3000.0,86285.0,94212.0,-0.1719999999999997
20260512,MA2608,2957.0,56951.0,31407.0,-0.17044301657084926
20260512,MA2609,2915.0,560382.0,686252.0,-0.25934819897083994
20260512,MA2610,2852.0,167168.0,85569.0,-0.1262272089761569
20260512,MA2611,2822.0,2675.0,8714.0,0.004252303330971152
20260512,MA2612,2823.0,1108.0,5599.0,-0.00047761764319573523
20260512,MA2701,2813.0,52073.0,119485.0,-0.14930678990401658
20260512,MA2702,2778.0,440.0,1992.0,-0.17710583153347725
20260512,MA2703,2737.0,319.0,1596.0,-0.0964559736938253
20260512,MA2704,2715.0,37.0,202.0,0.0
20260513,MA2605,3042.0,24.0,2962.0,-0.23668639053254426
20260513,MA2606,2982.0,92678.0,50808.0,-0.12072434607645821
20260513,MA2607,2952.0,85056.0,94847.0,-0.02032520325203313
20260513,MA2608,2947.0,49853.0,27301.0,-0.16694944010858537
20260513,MA2609,2906.0,541629.0,704077.0,-0.23537508602890522
20260513,MA2610,2849.0,149093.0,87559.0,-0.12214812214812154
20260513,MA2611,2820.0,2732.0,8321.0,0.017021276595743373
20260513,MA2612,2824.0,1070.0,5644.0,-0.0004774485151351151
20260513,MA2701,2814.0,50590.0,123026.0,-0.14498933901918987
20260513,MA2702,2780.0,259.0,1965.0,-0.18129496402877665
20260513,MA2703,2738.0,271.0,1594.0,-0.10956902848794758
20260513,MA2704,2713.0,53.0,206.0,0.0
20260514,MA2605,3060.0,160.0,2811.0,-0.3686274509803922
20260514,MA2606,2966.0,23695.0,36813.0,-0.1456507080242755
20260514,MA2607,2930.0,104035.0,98182.0,-0.14744027303754326
20260514,MA2608,2894.0,55640.0,30509.0,-0.1409813407049061
20260514,MA2609,2860.0,573280.0,686614.0,-0.20139860139860177
20260514,MA2610,2812.0,177393.0,84453.0,-0.102418207681366
20260514,MA2611,2788.0,2868.0,8373.0,0.043041606886657924
20260514,MA2612,2798.0,1245.0,5858.0,-0.000337319594252722
20260514,MA2701,2791.0,63530.0,124824.0,-0.1504836975994266
20260514,MA2702,2756.0,330.0,1966.0,-0.16110304789550023
20260514,MA2703,2719.0,377.0,1574.0,-0.10592129459360011
20260514,MA2704,2695.0,55.0,191.0,0.0
20260515,MA2605,3060.0,7.0,2810.0,-0.2039215686274516
20260515,MA2606,3008.0,12024.0,32711.0,-0.10771276595744661
20260515,MA2607,2981.0,110726.0,105246.0,-0.1489433076148945
20260515,MA2608,2944.0,60729.0,30471.0,-0.15081521739130377
20260515,MA2609,2907.0,779879.0,693841.0,-0.23116615067079493
20260515,MA2610,2851.0,223375.0,98483.0,-0.10943528586460882
20260515,MA2611,2825.0,3794.0,8690.0,0.01699115044247801
20260515,MA2612,2829.0,1909.0,5840.0,-0.00038128373467417734
20260515,MA2701,2821.0,76766.0,127643.0,-0.15739099610067386
20260515,MA2702,2784.0,399.0,2105.0,-0.19396551724137945
20260515,MA2703,2739.0,377.0,1677.0,-0.13581599123767774
20260515,MA2704,2708.0,77.0,196.0,0.0
20260518,MA2605,3070.0,254.0,2634.0,0.05863192182410426
20260518,MA2606,3085.0,14067.0,26428.0,-0.11669367909238249
20260518,MA2607,3055.0,101246.0,108031.0,-0.13747954173486088
20260518,MA2608,3020.0,70363.0,32648.0,-0.16291390728476784
20260518,MA2609,2979.0,734725.0,714212.0,-0.2698892245720037
20260518,MA2610,2912.0,215958.0,109844.0,-0.15247252747252693
20260518,MA2611,2875.0,3561.0,8536.0,0.004173913043477917
20260518,MA2612,2876.0,1528.0,5820.0,-0.00042193433451579603
20260518,MA2701,2867.0,72586.0,127081.0,-0.159051273107778
20260518,MA2702,2829.0,455.0,2113.0,-0.19936373276776198
20260518,MA2703,2782.0,393.0,1710.0,-0.19841840402588007
20260518,MA2704,2736.0,59.0,203.0,0.0
20260519,MA2605,2850.0,237.0,0.0,0.905263157894737
20260519,MA2606,3065.0,6311.0,23472.0,-0.11745513866231638
20260519,MA2607,3035.0,112064.0,101115.0,-0.11861614497528894
20260519,MA2608,3005.0,83894.0,28735.0,-0.1677204658901834
20260519,MA2609,2963.0,630570.0,710052.0,-0.2591967600405001
20260519,MA2610,2899.0,192588.0,105446.0,-0.1448775439806833
20260519,MA2611,2864.0,3326.0,8393.0,0.0
20260519,MA2612,2864.0,1324.0,5665.0,-0.0004237022158056657
20260519,MA2701,2855.0,57125.0,126426.0,-0.16812609457092753
20260519,MA2702,2815.0,199.0,2069.0,-0.19609236234458294
20260519,MA2703,2769.0,264.0,1669.0,-0.17768147345612073
20260519,MA2704,2728.0,84.0,214.0,0.0
20260520,MA2606,3072.0,4027.0,21551.0,-0.12109375000000044
20260520,MA2607,3041.0,118241.0,97836.0,-0.12232818151923741
20260520,MA2608,3010.0,78109.0,27356.0,-0.16744186046511578
20260520,MA2609,2968.0,574714.0,713779.0,-0.27088948787061984
20260520,MA2610,2901.0,185987.0,110058.0,-0.1571871768355737
20260520,MA2611,2863.0,2824.0,8469.0,-0.008382815228781038
20260520,MA2612,2861.0,1141.0,5751.0,-0.0004241465033440803
20260520,MA2701,2852.0,60445.0,129903.0,-0.15147265077138883
20260520,MA2702,2816.0,261.0,2032.0,-0.19176136363636376
20260520,MA2703,2771.0,333.0,1689.0,-0.12125586430891344
20260520,MA2704,2743.0,106.0,235.0,-0.030623405030988593
20260520,MA2705,2736.0,197.0,127.0,0.0
20260521,MA2606,3069.0,3896.0,19260.0,-0.125122189638319
20260521,MA2607,3037.0,124529.0,87124.0,-0.14224563714191651
20260521,MA2608,3001.0,76931.0,24212.0,-0.1519493502165945
20260521,MA2609,2963.0,572190.0,713541.0,-0.2591967600405001
20260521,MA2610,2899.0,199235.0,108582.0,-0.1490169023801311
20260521,MA2611,2863.0,2618.0,8128.0,-0.01257422284317089
20260521,MA2612,2860.0,1100.0,5523.0,-0.0005185825410544494
20260521,MA2701,2849.0,55379.0,129475.0,-0.1684801684801691
20260521,MA2702,2809.0,220.0,2027.0,-0.17942328230687066
20260521,MA2703,2767.0,289.0,1695.0,-0.0954101915431882
20260521,MA2704,2745.0,175.0,242.0,-0.021857923497268228
20260521,MA2705,2740.0,220.0,251.0,0.0
20260522,MA2606,3054.0,4983.0,17260.0,-0.18860510805501018
20260522,MA2607,3006.0,151485.0,76962.0,-0.15169660678642716
20260522,MA2608,2968.0,85506.0,28717.0,-0.16576819407008125
20260522,MA2609,2927.0,821836.0,690881.0,-0.27058421592073856
20260522,MA2610,2861.0,262162.0,102760.0,-0.17196784341139448
20260522,MA2611,2820.0,4885.0,7891.0,-0.004255319148935843
20260522,MA2612,2819.0,2000.0,5120.0,-0.0006696134974949312
20260522,MA2701,2805.0,83849.0,130642.0,-0.1411764705882348
20260522,MA2702,2772.0,585.0,2000.0,-0.16450216450216404
20260522,MA2703,2734.0,829.0,1699.0,-0.05267008046817878
20260522,MA2704,2722.0,289.0,304.0,-0.039676708302718744
20260522,MA2705,2713.0,450.0,509.0,0.0
20260525,MA2606,2994.0,8065.0,11194.0,-0.2444889779559123
20260525,MA2607,2933.0,165032.0,72835.0,-0.18411183088987348
20260525,MA2608,2888.0,101221.0,28913.0,-0.18282548476454252
20260525,MA2609,2844.0,1330175.0,724481.0,-0.2869198312236283
20260525,MA2610,2776.0,352858.0,95302.0,-0.16858789625360293
20260525,MA2611,2737.0,8990.0,7820.0,-0.00438436244062812
20260525,MA2612,2736.0,4442.0,5406.0,-0.0006899270648531487
20260525,MA2701,2722.0,133786.0,134598.0,-0.1366642174871422
20260525,MA2702,2691.0,836.0,2062.0,-0.1337792642140463
20260525,MA2703,2661.0,900.0,1713.0,-0.07666290868094672
20260525,MA2704,2644.0,186.0,267.0,-0.054462934947050456
20260525,MA2705,2632.0,562.0,539.0,0.0
20260526,MA2606,3014.0,3733.0,8646.0,-0.29064366290643706
20260526,MA2607,2941.0,102824.0,69129.0,-0.22849370962257787
20260526,MA2608,2885.0,81922.0,27487.0,-0.19965337954939333
20260526,MA2609,2837.0,588807.0,709137.0,-0.2833979555868873
20260526,MA2610,2770.0,184554.0,90492.0,-0.17761732851985546
20260526,MA2611,2729.0,4298.0,8222.0,-0.008794430194210445
20260526,MA2612,2727.0,1329.0,5528.0,-0.0005438746121803175
20260526,MA2701,2716.0,70394.0,136849.0,-0.13696612665684782
20260526,MA2702,2685.0,314.0,2116.0,-0.14748603351955358
20260526,MA2703,2652.0,408.0,1789.0,-0.04524886877828038
20260526,MA2704,2642.0,72.0,279.0,-0.059046177138531775
20260526,MA2705,2629.0,229.0,598.0,0.0
20260527,MA2606,3002.0,3358.0,6278.0,-0.30379746835443067
20260527,MA2607,2926.0,116905.0,65915.0,-0.2870813397129188
20260527,MA2608,2856.0,102959.0,30598.0,-0.21848739495798375
20260527,MA2609,2804.0,684747.0,726267.0,-0.27817403708987154
20260527,MA2610,2739.0,213772.0,92199.0,-0.15772179627601268
20260527,MA2611,2703.0,4752.0,8224.0,-0.017758046614872125
20260527,MA2612,2699.0,1650.0,5445.0,-0.0006993851239118925
20260527,MA2701,2685.0,69133.0,139712.0,-0.13854748603352007
20260527,MA2702,2654.0,317.0,2166.0,-0.12660135644310522
20260527,MA2703,2626.0,305.0,1818.0,-0.04569687738004635
20260527,MA2704,2616.0,85.0,282.0,-0.07339449541284448
20260527,MA2705,2600.0,343.0,685.0,0.0
20260528,MA2606,3039.0,3812.0,5085.0,-0.37512339585389887
20260528,MA2607,2944.0,153082.0,55914.0,-0.28125
20260528,MA2608,2875.0,112993.0,32124.0,-0.20869565217391317
20260528,MA2609,2825.0,729613.0,731776.0,-0.30159292035398266
20260528,MA2610,2754.0,249585.0,97177.0,-0.1699346405228761
20260528,MA2611,2715.0,5719.0,8705.0,-0.017679558011049146
20260528,MA2612,2711.0,2270.0,5623.0,-0.0004476145872620549
20260528,MA2701,2702.0,91265.0,141941.0,-0.1376757957068837
20260528,MA2702,2671.0,283.0,2130.0,-0.13927368026956222
20260528,MA2703,2640.0,421.0,1813.0,-0.05454545454545423
20260528,MA2704,2628.0,120.0,312.0,-0.06392694063926907
20260528,MA2705,2614.0,343.0,721.0,0.0
20260529,MA2606,3019.0,3083.0,2606.0,-0.39350778403444897
20260529,MA2607,2920.0,146750.0,49059.0,-0.2958904109589042
20260529,MA2608,2848.0,121829.0,29886.0,-0.23174157303370801
20260529,MA2609,2793.0,738175.0,724503.0,-0.2921589688506976
20260529,MA2610,2725.0,264539.0,89971.0,-0.16293577981651364
20260529,MA2611,2688.0,11086.0,13757.0,0.013392857142856762
20260529,MA2612,2691.0,2829.0,6047.0,-0.0003006275600315707
20260529,MA2701,2685.0,88058.0,152302.0,-0.14748603351955358
20260529,MA2702,2652.0,262.0,2175.0,-0.12669683257918507
20260529,MA2703,2624.0,435.0,1864.0,-0.059451219512195674
20260529,MA2704,2611.0,103.0,325.0,-0.05055534278054408
20260529,MA2705,2600.0,397.0,774.0,0.0
20260601,MA2606,3045.0,79.0,2548.0,-0.22463054187192144
20260601,MA2607,2988.0,26816.0,44057.0,-0.27309236947791105
20260601,MA2608,2920.0,55237.0,29861.0,-0.23013698630137025
20260601,MA2609,2864.0,727594.0,707789.0,-0.3184357541899443
20260601,MA2610,2788.0,299942.0,99628.0,-0.18077474892395928
20260601,MA2611,2746.0,99881.0,51370.0,-0.026219956300072234
20260601,MA2612,2740.0,2186.0,5815.0,-0.0004428770606085475
20260601,MA2701,2731.0,81490.0,157986.0,-0.12742585133650675
20260601,MA2702,2702.0,332.0,2115.0,-0.15544041450777257
20260601,MA2703,2667.0,343.0,1836.0,-0.0629921259842523
20260601,MA2704,2653.0,89.0,321.0,-0.031662269129288045
20260601,MA2705,2646.0,634.0,841.0,0.0
20260602,MA2606,0.0,0.0,2548.0,0.0
20260602,MA2607,3013.0,26283.0,44309.0,-0.2787919017590448
20260602,MA2608,2943.0,73489.0,29842.0,-0.21610601427115128
20260602,MA2609,2890.0,1047090.0,716423.0,-0.3321799307958475
20260602,MA2610,2810.0,398531.0,99079.0,-0.17081850533807774
20260602,MA2611,2770.0,114061.0,56524.0,-0.012996389891696936
20260602,MA2612,2767.0,3819.0,6092.0,-0.0004385555280330414
20260602,MA2701,2758.0,129797.0,156734.0,-0.13052936910804913
20260602,MA2702,2728.0,691.0,2136.0,-0.16275659824046906
20260602,MA2703,2691.0,777.0,1838.0,-0.07134894091415811
20260602,MA2704,2675.0,208.0,340.0,-0.03140186915887888
20260602,MA2705,2668.0,1125.0,1050.0,0.0
20260603,MA2606,3108.0,103.0,2495.0,-0.18146718146718133
20260603,MA2607,3061.0,18591.0,45455.0,-0.28618098660568414
20260603,MA2608,2988.0,89924.0,28885.0,-0.2489959839357434
20260603,MA2609,2926.0,571051.0,726224.0,-0.34449760765550286
20260603,MA2610,2842.0,295192.0,97322.0,-0.19000703729767832
20260603,MA2611,2797.0,80337.0,62130.0,0.0
20260603,MA2612,2797.0,1313.0,6317.0,-0.00038564593685851774
20260603,MA2701,2789.0,67503.0,159999.0,-0.14628899247041938
20260603,MA2702,2755.0,374.0,2115.0,-0.14373865698729604
20260603,MA2703,2722.0,264.0,1871.0,-0.05290227773695788
20260603,MA2704,2710.0,130.0,353.0,-0.05756457564575701
20260603,MA2705,2697.0,513.0,1087.0,0.0
20260604,MA2606,3135.0,5.0,2490.0,-0.3789473684210525
20260604,MA2607,3036.0,17927.0,44787.0,-0.3636363636363633
20260604,MA2608,2944.0,103064.0,30516.0,-0.273097826086957
20260604,MA2609,2877.0,589426.0,694911.0,-0.34619395203336767
20260604,MA2610,2794.0,313813.0,94733.0,-0.1803865425912674
20260604,MA2611,2752.0,92691.0,64122.0,0.004360465116278078
20260604,MA2612,2753.0,2129.0,6363.0,-0.00044078574139754293
20260604,MA2701,2744.0,75685.0,160622.0,-0.13994169096209852
20260604,MA2702,2712.0,283.0,2152.0,-0.14601769911504414
20260604,MA2703,2679.0,302.0,1948.0,-0.04927211646136653
20260604,MA2704,2668.0,164.0,410.0,-0.04947526236881572
20260604,MA2705,2657.0,630.0,1151.0,0.0
20260605,MA2606,3050.0,27.0,2480.0,-0.00786885245901603
20260605,MA2607,3048.0,16870.0,44186.0,-0.2913385826771657
20260605,MA2608,2974.0,117203.0,31850.0,-0.27437794216543354
20260605,MA2609,2906.0,578657.0,735338.0,-0.38403303509979336
20260605,MA2610,2813.0,307336.0,112415.0,-0.19623178101670868
20260605,MA2611,2767.0,80194.0,61499.0,-0.004336826888327039
20260605,MA2612,2766.0,1577.0,6271.0,-0.00048746008920519764
20260605,MA2701,2756.0,66682.0,164162.0,-0.13497822931785208
20260605,MA2702,2725.0,303.0,2150.0,-0.16293577981651364
20260605,MA2703,2688.0,320.0,1939.0,-0.05357142857142838
20260605,MA2704,2676.0,223.0,370.0,-0.06726457399103092
20260605,MA2705,2661.0,658.0,1228.0,0.0
20260608,MA2606,3140.0,5.0,2475.0,0.11464968152866373
20260608,MA2607,3170.0,36747.0,44234.0,-0.20820189274447953
20260608,MA2608,3115.0,75239.0,36284.0,-0.2542536115569818
20260608,MA2609,3049.0,1075119.0,816549.0,-0.3817645129550673
20260608,MA2610,2952.0,408286.0,118975.0,-0.22357723577235777
20260608,MA2611,2897.0,131843.0,57010.0,-0.049706593027269985
20260608,MA2612,2885.0,3766.0,5977.0,-0.0007010301248223025
20260608,MA2701,2870.0,131843.0,171156.0,-0.15888501742160255
20260608,MA2702,2832.0,723.0,2334.0,-0.16949152542372925
20260608,MA2703,2792.0,939.0,1963.0,-0.06876790830945545
20260608,MA2704,2776.0,352.0,278.0,-0.07780979827089274
20260608,MA2705,2758.0,1351.0,1396.0,0.0
20260609,MA2606,3200.0,60.0,2475.0,-0.4537500000000003
20260609,MA2607,3079.0,24119.0,44054.0,-0.20266320233842183
20260609,MA2608,3027.0,59003.0,35684.0,-0.25371655104063473
20260609,MA2609,2963.0,903015.0,770774.0,-0.3644954438069523
20260609,MA2610,2873.0,324342.0,113614.0,-0.2046641141663761
20260609,MA2611,2824.0,103714.0,58327.0,-0.06798866855524066
20260609,MA2612,2808.0,3189.0,5699.0,-0.0007682704311917819
20260609,MA2701,2792.0,95006.0,164566.0,-0.15902578796561606
20260609,MA2702,2755.0,755.0,2355.0,-0.13938294010889285
20260609,MA2703,2723.0,563.0,1998.0,-0.10135879544619852
20260609,MA2704,2700.0,216.0,356.0,-0.06666666666666643
20260609,MA2705,2685.0,935.0,1402.0,0.0
20260610,MA2606,3223.0,68.0,2355.0,-0.4691281414830901
20260610,MA2607,3097.0,27806.0,43349.0,-0.216984178237003
20260610,MA2608,3041.0,55126.0,30999.0,-0.2722788556395921
20260610,MA2609,2972.0,872107.0,788063.0,-0.3876177658142663
20260610,MA2610,2876.0,333632.0,108918.0,-0.25452016689847046
20260610,MA2611,2815.0,101610.0,64005.0,-0.09378330373001775
20260610,MA2612,2793.0,2733.0,5527.0,-0.0010620451610567306
20260610,MA2701,2771.0,113679.0,167129.0,-0.14723926380368146
20260610,MA2702,2737.0,576.0,2306.0,-0.14468396054073862
20260610,MA2703,2704.0,380.0,2034.0,-0.07544378698224907
20260610,MA2704,2687.0,80.0,354.0,-0.08038704875325609
20260610,MA2705,2669.0,1103.0,1516.0,0.0
20260611,MA2606,3150.0,150.0,2275.0,0.030476190476191434
20260611,MA2607,3158.0,128914.0,48860.0,-0.20899303356554766
20260611,MA2608,3103.0,56093.0,33410.0,-0.30164357073799497
20260611,MA2609,3025.0,974544.0,837630.0,-0.4204958677685946
20260611,MA2610,2919.0,352001.0,115204.0,-0.2836587872559093
20260611,MA2611,2850.0,106330.0,63481.0,-0.1263157894736846
20260611,MA2612,2820.0,3849.0,5790.0,-0.0012431269423858419
20260611,MA2701,2794.0,118977.0,171057.0,-0.14602720114531076
20260611,MA2702,2760.0,595.0,2290.0,-0.1521739130434776
20260611,MA2703,2725.0,588.0,2126.0,-0.10128440366972491
20260611,MA2704,2702.0,141.0,366.0,-0.08882309400444166
20260611,MA2705,2682.0,1236.0,1675.0,0.0
20260612,MA2606,0.0,300.0,0.0,0.0
20260612,MA2607,3194.0,40958.0,35397.0,-0.3418910457107076
20260612,MA2608,3103.0,76357.0,31692.0,-0.35965194972607195
20260612,MA2609,3010.0,1042096.0,848577.0,-0.4784053156146184
20260612,MA2610,2890.0,418493.0,118739.0,-0.3114186851211067
20260612,MA2611,2815.0,144481.0,65181.0,-0.1492007104795734
20260612,MA2612,2780.0,3583.0,6015.0,-0.0014550157626707682
20260612,MA2701,2750.0,122888.0,174686.0,-0.12218181818181817
20260612,MA2702,2722.0,540.0,2243.0,-0.15429831006612815
20260612,MA2703,2687.0,902.0,1993.0,-0.08485299590621542
20260612,MA2704,2668.0,382.0,374.0,-0.08545727136431758
20260612,MA2705,2649.0,1516.0,1767.0,0.0
20260615,MA2607,2985.0,24696.0,26025.0,-0.4663316582914576
20260615,MA2608,2869.0,50441.0,30706.0,-0.4140815615196938
20260615,MA2609,2770.0,1750841.0,794847.0,-0.16028880866425954
20260615,MA2610,2733.0,318085.0,124644.0,-0.2854006586169042
20260615,MA2611,2668.0,127877.0,65748.0,-0.15742128935532262
20260615,MA2612,2633.0,8170.0,6900.0,-0.001382624169465336
20260615,MA2701,2606.0,306630.0,180523.0,-0.18419033000767415
20260615,MA2702,2566.0,1520.0,2567.0,-0.11223694466095147
20260615,MA2703,2542.0,1646.0,2246.0,-0.03776553894571233
20260615,MA2704,2534.0,455.0,473.0,-0.052091554853985755
20260615,MA2705,2523.0,3368.0,2297.0,0.004756242568372038
20260615,MA2706,2524.0,9.0,6.0,0.0
20260616,MA2607,2930.0,16063.0,20570.0,-0.5897610921501704
20260616,MA2608,2786.0,65075.0,32202.0,-0.43933955491744436
20260616,MA2609,2684.0,1361825.0,761333.0,-0.3889716840536508
20260616,MA2610,2597.0,442206.0,117097.0,-0.21255294570658423
20260616,MA2611,2551.0,145029.0,69557.0,0.0
20260616,MA2612,2551.0,6776.0,7174.0,-0.0002642717770955721
20260616,MA2701,2546.0,149190.0,179822.0,-0.1366849960722707
20260616,MA2702,2517.0,3059.0,3125.0,-0.09535160905840234
20260616,MA2703,2497.0,1390.0,2715.0,-0.0336403684421307
20260616,MA2704,2490.0,339.0,597.0,-0.0337349397590363
20260616,MA2705,2483.0,2612.0,2536.0,-0.014498590414821155
20260616,MA2706,2480.0,62.0,29.0,0.0
20260617,MA2607,2877.0,12673.0,17255.0,-0.6840458811261736
20260617,MA2608,2713.0,57657.0,37133.0,-0.43789163287873256
20260617,MA2609,2614.0,1117277.0,755194.0,-0.3672532517214999
20260617,MA2610,2534.0,390246.0,117097.0,-0.18942383583267608
20260617,MA2611,2494.0,131176.0,72965.0,0.009623095429029505
20260617,MA2612,2496.0,4084.0,7267.0,-0.0004321521175453744
20260617,MA2701,2488.0,130868.0,184069.0,-0.13022508038585245
20260617,MA2702,2461.0,2676.0,3202.0,-0.06826493295408342
20260617,MA2703,2447.0,1094.0,2814.0,-0.029423784225581784
20260617,MA2704,2441.0,288.0,625.0,-0.01966407210159815
20260617,MA2705,2437.0,2231.0,2578.0,0.009848173984407183
20260617,MA2706,2439.0,51.0,40.0,0.0
20260618,MA2607,2770.0,8531.0,12749.0,-0.5675090252707582
20260618,MA2608,2639.0,88541.0,42603.0,-0.3319439181508148
20260618,MA2609,2566.0,1083777.0,715619.0,-0.3086515978176152
20260618,MA2610,2500.0,404634.0,112775.0,-0.17279999999999962
20260618,MA2611,2464.0,145558.0,74722.0,0.07305194805194937
20260618,MA2612,2479.0,3874.0,8059.0,-0.000163168367092568
20260618,MA2701,2476.0,121263.0,186039.0,-0.12600969305331144
20260618,MA2702,2450.0,1054.0,3194.0,-0.04897959183673528
20260618,MA2703,2440.0,728.0,2781.0,-0.004918032786885185
20260618,MA2704,2439.0,104.0,621.0,-0.02460024600245969
20260618,MA2705,2434.0,1746.0,2717.0,0.014790468364831888
20260618,MA2706,2437.0,40.0,45.0,0.0
20260622,MA2607,2708.0,5408.0,10899.0,-0.4785819793205319
20260622,MA2608,2600.0,62563.0,41090.0,-0.3323076923076922
20260622,MA2609,2528.0,947953.0,692562.0,-0.299050632911392
20260622,MA2610,2465.0,303345.0,116766.0,-0.15578093306288032
20260622,MA2611,2433.0,111770.0,74898.0,0.0887792848335387
20260622,MA2612,2451.0,3722.0,8281.0,0.0
20260622,MA2701,2451.0,111628.0,189923.0,-0.0979192166462668
20260622,MA2702,2431.0,984.0,3090.0,-0.07404360345536753
20260622,MA2703,2416.0,526.0,2753.0,-0.009933774834436804
20260622,MA2704,2414.0,94.0,609.0,-0.02485501242750665
20260622,MA2705,2409.0,1589.0,3199.0,0.0
20260622,MA2706,2409.0,35.0,55.0,0.0
20260623,MA2607,2633.0,4147.0,9011.0,-0.4056209646790734
20260623,MA2608,2544.0,62949.0,38509.0,-0.2405660377358485
20260623,MA2609,2493.0,1032302.0,682499.0,-0.24548736462093856
20260623,MA2610,2442.0,330410.0,117245.0,-0.13267813267813278
20260623,MA2611,2415.0,121254.0,67007.0,0.08447204968944
20260623,MA2612,2432.0,4176.0,8250.0,5.5440567711414945e-05
20260623,MA2701,2433.0,153955.0,186434.0,-0.11837237977805204
20260623,MA2702,2409.0,1065.0,3141.0,-0.10460772104607763
20260623,MA2703,2388.0,964.0,2613.0,-0.025125628140703515
20260623,MA2704,2383.0,204.0,547.0,-0.04028535459504878
20260623,MA2705,2375.0,3416.0,3849.0,0.025263157894737986
20260623,MA2706,2380.0,87.0,93.0,0.0
20260624,MA2607,2546.0,4993.0,6706.0,-0.2026708562450903
20260624,MA2608,2503.0,48463.0,39909.0,-0.21094686376348326
20260624,MA2609,2459.0,1007539.0,679449.0,-0.20984139894266018
20260624,MA2610,2416.0,299892.0,119921.0,-0.0844370860927155
20260624,MA2611,2399.0,96536.0,63095.0,0.09503959983326471
20260624,MA2612,2418.0,2699.0,7855.0,-0.00011152312710848518
20260624,MA2701,2416.0,118703.0,183794.0,-0.1092715231788075
20260624,MA2702,2394.0,695.0,3031.0,-0.1152882205513781
20260624,MA2703,2371.0,467.0,2537.0,-0.03542808941374975
20260624,MA2704,2364.0,80.0,527.0,-0.035532994923857864
20260624,MA2705,2357.0,3088.0,4552.0,0.06618582944420925
20260624,MA2706,2370.0,57.0,103.0,0.0
20260625,MA2607,2501.0,2172.0,6150.0,-0.1391443422630947
20260625,MA2608,2472.0,66287.0,42174.0,-0.2087378640776696
20260625,MA2609,2429.0,1447497.0,716213.0,-0.23219431864964957
20260625,MA2610,2382.0,421005.0,127130.0,-0.07052896725440805
20260625,MA2611,2368.0,132049.0,65194.0,0.07601351351351315
20260625,MA2612,2383.0,3704.0,6943.0,-0.00045264443365223346
20260625,MA2701,2375.0,192874.0,186805.0,-0.10105263157894795
20260625,MA2702,2355.0,898.0,2954.0,-0.08662420382165603
20260625,MA2703,2338.0,861.0,2387.0,-0.05132591958939248
20260625,MA2704,2328.0,204.0,493.0,0.0
20260625,MA2705,2328.0,4851.0,5115.0,0.06701030927835028
20260625,MA2706,2341.0,59.0,104.0,0.0
20260626,MA2607,2495.0,2309.0,5218.0,-0.09619238476953917
20260626,MA2608,2475.0,54157.0,39185.0,-0.21818181818181825
20260626,MA2609,2430.0,1064210.0,699792.0,-0.2024691358024686
20260626,MA2610,2389.0,284445.0,118626.0,-0.07032231059020555
20260626,MA2611,2375.0,88553.0,65910.0,0.0707368421052621
20260626,MA2612,2389.0,2263.0,6270.0,-0.0007336998697212404
20260626,MA2701,2376.0,105351.0,185183.0,-0.09595959595959602
20260626,MA2702,2357.0,262.0,2912.0,-0.09673313534153527
20260626,MA2703,2338.0,380.0,2316.0,-0.04619332763045403
20260626,MA2704,2329.0,180.0,464.0,-0.015457277801631975
20260626,MA2705,2326.0,3045.0,5345.0,0.12897678417884695
20260626,MA2706,2351.0,60.0,125.0,0.0
