时间,MA5,MA10,MA20,MA60,EMA20,ATR14,RSI14,MACD,MACD_SIGNAL,MACD_HIST,BOLL_UP,BOLL_LOW,BOLL_MID,BOLL_WIDTH,KDJ_K,KDJ_D,KDJ_J,WILLIAMS_R14,CCI20,STOCH_RSI,VOL_MA20,OBV,OI_MA20,OI_CHANGE,OI_CHANGE_PCT
2019-04-30,8840.0,8840.0,8840.0,8840.0,8840.0,300.0,0.0,0.0,0.0,0.0,8840.0,8840.0,8840.0,0.0,40.0,40.0,40.0,-60.0,0.0,0.0,367714.0,0,20559.0,0.0,0.0
2019-05-06,8752.5,8752.5,8752.5,8752.5,8823.333333333334,290.0,0.0,-13.960113960112722,-2.7920227920225447,-11.168091168090177,8999.987373415292,8505.012626584708,8752.5,494.9747468305832,30.41666666666667,36.80555555555556,17.6388888888889,-88.75,-35.35533905932762,0.0,271158.0,-174602,24600.5,8083.0,39.316114597013474
2019-05-07,8706.666666666666,8706.666666666666,8706.666666666666,8706.666666666666,8803.492063492064,251.66666666666663,0.0,-28.727039553248687,-7.979026144267774,-20.748013408980917,8942.957447979295,8470.375885354037,8706.666666666666,472.5815626252588,25.19005847953217,32.9337231968811,9.7027290448343,-85.26315789473684,-47.72583395084942,0.0,231051.3333333333,-325440,28217.666666666668,6810.0,23.776272606661557
2019-05-08,8688.75,8688.75,8688.75,8688.75,8787.445200302343,217.5,8.16326530612244,-38.37375288629664,-14.057971492673548,-24.31578139362309,8894.561402340427,8482.938597659573,8688.75,411.6228046808537,23.109161793372323,29.658869395711505,10.009746588693956,-81.05263157894737,-32.4454655463244,100.0,202593.75,-208219,30158.75,530.0,1.4949791267065304
2019-05-09,8675.0,8675.0,8675.0,8675.0,8771.498038368787,196.0,7.692307692307679,-46.69099264425313,-20.584575722989463,-26.106416921263666,8863.547076349647,8486.452923650353,8675.0,377.0941526992938,20.66926575698505,26.66233484946936,8.683127572016453,-84.21052631578948,-34.37739663390784,94.23076923076916,182377.2,-309730,31198.0,-627.0,-1.7425379356344806
2019-05-10,8641.0,8674.166666666666,8674.166666666666,8674.166666666666,8761.831558524142,185.0,22.58064516129032,-48.6866535071058,-26.20499127981273,-22.48166222729307,8842.857705748967,8505.475627584365,8674.166666666666,337.3820781646027,22.551440329218103,25.292036676052277,17.07024763554977,-73.6842105263158,-8.562915468053,100.0,167686.5,-215497,31462.166666666668,-2572.0,-7.27478433036346
2019-05-13,8731.0,8737.142857142857,8737.142857142857,8737.142857142857,8795.466648188509,222.14285714285717,68.21192052980132,-14.196796308402554,-23.803352285530696,9.606555977128142,9104.24216899444,8370.043545291275,8737.142857142857,734.1986237031633,48.3676268861454,32.98390007941665,79.13508049960292,-0.0,88.80511888541615,100.0,187836.42857142855,93239,34386.28571428572,19148.0,58.40832138608425
2019-05-14,8909.0,8833.125,8833.125,8833.125,8863.041253122936,251.875,79.03930131004367,44.09806954594569,-10.22306791923542,54.32113746518111,9473.681398765948,8192.568601234052,8833.125,1281.112797531896,63.31304575581214,43.09361530488181,103.7519066576728,-6.796116504854369,110.06939956971404,100.0,242004.25,714418,35646.625,-7462.0,-14.369066646126594
2019-05-15,9114.0,8925.0,8925.0,8925.0,8938.942086158848,277.22222222222223,81.53846153846153,101.6328155053834,12.148108765688349,89.48470673969506,9739.186710773396,8110.813289226605,8925.0,1628.3734215467912,70.36526282710709,52.1841644789569,106.72745952340748,-15.530303030303031,98.66012853078897,100.0,281795.44444444444,1314543,37888.22222222222,11352.0,25.527895837549757
2019-05-16,9333.0,9004.0,9004.0,9004.0,9012.852363667527,276.5,82.28782287822878,149.93915133679002,39.70631727990869,110.23283405688132,9919.90635135064,8088.093648649358,9004.0,1831.8127027012824,75.90645774595242,60.09159556795541,107.53618210194644,-13.011152416356875,85.90837343494563,100.0,319146.0,1969844,40516.1,8346.0,14.95136239049819
2019-05-17,9550.0,9095.5,9072.272727272728,9072.272727272728,9083.533090937288,266.8181818181818,82.79569892473118,189.26817056268555,69.61868793646407,119.64948262622148,10052.113159551,8092.432294994455,9072.272727272728,1959.680864556546,80.59191359023842,66.92503490871641,107.92567095328243,-10.037174721189592,71.00581079951048,100.0,327972.45454545453,2386081,42301.454545454544,-4012.0,-6.252435052285444
2019-05-20,9678.0,9204.5,9129.166666666666,9129.166666666666,9147.482320371832,266.25,82.79569892473118,217.9246024853928,99.27987084624982,118.644731639143,10143.15817939189,8115.175153941443,9129.166666666666,2027.983025450448,83.06626948462835,72.30544643402038,104.58791558584429,-11.67883211678832,66.61490871037283,100.0,335891.5,2386081,43843.083333333336,646.0,1.0738924445183209
2019-05-21,9745.0,9327.0,9183.846153846154,9183.846153846154,9213.436385098325,261.53846153846155,83.78378378378379,244.67337846488957,128.35857236997776,116.31480609491176,10231.6864235291,8136.005884163208,9183.846153846154,2095.6805393658933,86.8381871470556,77.14969333836545,106.21517476443594,-5.474452554744525,63.05542840661706,100.0,339099.4615384616,2763676,45127.0,-267.0,-0.4391375141856168
2019-05-22,9874.0,9494.0,9263.92857142857,9263.92857142857,9317.394824612767,279.6428571428572,87.66066838046272,299.936113167174,162.674080529417,137.26203263775696,10435.529570531464,8092.327572325677,9263.92857142857,2343.2019982057877,91.22545809803708,81.84161492492265,109.99314444426597,-0.0,80.68197784236082,100.0,377830.8571428572,3645015,47216.71428571428,13849.0,22.87805200383255
2019-05-23,10001.0,9667.0,9336.333333333334,9336.333333333334,9415.738174649648,269.6428571428572,87.93969849246231,343.40479576107464,198.8202235757485,144.58457218532612,10596.948073771317,8075.718592895351,9336.333333333334,2521.229480875965,92.90866260977066,85.53063081987199,107.664726189568,-3.475935828877005,84.94357148732632,100.0,392077.13333333336,4236540,49345.46666666667,4765.0,6.406033636718078
2019-05-24,10194.0,9872.0,9422.8125,9422.8125,9539.953586587775,285.35714285714283,97.02517162471396,403.0636804627229,239.66891495314343,163.39476550957949,10823.469339962356,8022.155660037644,9422.8125,2801.313679924712,95.06475742001324,88.70867301991908,107.77692622020156,-0.4576659038901602,88.30450523044561,100.0,407682.875,4878309,51850.6875,10281.0,12.98958912417243
2019-05-27,10355.0,10016.5,9489.70588235294,9489.70588235294,9637.100864055608,305.35714285714283,92.37472766884532,432.448120836234,278.22475612976154,154.22336470647247,10953.77756172965,8025.634202976231,9489.70588235294,2928.1433587534198,88.64532215097658,88.68755606360492,88.5608543257199,-15.92356687898089,83.90828942195341,94.794251800337,435966.4705882353,3989805,53382.76470588235,-11533.0,-12.89626407541178
2019-05-28,10468.0,10106.5,9540.555555555557,9540.555555555557,9710.234115097932,325.35714285714283,86.41975308641975,438.1772622019616,310.2152573442016,127.96200485776006,11025.003913735984,8056.107197375125,9540.555555555557,2968.8967163608604,78.99548726414915,85.45686646378633,66.07272886487479,-22.505307855626327,64.66734430811978,88.12820045003951,468730.0,2964095,54382.27777777778,-6522.0,-8.372702064290849
2019-05-29,10517.0,10195.5,9593.684210526317,9593.684210526317,9790.211818421938,335.35714285714283,87.6953125,449.2393842155452,338.02008271847035,111.21930149707488,11108.83672248771,8078.531698564921,9593.684210526317,3030.3050239227887,76.20055385039969,82.37142892599078,63.8588036992175,-16.630669546436284,64.16068420190946,87.46736722235994,472685.8947368421,3507987,55952.68421052631,12846.0,17.9981505870485
2019-05-30,10553.0,10277.0,9640.5,9640.5,9860.667835715089,352.85714285714283,86.7588932806324,451.1913101895425,360.6543282126848,90.5369819768577,11173.535859779027,8107.464140220973,9640.5,3066.0717195580546,73.58682756693312,79.44322847297155,61.87402575485626,-17.880794701986755,61.12525225880377,64.36959400984014,480132.4,2886371,57134.05,-4640.0,-5.509380194728097
2019-05-31,10506.0,10350.0,9722.75,9680.714285714286,9920.12804183746,338.92857142857144,82.15962441314554,443.9890720188632,377.3212769739205,66.66779504494275,11251.459379974183,8194.040620025817,9722.75,3057.418759948366,70.24546939010116,76.37730877868142,57.98179061294064,-24.861878453038678,50.71736771712348,17.34874681352926,484449.1,2432323,59893.05,-3841.0,-4.826589595375719
2019-06-03,10413.0,10384.0,9794.25,9699.545454545454,9936.782514043416,346.07142857142856,63.84976525821596,402.17547718976857,382.29211701709016,19.883360172678408,11246.508766995672,8341.991233004328,9794.25,2904.517533991344,55.70949778845173,69.48803844860485,28.152416468145475,-54.193548387096776,30.188666345334795,0.0,502034.7,1906009,61978.25,-5393.0,-7.120505948058464
2019-06-04,10362.0,10415.0,9871.0,9719.130434782608,9957.088941277376,328.57142857142856,62.06896551724138,369.2198062873158,379.6776548711353,-10.457848583819498,11219.38148592264,8522.61851407736,9871.0,2696.762971845281,43.77231825352565,60.91613171691179,9.484691326753364,-59.6958174904943,18.14523096023465,0.0,514011.2,2296377,63662.1,-1217.0,-1.7300201859380748
2019-06-05,10272.0,10394.5,9944.25,9735.0,9970.699518298576,323.2142857142857,59.50617283950618,335.2035990983604,370.7828437165804,-35.579244618219946,11162.839672315373,8725.660327684629,9944.25,2437.179344630742,34.11351829146608,51.98192724176322,-1.6232996091282104,-63.74045801526717,14.82230522941492,0.0,522384.65,2011687,65274.75,-894.0,-1.293234387883524
2019-06-06,10116.0,10334.5,10000.75,9735.6,9949.680516555856,345.0,49.892933618843685,276.812512564582,351.9887774861807,-75.17626492159872,11054.446625669538,8947.053374330462,10000.75,2107.3932513390755,25.9230071052522,43.29562052959288,-8.822219743429173,-90.45801526717555,-16.868337995252716,0.0,539185.85,1574152,66497.25,-8430.0,-12.354363596394812
2019-06-10,9982.0,10244.0,10058.0,9738.653846153846,9936.853800693394,346.7857142857143,51.24999999999999,233.09513693197005,328.2100493753386,-95.11491244336857,10912.938594286165,9203.061405713835,10058.0,1709.8771885723254,23.42235561402778,36.67119889107119,-3.0753309400590325,-84.21052631578948,-29.91793683422848,2.8792742262467708,548751.5,1859698,68075.3,4539.0,7.589666415851526
2019-06-11,9955.0,10184.0,10100.25,9746.851851851852,9939.058200627358,345.35714285714283,52.4390243902439,207.75422853682176,304.1188852076353,-96.36465667081352,10833.88173753307,9366.61826246693,10100.25,1467.2634750661382,25.995020701749517,33.11247282796396,11.76011644932062,-73.30827067669173,-22.047953247597373,5.402015433858886,546725.25,2127909,68607.15,-1776.0,-2.7601641178664704
2019-06-12,9888.0,10125.0,10115.75,9749.285714285714,9927.243133900944,324.2857142857143,38.55140186915889,173.96571935501925,278.08825203711206,-104.1225326820928,10808.38246880442,9423.11753119558,10115.75,1385.2649376088375,23.470364678359324,29.89843677809575,10.61422047888648,-84.21052631578948,-40.97374456121608,0.0,527378.1,1893673,69401.05,-2221.0,-3.549737885180926
2019-06-13,9929.0,10100.5,10148.0,9768.448275862069,9963.219978291329,347.85714285714283,49.12959381044488,184.59904441935944,259.3904105135616,-74.79136609420215,10810.701012206067,9485.298987793933,10148.0,1325.4020244121348,39.3355730681448,33.04414887477876,51.918421454876864,-47.36842105263158,3.1386571353284,18.09049080554798,521688.45,2380005,70526.35,17980.0,29.794355974613485
2019-06-14,10025.0,10070.5,10173.75,9783.833333333334,9988.62759940644,341.42857142857144,39.30131004366813,184.84339830829776,244.4810080725088,-59.63760976421105,10804.879939077524,9542.620060922476,10173.75,1262.2598781550478,48.038724104766686,38.04234061810807,68.03149107808392,-53.00751879699248,23.27218949954134,1.3932772889214622,512800.8,1902457,70350.1,-17685.0,-22.578421234057224
2019-06-17,10150.0,10066.0,10208.0,9805.0,10031.615447082017,331.42857142857144,47.43589743589743,199.6805029414136,235.52090704628975,-35.8404041048762,10817.420777632768,9598.579222367232,10208.0,1218.8415552655351,61.479078856440566,45.85458669755224,92.72806317421724,-26.75438596491228,24.64300198286533,18.07852784341286,505591.55,2174509,70891.0,10331.0,17.03604762375912
2019-06-18,10182.0,10068.5,10226.25,9814.84375,10040.033023550395,330.0,44.311377245508986,183.5023883042104,225.1172032978739,-41.61481499366352,10799.32917153052,9653.17082846948,10226.25,1146.1583430610372,59.15183740341188,50.28700359950545,76.88150501122472,-54.82456140350877,0.1931765411578581,11.72062886817828,505629.75,1750744,71051.6,-6960.0,-9.806546151353334
2019-06-19,10264.0,10076.0,10245.5,9827.272727272728,10057.648926069403,326.42857142857144,43.4077079107505,177.11210033142743,215.51618270458465,-38.40408237315722,10789.054577708042,9701.945422291958,10245.5,1087.1091554160848,61.30404680509645,53.95935133470245,75.99343774588445,-45.6140350877193,-3.5793252502052875,10.073758039265655,501692.1,2049586,71059.65,-3318.0,-5.183322137690782
2019-06-20,10257.0,10093.0,10243.75,9840.29411764706,10077.87283787232,313.2142857142857,44.77911646586346,173.67683653130734,207.1483134699292,-33.47147693862186,10786.723053513804,9700.776946486196,10243.75,1085.9461070276084,64.32615466018775,57.41495244319755,78.14855909416818,-32.48730964467005,6.155913766592394,14.281055804149814,467206.9,2241221,70152.7,-4451.0,-7.333388252739104
2019-06-21,10306.0,10165.5,10250.0,9858.42857142857,10115.69447236067,312.85714285714283,49.81132075471699,185.3594436790063,202.79053951174464,-17.43109583273835,10800.941777418688,9699.058222581312,10250.0,1101.8835548373754,73.13101668703875,62.65364052447795,94.08576901216034,-8.900523560209423,33.84703987517998,44.50848741633868,451440.2,2517412,69569.9,11248.0,19.9985776260579
2019-06-24,10306.0,10228.0,10236.0,9874.583333333334,10146.580713088226,288.57142857142856,57.51633986928105,189.6081023425395,200.15405207790363,-10.545949735364132,10749.620789872715,9722.379210127285,10236.0,1027.241579745434,76.53178890247028,67.27968998380874,95.03598673979336,-14.35897435897436,42.22599997095334,80.64159316804259,427867.1,2347105,68213.9,-5183.0,-7.67942867302791
2019-06-25,10361.0,10271.5,10227.75,9888.648648648648,10170.23969279411,283.57142857142856,55.36105032822757,187.18630383285927,197.5605024288948,-10.374198596035512,10724.481156769196,9731.018843230804,10227.75,993.4623135383918,75.9070373505053,70.15547243937425,87.41016717276742,-18.97435897435897,34.081849954140324,80.21871717355302,390036.6,2215211,67229.05,-4110.0,-6.596157858415319
2019-06-26,10399.0,10331.5,10228.25,9902.5,10193.55019824229,278.57142857142856,56.98447893569844,184.75114769185168,194.99863148148617,-10.247483789634517,10725.751917478452,9730.748082521548,10228.25,995.003834956904,73.04693579142598,71.11929355672483,76.90222026082827,-16.923076923076923,35.244041920461065,97.19555669742142,343721.5,2314619,66538.75,-631.0,-1.0842110689187057
2019-06-27,10446.0,10351.5,10226.0,9917.94871794872,10223.212084123978,266.7857142857143,68.92230576441102,187.9173228213549,193.58236974945996,-5.665046928105028,10717.748759129356,9734.251240870644,10226.0,983.497518258715,72.58684608317287,71.60847773220752,74.54358278510358,-15.88785046728972,60.8838657713608,100.0,328736.2,2558805,65488.4,5645.0,9.805794886047805
2019-06-28,10418.0,10362.0,10216.25,9928.375,10233.858552302649,268.57142857142856,62.38095238095238,174.69518284793048,189.80493236915407,-15.109749521223591,10690.024041189748,9742.475958810252,10216.25,947.5480823794932,62.835675166559696,68.6842102103249,51.13860507902928,-36.36363636363637,42.83626399897759,78.4617757640027,305308.2,2405749,64173.1,-9939.0,-15.723031654881115
2019-07-01,10387.0,10346.5,10206.25,9937.073170731708,10238.72916636906,269.2857142857143,58.10473815461346,158.35652408985516,183.51525071329428,-25.15872662343912,10664.322333980012,9748.177666019988,10206.25,916.1446679600232,52.21493388685101,63.19445143583361,30.25589878888583,-41.711229946524064,17.049846148614897,64.38180553628942,288065.55,2296554,63071.15,426.0,0.7996395990539584
2019-07-02,10376.0,10368.5,10218.5,9946.666666666666,10248.374007667246,268.57142857142856,63.70757180156657,148.1384122527361,176.43988302118265,-28.301470768446563,10677.14904596916,9759.85095403084,10218.5,917.2980919383226,46.668930283541705,57.68594438506964,24.634902080485844,-40.60606060606061,16.978130691560317,82.3951429181947,267806.85,2417694,62108.95,-2598.0,-4.837988826815643
2019-07-03,10359.0,10379.0,10227.5,9955.581395348838,10256.147911698936,248.57142857142856,50.87108013937283,137.6468612435674,168.68127866565962,-31.03441742209222,10687.551484533038,9767.448515466962,10227.5,920.1029690660762,42.33056890697653,52.567485892371934,21.856734936185703,-57.5,24.710811767339617,39.059355751510616,254174.85,2299966,61126.3,-1626.0,-3.1818715510156137
2019-07-04,10334.0,10390.0,10241.5,9965.227272727272,10267.94334867999,227.8571428571429,55.319148936170215,131.84696388602788,161.31441570973328,-29.467451823705403,10702.255672209994,9780.744327790006,10241.5,921.5113444199887,42.6434561943946,49.25947599304616,29.41141659709149,-49.16666666666666,30.5308693922754,46.68480802142373,245416.45,2409488,60216.95,572.0,1.1561160966933492
2019-07-05,10330.0,10374.0,10269.75,9973.0,10272.424934519991,219.28571428571428,45.059288537549406,120.61517007158908,153.17456658210446,-32.55939651051537,10668.768202988022,9870.731797011978,10269.75,798.0364059760432,38.68538105267333,45.73477767958855,24.586587798842885,-60.0,13.79193393170236,6.473081160328596,228208.7,2316108,59556.0,-3462.0,-6.917359335038364
2019-07-08,10384.0,10385.5,10306.75,9985.652173913044,10299.336845518088,210.3571428571429,68.35443037974684,129.58609890561638,148.45687304680683,-18.87077414119045,10663.18372455479,9950.31627544521,10306.75,712.8674491095808,51.43127967614119,47.63361167843942,59.02661567154473,-21.238938053097343,53.812629264768816,97.7743118354393,220524.45,2447969,59092.35,8485.0,18.21362641136821
2019-07-09,10414.0,10395.0,10333.25,9996.382978723404,10317.49524118303,211.78571428571428,61.57205240174673,129.9526545572826,144.756029348902,-14.803374791619405,10658.588285481435,10007.911714518565,10333.25,650.6765709628708,55.76187875845309,50.34303403844398,66.59956819847132,-35.57692307692308,62.58942647783985,69.5555824387026,212716.7,2335913,58456.8,-5214.0,-9.467777959361555
2019-07-10,10429.0,10394.0,10362.75,10004.895833333334,10325.829027737029,216.42857142857144,55.69620253164557,121.97827332075576,140.20047814327273,-18.22220482251697,10578.899923603234,10146.600076396766,10362.75,432.29984720646826,54.181388560057165,51.62248554564837,59.29919458887474,-51.92307692307692,17.617063136513817,44.57489131811306,207409.05,2207830,57843.2,-1782.0,-3.574222275708528
2019-07-11,10436.0,10385.0,10368.25,10013.265306122448,10334.321501285884,211.42857142857144,46.96969696969697,115.13819373862498,135.1880212623432,-20.04982752371822,10583.809858581277,10152.690141418723,10368.25,431.11971716254993,53.808000536636754,52.3509905426445,56.72202052462124,-50.0,11.519012609504182,8.005728755863673,187404.5,2294071,56256.2,-1488.0,-3.095163806552259
2019-07-12,10470.0,10400.0,10381.0,10022.7,10348.671834496752,210.0,52.19512195121951,114.05108644506436,130.96063429888744,-16.909547853823085,10592.25190749684,10169.74809250316,10381.0,422.5038149936772,58.32097994959457,54.34098701162786,66.280965825528,-36.53846153846154,43.44643421379538,29.90331585411417,169088.5,2405299,55676.95,2470.0,5.301908257668453
2019-07-15,10453.0,10418.5,10382.5,10031.470588235294,10360.226897878014,213.2142857142857,53.76884422110553,110.70305552908212,126.90911854492636,-16.20606301584425,10595.93062474478,10169.06937525522,10382.5,426.8612494895606,58.48849643698462,55.72349015341344,64.01850900412695,-39.42307692307692,61.52764057277282,36.49813265755907,160838.25,2298252,54495.4,-1715.0,-3.495933302077181
2019-07-16,10463.0,10438.5,10403.5,10041.25,10377.348145699154,217.14285714285717,55.98086124401914,112.402426685745,124.00778017309013,-11.6053534873451,10589.003582033794,10217.996417966206,10403.5,371.0071640675888,64.09037017367602,58.51245016016763,75.24621020069279,-25.96153846153846,50.51811019351872,45.767777823903046,142964.5,2364542,53731.5,1393.0,2.942418993705376
2019-07-17,10476.0,10452.5,10415.75,10049.33962264151,10386.172131823045,213.92857142857144,48.29268292682927,106.868857914631,120.57999572139828,-13.711137806767285,10583.090654763992,10248.409345236008,10415.75,334.68130952798674,60.27077309824016,59.098557806191806,62.61520368233684,-41.66666666666666,73.86923380828186,13.880123208448593,133800.45,2248981,53179.1,912.0,1.871345029239757
2019-07-18,10465.0,10450.5,10420.25,10055.092592592591,10383.679547839896,202.14285714285717,51.29533678756477,92.54063328866503,114.97212323485164,-22.4314899461866,10575.49089938578,10265.00910061422,10420.25,310.4817987715578,48.13506085337223,55.44405882191862,33.51706491627945,-62.03703703703704,-16.36538764286094,26.769737193526,128089.35,2171568,52687.2,-3241.0,-6.528088303422164
2019-07-19,10437.0,10453.5,10413.75,10060.363636363636,10379.995781378952,200.0,53.2258064516129,79.0636409658855,107.7904267810584,-28.72678581517292,10570.220108125615,10257.279891874385,10413.75,312.94021625123423,40.86197039347623,50.58336267910449,21.419185822219703,-64.81481481481481,-59.868701164782266,35.05674260059856,118377.35,2089617,51520.75,-2243.0,-4.833426712063094
2019-07-22,10406.0,10429.5,10407.5,10064.910714285714,10373.80570696191,198.92857142857144,48.61878453038674,65.21057130027657,99.27445568490204,-34.06388438462548,10569.445409905542,10245.554590094458,10407.5,323.890819811084,35.73804562179461,45.6349236600012,15.944289545381436,-74.50980392156863,-66.60685299470546,15.27999278540373,113227.1,2022315,50625.35,238.0,0.5389126644476105
2019-07-23,10341.0,10402.0,10398.5,10067.543859649122,10358.681353917918,194.28571428571428,44.22110552763819,45.63667829958467,88.54690020783859,-42.91022190825392,10581.949405042717,10215.050594957283,10398.5,366.898810085433,26.682506605005933,39.31745130833612,1.412617198345572,-91.42857142857144,-89.22695234297126,0.0,110636.0,1942243,50119.5,3681.0,8.290353820859897
2019-07-24,10274.0,10375.0,10384.5,10068.706896551725,10337.378367830495,201.42857142857144,38.04878048780488,23.399164657452275,75.51735309776133,-52.118188440309055,10602.188817013255,10166.811182986745,10384.5,435.377634026514,24.455004403337288,34.36330234000317,4.63840853000552,-80.0,-120.8663399485946,0.0,111104.2,1833471,49678.05,657.0,1.3664157065014004
2019-07-25,10222.0,10343.5,10364.25,10069.237288135591,10314.770904227593,193.57142857142856,39.19597989949749,2.9179312950127496,60.99746873721162,-58.07953744219887,10608.473258515643,10120.026741484357,10364.25,488.44651703129057,21.303336268891528,30.00998031629929,3.890048174076,-85.0,-105.27455562397137,3.7854308215896153,101074.75,1789874,48866.7,-1753.0,-3.5967090010053604
2019-07-26,10199.0,10318.0,10359.0,10071.916666666666,10306.697484777344,190.7142857142857,31.63841807909604,-2.7915014680947934,48.239674696150345,-51.03117616424514,10610.283023490918,10107.716976509082,10359.0,502.5660469818358,25.39270036973721,28.4708870007786,19.236327107654414,-66.42857142857143,-71.94096512955775,0.0,97110.05,1863636,48413.65,-2773.0,-5.901757970459287
2019-07-29,10177.0,10291.5,10355.0,10094.666666666666,10297.012010036646,183.2142857142857,33.13609467455622,-9.227193787133729,36.74630099949353,-45.973494786627256,10613.680864142836,10096.319135857164,10355.0,517.3617282856721,26.92846691315814,27.95674697157177,24.87190679633088,-70.0,-52.254298088127705,6.15253195956228,93682.45,1822993,47849.0,-1806.0,-4.084771447311875
2019-07-30,10190.0,10265.5,10352.0,10121.583333333334,10295.391818604585,175.35714285714286,42.51497005988024,-8.18134368054416,27.76077206348599,-35.94211574403015,10612.796351282192,10091.203648717808,10352.0,521.5927025643869,37.53994014141814,31.151144694853897,50.31753103454663,-59.285714285714285,-30.664305268189317,44.6814311410494,90266.6,1875816,47376.45,-756.0,-1.782724550192183
2019-07-31,10218.0,10246.0,10349.25,10149.25,10293.449740642243,170.0,41.56626506024096,-7.667571161928208,20.675103418403157,-28.34267458033136,10612.174343730883,10086.325656269117,10349.25,525.8486874617665,48.95825069256936,37.08684669409239,72.70105868952331,-60.0,-20.80833729389652,40.78410254008816,86066.3,1842094,46851.4,-2676.0,-6.42481573071475
2019-08-01,10224.0,10223.0,10336.75,10174.166666666666,10277.883098676317,167.5,30.38674033149171,-18.7446146739876,12.791159799925005,-31.535774473912603,10616.736371848796,10056.763628151204,10336.75,559.9727436975918,44.32714548335793,39.50027962384757,53.98087720237866,-80.71428571428571,-55.47035591912302,0.0,83218.05,1789537,46389.95,1844.0,4.731237973059654
2019-08-02,10215.0,10207.0,10330.25,10200.25,10269.03708927857,163.57142857142858,34.920634920634924,-22.82213178829261,5.668501482281482,-28.49063327057409,10618.282801494624,10042.217198505376,10330.25,576.0656029892489,47.90891824494393,42.30315916421302,59.120436406405744,-72.85714285714286,-60.20805463757285,17.71459392818619,80994.85,1838453,45979.45,-2443.0,-5.98495798525197
2019-08-05,10199.0,10188.0,10308.75,10224.5,10255.31927125204,167.85714285714286,27.807486631016047,-30.54301121643948,-1.5738010574627106,-28.96921015897677,10590.266102185067,10027.233897814933,10308.75,563.0322043701344,44.499665303392575,43.03532787727288,47.42834015563196,-81.42857142857143,-57.08000272232046,0.0,77530.0,1775889,45214.0,1386.0,3.611632270168852
2019-08-06,10275.0,10232.5,10317.25,10250.25,10293.86029303756,187.14285714285717,56.785714285714285,6.433997906422519,0.0277587353143353,6.406239171108184,10630.307502705176,10004.192497294824,10317.25,626.1150054103491,62.99977686892838,49.69014420782471,89.6190421911357,-0.0,67.66081359012053,100.0,81507.85,1967502,45900.05,23816.0,59.89638348171622
2019-08-07,10359.0,10288.5,10331.75,10270.083333333334,10332.064074653032,196.78571428571428,62.64150943396226,38.123289978108005,7.646864983873069,30.476424994234936,10686.065871563927,9977.434128436073,10331.75,708.6317431278549,69.91651791261891,56.43226877608944,96.88501618567784,-15.662650602409638,112.22638282740212,100.0,84819.1,2161810,46334.65,-6811.0,-10.712825191103835
2019-08-08,10489.0,10356.5,10350.0,10288.75,10374.72463897179,207.14285714285717,65.59139784946237,69.29725624534876,19.97694323616821,49.32031300918055,10756.176005407042,9943.823994592958,10350.0,812.3520108140838,73.93341631333064,62.26598462183651,97.2682796963189,-17.36842105263158,114.9298280371006,100.0,89646.2,2344593,47126.1,5649.0,9.951204044603369
2019-08-09,10609.0,10412.0,10365.0,10306.583333333334,10413.798482879238,213.92857142857144,67.15328467153284,93.33045196759848,34.64764498245427,58.68280698514423,10812.248900442884,9917.751099557116,10365.0,894.4978008857652,76.79349794294902,67.10848906220735,96.16351570443234,-16.842105263157894,91.52616463370336,100.0,91233.55,2487568,47618.2,-3517.0,-5.634773135093562
2019-08-12,10730.0,10464.5,10378.0,10322.833333333334,10443.912913081214,224.64285714285717,69.43396226415095,106.70881953383105,49.059879892729626,57.64893964110142,10852.390467641872,9903.609532358128,10378.0,948.780935283743,75.25064811316875,69.82254207919448,86.1068601811173,-26.86567164179105,93.9387820327644,100.0,93386.5,2337462,48380.65,3692.0,6.268357697074656
2019-08-13,10727.0,10501.0,10383.25,10337.666666666666,10463.064064216336,220.3571428571429,69.17293233082707,109.19376484032546,61.0866568822488,48.10710795807666,10867.41259774236,9899.08740225764,10383.25,968.325195484722,71.3011193606692,70.31540117301938,73.27255573596887,-36.41025641025641,60.66798385165984,99.37292329135808,94844.0,2242022,48832.3,-4823.0,-7.70558067453787
2019-08-14,10702.0,10530.5,10388.25,10349.833333333334,10473.248439052875,224.28571428571428,67.15328467153284,103.91337993982415,69.65200149376388,34.26137844606028,10878.215358603626,9898.284641396374,10388.25,979.9307172072512,66.0907806047073,68.90719431691535,60.45795318029121,-44.1025641025641,39.173289768377415,94.52108890332606,93284.65,2157648,48977.3,-5221.0,-9.03787564049301
2019-08-15,10676.0,10582.5,10402.75,10355.583333333334,10490.081921047838,218.92857142857144,65.9090909090909,104.9738945626268,76.71638010753647,28.257514455090345,10906.17484935427,9899.32515064573,10402.75,1006.8496987085382,65.36636232753682,67.72691698712251,60.64525300836544,-36.08247422680412,43.777637925312014,91.53214077952296,91942.6,2208220,49160.15,-2484.0,-4.727196604944151
2019-08-16,10668.0,10638.5,10422.75,10362.166666666666,10514.359833328996,225.0,69.42446043165468,112.18684596724232,83.81047327947763,28.3763726877647,10947.831196728555,9897.668803271445,10422.75,1050.1623934571144,66.73126749979501,67.39503382468001,65.40373485002499,-26.288659793814432,66.23166259853677,99.97717358399493,93700.4,2325327,49704.8,4993.0,9.97343347382298
2019-08-19,10672.0,10701.0,10444.5,10362.666666666666,10536.80175396433,222.14285714285717,67.80303030303031,116.95839654388146,90.4400579323584,26.518338611523063,10986.55165805484,9902.44834194516,10444.5,1084.1033161096784,60.98582816484651,65.25863193806885,52.44022061840184,-25.77319587628866,61.49990509506534,96.08198403464549,93222.2,2383065,50350.05,2250.0,4.086748038360932
2019-08-20,10670.0,10698.5,10465.5,10363.916666666666,10546.15396787249,230.0,62.58741258741259,110.1901424766438,94.39007484121548,15.800067635428334,11002.6356782435,9928.3643217565,10465.5,1074.2713564869991,49.411427530773096,59.97623046897026,28.28182165437877,-37.628865979381445,40.25895047667619,83.55241568592352,92966.1,2308115,50525.0,-5725.0,-9.99022789934736
2019-08-21,10705.0,10703.5,10496.0,10369.583333333334,10565.091685217967,232.8571428571429,72.04301075268818,112.40657997408924,97.99337586779023,14.41320410629902,11023.302968939708,9968.697031060292,10496.0,1054.6059378794162,49.10256784879823,56.35167626224625,34.60435102190219,-26.288659793814432,35.92231747580692,100.0,90329.35,2364152,50588.05,-1581.0,-3.0650821038754605
2019-08-22,10718.0,10697.0,10526.75,10372.333333333334,10579.36866757816,230.3571428571429,69.34306569343066,110.46895601939104,100.4884918981104,9.980464121280631,11027.898943087675,10025.601056912325,10526.75,1002.2978861753508,46.8764593739463,53.19327063281294,34.24283685621302,-29.38144329896907,38.44819319511878,93.89643253275088,90434.45,2318453,50806.4,1353.0,2.7060000000000084
2019-08-23,10710.0,10689.0,10550.5,10375.25,10591.33355638024,221.42857142857144,71.96969696969697,106.89424829397832,101.769643177284,5.124605116694312,11037.249692509296,10063.750307490704,10550.5,973.4993850185928,50.57464441354874,52.32039522639154,47.083142787863125,-35.32934131736527,31.01713411208568,99.51948378829825,89315.25,2267075,51121.65,-835.0,-1.6260004284073035
2019-08-26,10679.0,10675.5,10570.0,10377.083333333334,10591.682741486884,202.8571428571429,46.36871508379889,94.10045451145923,100.23580544411904,-6.135350932659804,11028.923224859876,10111.076775140124,10570.0,917.8464497197529,42.412081782945535,49.017624078576205,29.200997191684195,-81.81818181818181,21.179992671264444,0.0,90844.45,2195848,51376.05,-3023.0,-5.984005700938278
2019-08-27,10691.0,10680.5,10590.75,10387.083333333334,10601.522480392896,195.3571428571429,50.0,90.9816650292978,98.3849773611548,-7.403312331857009,11031.637561749323,10149.862438250677,10590.75,881.7751234986463,45.71061862452779,47.91528892722674,41.30127801912988,-61.61616161616162,11.869433545467835,14.143659335517055,90639.1,2244564,51546.05,-2444.0,-5.145804821560162
2019-08-28,10668.0,10686.5,10608.5,10395.083333333334,10604.234625117382,182.5,42.02127659574467,82.31615571957991,95.17121303283984,-12.85505731325992,11023.69938140102,10193.30061859898,10608.5,830.3987628020404,41.24297651891597,45.69118479112315,32.3465599745016,-74.74747474747475,10.548743433993064,0.0,90903.7,2205550,51733.7,-2323.0,-5.156378326785194
2019-08-29,10677.0,10697.5,10640.0,10406.083333333334,10619.06942272525,175.35714285714286,48.82629107981221,84.95923354564547,93.12881713540096,-8.16958358975549,10993.33002315563,10286.66997684437,10640.0,706.6600463112591,52.36304254700218,47.91513737641616,61.25885288817423,-48.48484848484848,29.300606045895133,22.666960037995185,92000.55,2280044,52156.45,6546.0,15.320164763152968
2019-08-30,10682.0,10696.0,10667.25,10422.416666666666,10629.634239608558,167.14285714285714,50.0,83.66866222936369,91.23678615419352,-7.56812392482982,10949.803674453844,10384.696325546156,10667.25,565.107348907688,54.1575213224146,49.995932025082304,62.48069991707921,-40.0,35.99860026024904,26.576490760144804,92537.3,2220393,52566.55,-2696.0,-5.471445387019525
2019-09-02,10702.0,10690.5,10695.75,10437.083333333334,10635.85955012203,166.07142857142858,52.52525252525253,78.91201903593173,88.77183273054115,-9.859813694609414,10816.896931233803,10574.603068766197,10695.75,242.29386246760987,52.06745552949706,50.68643985988723,54.82948686871672,-49.333333333333336,-1.8437901620438768,34.98790534416372,91484.7,2178881,52718.45,-3778.0,-8.111125424019928
2019-09-03,10807.0,10749.0,10723.75,10458.083333333334,10691.491973919932,193.92857142857144,72.56944444444444,116.16636389536689,94.2507389635063,21.91562493186059,10986.365889205428,10461.134110794572,10723.75,525.2317784108564,68.04497035299804,56.47261669092416,91.18967767714578,-0.0,165.57964206674387,100.0,88641.95,2313639,52978.85,25986.0,60.71495327102803
2019-09-04,10976.0,10822.0,10762.75,10485.75,10766.111785927558,208.2142857142857,75.54179566563468,164.37228805708585,108.2750487822222,56.097239274863625,11188.431806047663,10337.068193952337,10762.75,851.363612095327,76.10765013824465,63.01762784003099,102.28769473467196,-7.766990291262136,181.9123396620208,100.0,89197.8,2519064,53641.65,1237.0,1.7983310557380785
2019-09-05,11067.0,10872.0,10784.5,10500.916666666666,10808.86304441065,223.57142857142856,63.20224719101124,179.5265330492348,122.52534563562472,57.00118741361005,11255.890998730576,10313.109001269424,10784.5,942.781997461152,73.06853051287507,66.36792873097902,86.46973407666718,-33.00970873786408,112.17547813664638,63.18807459724719,87976.5,2360707,53602.1,-8398.0,-11.993202233551836
2019-09-06,11085.0,10883.5,10786.25,10510.75,10809.92370684773,247.14285714285717,51.61290322580645,157.84365909095686,129.58900832669116,28.254650764265705,11257.908607581016,10314.591392418984,10786.25,943.3172151620312,58.25927924159309,63.66504556785037,47.44774658907852,-71.35922330097087,38.050335388600494,28.61419481620589,88588.7,2205488,53025.95,-14249.0,-23.12210953346856
2019-09-09,11091.0,10896.5,10786.0,10515.5,10801.835734766992,245.3571428571429,52.093023255813954,131.47851671235003,129.96691000382293,1.511606708527097,11257.789426712696,10314.210573287304,10786.0,943.5788534253916,43.35340838328428,56.89449983966168,16.271225470529487,-80.58252427184466,-9.707728569666756,30.046511627906987,86628.0,2094596,52168.15,-1941.0,-4.0970111448834885
2019-09-10,10992.0,10899.5,10790.0,10525.583333333334,10794.518045741564,239.64285714285717,49.50980392156863,109.32373545603696,125.83827509426574,-16.514539638228783,11258.098055404724,10321.901944595276,10790.0,936.1961108094474,32.80298147538102,48.86399371823479,0.6809569896734757,-80.58252427184466,-11.27192140517202,22.340129370343085,84955.9,2094596,51493.65,-1157.0,-2.546494992846926
2019-09-11,10783.0,10879.5,10783.0,10529.0,10759.802041385226,262.85714285714283,43.8177874186551,67.18738278563796,114.1080966325402,-46.92071384690223,11268.802645655946,10297.197354344054,10783.0,971.605291311891,24.464282732221225,40.730756722896935,-8.068665249130191,-92.21311475409836,-60.67186533057957,5.359436168529244,89228.45,1924771,51160.8,1612.0,3.640634174985325
2019-09-12,10614.0,10840.5,10769.0,10530.666666666666,10722.678037443777,267.1428571428572,42.88747346072186,28.622577898167947,97.01099288566576,-68.38841498749781,11286.07273233687,10251.92726766313,10769.0,1034.1454646737402,18.042855154814152,33.16812286686934,-12.20768026929622,-94.8,-81.53566100435125,2.584079510138782,92571.65,1807335,50790.05,-3242.0,-7.064719982567002
2019-09-16,10534.0,10809.5,10752.75,10529.75,10693.851557687229,268.92857142857144,46.18736383442266,2.0704079390598054,78.02287589634457,-75.95246795728477,11292.910551181434,10212.589448818566,10752.75,1080.3211023628685,16.80844431704591,27.714896683594866,-5.004460416051998,-85.66037735849056,-71.55846303929754,12.428468753696,91889.0,1910789,50101.05,-1372.0,-3.217032451697621
2019-09-17,10487.0,10789.0,10739.75,10530.583333333334,10674.437123621776,266.42857142857144,45.47461368653422,-13.172123031057708,59.78387611086412,-72.95599914192184,11292.556000043603,10186.943999956397,10739.75,1105.6120000872106,17.74651004784193,24.39210113834389,4.455327866838019,-80.37735849056604,-54.83481844707648,10.3021587571164,91764.3,1966033,49176.85,-2454.0,-5.945343541040804
2019-09-18,10443.0,10717.5,10733.25,10532.416666666666,10658.300254705417,269.6428571428572,47.17832957110609,-23.76758606427211,43.07358367583688,-66.841169740109,11294.238554156622,10172.261445843378,10733.25,1121.9771083132437,18.936949851016067,22.57371737590128,11.663414801245636,-79.24528301886792,-44.59925206149504,13.14023939452239,92126.15,2048220,48502.4,-730.0,-1.8803771057647745
2019-09-19,10458.0,10620.5,10721.25,10533.916666666666,10643.70023044776,275.35714285714283,43.884892086330936,-31.798019083864347,28.099263123896637,-59.89728220776098,11291.37348616215,10151.12651383785,10721.25,1140.2469723243012,21.56772266490502,22.238385805569195,20.22639638357667,-79.24528301886792,-53.15003370465354,3.054476584600525,96196.05,2048220,47991.15,1683.0,4.418250551296854
2019-09-20,10469.0,10541.5,10706.75,10532.583333333334,10622.871637071785,273.2142857142857,42.85714285714285,-44.10906467945642,13.65759756322602,-57.76666224268244,11292.090881340457,10121.409118659543,10706.75,1170.6817626809095,24.86235274434528,23.11304145182789,28.360975329380054,-85.28301886792453,-49.18924952101758,0.0,97219.2,1982058,47284.6,-2553.0,-6.418604651162796
2019-09-23,10436.0,10485.0,10684.25,10531.25,10587.836243064949,288.92857142857144,40.30837004405287,-66.81305693036484,-2.4365333354921503,-64.37652359487268,11303.487859239718,10065.012140760282,10684.25,1238.4757184794362,25.184173352742327,23.803418752132703,27.945682553961568,-86.95652173913044,-72.22187446102893,0.0,103114.35,1812777,46966.4,6932.0,18.62339476653592
2019-09-24,10396.0,10441.5,10669.0,10531.333333333334,10559.47088658257,261.07142857142856,23.87640449438201,-81.0476598969708,-18.15875864778788,-62.88890124918292,11312.05684450378,10025.94315549622,10669.0,1286.1136890075577,27.437597049976365,25.01481151808059,32.283168113767914,-84.61538461538461,-61.83726148131433,0.0,103314.5,1888007,46687.9,-2229.0,-5.048240250033976
2019-09-25,10353.0,10398.0,10648.75,10530.5,10533.806992622323,247.8571428571429,11.14754098360656,-91.27650655289472,-32.78230822880925,-58.49419832408547,11313.500645770751,9983.999354229249,10648.75,1329.5012915415027,33.17846275823667,27.736028598132616,44.06333107844478,-84.24657534246575,-58.13472575491775,0.0,104037.4,1888007,46474.5,-1142.0,-2.7239117471675622
2019-09-26,10319.0,10388.5,10634.0,10530.583333333334,10514.87299332496,232.5,16.412213740458014,-94.660628502088,-45.157972283465,-49.502656218623,11313.43165102978,9954.56834897022,10634.0,1358.863302059559,39.91832792296684,31.796795039744023,56.16139368941247,-76.98744769874477,-42.21008071240647,12.85776223577408,105587.6,1958025,46274.65,-2052.0,-5.031508226466908
2019-09-27,10298.0,10383.5,10612.0,10529.583333333334,10496.313660627346,215.0,23.11827956989248,-97.42983369302785,-55.61234456537757,-41.81748912765026,11302.65491421282,9921.34508578718,10612.0,1381.3098284256375,43.44069757971252,35.678095886400186,58.96590096633719,-67.0886075949367,-48.6042548568145,29.23579824192548,105888.7,1877509,45529.5,-4360.0,-11.257132529498335
2019-09-30,10297.0,10366.5,10588.0,10528.5,10472.855216758076,218.92857142857144,23.756906077348063,-104.0731729885738,-65.30451025001682,-38.76866273855697,11294.56619610174,9881.43380389826,10588.0,1413.1323922034826,41.25819968097339,37.53813048459126,48.69833807373766,-74.83443708609272,-44.71564240653513,32.86919000094669,106347.25,1808687,44833.4,-1715.0,-4.989671525413863
2019-10-08,10316.0,10356.0,10572.5,10525.666666666666,10464.488053257304,236.07142857142856,33.65384615384616,-97.32281861341836,-71.70817192269712,-25.61464669072123,11282.77422428539,9862.22577571461,10572.5,1420.5484485707784,49.84223621343243,41.63949906087164,66.24771051855399,-54.86111111111112,-27.671581423104964,62.46409266226247,108390.3,1891060,44320.3,-118.0,-0.3613424791768738
2019-10-09,10335.0,10344.0,10530.75,10523.916666666666,10456.917762470894,212.14285714285717,46.97986577181208,-90.9249874805937,-75.55153503427644,-15.37345244631726,11175.953150382233,9885.546849617767,10530.75,1290.4063007644654,55.56492723507179,46.28130845227169,74.132164800672,-36.89320388349515,-22.86551537958882,99.4491827487704,103632.45,1891060,42513.1,104.0,0.3196262831151264
2019-10-10,10345.0,10332.0,10476.25,10523.583333333334,10450.06845175938,207.5,51.0948905109489,-84.8762595277476,-77.41647993297067,-7.459779594776933,10945.873309293287,10006.626690706713,10476.25,939.2466185865742,59.38005458283136,50.64755716245824,76.84504942357762,-36.89320388349515,-16.90182536828647,100.0,95407.85,1891060,40686.15,842.0,2.5794988052202594
2019-10-11,10361.0,10329.5,10435.5,10523.333333333334,10445.300027782296,197.5,48.46153846153846,-77.97339563845162,-77.52786307406687,-0.4455325643847487,10751.542968431091,10119.457031568909,10435.5,632.0859368621859,60.68374946872302,53.99295459787983,74.0653392104094,-33.980582524271846,-20.10717902241921,93.40794300355768,90624.2,1953744,39244.8,-686.0,-2.0487396965715
2019-10-14,10409.0,10353.0,10419.0,10523.416666666666,10449.557167993506,200.7142857142857,50.0,-64.49709605978751,-74.921709671211,10.424613611423496,10680.223840291888,10157.776159708112,10419.0,522.4476805837767,69.14781610151155,59.04457509909041,89.35429810635384,-16.50485436893204,15.22844231127436,97.2591660675773,86399.7,2024473,38694.7,3576.0,10.903103847795602
2019-10-15,10432.0,10374.0,10407.75,10523.916666666666,10454.36124723222,201.07142857142856,49.624060150375946,-52.406011249611765,-70.41856998689116,18.01255873727939,10629.951307495325,10185.548692504675,10407.75,444.4026149906458,73.2303270134108,63.77315907053054,92.14466289917132,-15.384615384615383,41.548346184331,96.31807772486574,83658.4,2080539,38153.6,-1761.0,-4.841370209490292
2019-10-16,10447.0,10391.0,10394.5,10522.583333333334,10454.89827130534,190.0,46.80851063829788,-45.52660279434895,-65.44017654838272,19.913573754033777,10561.891756069406,10227.108243930594,10394.5,334.7835121388125,72.85122576087852,66.79918130064652,84.95531468134251,-23.07692307692308,48.30054323022274,89.269926732643,82495.05,2041808,37606.75,-1272.0,-3.6749198278103634
2019-10-17,10356.0,10350.5,10369.5,10513.583333333334,10404.907959752452,219.28571428571428,28.57142857142857,-81.89713345994824,-68.73156793069583,-13.165565529252405,10635.105564304427,10103.894435695573,10369.5,531.2111286088548,48.56748384058569,60.72194881395959,24.2585538938379,-100.0,-125.37514660857023,43.61713053301838,83832.75,1845229,38020.15,20817.0,62.43663957289822
2019-10-18,10278.0,10319.5,10351.5,10507.75,10367.297677871267,214.64285714285717,38.49765258215962,-103.0774964206339,-75.60075362868345,-27.476742791950457,10661.9682372092,10041.0317627908,10351.5,620.9364744184022,42.254865770267,54.566254466062055,17.632088378676897,-70.37037037037037,-145.4092655539559,68.46539738470764,88235.6,2050722,38459.3,-2727.0,-5.035267181210534
2019-10-21,10180.0,10294.5,10330.5,10502.0,10332.316946645433,219.28571428571428,36.05769230769231,-119.29484635939662,-84.33957217482609,-34.95527418457053,10676.269926548366,9984.730073451634,10330.5,691.5398530967323,37.63493108964303,48.922480007255714,15.05983325441764,-71.60493827160494,-104.87731945322804,62.35745704989954,88768.85,1936603,38834.65,-2648.0,-5.148645758394743
2019-10-22,10080.0,10256.0,10306.0,10496.75,10300.667713631585,215.0,36.05769230769231,-130.64126187997317,-93.59991011585552,-37.041351764117664,10672.973396425696,9939.026603574304,10306.0,733.9467928513914,34.5549746358937,44.13331155013505,15.398300807411005,-71.60493827160494,-92.06803162074468,56.64349005480824,88916.45,1936603,39302.65,-601.0,-1.2319865526925322
2019-10-23,10085.0,10266.0,10305.0,10501.25,10318.223169476196,238.57142857142856,55.06756756756757,-99.35265567096576,-94.75045922687757,-4.602196444088193,10669.79265920592,9940.20734079408,10305.0,729.5853184118387,52.46051807001967,46.90904705676326,63.56346009653248,-11.728395061728396,6.030209300104912,100.0,92411.25,2088686,40174.3,7343.0,15.240131169316353
2019-10-24,10224.0,10290.0,10311.0,10509.416666666666,10347.440010478462,238.2142857142857,59.50155763239876,-62.538475243158246,-88.3080624301337,25.769587186975457,10693.176591863526,9928.823408136474,10311.0,764.353183727053,66.64034538001312,53.48614649784655,92.94874314434624,-5.0,88.09624001008743,100.0,93739.25,2252681,40354.3,-12150.0,-21.882035119315624
2019-10-25,10355.0,10316.5,10323.0,10518.833333333334,10377.683819004324,232.5,63.17460317460318,-29.79188402201908,-76.60482674851077,46.8129427264917,10734.216424001304,9911.783575998696,10323.0,822.4328480026088,77.03163280343315,61.334641933042086,108.42561454421528,-2.185792349726776,85.08142915146973,100.0,95233.85,2348735,40650.9,-221.0,-0.5095100864553337
2019-10-28,10491.0,10335.5,10344.25,10526.333333333334,10406.475836242009,227.8571428571429,60.13745704467354,-2.599632962470423,-61.80378799130271,59.20415502883229,10783.630844274974,9904.869155725026,10344.25,878.7616885499483,82.30680282133639,68.32536222914018,110.2696840057288,-7.142857142857143,75.40284057542425,91.22292632176296,91321.95,2439778,40522.45,-1569.0,-3.635815915094776
2019-10-29,10624.0,10352.0,10363.0,10534.0,10431.09718517134,233.2142857142857,59.523809523809526,17.537881491163716,-45.93545409480943,63.473335585973146,10824.101655648845,9901.898344351155,10363.0,922.203311297686,84.40915567627047,73.68662671151695,105.85421360577752,-11.386138613861386,77.99849672203135,89.44954128440367,92065.85,2349670,40451.2,-1085.0,-2.609113863171819
2019-10-30,10661.0,10373.0,10382.0,10540.5,10453.84983420264,232.8571428571429,59.66101694915255,33.514134906503386,-30.045536294546867,63.55967120105025,10861.389963226293,9902.610036773707,10382.0,958.779926452582,85.97574074787669,77.7829980569702,102.36122612968968,-10.891089108910892,63.31136809574135,89.84605815580781,91228.05,2396088,40163.5,-5471.0,-13.508641975308644
2019-10-31,10666.0,10445.0,10397.75,10546.75,10472.530802373816,232.14285714285717,58.44594594594594,44.05377350933304,-15.225674333770888,59.27944784310393,10891.132258124042,9904.367741875958,10397.75,986.764516248084,85.7540719863434,80.4400227000946,96.38217055884098,-12.871287128712872,58.61662425651532,86.33461443094468,90408.05,2342470,39634.8,-6872.0,-19.61803077450113
2019-11-01,10679.0,10517.0,10418.25,10556.75,10497.051678338214,231.78571428571428,58.16326530612245,58.19105419805237,-0.5423286274062367,58.733382825458605,10931.69322701582,9904.80677298418,10418.25,1026.8864540316426,88.51858767343529,83.13287769120817,99.29000763788956,-4.950495049504951,59.88355412558996,85.51769331585845,88403.65,2382898,39178.65,-2909.0,-10.331356323471963
2019-11-04,10743.0,10617.0,10455.75,10570.333333333334,10544.951518496478,251.42857142857144,64.45086705202311,90.14258688353948,17.594654474782907,72.54793240875657,11024.07417546771,9887.42582453229,10455.75,1136.6483509354184,87.33217498012218,84.5326434541795,92.93123803200749,-13.074204946996469,100.48176676911186,100.0,90732.3,2498293,38851.15,858.0,3.398288973384034
2019-11-05,10801.0,10712.5,10484.25,10584.166666666666,10584.003754830148,257.85714285714283,64.26512968299713,110.55882945041776,36.18748946990988,74.37133998050788,11093.341428622216,9875.158571377784,10484.25,1218.182857244432,81.12394431781388,83.39641040872431,76.57901213599303,-16.25441696113074,84.91090475427154,99.48232922004496,88583.1,2458904,38363.0,-3331.0,-12.759518884547616
2019-11-06,10820.0,10740.5,10503.25,10585.916666666666,10601.241492465371,233.2142857142857,79.92831541218638,110.13783625409268,50.977558826746446,59.16027742734624,11122.921177658807,9883.578822341193,10503.25,1239.3423553176144,68.36834383092354,78.38705488279072,48.33092172718915,-29.681978798586574,56.34992680048761,100.0,88423.1,2422503,37722.05,-2952.0,-12.961580680570805
2019-11-07,10861.0,10763.5,10526.75,10588.583333333334,10625.408969373431,223.92857142857144,80.0711743772242,115.73235342216684,63.92851774583053,51.80383567633632,11162.966406413316,9890.533593586684,10526.75,1272.4328128266316,63.94624282605787,73.57345086387977,44.69182675041407,-25.58139534883721,49.62291173784907,100.0,87598.1,2446936,36979.35,-1193.0,-6.018261615295362
2019-11-08,10924.0,10801.5,10559.0,10593.0,10665.370019909296,225.3571428571429,82.96529968454259,133.95333008180205,77.93348021302484,56.019849868777214,11232.463944254276,9885.536055745724,10559.0,1346.9278885085514,68.25066326144905,71.7991883297362,61.15361312487474,-11.244979919678714,69.37064986943976,100.0,88095.15,2519561,36979.35,14168.0,76.04938271604938
2019-11-11,10922.0,10832.5,10584.0,10596.416666666666,10696.287160870314,231.78571428571428,80.1829268292683,142.31502598229235,90.80978936687836,51.505236615414006,11283.304918058677,9884.695081941323,10584.0,1398.6098361173536,68.08997385474014,70.56278350473751,63.14435455474538,-15.853658536585366,58.81482992364708,90.02652673124891,87622.2,2458291,36819.2,373.0,1.1372644673455667
2019-11-12,10927.0,10864.0,10608.0,10600.583333333334,10723.307431263618,202.8571428571429,71.24463519313305,146.4466677734781,101.9371650481983,44.509502725279816,11327.81284117178,9888.18715882822,10608.0,1439.625682343558,67.43188339627304,69.51915013524935,63.257349918320415,-27.891156462585037,53.802912049486544,52.743132629444695,87012.35,2414422,36743.05,-81.0,-0.2441892014108715
2019-11-13,10983.0,10901.5,10637.25,10607.25,10753.94481876232,205.7142857142857,69.26605504587155,153.19998635319826,112.1897293091983,41.01025704399996,11378.951280485402,9895.548719514598,10637.25,1483.4025609708042,70.57442364159249,69.87090797069706,71.98145498338334,-19.047619047619047,54.60632571181713,44.76564127904551,87514.0,2463186,36798.1,1352.0,4.08582653369598
2019-11-14,11036.0,10948.5,10696.75,10616.416666666666,10788.807216975432,211.78571428571428,70.22222222222223,162.72808511106086,122.29740046957082,40.430684641490046,11388.827535966508,10004.672464033492,10696.75,1384.1550719330153,71.74097378575303,70.49426324238239,74.2343948724943,-17.28395061728395,64.1295036340349,48.6208378397866,84579.7,2601079,36248.35,8721.0,25.320829220138208
2019-11-15,11064.0,10994.0,10755.5,10625.333333333334,10826.539862977772,202.8571428571429,71.48936170212767,173.52385382322245,132.54269114030114,40.98116268292131,11399.965506814511,10111.034493185489,10755.5,1288.9310136290223,76.5310195608724,72.50651534854572,84.58002798552576,-11.029411764705882,61.08745874511641,53.729852126969256,77139.2,2657762,35807.3,-553.0,-1.2811899080230726
2019-11-18,11087.0,11004.5,10810.75,10631.333333333334,10853.059876027508,202.14285714285717,67.74193548387098,173.62283097578984,140.7587191073989,32.86411186839095,11365.758534785016,10255.741465214984,10810.75,1110.0170695700326,74.7861118060137,73.26638083436838,77.82557374930431,-22.794117647058822,53.64090558569367,38.62050197818764,74519.65,2596034,35495.5,-63.0,-0.1478526167566274
2019-11-19,11077.0,11002.0,10857.25,10634.333333333334,10860.387506882033,217.5,59.21985815602837,157.7616554574215,144.15930637740342,13.602349080018088,11261.65306886232,10452.84693113768,10857.25,808.8061377246413,62.82037083363876,69.78437750079183,48.89235749933261,-48.52941176470589,24.58418796919017,4.260105577570082,76412.45,2499982,35029.6,-3683.0,-8.656309493031234
2019-11-20,11081.0,11032.0,10886.25,10641.5,10879.874410988505,223.2142857142857,63.60655737704918,154.30618568710815,146.1886822393444,8.117503447763767,11260.301431870284,10512.198568129716,10886.25,748.1028637405689,61.383793321716624,66.98418277443344,50.183014416283015,-28.676470588235293,34.86576667234408,21.946958011084984,71744.7,2558710,34239.7,863.0,2.220564018114457
2019-11-21,11049.0,11042.5,10903.0,10645.083333333334,10887.50541946579,221.42857142857144,57.41935483870968,141.464365374899,145.2438188664553,-3.7794534915563247,11257.27316252323,10548.72683747677,10903.0,708.54632504646,52.9792664697969,62.31587733955459,34.30604473028151,-55.55555555555556,24.39051715865308,0.0,66034.05,2508928,33883.45,-3477.0,-8.752233997029723
2019-11-22,10989.0,11026.5,10914.0,10647.916666666666,10887.266808088094,202.8571428571429,45.75645756457565,123.80807464168902,140.95667002150208,-17.14859537981306,11250.367593407474,10577.632406592526,10914.0,672.735186814949,43.400319060672686,56.01069124659396,18.17957468883013,-69.44444444444444,-9.681501428450972,0.0,64352.85,2446498,33530.7,-151.0,-0.4165517241379257
2019-11-25,10951.0,11019.0,10925.75,10651.416666666666,10889.908064460657,198.92857142857144,48.507462686567166,110.95704258983824,134.95674453516932,-23.999701945331083,11243.609204183567,10607.890795816433,10925.75,635.7184083671345,39.03455614145856,50.35197954488216,16.399709334611373,-63.888888888888886,-15.540193994491226,7.393417707333814,62277.4,2496032,33018.65,-4755.0,-13.172110030748774
2019-11-26,10939.0,11008.0,10936.0,10656.0,10888.012058321548,190.7142857142857,54.39330543933054,96.03435887297928,127.17226740273132,-31.13790852975204,11230.843401789742,10641.156598210258,10936.0,589.6868035794832,33.09374449834611,44.59923452937014,10.08276443629805,-72.22222222222223,-17.081921984041603,23.21181574774186,59804.1,2455390,32541.7,-383.0,-1.221924451250633
2019-11-27,10887.0,10984.0,10942.75,10657.833333333334,10880.106148005209,193.57142857142856,47.86324786324786,78.06320372303708,117.35045466679249,-39.28725094375541,11217.44552522556,10668.05447477444,10942.75,549.3910504511223,25.85037512010953,38.34961472628328,0.8518959077620281,-90.0990099009901,-35.093018280948854,5.662068956297015,60413.95,2396775,32270.7,-1352.0,-4.3667840186040525
2019-11-28,10870.0,10959.5,10954.0,10661.916666666666,10879.619848195189,184.28571428571428,41.90476190476191,68.67767528678269,107.61589879079054,-38.93822350400785,11194.516987035491,10713.483012964509,10954.0,481.033974070986,26.75739293721588,34.485540796594144,11.301097218459333,-76.23762376237623,-39.40386287150653,0.0,59524.7,2432608,32159.0,-3686.0,-12.448917558850347
2019-11-29,10907.0,10948.0,10971.0,10667.083333333334,10897.751291224218,192.8571428571429,53.36134453781512,76.09724502718927,101.31216803807028,-25.21492301088101,11192.135823944423,10749.864176055577,10971.0,442.2716478888469,47.41572674687631,38.79560278002153,64.65597468058586,-37.62376237623762,21.014369340245093,38.72481869460111,61024.3,2503028,32067.3,-2509.0,-9.678663734907222
2019-12-02,10910.0,10930.5,10967.5,10670.416666666666,10900.822596821912,195.7142857142857,48.1060606060606,69.87500200298018,95.02473483105226,-25.149732828072075,11188.91886954249,10746.08113045751,10967.5,442.83773908497824,48.04240938054664,41.877871646863234,60.37148484791346,-65.34653465346534,13.087143662836963,20.96123910336237,57121.0,2465699,31620.85,-6237.0,-26.63790894336721
2019-12-03,10926.0,10932.5,10967.25,10674.666666666666,10905.50615902935,184.64285714285717,46.27450980392157,65.7991705509321,89.17962197502823,-23.380451424096123,11188.739574424952,10745.760425575048,10967.25,442.9791488499068,50.33813207529401,44.69795845634016,61.6184793132017,-61.38613861386138,0.2189142563159697,14.77034649476228,55922.1,2481110,31277.8,-1263.0,-7.352855562671012
2019-12-04,10947.0,10917.0,10974.5,10669.5,10905.934143883696,179.28571428571428,41.53225806451612,58.66512402239459,83.0767223845015,-24.4115983621069,11176.773915377404,10772.226084622596,10974.5,404.54783075480736,48.11274532719131,45.83622074662388,52.665794488326185,-64.77272727272727,-32.47380833776374,0.0,55366.8,2455815,30944.75,-2752.0,-17.292949604122153
2019-12-05,10940.0,10905.0,10973.75,10658.916666666666,10899.65470160906,172.14285714285714,36.14457831325301,46.82317732314186,75.82601337222958,-29.00283604908772,11177.99121446028,10769.50878553972,10973.75,408.4824289205608,40.05638420873788,43.90960856732855,32.34993549155652,-79.76190476190476,-56.97823548153342,0.0,54680.95,2445099,30608.4,-1259.0,-9.565415590335814
2019-12-06,10894.0,10900.5,10963.5,10652.666666666666,10893.973301455817,180.3571428571429,38.626609442060094,37.011701392693794,68.06315097632242,-31.051449583628624,11173.188992758824,10753.811007241176,10963.5,419.3779855176472,43.05645739702022,43.62522484389244,41.91892250327578,-50.943396226415096,-94.23441356587234,9.038063582530384,54102.85,2445099,30425.1,17229.0,144.74502226329497
2019-12-09,10879.0,10894.5,10956.75,10653.25,10890.261558460024,177.14285714285714,46.26865671641792,30.09944302675649,60.47040938640924,-30.370966359652748,11171.478102247323,10742.021897752677,10956.75,429.45620449464695,45.99990241562354,44.41678403446947,49.16613917793168,-48.11320754716981,-27.96901161641158,36.86580045686414,53816.1,2500634,30230.0,137.0,0.4702732390498454
2019-12-10,10850.0,10888.0,10948.0,10654.583333333334,10882.14141003526,168.21428571428572,35.8695652173913,20.35223840356593,52.44677518984058,-32.094536786274645,11172.76654555338,10723.23345444662,10948.0,449.5330911067613,44.817545006642106,44.55037102519368,45.351892969538966,-57.54716981132076,-48.526071260215446,0.0,53092.8,2471231,29989.65,-986.0,-3.368751921828561
2019-12-11,10830.0,10888.5,10936.25,10656.0,10875.27079955571,167.14285714285714,40.85365853658536,12.882465682792828,44.53391328843104,-31.65144760563821,11164.212947127724,10708.287052872276,10936.25,455.92589425544793,44.34377214279285,44.48150473106007,44.068306966258405,-56.60377358490566,-45.42459570329323,26.906517039636377,52681.65,2511772,29749.55,1357.0,4.797935155393707
2019-12-12,10837.0,10888.5,10924.0,10663.416666666666,10875.245009121834,159.28571428571428,49.38271604938272,12.06845610745586,38.040821852236,-25.97236574478014,11136.171727865103,10711.828272134897,10924.0,424.3434557302062,48.84356051349589,45.93552332520535,54.65963489007696,-44.33962264150944,-32.327194226271274,72.95044451112871,47251.65,2541065,29051.35,-441.0,-1.487854251012144
2019-12-13,10843.0,10868.5,10908.25,10671.75,10874.745484443563,157.5,47.13375796178344,10.894306655467515,32.6115188128823,-21.717212157414785,11082.16089672588,10734.33910327412,10908.25,347.82179345175973,53.35090414161374,48.40731693067481,63.2380785634916,-45.283018867924525,-36.44982402201888,60.80949424593526,46385.3,2501709,28379.15,-33.0,-0.1130175690948309
2019-12-16,10851.0,10865.0,10897.75,10679.666666666666,10876.67448592513,160.71428571428572,51.63398692810458,11.84453934515841,28.458122919337523,-16.613583574179113,11044.95107980153,10750.54892019847,10897.75,294.4021596030616,58.14791458903281,51.65418281679415,71.13537813351013,-40.56603773584906,8.673657820087223,90.1247461560778,45260.15,2540934,27752.35,845.0,2.8972090790646554
2019-12-17,10862.0,10856.0,10894.25,10685.833333333334,10875.086439646546,150.71428571428572,53.741496598639465,9.662020348814622,24.698902405232943,-15.03688205641832,11041.551159462331,10746.948840537669,10894.25,294.60231892466254,58.83696098050216,54.04844220469681,68.41399853211283,-47.16981132075472,-4.816972120323539,100.0,41748.15,2515122,27253.65,-1121.0,-3.73529705774549
2019-12-18,10867.0,10848.5,10882.75,10691.333333333334,10871.268683489732,153.92857142857142,47.10144927536232,5.8476590798982215,20.928653740166,-15.08099466026778,11008.21649793974,10757.28350206026,10882.75,250.9329958794806,57.50421054614122,55.20036498517828,62.11190166806711,-51.886792452830186,-52.90449987473765,62.84650393049233,41293.6,2465485,26877.35,3311.0,11.460713049498096
2019-12-19,10864.0,10850.5,10877.75,10697.25,10870.195475538329,138.21428571428572,29.807692307692307,4.786861401062197,17.70029527234524,-12.913433871283043,10998.12113659975,10757.37886340025,10877.75,240.74227319949927,51.45089446245481,53.95054147760379,46.45160043215685,-45.09803921568628,-30.64592876418153,0.0,40197.65,2493348,26638.65,-725.0,-2.2514828732026926
2019-12-20,10871.0,10857.0,10878.75,10705.25,10873.510192153724,132.5,47.05882352941176,7.490944571194632,15.65842513211512,-8.167480560920488,10999.705624746824,10757.794375253176,10878.75,241.9112494936489,57.21726297496987,55.03944864339249,61.572891638124645,-30.107526881720432,13.855753462878702,72.07851711332246,38938.3,2530591,26396.4,-222.0,-0.7052992756385823
2019-12-23,10854.0,10852.5,10873.5,10714.5,10867.461602424795,137.5,36.0,1.9458137834481024,12.915902862381715,-10.970089078933617,10996.920547636715,10750.079452363285,10873.5,246.8410952734339,47.86706420553547,52.64865383077348,38.30388495505943,-50.53763440860215,-16.019701240028446,25.87264279857884,38355.25,2492718,26392.3,8.0,0.0255967236193699
2019-12-24,10837.0,10849.5,10868.75,10722.583333333334,10858.655735527198,133.21428571428572,36.36363636363636,-5.212859213028423,9.29015044729969,-14.503009660328113,10999.813463936169,10737.686536063831,10868.75,262.1269278723339,38.9626581883057,48.08665528328422,20.71466399834865,-58.064516129032256,-79.40859641205101,27.39198489403461,38267.7,2453827,26468.25,1218.0,3.8961038961038863
2019-12-25,10830.0,10848.5,10868.5,10731.083333333334,10853.069475000795,136.07142857142858,45.55555555555555,-8.76779835029265,5.678560687781221,-14.446359038073872,11000.093472882443,10736.906527117557,10868.5,263.18694576489,37.08621656998158,44.41984237885001,22.41896495224472,-52.68817204301075,-70.21124727157587,65.79757675138922,36503.35,2477155,26565.2,-932.0,-2.8694581280788167
2019-12-26,10825.0,10844.5,10866.5,10739.416666666666,10851.348572619769,122.5,49.48453608247423,-8.661066354128707,2.810635279399236,-11.471701633527942,10998.890968049382,10734.109031950618,10866.5,264.78193609876325,40.15624314541982,42.99864263437328,34.4714441675129,-62.6865671641791,-29.04173057186527,82.21360689501664,35955.7,2502035,26788.05,-1168.0,-3.7022949156840346
2019-12-27,10819.0,10845.0,10856.75,10748.666666666666,10853.601089513124,109.28571428571428,51.96078431372549,-5.287859618054426,1.1909362999085031,-6.4787959179629295,10948.532064524725,10764.967935475275,10856.75,183.56412904944955,49.68749543027988,45.22826023300881,58.60596582482202,-38.888888888888886,-2.6514670972346845,92.55984438049607,33572.05,2524782,27102.1,-685.0,-2.2547728768926967
2019-12-30,10837.0,10845.5,10855.25,10759.5,10858.020033369015,117.14285714285714,59.79381443298969,-0.590471324912869,0.8346547749442288,-1.4251260998570978,10942.878101717006,10767.621898282994,10855.25,175.2562034340117,53.89002427592429,48.11551491398064,65.43904299981158,-37.704918032786885,52.85140750734914,100.0,34417.65,2579023,27694.9,-662.0,-2.229331537295842
2019-12-31,10865.0,10851.0,10853.5,10768.333333333334,10863.446696857682,115.71428571428572,60.6060606060606,4.2931288628751645,1.526349592530416,2.7667792703447485,10934.292130935211,10772.707869064789,10853.5,161.58426187042278,58.33105443531564,51.52069475442565,71.95177379709563,-32.78688524590164,61.43539929618438,100.0,35835.45,2622790,28388.5,753.0,2.5936003857679246
2020-01-02,10891.0,10860.5,10854.5,10777.416666666666,10869.78510668076,115.35714285714286,56.17977528089887,9.266967997318716,3.074473273488076,6.19249472383064,10938.661498885993,10770.338501114007,10854.5,168.32299777198205,62.9310854705383,55.3241583264632,78.1449397586885,-27.868852459016395,78.18674110943509,85.6281823690113,35834.7,2648070,29298.9,1584.0,5.317934600147711
2020-01-03,10905.0,10865.0,10857.75,10786.083333333334,10873.138906044496,114.28571428571428,53.76344086021506,11.06394204285607,4.672367027361675,6.391575015494395,10944.533153834564,10770.966846165436,10857.75,173.56630766912713,63.26553239019493,57.971283014373775,73.85403114183724,-36.0655737704918,59.92857559826518,77.78252510147408,36922.05,2615607,30224.5,-955.0,-3.0443098501753307
2020-01-06,10890.0,10854.5,10855.75,10792.75,10866.17329594502,117.5,41.28440366972477,3.9696745053934137,4.531828522968023,-0.5621540175746089,10946.02880791135,10765.47119208865,10855.75,180.5576158227013,52.013087167233785,55.985217731993785,44.06882603771379,-70.49180327868852,-37.38290853255239,37.26402402506661,36992.85,2553128,30354.05,1308.0,4.300509616965309
2020-01-07,10806.0,10821.5,10837.0,10792.583333333334,10829.3948868074,141.78571428571428,27.10843373493977,-27.16081629467408,-1.8067004405603977,-25.35411585411368,11027.7712876995,10646.2287123005,10837.0,381.5425753990021,38.03673598263766,50.00239048220841,14.10542698349616,-89.91596638655462,-176.6750211268554,0.0,40764.9,2422152,31147.7,13419.0,42.300539041074295
2020-01-08,10711.0,10788.0,10818.75,10791.583333333334,10792.30965949241,145.71428571428572,26.62721893491125,-54.43216018310704,-12.331792389069728,-42.10036779403732,11079.434826845309,10558.065173154691,10818.75,521.3696536906136,30.50488281195452,43.50322125879045,4.508205918282656,-84.55882352941177,-163.81279916827265,0.0,42895.45,2350138,32025.65,700.0,1.5506623543485087
2020-01-09,10606.0,10748.5,10798.5,10790.666666666666,10755.42302525504,148.57142857142858,23.391812865497077,-77.97031097680156,-25.459496106616093,-52.51081487018546,11118.271299854328,10478.728700145672,10798.5,639.5425997086531,23.76796109032262,36.924801202634505,-2.545719134301152,-89.70588235294117,-128.180188109237,0.0,43046.05,2306585,32801.15,-692.0,-1.509532742899522
2020-01-10,10520.0,10712.5,10778.5,10799.75,10728.716070468843,169.28571428571428,25.568181818181813,-89.93928597497325,-38.35545408028753,-51.58383189468572,11126.881218902814,10430.118781097186,10778.5,696.762437805628,29.178640726881746,34.34274771071692,18.850426759211388,-60.0,-117.55707241428394,5.84821428571428,48512.15,2445200,33619.4,414.0,0.916943521594682
2020-01-13,10445.0,10667.5,10756.25,10806.666666666666,10699.790730424193,175.35714285714286,26.94610778443113,-102.2803428997522,-51.14043184418047,-51.139911055571744,11135.499605349689,10377.000394650311,10756.25,758.4992106993777,31.53819713176132,33.40789751773172,27.79879635982053,-65.55555555555556,-79.05580808382953,9.550898203592816,48984.35,2396400,34286.45,-3057.0,-6.709244140110615
2020-01-14,10445.0,10625.5,10735.5,10814.666666666666,10678.858279907605,181.78571428571428,32.74853801169591,-106.39620980207292,-62.19158743575896,-44.20462236631396,11127.967229607504,10343.032770392496,10735.5,784.9344592150082,35.25548424768493,34.023759761049455,37.71893322095589,-59.44444444444444,-68.7966122767066,25.14285714285717,49502.9,2445996,34808.75,-2050.0,-4.822735078928176
2020-01-15,10459.0,10585.0,10718.0,10823.166666666666,10662.776538964024,183.57142857142856,33.13953488372093,-106.01523703549356,-70.95631735570588,-35.05891967978768,11118.228881884774,10317.771118115226,10718.0,800.4577637695475,38.90326630157553,35.65026194122481,45.40927502227696,-56.11111111111112,-56.67104348534423,26.193521594684384,50444.7,2490644,35322.85,-1285.0,-3.176211780408833
2020-01-16,10480.0,10543.0,10701.75,10823.583333333334,10648.226392396022,186.78571428571428,30.30303030303031,-104.50860324930728,-77.66677453442617,-26.841828714881103,11108.31811431659,10295.18188568341,10701.75,813.1362286331787,41.99242143682271,37.76431510642411,50.44863409761992,-56.11111111111112,-45.91556275194789,18.571428571428605,50045.95,2490644,35606.55,-1297.0,-3.311038496885532
2020-01-17,10500.0,10510.0,10687.5,10822.75,10641.252450263068,187.8571428571429,32.35294117647058,-96.9520257444692,-81.52382477643478,-15.428200968034432,11090.678163569091,10284.321836430909,10687.5,806.3563271381863,49.44016906976992,41.65626642753938,65.00797435423098,-48.888888888888886,-35.33215758295447,24.079831932773093,50171.05,2521009,35863.2,-1266.0,-3.342574257425745
2020-01-20,10509.0,10477.0,10665.75,10819.5,10624.942693095156,186.42857142857144,26.88172043010753,-98.30283224928644,-84.87962627100511,-13.42320597828133,11066.450373687976,10265.049626312024,10665.75,801.400747375952,54.475264228331454,45.92926569447008,71.5672612960542,-58.47953216374269,-32.758227534621525,9.377880184331827,50219.45,2482798,36075.6,-1107.0,-3.0238465950995663
2020-01-21,10516.0,10480.5,10651.0,10816.75,10614.471960419423,184.64285714285717,29.16666666666667,-94.65115264765518,-86.83393154633512,-7.817221101320058,11051.060521737189,10250.939478262811,10651.0,800.1210434743771,60.559267061311886,50.80593281675068,80.0659355504343,-53.21637426900585,-36.57192538761016,17.612725450901827,49893.25,2514147,36233.7,-1078.0,-3.0364486507802324
2020-01-22,10534.0,10496.5,10642.25,10815.666666666666,10613.093678474715,194.28571428571428,33.98058252427184,-83.93087771592036,-86.25332078025217,2.3224430643318072,11038.528410902449,10245.971589097551,10642.25,792.5568218048938,69.76678410148065,57.12621657832734,95.04791914778728,-43.27485380116959,-21.062218632120626,34.86401736718324,50135.6,2557885,36212.15,-2375.0,-6.899256332791071
2020-01-23,10554.0,10517.0,10632.75,10814.666666666666,10612.799042429506,193.57142857142856,35.467980295566505,-73.77760387805392,-83.75817739981252,9.9805735217586,11022.155417203418,10243.344582796582,10632.75,778.810834406835,73.93054423969679,62.727659132117154,96.33631445485604,-39.63414634146341,-11.645479471910264,67.49255913914966,50004.5,2578591,36112.95,-2485.0,-7.753752067147179
2020-02-03,10460.0,10480.0,10596.25,10805.583333333334,10564.43722886479,230.0,25.4416961130742,-105.26688957342412,-88.05991983453485,-17.20696973888927,11039.02682390734,10153.47317609266,10596.25,885.5536478146823,57.89630101631,61.1172064268481,51.4544901952338,-78.80434782608695,-106.2476134364584,16.97461764626546,53231.3,2489175,36168.7,1931.0,6.5315924773373
2020-02-04,10414.0,10461.5,10564.5,10797.416666666666,10533.538445163382,227.14285714285717,40.2439024390244,-117.96912891226566,-94.04176165008104,-23.92736726218463,11014.130257457227,10114.869742542773,10564.5,899.2605149144547,53.65129745173356,58.62857010180992,43.69675215158081,-54.83870967741935,-91.13357720213924,100.0,54026.7,2527830,36154.75,-2079.0,-6.601047785362757
2020-02-05,10358.0,10437.0,10531.25,10784.666666666666,10505.10621229068,222.5,41.42259414225941,-126.9755086915593,-100.62851105837667,-26.34699763318261,10974.72758502663,10087.77241497337,10531.25,886.9551700532611,50.60624131190839,55.95446050517608,39.90980292537303,-55.483870967741936,-60.27868836638548,100.0,52802.55,2498072,36123.9,-1000.0,-3.3995104704922507
2020-02-06,10294.0,10414.0,10499.5,10773.416666666666,10483.667525405852,220.0,44.81327800829875,-128.99503121161615,-106.3018150890246,-22.693216122591565,10917.488919520729,10081.511080479271,10499.5,835.977839041454,50.511687756326026,54.14020292222606,43.25465742452597,-49.67741935483871,-53.64454871110707,100.0,51707.9,2519946,36050.75,-93.0,-0.3272804054054057
2020-02-07,10238.0,10396.0,10469.5,10766.166666666666,10469.032522986246,198.57142857142856,43.88185654008439,-125.11864536594294,-110.06518114440829,-15.053464221534668,10840.925419304149,10098.074580695851,10469.5,742.8508386082976,52.59918968701305,53.62653184382173,50.54450537339571,-43.2258064516129,-39.016148474925856,95.19181513800903,51776.9,2546606,35928.55,603.0,2.1290117572291045
2020-02-10,10282.0,10371.0,10440.5,10757.333333333334,10455.3151398447,191.78571428571428,45.6140350877193,-121.05459781886566,-112.26306447929976,-8.791533339565902,10754.956925340715,10126.043074659285,10440.5,628.9138506814306,54.39945979134203,53.88417449299516,55.43003038803579,-43.87096774193548,-37.55035760179042,100.0,51439.5,2520891,35864.75,213.0,0.7363617506741305
2020-02-11,10311.0,10362.5,10419.75,10746.333333333334,10448.61845985949,183.92857142857144,45.85152838427948,-111.70465062022777,-112.15138170748536,0.4467310872576036,10685.287686888125,10154.212313111875,10419.75,531.0753737762461,58.26630652756136,55.34488517118389,64.10914924031627,-36.12903225806452,-15.417599538841513,100.0,49560.65,2545793,35700.95,-692.0,-2.3748241188784824
2020-02-12,10351.0,10354.5,10417.5,10737.083333333334,10447.321463682394,182.14285714285717,46.78111587982833,-99.11760195325952,-109.54462575664022,10.427023803380706,10681.647088211334,10153.352911788666,10417.5,528.2941764226671,63.73004910056601,58.13993981431126,74.91026767307551,-29.677419354838708,10.686944948056748,100.0,44355.05,2572657,34880.75,291.0,1.0229549688895112
2020-02-13,10385.0,10339.5,10418.0,10728.25,10447.576562379309,176.78571428571428,47.45762711864407,-86.92982761927124,-105.02166612916643,18.0918385098952,10682.36418262055,10153.63581737945,10418.0,528.7283652410988,73.85924841998519,63.3797093495359,94.81832656088378,-27.741935483870968,11.95156504643086,100.0,41527.85,2588127,33970.5,-1101.0,-3.8311643120606864
2020-02-14,10403.0,10320.5,10418.75,10717.833333333334,10444.950223105088,177.14285714285714,43.23144104803493,-78.78351066108371,-99.7740350355499,20.99052437446619,10683.043994993215,10154.456005006785,10418.75,528.5879899864303,78.93137569735707,68.56359813214296,99.66693082778532,-31.61290322580645,3.5441446734794675,80.80396386807378,40645.15,2562228,33156.8,1239.0,4.483120454463219
2020-02-17,10445.0,10363.5,10421.75,10708.083333333334,10453.526392333177,174.28571428571428,52.81385281385281,-62.32946164072746,-92.28512035658542,29.955658715857965,10690.06393631538,10153.43606368462,10421.75,536.6278726307573,84.12776644663987,73.75165423697526,104.87999086596908,-14.0,32.75413392326773,100.0,35192.55,2591791,32386.1,1274.0,4.411968416678214
2020-02-18,10470.0,10390.5,10426.0,10696.833333333334,10458.904831158588,172.5,49.77973568281938,-50.72210743229152,-83.97251777172664,33.25041033943512,10697.207824759033,10154.792175240967,10426.0,542.415649518065,84.7236752836754,77.4089945858753,99.35303667927562,-17.333333333333332,39.5823219646109,88.91531579260933,33493.5,2576972,31733.85,-688.0,-2.2819237147595373
2020-02-19,10483.0,10417.0,10427.0,10686.75,10462.818656762533,161.42857142857142,45.283018867924525,-41.84771758314855,-75.54755773401102,33.69984015086247,10699.191882782408,10154.808117217592,10427.0,544.3837655648131,83.75517746184421,79.52438887786494,92.21675462980278,-16.438356164383563,35.89527280386051,72.48724670016935,31594.3,2565360,31171.85,-245.0,-0.8315796619374094
2020-02-20,10509.0,10447.0,10430.5,10680.916666666666,10473.97878468991,167.85714285714286,48.67256637168141,-28.036184594979204,-66.04528310620466,38.00909851122546,10708.914685033144,10152.085314966856,10430.5,556.8293700662907,82.65670834621032,80.5684953673134,86.83313430400415,-10.96774193548387,54.356742659012845,84.8704415678959,31100.85,2600139,30686.25,243.0,0.8317075675120744
2020-02-21,10536.0,10469.5,10432.75,10672.416666666666,10481.69509090992,122.5,84.61538461538461,-18.88998428122977,-56.61422334120969,37.72423905997992,10714.576280945512,10150.923719054488,10432.75,563.6525618910237,78.10916706648764,79.74871926703815,74.8300626653866,-14.193548387096774,48.17883788743518,100.0,29767.9,2585136,30207.6,-1158.0,-3.930753564154788
2020-02-24,10522.0,10483.5,10427.25,10664.166666666666,10480.105082251832,106.42857142857144,68.59504132231405,-18.688374527935597,-49.02905357855487,30.34067905061928,10701.581244263112,10152.918755736888,10427.25,548.6624885262245,64.24209021363727,74.57984291590452,43.56658480910278,-42.10526315789474,27.47557006153949,62.90968210762277,29476.35,2560602,29735.1,-1143.0,-4.038583845664623
2020-02-25,10533.0,10501.5,10432.0,10658.833333333334,10488.19031251356,111.07142857142856,73.57142857142857,-10.34023726221858,-41.29129031528762,30.95105305306904,10712.664624737332,10151.335375262668,10432.0,561.3292494746638,65.5793828937476,71.57968957518555,53.57876953087171,-21.73913043478261,41.3083951385193,73.31342764378479,29160.9,2592504,29302.2,-315.0,-1.159836518281232
2020-02-26,10535.0,10509.0,10431.75,10652.083333333334,10490.267425607508,112.5,66.19718309859155,-8.069300803183069,-34.646892412866706,26.57759160968364,10712.112077922178,10151.387922077822,10431.75,560.7241558443566,60.65080552704868,67.93672822580659,46.078960129532845,-35.632183908045974,33.49990686501505,55.494329614047935,28463.2,2575109,28899.1,-482.0,-1.7955595291312745
2020-02-27,10496.0,10502.5,10421.0,10644.0,10480.24195650203,125.71428571428572,53.5031847133758,-16.169629209312916,-30.951439772155947,14.781810562843033,10690.47512335142,10151.52487664858,10421.0,538.9502467028396,49.83557975307519,61.90301206822946,25.70071512276664,-64.36781609195403,-4.257681181182143,24.820601373149167,29270.6,2515223,28778.9,3283.0,12.453531598513012
2020-02-28,10471.0,10503.5,10412.0,10637.75,10475.457008263742,128.92857142857142,56.36363636363637,-18.742027485235667,-28.509557314771893,9.767529829536226,10666.504678894018,10157.495321105982,10412.0,509.00935778803614,46.47158308324671,56.75920240656855,25.896344436603016,-60.256410256410255,4.847632512775441,31.732585596221977,31043.65,2571390,28741.3,-833.0,-2.809917355371905
2020-03-02,10494.0,10508.0,10435.75,10632.833333333334,10485.413483667196,148.57142857142858,60.65573770491804,-8.578042915258266,-24.52325443486917,15.945211519610904,10655.9717781668,10215.5282218332,10435.75,440.443556333601,54.35270289840968,55.957035903848926,51.14403688753116,-29.885057471264368,50.196833339926975,42.104002554822245,29188.9,2623711,28467.45,-2794.0,-9.697348327085942
2020-03-03,10485.0,10509.0,10449.75,10623.666666666666,10488.707437603653,150.35714285714286,54.5945945945946,-5.303376452566226,-20.67927883840858,15.375902385842355,10652.480700295013,10247.019299704987,10449.75,405.4614005900221,55.009081625759706,55.64105114448586,53.7451425883074,-43.67816091954023,41.09545079431703,27.45787995787997,28644.65,2595941,28226.1,-1429.0,-5.492351448996846
2020-03-04,10488.0,10511.5,10464.25,10616.916666666666,10492.16387211759,152.14285714285714,54.0983606557377,-2.2784568427341583,-16.999114439273697,14.72065759653954,10642.288286834457,10286.211713165543,10464.25,356.07657366891,55.82980920644517,55.703970498472295,56.081486622390926,-42.52873563218391,34.41722260996017,26.258782201405147,28074.3,2614292,27986.45,-966.0,-3.928585953068442
2020-03-05,10507.0,10501.5,10474.25,10609.083333333334,10491.005408106392,149.64285714285714,53.2258064516129,-3.472283851067914,-14.29374832163254,10.821464470564626,10629.755119225263,10318.744880774737,10474.25,311.01023845052623,52.928685064833175,54.77887535392592,49.22830448664767,-52.87356321839081,18.702211828351484,20.19402452089036,27931.4,2595276,27663.15,-1766.0,-7.47576514413919
2020-03-06,10500.0,10485.5,10477.5,10600.5,10481.862035905782,147.85714285714286,42.22222222222222,-11.148674996047705,-13.664733656515573,2.51605866046787,10622.685906232047,10332.314093767953,10477.5,290.37181246409455,44.481192342072696,51.34631434997485,30.7509483262684,-72.41379310344827,-47.9769761192122,0.0,28304.9,2561146,27329.15,389.0,1.7797501944457172
2020-03-09,10467.0,10480.5,10482.0,10593.416666666666,10475.494222962374,163.57142857142858,44.6927374301676,-15.440449539881229,-14.019876833188704,-1.420572706692525,10612.076900332071,10351.923099667929,10482.0,260.1538006641458,41.84050815636388,48.17771228543786,29.16609989821592,-63.44086021505376,-62.25582997425302,5.827626599387294,28705.95,2594882,26920.8,-1274.0,-5.726872246696035
2020-03-10,10443.0,10464.0,10482.75,10586.083333333334,10468.304296965958,165.0,44.44444444444444,-19.823572620778577,-15.18061599070668,-4.6429566300718985,10610.626379449266,10354.873620550734,10482.75,255.7527588985322,39.0047832153537,45.12006926207647,26.774211121908152,-66.66666666666667,-53.14065218657807,5.241935483870966,28317.75,2577744,26460.15,-1738.0,-8.287240129696738
2020-03-11,10401.0,10444.5,10476.75,10577.083333333334,10453.703887731104,164.28571428571428,35.35911602209946,-29.812360531786908,-18.10696489892273,-11.705395632864182,10623.872398022871,10329.627601977129,10476.75,294.244796045743,31.021109957189207,40.42041616044739,12.22249755067284,-84.94623655913979,-98.8068773761263,0.0,28975.85,2537718,26122.8,2757.0,14.333991889362595
2020-03-12,10380.0,10443.5,10473.0,10569.916666666666,10446.208279375762,173.21428571428572,40.42553191489362,-32.51226717964892,-20.988025355067965,-11.524241824580953,10626.670871807592,10319.329128192408,10473.0,307.3417436151831,32.118648468191495,37.65316026302876,21.04962487851697,-65.68627450980392,-100.10659839496572,13.258595344769606,29825.1,2570173,25799.95,-811.0,-3.68787231140012
2020-03-13,10373.0,10436.5,10470.0,10562.416666666666,10437.99796705426,172.85714285714286,43.93063583815029,-35.453649685185155,-23.881150221091406,-11.572499464093749,10630.230097704914,10309.769902295086,10470.0,320.4601954098289,34.745765645461,36.6840287238395,30.869239488703982,-68.62745098039215,-83.93758248154236,22.431303535962837,29799.35,2544789,25340.0,-1503.0,-7.096317280453257
2020-03-16,10350.0,10408.5,10458.25,10552.833333333334,10424.855303525284,167.5,33.93939393939394,-42.14044623869631,-27.533009424612388,-14.607436814083924,10632.28190874997,10284.21809125003,10458.25,348.06381749994034,32.29626385496486,35.22144043421463,26.445910696465333,-80.3921568627451,-74.1356415585951,0.0,29370.55,2523802,24793.35,-460.0,-2.3377547390354247
2020-03-17,10337.0,10390.0,10449.5,10543.916666666666,10416.297655570494,169.28571428571428,39.130434782608695,-44.107133609806624,-30.84783426165124,-13.259299348155388,10630.05178583559,10268.94821416441,10449.5,361.10357167118127,34.57432083084614,35.00573389975847,33.71149469302148,-73.52941176470588,-78.04817814793755,19.430206800653224,29645.45,2544119,24190.15,-1819.0,-9.465577353385024
2020-03-18,10333.0,10367.0,10439.25,10533.916666666666,10404.745497897116,156.42857142857142,43.75,-48.33622333236053,-34.345512075793096,-13.990711256567437,10630.678837952906,10247.821162047094,10439.25,382.8576759058124,32.50228353897205,34.171250446163,29.164349724590156,-81.37254901960785,-73.88544926364777,36.721364819635546,29882.95,2527757,23587.35,-237.0,-1.3622255431658847
2020-03-19,10301.0,10340.5,10421.0,10523.166666666666,10386.674498097387,163.57142857142858,35.7615894039735,-57.48053894595978,-38.972517449826434,-18.508021496133345,10625.105236014222,10216.894763985778,10421.0,408.2104720284442,34.28954824928233,34.21068304720278,34.447278653441444,-71.73913043478261,-115.22158196722548,6.820527092225108,30114.15,2488354,23045.7,1466.0,8.542625721111818
2020-03-20,10282.0,10327.5,10406.5,10513.666666666666,10375.086450659544,164.64285714285714,25.95419847328245,-60.0012359201919,-43.178261143899526,-16.822974776292376,10611.72388288224,10201.27611711776,10406.5,410.4477657644784,37.44303216618823,35.28813275353126,41.75283099150215,-57.75862068965517,-29.00680639976864,0.0,30951.9,2520112,22287.35,-5492.0,-29.484082246201748
2020-03-23,10247.0,10298.5,10389.5,10501.416666666666,10351.26869345387,166.42857142857142,23.12925170068027,-72.46045735675398,-49.03470038647042,-23.42575697028356,10627.95776410752,10151.04223589248,10389.5,476.9155282150423,31.212021444125483,33.92942898372933,25.777206364917788,-81.25,-106.15095501784056,0.0,30792.4,2498768,21619.45,666.0,5.070422535211261
2020-03-24,10176.0,10256.5,10360.25,10486.0,10315.909770267788,187.8571428571429,18.857142857142847,-92.96314700241784,-57.82038970965991,-35.14275729275792,10646.743776914136,10073.756223085864,10360.25,572.9875538282722,28.167321655391017,32.008726540949894,20.48451188427326,-77.92207792207792,-131.98854642888597,0.0,31947.2,2443770,21161.85,3891.0,28.193609158756612
2020-03-25,10075.0,10204.0,10324.25,10469.0,10265.82312548038,207.5,16.17647058823529,-123.12379390996102,-70.88107054972014,-52.24272336024089,10698.897553673694,9949.602446326306,10324.25,749.2951073473887,21.66838784733197,28.561946976410585,7.881269589174742,-91.32947976878611,-136.23417783771578,0.0,33648.75,2392344,20910.15,3636.0,20.551661768030737
2020-03-26,10034.0,10167.5,10305.5,10456.25,10241.459018291773,223.2142857142857,33.33333333333333,-127.80095266760873,-82.26504697329786,-45.53590569431087,10704.114706465436,9906.885293534564,10305.5,797.2294129308721,26.89980435243377,28.00789943508498,24.683614187131354,-62.63736263736264,-102.53668969358212,60.1651781427062,33084.95,2440954,20228.15,-5323.0,-24.957801950487625
2020-03-27,10019.0,10150.5,10293.5,10446.083333333334,10236.558159406844,218.92857142857144,41.444866920152094,-115.64999781770166,-88.94203714217862,-26.70796067552304,10690.78155202444,9896.21844797556,10293.5,794.5631040488806,36.98082194924156,30.998873606470504,48.94471863478367,-42.85714285714285,-40.23770441271486,89.38877777533574,32118.25,2477787,19453.05,-2695.0,-16.838487972508588
2020-03-30,10013.0,10130.0,10269.25,10433.75,10223.076429939523,232.5,39.06810035842294,-112.39041783195898,-93.6317132801347,-18.75870455182428,10651.835043865378,9886.664956134622,10269.25,765.1700877307558,40.22164686725994,34.07313136006698,52.51867788164586,-53.2967032967033,-33.39358980043254,82.47997936186445,30571.65,2456398,18750.6,-1341.0,-10.07513148009016
2020-03-31,10041.0,10108.5,10249.25,10421.166666666666,10213.25962708814,227.14285714285717,42.69662921348315,-106.56151137211236,-96.21767289853024,-10.343838473582124,10618.221187008015,9880.278812991985,10249.25,737.9423740160346,43.29794772835645,37.1480701494968,55.59770288607572,-50.54945054945055,-34.635438054914445,95.55379665158218,29998.95,2472714,17987.1,-2650.0,-22.140529701729477
2020-04-01,10097.0,10086.0,10226.5,10407.333333333334,10199.615853079744,232.8571428571429,38.490566037735846,-104.76893210730668,-97.92792474028552,-6.841007367021149,10579.65271782228,9873.34728217772,10226.5,706.3054356445609,43.51731313758562,39.2711511455264,52.00963712170403,-56.04395604395605,-39.12675827524135,80.39908694270275,29846.15,2457419,17185.0,-1738.0,-18.650069749973174
2020-04-02,10120.0,10077.0,10208.75,10394.166666666666,10192.509581357865,230.7142857142857,41.39194139194139,-97.78307733166184,-97.8989552585608,0.1158779268989604,10543.4592217999,9874.0407782001,10208.75,669.4184435997995,53.085616165797816,43.8759728189502,71.50490285949303,-50.0,-32.93868708980831,91.44810744810744,29279.95,2465111,16418.95,-1045.0,-13.78446115288221
2020-04-03,10084.0,10051.5,10189.5,10378.833333333334,10175.12771646664,240.0,39.7887323943662,-100.36928139824886,-98.39302048649844,-1.9762609117504295,10523.390937125789,9855.609062874211,10189.5,667.7818742515738,53.37982876661653,47.043924801505646,66.05163669683832,-62.63736263736264,-45.67401095579432,85.63380281690142,28291.6,2450748,15626.85,-132.0,-2.019583843329253
2020-04-07,10060.0,10036.5,10167.5,10363.333333333334,10156.067933946008,242.14285714285717,37.32394366197183,-104.0437229729432,-99.5231609837874,-4.520561989155823,10496.781514497054,9838.218485502946,10167.5,658.5630289941073,51.724118648643824,48.60398941721837,57.96437711149474,-66.48351648351648,-53.93442778915526,76.69483568075117,27048.55,2441873,14891.0,-149.0,-2.3266708307307926
2020-04-08,10048.0,10044.5,10150.5,10351.0,10146.918606903531,254.64285714285717,41.97952218430034,-98.9562487312014,-99.4097785332702,0.4535298020687861,10463.967869586591,9837.032130413409,10150.5,626.9357391731864,55.11766640068318,50.77521507837331,63.80256904530293,-57.142857142857146,-49.40796578422994,97.29599268497547,26720.05,2452441,14190.55,-1030.0,-16.466826538768984
2020-04-09,10078.0,10087.5,10145.75,10346.666666666666,10153.878739579386,250.0,50.16181229773463,-81.0790965619617,-95.7436421390085,14.664545577046797,10451.506611152005,9839.993388847995,10145.75,611.5132223040091,64.34367724203251,55.29803579959304,82.43496012691145,-39.56043956043956,22.66846610313241,100.0,25488.15,2467829,13701.95,6994.0,133.85645933014354
2020-04-10,10059.0,10089.5,10128.5,10339.833333333334,10142.08076438135,240.0,43.026706231454014,-81.30549760814756,-92.85601323283632,11.550515624688757,10418.31119080496,9838.68880919504,10128.5,579.6223816099227,56.8742794516776,55.82345035028789,58.97593765445701,-42.85714285714285,-20.11387735831307,79.00534257601342,25492.7,2435283,13538.85,5699.0,46.640477944185285
2020-04-13,10077.0,10080.5,10115.5,10334.75,10138.073072535506,241.07142857142856,49.22600619195046,-74.97227338384073,-89.2792652630372,14.306991879196474,10384.139848907516,9846.860151092484,10115.5,537.2796978150291,58.22269971108008,56.62320013721862,61.42169885880301,-31.746031746031747,-20.495763700305183,97.24644196964894,25638.05,2463574,13434.45,-329.0,-1.83614242661011
2020-04-14,10106.0,10083.0,10106.5,10328.833333333334,10136.351827532124,219.28571428571428,54.6979865771812,-67.56051909546841,-84.93551602952344,17.374996934055034,10360.791585638051,9852.208414361949,10106.5,508.5831712761064,60.654213600490166,57.96687129164246,66.02889821818559,-28.571428571428573,2.0392525715296843,100.0,25363.35,2479067,13275.95,-1542.0,-8.76684291318438
2020-04-15,10096.0,10072.0,10090.25,10321.916666666666,10124.318320148112,205.0,57.80141843971632,-69.75859742685134,-81.90013230898901,12.141534882137677,10323.746872513711,9856.753127486289,10090.25,466.9937450274229,53.84610408615053,56.59328222314515,48.35174781216128,-46.03174603174603,-19.142866396816032,100.0,25473.0,2456557,13284.65,1525.0,9.50333395650278
2020-04-16,10064.0,10071.0,10078.5,10314.916666666666,10118.192765848293,189.64285714285717,52.01612903225806,-66.6971648098206,-78.85953880915534,12.162373999334733,10291.352803104572,9865.647196895428,10078.5,425.7056062091433,53.13878203444519,55.44178216024516,48.53278178284525,-51.61290322580645,-27.46835876552505,71.74803304484654,25653.55,2476530,13247.45,-1155.0,-6.572956977008881
2020-04-17,10086.0,10072.5,10074.75,10308.75,10120.269645291311,180.0,47.80701754385965,-57.15675845961596,-74.51898273924746,17.362224279631505,10279.983499881682,9869.516500118318,10074.75,410.4669997633646,58.797502199208665,56.56035550656633,63.27179558449332,-34.40860215053763,18.96287807121975,51.19319640564829,24455.45,2491971,13098.6,-767.0,-4.671986355606994
2020-04-20,10076.0,10076.5,10064.0,10301.083333333334,10113.577298120712,171.07142857142858,48.01762114537445,-56.210209228434906,-70.85722803708495,14.647018808650046,10248.77867272696,9879.22132727304,10064.0,369.55734545391897,55.673430584913056,56.26471386601524,54.49086402270868,-50.57471264367816,15.712798732901156,52.22166111528957,23595.3,2477416,13213.5,-217.0,-1.3865814696485623
2020-04-21,10051.0,10078.5,10057.5,10291.416666666666,10102.284222109216,171.42857142857142,44.63519313304721,-59.21550303046024,-68.52888303576002,9.313380005299775,10242.389725312998,9872.610274687002,10057.5,369.7794506259961,43.48816940954988,52.00586571386012,26.452776800929428,-63.2183908045977,-28.02144049159202,35.70386266094422,23484.65,2458285,13307.9,256.0,1.6587831270653774
2020-04-22,10074.0,10085.0,10064.75,10285.666666666666,10104.447629527383,166.07142857142858,52.20883534136546,-50.52488702885057,-64.92808383437813,14.403196805527555,10248.210163465934,9881.289836534066,10064.75,366.92032693186775,52.62847657606356,52.21340266792793,53.45862439233481,-33.333333333333336,7.131376518540669,72.68909785483399,22030.6,2484202,13211.55,76.0,0.4844158327490522
2020-04-23,10081.0,10072.5,10080.0,10278.666666666666,10103.54785528668,162.85714285714286,48.77049180327869,-45.53338005290061,-61.04914307808263,15.515763025182018,10210.303289937056,9949.696710062944,10080.0,260.6065798741147,57.08565105070903,53.8374854621883,63.5819822277505,-40.22988505747127,22.02229970698032,55.89824070371851,20150.35,2470381,12954.15,415.0,2.6324135743736043
2020-04-24,10075.0,10080.5,10085.0,10270.5,10104.162345259378,166.42857142857142,54.46428571428572,-39.907175099631786,-56.82074948239247,16.91357438276068,10211.61587162504,9958.38412837496,10085.0,253.23174325007855,51.10057896134226,52.92518329523962,47.45137029354754,-50.45045045045045,93.26920543106908,83.70339721254355,22127.55,2558535,13044.95,1641.0,10.14215080346106
2020-04-27,10102.0,10089.0,10084.75,10263.416666666666,10111.861169520387,180.3571428571429,59.05172413793103,-29.06149116075176,-51.26889781806433,22.20740665731257,10210.509796102688,9958.990203897312,10084.75,251.51959220537535,49.95490310818456,51.9350898995546,45.99452952544448,-44.44444444444444,116.3571276911322,100.0,24325.65,2639330,13339.4,1378.0,7.732450479771047
2020-04-28,10140.0,10095.5,10089.25,10264.75,10118.82677242321,169.64285714285714,55.81395348837209,-20.23297535495294,-45.06171332544206,24.828737970489115,10222.756357033742,9955.743642966258,10089.25,267.0127140674849,49.19111920607943,51.02043300172954,45.53249161477919,-52.33644859813084,63.94171855482163,79.7955255435297,24320.05,2639330,13597.35,-2071.0,-10.787020157299864
2020-04-29,10118.0,10096.0,10084.0,10261.0,10108.938508382904,169.28571428571428,40.55299539170507,-26.646725360609707,-41.378715732475584,14.731990371865876,10220.63628245898,9947.36371754102,10084.0,273.2725649179629,37.28125895789911,46.44070832045273,18.96236023279188,-84.11214953271028,-12.48484951359461,0.0,24581.4,2617787,13905.1,-1654.0,-9.65670247547875
2020-04-30,10109.0,10095.0,10083.0,10257.916666666666,10103.325317108342,157.85714285714286,51.0752688172043,-28.576053993410824,-38.81818338466263,10.242129391251808,10220.35853967283,9945.64146032717,10083.0,274.71707934566075,31.58494186936864,41.488786170091366,11.7772532679232,-77.57009345794393,-22.7102810215789,56.88106231432763,24512.45,2631703,14284.0,-315.0,-2.035672741372629
2020-05-06,10109.0,10092.0,10082.25,10255.083333333334,10103.961001193262,156.42857142857142,50.54347826086956,-24.97565843228949,-36.04967839418801,11.074019961898514,10218.804404041604,9945.695595958396,10082.25,273.1088080832087,31.633550989835506,38.20370777667274,18.49323741616104,-66.35514018691589,2.632228667511856,54.00632122465558,24932.15,2647789,14600.05,-2302.0,-15.185698265057058
2020-05-07,10103.0,10102.5,10089.5,10252.166666666666,10108.821858222474,154.28571428571428,51.85185185185185,-18.280469221357635,-32.495836559621935,14.2153673382643,10225.297837359729,9953.702162640271,10089.5,271.5956747194541,34.55057245476213,36.98599600270254,29.679725358881317,-57.94392523364486,32.37013273943517,61.079096921467794,24850.05,2660510,14950.7,560.0,4.355603951155018
2020-05-08,10090.0,10115.0,10096.75,10248.75,10109.886443153666,154.28571428571428,56.321839080459775,-15.618648965255488,-29.120399040748648,13.50175007549316,10221.872045682563,9971.627954317437,10096.75,250.24409136512625,31.635865507475827,35.202619170960304,24.502358180506874,-64.48598130841121,25.23909508461105,85.24285049572286,25283.85,2642959,15271.2,-752.0,-5.604829693672208
2020-05-11,10122.0,10120.0,10102.5,10245.25,10116.087734281888,150.0,56.57142857142857,-8.967722565570512,-25.08986374571302,16.12214118014251,10231.034246921115,9973.965753078885,10102.5,257.0684938422346,33.635379872367395,34.68020607142933,31.54572747424352,-55.76923076923077,41.59855273510616,86.59207559325674,25497.5,2657800,15734.75,1831.0,14.457165416502171
2020-05-12,10143.0,10126.0,10099.25,10240.583333333334,10119.79366435028,148.92857142857142,50.920245398773,-5.250128120625959,-21.121916620695607,15.871788500069648,10218.204878663695,9980.295121336305,10099.25,237.9097573273939,33.53469769268938,34.29836994518268,32.007353187702776,-59.61538461538461,50.04486278029834,56.043040304502085,25500.4,2642354,15817.5,-622.0,-4.290838852097134
2020-05-13,10172.0,10140.5,10110.5,10237.333333333334,10132.67045822168,149.64285714285714,62.42424242424242,5.699555596873324,-15.75762217718182,21.457177774055147,10243.596719877332,9977.403280122668,10110.5,266.1934397546647,55.04877282076727,41.21517090371087,82.71597665488005,-40.38461538461539,69.05047822136902,100.0,25370.1,2672294,15680.9,1312.0,9.456537408101484
2020-05-14,10182.0,10142.5,10115.75,10233.75,10139.558986010092,147.85714285714286,62.804878048780495,10.224811437115932,-10.561135454322272,20.785946891438204,10255.233068204672,9976.266931795328,10115.75,278.9661364093445,61.103943785273415,47.844761864231714,87.6223076273568,-50.0,74.34380167541164,100.0,24723.5,2656935,15510.95,-996.0,-6.558672461477677
2020-05-15,10201.0,10145.5,10120.5,10228.416666666666,10146.74384448532,138.92857142857142,56.42857142857142,14.451438532038082,-5.558620657050201,20.010059189088285,10266.891688001026,9974.108311998974,10120.5,292.7833760020512,66.19050797806106,53.9600105688415,90.65150279650018,-53.763440860215056,65.6922110267279,71.34486677610805,24664.8,2671254,15396.6,-430.0,-3.030303030303028
2020-05-18,10212.0,10167.0,10131.5,10223.75,10154.673002153386,141.42857142857142,59.85401459854016,18.794790945074052,-0.6879383366253502,19.48272928169941,10275.98092206968,9987.01907793032,10131.5,288.96184413936135,69.98907428422461,59.30303180730254,91.36115923806877,-50.53763440860215,68.13088496958346,86.73881443778845,24409.35,2688655,15170.65,-707.0,-5.138081395348837
2020-05-19,10221.0,10182.0,10138.5,10218.75,10158.989859091158,125.35714285714286,56.42857142857142,19.59035433483041,3.3677201976658013,16.222634137164608,10281.957310723434,9995.042689276566,10138.5,286.9146214468674,65.918642115409,61.50823524333802,74.73945585955096,-56.98924731182796,49.27078509281345,71.34486677610805,24100.1,2674867,14977.1,-507.0,-3.884164559871295
2020-05-20,10208.0,10190.0,10141.0,10212.25,10161.943205844382,105.0,50.39370078740157,19.19268628595273,6.5327134153231885,12.659972870629543,10286.298241377412,9995.701758622588,10141.0,290.5964827548232,61.72353918805045,61.58000322490883,62.01061111433371,-35.59322033898305,24.30549233470004,44.22414744564301,23835.5,2664718,14783.3,-772.0,-6.153355651203574
2020-05-21,10212.0,10197.0,10149.75,10206.75,10167.948614811585,104.28571428571428,52.98507462686568,21.4544257201851,9.517055876295572,11.937369843889527,10293.037528380784,10006.462471619216,10149.75,286.57505676156507,62.201657704314336,61.78722138471066,63.03053034352169,-23.728813559322035,47.60752150396483,55.86978606148447,23920.05,2680964,14674.55,1484.0,12.604042806183124
2020-05-22,10179.0,10190.0,10152.5,10199.833333333334,10156.715413400956,103.57142857142856,52.5925925925926,9.02183495531972,9.418011692100402,-0.3961767367806832,10284.9863448773,10020.0136551227,10152.5,264.97268975460247,42.77496134535989,55.449801371593736,17.42528129289221,-84.48275862068965,-44.628062191033095,17.717028440432735,24056.5,2659104,14534.2,-376.0,-2.8360235329612293
2020-05-25,10146.0,10179.0,10149.5,10191.5,10147.980612124677,102.14285714285714,51.14503816793893,0.3749694278012612,7.609403239240573,-7.234433811439312,10287.222069477091,10011.777930522909,10149.5,275.44413895418256,31.784614753115747,47.56140583210108,0.2310325951450806,-79.3103448275862,-71.87565684349255,6.053715652546255,23281.6,2669523,14390.5,9.0,0.0698649278062513
2020-05-26,10128.0,10174.5,10150.25,10184.833333333334,10144.363410969943,96.42857142857144,50.0,-2.8141698821109458,5.524688614970271,-8.338858497081215,10286.88146743974,10013.61853256026,10150.25,273.2629348794799,30.805127784128448,41.97597981611021,8.46342372016494,-71.15384615384616,-61.191296109850754,0.0,23074.9,2679210,14193.65,-648.0,-5.0267628578077765
2020-05-27,10111.0,10159.5,10150.0,10180.166666666666,10140.614514687091,95.71428571428572,45.833333333333336,-5.679573388370045,3.283836214302208,-8.963409602672254,10286.959463845482,10013.040536154518,10150.0,273.91892769096376,29.511110830444608,37.82102348755501,12.891285516223803,-73.07692307692308,-42.47059078879956,0.0,19029.95,2671955,13884.55,-604.0,-4.933431348525685
2020-05-28,10070.0,10141.0,10141.75,10173.333333333334,10129.127418050224,95.35714285714286,42.30769230769231,-14.640449942980922,-0.3010210171544178,-14.339428925826503,10289.30106163452,9994.19893836548,10141.75,295.10212326904,23.437514747178128,33.02652057409605,4.259503093342289,-88.70967741935483,-80.35629872471024,0.0,15890.8,2653943,13614.0,2149.0,18.463785548586653
2020-05-29,10037.0,10108.0,10126.75,10161.75,10105.877187759726,102.5,30.13698630136986,-32.26346775707134,-6.6935103651378025,-25.56995739193353,10311.974614710723,9941.525385289277,10126.75,370.4492294214506,16.04695075972213,27.366663969304746,-6.592475659443096,-98.79518072289156,-124.47173932692048,0.0,15813.3,2634216,13631.4,3688.0,26.747896721787058
2020-06-01,10015.0,10080.5,10123.75,10152.333333333334,10091.50793178261,106.07142857142856,37.17948717948718,-40.11895501589424,-13.37859929528909,-26.74035572060515,10318.304146163668,9929.195853836332,10123.75,389.1082923273352,19.225098956093824,24.652808964901105,8.369678938479261,-75.55555555555556,-111.88979840000675,21.557867684178103,15896.65,2657426,13730.9,-12.0,-0.0686655985351336
2020-06-02,9977.0,10052.5,10117.25,10142.25,10075.173843041408,102.85714285714286,26.573426573426573,-48.60836577404916,-20.424552591041103,-28.183813183008056,10330.013149757511,9904.486850242489,10117.25,425.5262995150224,18.630686125767976,22.64543468519006,10.601189006923804,-83.33333333333333,-95.964494663519,0.0,15978.8,2641867,13824.6,-431.0,-2.4679340357306456
2020-06-03,9948.0,10029.5,10109.75,10133.583333333334,10064.204905608894,100.35714285714286,32.624113475177296,-51.51478883785603,-26.64259984040409,-24.87218899745194,10333.861696775468,9885.638303224532,10109.75,448.2233935509357,22.24951724623848,22.513462205539533,21.72162732763637,-74.44444444444444,-75.72354882416546,18.180829308619387,15667.1,2651719,14013.5,-398.0,-2.336640638760057
2020-06-04,9940.0,10005.0,10101.0,10126.666666666666,10056.185390789,103.21428571428572,33.56643356643356,-51.60939620878344,-31.635959114079967,-19.97343709470347,10331.253864474113,9870.746135525887,10101.0,460.5077289482251,30.62248518170284,25.216469864260635,41.43451581658726,-70.0,-70.2234108233408,21.01226993865028,15936.85,2669835,14178.85,89.0,0.5350165314096822
2020-06-05,9962.0,9999.5,10094.75,10119.666666666666,10050.358210713855,101.42857142857144,33.56643356643356,-49.89879632892553,-35.28852655704908,-14.610269771876446,10329.573001652869,9859.926998347131,10094.75,469.6460033057374,37.95884977025803,29.463929832926432,54.94868964492122,-65.11627906976744,-44.19214936618601,23.423121967542222,15738.6,2683421,14342.5,-786.0,-4.699832575938768
2020-06-08,9974.0,9994.5,10086.75,10113.25,10046.990762074442,101.42857142857144,36.87943262411348,-46.3944939007888,-37.50972002579702,-8.88477387499178,10320.962566519796,9852.537433480204,10086.75,468.4251330395891,45.1889407825112,34.70560014945468,66.15562204862422,-60.46511627906977,-29.58558917973292,39.02068522886039,15553.05,2694551,14385.2,-588.0,-3.6892960220855855
2020-06-09,9976.0,9976.5,10075.5,10106.833333333334,10035.848784734018,105.35714285714286,33.33333333333333,-49.90087240978755,-39.98795050259513,-9.91292190719242,10317.39819520225,9833.60180479775,10075.5,483.7963904044991,40.06748098951039,36.49289376280659,47.21665544291798,-80.23255813953489,-52.12194533025866,25.594414806033043,15341.9,2683328,14451.55,-149.0,-0.9706840390879434
2020-06-10,9993.0,9970.5,10065.0,10101.333333333334,10036.720329045063,108.92857142857144,39.53488372093023,-42.90557497484588,-40.57147539704528,-2.3340995778005933,10291.854926979197,9838.145073020803,10065.0,453.709853958393,57.01468429603722,43.3334906072168,84.37707167367806,-48.71794871794872,-32.0646049309275,49.81503687687798,14723.05,2700891,14489.6,746.0,4.907571870271688
2020-06-11,10011.0,9975.5,10058.25,10096.5,10039.88982151696,105.35714285714286,51.40845070422536,-34.941674420690106,-39.44551520177425,4.503840781084143,10275.391113467474,9841.108886532526,10058.25,434.282226934949,61.08671260761456,49.25123127401605,84.75767527481156,-30.76923076923077,11.220448858959642,100.0,15440.65,2730602,14563.3,-283.0,-1.7746284567630275
2020-06-12,10024.0,9993.0,10050.5,10092.5,10041.805076610584,105.35714285714286,49.645390070921984,-29.101676272326586,-37.37674741588472,8.275071143558137,10254.767626308954,9846.232373691046,10050.5,408.53525261790855,61.628429874002926,53.37696414067834,78.13136134065209,-33.84615384615385,-3.972889883914087,92.9009103272143,15221.7,2720662,14602.05,-1129.0,-7.207609805924409
2020-06-15,10030.0,10002.0,10041.25,10087.666666666666,10042.109355028624,103.92857142857144,45.18518518518518,-25.39111730968216,-34.97962139464421,9.588504084962054,10227.2289178771,9855.2710821229,10041.25,371.9578357541977,60.29465946402455,55.68286258179374,69.51825322848615,-38.46153846153846,1.6562035443380645,74.94157651603614,15112.9,2705437,14651.0,-503.0,-3.4606123151014745
2020-06-16,10051.0,10013.5,10033.0,10083.333333333334,10041.432273597327,110.71428571428572,44.852941176470594,-22.992347554791195,-32.58216662667361,9.589819071882417,10203.306225741502,9862.693774258498,10033.0,340.6124514830044,58.275535687880776,56.547086950489415,61.73243316266348,-41.53846153846154,-5.374892826263199,73.60377226440845,15281.85,2688270,14715.65,-193.0,-1.3754275940706997
2020-06-17,10049.0,10021.0,10025.25,10080.333333333334,10040.819676111869,104.64285714285714,51.26050420168068,-20.85094848694644,-30.235922998728174,9.384974511781742,10178.75210010564,9871.74789989436,10025.25,307.0042002112823,55.51702379192052,56.20373256429978,54.14360624716201,-41.53846153846154,-1.7038989285884658,99.40428283151452,15264.85,2688270,14779.95,-779.0,-5.629019437820649
2020-06-18,10043.0,10027.0,10016.0,10076.583333333334,10040.741611720265,98.21428571428572,66.66666666666666,-18.53673612909733,-27.89608562480201,9.359349495704675,10137.854097397796,9894.145902602204,10016.0,243.7081947955921,54.29529981189764,55.567588313499066,51.75072280869479,-40.0,11.59002765929135,100.0,15195.25,2703124,14801.6,631.0,4.831546707503831
2020-06-19,10038.0,10031.0,10015.25,10075.083333333334,10040.194791556429,93.57142857142856,60.0,-16.91122233158967,-25.699112966159547,8.787890634569877,10136.405619805795,9894.094380194205,10015.25,242.31123961159028,52.86353320793176,54.6662366116433,49.25812640050867,-45.76271186440678,25.59843108628788,83.37209302325583,14745.4,2690261,14817.7,-487.0,-3.557081294280917
2020-06-22,10007.0,10018.5,10006.5,10073.583333333334,10025.89052569391,99.64285714285714,47.05882352941176,-27.01190272007807,-25.96167091694325,-1.0502318031348177,10137.411782268984,9875.588217731016,10006.5,261.8235645379682,35.82715079359194,48.38654133895952,10.708369702856784,-94.91525423728814,-50.72085008229227,42.401960784313744,15381.65,2667117,14905.4,1441.0,10.913359588003637
2020-06-23,9979.0,10015.0,9995.75,10075.333333333334,10013.42476134211,103.57142857142856,43.15789473684211,-34.21885285099961,-27.613107303754525,-6.605745547245085,10126.185505337431,9865.314494662569,9995.75,260.87101067486583,28.572267195727964,41.78178329121568,2.153235004752545,-85.9375,-85.79560845022176,29.473684210526347,15674.45,2682660,15067.75,845.0,5.769887333560941
2020-06-24,9904.0,9976.5,9973.5,10069.5,9979.76526026191,117.85714285714286,26.811594202898547,-58.22180406068583,-33.734846655140785,-24.48695740554504,10163.627381122844,9783.372618877156,9973.5,380.2547622456877,23.381511463818644,35.64835934875,-1.152184306044063,-88.69565217391305,-161.72521586472513,0.0,18206.95,2624755,15759.55,9985.0,64.46094254357651
2020-06-29,9830.0,9936.5,9956.0,10060.833333333334,9950.263806903631,121.42857142857144,26.277372262773724,-75.56631792512962,-42.10114090913856,-33.46517701599107,10187.9391934833,9724.0608065167,9956.0,463.8783869666004,22.6864397413112,31.32771947960373,5.403880264726126,-81.30081300813008,-147.75596061487593,0.0,18741.15,2653451,16323.75,-403.0,-1.5819430814524085
2020-06-30,9753.0,9895.5,9944.25,10053.416666666666,9921.667253865193,124.64285714285714,23.35766423357664,-89.88961148929411,-51.65883502516967,-38.230776464124446,10212.328444921592,9676.171555078408,9944.25,536.1568898431833,20.988490691738328,27.881309883648598,7.202852307917794,-84.55284552845528,-108.22335739410968,0.0,18660.1,2635345,16644.2,-1187.0,-4.734365028717291
2020-07-01,9709.0,9858.0,9930.0,10045.916666666666,9897.69894397327,121.78571428571428,29.032258064516128,-98.491740504076,-61.025416120950936,-37.46632438312507,10224.654123730825,9635.345876269175,9930.0,589.3082474616458,21.29391442941285,25.685511398903348,12.510720490431872,-81.30081300813008,-91.53289426755072,13.10257339615803,18031.3,2645979,16902.0,-1265.0,-5.296211011094831
2020-07-02,9683.0,9831.0,9922.25,10040.833333333334,9885.060949309149,122.85714285714286,26.66666666666667,-96.53053969794564,-68.12644083634989,-28.40409886159576,10226.024067705795,9618.475932294205,9922.25,607.5481354115946,27.529276286275238,26.300099694693976,29.98762946943775,-65.85365853658537,-64.7127168513633,7.64044943820226,18320.0,2667312,16988.5,-3857.0,-17.051282051282048
2020-07-03,9712.0,9808.0,9914.5,10035.5,9877.436096993992,118.92857142857144,28.455284552845526,-90.7030400384665,-72.64176067677322,-18.06127936169328,10222.103641070778,9606.896358929222,9914.5,615.2072821415568,34.225866730532694,28.94202203997355,44.793556111650986,-53.7037037037037,-35.908972979094344,11.770348040559057,18467.9,2680122,16993.45,-2029.0,-10.813835740553213
2020-07-06,9740.0,9785.0,9906.0,10032.166666666666,9871.013611565992,118.21428571428572,29.50819672131148,-84.70482190025905,-75.05437292147039,-9.65044897878866,10215.372880109697,9596.627119890303,9906.0,618.7457602193899,39.00772067749799,32.29725491914836,52.42865219419724,-52.77777777777778,-32.72108036071889,14.201510407073137,17976.8,2688416,16972.95,-420.0,-2.509860164933664
2020-07-07,9772.0,9762.5,9896.75,10029.416666666666,9865.202791416848,119.28571428571428,30.25210084033614,-79.04006612929516,-75.85151156303534,-3.1885545662598105,10205.981219912252,9587.518780087748,9896.75,618.4624398245069,47.25514711833199,37.2832189855429,67.19900338391017,-52.77777777777778,-30.140634245574496,15.919176659427832,17823.15,2688416,16962.7,-581.0,-3.561358342527887
2020-07-08,9798.0,9753.5,9886.0,10025.083333333334,9858.9930017581,116.42857142857144,30.25210084033614,-74.49884646680948,-75.58097854379018,1.0821320769806988,10192.861875322296,9579.138124677704,9886.0,613.723750644589,54.83676474555466,43.13440090554682,78.24149242557034,-53.333333333333336,-34.08756619807156,15.919176659427832,17838.95,2676970,16971.15,-214.0,-1.360198309286209
2020-07-09,9804.0,9743.5,9879.25,10018.0,9852.898430162091,116.07142857142856,30.0,-70.49078152934453,-74.56293914090105,4.07215761155652,10187.970193532488,9570.529806467512,9879.25,617.4403870649767,63.22450983036977,49.8311038804878,90.01132173013372,-54.285714285714285,-25.42546482379661,15.337078651685395,17809.2,2666342,16982.9,-83.0,-0.534828275017718
2020-07-10,9772.0,9742.0,9859.25,10011.583333333334,9833.098579670464,125.0,23.489932885906043,-78.51305792843414,-75.35296289840767,-3.1600950300264685,10174.51555222709,9543.98444777291,9859.25,630.5311044541813,49.55708062765392,49.739762796209845,49.19171629054208,-82.85714285714286,-61.846527677101896,0.3609722185085246,18111.1,2642741,17046.1,1775.0,11.499093029282204
2020-07-13,9744.0,9742.0,9839.25,10004.416666666666,9817.565381606611,125.0,26.14379084967321,-81.90927951827689,-76.66422622238152,-5.245053295895374,10148.923427305195,9529.576572694805,9839.25,619.3468546103941,43.53188091226311,47.670468834894265,35.2547050670008,-78.0952380952381,-57.48600579879706,11.75523349436396,17408.7,2658404,17080.45,-860.0,-4.996804369298702
2020-07-14,9717.0,9744.5,9820.0,9997.0,9803.987726215504,117.85714285714286,32.8,-83.23783740754698,-77.97894845941461,-5.258888948132366,10119.596219496912,9520.403780503088,9820.0,599.1924389938249,40.13236505261985,45.15776757413613,30.08156000958729,-70.0,-51.85340485048189,47.68800931315481,17649.4,2673158,17155.2,-321.0,-1.9631826799584084
2020-07-15,9714.0,9756.0,9807.0,9993.25,9802.179371337836,122.14285714285714,42.465753424657535,-74.5552222221304,-77.29420321195776,2.7389809898273683,10087.439504687683,9526.560495312317,9807.0,560.8790093753669,51.446268059771256,47.25393440268117,59.83093537395144,-34.285714285714285,-16.707406092472596,100.0,17962.65,2694648,17239.85,-305.0,-1.902682470368056
2020-07-16,9706.0,9755.0,9793.0,9988.166666666666,9797.686097877093,105.35714285714286,59.04761904761904,-69.29613371820597,-75.69458931320742,6.398455595001451,10052.704285273603,9533.295714726397,9793.0,519.4085705472062,56.0923838347193,50.20008421336054,67.87698307743682,-33.333333333333336,-11.640530501750836,100.0,17564.25,2685449,17301.85,-646.0,-4.108108108108111
2020-07-17,9649.0,9710.5,9759.25,9975.166666666666,9756.001707603082,130.71428571428572,32.96703296703298,-95.89603721264577,-79.73487889309509,-16.161158319550665,10058.903747550488,9459.596252449512,9759.25,599.3074951009767,41.06464732712173,47.15493858461427,28.884064812136657,-89.1891891891892,-106.05649710020089,26.924575229990143,18891.25,2649100,17565.7,3258.0,21.606207308176927
2020-07-20,9566.0,9655.0,9720.0,9961.916666666666,9708.28725925993,138.21428571428572,30.150753768844226,-124.01965348649172,-88.59183381177442,-35.42781967471731,10066.7594342814,9373.2405657186,9720.0,693.5188685628018,31.63708318048717,41.98232011657191,10.94660930831772,-87.5912408759124,-140.8314954116204,18.73243622390219,20034.45,2611382,17889.75,1835.0,10.007089491192666
2020-07-21,9486.0,9601.5,9682.0,9949.916666666666,9667.02180599708,138.57142857142858,30.150753768844226,-143.0450548009121,-99.48247800960198,-43.562576791310136,10049.371889593036,9314.628110406964,9682.0,734.7437791860721,26.35454668172829,36.77306230495737,5.517515435270141,-84.67153284671532,-117.92778767559012,18.73243622390219,20297.55,2629507,18199.0,-783.0,-3.881618084473526
2020-07-22,9357.0,9535.5,9644.5,9933.5,9616.829253044978,143.92857142857142,19.806763285024147,-167.09008369624462,-113.00399914693052,-54.08608454931411,10070.85418930373,9218.14581069627,9644.5,852.7083786074618,19.383756744734963,30.97662711821657,-3.801984002228252,-94.70198675496688,-117.84971532909267,0.0,20264.8,2607018,18454.9,374.0,1.928928774047134
2020-07-23,9235.0,9470.5,9607.0,9917.666666666666,9571.893133707365,152.14285714285714,16.999999999999986,-183.62576065189023,-127.12835144792248,-56.49740920396776,10070.86704084139,9143.13295915861,9607.0,927.7340816827782,18.20705734201843,26.720103859483856,1.180964307087578,-84.33734939759036,-111.01945868749328,0.0,21034.55,2637956,18691.0,449.0,2.271922279006233
2020-07-24,9200.0,9424.5,9583.25,9902.25,9535.046168592376,170.0,19.806763285024147,-191.29757865814463,-139.96219688996692,-51.33538176817771,10082.947540096951,9083.552459903049,9583.25,999.3950801939064,20.13024095705712,24.52348289200828,11.3437570871548,-76.30057803468208,-90.65973165709369,6.675201470612385,19863.5,2672440,18305.85,-2440.0,-12.072036414011478
2020-07-27,9185.0,9375.5,9558.75,9885.5,9501.232247774054,177.5,19.711538461538467,-195.52709329372192,-151.07517617071792,-44.451917123004,10087.72990211548,9029.77009788452,9558.75,1057.9598042309626,21.21743159320377,23.421465792406774,16.809363194797754,-76.60818713450293,-68.48465731374145,6.448732467985061,19621.75,2648579,17921.35,-390.0,-2.1944632005401754
2020-07-28,9164.0,9325.0,9534.75,9868.583333333334,9469.68631941462,178.92857142857142,19.711538461538467,-197.4103074008672,-160.34220241674777,-37.0681049841194,10089.238621685736,8980.261378314264,9534.75,1108.9772433714716,21.775476483822597,22.87280268954538,19.580824072377027,-77.77777777777777,-66.16083830243734,6.448732467985061,19398.45,2634939,17565.3,-618.0,-3.555402140144981
2020-07-29,9170.0,9263.5,9509.75,9854.5,9441.144765184656,187.8571428571429,19.806763285024147,-196.63606993608664,-167.60097592061555,-29.03509401547109,10083.321222576951,8936.178777423047,9509.75,1147.142445153906,22.433650989215064,22.726418789435275,21.84811538877464,-77.77777777777777,-65.51514868500965,6.675201470612385,19876.9,2634939,17273.55,21.0,0.1252684323550523
2020-07-30,9186.0,9210.5,9482.75,9840.75,9420.559549452786,182.8571428571429,27.65957446808511,-189.4011423504489,-171.96100920658222,-17.440133143866717,10056.56892430865,8908.93107569135,9482.75,1147.6378486173016,34.63448218558112,26.695773254817222,50.51190004710891,-71.34502923976608,-48.78775912480346,25.351196356714333,19814.55,2655025,17082.3,-1847.0,-11.003872505212986
2020-07-31,9201.0,9200.5,9455.5,9826.583333333334,9405.268163790615,188.2142857142857,28.421052631578945,-178.7823114232342,-173.32526964991263,-5.457041773321578,10016.5037995931,8894.4962004069,9455.5,1122.0075991861995,47.332079032811656,33.57454184748203,74.8471534034709,-67.25146198830409,-32.5839673328518,27.16218632651847,20407.0,2679684,16865.9,-2532.0,-16.95006024902932
2020-08-03,9203.0,9194.0,9424.5,9810.5,9384.766433905796,192.5,26.108374384236456,-174.00935486859998,-173.46208669365012,-0.5472681749498634,9971.365710447417,8877.634289552583,9424.5,1093.7314208948335,49.73653753702595,38.96187374399667,71.28586512308452,-75.43859649122807,-44.29971886171136,21.662045534424216,20604.25,2667445,16608.35,-1243.0,-10.019345477994523
2020-08-04,9201.0,9182.5,9392.0,9794.5,9363.360106867149,186.78571428571428,16.577540106951872,-170.68000879452848,-172.9056711138258,2.225662319297328,9919.310953902212,8864.689046097787,9392.0,1054.6219078044269,48.74210727576622,42.221951587919854,61.78241865145897,-78.3132530120482,-44.7812529046387,0.0,20476.65,2659484,16385.85,120.0,1.0749798441279212
2020-08-05,9205.0,9187.5,9361.5,9778.083333333334,9346.84962049885,197.5,19.786096256684488,-163.73331305222746,-171.07119950150616,7.337886449278699,9859.179880202017,8863.820119797983,9361.5,995.3597604040332,50.676556365662336,45.04015318050068,61.94936273598563,-73.75,-30.7659286701956,19.576909286482568,20719.6,2675789,16138.55,-710.0,-6.29265266329877
2020-08-06,9139.0,9162.5,9316.5,9757.083333333334,9303.816323308483,192.8571428571429,22.15568862275448,-179.95760199427423,-172.84848000005977,-7.109121994214462,9811.890329888834,8821.109670111166,9316.5,990.7806597776688,34.81529874549311,41.63186836883149,21.182159498816347,-97.0873786407767,-65.50710815617587,41.09674138161997,21715.4,2645245,15949.1,1074.0,10.157949493994137
2020-08-07,9065.0,9133.0,9278.75,9734.333333333334,9264.405244898153,191.07142857142856,25.17006802721089,-191.01700100021665,-176.48218420009113,-14.534816800125498,9783.71352135054,8773.786478649461,9278.75,1009.927042701078,30.58724834398994,37.95032836055098,15.86108831086787,-77.8688524590164,-87.01668722878715,63.30503692270811,21535.8,2625236,15589.75,-1623.0,-13.934918863226589
2020-08-10,9087.0,9145.0,9260.25,9719.25,9267.79522157452,217.8571428571429,51.11111111111111,-164.7983876743856,-174.14542489495005,9.347037220564433,9730.798112647144,8789.701887352856,9260.25,941.0962252942882,50.172919661020615,42.02452546070752,66.4697080616468,-10.655737704918034,-24.022100427808915,100.0,22238.35,2654950,15239.0,-688.0,-6.863527533918601
2020-08-11,9125.0,9163.0,9244.0,9704.833333333334,9275.624248091231,218.92857142857144,60.09615384615385,-138.39009076469665,-166.99435806889934,28.604267304202693,9675.028146595898,8812.971853404102,9244.0,862.0562931917957,59.04001095680944,47.69635395940816,81.72732495161199,-23.225806451612904,30.74861193560096,100.0,23649.8,2697933,14861.3,-860.0,-9.21165381319623
2020-08-12,9123.0,9164.0,9213.75,9687.333333333334,9266.517176844449,220.3571428571429,51.45228215767634,-129.6839881629203,-159.53228408770354,29.848295924783255,9561.855776422835,8865.644223577163,9213.75,696.2115528456743,57.63957719701274,51.01076170527635,70.89720818048553,-45.16129032258065,1.7189042375938866,80.13752979293312,23775.85,2673922,14447.75,-1022.0,-12.057574327512976
2020-08-13,9190.0,9164.5,9187.5,9671.166666666666,9263.039350478308,209.64285714285717,51.85185185185185,-117.39648341038446,-151.10512395223975,33.70864054185529,9425.529188833729,8949.470811166273,9187.5,476.0583776674539,58.85649232489021,53.62600524514764,69.31746648437536,-38.70967741935484,20.790268091823823,81.05568793227562,24062.7,2688858,14007.85,-1173.0,-15.736517306144348
2020-08-14,9213.0,9139.0,9169.75,9651.416666666666,9238.46417424228,217.14285714285717,43.90243902439024,-124.3803872833505,-145.7601766184619,21.37978933511141,9406.559383704544,8932.940616295456,9169.75,473.618767409087,49.99034972196982,52.41412007075503,45.14280902439938,-67.74193548387096,-46.19372552359465,62.78899204186701,23057.2,2672619,13364.25,-816.0,-12.99156185320809
2020-08-17,9153.0,9120.0,9157.0,9631.0,9215.75330050492,217.14285714285717,44.05594405594406,-128.83352692988046,-142.37484668074563,13.54131975086517,9401.807120639472,8912.192879360528,9157.0,489.614241278945,43.8645342232487,49.56425812158625,32.46508642657358,-68.38709677419355,-77.77442922048799,63.14172623619071,21575.15,2664542,12590.85,-761.0,-13.92497712717292
2020-08-18,9081.0,9103.0,9142.75,9613.333333333334,9194.252986171115,217.14285714285717,43.75,-131.65198646001227,-140.23027463659898,8.57828817658671,9391.779167600482,8893.720832399518,9142.75,498.0583352009635,39.35054969721956,46.15968864679735,25.73227179806399,-69.6774193548387,-48.59677494471899,62.43870739055946,21066.95,2656581,11832.7,-478.0,-10.16156462585034
2020-08-19,9059.0,9091.0,9139.25,9596.75,9182.419368440533,218.92857142857144,44.7098976109215,-125.97810732880498,-137.37984117504018,11.401733846235205,9390.400510545704,8888.099489454296,9139.25,502.3010210914072,39.78208689492057,44.03382139617176,31.278617892418183,-59.354838709677416,-55.365882971188114,64.64442473411725,20236.8,2662467,11042.7,-263.0,-6.223379081874114
2020-08-20,8999.0,9094.5,9128.5,9577.083333333334,9158.379428589054,222.14285714285717,39.4904458598726,-131.2652036524596,-136.1569136705241,4.891710018064487,9396.457184325369,8860.542815674633,9128.5,535.9143686507341,30.225094966984084,39.43091258644253,11.813459728067189,-77.41935483870968,-61.16364321397118,52.65081716580638,18941.05,2657444,10210.45,-396.0,-9.99242997728993
2020-08-21,9108.0,9160.5,9146.75,9567.833333333334,9195.676625866286,267.1428571428572,58.49056603773585,-84.45292637153398,-125.81611621072608,41.3631898391921,9474.055989139086,8819.444010860914,9146.75,654.6119782781716,46.65109850801009,41.83764122696505,56.27801307010017,-17.1875,134.99419358824233,96.31057225756328,18248.25,2678072,9932.6,8648.0,242.4446313428652
2020-08-24,9249.0,9201.0,9173.0,9562.583333333334,9244.18361387902,276.07142857142856,62.1380846325167,-34.44954187654548,-107.54280134388996,73.09325946734448,9584.830317638609,8761.169682361393,9173.0,823.6606352772142,63.4178055094051,49.03102932111173,92.19135788599183,-2.5641025641025643,120.5332727763583,100.0,18219.8,2701364,9633.9,-807.0,-6.606631191158408
2020-08-25,9393.0,9237.0,9200.0,9559.666666666666,9288.547079223876,268.2142857142857,61.71171171171172,5.518346737779211,-84.93057172755614,90.44891846533535,9676.699176906312,8723.300823093687,9200.0,953.3983538126269,72.92987800243864,56.997312214887366,104.7950095775412,-6.829268292682927,111.46419328145794,98.93359837489258,18668.65,2723981,9322.6,-870.0,-7.626227208976156
2020-08-26,9515.0,9287.0,9225.5,9555.083333333334,9325.828309773982,245.7142857142857,70.076726342711,34.37617004828644,-61.069223372387626,95.44539342067408,9747.821739926649,8703.178260073353,9225.5,1044.6434798532937,78.12183437710469,64.03881960229313,106.28786392672782,-9.75609756097561,88.51860130866663,100.0,18514.7,2706857,9041.75,630.0,5.978364015942295
2020-08-27,9664.0,9331.5,9248.0,9551.0,9359.082756462174,236.42857142857144,70.076726342711,56.19496415141112,-37.61638586762788,93.811350019039,9807.665313520403,8688.334686479595,9248.0,1119.3306270408102,81.391567745656,69.82306898341409,104.52856527013984,-11.35135135135135,79.28539655254158,100.0,18093.15,2695202,8881.25,560.0,5.014326647564471
2020-08-28,9688.0,9398.0,9268.5,9546.166666666666,9388.693922513396,212.5,61.935483870967744,72.25020210512412,-15.643068273077484,87.8932703782016,9859.191833450626,8677.808166549374,9268.5,1181.3836669012526,83.37981911013082,74.34198569231967,101.45548594575314,-12.64367816091954,67.93685950763029,73.38269857195873,17783.55,2676735,8835.55,-236.0,-2.0122783083219686
2020-08-31,9707.0,9478.0,9299.0,9543.166666666666,9427.865929893072,206.42857142857144,63.803680981595086,94.37609848361537,6.360765078261082,88.01533340535427,9933.960421476886,8664.039578523114,9299.0,1269.920842953772,87.65861814549262,78.78086317671065,105.4141280830566,-3.783783783783784,75.94992634441441,79.4906563920525,18223.95,2697782,8906.7,1094.0,9.519665854507476
2020-09-01,9724.0,9558.5,9330.75,9539.833333333334,9462.831079427066,199.28571428571428,70.98976109215018,110.23683099116715,27.1359782608423,83.10085273032485,9999.07292068714,8662.42707931286,9330.75,1336.6458413742805,87.86084747114474,81.80752460818869,99.96749319705684,-11.5,75.60435778706237,100.0,18880.75,2676685,9063.65,1836.0,14.587637057047507
2020-09-02,9749.0,9632.0,9361.5,9536.333333333334,9495.418595672108,195.7142857142857,70.17543859649123,122.20479143450756,46.14974089557536,76.0550505389322,10058.532053933335,8664.467946066663,9361.5,1394.064107866674,82.93287267307085,82.18264062981606,84.43333675958041,-10.5,61.702836096448415,97.41479302120035,18820.95,2691794,9265.35,185.0,1.282762446262664
2020-09-03,9817.0,9740.5,9417.5,9537.75,9544.90253894143,198.92857142857144,85.81560283687944,146.94088817576267,66.30797035161282,80.63291782414984,10136.347762230054,8698.652237769946,9417.5,1437.6955244601086,82.11785007473016,82.16104377812076,82.03146266794897,-9.79591836734694,80.75402372919068,100.0,20418.15,2754282,9527.75,2288.0,15.66372287259532
2020-09-04,9897.0,9792.5,9476.5,9538.166666666666,9594.911820947009,205.0,86.64383561643835,169.03394530152218,86.8531653415947,82.18077995992748,10206.662923419726,8746.337076580274,9476.5,1460.3258468394524,81.52586016378022,81.94931590667392,80.67894867799282,-9.019607843137257,84.04373358368828,100.0,21291.8,2791764,9868.4,-58.0,-0.3432968333826558
2020-09-07,9987.0,9847.0,9524.0,9541.166666666666,9657.301171333003,207.14285714285717,88.65030674846625,198.775982134508,109.23772870017736,89.53825343433064,10325.8964364161,8722.1035635839,9524.0,1603.7928728322004,86.68888190023159,83.52917123785981,93.00830322497517,-1.4705882352941178,87.0347579793986,100.0,21555.2,2826746,10353.55,2202.0,13.078339371622016
2020-09-08,10070.0,9897.0,9567.0,9543.666666666666,9709.939155015576,203.57142857142856,85.84905660377359,216.6220111958573,130.71458519931338,85.90742599654396,10420.200784661716,8713.799215338284,9567.0,1706.4015693234323,88.14084663995538,85.06639637189167,94.2897471760828,-4.477611940298507,77.05523081473517,94.30175331244148,20869.95,2797468,10867.85,-277.0,-1.4549083460265733
2020-09-09,10110.0,9929.5,9608.25,9543.0,9738.040187871236,218.57142857142856,82.4773413897281,211.7820395351373,146.92807606647818,64.85396346865912,10462.442601232298,8754.057398767702,9608.25,1708.385202464597,77.12791136541244,82.42023470306526,66.54326469010681,-40.49079754601227,57.73327053114887,79.53243226477109,22066.55,2749525,11320.4,-2257.0,-12.029634367338238
2020-09-10,10093.0,9955.0,9643.25,9541.25,9756.322074740645,172.14285714285714,67.11711711711712,199.5936624273363,157.46119333864982,42.13246908868649,10489.51283711013,8796.98716288987,9643.25,1692.5256742202582,64.29739545572951,76.37928828728668,40.133609792615175,-49.693251533742334,38.4885922611331,20.065654493229385,22305.55,2729809,11834.45,57.0,0.3453498939715249
2020-09-11,10074.0,9985.5,9691.75,9540.25,9777.148543812962,166.78571428571428,63.5,191.3595360616528,164.2408618832504,27.11867417840236,10494.03801102321,8889.46198897679,9691.75,1604.5760220464217,56.52613248961203,69.7615696880618,30.055258092712503,-48.97959183673469,36.69184153296147,6.638387361510045,22540.6,2750749,12387.15,-43.0,-0.2596304794106996
2020-09-14,10029.0,10008.0,9743.0,9540.0,9800.753444402204,170.0,65.07177033492823,186.7161659909707,168.73592270479446,17.980243286176233,10488.148519282884,8997.851480717116,9743.0,1490.2970385657682,54.07753094935884,64.5335567751608,33.1654792977549,-42.17687074829932,37.53383359126614,11.739873696119972,23046.9,2768952,12986.75,177.0,1.0714934318057925
2020-09-15,9988.0,10029.0,9793.75,9539.5,9820.20549731628,175.0,65.70048309178745,179.35493683597997,170.85972553103156,8.495211304948413,10456.68506072378,9130.81493927622,9793.75,1325.8701214475586,48.43263968052494,59.16658441028218,26.964750221010465,-44.89795918367347,33.68431437080964,14.093296587007902,23745.5,2747019,13591.4,-377.0,-2.258025874460945
2020-09-16,9986.0,10048.0,9840.0,9541.25,9836.852592809966,177.14285714285714,65.38461538461539,170.7459403545945,170.83696849574417,-0.0910281411496782,10413.346593073922,9266.653406926078,9840.0,1146.6931861478442,38.312522839225466,52.21523055326328,10.507107411149846,-46.25850340136054,29.38820552143462,12.910927874999294,24051.35,2735016,14177.6,-632.0,-3.872786322691346
2020-09-17,10023.0,10058.0,9899.25,9544.916666666666,9863.34282206616,181.78571428571428,69.26406926406926,171.62782698194496,170.99514019298437,0.6326867889605978,10293.621919038762,9504.878080961238,9899.25,788.7438380775238,41.204332495226616,48.54493120058439,26.52313508451107,-33.333333333333336,51.49092939465383,22.91848493824345,25333.45,2765681,14873.6,1800.0,11.47446930579461
2020-09-18,10058.0,10066.0,9929.25,9553.083333333334,9890.643505678909,180.3571428571429,66.50943396226415,173.15491391810974,171.42709493800945,1.7278189801002952,10302.475979239049,9556.024020760951,9929.25,746.4519584780974,45.94345057914706,47.67777099343861,42.47480975056396,-30.327868852459016,54.47719319474721,11.965794263911633,25371.9,2787078,15160.15,459.0,2.6248069994853296
2020-09-21,10080.0,10054.5,9950.75,9560.833333333334,9913.915552757106,179.28571428571428,65.88785046728972,171.18149298299068,171.37797454700572,-0.1964815640150448,10319.09301805161,9582.40698194839,9950.75,736.6860361032195,47.89804335798559,47.75119511495427,48.191739844048215,-32.78688524590164,58.05916680156607,9.494319457695452,25096.9,2769286,15487.25,4.0,0.0222890894906901
2020-09-22,10087.0,10037.5,9967.25,9567.333333333334,9925.923595351664,183.2142857142857,60.17316017316018,160.10623164655226,169.12362596691503,-9.017394320362769,10319.393436684542,9615.106563315458,9967.25,704.2868733690848,44.63044160373642,46.71094394454832,40.46943692211264,-56.19047619047619,23.200385193273497,0.0,25133.6,2745935,15771.85,-1720.0,-9.582172701949863
2020-09-23,10087.0,10036.5,9983.0,9572.75,9932.502300556269,170.0,48.989898989899,146.0147165636281,164.50184408625768,-18.487127522629574,10308.194678534826,9657.805321465174,9983.0,650.3893570696528,37.28050945625439,43.56746578178368,24.70659680519581,-81.92771084337349,8.01002645835462,0.0,25070.55,2730072,15997.7,-545.0,-3.35797905113987
2020-09-24,10029.0,10026.0,9990.5,9573.75,9922.263986217577,173.92857142857142,38.91402714932127,119.74911680847435,155.55129863070104,-35.802181822226686,10291.828636821032,9689.171363178968,9990.5,602.657273642064,27.816635933799223,38.31718916578887,6.815529469819936,-92.72727272727272,-38.10090176406749,0.0,26145.8,2696912,16167.7,-557.0,-3.5511635320369828
2020-09-25,9977.0,10017.5,10001.5,9575.166666666666,9919.191225625424,171.07142857142858,31.818181818181827,102.9911783472162,145.03927457400408,-42.04809622678789,10267.56489117467,9735.43510882533,10001.5,532.1297823493405,26.60303201447421,34.412470115350644,10.98415581272134,-80.18018018018019,-52.978328395626654,0.0,26566.05,2723784,16275.45,-1481.0,-9.789793759915389
2020-09-28,9917.0,9998.5,10003.25,9575.583333333334,9911.1730136611,172.85714285714286,31.343283582089555,84.30058635224668,132.8915369296526,-48.59095057740592,10264.14471560685,9742.35528439315,10003.25,521.7894312136996,21.76465870562017,30.19653297877382,4.900910159312865,-90.09009009009009,-63.15214823609309,0.0,26490.25,2704253,16304.25,-485.0,-3.553894628856158
2020-09-29,9851.0,9969.0,9999.0,9573.916666666666,9892.013679026708,155.71428571428572,34.05405405405405,58.72475973109067,118.05818148994022,-59.33342175884955,10276.424242859768,9721.575757140232,9999.0,554.8484857195363,14.82423787921848,25.07243461225537,-5.672155586855311,-99.05660377358492,-99.36072225663406,7.148508194682992,26262.05,2687720,16275.6,687.0,5.219571493693964
2020-09-30,9798.0,9942.5,9995.25,9572.75,9876.583804833688,156.42857142857142,38.50574712643678,39.61293249535629,102.36913169102344,-62.75619919566715,10285.4491149466,9705.0508850534,9995.25,580.3982298931987,12.885828255815325,21.010232493442025,-3.362980219438086,-90.990990990991,-100.66687075423393,18.887961880364973,26331.75,2704223,16143.3,-1888.0,-13.632753267383924
2020-10-09,9823.0,9926.0,9992.0,9575.333333333334,9883.575823420955,169.64285714285714,48.80382775119617,41.73770679789777,90.2428467123983,-48.50513991450053,10282.723236085456,9701.276763914544,9992.0,581.4464721709119,24.80676838675976,22.27574445788127,29.868816244516744,-51.35135135135136,-32.39397456695956,46.04478481943483,25165.65,2743389,15924.6,560.0,4.681882785720259
2020-10-12,9825.0,9901.0,9983.5,9579.583333333334,9885.1400307142,170.35714285714286,44.019138755980855,38.9381686383731,79.98191109759327,-41.04374245922017,10274.561577858129,9692.438422141871,9983.5,582.1231557162573,32.65506170838929,25.73551687471728,46.49415137573331,-60.36036036036036,-24.02330044843118,33.42719552331158,24778.65,2713647,15747.75,779.0,6.221547799696503
2020-10-13,9850.0,9883.5,9969.0,9584.416666666666,9892.269551598562,169.28571428571428,47.92626728110599,41.087383258254704,72.20300552972556,-31.11562227147085,10231.670496009134,9706.329503990866,9969.0,525.3409920182676,44.26000097828362,31.91034490923939,68.95931311637209,-49.549549549549546,-20.927248423192275,43.730591022265706,24182.65,2736709,15480.7,398.0,2.9924812030075243
2020-10-14,9927.0,9889.0,9963.25,9591.416666666666,9911.577213351078,187.14285714285717,54.132231404958674,53.07223934780996,68.37685229334244,-15.304612945532485,10208.140415879172,9718.359584120828,9963.25,489.780831758344,53.77567316680896,39.19878766176258,82.92944417690171,-27.19298245614035,45.19851006850293,60.096191081026646,26460.45,2811543,15414.2,3734.0,27.259453934881005
2020-10-15,9998.0,9898.0,9967.25,9596.416666666666,9928.093669222404,186.78571428571428,48.63636363636364,61.05955122027808,66.91339207872957,-5.853840858451491,10217.565064626457,9716.934935373543,9967.25,500.6301292529133,59.53465930418842,45.97741154257119,86.64915482742288,-28.94736842105263,63.53120925040994,49.17535717535718,26317.4,2766461,15479.15,372.0,2.134006424965573
2020-10-16,10023.0,9923.0,9974.5,9601.75,9942.08474834408,189.28571428571428,46.51162790697675,65.8238605081624,66.69548576461614,-0.8716252564537399,10228.642521142432,9720.357478857568,9974.5,508.2850422848642,62.789188074137314,51.58133705309323,85.20489011622549,-30.70175438596491,41.7582739606021,43.90949342423432,26687.3,2739347,15571.7,609.0,3.4205796450235804
2020-10-19,10071.0,9948.0,9982.75,9614.75,9960.933819930358,189.64285714285717,50.22222222222221,73.99163718091404,68.15471604787572,5.836921133038317,10247.453906081377,9718.046093918623,9982.75,529.4078121627499,68.76004351141319,57.30757253919988,91.6649854558398,-19.29824561403509,58.5230043923011,65.48393844314953,27401.05,2774562,15708.35,839.0,4.556563297670135
2020-10-20,10098.0,9974.0,9986.25,9628.75,9973.702027556035,186.07142857142856,52.55813953488372,75.95793927858722,69.71536069401802,6.242578584569202,10255.124359232395,9717.375640767605,9986.25,537.7487184647944,70.10903485556202,61.57472664465393,87.17765127737819,-27.19298245614035,43.23528155027304,93.09274003209867,27539.85,2753583,15859.1,459.0,2.384167878661958
2020-10-21,10091.0,10009.0,9989.0,9641.833333333334,9981.92088207451,183.92857142857144,53.05164319248826,73.84084902145514,70.54045835950545,3.300390661949692,10259.799984451529,9718.200015548471,9989.0,541.5999689030541,67.27807710909522,63.47584346613437,74.88254439501694,-33.333333333333336,34.20912866008596,95.25827949201754,27461.65,2733214,15972.4,-1126.0,-5.71254629394754
2020-10-22,10086.0,10042.0,9992.25,9657.166666666666,9989.356988543605,172.85714285714286,63.12849162011173,71.3406689166186,70.70050047092809,0.6401684456905059,10264.90700450431,9719.59299549569,9992.25,545.3140090086199,62.7382302678521,63.22997240004028,61.75474600347576,-33.333333333333336,22.061573010159965,100.0,27620.8,2733214,16091.65,-513.0,-2.760290556900724
2020-10-23,10082.0,10052.5,9989.25,9672.333333333334,9995.608703920405,167.5,59.880239520958085,68.16997887531761,70.194396151806,-2.0244172764883928,10257.505082847809,9720.994917152191,9989.25,536.5101656956176,59.30516164198271,61.92170214735442,54.07208063123929,-34.21052631578947,24.33139292403567,89.78061714975088,26959.35,2715778,16100.45,-409.0,-2.26316954404604
2020-10-26,10065.0,10068.0,9984.5,9686.833333333334,10001.265017832748,176.07142857142858,64.1025641025641,64.90895415491832,69.13730775242847,-4.22835359751015,10243.991405394638,9725.008594605362,9984.5,518.9828107892754,54.29867918989324,59.38069449486736,44.13464857994501,-34.21052631578947,29.34511483158999,100.0,27651.0,2715778,16088.8,50.0,0.2830776198833762
2020-10-27,10055.0,10076.5,9980.0,9701.25,10005.430254229628,171.78571428571428,75.18796992481202,60.81659627819681,67.47316545758214,-6.656569179385329,10231.500758605114,9728.499241394886,9980.0,503.0015172102285,46.93358273676499,55.23165724216657,30.337433725961816,-35.96491228070175,30.54574269286972,100.0,27474.8,2701510,16059.85,-342.0,-1.930785298932991
2020-10-28,10004.0,10047.5,9968.25,9711.833333333334,9986.34165858871,182.8571428571429,54.23728813559322,37.77196721491964,61.53292580904965,-23.760958594130003,10229.70896326897,9706.79103673103,9968.25,522.9179265379389,32.47953134831952,47.64761527755089,2.1433634898567817,-89.8989898989899,-37.20565304775161,32.78322925958967,27959.3,2668469,16155.8,778.0,4.478728916009445
2020-10-29,9947.0,10016.5,9957.25,9721.916666666666,9966.213881580265,168.57142857142858,37.41007194244605,16.89344624266414,52.60502989577255,-35.711583653108406,10232.137058147237,9682.362941852763,9957.25,549.7741162944731,25.693424939283723,40.32955183146184,-3.578828845072508,-88.78504672897196,-76.37062714896733,0.0,28347.6,2644840,16268.65,-207.0,-1.1405587084687865
2020-10-30,9909.0,9995.5,9959.25,9732.583333333334,9956.574464286903,173.57142857142858,47.61904761904762,7.522599939698921,43.588543904557824,-36.0659439648589,10230.645516388517,9687.854483611483,9959.25,542.7910327770333,27.229960060532584,35.96302124115209,9.76383769929356,-71.96261682242991,-32.79532950250938,27.023673157693768,28370.95,2678467,16326.05,-1666.0,-9.28547542080036
2020-11-02,9878.0,9971.5,9959.75,9743.25,9951.186420069103,171.78571428571428,45.77464788732394,2.887063948035575,35.448247913253375,-32.5611839652178,10230.644716390743,9688.855283609257,9959.75,541.7894327814865,30.61121916493418,34.17908721574612,23.475483063310293,-65.42056074766356,-20.526788672800816,22.141454108384544,27856.0,2695040,16418.4,-782.0,-4.804620299827967
2020-11-03,9850.0,9952.5,9963.25,9755.166666666666,9946.787713395855,154.28571428571428,33.62068965517241,-0.3788068596568337,28.282836958671336,-28.66164381832817,10229.120467075902,9697.379532924098,9963.25,531.7409341518032,33.20209223790225,33.853422223131496,31.89943226744376,-64.15094339622641,-28.28043219642657,0.0,27516.9,2707789,16532.05,-59.0,-0.3807925648638188
2020-11-04,9868.0,9936.0,9972.5,9767.416666666666,9941.8555502153,149.64285714285714,33.62068965517241,-3.730941459876704,21.88008127496173,-25.611022734838432,10212.927251279663,9732.072748720337,9972.5,480.8545025593303,34.25594027981362,33.9875949086922,34.79263102205647,-63.63636363636363,-25.784172170025485,0.0,27462.9,2692336,16571.75,-792.0,-5.131195335276972
2020-11-05,9880.0,9913.5,9977.75,9778.166666666666,9931.678831147176,148.21428571428572,30.95238095238095,-11.101064677028262,15.283852084563732,-26.384916761591995,10199.761735109469,9755.738264890531,9977.75,444.02347021893365,30.91810160068383,32.96443047268941,26.82544385667268,-75.75757575757575,-68.4028198371476,0.0,27670.15,2671688,16735.95,602.0,4.111179403127774
2020-11-06,9871.0,9890.0,9971.25,9793.583333333334,9921.042751990302,147.5,22.41379310344827,-17.945451075913297,8.637991452468327,-26.583442528381624,10204.0335000483,9738.4664999517,9971.25,465.567000096602,29.14865309964288,31.6925046816739,24.060949935580844,-78.78787878787878,-65.68570221525458,0.0,26330.0,2659325,16875.2,61.0,0.400131190554287
2020-11-09,9871.0,9874.5,9971.25,9810.416666666666,9919.03868037218,155.0,34.14634146341464,-16.721589125456376,3.566075336883386,-20.28766446233976,10204.0335000483,9738.4664999517,9971.25,465.567000096602,35.876879844206364,33.08729640251806,41.45604672758297,-62.62626262626262,-54.30704593532094,22.231608461994742,25810.3,2678673,16958.85,-333.0,-2.175617404939234
2020-11-10,9875.0,9862.5,9969.5,9820.833333333334,9919.606425098638,156.07142857142858,38.84297520661157,-13.577861510420917,0.1372879674225262,-13.715149477843443,10203.164176476455,9735.835823523545,9969.5,467.3283529529144,47.251253229470905,37.80861534483567,66.13652899874137,-57.57575757575758,-22.962039556544877,31.13110064942316,25833.45,2702198,17069.75,943.0,6.298003072196612
2020-11-11,9892.0,9880.0,9963.75,9831.333333333334,9925.358194136865,156.42857142857142,43.93939393939394,-6.572629202226381,-1.2046954665072551,-5.3679337357191255,10189.95147051502,9737.54852948498,9963.75,452.4029410300427,59.18445130552297,44.933893998398105,87.6855659197727,-46.464646464646464,-1.7113769422615353,40.7881318714038,23007.85,2720520,17002.3,167.0,1.0492586076903845
2020-11-12,9919.0,9899.5,9958.0,9844.5,9929.609794695256,156.78571428571428,43.60902255639098,-1.8070183715626629,-1.3251600475183367,-0.4818583240443259,10176.954453326663,9739.045546673337,9958.0,437.9089066533306,66.00997318673282,51.959253727843006,94.11141210451244,-48.48484848484848,1.0580745204400308,40.1621223286662,21499.65,2705602,16928.15,238.0,1.4798234160293466
2020-11-13,9946.0,9908.5,9952.0,9856.583333333334,9932.027909486183,146.42857142857142,42.64705882352941,0.7507339131061599,-0.9099812553934374,1.660715168499597,10163.91855436514,9740.08144563486,9952.0,423.8371087302803,68.86540585330211,57.59463776966271,91.40694202058091,-41.46341463414634,0.7289380829455349,38.33932983657724,21215.7,2684167,16832.8,185.0,1.133508976165687
2020-11-16,9921.0,9896.0,9933.75,9869.416666666666,9917.072870487502,152.85714285714286,34.11764705882352,-11.612858842931018,-3.050556772900954,-8.562302070030064,10140.297433063844,9727.202566936156,9933.75,413.0948661276889,50.43004458016751,55.20644003983098,40.87725366084058,-84.0,-60.73321551370971,36.77739966510019,20678.9,2659688,16697.85,47.0,0.2847449412334946
2020-11-17,9863.0,9869.0,9910.75,9880.0,9890.20878758393,145.71428571428572,38.66666666666667,-32.335185260419166,-8.907482470404597,-23.42770279001457,10142.59102992761,9678.90897007239,9910.75,463.68205985521854,36.68516381972854,49.03268129979684,11.990128859591948,-90.80459770114942,-116.00896768867035,64.48208469055376,21298.6,2626315,16649.8,2197.0,13.272518576693049
2020-11-18,9812.0,9852.0,9894.0,9892.25,9874.47461733784,144.64285714285714,46.913580246913575,-41.022646866595096,-15.330515349642695,-25.6921315169524,10128.825803298396,9659.174196701604,9894.0,469.6516065967917,34.41846170357381,44.161274767722496,14.932835575276442,-70.11494252873563,-95.25637993760024,97.20110990469294,21048.45,2641681,16632.7,-507.0,-2.7039999999999957
2020-11-19,9782.0,9850.5,9882.0,9904.75,9869.28655854376,139.64285714285714,47.23926380368098,-39.78322052537442,-20.22105638478904,-19.562164140585377,10105.357160289595,9658.642839710405,9882.0,446.7143205791908,40.1870204460607,42.83652332716856,34.88801468384497,-48.27586206896552,-37.344145638948405,100.0,21320.05,2662299,16537.75,-2070.0,-11.346817957572764
2020-11-20,9785.0,9865.5,9877.75,9922.083333333334,9878.878314872927,145.71428571428572,53.76344086021506,-26.39297800133681,-21.4554407080986,-4.937537293238218,10090.216096366605,9665.283903633395,9877.75,424.9321927332094,55.52697914794851,47.06667526742855,72.44758690898843,-13.79310344827586,8.221462502919623,100.0,21842.05,2690175,16574.4,2223.0,13.745130773511406
2020-11-23,9832.0,9876.5,9875.5,9929.75,9891.36609440884,147.14285714285714,55.44041450777202,-12.410389379925618,-19.646430442464,7.236041062538383,10080.898201191323,9670.101798808677,9875.5,410.7964023826498,65.83743054307678,53.32359369264462,90.86510424394108,-13.541666666666666,64.27523260380212,100.0,21287.6,2714316,16697.8,1785.0,9.703196347031962
2020-11-24,9877.0,9870.0,9866.25,9932.333333333334,9888.37884732228,152.85714285714286,48.41628959276018,-13.279752831755104,-18.373094920322224,5.09334208856712,10055.538835270056,9676.961164729944,9866.25,378.5776705401149,62.29439813982897,56.31386184170607,74.25547073607478,-44.79166666666666,12.230018957221052,78.73193013290708,21823.5,2689330,16680.55,-3155.0,-15.6335166740994
2020-11-25,9921.0,9866.5,9873.25,9936.25,9893.771338053491,148.57142857142858,54.86725663716815,-7.028915048067574,-16.104258945871294,9.07534389780372,10063.354541876584,9683.145458123416,9873.25,380.209083753165,65.83515431544154,59.48762599961789,78.53021094708885,-27.08333333333333,25.339047684490296,98.26455796496086,20835.95,2702620,16529.15,-1905.0,-11.188770116292725
2020-11-26,9940.0,9861.0,9880.25,9940.166666666666,9895.79311538173,147.5,54.14847161572053,-4.444595815286448,-13.772326319754326,9.327730504467878,10065.366606210078,9695.133393789922,9880.25,370.23321242015663,66.11232509918325,61.69585903280634,74.94525723193709,-33.333333333333336,31.769718632909164,93.94101682558473,20384.15,2688027,16407.05,379.0,2.5064479862442868
2020-11-27,9941.0,9863.0,9885.75,9945.166666666666,9903.336628202518,141.78571428571428,53.33333333333333,2.4171311712543684,-10.534434821552589,12.951565992806955,10075.438803320763,9696.061196679237,9885.75,379.37760664152665,70.46377228834439,64.61849678465235,82.15432329572846,-20.83333333333333,26.396557016897734,90.1181627596722,19410.05,2702172,16306.45,-1236.0,-7.974193548387099
2020-11-30,9877.0,9854.5,9875.25,9945.5,9883.018854087994,156.07142857142858,41.51624548736462,-14.969460291385984,-11.421439915519269,-3.5480203758667184,10083.916820805953,9666.583179194047,9875.25,417.3336416119055,52.10405332043472,60.44701562991314,35.41812870147788,-80.20833333333333,-47.76237822545394,34.69811527164571,20209.35,2669613,16250.5,111.0,0.7781828379136213
2020-12-01,9815.0,9846.0,9857.5,9941.333333333334,9851.30277274628,163.92857142857142,35.374149659863946,-39.58893268756765,-17.054938469928942,-22.533994217638707,10111.07444666212,9603.92555333788,9857.5,507.1488933242399,36.81936888028982,52.5711333800387,5.315839880792055,-93.75,-121.58949981239677,5.892774491157275,21054.4,2639963,16288.05,1811.0,12.598260869565214
2020-12-02,9752.0,9836.5,9844.25,9938.583333333334,9830.226318199017,168.57142857142858,38.96103896103896,-52.04477080209836,-24.052904936362825,-27.99186586573553,10116.57478674128,9571.92521325872,9844.25,544.6495734825621,31.39148401543131,45.511250258502905,3.1519515292881266,-79.46428571428571,-96.11994663436234,22.714649558560385,21142.0,2657168,16320.65,-891.0,-5.504757197578158
2020-12-03,9713.0,9826.5,9838.5,9937.166666666666,9819.728573608632,172.14285714285714,42.72445820433436,-54.031028347077154,-30.048529618505697,-23.982498728571457,10116.4454698507,9560.5545301493,9838.5,555.8909397013995,33.13003696266849,41.38417915989143,16.621752568222604,-63.392857142857146,-51.399306832955,40.36441876561043,21023.3,2675442,16215.65,-2150.0,-14.056881333769212
2020-12-04,9654.0,9797.5,9831.5,9931.583333333334,9806.42109040781,165.35714285714286,46.77966101694916,-58.16235800941468,-35.6712952966875,-22.491062712727174,10118.31738184133,9544.68261815867,9831.5,573.6347636826613,32.97778041735655,38.58204624571314,21.76924876064338,-70.53571428571429,-54.599161600959945,56.83923462354902,20884.85,2665848,16060.5,-942.0,-7.166222898440466
2020-12-07,9646.0,9761.5,9819.0,9924.583333333334,9791.523843702304,158.92857142857142,50.54945054945055,-63.12949825187752,-41.1629358877255,-21.96656236415202,10114.894718118669,9523.105281881331,9819.0,591.7894362373372,30.985186944904363,36.04975981211021,20.856041210492663,-75.89285714285714,-59.96246539861403,75.6259373859936,20464.5,2654907,15903.35,-373.0,-3.056625419978698
2020-12-08,9676.0,9745.5,9807.75,9915.416666666666,9782.807287159229,156.78571428571428,49.0566037735849,-62.31310387487065,-45.39296948515454,-16.92013438971611,10103.78475969448,9511.71524030552,9807.75,592.0695193889587,32.99012462993624,35.02988141805222,28.910611053704272,-66.96428571428571,-47.0095228409413,68.18635265420293,19766.5,2664472,15673.8,-505.0,-4.268808114961963
2020-12-09,9670.0,9711.0,9788.75,9905.25,9765.397069334538,157.14285714285714,41.72932330827068,-68.94056578604977,-50.10248874533359,-18.838077040716183,10087.005895075636,9490.494104924364,9788.75,596.5117901512713,27.66008308662416,32.57328197424287,17.833685311386745,-84.82142857142857,-61.281229347389335,31.670934758290432,19666.15,2648157,15468.25,647.0,5.713024282560708
2020-12-10,9574.0,9643.5,9752.25,9892.5,9715.35925320744,176.42857142857142,26.29870129870129,-102.0653229439722,-60.49505558506132,-41.57026735891089,10126.183219481203,9378.316780518797,9752.25,747.86643896241,21.38123186167101,28.842598603385586,6.45849837824187,-91.75824175824177,-127.71645457551024,0.0,20660.05,2613361,15350.25,1989.0,16.613765452723015
2020-12-11,9576.0,9615.0,9739.0,9888.5,9712.944086235304,207.5,41.7948717948718,-90.95719452987578,-66.58748337402422,-24.36971115585156,10101.282239493785,9376.717760506215,9739.0,724.5644789875696,42.03193235222511,33.2390431863321,59.61771068401114,-38.59649122807018,-57.81627136790868,54.24205148835543,21391.9,2649433,15011.0,-4240.0,-30.37031731251343
2020-12-14,9629.0,9637.5,9746.0,9887.5,9732.187506593846,214.28571428571428,51.358024691358025,-63.26897774356257,-65.92378224793188,2.6548045043693094,10116.527362438714,9375.472637561286,9746.0,741.0547248774274,58.32431853784704,41.60080163683708,91.77135233986697,-11.764705882352942,40.5550226985389,87.71645291743182,21320.3,2672480,14521.5,-2958.0,-30.428968213146803
2020-12-15,9679.0,9677.5,9761.75,9886.25,9752.931553584907,216.07142857142856,50.12658227848102,-38.06289362045391,-60.35160452243629,22.288710901982384,10139.127027722452,9384.372972277548,9761.75,754.7540554449042,70.40898344290204,51.2035289055254,108.81989251765532,-7.647058823529412,51.98603827640719,85.55862654715791,20332.3,2686093,13817.05,-2102.0,-31.08088126571048
2020-12-16,9781.0,9725.5,9781.0,9888.0,9786.938072291106,226.78571428571428,54.63182897862233,-5.117239180750403,-49.30473145409912,44.18749227334872,10188.554968846633,9373.445031153367,9781.0,815.1099376932652,79.08217943812517,60.49641241639199,116.25371348159152,-3.571428571428572,75.84339256869649,100.0,20209.95,2699012,13127.75,-204.0,-4.37674318815705
2020-12-17,9914.0,9744.0,9785.25,9886.5,9798.18206540624,241.42857142857144,48.44444444444444,4.399923006261815,-38.56380056202694,42.96372356828876,10196.27535457714,9374.22464542286,9785.25,822.0507091542786,77.891520985961,66.29478193958167,101.08499907871963,-24.489795918367346,42.49045718953676,78.16201372444057,19739.8,2687797,12499.35,-852.0,-19.115997307606012
2020-12-18,9983.0,9779.5,9788.5,9885.166666666666,9820.73615441517,232.14285714285717,58.233890214797135,22.17661790484817,-26.41571686865192,48.59233477350009,10206.642509074043,9370.357490925957,9788.5,836.2850181480899,81.5195173920012,71.36969375705485,101.81916466189392,-11.224489795918368,54.97655323160908,100.0,18698.35,2694844,11726.65,-663.0,-18.391123439667133
2020-12-21,9974.0,9801.5,9781.5,9880.5,9825.427949232771,235.0,57.54716981132075,22.689109715365703,-16.594751551848397,39.2838612672141,10188.57040642802,9374.42959357198,9781.5,814.1408128560397,78.3259367647355,73.68844142628173,87.60092744164305,-28.06122448979592,22.02002072083807,97.84964352244596,18605.35,2672563,11256.5,7836.0,266.34942216179473
2020-12-22,9952.0,9815.5,9780.5,9875.583333333334,9826.815763591556,235.7142857142857,55.07246376811594,20.43890689209365,-9.188019863059983,29.62692675515364,10186.856079267796,9374.143920732204,9780.5,812.7121585355926,75.17647484995973,74.18445256750772,77.16051941486376,-31.12244897959184,7.664365308889806,90.10049242236428,18845.2,2642780,10879.1,-1300.0,-12.061606977175732
2020-12-23,9880.0,9830.5,9770.75,9870.75,9819.499976582838,240.7142857142857,50.724637681159415,11.263518276797186,-5.097712235088551,16.361230511885736,10169.77875506462,9371.72124493538,9770.75,798.0575101292416,69.29327714011652,72.55406075837732,62.77170990359491,-40.30612244897959,9.429740263498504,76.48596176034225,19649.05,2613413,10660.05,1262.0,13.315045368221146
2020-12-24,9864.0,9889.0,9766.25,9867.916666666666,9820.023788336854,244.64285714285717,53.444180522565325,9.92937029299901,-2.0922957294710383,12.021666022470049,10160.429694528964,9372.070305471036,9766.25,788.3593890579286,55.2864271843201,66.79818290035824,32.26291575224383,-32.6530612244898,9.299495360336952,85.001780622573,20018.0,2635385,10509.65,1752.0,16.31284916201117
2020-12-25,9837.0,9910.0,9762.5,9869.166666666666,9827.64057040001,243.92857142857144,55.81395348837209,14.753848422011288,1.276933100825427,13.47691532118586,10149.6828073608,9375.3171926392,9762.5,774.3656147215988,51.63034539560735,61.74223706544127,31.406562055939503,-25.0,32.05482972512596,92.42235036472462,20495.25,2659075,10547.6,2531.0,20.260967018892085
2020-12-28,9887.0,9930.5,9784.0,9873.0,9855.484325600008,261.42857142857144,59.05172413793103,35.915432729105305,8.204633026481403,27.710799702623905,10200.850345479425,9367.149654520575,9784.0,833.700690958849,64.82316066666864,62.76921159918373,68.93105880163847,-4.0201005025125625,73.09238704876124,100.0,21644.1,2714611,10890.1,6202.0,41.28336550622378
2020-12-29,9939.0,9945.5,9811.5,9877.416666666666,9878.77153268572,263.57142857142856,61.160714285714285,50.490287297581744,16.66176388070147,33.82852341688027,10235.8521377843,9387.1478622157,9811.5,848.704275568598,70.9347386900598,65.49105396280909,81.82210814456121,-7.881773399014778,75.72881959814555,100.0,21744.0,2682963,11169.65,552.0,2.6007067137809203
2020-12-30,10018.0,9949.0,9837.25,9884.666666666666,9904.126624810891,238.57142857142856,73.50649350649351,64.92368859997441,26.31414882455606,38.60953977541836,10277.435068734552,9397.064931265448,9837.25,880.3701374691045,75.7687901946677,68.91696604009529,89.47243850381253,-7.462686567164179,81.57816065164198,100.0,22416.15,2713611,11542.5,975.0,4.477200716352114
2020-12-31,10087.0,9975.5,9859.75,9892.0,9929.447898638426,207.5,66.0,77.48633989273185,36.54858703819122,40.93775285454063,10320.235727534697,9399.264272465303,9859.75,920.9714550693934,77.9461551150292,71.92669573173993,89.98507388160775,-17.699115044247787,81.05786088891317,70.04836480884383,22856.25,2740687,12020.6,-45.0,-0.1977848101265777
2021-01-04,10137.0,9987.0,9883.25,9895.333333333334,9950.45286067286,196.42857142857144,59.07335907335908,84.85039614896414,46.20894886034581,38.64144728861833,10352.989849614432,9413.510150385568,9883.25,939.4796992288648,78.21779072565369,74.02372739637785,86.60591738420536,-21.238938053097343,59.41846444491954,42.41039750021788,23326.05,2721697,12503.25,-851.0,-3.7477429867441736
2021-01-05,10142.0,10014.5,9908.0,9899.416666666666,9968.981159656396,196.42857142857144,57.70750988142293,89.254139413546,54.81798697098584,34.43615244256016,10378.155629328709,9437.844370671291,9908.0,940.311258657417,77.97101964292828,75.33949147856133,83.23407597166218,-22.12389380530973,56.70955076087976,36.96052710632248,23576.85,2705740,13015.4,217.0,0.9928623718887364
2021-01-06,10143.0,10041.0,9928.25,9901.833333333334,9981.935334927217,187.14285714285717,49.78165938864629,88.49634123720898,61.55365782423047,26.94268341297851,10395.563430264168,9460.936569735832,9928.25,934.6268605283368,75.40410318537562,75.36102871416608,75.49025212779469,-29.20353982300885,47.5324456840793,5.335616975655686,23747.45,2692763,13529.05,-475.0,-2.1519503465772694
2021-01-07,10150.0,10084.0,9957.25,9903.25,10000.79863636272,175.71428571428572,63.54679802955665,92.87702538694612,67.8183313367736,25.05869405017252,10410.570788010107,9503.929211989893,9957.25,906.641576020218,77.0809963264823,75.93435125160482,79.37428647623727,-15.929203539823009,42.39837055546238,58.01995736844966,24109.6,2716321,14093.35,1660.0,7.68589684230021
2021-01-08,10179.0,10133.0,10011.0,9907.083333333334,10030.722575756745,181.78571428571428,63.72549019607843,106.0199884628164,75.45866276198215,30.56132570083425,10345.62626442362,9676.37373557638,10011.0,669.2525288472389,77.55812978239317,76.4756107618676,79.7231678234443,-17.56756756756757,88.69398405337202,58.773143526187056,25253.1,2773987,14780.7,4450.0,19.13320147906097
2021-01-11,10212.0,10174.5,10042.25,9911.083333333334,10057.796616160864,181.07142857142856,76.0233918128655,115.1089767591493,83.38872556141558,31.72025119773372,10367.251619429164,9717.248380570836,10042.25,650.0032388583277,75.81889503223374,76.25670551865632,74.94327405938859,-17.56756756756757,86.19725210868782,100.0,25409.95,2773987,15591.7,-1767.0,-6.377219575573845
2021-01-12,10244.0,10193.0,10061.75,9913.833333333334,10081.339795574117,177.5,77.8443113772455,120.12047497697132,90.73507544452671,29.38539953244458,10401.08797777127,9722.41202222873,10061.75,678.6759555425415,73.15129400616348,75.22156834782538,69.01074532283968,-19.17808219178082,78.57641666336356,100.0,25464.2,2749855,16694.75,2883.0,11.113681045449296
2021-01-13,10282.0,10212.5,10079.0,9917.166666666666,10101.688386471818,169.64285714285714,86.09271523178808,121.88024737011438,96.96410982964426,24.91613754047012,10429.317149541894,9728.682850458106,10079.0,700.6342990837875,70.60660979721244,73.6832488309544,64.45333172972852,-20.54794520547945,59.85736784924722,100.0,25840.2,2728722,17834.8,-1362.0,-4.725228975853457
2021-01-14,10286.0,10218.0,10083.5,9919.5,10111.051397284024,170.0,74.19354838709677,114.29169015824482,100.42962589536438,13.862064262880438,10437.783561720358,9729.216438279642,10083.5,708.5671234407164,61.63046017132171,69.66565261107684,45.56007529181144,-38.58267716535433,43.74344895093776,67.22990679176641,26461.25,2703382,18846.85,-2764.0,-10.064816837812252
2021-01-15,10274.0,10226.5,10101.0,9922.75,10124.76078801888,171.42857142857142,73.50993377483444,111.43123433517758,102.62994758332702,8.801286751850554,10452.726568441123,9749.273431558877,10101.0,703.4531368822463,59.860919807701066,66.39740834328491,46.78794273653338,-31.40495867768595,40.90269475024347,65.34724434533291,26957.6,2724524,19929.45,559.0,2.263341161227639
2021-01-18,10281.0,10246.5,10116.75,9927.666666666666,10146.212141540893,160.35714285714286,68.25396825396825,115.498612430094,105.20368055268042,10.294931877413577,10483.905137151643,9749.594862848357,10116.75,734.3102743032869,65.960919718544,66.25191213503794,65.37893488555613,-20.21276595744681,64.90553586592047,50.87240906769419,28326.8,2758955,21254.25,4181.0,16.553826661915515
2021-01-19,10271.0,10257.5,10136.0,9931.0,10156.572889965568,155.71428571428572,60.99290780141844,109.79073358787537,106.12109115971944,3.6696424281559383,10488.77247774257,9783.22752225743,10136.0,705.5449554851402,62.7478928391826,65.08390570308616,58.07586711137546,-43.67816091954023,47.05487286804147,30.875578119245635,28206.6,2739078,22015.0,-3445.0,-11.702561315306747
2021-01-20,10262.0,10272.0,10156.5,9934.416666666666,10165.470709968846,152.5,57.89473684210526,103.6687118899772,105.630615305771,-1.961903415793785,10483.561880512252,9829.438119487748,10156.5,654.1237610245043,52.35824434892875,60.84201858503369,35.39069587671888,-44.82758620689656,35.56585637606936,22.34327056890393,27389.6,2725635,22817.25,-470.0,-1.8081791251490784
2021-01-21,10263.0,10274.5,10179.25,9941.083333333334,10169.235404257526,148.57142857142858,52.55474452554745,94.10110273191094,103.324712790999,-9.223610059088044,10444.763900914711,9913.736099085289,10179.25,531.027801829423,40.033701360824296,53.90591284363056,12.289278395211769,-55.172413793103445,17.816775979194414,7.637026994974927,26638.75,2711285,23502.1,-1086.0,-4.254985699173297
2021-01-22,10278.0,10276.0,10204.5,9950.333333333334,10184.546318137762,148.92857142857142,61.39240506329114,95.50424538320658,101.7606193094405,-6.25637392623392,10419.39042495384,9989.60957504616,10204.5,429.7808499076818,48.25776169152992,52.023195792930345,40.72689348872906,-26.436781609195403,38.35532600304313,31.975786451381367,26781.4,2736110,24197.6,1965.0,8.041085239595702
2021-01-25,10259.0,10270.0,10222.25,9956.833333333334,10191.256192600831,149.28571428571428,56.395348837209305,89.53230021959826,99.31495549147206,-9.782655271873807,10383.0858103618,10061.4141896382,10222.25,321.67162072360225,43.93654701003956,49.32764619863342,33.15434863285185,-43.67816091954023,25.330603824287245,18.21398275261712,26492.0,2718208,24638.05,-2570.0,-9.734111052193018
2021-01-26,10258.0,10264.5,10228.75,9962.666666666666,10196.850840924562,147.85714285714286,58.78787878787879,83.43425429118906,96.13881525141548,-12.704560960226416,10382.53984293338,10074.96015706662,10228.75,307.57968586676,40.402142451137486,46.35247828280144,28.50147078780958,-44.82758620689656,14.325842748910429,18.585305345178504,24323.15,2706049,24781.05,253.0,1.061597851628071
2021-01-27,10271.0,10266.5,10239.5,9969.5,10208.10314178889,143.92857142857142,58.28220858895706,82.89095045222166,93.48924229157672,-10.59829183935507,10385.24310491951,10093.75689508049,10239.5,291.48620983901856,46.54260477134656,46.41585377898315,46.796106756073385,-45.6140350877193,53.15713092861894,17.077551034845012,23846.45,2728163,24932.5,721.0,2.993564459206977
2021-01-28,10292.0,10277.5,10247.75,9976.416666666666,10217.807604475662,129.28571428571428,49.63503649635037,81.12179843648119,91.01575352055762,-9.893955084076438,10389.59776865952,10105.90223134048,10247.75,283.69553731903943,48.41970752872379,47.08380502889669,51.09151252837799,-44.23076923076923,47.203947424701184,0.0,23027.15,2713901,25040.35,103.0,0.4152221236797482
2021-01-29,10283.0,10280.5,10253.5,9983.916666666666,10224.206880239884,118.57142857142856,47.88732394366197,76.8169437411143,88.17599156466896,-11.35904782355466,10391.344305764072,10115.655694235928,10253.5,275.688611528145,48.11313835248253,47.42691613675864,49.48558278393031,-52.94117647058823,29.461561358819758,0.0,22520.45,2696959,25080.25,-1404.0,-5.636516921594604
2021-02-01,10262.0,10260.5,10253.5,9989.416666666666,10217.139558312276,123.21428571428572,40.7185628742515,61.79955680039893,82.90070461181496,-21.101147811416027,10391.344305764072,10115.655694235928,10253.5,275.688611528145,38.74209223498836,44.531974836168544,27.162327032627985,-83.07692307692308,-64.13350719478254,0.0,23172.7,2664924,24948.4,-4286.0,-18.23441820889172
2021-02-02,10252.0,10255.0,10256.25,9994.416666666666,10215.507219425392,120.71428571428572,44.57142857142856,53.31813333630271,76.98419035671252,-23.66605702040981,10386.991810652262,10125.508189347738,10256.25,261.4836213045237,38.55533421726496,42.53976129653402,30.58648005872685,-67.6923076923077,-60.09041741281209,11.50968592861262,22888.85,2675204,24749.35,-1127.0,-5.863988761121808
2021-02-03,10237.0,10254.0,10263.0,9999.666666666666,10217.839865194404,115.71428571428572,52.4390243902439,49.25641257854841,71.4386348010797,-22.18222222253129,10373.186444863146,10152.813555136854,10263.0,220.37288972629176,43.27931372060088,42.786278771222975,44.26538361935668,-55.38461538461539,-36.02859160024416,35.74251760173908,22874.15,2687887,24577.55,70.0,0.3869113420296166
2021-02-04,10226.0,10259.0,10266.75,10004.25,10221.378925652078,113.92857142857144,50.0,46.70940728311871,66.4927892974875,-19.7833820143688,10369.92460927961,10163.57539072039,10266.75,206.34921855921857,48.24681520767331,44.606457583373086,55.52753045627375,-50.76923076923077,-14.835931312964751,33.70728339661719,22182.25,2697607,24313.8,-179.0,-0.9855742759607988
2021-02-05,10194.0,10238.5,10257.25,10006.833333333334,10212.19998035188,115.0,36.19631901840491,33.81121900569451,59.956475239128906,-26.145256233434395,10375.592722632193,10138.907277367807,10257.25,236.68544526438563,35.80090710814584,41.67127409163067,24.06017314117618,-89.83050847457628,-85.32109259389348,0.0,20106.95,2681447,23771.9,-1113.0,-6.1891786687427
2021-02-08,10191.0,10226.5,10248.25,10009.833333333334,10204.847601270749,112.14285714285714,41.78082191780823,24.11820860023909,52.788821911350944,-28.670613311111858,10375.16791794202,10121.33208205798,10248.25,253.8358358840378,32.72143807209723,38.68799541845286,20.78832337938597,-73.4375,-117.8912692684474,22.16416823412437,18839.35,2695304,23269.2,-983.0,-5.826911677534086
2021-02-09,10146.0,10199.0,10231.75,10013.166666666666,10182.957353530675,120.0,34.4632768361582,3.485585534994243,42.9281746360796,-39.44258910108536,10404.963436940794,10058.536563059206,10231.75,346.4268738815881,23.871905216789106,33.74929868456494,4.117118281237424,-94.04761904761904,-139.402378141897,0.0,18103.95,2685880,22648.15,516.0,3.247938566123243
2021-02-10,10100.0,10168.5,10217.5,10019.416666666666,10166.485224622997,123.92857142857144,38.85714285714286,-9.92727396666669,32.35708491553034,-42.28435888219703,10414.116110064364,10020.883889935636,10217.5,393.23222012872793,23.194296964449443,30.23096477785977,9.12096133762877,-79.12087912087912,-125.30198805243386,16.31640647229545,17676.1,2698456,22037.5,-1154.0,-7.035298421020542
2021-02-18,10052.0,10139.0,10208.25,10024.25,10152.058060373183,122.5,29.139072847682115,-19.92393284726495,21.900881362971287,-41.82481421023624,10424.735686897724,9991.764313102276,10208.25,432.971373795448,24.120873300974957,28.194267618898166,15.97408466512853,-78.02197802197803,-90.6289407200884,0.0,16805.85,2706391,21614.05,980.0,6.426650927929711
2021-02-19,10052.0,10123.0,10201.75,10029.333333333334,10149.481102242406,122.85714285714286,41.77215189873418,-18.754090855170944,13.769886919342843,-32.52397777451379,10420.123774211002,9983.376225788998,10201.75,436.7475484220049,34.26240038246815,30.216978540088164,42.35324406722813,-53.84615384615385,-51.10288304594837,42.60906518978775,16538.65,2722189,21166.35,74.0,0.4559738739293939
2021-02-22,10104.0,10147.5,10204.0,10036.416666666666,10172.863854409796,136.07142857142858,56.87203791469194,3.9146353876967614,11.798836613013629,-7.884201225316865,10429.612616295231,9978.387383704769,10204.0,451.2252325904629,55.83129097662825,38.75508268560152,89.98370755868171,-1.0309278350515465,50.54210069812982,95.16122531636869,16006.7,2745981,20605.0,1908.0,11.703367478378212
2021-02-23,10185.0,10165.5,10210.25,10042.583333333334,10192.591106370768,140.35714285714286,53.23383084577114,20.43384101515403,13.52583749344171,6.90800352171232,10448.38916762661,9972.11083237339,10210.25,476.2783352532206,63.271280819152736,46.92714873011859,95.95954499722104,-21.84873949579832,88.65332060790048,86.88129069455799,16353.25,2719173,20348.1,2644.0,14.5186974905277
2021-02-24,10256.0,10178.0,10216.0,10051.0,10209.011001002124,142.5,52.70935960591133,31.94679310486936,17.21002861572724,14.736764489142118,10463.547975148253,9968.452024851747,10216.0,495.0959502965052,67.3909379130486,53.74841179109526,94.67599015695528,-24.369747899159663,72.40557470474636,84.99014332321651,16377.75,2705240,20139.2,490.0,2.3495564612802777
2021-02-25,10343.0,10197.5,10228.25,10059.416666666666,10231.962334240015,142.85714285714286,57.674418604651166,47.383473025814965,23.244717497744787,24.138755528070178,10496.858010226602,9959.641989773398,10228.25,537.2160204532047,74.8992807375506,60.7987014399137,103.10043933282438,-10.084033613445378,81.71505182067006,100.0,16799.6,2728027,20092.35,2155.0,10.096041227453734
2021-02-26,10440.0,10246.0,10242.25,10071.0,10267.965921455254,172.14285714285714,70.9090909090909,71.70128808609297,32.93603161541443,38.765256470678544,10558.20261137009,9926.29738862991,10242.25,631.9052227401808,72.20849485067475,64.6019659101674,87.42155273168947,-33.17307692307692,126.17510172588644,100.0,23990.9,2896678,20247.95,6014.0,25.591489361702124
2021-03-01,10522.0,10313.0,10269.75,10084.833333333334,10319.1120241738,183.92857142857144,74.29718875502007,105.49215415228171,47.44725612278789,58.04489802949384,10673.827572021171,9865.672427978829,10269.75,808.1551440423464,76.66463759275753,68.62285647103077,92.74819983621106,-14.423076923076923,128.54145335478933,100.0,25501.75,2944797,20632.9,2017.0,6.834044860066402
2021-03-02,10562.0,10373.5,10286.25,10099.666666666666,10343.958498062011,200.0,61.88811188811189,112.81557167818572,60.52091923386746,52.294652444318274,10713.232989923732,9859.267010076268,10286.25,853.965979847464,71.8168291022424,69.68751401476797,76.07545927719124,-36.05769230769231,80.565541377815,72.52082683792443,26494.7,2912779,20779.75,-4509.0,-14.30021248929625
2021-03-03,10593.0,10424.5,10296.5,10115.833333333334,10360.72435538944,205.3571428571429,58.983050847457626,112.481319635197,70.91299931413337,41.56832032106362,10736.04641692497,9856.95358307503,10296.5,879.0928338499398,65.78568748660132,68.38690517204574,60.58325211571247,-41.82692307692308,61.85935331005926,66.08773949075679,26492.1,2890717,20828.4,-1243.0,-4.599955591740068
2021-03-04,10600.0,10471.5,10305.25,10130.083333333334,10372.560131066635,201.07142857142856,63.04347826086957,108.14558006151492,78.35951546360968,29.78606459790524,10752.822105334642,9857.677894665358,10305.25,895.1442106692848,58.20055933450189,64.99145655953113,44.61876488444341,-45.19230769230769,37.39565342589761,75.07931792982126,26914.25,2868012,20764.05,-2157.0,-8.36727568951472
2021-03-05,10555.0,10497.5,10310.25,10141.166666666666,10373.74488048886,202.8571428571429,58.503401360544224,95.53899686206024,81.7954117432998,13.743585118760436,10759.102044547795,9861.397955452205,10310.25,897.7040890955941,41.73370622300126,57.238873114021175,10.72337244096144,-54.80769230769231,20.94099254600613,65.02558382443621,27002.5,2849305,20663.7,-2124.0,-8.991617983235967
2021-03-08,10455.0,10488.5,10318.0,10151.583333333334,10367.197749013729,197.8571428571429,61.8705035971223,78.191514334143,81.07463226146844,-2.8831179273254435,10760.509589548188,9875.490410451812,10318.0,885.0191790963763,28.5743505145823,47.68403224754155,-9.645012951336213,-62.5,3.402937951902786,72.48183430992412,26370.45,2829911,20743.35,-686.0,-3.1909945111173177
2021-03-09,10363.0,10462.5,10314.0,10159.416666666666,10343.655106250517,205.3571428571429,53.57142857142858,48.95127572299134,74.64996095377302,-25.69868523078168,10762.407709215857,9865.592290784143,10314.0,896.81541843171,19.829294105238105,38.399119533440405,-17.310356751166495,-84.34343434343434,-31.048494428996687,54.104019250671016,26889.65,2809247,20821.1,-1165.0,-5.59773207764751
2021-03-10,10294.0,10443.5,10310.75,10167.333333333334,10327.592715179037,204.64285714285717,55.0314465408805,29.87187195957813,65.69434315493405,-35.82247119535592,10762.346874260778,9859.153125739222,10310.75,903.1937485215568,17.174331663379075,31.324190243419963,-11.125385496702703,-82.97872340425532,-38.315598171303776,40.76642464921231,27140.2,2826941,20880.25,-302.0,-1.537130350689675
2021-03-11,10209.0,10404.5,10301.0,10175.0,10302.107694685796,213.57142857142856,47.96238244514107,5.409411780727169,53.63735688009268,-48.22794509936551,10765.889347332411,9836.110652667589,10301.0,929.7786946648266,13.39887218104414,25.349084222628026,-10.501551902123625,-94.70899470899472,-42.93220759963405,0.0,27970.85,2800608,20924.75,-472.0,-2.4399069527009543
2021-03-12,10155.0,10355.0,10300.5,10189.583333333334,10284.28791423953,202.5,39.85507246376812,-9.4305147044779,41.02378256317856,-50.45429726765646,10766.207158947269,9834.792841052731,10300.5,931.4143178945378,13.307581454029428,21.33524996642849,-2.747755570768703,-88.88888888888889,-41.52309602773524,0.0,27849.1,2814333,20962.65,-1245.0,-6.596725480845656
2021-03-15,10118.0,10286.5,10299.75,10196.75,10268.641446216718,199.28571428571428,40.51094890510949,-20.550907082295453,28.708844634083757,-49.259751716379206,10766.626237404123,9832.873762595877,10299.75,933.7524748082468,14.26387783209805,18.97812592165168,4.835381652990797,-88.35978835978835,-37.65856029750055,1.9042861239858384,28052.3,2832254,21042.8,-138.0,-0.7828454731109602
2021-03-16,10068.0,10215.5,10294.5,10196.0,10230.675594196078,215.0,34.57943925233644,-48.97228678477404,13.172618350312195,-62.14490513508623,10778.788952458845,9810.211047541155,10294.5,968.577904917689,10.716981356664402,16.22441106665592,-0.2978780633186417,-97.74774774774777,-72.4656964841797,0.0,29013.15,2803613,21224.75,2552.0,14.591194968553456
2021-03-17,10031.0,10162.5,10293.5,10196.666666666666,10207.754109034546,223.92857142857144,35.975609756097555,-61.10901120369999,-1.6837075604902427,-59.42530364320975,10780.338349914393,9806.661650085607,10293.5,973.6766998287858,15.287147876453112,15.911990003254983,14.037463622849366,-85.77777777777777,-71.9441349925979,3.515230649376991,29774.45,2831415,21403.8,-1212.0,-6.047300668595945
2021-03-18,10007.0,10108.0,10289.75,10193.833333333334,10182.253717697922,191.42857142857144,28.10457516339869,-73.91004587717362,-16.128975223826917,-57.7810706533467,10786.671840724952,9792.828159275048,10289.75,993.8436814499036,16.406121183172132,16.076700396560703,17.06496275639499,-89.3719806763285,-71.18126980191789,0.0,29966.4,2819641,21530.5,-67.0,-0.3558151885289407
2021-03-19,9940.0,10047.5,10272.5,10191.75,10143.943839821928,192.8571428571429,15.719063545150505,-95.8605995857124,-32.07530009620402,-63.78529948950839,10815.33369557594,9729.66630442406,10272.5,1085.6673911518774,11.532652217352853,14.562017670158086,5.473921311742384,-99.03846153846152,-82.09312817509861,0.0,30071.85,2801734,21699.9,928.0,4.945904173106652
2021-03-22,9865.0,9991.5,10240.0,10186.916666666666,10105.949188410315,188.2142857142857,18.007662835249036,-114.75792115695369,-48.61182430835395,-66.14609684859971,10827.913348430837,9652.086651569163,10240.0,1175.8266968616736,9.490236613370367,12.87142398456218,2.727861870986743,-96.92307692307692,-81.94162955577985,4.835980125367215,30018.55,2779008,21739.3,-692.0,-3.514295871210193
2021-03-23,9854.0,9961.0,10211.75,10186.0,10078.23974189505,183.92857142857144,23.19391634980988,-122.6716868192416,-63.423796810531485,-59.2478900087101,10825.086646634834,9598.413353365166,10211.75,1226.6732932696686,12.332830414919584,12.691892794681316,11.614705655396122,-87.8048780487805,-72.96950456248493,15.79491864730144,29279.95,2791044,21574.1,-1448.0,-7.62145376072425
2021-03-24,9850.0,9940.5,10192.0,10188.166666666666,10067.931195047902,189.28571428571428,32.05574912891987,-115.10929026611484,-73.76089550164816,-41.34839476446668,10809.979730548195,9574.020269451805,10192.0,1235.9594610963904,25.393604114996894,16.925796568119843,42.329219208751,-66.88311688311688,-49.94770478224551,35.39799747390849,29223.85,2803855,21322.7,-1234.0,-7.030938408067922
2021-03-25,9845.0,9926.0,10165.25,10190.916666666666,10053.366319329054,194.28571428571428,33.093525179856115,-112.26001330550572,-81.46071906241968,-30.799294243086024,10782.523077844464,9547.976922155536,10165.25,1234.5461556889277,30.3970828780114,21.41622533808369,48.35879795786681,-71.63120567375887,-41.53007747206729,37.6466294770867,28786.8,2789809,20899.15,-1288.0,-7.89360789360789
2021-03-26,9837.0,9888.5,10121.75,10189.5,10023.521907964385,202.14285714285717,30.976430976430976,-122.7084713756176,-89.71026952505927,-32.99820185055832,10729.604509947208,9513.895490052792,10121.75,1215.7090198944134,22.076316121572816,21.63625559924673,22.956437166224987,-95.9349593495935,-56.52045936329203,38.81058910353434,21006.8,2776758,20215.9,820.0,5.45611817153504
2021-03-29,9842.0,9853.5,10070.0,10187.333333333334,9999.376964348729,193.57142857142856,36.8421052631579,-127.10303571686744,-97.18882276342092,-29.914212953446537,10604.769994828075,9535.230005171925,10070.0,1069.539989656154,19.95563931914378,21.07605017254575,17.714817612339843,-90.09009009009009,-59.02302820560004,53.73126762705207,19126.55,2787272,19428.25,-71.0,-0.4479777903968696
2021-03-30,9846.0,9850.0,10032.75,10182.583333333334,9983.722015363135,192.14285714285717,37.3134328358209,-123.9124176284804,-102.53354173643282,-21.37887589204757,10519.581593058623,9545.918406941377,10032.75,973.66318611725,25.42497166730797,22.525690670799825,31.22353366032428,-78.37837837837837,-47.60515251509413,66.97315917647893,18007.45,2796908,18808.9,-1143.0,-7.244264165293446
2021-03-31,9788.0,9819.0,9990.75,10175.583333333334,9954.796109138077,191.78571428571428,36.23188405797102,-132.36521066317982,-108.49987552178224,-23.865335141397598,10444.393437537734,9537.106562462266,9990.75,907.2868750754678,20.2421621814975,21.76451450769905,17.197457529094393,-92.98245614035088,-63.02977818109314,82.74005875305664,17760.2,2779791,18286.2,690.0,4.714724974376505
2021-04-01,9746.0,9795.5,9951.75,10168.25,9931.006003505876,188.57142857142856,34.814814814814824,-135.48503186514426,-113.89690679045464,-21.58812507468963,10358.136839302031,9545.363160697969,9951.75,812.7736786040623,18.911441454331666,20.81349015657659,15.107344049841814,-88.59649122807018,-66.65717356044794,77.02419962180684,17139.65,2790085,17839.15,-644.0,-4.202283849918431
2021-04-02,9748.0,9792.5,9920.0,10161.25,9913.767336505318,190.0,36.69064748201439,-132.79560366879014,-117.67664616612174,-15.118957502668394,10280.496733323398,9559.503266676602,9920.0,720.9934666467962,22.925087953681427,21.51735608894487,25.740551683154543,-76.57657657657657,-63.13157664789402,97.11598266463112,16843.55,2802870,17487.55,-215.0,-1.4644778966010463
2021-04-06,9769.0,9805.5,9898.5,10156.666666666666,9910.075209219098,184.28571428571428,50.19762845849802,-119.203651621292,-117.9820472571558,-1.221604364136212,10210.321473890024,9586.678526109976,9898.5,623.6429477800484,35.52148720721618,26.18539979503531,54.19366203157793,-42.69662921348315,-34.25207970326352,100.0,16370.9,2812811,17104.35,-1318.0,-9.11101894096502
2021-04-07,9771.0,9808.5,9884.75,10151.666666666666,9903.87757024585,178.21428571428572,43.82978723404256,-109.58940256275127,-116.3035183182749,6.714115755523622,10179.216064526789,9590.283935473211,9884.75,588.9321290535772,41.53813432862032,31.302977972896976,62.008447040067,-47.05882352941177,-4.882897710707708,81.53101429697175,15977.45,2800016,16623.15,-3125.0,-23.767873440827504
2021-04-08,9806.0,9797.0,9868.75,10147.5,9899.22256355577,174.28571428571428,46.25550660792951,-100.01026837087193,-113.04486832879432,13.03459995792238,10129.6769912003,9607.8230087997,9868.75,521.8539824006002,49.4513488116728,37.352434919155584,73.64917659670724,-44.70588235294117,-3.990355872394784,88.56645611418004,15554.6,2809253,16066.6,-1809.0,-18.048488476504044
2021-04-09,9814.0,9780.0,9853.0,10140.25,9884.534700359982,169.28571428571428,48.38709677419355,-100.14045932172668,-110.4639865273808,10.32352720565413,10103.124179685126,9602.875820314874,9853.0,500.24835937025273,44.54163994852261,39.74883659561126,54.12724665434531,-70.23809523809524,-32.43856080447791,94.37547804339118,14691.95,2800173,15460.35,-1466.0,-17.847577307036765
2021-04-12,9807.0,9777.5,9833.0,10130.25,9868.388538420935,160.71428571428572,48.61111111111111,-101.4944213564795,-108.67007349320056,7.175652136721041,10057.579138554062,9608.420861445938,9833.0,449.158277108123,38.4907229286447,39.32946537328908,36.81323803935595,-77.38095238095238,-63.07365047140868,94.12481757692689,14322.75,2793832,14886.25,-602.0,-8.921161825726143
2021-04-13,9866.0,9817.5,9835.5,10127.833333333334,9897.113439523706,188.2142857142857,62.1160409556314,-65.10228994374847,-99.95651678331014,34.85422683956166,10074.200428857685,9596.799571142315,9835.5,477.4008577153654,56.73392828011341,45.13095300889719,79.93987882254585,-6.779661016949152,137.85271468335134,100.0,14321.85,2811735,14837.5,10369.0,168.71135698014967
2021-04-14,9936.0,9853.5,9851.75,10126.0,9925.483588140496,180.0,58.42696629213483,-33.85372784039646,-86.73595899472741,52.88223115433095,10139.54149981961,9563.95850018039,9851.75,575.5829996392204,69.76706329785338,53.342989771882586,102.61521034979498,-4.166666666666667,124.91737363046934,88.15311217462045,13420.65,2822352,14649.25,-238.0,-1.4411141386618254
2021-04-15,10020.0,9913.0,9866.0,10125.666666666666,9958.77086546045,173.57142857142858,63.23529411764706,-2.603672313949573,-69.90950165857186,67.30582934462228,10206.086676258305,9525.913323741695,9866.0,680.1733525166092,79.84470886523559,62.17689613633358,115.1803343230396,-0.0,118.72012653519504,100.0,12550.15,2832744,14537.15,311.0,1.9106714996621088
2021-04-16,10117.0,9965.5,9880.5,10126.166666666666,9984.602211607074,163.92857142857142,69.91869918699187,18.319917312914185,-52.26361786427465,70.58353517718884,10256.684445242096,9504.315554757904,9880.5,752.3688904841947,81.87178121879903,68.74185783048873,108.13162799541963,-13.47517730496454,104.91728513828218,100.0,12557.2,2820829,14464.45,721.0,4.3465155534121
2021-04-19,10224.0,10015.5,9904.0,10126.083333333334,10009.87819145402,168.57142857142858,69.67213114754098,36.099710697915725,-34.590952151836575,70.6906628497523,10311.193216777334,9496.806783222666,9904.0,814.3864335546677,84.1831775289506,73.88896439664268,104.77160379356644,-10.638297872340424,82.43426020683313,99.29760468432286,12315.3,2833898,14348.2,57.0,0.3293084522502765
2021-04-20,10247.0,10056.5,9931.0,10125.0,10036.080268458398,169.64285714285714,68.90756302521008,52.4103783277842,-17.19068605591242,69.60106438369662,10364.560534230348,9497.439465769652,9931.0,867.1210684606958,86.55690096132938,78.11160991820492,103.44748304757832,-8.275862068965518,85.91745473533986,97.11958895755932,11771.95,2845757,14382.5,2319.0,13.353679603823563
2021-04-21,10235.0,10085.5,9947.0,10123.0,10045.501195271883,164.64285714285714,69.19831223628691,52.626310193605605,-3.2272868060088147,55.85359699961442,10386.118734692443,9507.881265307557,9947.0,878.2374693848906,80.8930064379877,79.03874209146585,84.60153513103137,-28.96551724137931,57.05074834164803,97.94784262884612,11975.35,2829653,14476.4,-256.0,-1.3004826009652026
2021-04-22,10202.0,10111.0,9954.0,10120.666666666666,10051.643938579324,164.64285714285714,67.0886075949367,50.20145555635827,7.458461666464602,42.74299388989367,10399.085444191987,9508.914555808013,9954.0,890.1708883839747,75.90934728716088,77.99561049003086,71.73682088142095,-32.41379310344828,35.66164055342731,91.48282415959036,12081.05,2814728,14678.3,926.0,4.7660713366616925
2021-04-23,10175.0,10146.0,9963.0,10118.833333333334,10055.773087286054,160.35714285714286,64.93506493506493,46.5329631134282,15.273361955857322,31.259601157570877,10412.027018293882,9513.972981706118,9963.0,898.0540365877641,54.177660096202494,70.05629369208808,22.42039290443134,-35.97122302158273,34.925454691292245,80.89750058984905,11916.3,2803977,14947.45,57.0,0.2800294767870248
2021-04-26,10128.0,10176.0,9976.75,10113.583333333334,10051.889936115953,156.07142857142858,56.306306306306304,36.74673156283097,19.56803587725205,17.17869568557892,10413.70447191477,9539.79552808523,9976.75,873.9089438295414,40.88034482603976,60.3309774034053,1.979079671308682,-47.82608695652174,13.681046566638216,47.82307171247628,12452.35,2780205,15334.45,3177.0,15.56437389770724
2021-04-27,10006.0,10126.5,9972.0,10103.916666666666,10015.995656485862,172.85714285714286,44.014084507042256,1.538182837288332,15.96206526925931,-14.42388243197098,10420.334931191308,9523.665068808692,9972.0,896.669862382616,27.50047679760676,49.38747720147245,-16.273524010124618,-97.10144927536231,-43.018871012391166,0.0,14102.65,2736685,16006.0,5620.0,23.82466403832295
2021-04-28,9914.0,10074.5,9964.0,10094.333333333334,9983.519879677684,177.14285714285714,43.61702127659574,-26.06439160964328,7.556773893478793,-33.62116550312207,10428.062155546568,9499.937844453432,9964.0,928.1243110931356,23.216878374625317,40.66394425919008,-11.677253394504206,-85.35031847133757,-72.91029872277713,0.0,15641.35,2736685,16830.75,1921.0,6.576740045876273
2021-04-29,9801.0,10001.5,9957.25,10081.5,9941.756081613144,172.14285714285714,43.00699300699301,-57.76368051695863,-5.507316988608692,-52.25636352834994,10442.164262633369,9472.335737366631,9957.25,969.8285252667374,15.684958253890995,32.33761559075705,-17.620356419841116,-99.37888198757764,-81.09064809806564,0.0,15986.7,2712661,17770.95,2999.0,9.633793768069388
2021-04-30,9677.0,9926.0,9945.75,10067.583333333334,9897.30312145951,177.14285714285714,41.83673469387755,-87.52507575184063,-21.91086874125508,-65.61420701058555,10465.509812950071,9425.990187049929,9945.75,1039.519625900146,12.438620817909314,25.704617333141144,-14.093372212554344,-94.05405405405403,-90.75195073984126,0.0,17455.35,2672994,18752.75,188.0,0.5508511822789997
2021-05-06,9542.0,9835.0,9925.25,10051.833333333334,9844.22663370146,157.14285714285714,13.91304347826086,-120.6142022093518,-41.65153543487442,-78.96266677447737,10506.251630580193,9344.248369419807,9925.25,1162.0032611603856,9.447529390157364,20.285588018813225,-12.228587867154346,-96.6346153846154,-99.78699129065065,0.0,18316.95,2642977,19901.45,3123.0,9.100445843168114
2021-05-07,9479.0,9742.5,9899.5,10038.666666666666,9798.109811444176,166.07142857142858,13.537117903930138,-143.56876906683829,-62.0349821612672,-81.53378690557109,10533.143598978411,9265.856401021589,9899.5,1267.2871979568265,9.244945928613198,16.60537398874655,-5.4759101916535045,-92.48826291079811,-89.66704543439805,0.0,19607.65,2678732,21118.75,54.0,0.1442307692307798
2021-05-10,9417.0,9665.5,9875.5,10024.75,9756.861257973304,167.14285714285714,7.476635514018696,-159.51814459259913,-81.53161464753359,-77.98652994506554,10552.69934093915,9198.30065906085,9875.5,1354.3986818783014,9.294052350198854,14.168266775897315,-0.4543765011980731,-92.018779342723,-78.05680115319403,0.0,20409.35,2707561,22480.9,-228.0,-0.6080972955672892
2021-05-11,9294.0,9547.5,9829.25,10002.916666666666,9678.112566737753,190.7142857142857,5.479452054794521,-204.8970781857988,-106.20470735518664,-98.6923708306122,10627.816314024538,9030.683685975462,9829.25,1597.1326280490755,6.196034900132569,11.5108561506424,-4.433607600887093,-100.0,-105.2487716229958,0.0,22674.95,2653012,24109.95,3529.0,9.469757956314062
2021-05-12,9130.0,9403.5,9774.75,9976.25,9580.673274667488,201.78571428571428,3.4985422740524683,-260.0526862353345,-136.9743031312162,-123.07838310411827,10730.78058198167,8818.71941801833,9774.75,1912.061163963339,5.390712842929159,9.470808381404654,-2.769478234021829,-96.84813753581662,-119.63508585787024,0.0,26299.75,2571436,25788.6,-474.0,-1.1619070964579037
2021-05-13,9004.0,9273.0,9724.5,9952.666666666666,9497.752010413442,209.28571428571428,4.610951008645543,-295.9147417016611,-168.7623908453052,-127.15235085635592,10792.80854994928,8656.19145005072,9724.5,2136.6170998985617,6.8971118652560754,8.612909542688461,3.4655165103913035,-93.5860058309038,-99.88766846083315,1.6931699079502254,29257.1,2636924,27446.6,-1015.0,-2.517298678108182
2021-05-14,8879.0,9179.0,9652.75,9929.333333333334,9425.108961802638,207.8571428571429,6.521739130434767,-318.6452439422119,-198.73896146468653,-119.90628247752534,10785.86622017384,8519.63377982616,9652.75,2266.2324403476814,8.784121088465291,8.669980057947406,9.01240314950106,-91.4826498422713,-82.74573196646497,4.754196809087757,30718.1,2684047,28559.15,-540.0,-1.3738360555640372
2021-05-17,8784.0,9100.5,9587.5,9911.25,9374.14620353572,218.57142857142856,14.94252873563218,-320.45808479800144,-223.08278613134956,-97.3752986666519,10739.2835140155,8435.7164859845,9587.5,2303.5670280310005,15.427037821353096,10.922332645749302,24.436448172560684,-81.70347003154573,-66.38327090828265,18.62733430523738,32412.85,2728559,29451.8,-4636.0,-11.958933085693646
2021-05-18,8756.0,9025.0,9513.25,9890.916666666666,9318.513231770414,226.42857142857144,14.246575342465746,-326.2036656987166,-243.70696204482292,-82.49670365389363,10669.875195171391,8356.624804828607,9513.25,2313.250390342786,17.168749851916555,13.00447171447172,25.497306126806222,-87.74193548387096,-64.37015052566105,20.35313038788882,34285.15,2680721,30388.75,1197.0,3.507178435394076
2021-05-19,8757.0,8943.5,9434.75,9868.333333333334,9255.797685887515,230.7142857142857,13.866666666666674,-337.3581388750754,-262.43719741087347,-74.92094146420192,10599.63298486202,8269.86701513798,9434.75,2329.765969724041,13.705720240260757,13.238221223068066,14.640718274646131,-95.8762886597938,-63.85628189137833,25.590486566836464,36141.0,2631689,31506.8,4343.0,12.293713024032616
2021-05-20,8785.0,8894.5,9364.75,9847.083333333334,9217.150287231563,229.64285714285717,26.08695652173914,-327.09616613432627,-275.368991155564,-51.72717497876226,10490.975531307306,8238.524468692694,9364.75,2252.451062614611,21.680102153300982,16.052181533145706,32.93594339361154,-70.20408163265306,-58.565588375917606,56.304263793885845,39174.3,2705424,32448.95,-3461.0,-8.724476934711367
2021-05-21,8864.0,8871.5,9307.0,9826.0,9208.850259876175,238.92857142857144,36.40897755610973,-292.9923850282212,-278.8936699300955,-14.098715098125696,10349.90787805312,8264.09212194688,9307.0,2085.81575610624,39.89718841778251,24.000517161357973,71.69053093063158,-45.79831932773109,-27.57182705591409,83.29973631342088,43441.3,2802623,33442.2,3341.0,9.226987765472682
2021-05-24,8941.0,8862.5,9264.0,9807.583333333334,9215.150235126064,260.7142857142857,43.31683168316831,-251.36700228095287,-273.3883364002669,22.02133411931408,10231.34362261325,8296.65637738675,9264.0,1934.687245226501,53.33247417361473,33.77783616544356,92.44175018995703,-29.77777777777778,-2.6043379126753514,100.0,50776.6,2965433,34149.15,-5982.0,-15.12515802781289
2021-05-25,9033.0,8894.5,9221.0,9789.0,9218.469260352154,266.42857142857144,44.30379746835443,-217.88424369228235,-262.28751785867,44.40327416638769,10102.6646933948,8339.3353066052,9221.0,1763.329386789599,61.44330765550626,42.999659995464455,98.33060297558988,-26.08695652173913,1.40191993932854,100.0,54654.9,2872942,34715.5,-1886.0,-5.618446139180167
2021-05-26,9110.0,8933.5,9168.5,9765.583333333334,9201.948378413854,278.57142857142856,42.78728606356968,-205.52157820324285,-250.9343299275846,45.412751724341774,9950.441578111146,8386.558421888854,9168.5,1563.8831562222913,59.91313572972837,48.63748524021909,82.46443670874692,-44.0,-13.223771876927607,96.28353897662544,60100.8,2753273,35259.85,-383.0,-1.208888327757085
2021-05-27,9204.0,8994.5,9133.75,9744.083333333334,9213.191389993486,285.7142857142857,49.130434782608695,-171.55628098871605,-235.0587201398109,63.50243915109488,9812.222549186774,8455.277450813226,9133.75,1356.9450983735478,68.19928168783922,55.15808405609246,94.28167695133271,-15.228426395939088,13.236355673116806,100.0,65056.6,2876161,35760.55,2304.0,7.361257548164479
2021-05-28,9219.0,9041.5,9110.25,9717.416666666666,9212.411257613154,295.0,46.6804979253112,-152.16402498315983,-218.4797811084807,66.31575612532086,9740.64231727886,8479.85768272114,9110.25,1260.78463455772,69.83167002539534,60.04927937919342,89.39645131779918,-26.903553299492387,24.518793998852164,94.63108645595156,67436.3,2785047,35912.85,-1348.0,-4.011546588102255
2021-05-31,9193.0,9067.0,9083.75,9693.5,9205.991137840474,273.57142857142856,55.282555282555286,-140.02292383939675,-202.78840965466392,62.76548581526717,9656.066392069612,8511.433607930387,9083.75,1144.6327841392267,68.88947206430755,62.996010274231466,80.67639564445975,-32.994923857868024,9.739665684180682,100.0,68871.85,2715926,36021.8,1054.0,3.2677104324910777
2021-06-01,9171.0,9102.0,9063.5,9670.5,9199.706267569953,260.0,63.73937677053824,-129.3138226716128,-188.0934922580537,58.77966958644092,9594.250213823494,8532.749786176506,9063.5,1061.500427646988,68.09213535251638,64.69471863365978,74.88696879022959,-33.50253807106599,16.548092690485902,100.0,70348.8,2662363,35914.4,-1328.0,-3.9869104446245807
2021-06-02,9130.0,9120.0,9031.75,9643.083333333334,9165.448527801384,272.85714285714283,53.23383084577114,-143.38146337865692,-179.15108648217438,35.76962310351746,9534.063332702335,8529.436667297665,9031.75,1004.6266654046703,48.512262896881424,59.30056672140033,26.935655247843613,-63.95939086294416,-24.151940638944435,81.63932249204949,74485.65,2539959,36078.6,5620.0,17.572933929520662
2021-06-03,9031.0,9117.5,9006.0,9617.083333333334,9133.024858486968,271.42857142857144,52.25,-153.965723609208,-174.1140139075811,20.148290298373094,9494.387249283966,8517.612750716034,9006.0,976.774498567931,36.22278713673374,51.607973526511465,5.452414357178299,-65.48223350253807,-43.03408233684645,76.96259788848664,77167.15,2456312,36122.75,722.0,1.920161697827183
2021-06-04,8956.0,9087.5,8979.5,9592.5,9104.165348154876,273.2142857142857,48.37837837837839,-160.10477964614438,-171.31216705529377,11.20738740914939,9443.939673721266,8515.060326278734,8979.5,928.8793474425328,28.465071520412423,43.89367285781179,-2.392131154386305,-64.9746192893401,-20.184197818918037,69.19959159996121,80115.75,2551039,36145.95,-365.0,-0.9524306552201044
2021-06-07,8883.0,9038.0,8950.25,9570.166666666666,9073.292457854412,276.42857142857144,49.72222222222223,-167.07862947968533,-170.4654595401721,3.3868300604867727,9385.214910865476,8515.285089134524,8950.25,869.9298217309515,23.95506932529659,37.24747168030672,-2.629735384723673,-70.05076142131979,-43.610329431711605,71.89413906097741,83360.95,2457306,36329.9,2987.0,7.869223879024179
2021-06-08,8806.0,8988.5,8941.5,9546.5,9042.978890439705,270.0,52.802359882005895,-172.63274397058194,-170.8989164262541,-1.733827544327852,9385.134510545977,8497.865489454023,8941.5,887.2690210919536,19.86615011296829,31.453697824527246,-3.3089453101496176,-72.58883248730965,-40.14907102150941,70.95268560091785,84359.9,2382778,36244.45,-1859.0,-4.540236903162775
2021-06-09,8805.0,8967.5,8950.5,9526.083333333334,9023.171377064496,250.3571428571429,49.52681388012618,-168.635167073473,-170.44616655569789,1.8109994822249007,9376.619577978814,8524.380422021186,8950.5,852.2391559576281,20.60340743461955,27.836934361224685,6.136353581409281,-78.88198757763975,-36.13135830325378,47.99723641464837,82906.75,2435291,36218.8,722.0,1.8472087192345168
2021-06-10,8772.0,8901.5,8948.0,9501.833333333334,8988.583626867876,249.64285714285717,34.121621621621614,-177.54150805637985,-171.86523485583427,-5.676273200545552,9380.598026615447,8515.401973384553,8948.0,865.1960532308949,14.837533331068684,23.503800684506015,-2.495001375805984,-97.59036144578312,-54.54108347623701,0.0,84017.05,2347597,36476.8,4658.0,11.7011655948553
2021-06-11,8738.0,8847.0,8944.25,9477.5,8957.289948118554,225.7142857142857,26.966292134831463,-182.49614548679165,-173.99141698202575,-8.504728504765893,9385.82940217027,8502.67059782973,8944.25,883.1588043405391,13.225022220712455,20.07754119657483,-0.4800157310122941,-92.26190476190476,-71.37637254817852,0.0,85353.25,2347597,36756.9,-98.0,-0.2203931093419653
2021-06-15,8726.0,8804.5,8935.75,9458.333333333334,8934.690905440597,216.42857142857144,30.65693430656934,-179.51193098939984,-175.09551978350058,-4.416411205899266,9388.138689420712,8483.361310579288,8935.75,904.7773788414232,16.000589526451982,18.71855730653388,10.564653966288184,-85.11904761904762,-51.97699268765772,10.036259422616542,86204.4,2409132,37254.9,-278.0,-0.6265777136675088
2021-06-16,8709.0,8757.5,8929.75,9436.333333333334,8909.482247779588,203.57142857142856,34.5679012345679,-179.11675517532603,-175.89976686186566,-3.2169883134603765,9393.322795623411,8466.177204376589,8929.75,927.1455912468228,18.110425380094203,18.51584666438732,17.299582811507968,-86.93181818181819,-61.73110446293138,20.67166563545569,86845.7,2348468,37764.35,1426.0,3.2342934905874365
2021-06-17,8669.0,8737.0,8928.5,9414.583333333334,8883.34108132439,188.92857142857144,14.871794871794862,-179.55795070361273,-176.6314036302151,-2.926547073397643,9395.259263996244,8461.740736003756,8928.5,933.518527992488,17.25161044757089,18.094434592115174,15.565962158482314,-90.9090909090909,-61.06087888755823,0.0,86625.9,2303832,38071.15,290.0,0.6371385886281722
2021-06-18,8659.0,8715.5,8916.5,9395.083333333334,8857.308597388734,181.78571428571428,16.384180790960457,-179.85167425764303,-177.27545775570067,-2.576216501942355,9403.651764961664,8429.348235038336,8916.5,974.303529923327,17.356929487569783,17.848599557266713,16.37358934817592,-90.71428571428572,-66.30863572539829,3.0948654719592046,85674.2,2249131,38490.85,-1203.0,-2.6262934986682973
2021-06-21,8590.0,8664.0,8875.75,9371.25,8805.660159542187,202.8571428571429,12.94642857142857,-201.5649713525927,-182.1333604750791,-19.43161087751361,9420.633135707969,8330.866864292033,8875.75,1089.7662714159342,15.950848368842143,17.216015827791857,13.420513450942714,-91.17647058823528,-95.4062635692771,0.0,88008.0,2105256,39421.65,13563.0,30.408268502118684
2021-06-22,8549.0,8637.5,8837.75,9349.583333333334,8777.97823958579,207.8571428571429,26.23574144486692,-200.32536114091272,-185.7717606082458,-14.553600532666906,9371.283158837336,8304.216841162663,8837.75,1067.0663176746748,24.745821053680647,19.72595090308812,34.785561354865706,-69.47368421052632,-74.364053810688,32.98627392985767,83824.65,2184399,40292.85,-7174.0,-12.33366571536636
2021-06-23,8523.0,8616.0,8802.25,9325.75,8755.313645339524,187.5,35.57692307692308,-195.0769444663401,-187.63279737986468,-7.444147086475453,9314.34040114746,8290.159598852539,8802.25,1024.1808022949226,31.82568118907177,23.75919433174933,47.95865490371664,-62.72189349112426,-55.95876362239799,56.78074444966897,82098.7,2242371,41026.95,-4628.0,-9.075933479761533
2021-06-24,8496.0,8582.5,8775.0,9302.166666666666,8730.998060069092,186.78571428571428,34.74178403755867,-191.93272120886832,-188.49278214566544,-3.4399390632029,9290.69064574148,8259.309354258521,8775.0,1031.3812914829575,37.441309583274986,28.319899415591216,55.684129918642526,-67.45562130177515,-54.1499656627925,54.68534983234944,79032.8,2184020,41710.95,-1385.0,-2.987231472694329
2021-06-25,8471.0,8565.0,8733.25,9281.25,8707.569673395845,175.35714285714286,33.95348837209302,-188.47861214721345,-188.48994814597503,0.0113359987616092,9195.604102165726,8270.895897834274,8733.25,924.7082043314512,40.30010609386474,32.313301641682386,56.27371499822945,-62.31884057971015,-52.09574796702261,52.70748696590966,74758.3,2146622,42212.75,-1340.0,-2.979168056204007
2021-06-28,8511.0,8550.5,8698.75,9260.333333333334,8689.229704501002,172.5,37.44075829383887,-181.23133453882656,-187.03822542454532,5.806890885718786,9113.401089852408,8284.098910147592,8698.75,829.3021797048168,44.935273221455,36.52062550160659,61.76456866115183,-57.66423357664234,-51.96978408293746,61.4571756749033,73709.85,2216767,42834.55,1052.0,2.410687687618873
2021-06-29,8531.0,8540.0,8672.25,9240.0,8682.160208834239,173.92857142857142,43.80530973451327,-165.51074570560195,-182.7327294807567,17.22198377515474,9030.762643834878,8313.737356165122,8672.25,717.0252876697559,56.48746105920129,43.17623735413815,83.10990846932756,-43.065693430656935,-20.997237018172346,84.35909272871292,74302.45,2297740,43451.7,961.0,2.150321093732521
2021-06-30,8524.0,8523.5,8640.5,9220.416666666666,8665.287807992881,178.21428571428572,35.77586206896552,-160.08281148349488,-178.20274588130434,18.11993439780946,8930.525407235478,8350.474592764522,8640.5,580.0508144709565,57.51646340116965,47.956312703148654,76.63676479721164,-59.12408759124087,-33.56985677733199,73.98010762894064,74020.15,2249823,44255.5,2405.0,5.268115307105936
2021-07-01,8514.0,8505.0,8621.0,9199.5,8644.784207231654,167.85714285714286,39.90384615384615,-158.39331530966774,-174.24085976697702,15.847544457309285,8906.962824230888,8335.037175769112,8621.0,571.9256484617763,54.30175574262374,50.07146038297368,62.76234646192384,-60.17699115044248,-53.43047336037307,87.35708025171603,70226.0,2203302,44848.65,1407.0,2.927773269242784
2021-07-02,8500.0,8485.5,8600.5,9177.25,8622.899997019116,167.5,38.6046511627907,-158.0566067369018,-171.004009160962,12.947402424060186,8883.65701428155,8317.34298571845,8600.5,566.3140285631016,42.08352343625897,47.408814734068784,31.432940840639347,-66.3716814159292,-67.42507667074337,83.14696328671852,68806.1,2148053,45542.2,2730.0,5.519165453663266
2021-07-05,8493.0,8502.0,8583.0,9154.0,8609.290473493485,167.14285714285714,38.888888888888886,-150.80640364727697,-166.96448805822502,16.15808441094805,8849.189485339417,8316.810514660583,8583.0,532.3789706788339,38.6376928728499,44.48510744699582,26.94286372455805,-52.33644859813084,-46.95357342008733,84.06805217712912,66673.05,2200119,46316.75,1255.0,2.404490937655668
2021-07-06,8478.0,8504.5,8571.0,9132.25,8602.691380779821,160.71428571428572,44.03669724770642,-138.621128820394,-161.2958162106588,22.674687390264808,8820.938939911752,8321.061060088248,8571.0,499.87787982350346,42.68967884645019,43.88663124681394,40.295774045722695,-35.714285714285715,-20.934106182034096,100.0,64808.25,2256556,46851.65,-1806.0,-3.3789219629927647
2021-07-07,8489.0,8506.5,8561.25,9110.666666666666,8598.625534991266,166.07142857142858,46.51162790697675,-125.89909151932808,-154.21647127239265,28.317379753064586,8795.700645687228,8326.799354312772,8561.25,468.90129137445547,47.50740494525251,45.09355581296013,52.33510320983726,-28.72340425531915,-19.867554023491905,100.0,64157.95,2318078,47549.7,1404.0,2.718664678659266
2021-07-08,8489.0,8501.5,8542.0,9089.083333333334,8584.470722134956,166.42857142857142,43.10344827586207,-123.2718646706926,-148.02754995205265,24.75568528136006,8742.588607537129,8341.411392462871,8542.0,401.1772150742581,39.079010704242414,43.08870744338756,31.05961722595211,-52.12765957446808,-35.332259418857134,89.84609149183527,64274.2,2263240,48270.6,1179.0,2.222557354798571
2021-07-09,8511.0,8505.5,8535.25,9069.25,8578.80684383639,145.0,61.17021276595744,-113.82578249958895,-141.18719646155992,27.361413961970957,8728.054100196628,8342.445899803372,8535.25,385.608200393257,41.396589146743615,42.52466801117291,39.14043141788501,-50.0,-17.299952197950823,100.0,61944.45,2304339,48665.05,-1871.0,-3.4503743591634994
2021-07-12,8527.0,8510.0,8530.25,9042.416666666666,8577.015715851972,137.85714285714286,52.903225806451616,-102.335823163261,-133.41692180190014,31.081098638639133,8714.425974203163,8346.074025796837,8530.25,368.3519484063254,49.02629752640051,44.69187784958211,57.695136880037296,-42.85714285714285,16.32137891754595,69.6253419777088,61310.35,2365504,49085.95,431.0,0.8232260529080326
2021-07-13,8531.0,8504.5,8522.25,9015.166666666666,8575.395171485117,138.92857142857142,51.333333333333336,-92.16749806313784,-125.1670370541477,32.99953899100987,8684.29206731262,8360.20793268738,8522.25,324.0841346252382,57.68419835093367,49.02265135003263,75.00729235273573,-42.85714285714285,8.859239892954001,63.85722510074844,60771.5,2365504,49390.35,-2608.0,-4.940703974538707
2021-07-14,8567.0,8528.0,8525.75,8989.583333333334,8591.071821819867,154.28571428571428,63.48314606741573,-68.79154537143586,-113.89193871760531,45.10039334616947,8703.4924215573,8348.0075784427,8525.75,355.48484311459833,61.09764166791804,53.0476481226611,77.19762875843193,-32.075471698113205,131.14694075516368,100.0,66120.7,2533152,49789.85,3328.0,6.632388696241387
2021-07-15,8615.0,8552.0,8528.5,8963.916666666666,8600.493553075117,161.78571428571428,61.08108108108108,-53.68170727541474,-101.8498924291672,48.16818515375248,8714.852806313864,8342.147193686136,8528.5,372.70561262772753,59.54364230006418,55.2129795151288,68.20496786993496,-41.50943396226416,112.72908840425616,91.33056496454503,68586.7,2439196,50180.15,106.0,0.1981086233319606
2021-07-16,8685.0,8598.0,8541.75,8941.0,8626.63702421082,164.28571428571428,66.66666666666666,-26.47392292923905,-86.77469852918158,60.300775599942526,8782.303637743393,8301.196362256607,8541.75,481.1072754867855,69.72876483370615,60.05157462132125,89.08314525847595,-9.174311926605505,131.8961454158297,100.0,71963.95,2561442,50516.2,-2288.0,-4.267701260911738
2021-07-19,8824.0,8675.5,8588.75,8923.833333333334,8686.481117143123,178.57142857142858,73.52941176470588,25.45780466880933,-64.3281978895834,89.78600255839272,8969.329544213408,8208.170455786592,8588.75,761.1590884268153,79.81917655580409,66.64077526614886,106.17597913511456,-0.0,172.94820911986687,100.0,68236.75,2630773,50767.7,11872.0,23.1314784506274
2021-07-20,8912.0,8721.5,8613.0,8904.916666666666,8716.340058367588,214.64285714285717,66.44518272425249,45.51305786193734,-42.35994673927925,87.87300460121659,9033.505960906496,8192.494039093504,8613.0,841.0119218129912,68.98781866408888,67.4231230654622,72.11720986134222,-50.79365079365079,133.10175186013063,79.7157405853058,92423.4,2067897,51050.65,-6545.0,-10.356668143553394
2021-07-21,8960.0,8763.5,8635.0,8886.083333333334,8741.450528999247,221.78571428571428,68.02721088435375,59.1117541487256,-22.065606561678287,81.17736071040389,9084.46752121992,8185.53247878008,8635.0,898.9350424398399,60.991879109392585,65.27937508010567,52.41688716796642,-52.38095238095238,81.85943856763919,84.24555877972028,98237.3,1893647,51718.05,3061.0,5.403258547951495
2021-07-22,8978.0,8796.5,8649.0,8864.166666666666,8745.121907189794,238.92857142857144,61.16207951070336,53.13794919793327,-7.024895409755974,60.16284460768924,9098.205145961056,8199.794854038943,8649.0,898.410291922115,49.597422952361015,60.05205770419079,28.688153448701485,-69.63562753036437,39.59584744310719,64.29807858750216,101697.95,1766083,52515.75,1221.0,2.044815112540199
2021-07-23,8980.0,8832.5,8669.0,8845.333333333334,8758.443630314576,244.28571428571428,62.08955223880597,56.22812538522703,5.625708749240627,50.6024166359864,9123.053092188917,8214.946907811085,8669.0,908.1061843778298,44.979842251928616,55.02798588677006,24.883554982245712,-61.885245901639344,40.664882158673045,62.40099502487562,105569.1,1880904,53173.45,-4140.0,-6.79434789030574
2021-07-26,9718.0,9271.0,8890.5,8899.833333333334,9157.16328457033,526.0714285714286,88.81057268722466,381.8830711116225,80.87718122171701,301.00588988990546,10851.08503620999,6929.91496379001,8890.5,3921.17007241998,63.31989483461908,57.79195553605307,74.3757734317511,-0.0,205.77806729274087,100.0,108269.45,2005056,55037.3,25175.0,44.32764601271284
2021-07-27,10576.0,9744.0,9124.25,8960.083333333334,9550.766781277918,551.4285714285714,89.41666666666667,660.1952585484105,196.7407966870557,463.4544618613548,11894.217271324796,6354.282728675205,9124.25,5539.934542649589,75.19123052940489,63.59171386717034,98.390263853874,-1.017293997965412,149.89980889373248,100.0,118002.95,2280699,56799.85,-1065.0,-1.299287526839743
2021-07-28,11440.0,10200.0,9364.0,9022.666666666666,9907.8366116324,559.6428571428571,91.10169491525424,871.5202457590185,331.6966865014483,539.8235592575702,12683.772661842342,6044.227338157658,9364.0,6639.545323684684,82.96330791512565,70.04891188315544,108.79209997906608,-1.4198782961460443,120.30452950609616,100.0,124011.65,2448790,58617.75,3512.0,4.341000951757046
2021-07-29,12286.0,10632.0,9592.0,9081.583333333334,10203.280743857886,585.7142857142857,86.67211774325429,1004.0224978954284,466.1618487802444,537.8606491151841,13255.977418914556,5928.022581085442,9592.0,7327.954837829116,85.83181751438829,75.30988042689972,106.87569168936544,-7.995951417004049,97.31344458990536,88.861554774201,132828.4,2225934,60490.25,2499.0,2.96037434105314
2021-07-30,13116.0,11048.0,9823.0,9143.166666666666,10472.968292061896,599.6428571428571,86.65028665028665,1098.3872538667438,592.6069297975444,505.7803240691994,13747.797547577924,5898.202452422077,9823.0,7849.595095155847,87.92202989041752,79.51393024807231,104.7382291751079,-7.489878542510121,82.03243912844486,88.80665914335466,137691.7,2378449,62027.05,-3984.0,-4.583841498492758
2021-08-02,13196.0,11457.0,10066.25,9209.583333333334,10746.495121389336,629.6428571428571,87.2954014029618,1184.5318660509183,710.9919170482192,473.53994900269913,14235.980364878462,5896.519635121538,10066.25,8339.460729756924,91.52112558329506,83.51632869314656,107.53071936359204,-1.238390092879257,76.29691009757349,87.32106700643259,147473.8,2626157,64210.8,14194.0,17.115639696129257
2021-08-03,13143.0,11859.5,10290.5,9270.583333333334,10963.495586018922,639.2857142857143,82.68497330282227,1212.9980794026103,811.3931495190975,401.604929883513,14594.857522814586,5986.142477185414,10290.5,8608.715045629171,91.38445409256708,86.13903715962007,101.87528795846112,-8.75912408759124,67.2578381904622,71.9635259328008,156633.8,2386520,65969.2,-10313.0,-10.618384745274078
2021-08-04,13108.0,12274.0,10518.75,9340.5,11169.353149255216,641.7857142857143,83.57305071915215,1229.454536251913,895.0054268656606,334.4491093862523,14919.788005552302,6117.711994447698,10518.75,8802.076011104604,91.97466279967932,88.08424570630649,99.75549698642492,-6.715634837355719,59.25487406430474,74.85390478677384,160798.2,2531330,67686.6,584.0,0.6727258066373976
2021-08-05,13087.0,12686.5,10741.5,9411.333333333334,11334.652849326148,657.1428571428571,80.34638554216868,1210.7870362192934,958.1617487363872,252.6252874829063,15152.62242548669,6330.377574513311,10741.5,8822.24485097338,74.07834662835764,83.41561268032353,55.403814524425854,-11.428571428571429,50.66279037236367,64.07666154772737,166678.5,2358886,69361.75,334.0,0.3821728931861168
2021-08-06,13080.0,13098.0,10965.25,9482.833333333334,11493.257339866514,643.2142857142857,79.46498819826908,1189.9417067211525,1004.5177403333404,185.42396638781224,15356.920914475792,6573.579085524209,10965.25,8783.341828951583,61.826878972895706,76.21936811118093,33.04190069632526,-9.417989417989418,46.75139016599321,61.13274482738894,169273.25,2451880,71050.95,-1590.0,-1.812399548609922
2021-08-09,12991.0,13093.5,11182.25,9552.25,11627.2328313078,623.2142857142857,81.45161290322581,1152.0720986331944,1034.0286119933112,118.0434866398832,15501.811960004252,6862.688039995747,11182.25,8639.123920008504,52.53105062839512,68.32326228358566,20.94662731801401,-11.534391534391537,38.94744240661452,67.76818311914053,173438.45,2307411,72738.1,390.0,0.4527565910911413
2021-08-10,13002.0,13072.5,11408.25,9622.083333333334,11765.591609278486,640.7142857142857,82.23270440251572,1123.632125360482,1051.9493146667455,71.68281069373643,15621.816154321314,7194.683845678686,11408.25,8427.132308642627,53.60655900478866,63.41769452398667,33.98428796639266,-7.724867724867725,38.598148356010206,70.37707267478655,177352.05,2436441,74669.6,2279.0,2.633799073143117
2021-08-11,13034.0,13071.0,11635.5,9697.0,11910.297170299584,633.5714285714286,85.38884524744698,1104.8984468663584,1062.5391411066682,42.35930575969019,15731.761324928531,7539.238675071468,11635.5,8192.522649857063,62.60639287187932,63.147260639950886,61.52465733573618,-3.4224598930481283,39.566483433602826,80.30876336326276,173815.35,2533355,76500.95,1325.0,1.4919827042608746
2021-08-12,13193.0,13140.0,11886.0,9781.0,12080.74505884248,660.3571428571429,86.06741573033707,1110.7350412442793,1072.1783211341904,38.55672011008892,15833.900974601966,7938.099025398034,11886.0,7895.801949203931,71.73759524791954,66.01070550927378,83.19137472521106,-9.6,44.49424188313301,56.73793877120717,178154.55,2714095,78766.35,8787.0,9.74892658626696
2021-08-13,13387.0,13233.5,12140.75,9866.333333333334,12260.674100857485,396.7857142857143,67.76429809358751,1124.188383947845,1082.5803336969211,41.608050250923725,15924.70821023992,8356.79178976008,12140.75,7567.91642047984,80.91329879273067,70.97823660375941,100.7834231706732,-0.7352941176470589,47.15283066857465,0.0,180078.75,2874825,81239.85,1874.0,1.8944601698342112
2021-08-16,13625.0,13308.0,12382.5,9949.0,12434.895615061532,376.4285714285714,65.0375939849624,1131.490138100804,1092.362294577698,39.127843523106094,16004.51673976776,8760.483260232239,12382.5,7244.033479535523,85.25210334850841,75.73619218534242,104.28392567484042,-6.070287539936103,48.7506487850177,0.0,184195.8,3026497,83118.4,-27.0,-0.0267873087683834
2021-08-17,13877.0,13439.5,12649.5,10033.416666666666,12616.334127912816,386.7857142857143,67.93103448275862,1144.25943109129,1102.7417218804164,41.51770921087359,15998.655274488116,9300.344725511884,12649.5,6698.310548976235,88.68658741752412,80.05299059606965,105.95378106043304,-4.444444444444445,50.16113217119617,12.999665436301504,166424.25,3233942,85271.8,-1048.0,-1.0400230234104413
2021-08-18,14062.0,13548.0,12911.0,10116.083333333334,12768.111830016358,367.8571428571428,71.8978102189781,1130.8534990343633,1108.3640773112058,22.48942172315742,15844.734103403662,9977.265896596338,12911.0,5867.468206807323,88.5688360561272,82.89160574942215,99.92329666953724,-11.666666666666666,46.565507164620826,30.82161735512182,163041.45,3127348,87109.0,-3263.0,-3.2721948675778934
2021-08-19,14150.0,13671.5,13179.0,10201.0,12898.767846205275,393.57142857142856,69.83842010771993,1101.8790109665788,1107.0670640422804,-5.188053075701646,15421.699501188596,10936.300498811404,13179.0,4485.399002377191,86.50749865349763,84.09690338411397,91.32868919226496,-17.615176151761517,45.01538841616198,21.56917809826679,165625.05,2948112,88764.3,-2417.0,-2.505805755992374
2021-08-20,14153.0,13770.0,13434.0,10278.75,13002.21852751906,380.0,62.16730038022814,1054.256503096189,1096.504951853062,-42.24844875687336,14439.435752612557,12428.564247387443,13434.0,2010.8715052251137,81.83594466107101,83.34325047643298,78.82133303034706,-26.016260162601625,60.40312163731208,0.0,167605.3,2793686,90482.0,-2892.0,-3.0753198141196703
2021-08-23,14159.0,13892.0,13492.75,10360.666666666666,13108.673905850575,381.07142857142856,72.39263803680981,1015.7003330769804,1080.3440280978457,-64.64369502086538,14515.051196733186,12470.448803266814,13492.75,2044.602393466372,79.73460140525302,82.14036745270633,74.92306931034639,-18.69918699186992,58.38110554869414,42.78363307788415,168707.9,2939890,90981.2,805.0,0.8831886951847112
2021-08-24,14063.0,13970.0,13521.25,10439.25,13180.228771960046,388.2142857142857,64.10748560460652,953.176834251939,1054.9105893286644,-101.7337550767254,14551.502268544991,12490.997731455009,13521.25,2060.504537089986,70.0940703135291,78.12493507298059,54.03234079462612,-32.79132791327913,43.352360086086144,8.11789062921631,160285.1,2832703,91483.5,-1003.0,-1.0907864973029424
2021-08-25,14171.0,14116.5,13593.75,10532.75,13329.730793678136,431.07142857142856,78.16793893129771,964.3259239559428,1036.7936562541202,-72.46773229817722,14754.284699814563,12433.215300185437,13593.75,2321.06939962913,79.48800089867457,78.57929034821191,81.3054219995999,-0.9302325581395348,79.35715543255127,66.94795534113037,164378.25,3082657,92618.75,16171.0,17.780294450736122
2021-08-26,14309.0,14229.5,13684.75,10632.583333333334,13472.6135752326,445.7142857142857,78.06748466257669,968.453262909723,1023.1255775852408,-54.67231467551778,14934.543561900691,12434.956438099309,13684.75,2499.587123801386,81.82082942794521,79.65980337478967,86.14288153425628,-7.337526205450734,98.37163569135204,66.52764662190668,168485.45,3387657,93777.55,2970.0,2.772591486183717
2021-08-27,14339.0,14246.0,13739.75,10721.083333333334,13535.697996639015,473.2142857142857,66.01815823605706,905.2088331679896,999.5422287017906,-94.33339553380084,14965.73821579294,12513.76178420706,13739.75,2451.976431585881,65.48673055814109,74.93544576924015,46.58930013594298,-38.07439824945296,52.63710962245471,16.11229820198909,174745.95,3109932,94399.65,-14718.0,-13.36906167680988
2021-08-30,14369.0,14264.0,13786.0,10811.75,13605.631520768637,464.2857142857143,65.61679790026247,856.1118146162826,970.8561458846892,-114.74433126840654,15019.056109194164,12552.943890805836,13786.0,2466.112218388327,58.07223478650848,69.31437544166292,35.58795347619957,-37.69230769230769,37.62808071376823,14.43297435808654,169307.3,3248867,94403.45,1828.0,1.9167051126116608
2021-08-31,14465.0,14264.0,13851.75,10904.416666666666,13675.571375933529,477.1428571428572,64.35374149659864,813.4732751285756,939.3795717334664,-125.90629660489094,15053.797704631776,12649.702295368224,13851.75,2404.0954092635548,54.93103940722187,64.51993009684924,35.75325802796712,-37.57062146892656,45.531001217021945,9.148245037070655,165023.95,3402837,95005.35,1649.0,1.6965020576131584
2021-09-01,14385.0,14278.0,13913.0,10997.666666666666,13739.802673463666,451.07142857142856,59.9388379204893,771.5943820811844,905.8225338030102,-134.22815172182572,15083.552725942118,12742.447274057882,13913.0,2341.105451884236,53.09430941176439,60.71138986848762,37.86014849831791,-46.95340501792115,41.17824665307454,0.0,162327.25,3493713,95579.2,23.0,0.0232678125221319
2021-09-02,14279.0,14294.0,13982.75,11088.75,13793.15479980046,455.3571428571428,55.40983606557377,726.0015811798839,869.8583432783851,-143.85676209850112,15063.18107868548,12902.31892131452,13982.75,2160.8621573709606,50.58282146112478,57.33520039936668,37.07806358464099,-54.44015444015444,36.48207249986013,0.0,160565.4,3356506,96100.45,-718.0,-0.7261914394368518
2021-09-03,14269.0,14304.0,14037.0,11179.166666666666,13820.949580771843,474.2857142857143,49.92050874403816,664.8562063292375,828.8579158885557,-164.0017095593182,15013.63439261686,13060.36560738314,14037.0,1953.2687852337224,43.37439062659284,52.6815971417754,24.759977596227717,-71.04247104247104,8.500875525507146,0.0,163374.7,3207326,96735.65,689.0,0.7019581474010161
2021-09-06,14134.0,14251.5,14071.75,11261.416666666666,13799.430573079286,498.57142857142856,38.99556868537666,570.2852578698494,777.1433842848144,-206.858126414965,14918.92036750523,13224.57963249477,14071.75,1694.3407350104608,30.91626041772857,45.42648490042646,1.8958114523327796,-94.0,-31.27973474094095,0.0,166494.3,3000465,97581.45,4602.0,4.655868397357432
2021-09-07,14044.0,14254.5,14112.25,11347.583333333334,13808.05623278602,516.7857142857143,45.49295774647887,513.2249961666857,724.3597066611887,-211.134710494503,14826.86785886621,13397.63214113379,14112.25,1429.2357177324193,30.495172560294336,40.44938078704909,10.586756106784833,-70.34700315457414,-50.034407854356736,16.586663049266907,169959.35,3198796,98380.6,1346.0,1.3011745371936725
2021-09-08,13947.0,14166.0,14141.25,11434.166666666666,13813.47944871116,500.0,46.07703281027104,460.6766430241296,671.623093933777,-210.9464509096474,14754.385813923627,13528.114186076373,14141.25,1226.2716278472544,31.078907310727622,37.32588962827527,18.58494267563232,-71.92429022082018,-36.80285162932329,18.07770140136404,171421.75,3072634,99323.9,4208.0,4.01561202775047
2021-09-09,13840.0,14059.5,14144.5,11519.666666666666,13808.862358357715,506.7857142857143,46.81159420289856,406.2791966244167,618.554314471905,-212.27511784748825,14748.407451954614,13540.592548045386,14144.5,1207.8149039092275,30.63306464393336,35.09494796682797,21.70929799814415,-78.23343848580441,-61.77297485105108,19.952904224210844,169732.2,2925685,99859.5,633.0,0.5807392728373717
2021-09-10,13748.0,14008.5,14127.25,11603.25,13791.351657561743,502.5,42.836468885672936,347.86206116453286,564.4158638104306,-216.5538026458977,14770.567675475302,13483.932324524698,14127.25,1286.6353509506043,27.55510208086641,32.581666004840784,17.50197423291766,-84.14634146341463,-91.29422427604622,9.805125848100094,169331.3,2772973,100133.6,-3356.0,-3.061150029188553
2021-09-13,13796.0,13965.0,14114.5,11695.25,13795.508642555864,517.8571428571429,49.63289280469897,314.8815469305555,514.5090004344556,-199.6274535039001,14770.900872381471,13458.099127618529,14114.5,1312.8017447629427,32.072307843107254,32.4118799509296,31.39316362746256,-69.23076923076923,-70.92902542696325,27.15517098542168,170068.3,2939385,100656.5,4949.0,4.656742820580373
2021-09-14,13789.0,13916.5,14090.25,11784.25,13801.174486121972,457.8571428571428,32.34714003944772,287.049160599885,469.0170324675415,-181.96787186765653,14747.408756754368,13433.091243245632,14090.25,1314.317513508733,35.61078757392921,33.47818249192947,39.875997737928685,-68.04733727810651,-40.72378796063492,0.0,165181.45,3049093,101227.55,-85.0,-0.076421667790516
2021-09-15,13818.0,13882.5,14080.25,11875.416666666666,13821.062630300832,446.7857142857143,34.29118773946361,274.3366167727217,430.0809493285776,-155.7443325558558,14735.821064837848,13424.678935162152,14080.25,1311.1421296756962,46.342151065546304,37.76617201646842,63.49410916370206,-53.1986531986532,-17.402782228111132,5.773652844901648,165399.95,3160057,101999.45,754.0,0.6784236098614338
2021-09-16,13840.0,13840.0,14067.0,11965.0,13826.199522653133,412.5,43.65853658536586,250.4810725574498,394.160973974352,-143.67990141690225,14728.174393747497,13405.825606252503,14067.0,1322.3487874949897,50.64785379678396,42.06006594324026,67.82342950387135,-55.73122529644269,-22.867289634195867,33.99913697111019,161144.2,3065936,102732.65,-3191.0,-2.851806173700111
2021-09-17,13867.0,13807.5,14055.75,12052.916666666666,13819.894806209975,414.6428571428572,37.4384236453202,219.7625570320106,359.28129058588377,-139.51873355387318,14730.32023355615,13381.17976644385,14055.75,1349.1404671122982,51.52970692240688,45.2166129362958,64.15589489462901,-64.82213438735178,-46.68194481476321,15.9069797294426,158336.15,2967671,103527.0,-1669.0,-1.5353762085682954
2021-09-22,13860.0,13828.0,14039.75,12141.0,13818.000062761408,407.5,36.50000000000001,196.38181060003265,326.7013945887135,-130.3195839886809,14723.027511626671,13356.472488373329,14039.75,1366.5550232533424,53.71441539338103,48.0492137553242,65.04481866949467,-61.6600790513834,-38.91430099497103,15.051121458551997,155569.4,3058540,104220.75,-1207.0,-1.127679055253472
2021-09-23,13857.0,13823.0,14038.75,12228.083333333334,13820.09529487937,413.57142857142856,37.4384236453202,179.01647581030377,297.1644108330316,-118.14793502272784,14723.192723757997,13354.307276242003,14038.75,1368.8854475159897,58.83592605172771,51.64478452079205,73.21820911359904,-58.49802371541502,-28.855137935155767,22.075838835602447,155435.3,3163045,104847.6,-2341.0,-2.2121008816275656
2021-09-24,13802.0,13810.0,13988.0,12315.25,13811.990981081335,396.4285714285714,36.45083932853717,154.99501435612729,268.73053153765073,-113.73551718152343,14596.720833084904,13379.279166915096,13988.0,1217.441666169805,57.64500333273076,53.64485745810495,65.64529508198237,-59.02439024390244,-33.75488674132974,23.351807829636503,145832.0,3105157,104513.4,-3050.0,-2.947258566376132
2021-09-27,13976.0,13908.0,13983.75,12420.166666666666,13900.848982883112,432.1428571428572,61.458333333333336,214.97825664295488,257.9800765587116,-43.0018199157567,14568.430524551206,13399.069475448794,13983.75,1169.361049102412,71.76333555515384,59.68435015712125,95.92130635121904,-0.0,83.19511466952885,100.0,140580.0,3305117,103757.75,-5459.0,-5.435302082918481
2021-09-28,14258.0,14062.5,14035.5,12532.75,14021.720508322816,431.7857142857143,77.97513321492008,293.42691362958067,265.06944397288544,28.35746965669523,14824.175772218348,13246.824227781652,14035.5,1577.3515444366967,78.17086220108847,65.84652083844365,102.81954492637809,-7.94044665012407,146.76105742283002,100.0,135765.7,3486556,103832.4,1888.0,1.9878496899249365
2021-09-29,14617.0,14238.5,14101.75,12651.333333333334,14171.556650387309,446.07142857142856,78.94736842105263,385.4487740763143,289.14530999357123,96.30346408274306,15152.445383769094,13051.054616230906,14101.75,2101.390767538189,82.88313890328975,71.52539352672568,105.59862965641788,-6.938775510204081,147.35725706675947,100.0,137155.05,3653278,103492.8,-6457.0,-6.665978423579211
2021-09-30,15062.0,14459.5,14188.0,12776.75,14351.88458844566,452.5,82.44837758112095,490.6459721576466,329.4454424263863,161.2005297312603,15556.258208934189,12819.741791065811,14188.0,2736.516417868373,88.58875926885983,77.21318210743706,111.3399135917054,-0.0,139.14397551525187,100.0,134242.75,3749002,102812.8,-5159.0,-5.706353420051324
2021-10-08,15335.0,14568.5,14225.5,12885.75,14423.13367526036,521.4285714285714,65.68742655699177,490.4939652737012,361.65514699584935,128.83881827785183,15652.31057644406,12798.68942355594,14225.5,2853.6211528881176,79.57710113275914,78.00115511587776,82.72899316652189,-35.09090909090909,78.51913332998608,66.54583430162229,136390.6,3615169,101710.6,-8421.0,-9.878121737498391
2021-10-11,15384.0,14680.0,14260.0,12994.75,14477.120944283182,561.0714285714286,66.15384615384616,476.0102679683441,384.5261711903484,91.48409677799576,15727.192090892991,12792.807909107009,14260.0,2934.384181785983,71.7886716309365,75.93032728756401,63.50536031768149,-39.09090909090909,62.05585792570683,67.47678854495098,139808.0,3409614,101250.25,12119.0,15.774196907377512
2021-10-12,15280.0,14769.0,14288.25,13096.833333333334,14493.585616256212,574.6428571428571,59.35706084959816,432.1155163135136,394.0440402149815,38.07147609853212,15762.992707265092,12813.507292734908,14288.25,2949.485414530187,61.37452058308933,71.07839171940579,41.96677831045642,-56.374501992031874,40.58662712935272,53.91068591406373,139608.6,3264422,100673.05,-1648.0,-1.852788739361644
2021-10-13,15010.0,14813.5,14320.75,13191.583333333334,14469.910795660382,645.0,54.11392405063291,360.492955714275,387.3338233148402,-26.84086760056522,15759.372422209595,12882.127577790405,14320.75,2877.244844419194,49.98301372205955,64.04659905362371,21.85584305893124,-72.50996015936255,-6.75331567018426,41.16256861404747,137586.3,3098007,99649.6,-4323.0,-4.951946757694814
2021-10-14,14586.0,14824.0,14323.5,13281.333333333334,14419.919291311777,676.0714285714286,49.33469805527124,276.3386081711178,365.13478028609575,-88.79617211497794,15758.862048587853,12888.137951412147,14323.5,2870.724097175702,38.38867581470637,55.4939579739846,4.178111496149896,-84.4621513944223,-17.23806416600162,28.00988752047042,133042.25,2990557,98465.2,-1873.0,-2.257279213266483
2021-10-15,14325.0,14830.0,14320.0,13365.583333333334,14360.4031683297,685.0,49.18367346938776,195.2907449031627,331.1659732095092,-135.87522830634646,15760.401990673729,12879.598009326271,14320.0,2880.803981347457,28.659117209804247,46.54901105259116,-7.120670475769572,-90.4382470119522,-34.246662735305705,27.6815556322416,131440.65,2896427,97091.5,422.0,0.5203260052032643
2021-10-18,14369.0,14876.5,14392.25,13474.25,14441.3171522983,764.2857142857143,61.693548387096776,242.443664053304,313.4215113782681,-70.9778473249641,15860.135966458674,12924.364033541326,14392.25,2935.7719329173487,41.039411473202826,44.712477859461714,33.693278700685056,-34.2,26.55300415856748,54.87839136074129,135005.45,3114672,95882.9,3935.0,4.826740263722784
2021-10-19,14549.0,14914.5,14488.5,13585.5,14546.905994936556,844.6428571428571,63.46153846153847,303.7464506916949,311.4864992409535,-7.740048549258574,15996.458187330418,12980.541812669582,14488.5,3015.916374660836,50.17569960282487,46.5335517739161,57.459995260642415,-31.55172413793104,83.94716303494725,58.72205374270013,145958.45,3486444,94263.75,-11567.0,-13.534987128481156
2021-10-20,14789.0,14899.5,14569.0,13688.666666666666,14632.438757323553,916.0714285714286,62.22391469916223,339.93813309280995,317.1768260113248,22.761307081485143,16101.760152212511,13036.239847787489,14569.0,3065.5203044250266,55.0596618041821,49.37558845067143,66.42780851120344,-35.172413793103445,48.67685358451149,56.03142331030581,149449.65,3250208,92338.9,-1165.0,-1.576604008498772
2021-10-21,15082.0,14834.0,14646.75,13795.5,14706.492209007023,968.5714285714286,62.89453425712087,361.6274781866414,326.06695644638813,35.56052174025325,16184.760591298826,13108.739408701174,14646.75,3076.021182597651,57.9133377545122,52.22150488528502,69.29700349296654,-36.37931034482759,58.218662021028216,41.21744399613339,150737.8,3114737,90044.75,-7471.0,-10.272522274777252
2021-10-22,15404.0,14864.5,14716.5,13902.583333333334,14773.016760530165,956.4285714285714,56.01092896174863,374.1005835657216,335.6736818702548,38.42690169546671,16259.443530023736,13173.556469976264,14716.5,3085.8870600474693,59.75831712369779,54.73377563142261,69.80740010824816,-36.55172413793103,43.25381726782631,20.524022908572192,151493.05,2988668,87600.0,-2258.0,-3.460165193006115
2021-10-25,15416.0,14892.5,14786.25,14010.75,14820.348497622528,963.9285714285714,50.96153846153846,368.8404742921721,342.30704035463833,26.533433937533744,16294.76225070475,13277.73774929525,14786.25,3017.0245014095017,59.43657923189048,56.301376831578565,65.70698403251433,-41.206896551724135,46.115240622483824,5.344598846209522,155146.1,2821486,85508.7,3878.0,6.155653264337535
2021-10-26,15094.0,14821.5,14795.25,14095.0,14736.50578356324,1013.5714285714286,36.44553644553645,254.41912971269997,324.7294582262507,-70.31032851355076,16279.94197585152,13310.55802414848,14795.25,2969.383951703043,43.26930091061953,51.95735152459222,25.893199682674137,-87.06896551724138,-27.703334458492023,0.0,156396.65,2698210,83616.95,2322.0,3.472045695829662
2021-10-27,14749.0,14769.0,14791.25,14107.916666666666,14639.695708938169,1045.357142857143,29.974380871050386,144.32355627051948,288.64827783510447,-144.324721564585,16287.617091887618,13294.882908112382,14791.25,2992.734183775236,35.657794809978235,46.52416595305423,13.925052523826238,-79.56521739130434,-84.24458474673364,0.0,161301.7,2509240,81400.75,-7696.0,-11.121547999248548
2021-10-28,14470.0,14776.0,14800.0,14120.0,14580.200879515483,1070.7142857142858,39.53712632594021,79.95439125148368,246.90950051838036,-166.95510926689664,16274.838082102931,13325.161917897069,14800.0,2949.6761642058627,34.70007536943222,42.58280242518023,18.9346212579362,-67.2153635116598,-67.28957669594728,26.43141732511216,166684.5,2721401,79394.9,1866.0,3.0339983415443195
2021-10-29,14257.0,14830.5,14830.25,14137.333333333334,14557.324605275917,1042.857142857143,43.981481481481474,54.53747402857334,208.43509522041893,-153.8976211918456,16236.32881414199,13424.17118585801,14830.25,2812.157628283981,37.03370365278106,40.7331028343805,29.634905289582164,-58.29903978052126,-45.1150005906557,41.82827572803539,169204.9,2829697,77729.8,3765.0,5.941390900913701
2021-11-01,14005.0,14710.5,14793.5,14154.0,14505.198452392497,1041.7857142857142,44.063079777365495,7.677638893490439,168.28360395503324,-160.6059650615428,16246.595063358862,13340.404936641138,14793.5,2906.190126717724,37.32183215917888,39.59601260931329,32.773471258910035,-67.3525377229081,-48.685139627802045,42.07194614306996,164514.3,2723549,76315.9,-435.0,-0.6479578157118637
2021-11-02,14054.0,14574.0,14744.25,14173.166666666666,14474.70336168845,1027.857142857143,49.41860465116279,-15.163287652727377,131.59422563348113,-146.7575132862085,16210.32702461544,13278.17297538456,14744.25,2932.1540492308777,39.3716672993252,39.521230839317255,39.07254021934108,-62.55144032921811,-50.45049176572728,58.06471847474887,162898.35,2872669,74551.15,-5129.0,-7.689770461326262
2021-11-03,14193.0,14471.0,14685.25,14191.0,14469.01732724193,1006.4285714285714,54.61689587426327,-14.53822112736816,102.36773628131128,-116.90595740867944,16101.291461629084,13269.208538370916,14685.25,2832.0829232581677,43.31572897536607,40.78606355133353,48.37505982343114,-56.24142661179698,-23.179557623515915,73.58795662672938,158231.8,2946060,73077.95,-626.0,-1.0167289264252033
2021-11-04,14215.0,14342.5,14588.25,14209.333333333334,14436.25377226651,1015.3571428571428,53.15487571701721,-37.01672204194256,74.49084461666052,-111.50756665860308,15865.29953949163,13311.20046050837,14588.25,2554.0990789832613,42.84183964863891,41.47132225043532,45.58287444504609,-64.19753086419753,-28.075578638215347,69.22204365458349,157744.6,2860080,71941.35,1573.0,2.581058020477811
2021-11-05,14193.0,14225.0,14544.75,14227.75,14416.610555860176,944.2857142857144,37.5,-45.83017179504896,50.42664133431863,-96.2568131293676,15807.59338738128,13281.90661261872,14544.75,2525.686774762562,47.36122643242594,43.43462364443219,55.21443200841341,-61.31687242798354,-30.53858294501283,22.47314991908194,155318.7,2945395,71226.4,12.0,0.0191947790201041
2021-11-08,14482.0,14243.5,14568.0,14270.25,14515.504788635397,931.0714285714286,49.0114464099896,45.50778263536267,49.44286959452744,-3.935086959164764,15881.466285905552,13254.533714094448,14568.0,2626.932571811103,64.47053048054363,50.44659258980267,92.51840626202556,-16.0828025477707,48.09747447643662,57.82799768786733,153566.6,3115908,70074.9,3388.0,5.418285915335286
2021-11-09,14745.0,14399.5,14610.5,14311.916666666666,14609.26623733679,872.1428571428571,50.5795574288725,120.1399944240311,63.582294560428174,56.55769986360293,15988.556984537134,13232.443015462866,14610.5,2756.1139690742675,73.26283952940196,58.052008236335766,103.68450211553434,-14.64968152866242,70.56908494477494,62.59137470040096,153994.1,3269650,68995.7,-202.0,-0.306445985102477
2021-11-10,15022.0,14607.5,14688.25,14360.25,14722.669452828524,849.6428571428571,53.89221556886227,201.17503221373957,91.10084209109044,110.0741901226491,16152.26493736987,13224.23506263013,14688.25,2928.029874739739,81.83229082481392,65.97876909916181,113.53933427611815,-4.333868378812199,68.90164851701994,91.86254112678137,150581.6,3367815,68145.8,263.0,0.4002130411626003
2021-11-11,15325.0,14770.0,14773.0,14402.916666666666,14810.034266844856,829.2857142857143,52.27492739593418,249.60789621178628,122.80225291522962,126.80564329655668,16252.019589920435,13293.980410079565,14773.0,2958.0391798408746,84.19182424624559,72.04978748152307,108.47589777569064,-9.470304975922954,63.507954267024,90.49622784840044,149847.45,3275048,67158.9,-4613.0,-6.991724514232011
2021-11-12,15621.0,14907.0,14868.75,14443.333333333334,14895.745289050108,802.8571428571429,54.31372549019608,290.2933834329142,156.30047901876654,133.99290441414766,16329.01268365084,13408.48731634916,14868.75,2920.5253673016814,86.68893893644096,76.92950463316237,106.20780754299813,-6.774193548387097,53.288143544360416,98.7697262879716,148975.4,3351737,66155.15,85.0,0.1385154403976241
2021-11-15,15755.0,15118.5,14914.5,14483.75,15012.817166283432,753.9285714285714,76.10513739545998,351.9667038092066,195.4337239768545,156.53297983235203,16473.757245580324,13355.242754419678,14914.5,3118.514491160646,87.47299125443097,80.44400017358524,101.53097341612244,-7.810320781032078,80.98382262175912,100.0,142587.0,3442214,64982.4,555.0,0.9031733116354744
2021-11-16,15911.0,15328.0,14951.0,14522.25,15133.50124568501,715.7142857142857,81.06796116504854,408.6399126076231,238.07496170300823,170.5649509046148,16604.237971216993,13297.762028783009,14951.0,3306.4759424339863,90.01787153426513,83.6352906271452,102.783033348505,-3.486750348675035,76.80977547564038,100.0,127215.05,3506547,64327.4,-1212.0,-1.9546810741069232
2021-11-17,15881.0,15451.5,14961.25,14548.25,15182.69160323882,644.6428571428571,68.35016835016835,398.12872391569726,270.08571414554604,128.04300977015123,16629.85444368151,13292.64555631849,14961.25,3337.20888736302,83.49528030529613,83.58862051986218,83.30859987616404,-25.083056478405314,49.78660912467608,70.8093000572109,119863.65,3417339,63536.9,-3875.0,-6.374089122102877
2021-11-18,15954.0,15639.5,14991.0,14576.0,15261.006688644646,652.5,68.56187290969899,413.6754709642937,298.8036655092956,114.87180545499814,16713.634457360065,13268.365542639936,14991.0,3445.268914720131,81.97930967721497,83.05218357231311,79.83356188701867,-13.289036544850498,51.60807057824992,71.29521804343166,116055.9,3476655,63015.15,-2096.0,-3.682490600513022
2021-11-19,16058.0,15839.5,15032.25,14609.666666666666,15353.291765916583,622.1428571428571,75.34246575342465,439.0904383560519,326.86102007864685,112.22941827740505,16834.305770502124,13230.194229497878,15032.25,3604.1115410042457,83.08424566716292,83.06287093726304,83.12699512696267,-5.813953488372093,66.23979270719597,86.85847292708053,111777.8,3517162,62508.3,-1960.0,-3.575207033672612
2021-11-22,16025.0,15890.0,15066.75,14640.0,15411.073502495958,580.0,69.83240223463687,432.4601086674738,347.98083779641223,84.4792708710616,16913.828133588006,13219.671866411996,15066.75,3694.15626717601,76.25784445037752,80.79452877496786,67.18447580119684,-17.416829745596868,52.25996952406823,74.21141905665957,104925.85,3487019,61615.2,-3847.0,-7.277439370436234
2021-11-23,16218.0,16064.5,15232.0,14694.333333333334,15585.733168924917,674.6428571428571,75.5877034358047,524.8442081004396,383.3535118572177,141.49069624322186,17239.072757184345,13224.927242815653,15232.0,4014.1455143686926,78.46556366281257,80.0182070709161,75.3602768466055,-10.775295663600524,102.0422425224172,87.42135830390828,102587.7,3563532,61563.15,19143.0,39.05539120677344
2021-11-24,16488.0,16184.5,15396.0,14742.333333333334,15720.425248074922,668.2142857142857,76.20783956244303,571.6996226635838,421.02273401849095,150.67688864509284,17418.836986433707,13373.16301356629,15396.0,4045.673972867417,76.5274947731207,78.8546363049843,71.8732117093935,-17.21419185282523,84.05509422547588,88.84473481741797,95542.1,3515474,61841.2,-1094.0,-1.6050940461868055
2021-11-25,16620.0,16287.0,15528.5,14789.083333333334,15810.384748258262,673.2142857142857,71.30358705161855,575.1709631599097,451.85237984677474,123.31858331313492,17517.334887698402,13539.665112301598,15528.5,3977.669775396804,69.9725782147602,75.8939502749096,58.129834094461415,-31.428571428571427,65.2928181306356,69.54012565608353,87872.25,3456710,62003.35,-452.0,-0.6739830609566955
2021-11-26,16818.0,16438.0,15672.5,14830.25,15944.633819852714,642.5,67.49256689791872,615.6095237976588,484.6038086369516,131.00571516070715,17715.32441216747,13629.675587832531,15672.5,4085.6488243349377,73.66363602116911,75.15051219032944,70.68988368284846,-17.827868852459016,66.13099718362795,55.473581416065,86178.55,3531132,62231.6,5087.0,7.636762144958875
2021-11-29,17049.0,16537.0,15827.75,14868.333333333334,16056.097265581027,626.7857142857143,65.81782566111656,631.9005952511943,514.0631659598002,117.83742929139407,17809.627034265086,13845.872965734916,15827.75,3963.75406853017,74.59928675921077,74.96677037995656,73.8643195177192,-22.131147540983605,68.14063557401131,47.03532935702503,82713.15,3494292,62553.85,1445.0,2.015369809899714
2021-11-30,17003.0,16610.5,15969.25,14916.333333333334,16147.421335525692,610.3571428571429,62.38532110091743,629.4859008600743,537.1477129398551,92.33818792021918,17859.26329708494,14079.236702915056,15969.25,3780.026594169884,73.77062109292336,74.56805395094548,72.17575537687912,-26.7223382045929,57.64903614593965,35.11402718468813,77658.85,3446258,63048.7,-1677.0,-2.292737613474793
2021-12-01,17012.0,16750.0,16100.75,14962.583333333334,16232.90501785658,592.1428571428571,64.71204188481676,622.8135801734697,554.280886386578,68.53269378689174,17899.194576498492,14302.305423501508,16100.75,3596.889152996984,71.49297052084682,73.54302614091259,67.3928592807153,-25.46972860125261,51.5643889854593,38.86605665358076,75640.4,3479280,63652.45,1552.0,2.1716316621657628
2021-12-02,17071.0,16845.5,16242.5,15006.25,16302.152159013096,574.2857142857143,63.04801670146138,603.7077610580563,564.1662613208737,39.54149973718268,17818.38905567285,14666.610944327149,16242.5,3151.778111345702,68.43885478264224,71.8416356881558,61.63329297161511,-30.28322440087146,45.38278237050139,3.5471196697529943,73041.7,3445274,64164.45,-262.0,-0.3588107204974045
2021-12-03,17082.0,16950.0,16394.75,15055.0,16394.804334345183,551.7857142857143,62.26012793176973,606.9871590609873,572.7304408688965,34.25671819209083,17720.492989302304,15069.007010697696,16394.75,2651.485978604607,68.61910046733972,70.7674572812171,64.32238683958496,-16.55773420479303,58.99808497106905,0.0,70564.35,3481042,64832.7,3137.0,4.311612628338168
2021-12-06,17071.0,17060.0,16475.0,15101.0,16458.156302502786,552.5,58.21052631578947,585.4882582477712,575.2820043446715,10.206253903099764,17754.736815048105,15195.263184951891,16475.0,2559.473630096212,66.03592205069025,69.19027887104149,59.72720840998775,-25.925925925925927,56.59792896992707,0.0,63557.6,3450664,65277.2,-1087.0,-1.4322607847787716
2021-12-07,17077.0,17040.0,16552.25,15150.333333333334,16514.0461784549,526.0714285714286,66.86819830713422,560.7755780294683,572.3807190816309,-11.605141052162594,17769.159264446094,15335.340735553906,16552.25,2433.8185288921886,63.83071131881765,67.40375635363354,56.68462124918588,-26.579520697167755,42.525284196141925,48.10535813146759,57586.75,3416339,65674.65,-1143.0,-1.5279318780328066
2021-12-08,17032.0,17022.0,16603.25,15204.083333333334,16543.184637649672,497.1428571428572,60.17478152309612,517.0744687070983,561.3194690067244,-44.2450002996261,17771.957225504902,15434.542774495098,16603.25,2337.414451009805,55.11419401930839,63.30723557552516,38.72811090687483,-45.25745257452574,24.96311378964291,10.914158021180668,54392.05,3382068,66039.55,-388.0,-0.5267158992180665
2021-12-09,16846.0,16958.5,16622.75,15239.75,16494.309910254466,536.0714285714286,47.81181619256018,413.9231782840816,531.8402108621958,-117.91703257811425,17735.458762198665,15510.041237801335,16622.75,2225.417524397329,37.20098616178406,54.60515243761145,2.3926536101292726,-88.07588075880759,-28.19919514785949,0.0,53459.65,3307949,66506.6,-2570.0,-3.507287515694091
2021-12-10,16484.0,16783.0,16610.5,15266.416666666666,16396.280394992136,583.9285714285714,44.91264131551903,283.3183418753488,482.1358370648264,-198.81749518947765,17769.932256707885,15451.067743292117,16610.5,2318.8645134157687,31.731350510496306,46.98055179523973,1.2329479410094564,-80.66298342541437,-98.94103450744583,0.0,55880.15,3182850,66773.2,-3924.0,-5.549741181795042
2021-12-13,16153.0,16612.0,16574.5,15293.75,16301.872738326218,495.0,24.72527472527472,172.97759150525053,420.30418795291126,-247.32659644766076,17837.49101967887,15311.50898032113,16574.5,2525.9820393577397,27.292847535050345,40.41798370850994,1.042575188131153,-81.58415841584159,-94.73432584905318,0.0,53577.75,3138421,67065.8,1075.0,1.609715192716599
2021-12-14,15812.0,16444.5,16527.5,15322.333333333334,16210.265810866578,508.2142857142857,26.011560693641613,79.37184587049887,352.1177195364288,-272.74587366592993,17901.700245884665,15153.299754115336,16527.5,2748.400491769331,24.337266238977897,35.05774455199926,2.896309612935184,-81.57389635316699,-94.00698983459291,2.761555548330586,53374.55,3078152,67448.5,590.0,0.8694755146853028
2021-12-15,15456.0,16244.0,16497.0,15342.416666666666,16098.81192411738,490.7142857142857,26.277372262773724,-18.802135420210107,277.933748545101,-296.73588396531113,17976.265109153155,15017.734890846845,16497.0,2958.5302183063104,18.528107115172727,29.54786540639041,-3.511409467262652,-93.09021113243762,-93.22854866069876,3.629169532720157,50694.1,3042553,67983.25,-834.0,-1.2184609990211426
2021-12-16,15264.0,16055.0,16450.25,15362.666666666666,16000.829836106202,460.0,12.93103448275862,-93.11164058620308,203.72467071884023,-296.8363113050433,18049.23808461378,14851.261915386222,16450.25,3197.976169227557,15.445505753549496,24.84707885544344,-3.3576404502383994,-90.71969696969695,-88.99591437797483,0.0,49008.3,3068153,68536.95,-1717.0,-2.5394524721577216
2021-12-17,15247.0,15865.5,16407.75,15385.5,15941.70318504847,471.7857142857143,22.061191626409013,-125.54089231926264,137.87155811121966,-263.4124504304823,18075.10995229774,14740.390047702262,16407.75,3334.7199045954767,17.878971048814417,22.52437625323377,8.588160639975712,-78.97727272727273,-67.45392364003295,16.927395688395908,48199.1,3092476,69176.25,-248.0,-0.376350613087284
2021-12-20,15199.0,15676.0,16368.0,15407.0,15867.731453139091,470.7142857142857,21.27329192546584,-166.66875743981657,76.96349500101242,-243.63225244082892,18116.248446754336,14619.751553245664,16368.0,3496.4968935086727,16.978837842066753,20.675863449511432,9.584786627177394,-87.12121212121212,-64.09729221546823,15.466622364257756,47623.45,3073846,69847.1,-3216.0,-4.898854496709726
2021-12-21,14999.0,15405.5,16222.75,15416.666666666666,15722.233219506796,513.2142857142857,16.313823163138238,-262.8040505406516,9.009985892679616,-271.8140364333312,18138.85755384314,14306.642446156862,16222.75,3832.215107686277,11.842101045037968,17.731275981353612,0.0637511724066826,-98.73617693522908,-88.00643124474354,6.271721463505742,46192.55,3025951,69404.85,-3119.0,-4.995835468990261
2021-12-22,14813.0,15134.5,16078.25,15421.833333333334,15568.687198601388,529.6428571428571,15.745192307692292,-353.47638501520305,-63.48728828889692,-289.9890967263061,18174.93729942711,13981.56270057289,16078.25,4193.374598854221,8.658092808651267,14.70688159045283,-3.439484754951863,-98.67647058823528,-92.61588181308308,5.21747460451727,45275.25,2996239,69021.2,78.0,0.1315057407313746
2021-12-23,14621.0,14942.5,15950.5,15426.333333333334,15429.764608258396,517.1428571428571,8.842652795838745,-420.4877423953749,-134.8873791101925,-285.6003632851824,18202.27333626072,13698.72666373928,15950.5,4503.546672521443,7.267788368160674,12.227183849688778,-2.651002594895534,-97.95620437956204,-84.69862481219799,0.0,43398.55,2996239,68675.7,311.0,0.523648364230267
2021-12-24,14362.0,14804.5,15793.75,15432.166666666666,15301.691788424265,527.8571428571429,9.302325581395351,-470.1919370106607,-201.94829069028617,-268.2436463203745,18109.001208377773,13478.498791622227,15793.75,4630.502416755546,5.876120080491996,10.110162593289852,-2.5919649451037152,-98.6046511627907,-70.20712161896081,0.7921903732333273,41522.8,2959332,67984.55,-1826.0,-3.058524002545981
2021-12-27,14203.0,14701.0,15656.5,15425.916666666666,15212.959237145762,521.0714285714286,15.923566878980893,-481.0406144213776,-257.76675543650447,-223.27385898487307,17967.410278610892,13345.589721389108,15656.5,4621.820557221785,11.477550844039335,10.565958676873011,13.300735178371989,-89.0909090909091,-61.71985689730619,13.79431217584043,40509.2,2975900,67265.05,878.0,1.5170364226968047
2021-12-28,14239.0,14619.0,15531.75,15415.083333333334,15146.963119322356,519.2857142857143,20.129870129870127,-472.09253416570937,-300.63191118234545,-171.46062298336392,17802.910785983564,13260.589214016438,15531.75,4542.321571967126,18.64826413657605,13.260060496774024,29.424671416180104,-82.91814946619218,-48.80797331101467,28.964484608312123,38910.1,2991952,66609.75,-393.0,-0.6688906287231511
2021-12-29,14285.0,14549.0,15396.5,15394.166666666666,15070.109488910704,482.1428571428572,23.91975308641976,-474.06093243644864,-335.3177154331661,-138.74321700328255,17609.65706865245,13183.342931347548,15396.5,4426.314137304902,19.30502832472768,15.275049772758576,27.36498542866588,-84.92462311557789,-48.916721214608536,41.799570527600096,38009.3,2976946,65876.8,-1.0,-0.0017134730385004
2021-12-30,14323.0,14472.0,15263.5,15364.75,14996.765728062066,426.7857142857143,28.545119705340696,-473.39160421624,-362.93249318978087,-110.45911102645914,17399.398923293495,13127.601076706504,15263.5,4271.797846586991,18.82649081900516,16.45886345484077,23.56174554733395,-83.33333333333333,-46.971748719424895,100.0,36834.55,2966435,65139.8,-343.0,-0.5877313228238479
2021-12-31,14342.0,14352.0,15108.75,15349.416666666666,14918.97851586568,414.6428571428572,27.927927927927925,-477.0450752207362,-385.755009595972,-91.29006562476422,17072.564427399688,13144.935572600314,15108.75,3927.6288547993736,16.591397919740814,16.503041609807454,16.768110539607534,-90.37800687285224,-48.21081871066403,96.867439086447,35722.7,2952904,64235.65,-206.0,-0.3550683420376788
2022-01-04,14019.0,14111.0,14893.5,15312.166666666666,14712.885323878472,472.5,18.74244256348247,-588.1462838399748,-426.2332644447725,-161.91301939520224,16900.05793259056,12886.94206740944,14893.5,4013.11586518112,11.060931946493875,14.689005055369597,3.804785728742438,-100.0,-89.91544207521248,50.24644788449984,37333.7,2890306,63185.05,-4016.0,-6.946774835238967
2022-01-05,13720.0,13979.5,14692.5,15285.083333333334,14552.134340651952,505.3571428571428,25.456760048721065,-646.9504070164166,-470.37669295910143,-176.5737140573152,16594.25127047068,12790.74872952932,14692.5,3803.502540941357,17.19928214191295,15.52576408421738,20.54631825730409,-78.53736089030207,-102.16590284624688,84.3250103106114,38714.1,2952239,61973.05,-4371.0,-8.125290454503208
2022-01-06,13466.0,13875.5,14505.0,15265.5,14410.97868916129,501.7857142857143,25.728155339805824,-682.0596156929296,-512.7132775058672,-169.34633818706243,16257.126527514794,12752.873472485206,14505.0,3504.2530550295887,21.9465374395868,17.66602186934052,30.507568580079365,-77.10651828298887,-83.96993430972927,85.70247889021283,38526.25,2982753,60786.5,121.0,0.2448203302039431
2022-01-07,13226.0,13774.5,14358.5,15251.416666666666,14286.123575907834,507.1428571428572,20.3125,-699.4009089216161,-550.050803789017,-149.35010513259908,16063.070018323806,12653.929981676194,14358.5,3409.140036647612,25.74213607083564,20.35805993650556,36.51028833949581,-76.15262321144674,-80.20381569138165,58.21528469934731,36020.2,3006751,59684.55,-878.0,-1.7721263497830209
2022-01-10,13003.0,13672.5,14238.5,15239.25,14169.82609248804,509.2857142857143,21.311475409836063,-707.8090342840151,-581.6024498880166,-126.20658439599843,15952.971224298431,12524.028775701569,14238.5,3428.9424485968666,27.75401663981636,22.823378837609155,37.61529224423076,-74.86818980667839,-72.47744846375197,63.28559094284763,30563.7,2990782,58729.15,-993.0,-2.0403969835823044
2022-01-11,13039.0,13529.0,14115.0,15201.333333333334,14052.22360748918,469.6428571428572,26.30691399662732,-716.7007674393553,-608.6221133982845,-108.07865404107088,15831.517281866794,12398.482718133206,14115.0,3433.0345637335886,27.40678734891867,24.35118167471233,33.51799869733135,-74.45414847161572,-71.55163407502995,88.63997224817591,28911.85,2979390,57725.05,101.0,0.2118555187313742
2022-01-12,12999.0,13359.5,13989.25,15155.916666666666,13935.345168680686,447.1428571428572,27.41652021089631,-724.2746237013507,-631.7526154588977,-92.522008242453,15696.372155158082,12282.127844841918,13989.25,3414.244310316164,25.739745025065275,24.81403612482998,27.591162825535868,-79.25764192139738,-69.82964545215006,94.27178586504772,26350.0,2970358,56687.95,-70.0,-0.146520146520146
2022-01-13,12957.0,13211.5,13880.25,15112.833333333334,13832.931343092048,455.3571428571428,28.2986111111111,-719.1626920125873,-649.2346307696357,-69.92806124295157,15583.267368641536,12177.232631358464,13880.25,3406.0347372830693,25.65983001671018,25.09596742212338,26.78755520588379,-77.7292576419214,-65.52596250806405,98.71895633949104,25407.8,2987113,55686.05,-130.0,-0.2725081228382775
2022-01-14,13033.0,13129.5,13800.75,15080.666666666666,13799.318834226138,462.8571428571428,41.294964028776974,-657.5033416352071,-650.88837294275,-6.614968692457069,15416.108115745626,12185.391884254374,13800.75,3230.716231491253,37.52209083318167,29.23800855914281,54.09025538125941,-49.77777777777778,-34.368112570624426,100.0,25779.95,3020156,54798.65,573.0,1.2044140830268055
2022-01-17,13101.0,13052.0,13702.0,15047.333333333334,13761.764659537934,471.7857142857143,35.22205206738131,-607.684724198396,-642.2476431938793,34.5629189954833,15142.91491402986,12261.08508597014,13702.0,2881.829828059723,51.064109938170496,36.51337568548537,80.16557844354074,-53.11111111111112,-19.57407223939177,73.07213754018099,25902.7,2993378,53872.05,-1032.0,-2.1433912104344977
2022-01-18,13199.0,13119.0,13615.0,15016.583333333334,13729.691834820034,467.5,32.53588516746412,-560.1324202328215,-625.8245986016677,65.69217836884627,14883.824570014976,12346.175429985024,13615.0,2537.649140029949,58.7282745499753,43.91834197364868,88.34813970262854,-50.91324200913242,-17.156074332511334,61.16142101985368,25490.45,3003763,53085.2,-421.0,-0.8935393496901312
2022-01-19,13332.0,13165.5,13572.5,15009.083333333334,13706.86404102765,462.1428571428572,35.9271523178808,-511.3078809978815,-602.9212550809106,91.61337408302904,14795.17825091606,12349.82174908394,13572.5,2445.356501832121,65.88174278174453,51.239475576347296,95.166277192539,-46.22641509433962,-11.991218253120245,76.19861832675089,23678.55,3015420,52411.7,-852.0,-1.8246064889174465
2022-01-20,13520.0,13238.5,13557.0,15010.416666666666,13715.73413235835,472.1428571428572,42.40121580547112,-442.4988216998754,-570.8367684047035,128.33794670482814,14758.667262817087,12355.332737182913,13557.0,2403.334525634178,76.27820509020069,59.58571874763176,109.66317777533854,-27.5,8.923155249531439,100.0,23316.55,3037892,51713.85,-409.0,-0.8921754684466543
2022-01-21,13537.0,13285.0,13529.75,15002.916666666666,13701.378500705174,478.9285714285714,40.96916299559471,-402.2923071877667,-537.1278761613162,134.83556897354947,14702.997741595053,12356.502258404947,13529.75,2346.495483190105,75.91988740430723,65.03044163319025,97.69877894654118,-34.14634146341464,8.810767849050414,93.94705382553454,22874.35,3025506,50950.65,-996.0,-2.1921908702733583
2022-01-24,13502.0,13301.5,13487.0,14984.416666666666,13656.485310161825,410.3571428571428,60.25917926565874,-392.93059573596656,-508.2884200762463,115.3578243402797,14637.141410070037,12336.858589929963,13487.0,2300.282820140073,66.60241816113707,65.55443380917252,68.69838686506617,-42.10526315789474,-16.690331105303258,100.0,21992.85,3006229,50217.8,-1219.0,-2.74314775642468
2022-01-25,13453.0,13326.0,13427.5,14970.583333333334,13611.10575681308,376.4285714285714,53.69928400954654,-385.1066839633477,-483.6520728536666,98.54538889031892,14506.2102435194,12348.7897564806,13427.5,2157.4204870387985,59.03575844888813,63.381542022411054,50.34419130184227,-56.09756097560975,-26.2236069761917,83.57837152748864,21755.4,2994410,49436.3,-95.0,-0.21981073139129
2022-01-26,13400.0,13366.0,13362.75,14954.583333333334,13574.333779973738,367.8571428571428,53.69928400954654,-370.9984148085805,-461.12134124464944,90.12292643606897,14313.181896283832,12412.318103716168,13362.75,1900.863792567667,52.017428709515166,59.59350425144576,36.86527762565397,-52.4390243902439,-12.093158612761004,83.57837152748864,21414.4,3003642,48656.6,-357.0,-0.8278452833688887
2022-01-27,13267.0,13393.5,13302.5,14933.25,13532.492467595288,349.2857142857143,50.81206496519721,-362.8965125954892,-441.4763755148174,78.5798629193282,14137.904093837227,12467.095906162773,13302.5,1670.8081876744543,39.68791971771146,52.958309406867656,13.147140339399073,-59.75609756097561,-19.304203103027003,75.74410461927862,21055.5,2995814,47852.15,-496.0,-1.1597727219585183
2022-01-28,13140.0,13338.5,13234.0,14913.333333333334,13475.112232586212,355.7142857142857,47.096774193548384,-368.7665719716079,-426.93441480617554,58.16784283456769,13939.606122422418,12528.393877577582,13234.0,1411.2122448448354,32.42658985547576,46.11440288973703,5.050963786953233,-76.42276422764228,-44.026525426378335,61.23261594531642,21160.75,2983198,46926.6,-2765.0,-6.541127486929577
2022-02-07,13140.0,13321.0,13186.5,14896.666666666666,13451.768210435144,359.6428571428572,55.91182364729459,-345.23152935208054,-410.5938377153566,65.36230836327604,13734.20429978228,12638.79570021772,13186.5,1095.408599564562,36.31932773480043,42.8493778380915,23.259227528218304,-52.03252032520325,-16.04925764510408,86.76308269949976,20959.05,2992695,46028.25,338.0,0.8555662431023237
2022-02-08,13280.0,13366.5,13242.75,14870.416666666666,13492.552190393702,407.1428571428572,67.38056013179573,-271.0062791020009,-382.6763259926855,111.6700468906846,13833.266945699184,12652.233054300816,13242.75,1181.0338913983687,53.71480086534588,46.47118551384296,68.20203156835173,-10.79136690647482,89.48373895266651,100.0,19494.3,3025998,45423.55,1857.0,4.66067663889167
2022-02-09,13388.0,13394.0,13279.75,14841.5,13518.499600832398,406.7857142857143,64.52648475120385,-218.93799153738476,-349.9286591016254,130.99066756424065,13904.557128135091,12654.942871864909,13279.75,1249.6142562701823,62.37436277357669,51.77224460042087,83.57859911988832,-20.306513409961685,87.84293577357401,91.80914907797698,16960.0,3014751,45051.55,283.0,0.678640799980812
2022-02-10,13512.0,13389.5,13314.0,14807.416666666666,13541.023448372169,372.1428571428572,55.48902195608783,-176.44645009459782,-315.23221730022,138.7857672056221,13964.947487574032,12663.052512425968,13314.0,1301.894975148065,67.89197620409583,57.14548846831252,89.38495167566242,-21.0727969348659,74.1404190263432,65.8727246333032,15863.85,3006160,44647.4,-522.0,-1.2433307926829285
2022-02-11,13745.0,13442.5,13363.75,14781.666666666666,13593.783119955771,387.1428571428572,62.454873646209386,-114.02206349304288,-274.99018653878454,160.96812304574166,14093.190124161563,12634.309875838437,13363.75,1458.8802483231302,73.71406928663501,62.66834874108668,95.80551037773166,-14.641744548286605,102.25966054689547,85.86387592758872,16160.2,3036085,44329.65,850.0,2.0500699435627823
2022-02-14,13923.0,13531.5,13416.5,14755.166666666666,13643.899013293318,395.7142857142857,62.52252252252252,-61.820369563129134,-232.35622314365347,170.53585358052433,14205.157086445051,12627.842913554949,13416.5,1577.3141728901028,77.32453103957485,67.55374284058274,96.86610743755908,-15.454545454545457,102.38888623808266,84.55481314452668,16207.5,3053000,44076.2,293.0,0.6924749480052839
2022-02-15,13993.0,13636.5,13481.25,14723.583333333334,13699.718154884433,411.4285714285714,63.12056737588653,-11.442172101651522,-188.17341293525308,176.73124083360156,14314.82110642925,12647.67889357075,13481.25,1667.1422128585,81.95372776375697,72.35373781497415,101.1537076613226,-8.787878787878787,82.70492331508319,83.87062701022279,16182.75,3063897,43823.35,113.0,0.2652270860227679
2022-02-16,14012.0,13700.0,13533.0,14683.25,13714.983092514483,421.07142857142856,51.04166666666667,-1.3573487674257194,-150.81020010168763,149.4528513342619,14322.366168117444,12743.633831882556,13533.0,1578.732336234891,76.82545682784189,73.8443108192634,82.78774884499887,-33.43108504398827,67.49173222560228,38.13695890122372,16372.2,3051076,43520.15,-1077.0,-2.5211854487569685
2022-02-17,13974.0,13743.0,13568.25,14648.5,13700.698988465489,431.4285714285714,50.0,-16.973429075173044,-124.04284589638472,107.06941682121168,14291.25014559218,12845.24985440782,13568.25,1446.000291184362,66.18512408480329,71.29124857444336,55.97287510552314,-50.733137829912025,8.494869060844128,14.313037099140642,16455.25,3032660,43092.15,-2626.0,-6.306284671357554
2022-02-18,13900.0,13822.5,13580.5,14610.5,13703.013370516392,409.6428571428572,58.95117540687161,-16.251287674402192,-102.4845342519882,86.23324657758602,14305.50381124225,12855.49618875775,13580.5,1450.0076224844995,58.11518560386063,66.89922758424912,40.547101643083664,-41.348973607038126,13.669523613323472,58.4427446109576,15140.95,3039417,42616.75,-375.0,-0.9611687812379864
2022-02-21,13848.0,13885.5,13603.25,14571.0,13717.96447808626,407.1428571428572,61.92982456140351,-4.731076745882092,-82.93384275076698,78.2027660048849,14333.601573594957,12872.898426405043,13603.25,1460.7031471899136,53.98155230733566,62.59333582527796,36.75798527145105,-33.43108504398827,35.00741699152257,73.12762229404987,14313.05,3049637,42212.1,383.0,0.991200828157357
2022-02-22,13742.0,13867.5,13617.0,14533.333333333334,13716.253575411378,419.2857142857143,58.01011804384486,-8.414887821876619,-68.03005176498891,59.61516394311229,14343.56654710248,12890.43345289752,13617.0,1453.1330942049608,46.14643169695394,57.11103444916996,24.21722619252192,-42.81524926686217,22.06826461462512,53.80328841726804,14374.0,3038033,41797.5,-620.0,-1.588806601235171
2022-02-23,13720.0,13866.0,13630.0,14475.083333333334,13719.467520610297,419.2857142857143,60.51282051282052,-7.216564444701362,-55.8673543009314,48.65078985623004,14356.302822157317,12903.697177842683,13630.0,1452.6056443146335,42.51031954400104,52.24412948078032,23.042699670442477,-39.88269794721408,11.383671124612253,66.14172699374961,14135.55,3044921,41398.8,-534.0,-1.3905163659089117
2022-02-24,13766.0,13870.0,13629.75,14421.666666666666,13726.66109007598,408.9285714285714,65.64195298372513,-2.605723457516433,-45.21502813224841,42.60930467473198,14355.809842393752,12903.690157606248,13629.75,1452.1196847875035,41.5148162039372,48.66769172183262,27.209065168146367,-40.44585987261146,14.052648229788131,89.99682901536632,13479.95,3054281,40980.2,-807.0,-2.1310306583221084
2022-02-25,13699.0,13799.5,13621.0,14367.083333333334,13694.598129116364,424.2857142857143,52.78745644599304,-31.271238656074274,-42.42627023701358,11.155031580939308,14354.525014821184,12887.474985178816,13621.0,1467.0500296423706,32.59457692284338,43.30998678883621,11.163757190857725,-85.24590163934427,-20.256721457191464,16.037782585002574,13570.2,3040090,40565.8,-912.0,-2.4607414602557887
2022-02-28,13591.0,13719.5,13625.5,14302.083333333334,13658.922116819567,391.07142857142856,37.77292576419215,-58.9576538269539,-45.73254695500165,-13.22510687195225,14349.973674651575,12901.026325348425,13625.5,1448.947349303151,25.463051281895588,37.36100828652268,1.667137272641412,-88.8,-38.95825296903018,0.0,12978.5,3032647,40194.35,-360.0,-0.9958506224066356
2022-03-01,13501.0,13621.5,13629.0,14237.666666666666,13619.977153312942,385.7142857142857,38.53006681514477,-85.56145313374509,-53.698328190750345,-31.863124942994745,14345.0388110622,12912.9611889378,13629.0,1432.0776221243975,19.82089597654828,31.51430418319788,-3.565920436750922,-94.4,-47.99347522875465,2.7167832051990315,12739.1,3025616,39808.9,-375.0,-1.0477787091366264
2022-03-02,13355.0,13537.5,13618.75,14171.083333333334,13562.836472045045,397.8571428571428,35.09127789046653,-123.77740469167291,-67.71414349093487,-56.06326120073805,14364.396134499962,12873.103865500038,13618.75,1491.292268999925,13.213930651032188,25.414179672475985,-11.186567391855403,-100.0,-66.90467482635611,0.0,12891.2,3013342,39433.3,-160.0,-0.4517859663984214
2022-03-03,13221.0,13493.5,13618.25,14105.75,13521.137760421703,376.7857142857143,28.25112107623319,-143.932040189291,-82.9577228306061,-60.9743173586849,14365.274095996909,12871.225904003091,13618.25,1494.0481919938177,16.100953767354792,22.30977103743559,3.683319227193195,-84.19354838709677,-74.49851169887694,0.0,12995.75,3023261,39061.7,-416.0,-1.1799744717061356
2022-03-04,13177.0,13438.0,13630.25,14042.583333333334,13487.696068952971,370.3571428571428,28.88888888888889,-154.49271426646374,-97.26472111777764,-57.227993148686096,14337.3677598645,12923.1322401355,13630.25,1414.235519728998,19.364921559188907,21.328154544686694,15.438455588193335,-81.29032258064517,-58.72891028933652,1.70567965493142,12862.35,3033209,38825.2,-63.0,-0.1808318264014508
2022-03-07,13064.0,13327.5,13606.5,13967.25,13417.91549095745,380.0,21.135029354207447,-194.11155903614053,-116.63408870145022,-77.47747033469031,14397.189905282588,12815.810094717412,13606.5,1581.3798105651767,13.060097856276087,18.572135648549825,2.036022271728619,-99.70238095238096,-95.13041621969644,0.0,13261.0,3015739,38486.1,-1714.0,-4.9286864504255785
2022-03-08,12815.0,13158.0,13512.75,13883.0,13283.352110866264,394.6428571428572,18.39863713798978,-282.7689267726546,-149.86105631569112,-132.90787045696348,14567.451130028889,12458.048869971111,13512.75,2109.4022600577737,9.496205588394586,15.54682562849808,-2.6050344918124004,-97.79411764705884,-140.00131719574455,0.0,12894.3,2989770,37929.7,-2489.0,-7.528280200834791
2022-03-09,12642.0,12998.5,13432.25,13801.5,13175.890005069476,398.9285714285714,24.731182795698928,-337.0415775431702,-187.29716056118696,-149.74441698198325,14640.478259194342,12224.021740805658,13432.25,2416.4565183886843,12.120712741311856,14.404787999436005,7.552562225063564,-84.05466970387243,-119.99739050373748,13.404109225497526,13144.85,3006028,37331.2,-559.0,-1.828410689170179
2022-03-10,12461.0,12841.0,13355.5,13724.833333333334,13084.852861729529,422.5,22.077922077922068,-370.53677028311,-223.9450825055716,-146.59168777753837,14667.926038016298,12043.073961983702,13355.5,2624.8520760325955,16.099798832372155,14.96979161041472,18.35981327628702,-81.09339407744875,-89.58309974821742,7.787948144762612,13299.1,3017704,36734.7,-482.0,-1.6059172386219789
2022-03-11,12271.0,12724.0,13261.75,13661.333333333334,13002.48592251719,429.6428571428572,17.968749999999986,-392.5568014009186,-257.667426284641,-134.88937511627762,14618.868755227217,11904.631244772783,13261.75,2714.237510454433,19.2199067880436,16.386496669624346,24.886727024882116,-81.09339407744875,-84.00388972983663,0.0,12140.85,3017704,36099.05,67.0,0.2268725450358832
2022-03-14,12141.0,12602.5,13161.0,13605.333333333334,12917.011072753648,431.7857142857143,18.290258449304176,-414.5091699245495,-289.0357750126227,-125.4733949119268,14548.681140380751,11773.318859619249,13161.0,2775.362280761503,19.08286366851809,17.285285669255593,22.678019667043092,-85.4014598540146,-81.11243613606143,0.6744007727233006,11820.4,3007198,35451.1,47.0,0.1587891482820458
2022-03-15,12136.0,12475.5,13048.5,13548.25,12827.771922967588,435.3571428571428,15.830115830115844,-436.9560778000469,-318.6198355701076,-118.33624222993927,14436.095800391153,11660.904199608847,13048.5,2775.191600782302,16.4256128160491,16.998728051520096,15.27938234510711,-91.48418491484183,-76.62968061832298,0.0,11672.55,2999258,34781.2,-326.0,-1.0996424475477329
2022-03-16,12075.0,12358.5,12948.0,13490.083333333334,12734.650787446866,448.2142857142857,13.64485981308411,-459.9335004626155,-346.8825685486092,-113.0509319140063,14378.6141485758,11517.3858514242,12948.0,2861.2282971516,15.63205648410764,16.54317086238261,13.809827727557703,-88.73873873873873,-81.4843408046556,0.0,12294.2,2974004,34167.8,53.0,0.1807639836289176
2022-03-17,11967.0,12214.0,12853.75,13434.083333333334,12634.207855309069,434.6428571428572,14.95901639344261,-486.255600833998,-374.7571750056869,-111.49842582831104,14359.604801835332,11347.895198164668,12853.75,3011.7096036706644,12.481296083038051,15.189212602601092,7.065463043911976,-94.3877551020408,-78.62289072529484,5.280874618602446,11949.6,2962480,33728.0,846.0,2.880196098457777
2022-03-18,11928.0,12099.5,12768.75,13383.333333333334,12576.188059565347,439.6428571428572,26.15101289134438,-473.81558715535175,-394.5688574356199,-79.24672971973189,14259.376413714435,11278.123586285565,12768.75,2981.2528274288707,21.119738879549978,17.166054694917385,29.027107248815163,-75.60321715817695,-57.98079709276766,50.25537090057029,12216.75,2974580,33292.7,-285.0,-0.943115258612126
2022-03-21,11953.0,12047.0,12687.25,13330.833333333334,12543.217768178172,459.2857142857143,32.10526315789474,-442.3162535079191,-404.11833665007975,-38.19791685783935,14103.020108456878,11271.479891543122,12687.25,2831.540216913756,35.970373183381575,23.43416085773878,61.04279783466716,-63.9344262295082,-36.59090513374936,86.07686037921239,12495.55,2990376,32777.7,-1211.0,-4.045566913877197
2022-03-22,11938.0,12037.0,12597.5,13276.5,12482.435123589774,457.1428571428572,31.069609507640067,-438.522573259841,-410.999183972032,-27.523389287808985,13969.86445980152,11225.13554019848,12597.5,2744.72891960304,35.09135990003216,27.319893871836573,50.63429195642333,-81.49171270718232,-47.76192650017877,94.38986445252398,12407.8,2980527,32248.75,-899.0,-3.129895902238622
2022-03-23,11921.0,11998.0,12498.25,13233.583333333334,12414.107968962177,445.3571428571428,27.18120805369128,-441.7209995810336,-417.1435470938324,-24.577452487201185,13805.224308127465,11191.275691872535,12498.25,2613.948616254929,30.697610719871623,28.44579948784825,35.201233183918376,-89.22651933701657,-56.63674157801285,73.32639481256159,12480.1,2972193,31733.65,-257.0,-0.9236630247268508
2022-03-24,11896.0,11931.5,12386.25,13191.0,12332.28816239435,458.2142857142857,24.324324324324323,-455.9451683559728,-424.9038713462605,-31.04129700971231,13606.357307618991,11166.142692381009,12386.25,2440.214615237983,21.876008557515828,26.255869177737445,13.11628731707259,-97.82016348773844,-62.27880846479451,57.85065641180748,12631.95,2959796,31303.75,897.0,3.2538905212754488
2022-03-25,11823.0,11875.5,12299.75,13150.166666666666,12268.260718356794,439.2857142857143,30.687830687830697,-453.517435420601,-430.62658416112856,-22.89085125947247,13464.262434680848,11135.237565319152,12299.75,2329.024869361696,22.276313397318244,24.929350584264377,16.970239023425975,-82.02247191011236,-62.18511701142426,92.32176868734292,12516.1,2971670,30894.0,-509.0,-1.788223721191684
2022-03-28,11689.0,11821.0,12211.75,13108.083333333334,12200.807316608529,405.0,39.81693363844394,-454.4242835718542,-435.38612404327375,-19.038159528580422,13316.082496650304,11107.417503349696,12211.75,2208.6649933006083,19.33805508539165,23.06558541797347,11.882994420228016,-87.87878787878788,-56.23582834113829,100.0,12588.1,2962787,30480.05,-444.0,-1.5882668574494718
2022-03-29,11631.0,11784.5,12130.0,13062.166666666666,12145.016143598194,375.7142857142857,37.08133971291866,-445.5686884359784,-437.4226369218147,-8.146051514163673,13149.530335626732,11110.469664373268,12130.0,2039.0606712534643,19.142036723594437,21.757735853180456,13.91063846442239,-83.11688311688312,-54.179359913632,89.54766082436088,12555.75,2969171,30036.15,-974.0,-3.540402021009781
2022-03-30,11571.0,11746.0,12052.25,13011.25,12080.252701350746,362.8571428571428,32.64367816091955,-445.51865021344383,-439.04183958014056,-6.476810633303273,13021.956819502408,11082.543180497592,12052.25,1939.4136390048152,14.203665508037314,19.23971240479941,4.131571714513122,-95.67307692307692,-54.66956749103908,72.59194848146211,12362.4,2960764,29569.65,-612.0,-2.306213965406789
2022-03-31,11588.0,11742.0,11978.0,12966.25,12038.323872650675,357.85714285714283,37.659574468085104,-426.44219690275895,-436.52191104466425,10.0797141419053,12820.985921091147,11135.014078908853,11978.0,1685.971842182298,18.17781904740025,18.885747952333023,16.761961237534713,-73.87387387387388,-53.50724430994253,91.75701862697473,12318.35,2969802,29010.55,-2268.0,-8.748312439729988
2022-04-01,11574.0,11698.5,11899.0,12921.083333333334,11995.626360969658,347.5,38.7308533916849,-410.62512155218974,-431.3425531461693,20.7174315939796,12544.686904735854,11253.313095264146,11899.0,1291.3738094717082,21.642355555409694,19.80461715335858,25.31783235951192,-78.37837837837837,-47.37833250593953,95.85023237361244,12251.95,2961182,28364.8,-1796.0,-7.591833284017413
2022-04-06,11558.0,11623.5,11835.25,12876.083333333334,11946.519088496358,349.6428571428572,38.98678414096917,-402.3282662598394,-425.53969576890336,23.21142950906392,12366.75704307855,11303.74295692145,11835.25,1063.0140861571017,21.65045925916202,20.419897855293065,24.11158206689993,-88.28828828828829,-58.34867659028794,96.82810959874952,11697.5,2954801,27773.75,-620.0,-2.8361008188097503
2022-04-07,11443.0,11537.0,11787.0,12847.5,11860.18393721099,351.07142857142856,34.30232558139535,-426.342658651758,-425.7002883454743,-0.6423703062837376,12419.275755963288,11154.724244036712,11787.0,1264.5515119265765,16.495495176211108,19.11176362893241,11.2629582707685,-95.94594594594597,-109.0437708979023,77.81548629880679,11038.5,2942012,27295.05,-242.0,-1.139306059036771
2022-04-08,11476.0,11523.5,11760.75,12824.25,11838.26165747661,378.2142857142857,49.16666666666666,-393.2332206835854,-419.2068748130965,25.973654129511143,12371.937584263536,11149.562415736464,11760.75,1222.375168527069,36.190795233753136,24.80477416387265,58.962837373514105,-56.08108108108108,-20.43858353420066,100.0,10812.45,2953749,26980.7,2728.0,12.991094814038773
2022-04-11,11398.0,11493.0,11712.25,12793.916666666666,11782.236737716932,381.4285714285714,37.2322899505766,-393.1248778802201,-413.9904754265213,20.86559754630116,12323.938560246832,11100.561439753168,11712.25,1223.3771204936638,34.59231310157186,28.06728714310572,47.642365018504144,-81.75675675675676,-70.74537583573154,51.95953524982785,10904.4,2940234,26773.75,1666.0,7.021536646015081
2022-04-12,11379.0,11476.5,11676.0,12767.166666666666,11754.880857934368,383.9285714285714,38.04878048780487,-369.01577878492935,-404.9955360982029,35.979757313273524,12245.465123002094,11106.534876997906,11676.0,1138.9302460041872,43.02278237779209,33.052452221334505,62.96344269070727,-57.43801652892562,-59.230951087246055,55.24622426641309,11568.95,2960285,26582.05,372.0,1.4649706612058333
2022-04-13,11335.0,11446.5,11633.75,12737.083333333334,11707.749347654904,385.3571428571428,39.19597989949749,-364.6680142084479,-396.9300317202519,32.26201751180406,12194.518973914626,11072.981026085374,11633.75,1121.5379478292523,39.53456809682264,35.21315751316388,48.17738926414016,-71.1340206185567,-62.11695946769797,59.86414392907421,11701.0,2947138,26427.6,792.0,3.073937512128855
2022-04-14,11395.0,11419.0,11601.75,12710.5,11672.725600259198,391.07142857142856,42.73504273504273,-350.72411872307566,-387.6888491208167,36.96473039774105,12152.27391314762,11051.22608685238,11601.75,1101.0478262952383,40.30986710330812,36.912060709878624,47.1054798901671,-62.88659793814433,-58.1020399208683,74.11023548829532,11799.85,2957055,26320.1,613.0,2.308242647889447
2022-04-15,11354.0,11415.0,11580.5,12687.166666666666,11649.1326859488,380.3571428571428,47.67857142857143,-329.0219314485148,-375.9554655863564,46.93353413784155,12123.434521592468,11037.565478407532,11580.5,1085.8690431849354,44.121306751042624,39.31514272359996,53.73363480592796,-48.25581395348837,-48.93212845770101,91.94702934860418,11044.5,2967202,26237.45,550.0,2.0242914979757165
2022-04-18,11549.0,11473.5,11607.75,12676.583333333334,11703.977192048911,415.3571428571428,58.0829756795422,-244.4515917724548,-349.65469082357606,105.20309905112128,12221.765900702734,10993.734099297266,11607.75,1228.0318014054685,62.09136985502579,46.90721843407523,92.4596726969269,-1.968503937007874,68.10503747296303,100.0,11708.6,2992008,26159.55,941.0,3.3946608946608947
2022-04-19,11641.0,11510.0,11604.25,12651.166666666666,11727.884126139492,417.1428571428572,55.38881309686221,-196.9454670487885,-319.1128460686186,122.1673790198301,12208.97938706412,10999.52061293588,11604.25,1209.4587741282412,66.78487157001719,53.53310281272255,93.28840908460649,-23.828125,77.99093019953749,89.4094458358854,12242.95,2969221,26170.05,1483.0,5.174278636474661
2022-04-20,11749.0,11542.0,11582.75,12624.416666666666,11734.752304602396,430.0,52.45683930942895,-169.84584833880945,-289.2594465226568,119.41359818384728,12120.69418610895,11044.80581389105,11582.75,1075.8883722179016,64.97142698505347,57.34587753683286,80.22252588149468,-35.9375,52.29508550060902,77.88407338687446,12277.6,2952732,26239.9,-24.0,-0.0796178343949072
2022-04-21,11955.0,11675.0,11606.0,12606.833333333334,11795.252085116454,456.4285714285714,60.81242532855436,-101.20830264479082,-251.64921774708355,150.4409151022927,12235.06446828855,10976.93553171145,11606.0,1258.1289365771008,73.72364138184851,62.80513215183808,95.56065984186938,-8.250825082508252,115.32149100883072,100.0,13751.05,2992050,26550.3,3912.0,12.988047808764946
2022-04-22,12127.0,11740.5,11632.0,12586.75,11841.894743676792,459.6428571428572,57.87545787545788,-53.05970356663238,-211.9313149109933,158.87161134436096,12328.142756079602,10935.857243920398,11632.0,1392.2855121592038,76.33030230825695,67.3135222039777,94.36386251681546,-17.40506329113924,114.97584851133148,88.92132628278311,14505.6,2968625,26786.6,-1739.0,-5.109896567936056
2022-04-25,12102.0,11825.5,11659.25,12558.416666666666,11866.476196659954,481.07142857142856,56.02836879432625,-29.489607951931248,-175.44297351918095,145.9533655672497,12384.750009068155,10933.749990931845,11659.25,1451.000018136314,73.02798742691581,69.21834394495707,80.6472743908333,-29.11392405063291,80.80456387623472,81.95383427502642,15016.9,2946002,26925.3,-1055.0,-3.2669618802836475
2022-04-26,12193.0,11917.0,11696.75,12539.166666666666,11918.240368406625,487.8571428571428,60.496613995485326,14.042399814026794,-137.5458988525394,151.5882986665662,12496.179237183103,10897.320762816897,11696.75,1598.8584743662068,78.36902324811419,72.26857037934278,90.569928985657,-9.49367088607595,87.92850940153943,98.8087131467588,15457.6,2966690,27144.5,1101.0,3.5245534285165414
2022-04-27,12267.0,12008.0,11727.25,12521.5,11942.217476177422,491.4285714285714,63.356973995271865,28.84334721112464,-104.2680496398066,133.11139685093124,12550.890666412495,10903.609333587505,11727.25,1647.281332824994,75.41386419850639,73.31700165239731,79.60758929072455,-28.10457516339869,67.29172895566393,100.0,15928.7,2948385,27336.4,-990.0,-3.0613191502520176
2022-04-28,12205.0,12080.0,11749.5,12502.833333333334,11953.43485939862,469.2857142857143,55.73333333333333,31.335903180803143,-77.14725907568466,108.4831622564878,12584.33941096792,10914.66058903208,11749.5,1669.6788219358386,67.81976911479373,71.48459080652944,60.49012573132231,-35.294117647058826,41.41391711257533,70.81824741345895,16479.35,2930988,27523.75,-1065.0,-3.397237551437049
2022-04-29,12165.0,12146.0,11780.5,12483.833333333334,11965.964872789227,459.2857142857143,62.29749631811488,34.92595810655621,-54.732615639236485,89.6585737457927,12616.901439753095,10944.098560246905,11780.5,1672.802879506191,59.25812323008721,67.40910161438202,42.95616646149756,-33.66013071895425,33.426495177063074,95.81369694820611,16702.85,2943865,27732.85,-177.0,-0.5844670453044487
2022-05-05,12263.0,12182.5,11828.0,12474.75,12025.396789666444,466.07142857142856,64.97948016415869,77.6255628705294,-28.260979937283317,105.8865428078127,12735.671398922015,10920.328601077985,11828.0,1815.342797844034,68.26358542136532,67.69392955004312,69.40289716400972,-9.090909090909092,76.52285274109835,100.0,17440.5,2967656,28161.3,2119.0,7.038230311887594
2022-05-06,12267.0,12230.0,11870.0,12466.416666666666,12063.930428745833,458.57142857142856,66.34078212290503,97.4315146044646,-3.122481028933727,100.55399563339832,12808.515064511908,10931.484935488092,11870.0,1877.030129023813,67.97282506351891,67.78689472120172,68.3446857481533,-19.48051948051948,69.42553885317903,100.0,17813.1,2951584,28623.2,-1127.0,-3.497176193135976
2022-05-09,12307.0,12287.0,11914.5,12452.083333333334,12093.07991172242,466.4285714285714,64.46629213483146,107.0523427196058,18.91248372077418,88.13985899883163,12859.5307708719,10969.4692291281,11914.5,1890.0615417437984,64.85544659407007,66.80974534549117,60.94684909122788,-23.376623376623375,59.16869021651871,89.9556916445986,18350.2,2934461,29127.55,229.0,0.7363580822534521
2022-05-10,12351.0,12278.0,11976.5,12425.416666666666,12110.881824891712,475.3571428571428,61.99158485273492,106.190571667712,36.36810131016174,69.82247035755026,12839.067159856644,11113.932840143356,11976.5,1725.1343197132885,59.328918419035226,64.31613637000585,49.35448251709397,-35.43307086614173,33.879333424830186,68.67462414243973,18384.05,2920995,29597.2,-936.0,-2.9877425944841662
2022-05-11,12375.0,12270.0,12005.25,12399.416666666666,12119.84546061631,441.07142857142856,49.647887323943664,98.3223399698727,48.758949042103936,49.563390927768765,12857.457505000366,11153.042494999634,12005.25,1704.415010000732,52.77100308395452,60.46775860798874,37.377492035886064,-51.47058823529412,36.42942281646011,0.0,18635.4,2904231,29949.7,385.0,1.2667807317715107
2022-05-12,12317.0,12290.0,12057.75,12375.166666666666,12137.00303579571,433.57142857142856,56.47279549718574,98.61563604740697,58.73028644316455,39.88534960424241,12840.6022412173,11274.8977587827,12057.75,1565.7044824345976,52.03890627052907,57.65814116216885,40.800436487249485,-42.15686274509804,30.06398882998908,40.88510863715937,18419.45,2913427,30216.0,-58.0,-0.1884524157650169
2022-05-13,12292.0,12279.5,12098.25,12345.333333333334,12153.002746672308,426.4285714285714,60.039761431411534,98.12046190818364,66.60832153616838,31.512140372015267,12841.31814166528,11355.18185833472,12098.25,1486.1362833305611,51.74241260947149,55.68623164460307,43.85477453920831,-46.19565217391305,31.01941804659504,62.253277413061134,18057.1,2926231,30471.9,164.0,0.5338715452976928
2022-05-16,12343.0,12325.0,12166.5,12320.416666666666,12197.95486603685,405.0,55.629139072847686,122.14138858647676,77.71493494623004,44.42645364024671,12832.099057438603,11500.900942561397,12166.5,1331.1981148772063,63.73470782151901,58.36905703690839,74.46600939074025,-12.06896551724138,58.3432967976072,35.83112348659969,18448.15,2947199,30842.3,3082.0,9.97960042741961
2022-05-17,12400.0,12375.5,12227.75,12292.666666666666,12232.911545461911,423.57142857142856,56.25,134.78295349298605,89.12853865558125,45.6544148374048,12790.64173493946,11664.85826506054,12227.75,1125.783469878923,59.65647188101268,58.79819531827648,61.37302500648505,-40.7563025210084,78.82285373861237,39.550436012255474,19400.25,2918240,31129.05,-1060.0,-3.1208597085234824
2022-05-18,12464.0,12419.5,12282.75,12270.416666666666,12260.729493513158,397.1428571428572,60.14319809069213,139.96044219759642,99.29491936398428,40.66552283361213,12715.239427920682,11850.260572079318,12282.75,864.9788558413638,55.60431458734178,57.73356840796492,51.34580694609552,-44.11764705882353,63.982450821409046,62.872922241153056,19388.25,2908333,31371.4,-338.0,-1.0271995137517087
2022-05-19,12540.0,12428.5,12305.5,12255.666666666666,12300.660017940476,386.4285714285714,56.95876288659794,154.78656078727363,110.39324764864216,44.39331313863147,12771.749312120275,11839.250687879725,12305.5,932.498624240554,58.06954305822785,57.84555995805256,58.51750925857843,-31.09243697478992,69.79801991397905,43.79633161714504,18858.95,2922553,31627.9,1224.0,3.758405748149962
2022-05-20,12619.0,12455.5,12342.75,12238.583333333334,12338.69239718424,362.8571428571428,65.40697674418605,166.23395784998866,121.56138968891148,44.67256816107718,12810.13325308376,11875.36674691624,12342.75,934.7665061675216,60.3796953721519,58.69027176275234,63.75854259095102,-29.41176470588235,84.25543639084391,94.4059709836722,18332.5,2934811,31825.25,300.0,0.8878103637063095
2022-05-23,12565.0,12454.0,12370.5,12213.5,12340.245502214311,362.8571428571428,57.54475703324808,145.786944633026,126.4065006777344,19.38044395529161,12761.933263788347,11979.066736211653,12370.5,782.866527576698,47.110273105244126,54.8302722102496,31.670274895233177,-59.14893617021277,26.044160188220022,47.30677215910906,18340.75,2918157,31962.55,-1225.0,-3.593323751136668
2022-05-24,12448.0,12424.0,12351.0,12184.833333333334,12305.936406765331,370.7142857142857,47.72234273318872,98.19128533617004,120.76345760942152,-22.57217227325148,12779.628166670318,11922.371833329682,12351.0,857.256333340636,31.715490712138063,47.12534504421242,0.8957820479893428,-99.07407407407408,-69.23956388831479,0.0,17260.3,2900448,31896.7,-151.0,-0.4594413679790632
2022-05-25,12323.0,12393.5,12331.75,12154.0,12267.275796597203,337.5,31.648936170212764,53.400483490071565,107.29086278555154,-53.89037929547997,12805.106158332792,11858.393841667208,12331.75,946.7123166655838,21.71346104455928,38.654717044328045,-12.169050954978246,-98.2905982905983,-96.60978857041214,0.0,16750.9,2887211,31893.55,-485.0,-1.4825003820877258
2022-05-26,12156.0,12348.0,12319.0,12121.5,12227.05905406414,337.1428571428572,33.52112676056338,13.311958015323398,88.49508183150591,-75.18312381618252,12830.814110991994,11807.185889008006,12319.0,1023.6282219839886,18.382844603576764,31.897426230744287,-8.646318650758282,-88.27838827838828,-105.7511626633468,5.5459101254651335,16196.45,2875677,31927.65,-310.0,-0.9618367980142706
2022-05-27,11956.0,12287.5,12283.5,12093.333333333334,12176.862953677077,336.42857142857144,31.989247311827956,-29.8150856815937,64.833048328886,-94.6481340104797,12862.783586582782,11704.216413417218,12283.5,1158.567173165564,14.44669455694045,26.080515672809675,-8.820947674798,-93.42560553633218,-99.71210567566528,1.0080891421096316,15815.05,2862617,31907.25,11.0,0.0344611528822147
2022-05-30,11832.0,12198.5,12261.75,12066.916666666666,12134.780767612594,326.7857142857143,34.903047091412745,-60.472284182806106,39.77198182654757,-100.24426600935368,12889.605791354068,11633.894208645932,12261.75,1255.711582708136,14.176584250081511,22.11253853190029,-1.6953243135560427,-87.95986622073579,-93.71788182102256,9.639513626596058,15407.55,2872772,31955.85,390.0,1.221383608405624
2022-05-31,11816.0,12132.0,12253.75,12044.416666666666,12112.420694506633,320.0,41.95250659630607,-70.63992079563286,17.689601302111488,-88.32952209774434,12896.334215246694,11611.165784753306,12253.75,1285.168430493388,18.16317737884222,20.796084814214268,12.897362508098126,-76.92307692307692,-66.0524867654505,30.521826062491105,15177.05,2885559,32104.95,945.0,2.923795674638785
2022-06-01,11758.0,12040.5,12230.0,12020.916666666666,12064.57110455362,326.7857142857143,33.49282296650718,-100.93490764846864,-6.035300488004541,-94.89960716046411,12931.27703062642,11528.72296937358,12230.0,1402.554061252842,13.497673808117035,18.36328114551519,3.76645913332073,-96.32107023411372,-79.49288139534998,5.462067006685244,14998.8,2876247,32280.5,352.0,1.058137437623996
2022-06-02,11713.0,11934.5,12181.5,11995.833333333334,12022.230999358037,323.2142857142857,33.65155131264916,-122.7223200528424,-29.372704400972115,-93.3496156518703,12911.5259548378,11451.4740451622,12181.5,1460.0519096755995,12.533802740764894,16.420121677265094,4.761164867764492,-91.0828025477707,-84.0668079654648,5.932261198774581,14246.6,2884994,32367.05,339.0,1.0083883633767554
2022-06-06,11687.0,11821.5,12138.5,11969.166666666666,11979.161380371555,308.2142857142857,21.0958904109589,-142.38228908700512,-51.97462133817872,-90.4076677488264,12907.183769076792,11369.816230923208,12138.5,1537.3675381535868,11.599111737086506,14.813118363872231,5.17109848351506,-94.26751592356688,-72.97307571386155,0.0,13928.8,2875278,32556.1,923.0,2.7181435344700637
2022-06-07,11622.0,11727.0,12090.5,11946.75,11924.955534621884,289.6428571428572,20.0,-168.9263413036624,-75.36496533127547,-93.56137597238694,12916.102810072736,11264.897189927264,12090.5,1651.2056201454725,10.33321397129644,13.3198168996803,4.360008114528721,-96.38157894736842,-77.48990821112213,0.0,13724.8,2862235,32792.55,1177.0,3.374426605504577
2022-06-08,11504.0,11660.0,12042.0,11935.166666666666,11866.38834084837,290.0,19.395465994962223,-195.77508487735577,-99.44698924049152,-96.32809563686423,12932.170888383976,11151.829111616024,12042.0,1780.341776767949,9.001485370535656,11.880373056632086,3.2437099983427977,-97.20496894409938,-81.67371206102477,0.0,13565.1,2851963,33118.55,855.0,2.3712455279141453
2022-06-09,11470.0,11614.0,12003.75,11923.25,11825.77992743424,285.35714285714283,18.367346938775512,-204.20899981540788,-120.39939135547482,-83.80960845993306,12929.46380708704,11078.03619291296,12003.75,1851.4276141740772,14.392598638632162,12.717781583965444,17.742232747965595,-88.85448916408669,-69.2591174198297,0.0,13262.55,2862676,33411.8,-270.0,-0.7314694408322442
2022-06-10,11430.0,11571.5,11959.75,11909.916666666666,11787.13422005955,282.5,17.34693877551021,-210.0850414356428,-138.3365213715084,-71.74852006413437,12909.517145977868,11009.982854022132,11959.75,1899.534291955737,17.324534358121923,14.253365842017605,23.46687139033056,-89.6103896103896,-56.03200629798631,0.0,13358.0,2851571,33703.8,-83.0,-0.2265160198679061
2022-06-13,11366.0,11526.5,11907.0,11893.75,11735.978580053878,271.42857142857144,19.04761904761905,-225.85589978271676,-155.84039705375008,-70.01550272896665,12892.545000174228,10921.454999825772,11907.0,1971.090000348457,13.771911794303504,14.092881159446238,13.129973064018037,-95.850622406639,-61.97401122707272,5.598872938375954,13283.2,2840263,34032.25,893.0,2.44262698651494
2022-06-14,11362.0,11492.0,11845.25,11881.833333333334,11703.028239096366,268.2142857142857,30.967741935483872,-224.47003780640264,-169.5663252042806,-54.90371260212203,12795.50467500477,10894.99532499523,11845.25,1900.509350009539,20.827860874917192,16.337874397936556,29.807833828878465,-69.79166666666667,-56.3925145060637,55.35658944827026,12861.0,2852787,34177.1,-590.0,-1.5753497810530814
2022-06-15,11307.0,11405.5,11768.75,11866.083333333334,11639.40650203957,286.07142857142856,26.301369863013704,-249.1452737189029,-185.48211490720504,-63.663158811697855,12721.374491104774,10816.125508895226,11768.75,1905.2489822095488,14.604665043709783,15.760137946527632,12.293719238074084,-98.42931937172774,-66.84759963695444,36.39188964351186,12086.1,2839326,34417.25,846.0,2.295046389235522
2022-06-16,11155.0,11312.5,11676.5,11846.583333333334,11548.034454226276,303.2142857142857,22.58823529411765,-293.9575494484252,-207.17720181544908,-86.78034763297612,12676.905707174528,10676.094292825472,11676.5,2000.8114143490568,12.128072659932084,14.549449517662447,7.285318944471349,-94.1818181818182,-94.109106456721,21.30126220528697,12802.5,2815091,34660.25,-281.0,-0.7451999575686874
2022-06-17,10995.0,11212.5,11573.5,11828.916666666666,11459.65022049044,293.92857142857144,23.529411764705884,-330.50326348781164,-231.8424141499216,-98.66084933789006,12563.008649998095,10583.991350001905,11573.5,1979.0172999961903,10.92226120591217,13.340386747079023,6.086010123578461,-93.006993006993,-98.78232286923354,25.126317076781465,12796.2,2800997,34813.65,-568.0,-1.5176209688193
2022-06-20,10927.0,11146.5,11484.0,11810.333333333334,11407.302580443731,323.92857142857144,32.02614379084967,-332.2356233364735,-251.921055987232,-80.31456734924154,12362.021699767813,10605.978300232187,11484.0,1756.0433995356252,24.01013200592409,16.896968500027377,38.23645901771752,-60.64139941690962,-88.56033354554941,59.65806244444015,13402.2,2825375,34871.1,-1619.0,-4.39241433571177
2022-06-21,10792.0,11077.0,11402.0,11785.083333333334,11341.369001353853,325.0,24.516129032258064,-345.3622799320183,-270.60930077618923,-74.75297915582905,12243.06699151169,10560.93300848831,11402.0,1682.133983023381,27.90266545128521,20.56553415044665,42.57692805296233,-71.68141592920354,-75.20806790258864,43.97031968970583,13462.9,2807507,34969.7,-402.0,-1.1407491486946642
2022-06-22,10687.0,10997.0,11328.5,11761.833333333334,11262.191001224915,328.2142857142857,25.44642857142857,-368.0642213680494,-290.10028489456124,-77.96393647348816,12212.707048865344,10444.292951134656,11328.5,1768.4140977306852,25.417142518948506,22.18273693994727,31.88595367695096,-81.41891891891892,-83.64542245519324,49.67606422703509,13268.65,2793683,35036.85,-780.0,-2.238934496813827
2022-06-23,10681.0,10918.0,11266.0,11743.25,11203.887096346352,335.7142857142857,29.53586497890295,-370.4880874917999,-306.17784541400897,-64.31024207779092,12156.804485607783,10375.195514392217,11266.0,1781.6089712155665,27.58578732032464,23.983753733406395,34.78985449416113,-71.95945945945945,-79.22926487122078,83.03532916568415,13190.15,2805350,35131.95,74.0,0.2172764108285818
2022-06-24,10730.0,10862.5,11217.0,11731.75,11171.612134789557,355.7142857142857,36.09467455621302,-351.01404428400383,-315.14508518800795,-35.86895909599588,12081.117438412408,10352.882561587592,11217.0,1728.2348768248155,35.12359260930009,27.697033358704296,49.97671111049168,-56.84931506849315,-48.75156892633183,100.0,13712.2,2827325,35175.65,-1338.0,-3.9200750029298015
2022-06-27,10849.0,10888.0,11207.25,11729.166666666666,11203.363360047695,377.1428571428572,51.57545605306799,-280.70231192138453,-308.2565305346833,27.55421861329876,12052.618029477788,10361.881970522212,11207.25,1690.7360589555756,56.74906173953339,37.38104281898066,95.48509958063886,-5.5762081784386615,9.910774098795438,100.0,14260.35,2851348,35161.35,-1149.0,-3.503689699335244
2022-06-28,10961.0,10876.5,11184.25,11724.416666666666,11210.18589718601,399.6428571428572,49.44356120826709,-240.7634639230764,-294.7579172123619,53.9944532892855,11993.41640016618,10375.08359983382,11184.25,1618.3328003323586,62.332118898204826,45.698068178722046,95.60022033717036,-26.501766784452297,19.39591832007785,93.77158283686832,14783.3,2830734,35105.85,-434.0,-1.3714646863643545
2022-06-29,11134.0,10910.5,11158.0,11720.416666666666,11225.88247840639,406.4285714285714,48.95666131621188,-198.7513925406638,-275.55661227802227,76.80521973735847,11900.736051437698,10415.263948562302,11158.0,1485.4721028753956,68.40986960704821,53.26866865483076,98.69227151148309,-19.434628975265017,26.378528586501293,92.3490850754054,14938.6,2846627,34971.1,-640.0,-2.050559097754001
2022-06-30,11271.0,10976.0,11144.25,11718.25,11236.274623320069,402.5,48.644338118022326,-166.76186205540216,-253.79766223349827,87.03580017809611,11861.498213661072,10427.001786338928,11144.25,1434.4964273221449,71.51941837171883,59.35225189379345,95.8537513275696,-22.261484098939928,27.215042121632653,90.98889380638911,14964.3,2836801,34831.6,257.0,0.8406659906447178
2022-07-01,11241.0,10985.5,11099.0,11702.833333333334,11186.62942109911,426.4285714285714,42.53835425383542,-189.2571089737285,-240.88955158154437,51.63244260781588,11803.95688557976,10394.04311442024,11099.0,1409.9137711595213,56.07961224781256,58.26137201179982,51.71609271983803,-66.07773851590106,-30.945784953482885,68.82384180814508,15608.7,2815166,34627.1,-961.0,-3.117295964707412
2022-07-04,11152.0,11000.5,11073.5,11694.0,11174.569476232527,437.8571428571428,45.64643799472295,-177.2034464855351,-228.15233056234248,50.94888407680739,11742.710847113776,10404.289152886224,11073.5,1338.4216942275525,54.98640816520837,57.16971739626933,50.61978970308644,-41.69611307420495,-22.343697983484574,79.54609685540707,16002.0,2832748,34392.65,324.0,1.0848093213245311
2022-07-05,11026.0,10993.5,11035.25,11680.083333333334,11124.134288019904,458.9285714285714,44.935064935064936,-198.84569443369583,-222.2910033366132,23.445308902917333,11710.89764251946,10359.60235748054,11035.25,1351.2952850389229,43.19093877680558,52.51012452311475,24.552567284187248,-71.02473498233215,-32.96315423711419,77.0920048761394,16331.9,2813107,34072.7,-533.0,-1.7654267828160708
2022-07-06,10851.0,10992.5,10994.75,11671.083333333334,11064.692927256105,461.07142857142856,47.527472527472526,-225.1027753681974,-222.85335774293003,-2.2494176252673697,11697.612380780043,10291.887619219957,10994.75,1405.7247615600863,34.549354867990296,46.523201304739935,10.60166199449101,-81.2720848056537,-75.68011050515446,85.56665074056379,16717.05,2795132,33673.55,-729.0,-2.458021444466918
2022-07-07,10664.0,10967.5,10942.75,11650.583333333334,11001.388838946,464.6428571428572,47.01086956521739,-251.08649660897936,-228.4999855161399,-22.58651109283946,11660.637800938866,10224.862199061134,10942.75,1435.7756018777327,26.390217394007923,39.81220666782927,-0.4537611536347583,-88.33922261484099,-71.4191755776577,83.13118990601573,16798.25,2782795,33265.95,-439.0,-1.517508382591859
2022-07-08,10642.0,10941.5,10902.0,11639.833333333334,10963.637520951144,447.8571428571428,45.75799721835884,-252.2294520357027,-233.2458788200525,-18.98357321565021,11598.01421643073,10205.98578356927,10902.0,1392.0284328614616,25.866859557635976,35.163757631098164,7.2730634107116,-75.17985611510791,-45.37585034639629,78.5010956472227,17000.9,2797953,32831.0,-630.0,-2.211302211302213
2022-07-11,10574.0,10863.0,10875.5,11626.916666666666,10940.433947527226,460.0,50.07112375533428,-241.07673105053615,-234.81204926614924,-6.264681784386937,11555.90931953146,10195.09068046854,10875.5,1360.8186390629198,29.56050342664353,33.29600622961328,22.089497820704025,-66.90647482014388,-33.301240358284524,94.24267780807844,17243.25,2814108,32324.95,-529.0,-1.8987796123474563
2022-07-12,10595.0,10810.5,10843.5,11618.416666666666,10922.29738109606,446.4285714285714,53.5928143712575,-227.1983686712647,-233.28931314717235,6.090944475907662,11480.863814143027,10206.136185856973,10843.5,1274.7276282860548,33.72703089673231,33.43968111865296,34.30173045289101,-64.74820143884892,-15.978456933951165,100.0,17100.3,2823773,31826.95,-429.0,-1.5696461893088487
2022-07-13,10614.0,10732.5,10821.5,11606.0,10891.126201944056,453.9285714285714,49.18032786885246,-226.10052499894664,-231.85155551752723,5.751030518580592,11461.402130674764,10181.597869325236,10821.5,1279.8042613495309,32.9208243361393,33.26672885781507,32.22901529278775,-75.89928057553956,-47.19717252656575,74.7831109532495,17071.0,2810898,31217.15,-1390.0,-5.166902089064007
2022-07-14,10654.0,10659.0,10817.5,11592.25,10863.399896997002,441.07142857142856,45.78696343402226,-222.26488650924875,-229.9342217158716,7.669335206622804,11462.109224749056,10172.890775250944,10817.5,1289.218449498112,32.79251127991424,33.108656331848124,32.16022117604646,-75.53956834532374,-33.404631038509976,29.387316482936686,16282.85,2819370,30585.75,-713.0,-2.794763248667298
2022-07-15,10585.0,10613.5,10799.5,11559.5,10805.933240140144,441.7857142857143,28.119507908611595,-243.8493305813172,-232.7172434889607,-11.1320870923565,11486.0696575999,10112.9303424001,10799.5,1373.139315199798,28.50279806911269,31.573370244269647,22.361653718798763,-84.24242424242425,-81.07943834394418,0.0,16433.6,2802261,29895.65,-1742.0,-7.024476793419088
2022-07-18,10568.0,10571.0,10785.75,11537.5,10789.653883936322,440.0,39.297658862876254,-228.0667801468262,-231.7871508205338,3.720370673707606,11474.014598751626,10097.485401248374,10785.75,1376.5291975032524,42.919002855867966,35.35524778146909,58.04651300466571,-57.80730897009967,-31.41767043607663,43.88182182260602,15718.6,2812339,29260.65,-517.0,-2.242269159040633
2022-07-19,10853.0,10724.0,10858.75,11543.75,10921.59160927572,530.7142857142857,59.0293453724605,-90.25347960530962,-203.480416577489,113.22693697217936,11784.242045517296,9933.257954482704,10858.75,1850.984091034592,61.567214025124095,44.09256986268743,96.51650234999744,-1.1363636363636365,142.2012492023636,100.0,15874.8,2833331,28794.15,2968.0,13.167701863354033
2022-07-20,11175.0,10894.5,10943.5,11541.0,11043.82097982089,538.2142857142857,59.841628959276015,21.14159608511181,-158.55601404496883,179.69761013008065,12030.810056007364,9856.189943992636,10943.5,2174.620112014727,72.32140509476358,53.50218160671281,109.95985207086513,-6.170212765957447,123.82057897264768,100.0,15795.7,2845573,28402.15,710.0,2.783440489258271
2022-07-21,11541.0,11097.5,11032.5,11543.416666666666,11175.83802936176,514.6428571428571,71.30434782608695,126.12472836581036,-101.619865562813,227.74459392862337,12295.81018818774,9769.18981181226,11032.5,2526.620376375482,80.04138204745863,62.34858175362808,115.42698263511971,-4.518664047151277,114.532002050194,100.0,16223.3,2865792,28089.35,1658.0,6.323899610954298
2022-07-22,11976.0,11280.5,11111.0,11549.0,11295.758217041592,498.57142857142856,68.65671641791045,207.3380117382585,-39.8282901025987,247.1663018408572,12517.487225604797,9704.512774395203,11111.0,2812.974451209589,84.69940270345376,69.79885540356997,114.50049730322132,-5.984555984555985,97.69039545773568,93.86907207891464,15849.65,2880294,27820.4,-461.0,-1.6537523317549097
2022-07-25,12257.0,11412.5,11137.75,11542.833333333334,11366.638386847151,497.8571428571428,69.03137789904503,237.09385470255984,15.556138858433007,221.53771584412684,12595.21526545232,9680.28473454768,11137.75,2914.9305309046395,82.72109472379543,74.10626851031179,99.95074715076272,-21.23552123552124,70.42362119991577,94.73664848269556,15765.45,2857955,27505.6,-2066.0,-7.53602042677366
2022-07-26,12209.0,11531.0,11170.75,11538.916666666666,11420.76806429028,479.6428571428572,69.79310344827587,249.32884443581497,62.31067997390941,187.0181644619056,12670.572006983355,9670.927993016645,11170.75,2999.64401396671,80.05087138600518,76.0878028022096,87.97700855359636,-25.28957528957529,53.32623421810239,96.50052106086532,15512.3,2842404,27211.4,-22.0,-0.0867884334687763
2022-07-27,12186.0,11680.5,11206.5,11539.416666666666,11484.504439119775,486.7857142857143,72.96195652173913,268.43798061502457,103.53614010213244,164.90184051289214,12759.948117135418,9653.051882864582,11206.5,3106.8962342708364,80.26557448899703,77.48039336447206,85.83593673804697,-19.305019305019304,50.68324955794785,100.0,15520.35,2858458,26927.7,-430.0,-1.697792869269954
2022-07-28,12080.0,11810.5,11234.75,11536.333333333334,11524.075444917897,475.7142857142857,67.66712141882674,265.1937086116686,135.86765380403966,129.32605480762896,12818.29523974397,9651.20476025603,11234.75,3167.090479487939,76.2932576104017,77.0846814464486,74.71040993830789,-26.64092664092664,46.86354467712809,88.19235954621278,15723.1,2844577,26668.35,744.0,2.988311844800573
2022-07-29,11985.0,11980.5,11297.0,11525.833333333334,11565.592069211429,457.1428571428572,67.17451523545706,264.41607432286764,161.57733790780526,102.8387364150624,12892.3564195073,9701.6435804927,11297.0,3190.7128390146027,59.48962272065996,71.21966187118572,36.02954441960844,-24.324324324324323,41.9672285281217,87.09383304151727,15236.95,2856489,26459.15,42.0,0.163800163800154
2022-08-01,11995.0,12126.0,11348.5,11520.166666666666,11615.535681667485,468.9285714285714,68.05929919137466,271.16389846329,183.4946500189022,87.66924844438782,12977.781727439557,9719.218272560443,11348.5,3258.563454879109,53.38523867651841,65.27485413962995,29.606007750295333,-19.305019305019304,46.04072179079853,89.06692769464595,15351.65,2876365,26253.25,390.0,1.5185141922672507
2022-08-02,11996.0,12102.5,11413.25,11513.0,11646.437045318198,463.9285714285714,68.15114709851552,261.39465642557843,199.07465130023743,62.32000512534097,13027.67600195533,9798.82399804467,11413.25,3228.852003910659,43.433296372580905,57.99433488394693,14.31121934984884,-25.09652509652509,33.74185980225602,89.27175127137181,15069.5,2862367,26027.5,-930.0,-3.566908295938332
2022-08-03,11974.0,12080.0,11487.25,11508.0,11678.204945764084,456.07142857142856,68.44919786096257,253.95271857351872,210.05026475489373,43.90245381862499,13060.575258305176,9913.924741694824,11487.25,3146.6505166103525,38.36729562093629,51.45198846294339,12.197909936922088,-23.55212355212355,28.51685236531875,89.93641337539393,14692.45,2872801,25882.75,891.0,3.543729865171219
2022-08-04,12045.0,12062.5,11580.0,11508.833333333334,11733.137808072266,433.9285714285714,77.14285714285714,267.1654143467076,221.4732946732565,45.69211967345112,13101.301381954556,10058.698618045444,11580.0,3042.602763909112,46.01470501713213,49.63956064767297,38.76499375605043,-15.36697247706422,38.72582018858339,100.0,14960.9,2890507,25795.3,707.0,2.715679496043633
2022-08-05,12096.0,12040.5,11660.5,11507.416666666666,11779.029445398715,407.1428571428572,73.65269461077844,271.2817382220346,231.4349833830121,39.84675483902248,13134.21317640706,10186.78682359294,11660.5,2947.42635281412,59.9974576657424,53.09219298702945,73.80798702316832,-44.11764705882353,37.0681607613484,80.73171797761073,14770.2,2879163,25719.05,-406.0,-1.5182678284282547
2022-08-08,12041.0,12018.0,11715.25,11499.25,11782.4552125036,324.2857142857143,41.81818181818182,239.5064166061602,233.0492700276417,6.457146578518461,13121.669399153676,10308.830600846324,11715.25,2812.838798307352,44.627934740124566,50.27077357139449,33.342257077584705,-91.17647058823528,15.846427720977053,0.0,15047.9,2857454,25638.7,-611.0,-2.320106322384663
2022-08-09,12026.0,12011.0,11771.0,11486.583333333334,11790.316620836593,320.7142857142857,42.34234234234234,215.87040774350865,229.61349757081516,-13.743089827306504,13102.728595709945,10439.271404290055,11771.0,2663.457191419886,39.02731881225696,46.52295531834865,24.03604580007357,-81.92090395480226,4.728208031334498,1.4838367779544177,15081.45,2867790,25616.7,738.0,2.8689161872181623
2022-08-10,11995.0,11984.5,11832.5,11474.25,11793.619799804535,307.1428571428572,35.13513513513513,191.7012223640122,222.03104252945457,-30.32982016544236,13043.712963151098,10621.287036848902,11832.5,2422.425926302196,32.97473428063508,42.0068816391108,14.91043956368364,-86.44067796610169,-0.1051239077702704,0.0,14935.15,2857841,25677.5,266.0,1.005215025319317
2022-08-11,11915.0,11980.0,11895.25,11463.083333333334,11799.465533156485,293.92857142857144,35.92233009708738,172.97378399131412,212.2195908218265,-39.24580683051238,12958.623356228583,10831.876643771417,11895.25,2126.7467124571667,30.67880836100309,38.2308572130749,15.57471065685948,-82.85714285714286,-3.4519988474530976,1.8739291833238363,14950.25,2866615,25783.9,199.0,0.7445375636037088
2022-08-12,11844.0,11970.0,11975.25,11449.416666666666,11805.230720474914,258.92857142857144,44.61077844311377,156.728938725053,201.1214604024718,-44.39252167741879,12710.859128188118,11239.640871811882,11975.25,1471.2182563762362,29.438046153712207,35.299920193287335,17.714298074561952,-73.04347826086956,-12.982188705702862,22.556908242338867,14663.4,2877987,25995.45,361.0,1.3406617892821382
2022-08-15,11878.0,11959.5,12042.75,11437.5,11822.351604239208,258.2142857142857,51.4792899408284,152.18692105234004,191.33455253244543,-39.14763148010542,12421.952417824845,11663.547582175155,12042.75,758.4048356496896,35.85724816044582,35.48569618234016,36.600352116657135,-51.30434782608695,-25.13681956467849,38.907500870170566,15061.0,2896017,26271.7,777.0,2.84740545294635
2022-08-16,11885.0,11955.5,12029.0,11429.916666666666,11829.74668954976,245.0,44.1358024691358,140.1134095303878,181.09032393203395,-40.97691440164613,12407.954239703782,11650.045760296218,12029.0,757.9084794075643,35.209179933050834,35.39352409924372,34.84049160066506,-66.08695652173913,-34.571318229490856,21.4262209513435,14683.2,2882581,26360.85,-774.0,-2.7578834847675093
2022-08-17,11885.0,11940.0,12010.0,11427.333333333334,11829.294623878355,233.57142857142856,47.50830564784053,123.07446563677333,169.4871522729818,-46.41268663620849,12389.903034720008,11630.096965279992,12010.0,759.8060694400156,30.812236163318293,33.86642812060191,24.703852248751065,-79.1304347826087,-44.56715156946107,29.4545143638851,14583.45,2872334,26429.25,295.0,1.080942435235066
2022-08-18,11846.0,11880.5,11971.5,11423.333333333334,11813.171326366131,237.5,40.68322981366459,95.15991454477626,154.6217047273407,-59.46179018256444,12327.5026611373,11615.4973388627,11971.5,712.0053222746028,20.54149077554553,29.42478233891645,2.7749076488036906,-100.0,-77.15414953436307,13.207320971867002,14410.6,2855572,26462.9,963.0,3.490901181758854
2022-08-19,11866.0,11855.0,11947.75,11425.25,11827.155009569356,237.14285714285717,46.348314606741575,96.1367202186284,142.92470782559826,-46.78798760696986,12229.109013960528,11666.390986039472,11947.75,562.7180279210552,38.59854174308399,32.482702140305626,50.8302209486407,-49.6124031007752,-39.27111544508572,26.69313863185725,14457.3,2871008,26477.45,-843.0,-2.9528179621002515
2022-08-22,11860.0,11869.0,11943.5,11429.5,11839.330722943703,235.0,50.45871559633028,95.4075882512061,133.42128391071984,-38.01369565951373,12221.540133415074,11665.459866584926,11943.5,556.0802668301476,46.44433527208835,37.13657985089987,65.05984611446532,-50.3875968992248,16.71730521154733,36.47800863464654,14339.95,2851016,26602.8,150.0,0.5413989749512682
2022-08-23,11874.0,11879.5,11945.25,11433.416666666666,11851.775415996686,229.28571428571428,49.68944099378882,94.94564624537634,125.72615637765114,-30.7805101322748,12223.505373050686,11666.994626949314,11945.25,556.5107461013722,52.64573807783236,42.30629925987736,73.32461571374236,-48.06201550387597,5.14322519371065,34.6467391304348,13982.05,2859409,26737.25,160.0,0.5743825387708235
2022-08-24,11907.0,11896.0,11940.25,11434.916666666666,11864.93966209224,216.42857142857144,40.22140221402214,95.0971657992668,119.60035826197428,-24.503192462707474,12211.04755499168,11669.45244500832,11940.25,541.5951099833583,58.07450499687207,47.5623678388756,79.09877931286499,-42.27642276422764,29.23775642829976,13.205060622034807,13788.05,2871583,26900.6,148.0,0.5282695602512932
2022-08-25,12014.0,11930.0,11955.0,11444.666666666666,11896.373979988217,225.0,49.3421052631579,110.4854256685594,117.77737174329133,-7.291946074731911,12247.808541721824,11662.191458278176,11955.0,585.6170834436489,71.75468474717724,55.626473474976144,104.01110729157942,-0.8849557522123894,68.78188405716313,86.92385930579877,13823.75,2886178,27106.05,1586.0,5.631302371822189
2022-08-26,12060.0,11963.0,11966.5,11454.166666666666,11924.338362846484,210.0,66.66666666666666,120.88380105711076,118.3986576060552,2.485143451055549,12277.628675360496,11655.371324639504,11966.5,622.2573507209927,74.26502792668958,61.839324958880624,99.1164338623075,-20.714285714285715,97.2674083493908,100.0,14164.1,2867459,27333.95,491.0,1.6504201680672237
2022-08-29,12150.0,12005.0,11982.25,11468.083333333334,11970.115661623007,212.14285714285717,70.93023255813954,144.80408033809,123.67974215246215,21.12433818562782,12346.977367538517,11617.522632461483,11982.25,729.4547350770335,82.62829818768552,68.76898270181559,110.34692915942536,-0.6451612903225806,114.59605679742864,100.0,14136.6,2886785,27693.1,3015.0,9.969908402499916
2022-08-30,12214.0,12044.0,11999.75,11482.75,12000.580836706533,216.07142857142856,67.03296703296704,152.72106176520356,129.48800607501045,23.233055690193112,12388.722668502687,11610.777331497313,11999.75,777.945337005378,82.89869560707697,73.47888700356938,101.73831281409215,-16.56050955414013,93.005836202986,88.86746919639536,14188.15,2871756,28003.85,-1898.0,-5.70724079865288
2022-08-31,12276.0,12091.5,12015.75,11499.25,12029.096947496384,217.14285714285717,66.54275092936803,157.98113482900771,135.1866318258099,22.794503003197804,12426.990421421004,11604.509578578996,12015.75,822.4808428420074,83.50358900344409,76.82045433686096,96.86985833661036,-15.286624203821656,78.89611320678732,85.71263841831092,14266.55,2883758,28257.8,-245.0,-0.7812998277951455
2022-09-01,12263.0,12138.5,12009.5,11510.75,12038.706762020538,224.64285714285717,58.94039735099338,146.74066631969254,137.49743872458646,9.243227595106076,12409.064236321728,11609.935763678272,12009.5,799.1284726434569,72.33572600229607,75.32554489200601,66.3560882228762,-36.94267515923567,42.52255041585566,60.95639243569256,14170.6,2867971,28372.2,-2084.0,-6.698164754282776
2022-09-02,12260.0,12160.0,12007.5,11523.333333333334,12051.687070399534,220.7142857142857,56.64335664335665,139.85151673182918,137.968254326035,1.88326240579417,12403.11411288753,11611.88588711247,12007.5,791.2282257750594,65.85202246306918,72.1677040823604,53.22065922448672,-31.21019108280255,43.66092415534672,53.47632666341623,14252.6,2880955,28468.55,-767.0,-2.642185400806085
2022-09-05,12211.0,12180.5,12024.75,11538.5,12062.00258750434,216.07142857142856,59.55882352941176,131.66370418598672,136.70734429802536,-5.043640112038645,12415.073415158571,11634.426584841429,12024.75,780.6468303171423,59.17912608649057,67.83817808373712,41.86102209199749,-33.12101910828026,33.62897084465028,62.97023070790421,13564.95,2872999,28610.65,304.0,1.075649281721036
2022-09-06,12180.0,12197.0,12038.25,11550.916666666666,12068.954722027738,220.0,61.832061068702295,121.7540082690357,133.71667709222743,-11.962668823191734,12423.95884847184,11652.54115152816,12038.25,771.4176969436776,52.78608405766038,62.82081340837821,32.71662535622471,-36.30573248407644,30.402956617377985,70.37278402503503,13532.1,2863320,28716.9,21.0,0.0735139676538487
2022-09-07,12178.0,12227.0,12061.5,11571.833333333334,12090.006653263192,219.64285714285717,74.23076923076923,124.9671637954234,131.96677443286663,-6.999610637443226,12449.139278874463,11673.860721125537,12061.5,775.2785577489267,57.69072270510692,61.11078317395445,50.850601767411874,-16.56050955414013,47.82276371595452,100.0,13647.25,2875572,28864.5,1093.0,3.823416238150213
2022-09-08,12206.0,12234.5,12082.25,11598.333333333334,12107.148876761934,204.64285714285717,65.19607843137254,124.46502452070854,130.46642445043503,-6.001399929726489,12467.770495734763,11696.729504265237,12082.25,771.0409914695265,59.29381513673795,60.50512716154896,56.87119108711593,-25.86206896551724,54.3873474398556,73.43469875535239,13767.5,2864393,28989.2,-259.0,-0.8726415094339579
2022-09-09,12227.0,12243.5,12103.25,11626.0,12123.610888498892,188.92857142857144,65.85365853658537,123.45092651891356,129.06332486413072,-5.612398345217173,12483.516873046863,11722.983126953137,12103.25,760.5337460937299,61.1958767578253,60.735377026974405,62.116876219527086,-26.923076923076923,47.131220851155256,75.3682252008432,13580.1,2872017,29064.35,-630.0,-2.1413276231263434
2022-09-13,12292.0,12251.5,12128.25,11652.25,12158.028899118044,200.0,71.19341563786008,137.60283348025587,130.77122658735576,6.831606892900112,12540.206500003016,11716.293499996984,12128.25,823.9130000060322,72.42990423310802,64.63355276235228,88.02260717461951,-4.385964912280702,80.87132362873048,91.06906755596636,13773.7,2893919,29321.3,4413.0,15.327706574971357
2022-09-14,12365.0,12272.5,12158.25,11682.0,12190.597575392516,206.78571428571428,71.07438016528926,148.31896761258758,134.28077479240213,14.038192820185458,12587.254661979328,11729.245338020672,12158.25,858.0093239586568,77.3775119129811,68.88153914589522,94.36945744715288,-11.2,81.50193901044662,87.31796503987714,14080.65,2913494,29708.7,1835.0,5.526442597277437
2022-09-15,12398.0,12288.0,12189.75,11714.416666666666,12215.778758688466,201.78571428571428,62.38095238095238,151.4348109628445,137.71158202649062,13.723228936353877,12608.111150958806,11771.388849041194,12189.75,836.7223019176126,76.35565014382226,71.37290947853757,86.32113147439165,-24.347826086956523,79.07418589142974,32.62330777241313,14292.4,2899012,30032.0,-987.0,-2.816861211792576
2022-09-16,12377.0,12291.5,12215.0,11739.666666666666,12210.942686432423,253.2142857142857,49.06367041198502,129.01634280748658,135.9725341826898,-6.956191375203218,12551.733535134546,11878.266464865454,12215.0,673.4670702690928,69.46046779347601,70.73542891685038,66.91054554672726,-44.329896907216494,-25.84700856272256,0.0,14813.4,2871830,30075.35,-4636.0,-13.614471984024432
2022-09-19,12338.0,12282.5,12221.25,11760.0,12198.94814486743,246.07142857142856,36.66666666666666,103.59997781046876,129.49802290824562,-25.898045097776844,12542.331642347595,11900.168357652405,12221.25,642.1632846951907,62.11453866644105,67.8617988333806,50.62001833256196,-52.577319587628864,-27.52132330312036,0.0,14579.9,2861064,30102.7,-1163.0,-3.9536306771824847
2022-09-20,12270.0,12281.0,12230.75,11770.666666666666,12193.810226308628,245.0,43.66812227074236,87.29256958989572,121.05693224457563,-33.76436265467993,12529.101170690898,11932.398829309102,12230.75,596.7023413817951,59.27910825185417,65.00090197287179,47.83552080981895,-46.39175257731959,-31.83208783130968,18.638687273648607,14016.4,2869786,30089.1,-669.0,-2.367890135560824
2022-09-21,12173.0,12269.0,12233.0,11783.0,12176.7806809459,244.64285714285717,38.73517786561265,63.15095266961907,109.47573632958436,-46.32478365996528,12523.65081237946,11942.34918762054,12233.0,581.3016247589185,52.92146735690621,60.974423767549936,36.81555453561876,-59.79381443298969,-61.537222827292254,5.50661684361047,13994.75,2861826,30085.85,367.0,1.3304814385150854
2022-09-22,12079.0,12238.5,12232.75,11793.166666666666,12158.515854189149,233.2142857142857,43.55555555555556,41.1237490691783,95.80533887750316,-54.68158980832485,12524.28811703482,11941.21188296518,12232.75,583.0762340696383,47.65211225855604,56.53365326455197,29.88903024656417,-62.88659793814433,-82.86017621029606,18.339021615472134,13825.55,2853036,30087.6,248.0,0.8872670029694829
2022-09-23,12025.0,12201.0,12217.75,11802.5,12133.419106171134,230.3571428571429,38.03418803418804,16.217834578013935,79.8878380176053,-63.67000343959137,12546.022592119476,11889.477407880524,12217.75,656.5451842389521,41.04642535450128,51.37124396120174,20.39678814110036,-72.16494845360825,-99.88915651221706,3.640500568828239,13546.35,2844025,29997.85,-244.0,-0.865278910599665
2022-09-26,11948.0,12143.0,12193.25,11818.916666666666,12092.141096059597,242.14285714285717,32.96296296296296,-19.035720474355912,60.10312631921306,-79.13884679356897,12595.130775721776,11791.369224278224,12193.25,803.7615514435493,29.941603157296388,44.22803035989996,1.368748752089246,-92.2680412371134,-117.7699349522948,0.0,13337.2,2829489,29795.15,-1768.0,-6.324450008942939
2022-09-27,11865.0,12067.5,12159.5,11830.083333333334,12057.651467863445,238.2142857142857,35.055350553505534,-44.04593345869762,39.27331436363093,-83.31924782232855,12598.193034988435,11720.806965011565,12159.5,877.3860699768738,23.56931619421134,37.34179230467042,-3.975636026706823,-89.17525773195877,-104.53992077351374,5.07026609789743,12749.15,2837054,29463.0,426.0,1.626761370145502
2022-09-28,11812.0,11992.5,12132.5,11848.5,12028.351328066925,234.64285714285717,27.86885245901638,-61.543440116416605,19.10996346762142,-80.65340358403802,12602.712717820348,11662.287282179652,12132.5,940.4254356406964,20.266611524738344,31.6500653780264,-2.5002961818377614,-87.11340206185567,-83.52668160377995,0.0,12355.9,2844218,29207.5,-365.0,-1.3715101642054583
2022-09-29,11776.0,11927.5,12107.75,11870.25,12007.079773012932,231.07142857142856,31.47410358565736,-70.16349872156752,1.255271029783632,-71.41876975135115,12592.718528550264,11622.781471449736,12107.75,969.9370571005276,21.8444076831589,28.381512813070565,8.770197423335574,-81.44329896907216,-70.65974261670479,8.321494464372348,12001.75,2849137,28963.3,-19.0,-0.0723864675403862
2022-09-30,11751.0,11888.0,12089.75,11893.083333333334,11984.500747011702,234.64285714285717,30.078125,-78.90954465185314,-14.777692106543723,-64.13185254530941,12597.432816436858,11582.067183563142,12089.75,1015.365632873716,20.92657481907563,25.89653348173892,10.98665749374905,-85.05154639175258,-66.34828748754389,5.099353297259448,11533.75,2842710,28788.5,-696.0,-2.653551412558619
2022-10-10,11726.0,11837.0,12059.75,11909.25,11945.50067586773,241.42857142857144,14.173228346456682,-100.41816132484564,-31.90578595020411,-68.51237537464154,12614.91213847848,11504.58786152152,12059.75,1110.3242769569588,15.052978254039402,22.282015072505747,0.5949046171067138,-98.07692307692308,-78.35900397720576,0.0,11597.7,2828447,28706.1,1081.0,4.23373673285552
2022-10-11,11696.0,11780.5,12030.75,11923.583333333334,11910.691087689853,232.14285714285717,13.492063492063494,-115.72641471451423,-48.66991170306614,-67.05650301144811,12623.204972750538,11438.295027249462,12030.75,1184.9099455010764,14.71851442831277,19.76084819110809,4.633846902722127,-92.27272727272728,-86.9084908268667,0.0,11664.65,2837742,28637.3,576.0,2.1642744420230065
2022-10-12,11653.0,11732.5,12000.75,11936.666666666666,11874.91098410034,228.92857142857144,13.492063492063494,-129.99098458146727,-64.93412627874638,-65.0568583027209,12630.56430011677,11370.93569988323,12000.75,1259.62860023354,12.352025491891052,17.29124062470241,2.473595226268337,-96.17224880382776,-76.91623397106298,0.0,11549.0,2830376,28607.05,792.0,2.9128356013240264
2022-10-13,11616.0,11696.0,11967.25,11953.75,11850.633747519356,180.3571428571429,24.170616113744074,-132.90492411162813,-78.52828584532273,-54.376638266305406,12603.52596627812,11330.97403372188,11967.25,1272.5519325562418,17.006613485822104,17.196364911742307,16.6271106339817,-82.87671232876713,-56.634162165657386,35.387499408059206,11571.5,2843078,28440.95,-1624.0,-5.8037309699092265
2022-10-14,11563.0,11657.0,11929.0,11968.833333333334,11817.716247755608,186.07142857142856,23.39449541284404,-142.8471283120507,-91.39205433866832,-51.45507397338238,12580.440509058271,11277.559490941729,11929.0,1302.8810181165463,16.047887251417635,16.813539024967415,14.516583704318071,-91.61290322580643,-66.52335654865144,32.81552436455746,11612.85,2831072,28359.5,1434.0,5.440473480537222
2022-10-17,11523.0,11624.5,11883.75,11987.416666666666,11775.552795588408,186.42857142857144,16.810344827586206,-159.37908740569037,-104.98946095207272,-54.38962645361764,12557.864428830811,11209.635571169189,11883.75,1348.2288576616263,14.37090788512588,15.999328645020238,11.114066365337166,-92.3529411764706,-80.04090049201432,11.037577831992127,11818.1,2819343,28346.5,739.0,2.6590385722510046
2022-10-18,11482.0,11589.0,11828.25,11999.75,11737.404910294275,185.3571428571429,18.932038834951456,-170.5151911126086,-118.0946069841799,-52.420584128428686,12476.204473709378,11180.295526290622,11828.25,1295.9089474187567,13.25292164093138,15.083859643657286,9.59104563547957,-91.77215189873418,-74.49835150400814,18.094954942024373,11100.3,2819343,28115.25,48.0,0.1682380568504449
2022-10-19,11479.0,11566.0,11779.25,11988.833333333334,11716.69968074244,194.28571428571428,29.6943231441048,-165.72991406119036,-127.621668399582,-38.10824566160835,12357.816968329598,11200.683031670402,11779.25,1157.1339366591965,22.83019203543008,17.665970440914883,33.15863522446047,-64.51612903225806,-62.02251119682549,66.01816246279516,11060.0,2838112,27829.9,753.0,2.63480177752895
2022-10-20,11495.0,11555.5,11741.5,11980.416666666666,11715.109234957445,208.92857142857144,42.10526315789475,-145.7331310259051,-131.24396092484665,-14.489170101058448,12225.160385416308,11257.839614583692,11741.5,967.3207708326154,38.375344308607325,24.569095063479025,65.98784279886392,-37.241379310344826,-8.792377153854224,100.0,11430.0,2859994,27499.1,-1896.0,-6.463930178644484
2022-10-21,11500.0,11531.5,11709.75,11965.416666666666,11697.479784009118,210.3571428571429,42.97520661157026,-141.96661290964585,-133.3884913218065,-8.578121587839348,12158.461312655769,11261.038687344231,11709.75,897.4226253115339,40.198947487789496,29.779045871582515,61.03875072020346,-56.48854961832061,-37.87465711045287,100.0,10691.2,2847588,27377.55,-451.0,-1.6438256305583931
2022-10-24,11509.0,11516.0,11676.5,11948.5,11671.053137913012,215.0,37.98449612403101,-146.1727128138882,-135.94533562022283,-10.227377193665376,12106.286972935734,11246.713027064266,11676.5,859.573945871467,35.77365729955197,31.77724968090567,43.766472536844574,-73.2824427480916,-48.02947994760067,83.07266471790356,10558.55,2839475,27347.45,666.0,2.4680377987770896
2022-10-25,11545.0,11513.5,11647.0,11940.416666666666,11660.000458111774,217.8571428571429,43.060498220640575,-137.03307356150071,-136.16288320847843,-0.8701903530222808,12018.4183341562,11275.5816658438,11647.0,742.8366683124004,39.74654076380388,34.43368004187174,50.37226220766816,-52.67175572519084,-46.51154651813779,100.0,10655.0,2850126,27333.35,-349.0,-1.2621605005243897
2022-10-26,11540.0,11509.5,11621.0,11933.083333333334,11644.286128767795,223.57142857142856,39.00709219858155,-133.0970818559381,-135.54972293797036,2.4526410820322724,11954.854680015753,11287.145319984247,11621.0,667.709360031502,39.31820666304874,36.06185558226407,45.83090882461808,-61.83206106870229,-39.21202989575893,86.29144200811714,10732.05,2840625,27315.95,301.0,1.1024833345542495
2022-10-27,11476.0,11485.5,11590.75,11921.25,11619.116021266102,227.8571428571429,36.91275167785236,-137.6703409828533,-135.97384654694696,-1.6964944359063452,11893.965660614856,11287.534339385144,11590.75,606.4313212297129,33.13521469844275,35.0863086209903,29.233026853347653,-79.38931297709924,-58.34708468630019,79.20841397516863,10674.1,2832994,27300.8,293.0,1.061478824765416
2022-10-28,11403.0,11451.5,11554.25,11909.0,11575.866876383616,225.0,36.42384105960264,-156.8354831366123,-140.14617386488004,-16.68930927173227,11878.291501565524,11230.208498434476,11554.25,648.0830031310506,23.821744863896903,31.331454035292506,8.802326521105712,-94.8051948051948,-103.84804689182138,77.55492564297364,10937.95,2818706,27340.85,860.0,3.0828792658445625
2022-10-31,11333.0,11421.0,11522.75,11894.166666666666,11527.689078632797,236.07142857142856,34.0625,-177.64195652617673,-147.6453303971394,-29.996626129037335,11904.483924970891,11141.016075029109,11522.75,763.4678499417823,18.315620171436887,26.99284274734063,0.961175019629394,-92.69662921348316,-115.2161877914567,69.5689058171745,10874.55,2805438,27435.3,-680.0,-2.3647238837112283
2022-11-01,11226.0,11385.5,11487.25,11876.333333333334,11479.337737810623,247.8571428571429,33.95638629283489,-195.90751879405616,-157.29776807652274,-38.609750717533416,11916.882339760892,11057.617660239108,11487.25,859.2646795217843,19.7325373414299,24.572740945370388,10.05213013354892,-77.43362831858407,-125.96190782021044,65.31787151303057,11683.35,2781697,27539.5,621.0,2.211853540390374
2022-11-02,11128.0,11334.0,11450.0,11860.75,11434.162715161992,246.07142857142856,29.96742671009773,-209.18216138234857,-167.6746467376879,-41.50751464466066,11911.70165805705,10988.29834194295,11450.0,923.4033161141016,21.445180334701107,23.530220741813963,17.275099520475393,-78.76106194690266,-99.52645553461052,50.12192380556833,11873.35,2770733,27672.95,220.0,0.7666306582569504
2022-11-03,11079.0,11277.5,11416.5,11846.666666666666,11405.671028003708,247.14285714285717,38.06451612903226,-206.82830971924704,-175.50537933399974,-31.322930385247304,11866.83437869163,10966.16562130837,11416.5,900.6687573832605,28.55497571446355,25.20513906603049,35.25464901132966,-67.2566371681416,-63.02064704331688,80.96779848558822,12318.55,2784556,27809.8,49.0,0.1694504962478804
2022-11-04,11108.0,11255.5,11393.5,11830.916666666666,11396.559501527165,259.2857142857143,47.96238244514107,-188.6669922086203,-178.13770190892387,-10.529290299696411,11813.80189651074,10973.19810348926,11393.5,840.6037930214807,41.19112202102448,30.53380005102849,62.50576596101647,-51.769911504424776,-22.81752989635066,100.0,12746.9,2799550,27936.6,-897.0,-3.09673410205068
2022-11-07,11142.0,11237.5,11376.75,11814.666666666666,11381.649072810293,262.5,45.94594594594595,-177.87203413381394,-178.0845683539019,0.2125342200879458,11793.280468968293,10960.219531031707,11376.75,833.0609379365851,46.769691103447215,35.945763735168065,68.41754584000553,-57.9646017699115,-30.8118754045619,88.96195558615943,12535.7,2789511,27974.05,-706.0,-2.515230325269868
2022-11-08,11168.0,11197.0,11355.25,11803.583333333334,11359.58725635217,260.35714285714283,38.50931677018634,-174.5669013500319,-177.38103495312788,2.814133603095968,11771.997746497236,10938.502253502764,11355.25,833.4954929944724,47.632785521956265,39.84143766409746,63.21548123767387,-65.929203539823,-42.48145981662244,47.46824713469093,12503.35,2780863,27971.55,-223.0,-0.8149691188831687
2022-11-09,11216.0,11172.0,11340.75,11793.25,11348.67418431863,257.5,35.08196721311475,-162.40969587726977,-174.38676713795627,11.9770712606865,11751.298734205688,10930.201265794312,11340.75,821.0974684113753,53.97741257019307,44.55342929946266,72.82537911165389,-50.25906735751296,-47.343731279154994,28.42207882210557,12914.0,2796442,27928.65,-16.0,-0.0589535740604274
2022-11-10,11241.0,11160.0,11322.75,11783.833333333334,11340.229023907332,245.3571428571429,40.14598540145986,-149.8374158530005,-169.4768968809651,19.63948102796462,11712.803640035909,10932.696359964091,11322.75,780.1072800718139,58.90160838012871,49.33615565968468,78.03251382101675,-42.77456647398844,-14.179237663368284,56.563399439435294,12916.4,2809192,27932.85,-682.0,-2.514378410263973
2022-11-11,11224.0,11166.0,11308.75,11773.333333333334,11329.254831154252,247.8571428571429,42.47104247104247,-141.0718128043245,-163.79588006563702,22.724067261312516,11691.288267779562,10926.211732220438,11308.75,765.0765355591247,60.5640352163821,53.07878217858382,75.53454129197866,-43.90243902439025,-25.285334498131903,69.48400399004723,13002.5,2795464,27868.25,58.0,0.2193480069586195
2022-11-14,11211.0,11176.5,11298.75,11761.916666666666,11314.563894853847,252.14285714285717,34.29752066115702,-136.58512309035177,-158.35372867057998,21.76860558022821,11684.439744415597,10913.060255584403,11298.75,771.3794888311895,56.62946700375886,54.2623437869755,61.36371343732559,-50.0,-16.51651134549499,24.062820797201965,13113.5,2781515,27770.65,79.0,0.2981132075471793
2022-11-15,11233.0,11200.5,11293.0,11749.833333333334,11309.367333439195,253.92857142857144,40.48582995951416,-124.7327579515968,-151.62953452678337,26.89677657518655,11677.329902146852,10908.670097853148,11293.0,768.6598042937039,57.6934541929821,55.40604725564437,62.26826806765757,-36.53846153846154,-21.171762034154888,58.451954004715446,13228.1,2791353,27664.15,-130.0,-0.4891079423605116
2022-11-16,11248.0,11232.0,11283.0,11740.166666666666,11310.37996834975,250.3571428571429,47.45762711864407,-109.23893617107206,-143.1514148556411,33.91247868456904,11652.585827935169,10913.414172064831,11283.0,739.1716558703374,61.974207557226165,57.5954340228383,70.73175462600189,-22.916666666666668,7.008425934281077,97.19501768201609,12943.0,2804420,27498.8,-424.0,-1.6030851828046422
2022-11-17,11223.0,11232.0,11254.75,11728.666666666666,11293.677114221202,245.0,48.69565217391304,-110.61284860888009,-136.64370160628891,26.03085299740883,11572.926961685422,10936.573038314578,11254.75,636.3539233708434,55.89947170481744,57.03011325016468,53.63818861412298,-48.61111111111112,-21.83904186724409,100.0,12427.0,2792858,27462.2,679.0,2.6090297790585915
2022-11-18,11203.0,11213.5,11234.5,11719.75,11277.612627152515,237.8571428571429,52.58215962441314,-111.22645124695008,-131.56025153442116,20.333800287471064,11529.634224593345,10939.365775406655,11234.5,590.2684491866858,51.15520335876719,55.07180995303219,43.3219901702372,-50.0,-36.52939497139556,100.0,12300.05,2782991,27439.95,-164.0,-0.6141402037147969
2022-11-21,11160.0,11185.5,11211.5,11703.083333333334,11247.363805518944,229.64285714285717,47.45762711864407,-123.60204931099906,-129.96861108973673,6.366561778737662,11517.27081200416,10905.72918799584,11211.5,611.5416240083177,36.53402446140036,48.89254812248824,11.81697713922459,-86.77685950413223,-68.58725023775324,77.339849534437,12416.25,2772554,27389.15,95.0,0.3579502637528264
2022-11-22,11101.0,11167.0,11182.0,11686.583333333334,11220.47201451714,222.8571428571429,48.29059829059828,-131.49059993883384,-130.27300885955617,-1.2175910792776676,11460.896321049122,10903.103678950878,11182.0,557.792642098244,30.016393666090803,42.60049663702243,4.848187724227543,-85.24590163934427,-84.55432529338992,76.52914371216754,12341.8,2781716,27362.95,143.0,0.5368875539703444
2022-11-23,10983.0,11115.5,11143.75,11665.916666666666,11173.760394086936,225.0,34.11764705882352,-154.91905869353104,-135.20221882635116,-19.716839867179885,11450.359214679393,10837.140785320607,11143.75,613.2184293587852,20.735566791886622,35.312186688643834,-8.41767300162779,-98.05194805194805,-115.24279193316156,0.0,12407.05,2770910,27375.85,1083.0,4.044364777055787
2022-11-24,10899.0,11061.0,11110.5,11644.666666666666,11130.06892798342,211.07142857142856,23.31838565022421,-172.7058106102486,-142.70293718313064,-30.002873427117947,11451.534031331645,10769.465968668355,11110.5,682.0680626632893,18.76198279952936,29.79545205893901,-3.304955719289943,-85.18518518518519,-127.11137054414328,0.0,12741.65,2756587,27382.0,158.0,0.5671009655073389
2022-11-25,10832.0,11017.5,11091.75,11621.25,11097.681411032618,211.07142857142856,29.91071428571428,-178.69023663490952,-149.90039707348643,-28.789839561423094,11460.293006131467,10723.206993868533,11091.75,737.0860122629347,20.73583663428539,26.77558025072113,8.656349401413905,-75.92592592592592,-80.97162254158684,22.527267471736867,12569.05,2767423,27326.65,-370.0,-1.3205324958064146
2022-11-28,10780.0,10970.0,11073.25,11596.416666666666,11059.806990934272,201.42857142857144,29.91071428571428,-188.5220207096736,-157.62472180072388,-30.89729890894972,11481.407283925022,10665.092716074978,11073.25,816.3145678500441,18.25427083635904,23.9351437792671,6.8925249505429065,-87.03703703703704,-90.27642251581184,22.527267471736867,12385.1,2757834,27296.7,-172.0,-0.6220839813374845
2022-11-29,10758.0,10929.5,11065.0,11570.583333333334,11040.301563226249,192.5,33.47457627118645,-181.7119139795359,-162.44216023648627,-19.26975374304962,11484.209782931244,10645.790217068756,11065.0,838.4195658624885,23.96089711086067,23.943728223131625,23.99523488631876,-67.90123456790124,-60.14706149716368,34.70567613705649,11867.0,2771213,27168.45,-1345.0,-4.895003093496375
2022-11-30,10779.0,10881.0,11056.5,11546.333333333334,11020.749033395176,190.3571428571429,32.0675105485232,-175.90101082652836,-165.1339303544947,-10.767080472033657,11487.5586722795,10625.4413277205,11056.5,862.117344559003,28.773931407240447,25.5537959511679,35.21420231938555,-70.37037037037037,-54.48322889062302,29.897459247791627,11830.85,2760972,26923.25,-2119.0,-8.108832083269558
2022-12-01,10825.0,10862.0,11047.0,11523.75,11013.534839738491,188.2142857142857,38.888888888888886,-160.56881022714515,-164.2209063290248,3.652096101879664,11479.14763559155,10614.85236440845,11047.0,864.2952711830985,40.787559209765234,30.63171703736701,61.09924355456168,-56.79012345679013,-30.216823400476056,53.20743405275779,11746.65,2773111,26552.95,-2453.0,-10.215300045808515
2022-12-02,10838.0,10835.0,11024.25,11502.5,10998.436283572924,177.5,37.69230769230769,-153.9060455384315,-162.15793417090617,8.251888632474646,11445.879358310674,10602.620641689326,11024.25,843.2587166213489,47.583863002588586,36.28243235910754,70.18672428955067,-67.0886075949367,-33.433258611926625,49.11848367459879,11342.95,2766191,26190.6,-738.0,-3.423005565862713
2022-12-05,10869.0,10824.5,11005.0,11480.5,10984.775685137409,173.57142857142858,33.33333333333333,-146.93201570495512,-159.11275047771596,12.180734772760845,11420.261490224118,10589.738509775882,11005.0,830.5229804482369,52.11473219780416,41.559865638673074,73.22446531606633,-67.0886075949367,-29.743806261471263,34.2230215827338,11153.5,2766191,25803.75,-1196.0,-5.743924695034098
2022-12-06,10858.0,10808.0,10987.5,11457.833333333334,10967.178000838603,178.21428571428572,28.512396694214885,-144.18105767924135,-156.12641191802103,11.945354238779686,11406.51513601602,10568.48486398398,10987.5,838.0302720320396,50.82158617108513,44.64710581614376,63.17054688096788,-72.10884353741497,-56.57869500535319,17.748944645936174,11157.4,2757465,25353.85,-1484.0,-7.561398145317433
2022-12-07,10843.0,10811.0,10963.25,11434.916666666666,10947.4467626635,169.28571428571428,32.39436619718309,-143.5735428992175,-153.61583811426033,10.042295215042827,11375.60236592532,10550.89763407468,10963.25,824.7047318506375,44.407373236863776,44.567194956383766,44.0877297978238,-73.6,-50.42323353183728,31.014388489208603,10662.2,2751790,24864.25,-810.0,-4.464777863521108
2022-12-08,10784.0,10804.5,10932.75,11407.583333333334,10919.11849955269,173.57142857142858,29.613733905579394,-150.2363328248466,-152.9399370563776,2.7036042315309885,11342.91652587378,10522.58347412622,10932.75,820.3330517475588,35.530841417168446,41.55507710997866,23.48237003154801,-85.84070796460178,-65.49960369889395,25.20941314257878,10400.6,2744272,24391.35,-348.0,-2.007846757442877
2022-12-09,10739.0,10788.5,10903.0,11380.25,10891.583404357196,168.21428571428572,33.82352941176471,-155.33981401643905,-153.41991244838988,-1.9199015680491696,11310.216481933005,10495.783518066995,10903.0,814.4329638660092,28.449132373350395,37.18642886443591,10.974539391179365,-85.71428571428571,-70.49545595719148,42.06733265019616,10141.55,2735725,23864.55,-1020.0,-6.005652378709369
2022-12-12,10772.0,10820.5,10895.25,11359.25,10903.813556323175,192.8571428571429,51.95729537366548,-126.45690253957764,-148.02731046662743,21.570407927049786,11286.24703862117,10504.25296137883,10895.25,781.9940772423397,48.99909154923029,41.12398309270071,64.74930846228948,-9.9009900990099,1.0112605096830505,100.0,10207.6,2750995,23163.65,-3403.0,-21.31671260335756
2022-12-13,10797.0,10827.5,10878.5,11333.25,10905.831312863827,193.92857142857144,57.70750988142293,-109.965084117086,-140.41486519671915,30.44978107963314,11230.45843055978,10526.54156944022,10878.5,703.91686111956,56.428437270443965,46.22546781861513,76.83437617410164,-28.712871287128717,0.5490447191840677,100.0,10725.6,2730797,23029.1,11197.0,89.14099195923893
2022-12-14,10821.0,10832.0,10856.5,11306.25,10903.371187829176,193.57142857142856,56.37065637065638,-99.38072399556404,-132.20803695648812,32.827312960924075,11140.75525963749,10572.24474036251,10856.5,568.5105192749797,58.41103738821677,50.28732434181568,74.65846348101897,-37.62376237623762,25.99176222471001,95.42096822096823,10776.65,2716709,23048.95,2664.0,11.213065072817583
2022-12-15,10864.0,10824.0,10843.0,11279.75,10899.716788988302,196.07142857142856,53.036437246963565,-91.15217149015189,-123.99686386322088,32.84469237306898,11095.428207615549,10590.571792384451,10843.0,504.8564152310937,58.74267179016432,53.105773491265225,70.0164683879625,-40.59405940594059,23.489792352042045,84.00049828713796,11210.9,2696462,23197.7,3257.0,12.326848838089475
2022-12-16,10931.0,10835.0,10835.0,11259.75,10905.934237656082,199.64285714285717,60.6425702811245,-75.68932070682058,-114.33535523194082,38.64603452512024,11058.253455209891,10611.746544790109,10835.0,446.5069104197864,65.56442145746928,57.258656146666574,82.17595207907469,-20.792079207920796,44.43138804158444,100.0,11762.95,2717370,23393.8,783.0,2.638229050844032
2022-12-19,10789.0,10780.5,10802.5,11230.166666666666,10849.17859597455,234.64285714285717,34.38395415472779,-114.96270746396112,-114.46082567834488,-0.5018817856162343,11118.935742209009,10486.064257790991,10802.5,632.8714844180176,45.37628097164619,53.29786442165978,29.533114071619,-95.0,-125.80726985441014,18.274278676493296,13131.9,2679554,23688.55,2068.0,6.788786028494509
2022-12-20,10634.0,10715.5,10761.75,11196.916666666666,10782.590158262688,245.7142857142857,31.83023872679044,-157.18587136241695,-123.0058348151593,-34.18003654725764,11182.71724463149,10340.78275536851,10761.75,841.9344892629815,32.291670307628074,46.29579971698255,4.283411488919128,-93.87755102040816,-162.57589223408908,10.326249945712403,14912.7,2634776,24115.1,2779.0,8.54288349216108
2022-12-21,10487.0,10654.0,10732.5,11165.75,10721.867286047196,240.0,27.528089887640448,-188.8742661961096,-136.17952109134936,-52.69474510476024,11235.966927780186,10229.033072219814,10732.5,1006.9338555603716,23.398528504405117,38.66337597945674,-7.131166445698128,-94.3877551020408,-130.27673132064,0.0,15314.95,2615925,24553.95,1329.0,3.763912883400833
2022-12-22,10334.0,10599.0,10701.75,11134.333333333334,10662.641830233177,245.3571428571429,28.24207492795389,-215.138686465285,-151.9713541661365,-63.16733229914848,11279.379229104436,10124.120770895564,10701.75,1155.2584582088748,18.138701542619284,31.821817833844253,-9.22753103983066,-92.38095238095238,-114.0675299964508,2.1561112595743377,15746.2,2592977,25048.9,1280.0,3.4936404825590905
2022-12-23,10171.0,10551.0,10669.75,11105.25,10613.818798782397,248.92857142857144,30.25210084033614,-229.27589680192975,-167.43226269329517,-61.8436341086346,11295.684879747254,10043.815120252746,10669.75,1251.869759494508,16.320109971502287,26.654581879730262,-4.348833844953674,-87.61904761904762,-90.7007408431774,8.226041660106185,16325.95,2615408,25503.7,-1173.0,-3.0935175905902224
2022-12-26,10147.0,10468.0,10644.25,11080.083333333334,10573.455103660264,261.42857142857144,32.7683615819209,-234.54834482292424,-180.855479119221,-53.69286570370326,11305.550751708724,9982.949248291276,10644.25,1322.6015034174488,18.76697807623962,24.02538061190005,8.250173004918757,-76.85589519650655,-81.12967834920289,15.824713635885956,17762.65,2653731,26159.0,3838.0,10.444958497754795
2022-12-27,10174.0,10404.0,10615.75,11056.0,10545.983189025954,264.6428571428572,36.98630136986301,-228.4279169781439,-190.3699666910056,-38.05795028713831,11287.8502039953,9943.6497960047,10615.75,1344.2004079906,23.37104722428041,23.807269482693503,22.498602707454225,-68.5589519650655,-54.34857640025295,28.562161839277003,18255.15,2676960,26925.35,876.0,2.1585392898504363
2022-12-28,10197.0,10342.0,10587.0,11031.166666666666,10518.746694833006,258.92857142857144,38.793103448275865,-223.02384482649904,-196.90074231810428,-26.12310250839477,11268.734629649363,9905.265370350637,10587.0,1363.469259298727,25.96829504874508,24.52761133804403,28.849662470147173,-70.74235807860262,-54.00007045580966,34.018391431115546,18814.0,2655542,27848.9,1025.0,2.472322053112719
2022-12-29,10214.0,10274.0,10549.0,11004.166666666666,10486.9612953251,262.85714285714283,37.60445682451253,-222.2312088692124,-201.9668356283259,-20.264373240886528,11231.438352719975,9866.561647280025,10549.0,1364.876705439954,25.605657624203257,24.886960100097102,27.04305267241556,-77.29257641921397,-51.36684527799376,30.428884334403797,19282.8,2634027,28910.25,303.0,0.7132096789379538
2022-12-30,10222.0,10196.5,10515.75,10977.833333333334,10458.6792671989,238.92857142857144,20.56737588652481,-218.67878800388095,-205.3092261034369,-13.369561900444069,11200.211178784564,9831.288821215436,10515.75,1368.9223575691285,36.9206256820531,28.898181960749103,52.965513124661086,-76.33928571428571,-50.59953952122639,0.0,19768.6,2650663,30058.1,992.0,2.318461214854972
2023-01-03,10260.0,10203.5,10492.0,10957.916666666666,10451.186003656148,236.42857142857144,31.89368770764119,-198.246791166328,-203.89673911601517,5.649947949687174,11159.65418089244,9824.34581910756,10492.0,1335.3083617848824,53.78041712136873,37.19226034762231,86.95673066886158,-59.375,-22.607234306271263,28.26264973188165,21225.85,2686058,31292.45,534.0,1.219762900020549
2023-01-04,10278.0,10226.0,10470.75,10937.833333333334,10443.930193784136,238.57142857142856,32.764505119453915,-180.378454143558,-199.19308212152373,18.81462797796576,11124.02736512868,9817.47263487132,10470.75,1306.5547302573614,61.27734022780514,45.22062030768325,93.39078006804893,-59.27601809954752,-12.182647686636654,30.435608403618176,22133.05,2659188,32613.05,241.0,0.5438584613995934
2023-01-05,10298.0,10247.5,10450.75,10918.25,10435.93684199517,237.8571428571429,32.764505119453915,-165.5200310727978,-192.45847191177853,26.93844083898074,11091.105781043463,9810.394218956537,10450.75,1280.71156208693,65.42783133831077,51.95635731789242,92.37077937914746,-59.53488372093023,-14.910235541229024,30.435608403618176,22952.15,2637131,33973.55,-12.0,-0.0269336086546667
2023-01-06,10311.0,10262.5,10430.75,10895.416666666666,10418.228571328964,240.3571428571429,25.762711864406786,-160.76747703077672,-186.12027293557816,25.352795904801468,11069.888194429768,9791.611805570232,10430.75,1278.2763888595364,61.98013614644447,55.29761692740976,75.34517458451387,-68.89952153110048,-29.030141680265476,28.505506626715,23943.85,2609779,35389.4,759.0,1.7040096987113396
2023-01-09,10333.0,10277.5,10414.25,10875.333333333334,10406.968707392873,198.2142857142857,49.425287356321846,-151.22325404023832,-179.14086915651023,27.91761511627192,11048.751669360334,9779.748330639666,10414.25,1269.0033387206677,56.03870548291104,55.54464644591019,57.02682355691272,-36.440677966101696,-23.3101395310668,100.0,24287.5,2625199,36822.0,-685.0,-1.5121079004878468
2023-01-10,10328.0,10294.0,10381.0,10858.333333333334,10402.019306688788,187.14285714285717,63.39869281045752,-137.63478014120847,-170.83965135344988,33.204871212241414,10947.945648559938,9814.054351440062,10381.0,1133.891297119877,56.83965646912684,55.97631645364908,58.56633650008234,-27.11864406779661,-7.846351985788988,100.0,24536.05,2645440,38403.6,-423.0,-0.9480903711672984
2023-01-11,10296.0,10287.0,10345.5,10839.0,10384.207944147,190.7142857142857,53.88888888888889,-136.5881435520405,-163.989349793168,27.40120624112751,10855.029194453073,9835.970805546927,10345.5,1019.0583889061454,45.252411672058585,52.40168152645225,30.95387196327124,-50.84745762711864,-17.459914615644124,77.79707792207793,24613.3,2623697,39479.75,1088.0,2.461928359694965
2023-01-12,10304.0,10301.0,10321.5,10820.333333333334,10385.711949466331,192.8571428571429,64.42307692307692,-119.45373433201348,-155.08222670093713,35.628492368923645,10766.106271708017,9876.893728291983,10321.5,889.2125434160334,53.54489782466243,52.78275362585565,55.06918622227599,-19.491525423728813,4.144294962902555,100.0,25273.35,2650986,40438.1,308.0,0.6801969921159001
2023-01-13,10327.0,10319.0,10296.5,10798.083333333334,10383.739382850492,191.07142857142856,60.487804878048784,-107.4600663182373,-145.55779462439716,38.097728306159865,10661.539291324269,9931.460708675731,10296.5,730.0785826485371,54.94542484085476,53.50364403085536,57.82898646085357,-25.42372881355932,22.191365515474644,91.0267719999545,25589.95,2624407,41273.1,790.0,1.7328741582399276
2023-01-16,10333.0,10333.0,10264.75,10778.083333333334,10378.62134638854,176.78571428571428,56.86274509803922,-99.63072452603956,-136.37238060472563,36.74165607868608,10452.267718461057,10077.232281538943,10264.75,375.0354369221095,52.592724541790496,53.20000420116708,51.37816522303734,-48.05194805194805,29.01637468208496,82.76089163701558,25644.05,2602417,42068.95,0.0,0.0
2023-01-17,10342.0,10335.0,10269.25,10761.083333333334,10380.657408637251,181.78571428571428,55.77889447236181,-86.77718637516045,-126.4533417588126,39.676155383652144,10465.458133314967,10073.041866685033,10269.25,392.4162666299381,55.574636874014175,53.99154842544944,58.74081377114364,-35.714285714285715,80.79098771890466,80.28948974385223,25395.45,2635261,42807.15,915.0,1.9728756549300288
2023-01-18,10383.0,10339.5,10282.75,10742.166666666666,10384.40432210037,180.0,58.08080808080808,-74.1223951016782,-115.98715242738572,41.86475732570753,10481.548363860677,10083.951636139323,10282.75,397.5967277213531,59.27198013823167,55.75169232971018,66.31255575527464,-30.952380952380956,74.4385605036991,85.53832525221111,24165.75,2655445,43476.7,1406.0,2.9728929673954463
2023-01-19,10372.0,10338.0,10292.75,10723.0,10380.651529519382,178.92857142857142,58.08080808080808,-69.34587891759111,-106.6588977254268,37.3130188078357,10482.27780659756,10103.22219340244,10292.75,379.0556131951198,52.74994754313484,54.75111073418507,48.74762116103436,-48.80952380952381,47.032407125734,85.53832525221111,24426.15,2631386,44046.35,-669.0,-1.3737166324435337
2023-01-20,10394.0,10360.5,10311.5,10707.916666666666,10389.637098136584,181.07142857142856,62.78026905829597,-54.44295736119784,-96.21570965258104,41.77275229138319,10494.834609245952,10128.165390754048,10311.5,366.6692184919048,61.14702385228597,56.88308177355204,69.67490800975384,-19.23076923076923,64.94553449814136,95.75066644536888,24454.3,2654897,44424.75,-2545.0,-5.298661281255857
2023-01-30,10445.0,10389.0,10333.25,10698.25,10408.243088790245,179.64285714285714,59.90338164251207,-33.371517881274485,-83.64687129831972,50.27535341704524,10537.887677242892,10128.612322757108,10333.25,409.2753544857842,67.9385956116689,60.56825305292432,82.67928072915805,-16.666666666666668,114.92697568485296,88.3092276192792,24759.4,2683430,44975.4,2272.0,4.994943499098614
2023-01-31,10537.0,10439.5,10366.75,10694.75,10451.267556524504,196.42857142857144,68.5823754789272,5.45506880962057,-65.82648327673166,71.28155208635224,10668.817873167602,10064.682126832398,10366.75,604.1357463352033,75.362327144376,65.49961108340821,95.08775926631156,-9.090909090909092,154.18560608504703,100.0,26274.25,2752050,45695.8,7233.0,15.145106579002476
2023-02-01,10628.0,10505.5,10396.25,10692.333333333334,10491.623027331696,194.28571428571428,69.73180076628353,37.00917440722151,-45.25935173994103,82.26852614716253,10771.158760830374,10021.341239169626,10396.25,749.8175216607488,77.83537041413146,69.61153086031597,94.28304952176244,-15.384615384615383,145.24080776482947,100.0,27393.25,2797659,46521.9,2990.0,5.437253368733064
2023-02-02,10691.0,10531.5,10416.25,10686.583333333334,10507.658929490584,203.2142857142857,64.53900709219857,44.1582978878796,-27.375821814376906,71.5341197022565,10803.043498557452,10029.456501442548,10416.25,773.5869971149041,69.99179219661744,69.73828463908312,70.49880731168608,-43.39622641509434,86.86927321689133,74.42794058610994,28870.95,2746687,47259.9,-737.0,-1.2711060519825512
2023-02-03,10736.0,10565.0,10442.0,10679.333333333334,10525.977126681955,215.0,64.28571428571428,52.44711773297604,-11.411233904906318,63.85835163788236,10832.52461341663,10051.47538658337,10442.0,781.04922683326,64.82039877784446,68.09898935200357,58.26321762952625,-38.36477987421384,62.52660609628893,65.62446018310581,29908.05,2788944,47892.3,-1809.0,-3.1601565229543715
2023-02-06,10765.0,10605.0,10469.0,10669.666666666666,10545.40787652177,217.14285714285717,63.63636363636363,60.73668179699234,3.018349235473414,57.71833256151893,10860.832402410706,10077.167597589294,10469.0,783.664804821412,62.86534047876198,66.3544397275897,55.88714198110651,-34.59119496855346,68.4640885503036,61.52577772892158,30481.2,2817043,48584.4,2186.0,3.943357084874166
2023-02-07,10731.0,10634.0,10484.5,10660.5,10559.178554948268,217.5,68.62745098039215,63.34831538792423,15.084342465963578,48.26397292196065,10885.917226179548,10083.082773820452,10484.5,802.8344523590968,59.571918528129885,64.09359932776977,50.52855692885012,-39.87341772151899,42.57686523907297,92.08516302892066,29947.75,2792317,49203.05,-935.0,-1.6226722896166337
2023-02-08,10666.0,10647.0,10493.25,10650.5,10558.304406857957,217.5,56.09756097560975,53.50445776956076,22.768365526683013,30.736092242877746,10892.23918333841,10094.26081666159,10493.25,797.9783666768199,50.41112976502192,59.53277614018715,32.16783701469146,-60.264900662251655,27.664141078690307,2.28387187970122,29946.8,2765466,49848.45,776.0,1.36894471298028
2023-02-09,10598.0,10644.5,10491.25,10635.083333333334,10535.60874906196,226.78571428571428,48.42105263157895,26.834717951531275,23.581636011652662,3.2530819398786086,10893.439730037164,10089.060269962836,10491.25,804.3794600743277,33.84896573706776,50.97150600581403,-0.3961148004247832,-90.72847682119205,-22.62764482203885,0.0,30915.2,2724041,50438.1,-1127.0,-1.9612961609411397
2023-02-10,10511.0,10623.5,10492.0,10618.5,10509.836487246535,224.28571428571428,47.75086505190311,1.2463495134561526,19.114578712013365,-17.868229198557213,10892.347217720868,10091.652782279132,10492.0,800.6944354417355,25.63346182062186,42.52549127741664,-8.1505970929677,-90.79754601226992,-61.313321637054685,0.0,31335.8,2688277,50927.45,-1247.0,-2.213543977988819
2023-02-13,10436.0,10600.5,10494.75,10604.0,10495.090155127818,220.3571428571429,48.46416382252559,-11.63623373020164,12.964416223570364,-24.600649953772,10890.270642883992,10099.229357116008,10494.75,791.0412857679839,23.837440804749956,36.29614111986108,-1.0799598254723008,-79.75460122699387,-41.918735993761565,3.245079189944724,31973.65,2716454,51373.1,-1559.0,-2.8300174266627898
2023-02-14,10380.0,10555.5,10497.5,10591.25,10486.98633082993,221.42857142857144,49.66666666666666,-17.20935469055985,6.929662040744322,-24.13901673130417,10889.680141207957,10105.319858792043,10497.5,784.3602824159134,25.41543672697616,32.66923965556611,10.907830869796255,-73.00613496932516,-33.59985939911199,8.715741857659857,32034.35,2737909,51789.1,-1016.0,-1.8980365783033528
2023-02-15,10344.0,10505.0,10505.25,10576.416666666666,10475.844775512796,218.2142857142857,50.85324232081911,-24.570525190092667,0.6296245945769243,-25.20014978466959,10879.647410584836,10130.852589415164,10505.25,748.7948211696712,26.62104383948948,30.653174383540566,18.556782751387303,-77.91411042944786,-38.676400515457566,14.113945417193332,31826.65,2720320,52152.5,36.0,0.0685544531830117
2023-02-16,10363.0,10480.5,10506.0,10561.333333333334,10470.050034987766,214.64285714285717,47.82608695652174,-26.46807443969737,-4.789915212277936,-21.67815922741944,10879.568848019377,10132.431151980623,10506.0,747.1376960387533,29.84413675320804,30.38349517342973,28.76541991276468,-72.39263803680981,-26.959658775038456,0.3422142969529045,31765.45,2746385,52541.55,821.0,1.5623513292355673
2023-02-17,10372.0,10441.5,10503.25,10547.583333333334,10454.80717451274,215.3571428571429,39.99999999999999,-36.02919622283844,-11.037771414390036,-24.9914248084484,10881.96354262611,10124.53645737389,10503.25,757.4270852522204,27.103298376012567,29.29009624095734,22.72970264612303,-85.2760736196319,-52.65793257798706,0.0,31785.95,2719396,52916.6,510.0,0.9555930297920234
2023-02-20,10357.0,10396.5,10500.75,10533.5,10438.158872178192,191.78571428571428,24.336283185840717,-45.50267686520965,-17.930752504553958,-27.571924360655693,10884.900121423216,10116.599878576784,10500.75,768.3002428464315,23.474270989413785,27.351487823776157,15.719837320689052,-88.95705521472392,-55.68506879124728,0.0,31604.3,2701039,53308.8,343.0,0.6365998515218907
2023-02-21,10360.0,10370.0,10502.0,10524.583333333334,10436.90564625646,194.64285714285717,32.14285714285714,-40.839418942678094,-22.512485792178783,-18.326933150499308,10884.93052826026,10119.06947173974,10502.0,765.8610565205199,34.52501600097465,29.74266388284232,44.08972023723931,-69.48051948051948,-26.240377613138687,17.62557716524414,31780.1,2737399,53658.6,67.0,0.1235638013389106
2023-02-22,10367.0,10355.5,10501.25,10515.25,10433.867013279656,178.21428571428572,38.0281690140845,-38.31590440003674,-25.67316951375038,-12.642734886286362,10884.91480710449,10117.58519289551,10501.25,767.3296142089785,45.41251066731643,34.965946144333685,66.30563971328192,-65.3225806451613,-18.57476519059315,30.9133547612807,32114.95,2710518,53949.5,228.0,0.4199668447227855
2023-02-23,10372.0,10367.5,10506.0,10510.416666666666,10434.451107253022,167.5,37.73584905660377,-33.11012059141467,-27.16055972928324,-5.949560862131431,10883.827585295892,10128.172414704108,10506.0,755.6551705917846,56.08145872444752,42.00445033770496,84.23547549793263,-59.67741935483871,-23.66687691821478,30.253358712324196,31873.05,2729739,54289.2,307.0,0.5631167687736083
2023-02-24,10448.0,10410.0,10516.75,10510.0,10458.789097038449,176.42857142857142,48.4375,-8.71117178874556,-23.470682141175704,14.759510352430144,10903.004279485744,10130.495720514256,10516.75,772.5085589714872,70.72097248296501,51.576624386124976,109.00966867664508,-9.90990990990991,22.007584719463274,54.41540156709109,33404.3,2783875,54934.75,3572.0,6.51527587779297
2023-02-27,10506.0,10431.5,10516.0,10506.333333333334,10469.380611606215,173.21428571428572,45.588235294117645,0.9314367807382952,-18.590258356792905,19.5216951375312,10901.754216813595,10130.245783186405,10516.0,771.5084336271939,72.31738301585422,58.49021059603472,99.97172785549324,-31.53153153153153,22.76175002375107,66.91151486078631,34070.25,2742023,55613.4,2934.0,5.024230696782372
2023-02-28,10478.0,10419.0,10487.25,10499.416666666666,10451.820553358004,186.42857142857144,41.19601328903654,-14.259470314746068,-17.724100748383538,3.4646304336374705,10850.082062066123,10124.417937933877,10487.25,725.6641241322468,53.99390160240622,56.99144093149189,47.99882294423486,-81.0,-37.22667876885931,63.58093330903933,33518.8,2684432,55750.3,-3602.0,-5.873049518188189
2023-03-01,10462.0,10414.5,10459.75,10490.583333333334,10439.742405419149,175.35714285714286,50.19011406844108,-22.80779387599432,-18.740839373905697,-4.066954502088624,10779.675567001215,10139.824432998785,10459.75,639.8511340024343,44.49933576214837,52.82740587504406,27.843195536356987,-73.0,-53.59512943105968,97.4992296477038,32521.05,2710086,55690.75,-939.0,-1.626565504339239
2023-03-02,10443.0,10407.5,10444.0,10482.416666666666,10430.719319188753,171.07142857142858,53.125,-27.649838901181283,-20.522639279360817,-7.127199621820466,10753.253770772226,10134.746229227774,10444.0,618.5075415444517,39.53016941966354,48.39499372325055,21.80052081248951,-70.40816326530613,-40.29489259167979,100.0,30859.0,2727817,55688.2,403.0,0.7096319774608117
2023-03-03,10353.0,10400.5,10421.0,10470.666666666666,10412.55557450411,172.14285714285714,45.55984555984556,-39.50443441776588,-24.31899830704183,-15.185436110724048,10718.27888731308,10123.72111268692,10421.0,594.5577746261624,29.07453471514984,41.95484072055032,3.313922704348897,-91.83673469387756,-54.54772684419453,73.7218074393867,30028.3,2702174,55804.9,576.0,1.0071162554858182
2023-03-06,10290.0,10398.0,10397.25,10460.666666666666,10397.550281694192,182.14285714285717,43.82470119521913,-47.14544874651074,-28.884288394935616,-18.26116035157512,10665.01806538888,10129.48193461112,10397.25,535.5361307777603,30.911845198571072,38.2738422132239,16.187851169265414,-65.41353383458646,-81.48751717090985,67.69463931019439,30116.7,2732041,55879.75,1349.0,2.33516245737333
2023-03-07,10292.0,10385.0,10377.5,10451.333333333334,10387.783588199509,180.3571428571429,47.01195219123506,-49.40384517220628,-32.988199750389754,-16.41564542181652,10610.342842865488,10144.657157134512,10377.5,465.6856857309758,34.14173138551355,36.89647193732045,28.63225028189976,-59.3984962406015,-46.97158016696494,78.76582048367528,29665.4,2747741,55977.1,-485.0,-0.8203931120809194
2023-03-08,10271.0,10366.5,10361.0,10441.666666666666,10371.804198847176,180.7142857142857,42.4124513618677,-56.59314328154505,-37.709188456620815,-18.88395482492424,10589.095086358848,10132.904913641152,10361.0,456.19017271769553,32.5355903472346,35.44284474062516,26.721081560453456,-70.67669172932331,-63.93856957171051,62.789072165719126,29187.25,2730453,56028.4,-145.0,-0.2473010079647952
2023-03-09,10213.0,10328.0,10347.75,10429.916666666666,10341.63237038554,177.14285714285714,40.52044609665428,-74.74324130702007,-45.11599902670067,-29.6272422803194,10613.545231829234,10081.954768170766,10347.75,531.5904636584673,23.194152963319304,31.35994748152321,6.862563926911484,-95.48872180451129,-99.97952348603631,56.217034664266905,28537.9,2702015,56164.65,572.0,0.977978388729306
2023-03-10,10129.0,10241.0,10325.5,10416.083333333334,10291.953097015488,193.92857142857144,35.16129032258064,-106.85806749441872,-57.46441272024428,-49.39365477417444,10680.122111698158,9970.877888301842,10325.5,709.2442233963156,17.248482927927157,26.65612596365786,-1.566803143534251,-95.08196721311477,-139.37189965096238,14.385724090597112,29183.45,2653340,56273.85,-1788.0,-3.0274297324754507
2023-03-13,10052.0,10171.0,10301.25,10403.416666666666,10251.767087775916,190.3571428571429,30.9278350515464,-126.81289635925532,-71.33410944804649,-55.47878691120883,10709.634171557796,9892.865828442204,10301.25,816.7683431155892,18.36921762625169,23.893823184522468,7.320006509710133,-85.86387434554973,-124.03085774857009,0.0,28943.4,2676716,56431.9,-582.0,-1.016203380360381
2023-03-14,9968.0,10130.0,10274.5,10384.333333333334,10215.884507987736,191.42857142857144,31.59722222222221,-140.6029999273269,-85.18788754390258,-55.41511238342432,10721.18250822916,9827.81749177084,10274.5,893.3650164583196,19.370827018010036,22.386157795684987,13.340165462660124,-85.34031413612566,-91.81313944153376,3.0156426382840955,28887.9,2697061,56647.85,142.0,0.2504850943729098
2023-03-15,9901.0,10086.0,10250.25,10367.0,10184.371697703187,191.78571428571428,30.388692579505303,-149.00717793732838,-97.95174562258774,-51.05543231474064,10726.766692147015,9773.733307852985,10250.25,953.0333842940344,20.5474724649329,21.77326268543429,18.09589202393012,-84.29319371727749,-82.28830733088942,0.0,28740.5,2711702,56867.1,102.0,0.1794763513513597
2023-03-16,9849.0,10031.0,10219.25,10348.916666666666,10147.288678874314,195.0,14.342629482071716,-161.0730475698092,-110.57600601203202,-50.49704155777718,10730.07260799822,9708.42739200178,10219.25,1021.6452159964392,23.12360233294377,22.22337590127078,24.92405519628975,-81.36363636363636,-92.5025676096118,0.0,29387.35,2672700,56891.2,-3082.0,-5.4132855587171065
2023-03-17,9836.0,9982.5,10191.5,10330.416666666666,10109.927852314857,193.57142857142856,15.319148936170208,-171.88165713862327,-122.83713623735028,-49.04452090127299,10740.442524074097,9642.557475925903,10191.5,1097.8850481481932,23.054623777518067,22.500458526686543,24.16295427918112,-83.90243902439025,-80.21788596111062,2.517946791434704,28833.7,2656784,56888.7,-22.0,-0.0408527074203357
2023-03-20,9801.0,9926.5,10162.25,10309.25,10070.410913999156,175.0,18.94736842105263,-183.1775004516403,-134.9052090802083,-48.272291371432,10752.151642113682,9572.348357886318,10162.25,1179.8032842273642,20.40572040803363,21.80221248713557,17.61273624982975,-86.875,-76.11208010922769,11.873278702373906,28784.85,2639404,56873.2,83.0,0.1541891138770124
2023-03-21,9749.0,9858.5,10121.75,10297.666666666666,10027.038445999237,176.42857142857142,14.141414141414144,-196.3217936404508,-147.1885259922568,-49.13326764819397,10745.92334805409,9497.57665194591,10121.75,1248.3466961081797,15.608826136684076,19.737750370318405,7.350977669415421,-95.0920245398773,-81.43561264032967,0.0,28004.75,2618646,56847.7,-133.0,-0.2466937473336705
2023-03-22,9702.0,9801.5,10084.0,10289.333333333334,9991.130022570736,180.0,15.422885572139307,-201.5907208551544,-158.06896496483634,-43.52175589031802,10727.08139781098,9440.91860218902,10084.0,1286.16279562196,15.078781287384398,18.18476067600707,8.866822510139052,-90.79754601226992,-69.50544944448825,3.898541084976684,27526.2,2635956,56752.5,-1166.0,-2.1680922275938985
2023-03-23,9637.0,9743.0,10035.5,10278.083333333334,9941.498591849711,183.2142857142857,14.351851851851862,-217.78044193955247,-170.01126035977958,-47.76918157977289,10711.026305537898,9359.973694462102,10035.5,1351.0526110757964,10.382553861556596,15.584025071190249,-0.020388557710703,-99.41176470588236,-78.55833223167379,0.6402015997388364,27658.3,2614093,56668.05,522.0,0.9921313718782132
2023-03-24,9588.0,9712.0,9976.5,10268.25,9900.403487864029,178.21428571428572,16.289592760180994,-224.79198476135025,-180.9674052400937,-43.82457952125654,10616.525492913326,9336.474507086674,9976.5,1280.0509858266523,16.845366696508467,16.004472279629653,18.5271555302661,-80.40201005025126,-83.73971489713854,6.535270629008012,26580.45,2646672,56297.0,-2160.0,-4.065040650406504
2023-03-27,9560.0,9680.5,9925.75,10258.333333333334,9867.507917591263,180.0,16.666666666666657,-224.13388315721568,-189.6007008235181,-34.53318233369754,10527.443006178572,9324.056993821428,9925.75,1203.386012357147,23.82866966118937,18.612538073482888,34.26093283660232,-75.25773195876289,-67.09565646849558,8.932295287084619,25489.45,2666704,55715.5,-1275.0,-2.501177024482104
2023-03-28,9559.0,9654.0,9892.0,10248.666666666666,9842.983354011143,179.28571428571428,22.0183486238532,-216.6765798131528,-195.0158766214451,-21.66070319170768,10484.500499666676,9299.499500333324,9892.0,1185.0009993333515,32.274668663015134,23.166581603326968,50.49084278239147,-68.10810810810811,-50.41340231246357,29.86058963727181,23609.95,2686705,55211.45,-2053.0,-4.130701595541342
2023-03-29,9529.0,9615.5,9850.75,10235.583333333334,9810.318272676748,179.28571428571428,23.18840579710144,-217.1396432351776,-199.4406299441916,-17.69901329098596,10431.070011536283,9270.429988463717,9850.75,1160.6400230725667,33.26247752137517,26.531880242676365,46.72367207877278,-76.72955974842768,-55.60033530776789,43.04017577322014,23603.45,2661181,54638.35,-2320.0,-4.869039623908666
2023-03-30,9510.0,9573.5,9802.25,10220.833333333334,9768.859389564675,166.78571428571428,25.94594594594595,-224.9994263352237,-204.55238922239803,-20.44703711282565,10370.6593687883,9233.8406312117,9802.25,1136.8187375765992,26.02113886040396,26.361633115252232,25.340150350707415,-90.83969465648856,-69.78635305359586,67.6252382581497,23716.35,2641192,54030.7,-288.0,-0.6353688669255231
2023-03-31,9511.0,9549.5,9766.0,10209.666666666666,9744.682304844231,172.85714285714286,32.51231527093596,-217.42518886277685,-207.12694915047385,-10.29823971230303,10308.75709406501,9223.24290593499,9766.0,1085.5141881300187,33.0337004167399,28.58565554908145,41.92979015205679,-69.46564885496183,-51.18997337996879,100.0,23923.35,2670975,53245.8,-2969.0,-6.59191829484902
2023-04-03,9519.0,9539.5,9733.0,10199.75,9730.426847240018,173.92857142857142,37.1559633027523,-202.63141091299255,-206.2278415029776,3.5964305899850046,10228.797072240352,9237.202927759648,9733.0,991.5941444807032,43.98325125821875,33.71818745212722,64.51337887040181,-55.90551181102362,-38.47770430589606,100.0,23504.95,2692474,52342.3,-1023.0,-2.4316037175251326
2023-04-04,9510.0,9534.5,9696.5,10186.166666666666,9714.671909407636,177.5,35.58558558558559,-191.12481666842905,-203.2072365360679,12.082419867638862,10120.355735139356,9272.644264860644,9696.5,847.7114702787148,50.967189150500815,39.467854684918414,73.96585808166562,-58.333333333333336,-26.35082428883757,93.17658709645823,23982.35,2667226,51386.5,-1531.0,-3.729779770025332
2023-04-06,9526.0,9527.5,9664.5,10172.916666666666,9701.846013273576,166.07142857142858,39.61352657004831,-178.73503694213468,-198.3127966172813,19.57775967514658,10011.63716385071,9317.36283614929,9664.5,694.2743277014197,56.92184904405681,45.28585280463121,80.19384152290802,-49.523809523809526,-34.13146413301331,100.0,23961.75,2684102,50381.85,-1122.0,-2.8392843586304672
2023-04-07,9590.0,9550.0,9646.5,10161.833333333334,9701.194012009428,172.14285714285714,47.2972972972973,-157.81728887233658,-190.21369506829237,32.39640619595576,9941.851708271588,9351.148291728412,9646.5,590.703416543176,65.72567714048232,52.09912758324825,92.97877625495045,-26.923076923076923,5.117083894322111,100.0,23843.5,2710175,49286.8,-1236.0,-3.219169162651392
2023-04-10,9631.0,9571.0,9641.5,10153.0,9702.98505848472,171.07142857142858,51.16279069767442,-137.63595019802415,-179.69814609423872,42.062195896214575,9927.729572932378,9355.270427067622,9641.5,572.4591458647556,71.92956789285167,58.70927435311606,98.3701549723229,-13.829787234042554,26.36771996794128,100.0,22329.95,2728579,48229.75,-1028.0,-2.76648994859926
2023-04-11,9614.0,9566.5,9623.5,10139.833333333334,9684.605529105223,178.57142857142858,45.64315352697095,-137.0079959637569,-171.16011606814237,34.15212010438546,9894.076382833697,9352.923617166303,9623.5,541.1527656673934,59.19802518157983,58.87219129593731,59.84969295286487,-58.51063829787234,-18.280201036499776,85.0054430998848,22437.45,2703053,47032.35,-3389.0,-9.37975699537793
2023-04-12,9588.0,9549.0,9601.5,10124.5,9660.833573952346,177.5,41.365461847389554,-140.9375703276346,-165.11560692004082,24.17803659240621,9857.112782811892,9345.887217188108,9601.5,511.2255656237867,44.686233655189774,54.14353874902147,25.7716234675264,-74.46808510638297,-60.20715696208572,73.38473519700327,22354.4,2684369,45708.4,-2389.0,-7.296438824751084
2023-04-13,9576.0,9551.0,9583.25,10112.916666666666,9647.42085262355,168.57142857142858,52.17391304347826,-135.62954374289257,-159.21839428461118,23.58885054171861,9803.2805002781,9363.2194997219,9583.25,440.0610005561976,41.57944032297205,49.95550594033833,24.82730908823949,-56.38297872340426,-44.46404657199086,100.0,22451.5,2700952,44177.05,-4046.0,-13.329819128257505
2023-04-14,9552.0,9571.0,9572.25,10099.166666666666,9640.523628564164,165.71428571428572,52.78969957081545,-125.5377332421067,-152.4822620761103,26.94452883400359,9768.409843521871,9376.090156478129,9572.25,392.3196870437423,42.13404129639578,47.34835105902414,31.705421771139054,-50.60240963855421,11.152715310360437,100.0,21571.2,2722348,42540.0,-5196.0,-19.75139696658684
2023-04-17,9546.0,9588.5,9569.0,10087.916666666666,9645.235663939004,166.07142857142858,55.465587044534416,-107.02662549086926,-143.39113475906208,36.36450926819282,9754.262260763377,9383.737739236623,9569.0,370.5245215267496,52.86413563903862,49.18694591902897,60.21851507905791,-22.89156626506024,45.69886655159035,100.0,21247.55,2731791,40794.6,-2189.0,-10.369001942115483
2023-04-18,9684.0,9649.0,9594.25,10085.75,9698.07036261148,200.7142857142857,67.45562130177515,-50.62018351493316,-124.83694451023632,74.21676099530315,9929.091282118148,9259.408717881852,9594.25,669.6825642362965,65.6691136818397,54.68100183996589,87.64533736558735,-8.287292817679559,187.0554999394092,100.0,21368.9,2751598,40176.6,22631.0,119.60152203783956
2023-04-19,9859.0,9723.5,9629.0,10084.25,9756.349375696102,203.57142857142856,73.96449704142012,2.9246947683768667,-99.28461665451368,102.20931142289054,10092.460666587447,9165.539333412553,9629.0,926.921333174898,74.22158599197476,61.19452989063552,100.27569819465326,-8.292682926829269,146.18171349891583,100.0,22427.7,2793532,39807.5,4845.0,11.659807956104263
2023-04-20,10031.0,9803.5,9665.5,10083.583333333334,9815.744673248855,204.28571428571428,80.73394495412845,50.42652596164408,-69.34238813128212,119.7689140929262,10238.064866469982,9092.935133530018,9665.5,1145.129732939964,82.13757171038588,68.1755438305523,110.06162747005304,-1.951219512195122,122.25932527648436,100.0,22981.8,2821924,39553.75,1141.0,2.459157722315619
2023-04-21,10128.0,9840.0,9695.0,10078.833333333334,9839.007085320392,215.7142857142857,65.0137741046832,61.54133358074069,-43.16564378887756,104.70697736961824,10285.664211313258,9104.335788686742,9695.0,1181.3284226265168,76.36642134126228,70.90583633412228,87.28759135554228,-35.175879396984925,78.36351123218614,65.18108062106396,23832.8,2783041,39067.6,-4126.0,-8.679189717915815
2023-04-24,10241.0,9893.5,9732.25,10075.166666666666,9878.625458147022,223.57142857142856,67.09844559585491,85.10374600503746,-17.511765830094557,102.61551183513204,10366.172417634009,9098.327582365991,9732.25,1267.844835268017,79.05165107842947,73.62110791555801,89.91273740417239,-15.57788944723618,74.96804634604591,69.79846100947341,23767.95,2814323,38711.2,435.0,1.002004008016022
2023-04-25,10261.0,9972.5,9769.5,10070.416666666666,9918.756366894926,219.64285714285717,68.89460154241645,106.18422587016904,7.22743250995816,98.95679336021088,10445.71158320688,9093.28841679312,9769.5,1352.4231664137624,82.25436532376398,76.49886038496001,93.76537520137192,-11.055276381909549,81.00741581735319,71.20811539141435,24052.15,2840039,38441.95,468.0,1.0673234811165777
2023-04-26,10265.0,10062.0,9805.5,10061.583333333334,9957.922427190646,220.7142857142857,69.13265306122449,123.88335709361854,30.55861742669024,93.32473966692832,10521.452806442318,9089.547193557682,9805.5,1431.905612884635,84.28068799362043,79.09280292118015,94.656458138501,-10.294117647058824,75.95333328284553,70.531524261553,24441.4,2867825,38322.5,943.0,2.1278996299304964
2023-04-27,10230.0,10130.5,9840.75,10050.416666666666,9981.45362460106,221.78571428571428,62.94416243654822,126.36691167502612,49.72027627635742,76.6466353986687,10562.766729650177,9118.733270349823,9840.75,1444.03345930035,80.50085081927637,79.56215222054556,82.37824801673798,-22.54901960784314,57.227788769305285,54.81212098178336,24498.45,2841160,38254.75,-1286.0,-2.8414238052100083
2023-04-28,10347.0,10237.5,9904.25,10050.166666666666,10044.648517496198,245.3571428571429,69.39203354297695,161.97235288068805,72.17069159722355,89.8016612834645,10675.505128789566,9132.994871210434,9904.25,1542.5102575791316,85.51908573136943,81.54779672415351,93.46166374580125,-2.380952380952381,82.5292449332954,71.19037738792112,26455.45,2900289,38497.7,5926.0,13.476451458849748
2023-05-04,10431.0,10336.0,9962.25,10049.75,10104.681992020369,244.28571428571428,76.4172335600907,190.41567743918856,95.81968876561656,94.59598867357202,10783.125495399496,9141.374504600504,9962.25,1641.7509907989916,85.31461061336579,82.80340135389093,90.33702913231548,-8.695652173913043,89.98459551551655,89.03510866208903,27440.6,2949775,38816.95,-1443.0,-2.891841519870142
2023-05-05,10506.0,10383.5,10016.25,10048.833333333334,10158.997992780332,250.3571428571429,79.10798122065728,210.53035420224117,118.7618218529415,91.76853234929963,10876.5490606087,9155.9509393913,10016.25,1720.5981212173974,85.00140707557719,83.53606992778634,87.93208137115889,-9.191176470588236,80.57415855837347,94.3068560337818,28202.0,2949775,39253.55,1324.0,2.73237576357932
2023-05-08,10593.0,10429.0,10076.25,10050.083333333334,10216.712469658396,262.85714285714283,79.15690866510539,231.0699972023267,141.22345692281854,89.84654027950816,10970.741181445746,9181.758818554254,10076.25,1788.9823628914928,83.50970998020935,83.52728327859401,83.47456338344003,-13.074204946996469,83.07986512634052,94.35648997712858,29385.9,2998701,39778.25,231.0,0.4640417838489341
2023-05-09,10695.0,10462.5,10133.0,10052.833333333334,10264.168424929025,265.0,76.7605633802817,240.5404297841324,161.0868514950813,79.45357828905105,11038.872071832617,9227.127928167383,10133.0,1811.7441436652296,80.39841471208096,82.48432708975633,76.22658995673021,-17.216117216117215,65.46312977242432,84.27526795345052,30212.6,2965291,40387.15,562.0,1.1237527743896305
2023-05-10,10715.0,10531.0,10185.5,10059.916666666666,10309.96190826912,268.92857142857144,75.79462102689487,247.6122452851614,178.3919302530973,69.2203150320641,11106.077050150152,9264.922949849848,10185.5,1841.154100300304,78.22739324754443,81.06534914235237,72.55148145792853,-21.57894736842105,61.317474525846215,72.2350516519669,30385.15,2994815,41136.0,1563.0,3.0905819310699467
2023-05-11,10693.0,10562.0,10227.75,10064.916666666666,10334.251250338726,245.3571428571429,60.64139941690962,235.97207514738875,189.9079592319556,46.06411591543315,11135.850823291752,9319.649176708248,10227.75,1816.201646583504,69.13673350260925,77.08914392910467,53.23191264961841,-40.526315789473685,43.89879708028315,0.0,31181.6,2960482,41855.95,-1606.0,-3.080405094368577
2023-05-12,10679.0,10592.5,10282.5,10069.083333333334,10360.036845544562,241.78571428571428,58.96656534954408,227.35402646226797,197.39717267801808,29.95685378424986,11138.964581256789,9426.035418743211,10282.5,1712.9291625135777,64.77480747307708,72.9843651104288,48.35569219837362,-36.31578947368421,35.47179577661255,0.0,31125.3,2984882,42753.3,159.0,0.3146645557094762
2023-05-15,10685.0,10639.0,10350.5,10075.5,10401.461907873652,248.57142857142856,61.756373937677054,233.16776009686328,204.5512901617871,28.616469935076168,11136.72281561239,9564.27718438761,10350.5,1572.4456312247785,69.43891274460846,71.80254765515535,64.71164292351469,-16.31578947368421,50.968567642709,13.81753913011864,32384.5,3028750,43929.45,3187.0,6.28736017676419
2023-05-16,10677.0,10686.0,10408.25,10080.583333333334,10427.513154742828,235.3571428571429,69.6485623003195,225.4928475872512,208.73960164687995,16.753245940371215,11101.839253543894,9714.660746456106,10408.25,1387.1785070877886,60.12239573044819,67.90916368025296,44.54885983083864,-30.21978021978022,42.98491862269997,52.90646515427244,33114.35,2997570,45286.45,-429.0,-0.7962729230083898
2023-05-17,10660.0,10687.5,10462.5,10084.666666666666,10449.654759053035,226.42857142857144,64.62093862815885,215.71343923827044,210.1343691651581,5.579070073112376,11042.023397647628,9882.976602352372,10462.5,1159.0467952952567,52.84755460044064,62.88862732031552,32.765409160690865,-36.94267515923567,30.249753131819617,28.005334977423484,33041.65,2977628,46890.9,-247.0,-0.4621400639886253
2023-05-18,10659.0,10676.0,10506.0,10088.833333333334,10460.163829619414,235.3571428571429,59.02777777777777,197.61602883108208,207.63070109834288,-10.014672267260806,10957.93851468162,10054.06148531838,10506.0,903.8770293632406,40.90546193220865,55.560905524279896,11.594574748066163,-49.681528662420384,23.963465691028244,0.3031767577053368,34165.2,2945714,48531.2,-1472.0,-2.7669172932330843
2023-05-19,10605.0,10642.0,10512.75,10089.75,10448.243464893756,240.3571428571429,50.15290519877676,163.23639356811873,198.75183959229804,-35.51544602417931,10949.212755389395,10076.287244610605,10512.75,872.9255107787903,28.516413873808887,46.546074974122895,-7.542908326819131,-78.34394904458598,-26.467777654411343,0.0,35068.9,2907833,48963.5,-1529.0,-2.955845963501391
2023-05-22,10529.0,10607.0,10518.0,10089.583333333334,10445.07742061816,242.14285714285717,56.60377358490567,140.822304475274,187.16593256889325,-46.34362809361926,10946.650268437545,10089.349731562455,10518.0,857.3005368750855,30.539764637677106,41.21063819530763,9.198017522416038,-69.93464052287581,-42.13566747784736,22.24130332082556,34923.35,2946856,49037.9,-2313.0,-4.607661507201344
2023-05-23,10472.0,10574.5,10518.5,10089.333333333334,10439.83195198786,222.14285714285717,39.14893617021277,119.66229388144892,173.6652048314044,-54.00291094995546,10946.495327077291,10090.504672922709,10518.5,855.9906541545861,30.63553231484238,37.685602901819216,16.535391140888706,-73.20261437908496,-35.95524442600976,0.0,34669.05,2923550,49072.25,340.0,0.7100196299544725
2023-05-24,10358.0,10509.0,10520.0,10083.5,10406.51462322711,226.07142857142856,29.75778546712803,77.7886412067237,154.48989210646826,-76.70125089974457,10941.388681685485,10098.611318314515,10520.0,842.7773633709658,20.423688209894923,31.93163133784445,-2.5921980460041283,-100.0,-83.88648951867776,0.0,34527.5,2887498,49370.85,1159.0,2.40326794675072
2023-05-25,10266.0,10462.5,10512.25,10073.666666666666,10377.322754348335,225.7142857142857,30.24054982817869,44.89288892645163,132.57049147046496,-87.67760254401333,10959.09243072333,10065.40756927667,10512.25,893.6848614466617,19.77521242978502,27.87949170182464,3.566653885705783,-83.33333333333333,-106.37696180795535,0.9772731372495742,34568.6,2919602,49581.1,-1332.0,-2.697175255644424
2023-05-26,10210.0,10407.5,10500.0,10065.083333333334,10346.625349172306,216.78571428571428,24.822695035460995,15.018520172090575,109.06009721079008,-94.04157703869951,10983.28916918614,10016.71083081386,10500.0,966.578338372281,17.83896843549914,24.53265061304948,4.451604080398468,-86.41304347826087,-96.41910337696709,0.0,34240.45,2900449,49784.95,340.0,0.7075520779139755
2023-05-29,10142.0,10335.5,10487.25,10061.583333333334,10320.756268298752,212.5,26.811594202898547,-6.96303392516711,85.85547098359865,-92.81850490876576,11001.86252669516,9972.63747330484,10487.25,1029.225053390321,17.715938796356856,22.2604133408186,8.626989707433367,-84.23913043478261,-83.76265279446541,3.9019501985696943,33921.35,2921853,49953.8,243.0,0.5021387390738319
2023-05-30,10080.0,10276.0,10481.0,10057.5,10297.827099889348,207.8571428571429,25.461254612546128,-23.70683803071006,63.94300918073692,-87.64984721144697,11012.795370221924,9949.204629778076,10481.0,1063.5907404438476,17.83472224978007,20.78518297713909,11.933800795062028,-83.69565217391305,-78.05627154246554,1.424533681216102,33411.35,2938318,50149.5,-749.0,-1.5400115141047777
2023-05-31,10058.0,10208.0,10447.75,10051.416666666666,10267.55785228084,200.0,27.058823529411768,-44.53224765151208,42.24795781428712,-86.7802054657992,11018.12822169984,9877.37177830016,10447.75,1140.7564433996813,14.514486749197214,18.694950901158467,6.1535584452747045,-94.56521739130434,-79.81375205743001,4.98847792668096,31602.75,2915361,50033.8,-302.0,-0.630651324994258
2023-06-01,10065.0,10165.5,10420.75,10049.666666666666,10254.93329492076,204.28571428571428,33.093525179856115,-47.97628940397408,24.20310837063488,-72.17939777460896,10996.928654676882,9844.571345323118,10420.75,1152.3573093537634,22.569406260471094,19.986436020929343,27.735346739554608,-77.71739130434783,-58.172004007986345,18.451020915057867,30465.35,2942099,50008.4,363.0,0.7628454344856594
2023-06-02,10072.0,10141.0,10391.5,10046.916666666666,10239.225362071164,192.5,21.686746987951807,-53.71761796326609,8.618963103854686,-62.336581067120775,10972.706549026743,9810.293450973257,10391.5,1162.41309805349,25.10916392207507,21.69401198797792,31.939467790269376,-82.12290502793296,-52.30623388331987,0.0,29698.35,2920712,49940.25,469.0,0.9781429882372628
2023-06-05,10071.0,10106.5,10356.75,10043.166666666666,10223.10866092153,188.57142857142856,23.58078602620087,-59.19908486341228,-4.944646489598707,-54.25443837381357,10926.932565407553,9786.567434592447,10356.75,1140.365130815102,27.34550322077732,23.57784239891105,34.880824864509854,-83.13253012048193,-50.04812928573343,4.411493417929711,28498.75,2895778,49864.85,86.0,0.1776235619720401
2023-06-06,10086.0,10083.0,10328.75,10042.083333333334,10216.622121786148,187.5,29.21810699588478,-56.03842121124035,-15.163401433927037,-40.87501977731331,10879.528157652758,9777.971842347242,10328.75,1101.5563153055157,48.23033548051821,31.7953400927801,81.10032625599443,-72.89156626506023,-36.92408955889593,20.169127227159965,28031.65,2919846,49758.45,-58.0,-0.1195802321505845
2023-06-07,10113.0,10085.5,10297.25,10043.083333333334,10206.94382447318,178.21428571428572,30.735930735930737,-56.11438648419789,-23.35359844398121,-32.76078804021668,10819.09364466158,9775.40635533842,10297.25,1043.687289323163,52.84321215942593,38.81129744832872,80.90704158162035,-70.86614173228347,-28.34510794345797,25.916249549062048,27694.75,2897060,49566.55,-147.0,-0.3034368871916659
2023-06-08,10106.0,10085.5,10274.0,10047.75,10196.758698332878,167.5,37.56613756613756,-56.73100444466945,-30.02907964411886,-26.701924800550596,10786.974812144548,9761.025187855452,10274.0,1025.9496242890964,54.19432534766327,43.93897341477357,74.70502921344267,-67.9245283018868,-33.64059386725122,45.47749944885359,26758.6,2881450,49450.05,-98.0,-0.2029069526688465
2023-06-09,10119.0,10095.5,10251.5,10052.5,10192.781679444031,156.78571428571428,35.8695652173913,-52.18013812373283,-34.45929134004165,-17.72084678369118,10742.343527431149,9760.656472568851,10251.5,981.6870548622936,61.4169065536146,49.76495112772057,84.72081740540266,-57.54716981132076,-22.550464699813965,81.22016135208963,26315.9,2896996,49258.15,-1349.0,-2.79875518672199
2023-06-12,10162.0,10116.5,10226.0,10059.333333333334,10201.56437663984,163.21428571428572,44.8780487804878,-37.64962874837147,-35.097358821707616,-2.552269926663854,10645.806973187488,9806.193026812512,10226.0,839.6139463749751,68.72238214685417,56.0840948007651,93.99895683903232,-19.318181818181817,3.511997895232827,100.0,25788.3,2930312,49017.9,2220.0,4.73842607414996
2023-06-13,10173.0,10129.5,10202.75,10064.75,10202.367769340806,148.92857142857142,57.49999999999999,-31.819176915840217,-34.441722440534136,2.622545524693919,10565.480507474393,9840.019492525607,10202.75,725.4610149487853,67.64031825663295,59.93616928605438,83.0486161977901,-34.11764705882353,8.254838883087926,100.0,25069.5,2913508,48800.5,28.0,0.0570601781092694
2023-06-14,10200.0,10156.5,10182.25,10072.333333333334,10206.904172260727,144.64285714285714,59.036144578313255,-23.69766420470296,-32.2929107933679,8.595246588664942,10475.946495687209,9888.553504312791,10182.25,587.3929913744141,68.96741937829584,62.9465859834682,81.00908616795112,-25.0,27.69693839526344,100.0,24920.85,2930477,48620.15,494.0,1.006130471089017
2023-06-15,10218.0,10162.0,10163.75,10079.583333333334,10205.29425109304,143.57142857142858,57.98816568047337,-21.850921605322583,-30.20451295575884,8.353591350436258,10397.818703364494,9929.681296635506,10163.75,468.1374067289871,64.44674805399903,63.44664000697847,66.44696414804014,-39.285714285714285,16.075741950924836,97.19412101546096,24336.65,2910247,48444.75,-1373.0,-2.7685358820801365
2023-06-16,10240.0,10179.5,10160.25,10089.083333333334,10210.980512893704,147.5,60.55555555555556,-14.172124165863352,-26.998035197779743,12.825911031916393,10385.462764899512,9935.037235100488,10160.25,450.42552979902393,63.737445562569405,63.54357519217545,64.12518630335731,-28.26086956521739,61.51284167345185,100.0,23836.65,2938128,48423.7,1558.0,3.2310244711737823
2023-06-19,10226.0,10194.0,10150.25,10099.083333333334,10211.363321189545,146.78571428571428,57.14285714285714,-11.983070625936309,-23.99504228341106,12.011971657474753,10343.299625471624,9957.200374528376,10150.25,386.0992509432508,58.43365936055352,61.84026991496815,51.620438251724266,-39.130434782608695,46.02477888902927,91.21995621048488,22646.3,2922912,48477.95,-807.0,-1.621198119651257
2023-06-20,10210.0,10191.5,10137.25,10107.083333333334,10203.614433457204,146.78571428571428,58.064516129032256,-16.91206775988394,-22.57844737870564,5.666379618821697,10293.908361108692,9980.591638891308,10137.25,313.31672221738336,46.6852415060695,56.7885937786686,26.47853696087131,-57.60869565217392,11.704515996998207,93.59116083481004,22633.7,2899858,48491.65,-471.0,-0.9617937146474408
2023-06-21,10214.0,10207.0,10146.25,10120.416666666666,10209.936868366043,144.64285714285714,57.377049180327866,-9.41299636614167,-19.945357176192843,10.532360810051172,10311.90261686337,9980.59738313663,10146.25,331.30523372674,51.43599433737967,55.00439396490562,44.29919508232776,-30.48780487804878,58.33210500094293,91.8224754183052,22295.45,2929145,48365.4,-1640.0,-3.381443298969067
2023-06-26,10204.0,10211.0,10148.25,10130.916666666666,10203.276214235944,147.85714285714286,52.5,-13.8007552871004,-18.71643679837436,4.915681511273956,10312.511505244722,9983.988494755278,10148.25,328.52301048944355,41.06149622491978,50.35676138491034,22.47096590493865,-62.19512195121951,17.271987552875107,78.21337182599568,21576.85,2911413,48254.5,-1025.0,-2.187366623986342
2023-06-27,10170.0,10205.0,10150.25,10139.916666666666,10192.96419383252,145.0,51.21951219512195,-20.67092817061712,-19.10733507282291,-1.5635930977942074,10310.65983694734,9989.84016305266,10150.25,320.819673894679,34.73363817592055,45.14905364858041,13.902807230600814,-77.92207792207792,-41.51823661449779,70.20802972310746,21622.5,2891347,48143.5,338.0,0.7374277299007304
2023-06-28,10142.0,10184.0,10150.25,10147.666666666666,10181.729508705614,145.71428571428572,45.83333333333333,-27.413417715588366,-20.768551601376004,-6.644866114212363,10310.65983694734,9989.84016305266,10150.25,320.819673894679,28.78346441165266,39.69385723627117,6.962678762415649,-83.11688311688312,-44.33239739948971,50.62908299056374,21311.55,2876162,48053.35,660.0,1.4294067961795776
2023-06-29,10139.0,10174.5,10152.0,10157.916666666666,10175.374317400318,147.85714285714286,50.0,-29.192708182838032,-22.453382917668414,-6.739325265169619,10309.927365049814,9994.072634950186,10152.0,315.8547300996288,28.2798853653442,35.889199945962176,13.061256204108249,-72.72727272727273,-8.856687821789178,57.24070450097848,21456.2,2895520,47958.35,-846.0,-1.806418551021716
2023-06-30,10110.0,10162.0,10159.25,10170.416666666666,10170.57676336219,148.57142857142858,51.30890052356021,-29.456337942843675,-23.853973922703467,-5.602364020140207,10295.796695309691,10022.703304690309,10159.25,273.0933906193859,28.809966866939423,33.52945558628792,19.370989428242424,-70.12987012987013,-18.56713204259593,62.542904273521806,21101.55,2911384,47840.05,-768.0,-1.67003718442168
2023-07-03,10166.0,10185.0,10173.5,10185.5,10194.331357327696,162.5,61.087866108786606,-5.794437179969464,-20.242066574156667,14.447629394187205,10352.32952776317,9994.67047223683,10173.5,357.6590555263392,52.53997791129295,39.8662963612896,77.88734101129964,-0.0,103.14481413705197,100.0,21690.15,2949894,47766.45,1257.0,2.779804949246989
2023-07-04,10230.0,10200.0,10189.75,10199.166666666666,10215.347418534582,153.21428571428572,56.07476635514019,12.411262132025511,-13.711400832920232,26.122662964945743,10393.9035799601,9985.5964200399,10189.75,408.3071599201976,65.36373059254736,48.36544110504218,99.36030956755768,-8.98876404494382,115.3386326883877,67.13698264352476,22043.8,2921434,47630.35,-781.0,-1.680437214906616
2023-07-05,10329.0,10235.5,10214.75,10215.916666666666,10249.123854864622,164.64285714285714,65.65217391304347,38.89822014419224,-3.189476637497739,42.08769678168998,10472.564192578173,9956.935807421827,10214.75,515.6283851563458,73.2054500246612,56.64544407824852,106.32546191748656,-11.11111111111111,141.89749990163568,100.0,22860.55,2962703,47569.15,1584.0,3.46646241383084
2023-07-06,10425.0,10282.0,10236.75,10232.833333333334,10282.06444011561,165.35714285714286,65.19823788546256,61.20112775891903,9.688644241785616,51.51248351713341,10543.537685884758,9929.962314115242,10236.75,613.5753717695152,77.90811096171443,63.73299970607049,106.2583334730023,-12.686567164179104,130.15314682024453,97.709573242919,23144.5,2992450,47413.35,-1950.0,-4.124452716851035
2023-07-07,10506.0,10308.0,10257.5,10246.75,10305.67735058079,171.78571428571428,64.91228070175438,72.79228184158092,22.30937176174468,50.48291007983624,10585.050719254605,9929.949280745395,10257.5,655.1014385092094,77.8093874073121,68.42512893981768,96.57790434230094,-22.388059701492537,88.24964279762025,96.266717983258,23223.5,2968084,47220.45,-889.0,-1.961216881025396
2023-07-10,10540.0,10353.0,10282.0,10261.25,10332.755698144523,170.71428571428572,64.44444444444444,85.8304534807994,35.01358810555563,50.81686537524378,10632.449335627996,9931.550664372004,10282.0,700.8986712559927,79.01578208106521,71.95534665356686,93.13665293606192,-18.309859154929576,101.44223886920018,93.90615478366853,23653.9,2992302,46983.5,-979.0,-2.202970297029705
2023-07-11,10572.0,10401.0,10303.0,10279.0,10355.826584035522,173.92857142857142,66.5137614678899,93.87083919835275,46.78503832411506,47.08580087423771,10671.287645019056,9934.712354980944,10303.0,736.5752900381121,78.45843805404347,74.12304378705906,87.12922658801227,-20.422535211267604,79.75946606773356,100.0,23624.15,2977351,46802.85,-223.0,-0.5131037021697593
2023-07-12,10555.0,10442.0,10313.0,10296.5,10368.128814127378,174.28571428571428,66.21004566210046,91.92104636511796,55.812239932315634,36.10880643280231,10689.98806347151,9936.01193652849,10313.0,753.9761269430201,73.30300069744631,73.84969609052148,72.20960991129598,-33.098591549295776,51.980885679342926,98.5313853087889,22937.95,2957759,46524.45,265.0,0.6128868125260256
2023-07-13,10538.0,10481.5,10328.0,10313.0,10381.640355639058,172.14285714285714,62.24489795918368,91.3401995998738,62.91783186582728,28.42236773404653,10711.548528460493,9944.451471539507,10328.0,767.0970569209858,69.81261993399076,72.50400403834456,64.42985172528316,-29.5774647887324,60.35009147698695,79.35795390244824,23537.95,2986563,46266.9,445.0,1.0229179596809468
2023-07-14,10540.0,10523.0,10342.5,10329.083333333334,10396.722226530575,170.71428571428572,72.72727272727273,92.23736866300352,68.78173922526253,23.45562943774098,10735.444351222784,9949.555648777216,10342.5,785.8887024455653,65.41724863069264,70.14175223579392,55.96824142049008,-25.35211267605634,45.86345418805986,100.0,23857.5,3009923,45958.55,-522.0,-1.187767361427139
2023-07-17,10691.0,10615.5,10400.25,10356.666666666666,10487.034395432423,232.14285714285717,88.10975609756098,156.10566500975256,86.24652438216054,69.85914062759201,10989.357040581894,9811.142959418106,10400.25,1178.2140811637871,71.58251357988205,70.62200601715662,73.50352870533288,-12.251655629139073,144.91492433590005,100.0,35291.95,3258842,46355.35,12730.0,29.31423571132501
2023-07-18,10836.0,10704.0,10452.0,10375.0,10564.459691105529,255.7142857142857,86.78678678678679,200.77620300210947,109.15246010615031,91.62374289595914,11160.767648067664,9743.232351932336,10452.0,1417.5352961353274,72.17522763248968,71.13974655560096,74.24618978626711,-21.035598705501616,136.6222788526354,96.52852852852854,45083.5,3035130,46554.45,-2396.0,-4.266685661371894
2023-07-19,10995.0,10775.0,10505.25,10391.166666666666,10632.606387190714,260.0,85.41033434650456,231.89099826105485,133.70016773713124,98.1908305239236,11294.503311347937,9715.996688652063,10505.25,1578.5066226958734,72.0239222467964,71.43447178599945,73.2028231683903,-22.4025974025974,107.34002389679192,92.66478534547028,49064.05,2940303,46785.8,-162.0,-0.301339285714286
2023-07-20,11144.0,10841.0,10561.5,10405.75,10691.881969363028,272.85714285714283,84.03614457831326,251.6317524011247,157.28648466992993,94.34526773119477,11397.140945307065,9725.859054692935,10561.5,1671.2818906141256,70.94140526720322,71.27011627973404,70.2839832421416,-25.170068027210885,89.62846132612599,87.2838681953644,52661.4,2845302,46868.7,-3440.0,-6.4181499309675765
2023-07-21,11222.0,10881.0,10594.5,10420.25,10714.55987704274,284.6428571428572,65.0887573964497,238.3046309735328,173.4901139306505,64.81451704288227,11433.791054214336,9755.208945785664,10594.5,1678.582108428669,61.077673834956855,67.87263546480831,47.48775057525396,-52.65151515151515,52.59935223139812,28.13795513526624,55938.4,2750475,46939.05,-1891.0,-3.770086526576022
2023-07-24,11156.0,10923.5,10638.25,10432.916666666666,10743.173222086289,284.6428571428572,66.94915254237287,231.92805856190532,185.17770285690148,46.75035570500387,11468.964815844256,9807.535184155744,10638.25,1661.429631688512,56.89285147365619,64.21270746775761,42.25313948545335,-48.99598393574297,44.914405237281855,18.187822867697083,57155.15,2792542,47053.35,-146.0,-0.3024840988667177
2023-07-25,11130.0,10983.0,10692.0,10447.416666666666,10783.823391411404,288.92857142857144,66.94915254237287,236.6537860620629,195.47291949793376,41.180866564129104,11513.77855898046,9870.22144101954,10692.0,1643.5571179609178,58.35409956399775,62.25983816650432,50.5426223589846,-37.29508196721312,49.34481977862675,18.187822867697083,59472.9,2858963,47000.2,-3011.0,-6.257143450884229
2023-07-26,11108.0,11051.5,10746.75,10461.416666666666,10820.602116038888,302.1428571428572,66.4756446991404,237.6593698748693,203.91020957332088,33.74916030154844,11540.888228720789,9952.611771279211,10746.75,1588.2764574415742,59.32826495755879,61.28264709685581,55.41950067896474,-37.29508196721312,54.66723579329984,16.357123311182235,61920.0,2858963,46792.7,-2427.0,-5.380181777876302
2023-07-27,11103.0,11123.5,10802.5,10478.5,10859.592390701851,301.42857142857144,70.11494252873563,240.52517633931893,211.2332029265205,29.291973412798427,11565.854784039366,10039.145215960634,10802.5,1526.7095680787315,60.58021402155009,61.048502738420574,59.64363658780913,-33.333333333333336,58.93734806511499,30.42755745052657,63598.45,2911890,46460.25,-3345.0,-7.836843708267926
2023-07-28,11152.0,11187.0,10855.0,10487.333333333334,10889.631210635009,304.6428571428572,66.85878962536023,235.64197426628925,216.11495719447427,19.52701707181498,11564.707130108129,10145.292869891871,10855.0,1419.4142602162538,53.852593012159225,58.64986616300013,44.25804671047743,-37.9746835443038,44.98167787676608,17.838457266968877,64661.6,2874763,46077.1,-1782.0,-4.529971020387413
2023-07-31,11234.0,11195.0,10905.25,10499.833333333334,10940.618714384056,342.1428571428572,71.57360406091371,249.0737450151555,222.70671475861053,26.36703025654498,11627.479552369456,10183.020447630544,10905.25,1444.459104738915,54.97389362322642,57.42454198307556,50.072596903528165,-29.642857142857142,79.18005302131915,36.06710716069404,69365.45,3007350,45498.35,-2655.0,-7.069442965172012
2023-08-01,11312.0,11221.0,10962.5,10514.583333333334,10999.607408252245,347.1428571428572,76.67493796526054,267.5279956586819,231.6709709386248,35.8570247200571,11702.411089964618,10222.588910035382,10962.5,1479.8221799292369,60.360602621669855,58.403228862606994,64.27535013979559,-20.14388489208633,77.23950842440551,55.79013783441602,70183.25,3052166,44822.55,-2722.0,-7.799203461218873
2023-08-02,11390.0,11249.0,11012.0,10527.833333333334,11052.97813127584,344.2857142857143,76.3819095477387,278.93770205279725,241.1243171614593,37.81338489133796,11773.497140333988,10250.502859666012,11012.0,1522.9942806679755,63.95174195396547,60.25273322639315,71.3497594091101,-20.14388489208633,70.62311408460721,49.05587415173199,69408.3,3052166,44014.4,-1063.0,-3.303396625128185
2023-08-03,11381.0,11242.0,11041.5,10535.666666666666,11065.551642582905,370.0,63.81156316916488,254.78362356325303,243.8561784418181,10.927445121435,11780.354732535072,10302.645267464928,11041.5,1477.7094650701438,52.74087761470039,57.748781355828896,42.72507013244336,-50.97276264591439,27.110484094816258,0.0,70303.85,3004508,43127.9,-3517.0,-11.302866692376911
2023-08-04,11403.0,11277.5,11079.25,10544.666666666666,11086.451486146436,315.7142857142857,48.15950920245399,240.9331788940872,243.27157853227192,-2.33839963818474,11784.450792607848,10374.049207392152,11079.25,1410.4015852156954,48.81306734597048,54.77021001920942,36.89878199949258,-57.21649484536083,30.334380432461728,0.0,70520.5,3033207,42151.3,-2691.0,-9.750353273669331
2023-08-07,11354.0,11294.0,11108.75,10554.916666666666,11095.360868418204,306.07142857142856,46.44970414201183,218.95994527700168,238.40925188121787,-19.44930660421619,11776.124076432952,10441.375923567048,11108.75,1334.7481528659046,39.20871156398032,49.58304386746639,18.46004695700817,-68.04123711340206,14.35258333319913,0.0,70508.05,3009238,41128.55,-1902.0,-7.636100851132166
2023-08-08,11766.0,11539.0,11261.0,10605.166666666666,11335.802690473613,468.9285714285714,78.46715328467153,393.8930534655865,269.5060121980916,124.38704126749492,12532.01120124262,9989.98879875738,11261.0,2542.02240248524,58.83267911047184,52.66625561513487,71.16552610114579,-1.7857142857142858,184.4514661654236,85.18350972053439,72561.7,3065262,41272.9,23119.0,100.49117621490046
2023-08-09,12144.0,11767.0,11409.25,10649.416666666666,11537.154815190412,465.0,75.79318448883666,512.8988441721358,318.18457859290044,194.71426557923536,12960.036812183447,9858.463187816553,11409.25,3101.573624366898,69.74002023871508,58.35751048966161,92.505039736822,-7.857142857142857,135.68913822518178,91.64840152030692,73470.15,3027501,41443.6,792.0,1.7170731707317088
2023-08-10,12599.0,11990.0,11556.75,10695.833333333334,11720.28292802942,448.2142857142857,82.10659898477158,601.089719008638,374.765606676048,226.32411233259,13297.001872272334,9816.498127727666,11556.75,3480.5037445446687,77.12918497609907,64.61473531847409,102.15808429134904,-7.581227436823105,110.68016720009425,100.0,73523.6,3057374,41587.15,-98.0,-0.2088795106251484
2023-08-11,13057.0,12230.0,11708.5,10744.416666666666,11896.922649169475,454.6428571428572,82.24181360201511,672.5088976525258,434.31426487134354,238.19463278118224,13598.3206542588,9818.6793457412,11708.5,3779.641308517599,83.53249454411743,70.9206550603552,108.75617351164188,-3.4296028880866425,96.43105910497556,100.0,74137.35,3093009,41741.65,-303.0,-0.6471731561972671
2023-08-14,13462.0,12408.0,11801.5,10788.5,12021.501444486668,469.6428571428572,74.31302270011948,691.2845060185045,485.7083131007758,205.57619291772875,13796.158920849955,9806.841079150045,11801.5,3989.3178416999135,83.04863798124207,74.96331603398416,99.2192818757579,-17.51412429378531,72.51413825580323,77.84765686762373,64802.2,3030793,41397.6,2759.0,5.931292458508897
2023-08-15,13338.0,12552.0,11886.5,10832.916666666666,12114.691783106986,464.6428571428572,70.84282460136674,681.7635780315231,524.9193660869253,156.84421194459787,13935.327906260964,9837.672093739036,11886.5,4097.655812521927,80.0927978320676,76.67314330001197,86.93210689617885,-25.719769673704416,57.04677664946915,68.15222915713746,55602.1,2991083,41279.9,2131.0,4.324708269913757
2023-08-16,13210.0,12677.0,11963.0,10872.833333333334,12180.911613287271,465.7142857142857,67.47787610619469,651.3780808561787,550.2111090407759,101.1669718154028,14030.646513614733,9895.353486385267,11963.0,4135.293027229465,75.660320819834,76.33553580661932,74.30989084626336,-33.01343570057582,43.56198206591935,58.75085956495877,53282.4,2942650,41332.4,3242.0,6.306656810489053
2023-08-17,13151.0,12875.0,12058.5,10919.083333333334,12274.634316783722,481.07142857142856,70.64315352697096,648.4677559369647,569.8624384200137,78.605317516951,14164.539185920235,9952.460814079765,12058.5,4212.078371840475,77.27419071386616,76.6484207757016,78.52573059019528,-19.460500963391137,47.059519940546615,67.5943657693455,51415.75,3000318,41502.6,-1086.0,-1.9872639437856776
2023-08-18,13049.0,13053.0,12165.25,10968.666666666666,12349.907238994796,446.7857142857143,67.55888650963598,630.8204329269029,582.0540373213917,48.76639560551121,14246.735994996943,10083.764005003057,12165.25,4162.97198999389,62.44205306850337,71.91296487330219,43.50022945890575,-23.314065510597302,45.69680222213408,58.9771954939205,48390.35,2965999,41690.3,-1541.0,-2.877039692319183
2023-08-21,13048.0,13255.0,12274.5,11020.333333333334,12430.868454328624,444.2857142857143,67.55888650963598,620.5745766321033,589.758145183534,30.816431448569347,14331.001628340817,10217.998371659183,12274.5,4113.00325668163,57.91591416688104,67.24728130449513,39.25317989165285,-18.11175337186898,42.86431631122175,58.9771954939205,47995.75,3000174,41777.3,-2160.0,-4.152169316237675
2023-08-22,13091.0,13214.5,12376.75,11073.0,12505.547649154472,458.57142857142856,67.66275346851654,606.6717025933613,593.1408566654995,13.53084592786172,14405.190611846812,10348.309388153188,12376.75,4056.8812236936246,56.16485007575106,63.55313756158044,41.38827510409229,-17.533718689788053,45.42039506196349,59.26739062476807,47689.5,3060470,41999.8,-301.0,-0.6036782254667972
2023-08-23,13188.0,13199.0,12483.0,11126.666666666666,12580.733587330236,442.5,74.03189066059225,595.2472662086693,593.5621385741335,1.6851276345357746,14467.43257168868,10498.56742831132,12483.0,3968.8651433773593,58.27656671716738,61.79428061344275,51.24113892461662,-14.47876447876448,38.80850891094448,77.06219872120913,46002.05,3090848,42384.25,812.0,1.638418079096038
2023-08-24,13215.0,13183.0,12586.5,11180.333333333334,12649.235150441642,441.07142857142856,73.45750873108265,579.9119127311042,590.8320934055278,-10.920180674423593,14510.782778212784,10662.217221787216,12586.5,3848.565556425569,62.25060297700783,61.94638806796445,62.859032795094606,-14.285714285714286,37.1792392472917,75.45742622197588,45315.6,3130046,43032.15,1924.0,3.81958230763122
2023-08-25,13249.0,13149.0,12689.5,11234.583333333334,12705.02227897101,437.8571428571428,74.14806110458284,556.1031666990384,583.8863080642299,-27.78314136519145,14513.587082408769,10865.412917591231,12689.5,3648.174164817534,62.03020330917519,61.97432648170136,62.141956964122855,-48.333333333333336,31.518172779338805,45.17890298761043,45137.2,3096487,43833.3,1283.0,2.453342511855583
2023-08-28,13228.0,13138.0,12773.0,11283.916666666666,12742.163014307103,293.57142857142856,36.57289002557545,519.944141554839,571.0978747623517,-51.15373320751269,14503.87565304842,11042.12434695158,12773.0,3461.7513060968377,55.70225474474815,59.88363590271696,47.33949242881053,-63.06818181818182,24.330153518477893,0.0,41851.3,3029618,44934.2,3340.0,6.233785624965016
2023-08-29,13237.0,13164.0,12858.0,11336.75,12791.480822468331,314.6428571428572,45.12820512820513,498.85152480021134,556.6486047699236,-57.797079969712286,14502.894493497028,11213.105506502972,12858.0,3289.7889869940554,58.76839058038398,59.511887461939295,57.28139681727333,-42.01183431952663,18.014884822346826,18.733340820503425,43657.45,3110557,46237.35,1323.0,2.3243556633110174
2023-08-30,13217.0,13202.5,12939.75,11388.833333333334,12829.91122032849,316.42857142857144,43.391521197007485,471.4558675161006,539.6100573191591,-68.15418980305844,14471.661344830716,11407.838655169284,12939.75,3063.8226896614324,56.21596409062636,58.41324633816832,51.82139959554243,-49.40476190476191,16.508780499854435,14.930571245059364,44493.6,3068064,47689.05,1908.0,3.275986401565878
2023-08-31,13186.0,13200.5,13037.75,11438.666666666666,12859.9196755353,320.35714285714283,38.91752577319588,440.63071303406105,519.8141884621396,-79.18347542807851,14328.851019326245,11746.648980673755,13037.75,2582.202038652485,52.045210628318806,56.29056776821848,43.55449634851945,-50.33112582781457,10.455615512629231,6.212579504793056,44140.35,3027471,49402.55,1719.0,2.857855361596018
2023-09-01,13201.0,13225.0,13139.0,11491.916666666666,12902.784468341462,304.6428571428572,53.02593659942362,424.6209115107104,500.7755330718537,-76.15462156114336,14135.301581904429,12142.698418095571,13139.0,1992.6031638088532,57.41285646826192,56.66466400156629,58.90924140165319,-28.47682119205298,15.422728831915856,43.78701706840721,45705.1,3087465,51102.1,-2970.0,-4.8004654996848135
2023-09-04,13285.0,13256.5,13255.75,11548.833333333334,12961.0907094518,316.42857142857144,64.84149855907782,423.5919113256259,485.3388087226082,-61.74689739698226,13652.052316818596,12859.447683181404,13255.75,792.6046336371946,62.904867275137576,58.74473175942339,71.22513830656595,-23.97959183673469,72.0752937721526,75.2321485750881,48794.9,3173230,53045.4,2973.0,5.047623898538167
2023-09-05,13362.0,13299.5,13257.0,11607.0,13026.224927599247,313.2142857142857,74.92537313432835,428.3288267210646,473.9368123222995,-45.60798560123487,13658.266416289856,12855.733583710144,13257.0,802.5328325797127,71.3810226278695,62.95682871557209,88.22941045246432,-10.714285714285714,95.85679993491333,100.0,48178.45,3216925,53893.35,1212.0,1.958882854926292
2023-09-06,13436.0,13326.5,13262.75,11661.666666666666,13077.53683925646,297.1428571428572,64.28571428571428,420.7770786494439,463.3048655877284,-42.52778693828452,13678.688697406238,12846.811302593762,13262.75,831.8773948124763,74.06882990006115,66.66082911040178,88.8848314793799,-20.55555555555556,85.09676886439159,72.25822688339608,47763.55,3187462,54660.05,-833.0,-1.320461606746559
2023-09-07,13473.0,13329.5,13256.25,11713.666666666666,13101.580949803463,313.92857142857144,58.63192182410424,391.3188477825115,448.90766202668505,-57.588814244173534,13663.17524853434,12849.32475146566,13256.25,813.8504970686809,67.15699771115187,66.82621864398514,67.81855584548535,-46.66666666666666,31.54660814005926,57.51656740445685,49100.35,3130853,55245.0,-3733.0,-5.996690816211792
2023-09-08,13473.0,13337.0,13243.0,11764.666666666666,13121.430383155515,314.2857142857143,53.87323943661972,362.1841216299872,431.56295394734553,-69.37883231735833,13622.562074529384,12863.437925470616,13243.0,759.1241490587709,61.808368844471616,65.1536020441473,55.11790244512025,-48.888888888888886,9.592111816010853,45.10881176060264,48766.25,3101900,55827.45,-353.0,-0.6032331932055102
2023-09-11,13457.0,13371.0,13254.5,11818.75,13151.294156188324,301.7857142857143,57.18954248366013,345.201824825248,414.29072812292605,-69.08890329767809,13643.045194824295,12865.954805175705,13254.5,777.0903896485943,59.430998893916325,63.24606766073698,51.80086136027501,-35.0,39.65864848249729,53.7557174580425,47308.75,3134966,56282.3,207.0,0.3558841227542242
2023-09-12,13385.0,13373.5,13268.75,11869.083333333334,13164.028046075153,305.35714285714283,49.6875,315.99687063549027,394.6319566254389,-78.63508598994866,13638.442261781403,12899.057738218597,13268.75,739.3845235628105,50.65184098922959,59.04799210356786,33.859538760553065,-51.66666666666666,22.295782919038487,34.19494361613186,47563.45,3090162,56754.75,2483.0,4.253751798807648
2023-09-13,13297.0,13366.5,13284.5,11917.583333333334,13160.31108930609,310.35714285714283,45.01424501424501,276.75085956789553,371.0557372139303,-94.30487764603475,13593.809928031653,12975.190071968347,13284.5,618.6198560633056,38.56241454076493,52.21946624930021,11.248311123694378,-69.44444444444444,-46.84060730033583,22.009930790486568,47625.35,3040491,57128.15,1261.0,2.0721386903294725
2023-09-14,13248.0,13360.5,13280.5,11966.833333333334,13153.13860461027,302.1428571428572,45.664739884393065,239.65782115803813,344.77615400275187,-105.11833284471372,13598.270191705957,12962.729808294043,13280.5,635.5403834119134,28.676312890190324,44.371748462930256,-2.714558255289546,-73.88888888888889,-61.70421683040174,23.706026629453497,45993.35,3015463,57632.3,1529.0,2.4615236010045782
2023-09-15,13264.0,13368.5,13296.75,12018.833333333334,13175.696832742626,295.35714285714283,57.78364116094987,232.195664897803,322.26005618176214,-90.06439128395914,13601.074532452823,12992.425467547177,13296.75,608.6490649056468,36.24717155642318,41.66355616076123,25.414402347747085,-40.0,5.795037073299553,52.394455015709774,47130.95,3072534,58015.35,-3963.0,-6.2267263728494
2023-09-18,13255.0,13356.0,13306.25,12073.0,13196.10665819571,271.07142857142856,53.757225433526,223.7031417321141,302.54867329183253,-78.84553155971844,13609.718978731978,13002.781021268022,13306.25,606.937957463957,41.29441066724509,41.54050766292252,40.80221667589024,-49.31506849315068,17.990761718561103,41.21240437257676,46992.05,3072534,58555.55,983.0,1.6470627659930903
2023-09-19,13279.0,13332.0,13315.75,12128.166666666666,13216.00126217707,267.5,56.25,215.6967131352667,285.1782812605194,-69.48156812525269,13619.087140905349,13012.412859094651,13315.75,606.6742818106941,48.567858477616944,43.88295793448732,57.9376595638762,-47.26027397260274,37.87957506589586,48.13526910668121,45950.75,3112004,59023.55,-1745.0,-2.876452649798067
2023-09-20,13359.0,13328.0,13327.25,12185.666666666666,13245.429713398302,261.7857142857143,60.85714285714285,216.53843758918995,271.45031252625347,-54.91187493706354,13644.39972389775,13010.10027610225,13327.25,634.2994477954999,62.984632924471896,50.25018293114884,88.453532911118,-30.82191780821918,49.54298839474147,52.96656742364854,46639.4,3156155,59546.35,1908.0,3.238289205702638
2023-09-21,13423.0,13335.5,13332.5,12240.5,13260.626883550844,272.5,52.785923753665685,205.1575842401071,258.1917668690242,-53.03418262891711,13651.222780055512,13013.777219944488,13332.5,637.445560111024,57.54531083853682,52.68189223361151,67.27214804838746,-53.333333333333336,63.35314102227439,25.982566448914728,50097.75,3047790,59996.2,465.0,0.7644505819688341
2023-09-22,13457.0,13360.5,13348.75,12297.75,13289.138608926953,256.7857142857143,51.3595166163142,206.2676554425052,247.8069445837204,-41.53928914121522,13679.456977947482,13018.043022052518,13348.75,661.4139558949646,60.18172237720636,55.18183561480979,70.1814959019995,-34.54545454545455,43.53144950524901,21.213748864954248,50265.9,3084712,60333.6,-966.0,-1.5760364152513362
2023-09-25,13508.0,13381.5,13376.25,12351.5,13323.030169981528,263.2142857142857,50.0,211.5673675760936,240.55902918219508,-28.991661606101477,13709.572587546088,13042.927412453912,13376.25,666.6451750921769,65.37367350399616,58.57911491120525,78.96279068957799,-24.24242424242424,88.77886217214905,25.871172122492094,50215.4,3150571,60577.9,1478.0,2.44998093722546
2023-09-26,13556.0,13417.5,13395.5,12405.333333333334,13353.69396331662,259.6428571428572,52.614379084967325,213.308539560232,235.10893125780248,-21.80039169757046,13744.647834772484,13046.352165227516,13395.5,698.2956695449684,68.5824490026641,61.9135596083582,81.92022779127592,-24.24242424242424,61.732588438205084,47.97186819032195,47719.55,3150571,60697.8,-1165.0,-1.884960763692256
2023-09-27,13549.0,13454.0,13410.25,12454.0,13366.675490619798,245.3571428571429,55.51724137931034,199.87716673230352,228.0625783527027,-28.18541162039918,13748.488081829944,13072.011918170056,13410.25,676.4761636598851,62.61978081659089,62.148966677769096,63.56140909423448,-43.03030303030303,34.010829208791,66.2946669808496,47035.0,3121769,60675.0,-946.0,-1.560026385224278
2023-09-28,13588.0,13505.5,13433.0,12504.083333333334,13388.896872465531,244.64285714285717,59.41558441558441,195.8511376878323,221.62029021972864,-25.76915253189634,13757.027289299103,13108.972710700897,13433.0,648.0545785982067,60.99939410761232,61.76577582105017,59.46663068073661,-29.696969696969692,44.00183925292707,90.90091689125754,46235.65,3146375,60493.3,-1459.0,-2.444131738533184
2023-10-09,13552.0,13504.5,13436.5,12551.583333333334,13388.049551278338,264.6428571428572,48.31804281345566,172.91506208104877,211.8792445919927,-38.96418251094394,13756.419397743604,13116.580602256396,13436.5,639.8387954872087,49.96858831980356,57.8333799873013,34.23900498480808,-56.36363636363637,-12.253113009590168,20.85349430370592,45279.9,3105496,60584.25,2483.0,4.263758907873272
2023-10-10,13349.0,13428.5,13392.25,12585.583333333334,13315.854355918496,299.2857142857143,35.34675615212528,93.14560042808807,188.13251575921177,-94.9869153311237,13871.563928553369,12912.936071446631,13392.25,958.6278571067342,34.50286840367857,50.0565427927604,3.395519625514908,-96.42857142857144,-137.53067799508528,0.0,46259.35,3000142,61093.95,11348.0,18.689680160743105
2023-10-11,13161.0,13358.5,13345.25,12621.083333333334,13257.677750592926,294.2857142857143,40.23255813953488,35.56957662103196,157.61992793157583,-122.05035131054387,13898.807632619746,12791.692367380254,13345.25,1107.115265239492,26.176515443722224,42.09653367641434,-5.663521021662007,-90.47619047619048,-131.90102701075068,19.152206683125755,46947.0,3057590,61793.75,5014.0,6.957511170316089
2023-10-12,13102.0,13325.5,13326.75,12666.25,13251.708441012646,327.85714285714283,52.11538461538462,29.143124047172023,131.92456715469507,-102.78144310752305,13874.081084252915,12779.418915747085,13326.75,1094.6621685058308,33.71767696248148,39.30358143843672,22.545868010570985,-51.58730158730159,-52.65489281640632,65.73255300736449,50759.65,3163306,62412.8,-2448.0,-3.1759211209133387
2023-10-13,13115.0,13351.5,13343.5,12718.833333333334,13291.069541868585,341.7857142857143,54.97287522603978,61.26891620101742,117.79343696395956,-56.52452076294213,13911.36859117414,12775.63140882586,13343.5,1135.7371823482829,51.27845130832098,43.29520472839815,67.24494446816664,-14.285714285714286,27.499582185277507,76.93383601297698,53294.65,3270615,63009.05,-4189.0,-5.6128738342801965
2023-10-16,13189.0,13370.5,13365.5,12772.333333333334,13334.777204547769,349.6428571428572,56.31578947368421,92.5211018919108,112.7389699495498,-20.217868057638995,13961.309047474631,12769.690952525369,13365.5,1191.6180949492664,64.52417587221399,50.37152844300343,92.82947073063512,-8.984375,67.8658592558619,82.19802217829408,56299.8,3359671,63536.05,-1738.0,-2.467243019178622
2023-10-17,13406.0,13377.5,13379.5,12811.833333333334,13370.988899352742,348.2142857142857,55.400696864111495,113.16003823786014,112.82318360721187,0.3368546306482614,13995.017753816375,12763.982246183625,13379.5,1231.0355076327503,72.44320058147599,57.72875248916095,101.87209676610608,-11.71875,61.84090575958589,78.61088482849951,57671.75,3299166,64055.65,59.0,0.0858743905101544
2023-10-18,13597.0,13379.0,13398.25,12851.166666666666,13398.513766081052,347.1428571428572,52.406417112299465,123.65310758881242,114.989168403532,8.663939185280427,14024.401780826003,12772.098219173997,13398.25,1252.30356165201,76.290258720984,63.91592123310196,101.03893369674806,-16.015625,41.06224141308971,70.87865172927367,58315.6,3241485,64420.15,-619.0,-0.9001803269152453
2023-10-19,13699.0,13400.5,13427.25,12891.583333333334,13427.70293121619,349.2857142857143,55.49450549450549,134.05476468612687,118.80228766005098,15.252477026075894,14053.840397561107,12800.659602438893,13427.25,1253.180795122218,76.9673985878821,68.26641368469535,94.36936839425562,-21.67832167832168,56.32762894420683,83.70889152492798,61867.65,3362197,64823.3,2034.0,2.984811798371112
2023-10-20,13712.0,13413.5,13459.5,12932.833333333334,13456.49312824322,343.57142857142856,53.26923076923077,142.6708234981379,123.57599482766835,19.09482867046954,14078.267025284107,12840.732974715893,13459.5,1237.534050568218,78.00157574856476,71.51146770598515,90.98179183372396,-19.93006993006993,43.2696623364849,74.46342805276927,62732.85,3404529,65089.2,-1216.0,-1.732712064862707
2023-10-23,13595.0,13392.0,13448.25,12970.083333333334,13428.731877934344,366.7857142857143,42.20779220779221,102.72419352466568,119.40563456706784,-16.681441042402156,14080.374862748857,12816.125137251143,13448.25,1264.2497254977134,65.0237506185175,69.34889534349594,56.3734611685606,-59.44055944055944,-24.246346282093125,28.505899749524712,64683.55,3308444,65384.55,-3374.0,-4.892478575468006
2023-10-24,13495.0,13450.5,13439.5,13006.75,13408.376460988216,370.0,43.13099041533546,74.24493421753323,110.37349449716092,-36.12856027962769,14079.81160177559,12799.18839822441,13439.5,1280.6232035511784,56.09047982032441,64.92942350243877,38.412592456095695,-55.94405594405595,-49.14785437528133,32.3415588744221,66233.5,3370840,65545.1,-1713.0,-2.611718428395005
2023-10-25,13458.0,13527.5,13443.0,13045.166666666666,13414.72155994172,380.0,49.76816074188562,71.82676884336979,102.6641493664027,-30.837380523032905,14083.282832241468,12802.717167758532,13443.0,1280.565664482936,52.45287487175604,60.77057395887786,35.817476697512404,-37.76223776223776,-0.7545914257160826,59.917352153177575,68114.15,3447923,65789.7,-64.0,-0.1001941261193573
2023-10-26,13394.0,13546.5,13436.0,13082.083333333334,13411.890935185364,381.07142857142856,46.65629860031104,61.93416897650786,94.51815328842372,-32.58398431191587,14075.568933776984,12796.431066223016,13436.0,1279.1378675539709,46.982119626855976,56.17442251487057,28.59751385082677,-44.05594405594405,-12.521379795969056,53.93449604831358,68642.4,3393207,66029.4,1810.0,2.836457092709832
2023-10-27,13322.0,13517.0,13434.25,13117.75,13407.901322310569,363.57142857142856,49.83388704318937,52.2811728531633,86.07075720137165,-33.78958434820835,14074.367382327564,12794.132617672436,13434.25,1280.234764655128,42.82733525039129,51.725393426710816,25.03121889775225,-45.10489510489511,-11.299320157117847,69.08821531686637,65859.7,3340496,66318.2,1447.0,2.2050531833836207
2023-10-30,13321.0,13458.0,13414.25,13150.833333333334,13384.291672566706,333.92857142857144,60.72874493927125,27.37035055876913,74.33067587285116,-46.96032531408203,14062.76469974818,12765.73530025182,13414.25,1297.0293994963613,32.95088001464327,45.46722228935497,7.918195465219853,-61.29032258064516,-29.524396441569365,100.0,67358.55,3273597,66923.95,5373.0,8.01115269349475
2023-10-31,13336.0,13415.5,13396.5,13181.916666666666,13375.31151327464,339.2857142857143,61.58415841584158,17.911782088134714,63.04689711590787,-45.13511502777315,14037.815260350082,12755.184739649918,13396.5,1282.6305207001642,30.76589970519365,40.56678142796787,11.164136259645218,-55.98455598455598,-23.718481134445216,100.0,67370.55,3339696,67404.8,-1020.0,-1.40802297010022
2023-11-01,13267.0,13362.5,13370.75,13208.083333333334,13351.948512010387,323.92857142857144,48.51936218678816,-2.4664328912895144,49.9442311144684,-52.41066400575791,14011.40981612709,12730.09018387291,13370.75,1281.3196322541808,29.759154716757237,36.96423919089766,15.348985768476382,-78.66666666666667,-46.68251249941956,32.57354816288507,71240.15,3231282,68207.4,5270.0,7.378678838453134
2023-11-02,13228.0,13311.0,13355.75,13235.25,13336.524844199874,295.35714285714283,36.69467787114846,-13.617838554468108,37.2318171806811,-50.849655735149206,13998.697775565995,12712.802224434005,13355.75,1285.895551131991,32.65994929835098,35.5294758933821,26.920896108288744,-73.33333333333333,-32.91479454103325,0.0,72530.4,3285889,69164.5,2144.0,2.795597976320874
2023-11-03,13352.0,13337.0,13375.25,13282.0,13398.760573323696,331.7857142857143,54.8,41.61815801773628,38.10908534809214,3.5090726696441408,14070.886588426669,12679.613411573331,13375.25,1391.273176853334,54.80633256526701,41.9550947840104,80.50880812778024,-2.2222222222222223,65.75509760350073,72.74286860402927,79798.05,3455848,70337.5,2859.0,3.626515804962205
2023-11-06,13519.0,13420.0,13406.0,13327.166666666666,13455.545280626202,355.0,55.66801619433198,84.81880310401903,47.45102889927752,37.36777420474151,14154.855969568176,12657.144030431824,13406.0,1497.7119391363522,60.533211938191045,48.14780050207061,85.30403481043192,-28.01302931596091,104.36100742565404,76.2303507665168,88817.55,3677117,71386.4,1.0,0.0012240651202644
2023-11-07,13648.0,13492.0,13471.25,13373.083333333334,13501.207634852277,366.4285714285714,55.55555555555556,112.9125415265571,60.54333142473344,52.36921010182367,14160.451483029836,12782.048516970164,13471.25,1378.4029660596716,63.04819992404919,53.1146003093968,82.91539915335396,-31.921824104234528,77.5108256839715,75.77851072680814,89455.1,3559012,71712.25,-3113.0,-3.810468076772422
2023-11-08,13816.0,13541.5,13534.5,13378.916666666666,13545.854526771109,350.0,55.37525354969575,136.42857542995262,75.72038022577728,60.70819520417534,14156.524707581702,12912.475292418298,13534.5,1244.0494151634048,65.48490201234115,57.23803421037825,81.97863761626697,-29.64169381107492,76.2564085838698,75.05410024529549,89790.45,3623167,71718.4,-1380.0,-1.7561050099894393
2023-11-09,13970.0,13599.0,13572.75,13387.416666666666,13585.296952792907,362.5,54.693877551020414,152.50035611859855,91.07637540434156,61.42398071425703,14200.925930770987,12944.574069229013,13572.75,1256.351861541978,66.89221480518727,60.45609440864792,79.76445559826594,-30.29315960912052,56.73990460358926,72.31649390010956,87472.95,3563801,71721.3,-2513.0,-3.2550548553812675
2023-11-10,13960.0,13656.0,13586.5,13395.416666666666,13619.07819538406,350.7142857142857,70.34120734908137,161.7588696938201,105.21287426223724,56.54599543158284,14234.891532137308,12938.108467862692,13586.5,1296.7830642746158,67.39611280172093,62.7694338730056,76.6494706591516,-31.596091205211728,35.87089029168974,100.0,85997.85,3485994,71737.55,-3922.0,-5.251037622171639
2023-11-13,13933.0,13726.0,13592.0,13400.166666666666,13642.023129157007,368.2142857142857,66.66666666666666,160.78751856678718,116.32780312314723,44.459715443639936,14248.051987670424,12935.948012329576,13592.0,1312.1039753408477,65.99480267128844,63.844556805766544,70.29529440233225,-36.807817589576544,61.34387291315753,89.07899049491965,84712.95,3422636,71714.1,-2532.0,-3.577888311101063
2023-11-14,13963.0,13805.5,13610.5,13414.833333333334,13684.211402570623,366.7857142857143,66.05263157894737,176.1428700362958,128.29081650577697,47.852053530518816,14301.113000014822,12919.886999985178,13610.5,1381.2260000296446,68.96578480668921,65.5516328060741,75.79408880791945,-22.149837133550488,59.99572510809666,87.25403232762338,83982.35,3468529,71553.3,-2688.0,-3.9392695937628286
2023-11-15,13973.0,13894.5,13628.5,13431.833333333334,13716.19126899247,368.9285714285714,66.93333333333334,180.9809047199724,138.82883414861607,42.15207057135632,14342.90147934072,12914.09852065928,13628.5,1428.802958681441,67.52013019135904,66.20779860116909,70.14479337173896,-26.384364820846905,60.664672052479474,89.87154375614551,83132.4,3427847,71386.25,-744.0,-1.135046073106727
2023-11-16,13982.0,13976.0,13643.5,13451.75,13743.69686242176,365.7142857142857,66.93333333333334,181.51234608501727,147.36553653589633,34.146809549120945,14377.007076706794,12909.992923293206,13643.5,1467.014153413587,62.79119790535047,65.06893170256288,58.235730310925646,-27.36156351791531,49.17501489088331,89.87154375614551,78182.65,3406130,70983.5,-2680.0,-4.1355471884451545
2023-11-17,14031.0,13995.5,13666.25,13468.75,13785.725732667306,372.1428571428572,77.77777777777777,194.21917511933864,156.7362642525848,37.48291086675383,14438.266327888416,12894.233672111584,13666.25,1544.0326557768312,69.88627631057335,66.67471323856637,76.30940245458731,-15.635179153094462,60.45226125484837,100.0,78901.0,3462829,70591.6,-999.0,-1.608074174232177
2023-11-20,14350.0,14141.5,13780.75,13508.583333333334,13944.704234318038,444.2857142857143,86.26465661641541,303.2718853300576,186.0433884680793,117.2284968619782,14858.487762264327,12703.012237735673,13780.75,2155.475524528658,79.49792674754336,70.9491177415587,96.59554475951268,-0.9652509652509652,142.64498434708025,100.0,83331.55,3647525,70561.8,3868.0,6.328016359918198
2023-11-21,14614.0,14288.5,13890.25,13545.333333333334,14083.780021525845,443.2142857142857,89.56521739130434,381.2673490526413,225.08818058499173,156.17916846764956,15154.78850537615,12625.71149462385,13890.25,2529.0770107522985,82.91110788738372,74.93644779016704,98.8604280818171,-8.431372549019608,129.68339706154276,100.0,86009.95,3531561,70547.3,-1407.0,-2.164848522148544
2023-11-22,14900.0,14436.5,13989.0,13582.583333333334,14213.896209951954,450.7142857142857,89.5104895104895,441.6197226352633,268.39448899504606,173.22523364021723,15415.137957451596,12562.862042548404,13989.0,2852.275914903192,85.90255243407125,78.59181600480177,100.52402529261022,-7.264957264957265,104.69306433441167,99.84305770565312,84015.35,3568752,70328.9,-4142.0,-6.514012518478907
2023-11-23,15138.0,14560.0,14079.5,13614.25,14307.334666147006,431.7857142857143,76.02591792656587,463.5297620787969,307.4215436117962,156.1082184670007,15572.40920512161,12586.59079487839,14079.5,2985.818410243221,82.81781883883139,80.00048361614498,88.4524892842042,-20.286396181384248,80.79072398728614,61.17356107694588,83624.65,3521850,69695.3,-6494.0,-10.924567660318951
2023-11-24,15360.0,14695.5,14175.75,13647.5,14401.39803127586,422.1428571428572,76.97095435684648,483.3905649239714,342.61534787423125,140.77521704974015,15723.275274004987,12628.224725995013,14175.75,3095.0505480099746,82.59283160683998,80.86459961304331,86.04929559443332,-15.513126491646778,70.77875575643425,63.8836273795572,82451.35,3551095,68898.9,-1809.0,-3.4164305949008544
2023-11-27,15293.0,14821.5,14273.75,13678.916666666666,14469.836314011494,416.07142857142856,73.46534653465346,479.4821846468403,369.98871522875305,109.49346941808729,15798.51011918355,12748.98988081645,14273.75,3049.5202383670985,79.03192519107685,80.25370813905448,76.58835929512159,-23.86634844868735,59.68897210570822,53.83065024059657,80274.6,3527731,67640.3,-3871.0,-7.569269275141277
2023-11-28,15243.0,14928.5,14367.0,13713.25,14535.089998391351,430.0,73.46534653465346,473.7479016986963,390.7405525227417,83.00734917595457,15866.345120202044,12867.654879797956,14367.0,2998.6902404040884,77.31341829217858,79.27361152342918,73.39303182967737,-22.19570405727924,61.88396036540578,53.83065024059657,78927.95,3566897,66191.55,-4823.0,-10.203088639729218
2023-11-29,15170.0,15035.0,14464.75,13743.666666666666,14587.462379496938,421.07142857142856,71.76015473887814,458.2723478025873,404.24691157871086,54.02543622387645,15876.909507167731,13052.590492832269,14464.75,2824.3190143354623,74.85688560302543,77.80136954996127,68.96791770915377,-25.536992840095465,49.470952981502535,24.274332076785868,74528.45,3546473,64322.25,-3141.0,-7.39981624143049
2023-11-30,15133.0,15135.5,14555.75,13773.916666666666,14627.704057640089,416.4285714285714,70.26515151515152,434.9422432081701,410.3859779046027,24.556265303567383,15851.826163291582,13259.673836708418,14555.75,2592.152326583164,64.32319505317975,73.30864471770076,46.35229572413772,-33.51648351648352,34.585172692174936,17.916021529160215,73440.5,3513625,62049.65,-5922.0,-15.066402076018925
2023-12-01,15078.0,15219.0,14607.25,13805.166666666666,14665.06557596008,406.7857142857143,72.56809338521401,412.50478527000087,410.8097393776824,1.6950458923184897,15890.463380131054,13324.036619868946,14607.25,2566.426760262108,52.82365050328942,66.48031331289698,25.510324884074294,-32.967032967032964,35.770198669130416,27.71052855803916,65845.25,3531679,59542.65,-1829.0,-5.4786724179247575
2023-12-04,15147.0,15220.0,14680.75,13841.083333333334,14741.249806821024,431.07142857142856,74.73118279569893,425.72324659741935,413.7924408216298,11.930805775789509,15984.5391135577,13376.9608864423,14680.75,2607.578227115402,60.17120372233555,64.37727678270984,51.75905760158696,-12.634408602150538,66.72098362844629,34.45514939185617,56171.4,3559471,58229.8,23884.0,75.69006496593249
2023-12-05,15177.0,15210.0,14749.25,13870.916666666666,14794.9403014095,431.4285714285714,72.27036395147314,418.4645112089584,414.72685489909554,3.737656309862814,16031.8512835763,13466.6487164237,14749.25,2565.2025671526026,59.36547271328608,62.70667542623525,52.68306728738776,-21.236559139784948,49.388828837160645,23.581910390090083,51773.1,3529332,57129.3,1134.0,2.0454914410433123
2023-12-06,15221.0,15195.5,14816.0,13898.583333333334,14843.517415560977,439.6428571428572,72.64808362369338,408.00864147487664,413.3832122142518,-5.3745707393751445,16066.396147753096,13565.603852246904,14816.0,2500.792295506195,58.8283187072531,61.4138898532412,53.65717641527689,-21.236559139784948,36.36302939367422,12.34675634701443,50034.2,3529332,56197.65,1997.0,3.5299524508157543
2023-12-07,15343.0,15238.0,14899.0,13932.833333333334,14917.468137888502,430.3571428571428,73.87687188019967,420.2952547433342,414.76562072006834,5.529634023265885,16130.386039772811,13667.613960227189,14899.0,2462.7720795456225,69.70016256062863,64.17598075570368,80.74852617047853,-6.926406926406926,51.86283812815869,18.71351314666133,48953.45,3567083,55468.65,1540.0,2.6293324227420145
2023-12-08,15435.0,15256.5,14976.0,13968.666666666666,14971.04260094674,362.5,50.66666666666667,413.9637380192671,414.60524417990814,-0.641506160641029,16145.955464739442,13806.044535260558,14976.0,2339.910929478883,71.1645297899873,66.50549710046488,80.48259516903215,-25.906735751295336,49.98046052834175,0.0,46722.35,3533898,54923.6,-243.0,-0.4042588587589435
2023-12-11,15429.0,15288.0,15054.75,14004.083333333334,15015.229019904193,356.07142857142856,50.80213903743315,400.6958689275398,411.8233691294345,-11.127500201894748,16115.333131558938,13994.166868441062,15054.75,2121.166263117877,70.58637046448203,67.86578822180392,76.02753494983824,-30.569948186528496,41.66292349168212,0.3487616842223923,45124.5,3502497,54573.2,1361.0,2.273372642691296
2023-12-12,15472.0,15324.5,15126.5,14038.833333333334,15063.302446579984,353.57142857142856,51.832460732984295,392.5151068878368,407.961716681115,-15.446609793278242,16101.563290793283,14151.436709206717,15126.5,1950.12658158657,73.13702763262532,69.62286802541105,80.16534684705385,-21.76165803108808,37.39930943188496,4.431954516498274,44039.1,3526682,54402.85,913.0,1.491147840857132
2023-12-13,15468.0,15344.5,15189.75,14072.166666666666,15084.416499286654,336.42857142857144,52.38095238095237,362.8861325617127,398.9465998572345,-36.060467295521846,16015.24171949049,14364.25828050951,15189.75,1650.9834389809805,64.64037136292669,67.96203580458294,57.99704247961418,-46.1139896373057,19.72323527574636,6.517134143593237,43520.4,3496374,54271.25,31.0,0.0498865483336219
2023-12-14,15374.0,15358.5,15247.0,14105.916666666666,15090.66254697364,330.0,46.23376623376623,324.76786341661136,384.11085256910985,-59.34298915249849,15857.301047370109,14636.698952629891,15247.0,1220.602094740214,46.45275403523278,60.79227521479955,17.77371167609924,-60.10362694300518,-0.6285402063433722,0.0,43791.15,3469242,54343.95,1406.0,2.2614681850350538
2023-12-15,15344.0,15389.5,15304.25,14143.333333333334,15113.456590119007,335.7142857142857,55.44041450777202,305.561038719834,368.4008897992547,-62.839851079420725,15654.5021648004,14953.9978351996,15304.25,700.5043296008007,46.03699584084012,55.87384875681308,26.36329000889421,-41.45077720207254,-18.514940391983654,32.30695755875703,43577.25,3521663,54615.3,2974.0,4.677718707729084
2023-12-18,15303.0,15366.0,15293.0,14174.0,15124.555962488626,318.57142857142856,51.8796992481203,279.0535716358081,350.5314261665654,-71.47785453075727,15637.267337980236,14948.732662019764,15293.0,688.5346759604727,41.19361366558291,50.98043705973636,21.619966877276,-51.81347150259067,-20.756399251244456,19.812087183706343,35641.6,3495680,54746.3,1061.0,1.594242096405818
2023-12-19,15249.0,15360.5,15285.25,14205.0,15136.503013680183,322.5,54.24164524421594,256.7009570071732,331.76533233468695,-75.06437532751374,15625.86051997228,14944.63948002772,15285.25,681.2210399445612,38.87793422454386,46.94626944800552,22.74126377762053,-49.740932642487046,-5.348869352095715,28.100368301970093,31127.9,3521370,54959.6,239.0,0.3534823184890401
2023-12-20,15254.0,15361.0,15278.25,14236.75,15153.026536186837,315.0,57.77202072538859,241.04918250317496,313.62210236838456,-72.5729198652096,15610.24992073556,14946.25007926444,15278.25,663.9998414711226,40.07387395791508,44.65547095130872,30.91067997112782,-49.41176470588236,8.266770039531147,40.4887736632076,30577.8,3547559,55388.65,173.0,0.2549666922124549
2023-12-21,15281.0,15327.5,15282.75,14266.083333333334,15165.595437502376,302.5,56.81233933161954,224.04509498576044,295.7067008918598,-71.66160590609934,15612.43046731087,14953.06953268913,15282.75,659.3609346217418,41.21973276583652,43.51022488948465,36.63874851854027,-60.95890410958904,-1.6513229856373703,37.12116526374654,29170.3,3528807,56108.5,-678.0,-0.9966923925027515
2023-12-22,15333.0,15338.5,15297.5,14302.5,15206.014919645006,281.07142857142856,53.46260387811634,232.50006807057247,283.06537432760234,-50.56530625702982,15654.733522326338,14940.266477673662,15297.5,714.4670446526761,60.25759962166879,49.092683133546025,82.58743259791432,-19.17808219178082,52.58365367016215,26.15059876704841,29617.75,3567001,56931.3,250.0,0.3712117837468609
2023-12-25,15367.0,15335.0,15311.5,14333.166666666666,15224.489689202625,286.07142857142856,52.58855585831064,221.31806615045932,270.7159126921738,-49.39784654171444,15661.3134841372,14961.6865158628,15311.5,699.6269682744023,59.92481950086561,52.70339525598588,74.36766799062505,-45.2054794520548,51.3205492837517,22.988696370895337,29940.2,3537188,57953.6,119.0,0.1760433155317597
2023-12-26,15343.0,15296.0,15310.25,14357.916666666666,15215.490671183328,288.57142857142856,45.84323040380048,188.49663369281552,254.27205689230212,-65.77542319948662,15662.587681926389,14957.912318073611,15310.25,704.6753638527771,46.369632753663495,50.59214108854509,37.92461608390032,-82.1917808219178,-34.0678944541247,0.0,29806.6,3500694,59236.35,386.0,0.570027763010228
2023-12-27,15276.0,15265.0,15304.75,14380.083333333334,15192.586797737298,287.85714285714283,33.41902313624678,148.2690540329222,233.0714563204262,-84.80240228750398,15674.87764512288,14934.62235487712,15304.75,740.255290245761,37.579755169109,46.254679115399725,20.22990727652754,-81.18279569892474,-98.72445361255636,0.0,30891.25,3458577,60722.75,932.0,1.368535432145901
2023-12-28,15254.0,15267.5,15313.0,14408.166666666666,15190.91186461946,286.07142857142856,42.39401496259352,131.01645966653268,212.66045698964749,-81.6439973231148,15662.23073356043,14963.76926643957,15313.0,698.4614671208583,39.338884398453615,43.94941420975103,30.117824775858796,-57.142857142857146,-66.67014663277757,36.85374580067463,30774.25,3489085,62475.6,-593.0,-0.8589970159631477
2023-12-29,15165.0,15249.0,15319.25,14433.916666666666,15186.539306084274,277.1428571428572,42.71356783919597,113.6132423177478,192.8510140552676,-79.23777173751978,15650.408651754076,14988.091348245924,15319.25,662.317303508149,39.36878007515956,42.422536164887205,33.261267895704265,-60.57142857142857,-52.03231177139354,38.16591640896529,31130.1,3463914,64350.3,608.0,0.8883563945588202
2024-01-02,15109.0,15238.0,15302.0,14462.916666666666,15180.202229314344,279.6428571428572,39.63730569948187,96.68920317191623,173.61865187859732,-76.92944870668109,15637.110351031446,14966.889648968554,15302.0,670.2207020628921,38.43632957391589,41.09380063456344,33.12138745262081,-63.42857142857143,-48.22971007193852,25.53395137692461,31175.3,3435218,65059.45,573.0,0.8298454720560677
2024-01-03,15102.0,15222.5,15291.5,14504.0,15172.087731284406,267.5,44.47674418604652,80.33345508704042,154.96161252028594,-74.62815743324552,15639.14016484078,14943.85983515922,15291.5,695.2803296815582,36.86231495403917,39.68330540772202,31.220334046673457,-66.28571428571429,-57.52380605149756,45.40599574784997,30569.75,3417190,65683.15,-575.0,-0.8258883686191099
2024-01-04,15007.0,15141.5,15251.25,14533.916666666666,15108.079375923988,293.57142857142856,35.091743119266056,19.13925410786942,127.79714083780264,-108.65788672993322,15747.115803153272,14755.384196846728,15251.25,991.7316063065446,25.935420853713183,35.10067722305241,7.604908115034746,-95.91836734693878,-137.10565358598015,6.868641024155019,32117.2,3356864,66187.8,-384.0,-0.5561429171433985
2024-01-05,14852.0,15053.0,15190.25,14554.0,15040.643244883608,282.5,27.857142857142847,-37.0002395835927,94.83766475352358,-131.8379043371163,15785.348178543054,14595.151821456946,15190.25,1190.196357086108,17.290280569142126,29.16387833841565,-6.45691496940492,-100.0,-138.26057781608833,0.0,31793.95,3325578,66665.75,1006.0,1.4651267786143896
2024-01-08,14646.0,14905.5,15122.0,14561.5,14952.486745370885,292.5,25.601750547045956,-103.29756097053723,55.21061960871143,-158.50818057924866,15870.5030675323,14373.4969324677,15122.0,1497.0061350645992,13.261674034942336,23.86314357059121,-7.941265036355418,-95.70552147239265,-140.05099234131157,0.0,32135.95,3285553,67158.65,56.0,0.080380082963738
2024-01-09,14459.0,14784.0,15059.5,14568.75,14879.392769621276,303.2142857142857,27.19486081370449,-148.47868102047505,14.472759482874132,-162.95144050334918,15900.939243201788,14218.060756798212,15059.5,1682.878486403577,16.453572770699733,21.393286637294054,6.574145037511087,-81.86813186813187,-120.9065791208646,4.952119636629723,32605.3,3326341,67453.35,-2603.0,-3.7332377196127697
2024-01-10,14256.0,14679.0,14987.5,14574.833333333334,14803.260124895442,297.85714285714283,24.15966386554622,-190.56099808500767,-26.53399203070223,-164.02700605430545,15905.939752486447,14069.060247513553,14987.5,1836.8795049728944,16.159359932484943,19.64864440235768,9.18079099273946,-87.63736263736264,-97.63108173379403,0.0,32619.2,3301878,67754.05,1033.0,1.5389887071302957
2024-01-11,14183.0,14595.0,14930.0,14582.75,14739.616303476829,308.2142857142857,26.14107883817428,-216.97237472434244,-64.62166856943028,-152.35070615491216,15911.824295568418,13948.175704431582,14930.0,1963.6485911368363,17.23196083157589,18.843083212097085,14.0097160705335,-84.61538461538461,-91.1673244899036,6.761829945316371,32580.2,3331406,67975.15,-1561.0,-2.2903675445675287
2024-01-12,14034.0,14443.0,14855.25,14581.916666666666,14636.319512669512,318.57142857142856,12.5725338491296,-273.4830273651405,-106.39394032857234,-167.08908703656817,15983.301300625157,13727.198699374843,14855.25,2256.10260125031,12.279269634502622,16.65514535289893,3.527518197710002,-98.05825242718448,-99.19796351387131,0.0,32888.75,3298103,68188.55,1252.0,1.880049253686522
2024-01-15,13961.0,14303.5,14776.25,14582.25,14551.90813051051,319.2857142857143,16.86746987951807,-307.06279194279887,-146.52771065141764,-160.53508129138123,15982.87589588968,13569.62410411032,14776.25,2413.251791779363,11.08007043157624,14.796787045791367,3.646637203145982,-92.3943661971831,-88.25714704759483,12.909065559631344,31924.7,3331243,68147.85,-2108.0,-3.107036523892348
2024-01-16,13814.0,14136.5,14687.25,14587.0,14446.96449903332,338.57142857142856,16.666666666666657,-353.8040571595648,-187.98297995304705,-165.8210772065177,16009.956455877891,13364.543544122109,14687.25,2645.4129117557823,10.857033255754022,13.483535782445584,5.604028202370898,-90.68627450980392,-93.39192468651262,12.832578441221177,33510.5,3273544,67919.95,-2683.0,-4.081353250783415
2024-01-17,13659.0,13957.5,14590.0,14588.5,14338.20597531586,333.2142857142857,16.733067729083658,-397.9597030455261,-229.97832457154288,-167.98137847398326,16020.138013214844,13159.861986785156,14590.0,2860.2760264296885,8.357425155577308,11.77483224015616,1.522610986419604,-97.79411764705884,-89.22628042515348,13.040704772247045,33678.85,3244487,67669.9,-204.0,-0.3235270795337364
2024-01-18,13518.0,13850.5,14496.0,14587.75,14251.71016814292,342.1428571428572,14.168377823408631,-418.0479190183414,-267.5922434609026,-150.45567555743884,15973.239958414624,13018.760041585376,14496.0,2954.4799168292484,15.252989319404476,12.934217933238934,19.890532091735565,-82.560706401766,-82.6763359404365,5.001985497921745,35068.9,3298477,67365.0,-924.0,-1.4701436731316964
2024-01-19,13504.0,13769.0,14411.0,14591.083333333334,14188.21396165312,351.7857142857143,19.53125,-416.6577985523873,-297.4053544791996,-119.25244407318768,15892.715222301504,12929.284777698496,14411.0,2963.430444603011,25.01346386475818,16.96063324374535,41.11912510678384,-75.71743929359823,-61.52736219380617,21.811278440633743,35996.4,3335779,66972.05,-2439.0,-3.93850824357711
2024-01-22,13409.0,13685.0,14295.25,14589.5,14101.24120340044,361.07142857142856,17.574692442882252,-435.5497805400046,-325.03423969136054,-110.51554084864404,15750.622894882234,12839.877105117766,14295.25,2910.745789764467,23.15337537002772,19.024880619172805,31.41036487173756,-88.75878220140515,-64.83342193602317,15.678678584827937,35793.5,3301643,66542.65,-479.0,-0.8052044109736367
2024-01-23,13385.0,13599.5,14191.75,14592.333333333334,14027.789660219449,368.9285714285714,19.304347826086957,-441.0001962791339,-348.22743100891523,-92.77276527021866,15610.275086508036,12773.224913491964,14191.75,2837.050173016072,24.02364762659781,20.691136288314475,30.68867030316449,-85.60975609756098,-62.23504634487517,29.89365166513488,35767.6,3330938,66002.25,-2101.0,-3.5604738260265334
2024-01-24,13393.0,13526.0,14102.5,14593.25,13962.76207353188,335.0,24.836601307189557,-439.04824056159487,-366.3915929194512,-72.6566476421437,15496.8778088037,12708.1221911963,14102.5,2788.7556176073995,25.367197965243182,22.24982351395738,31.601946867814803,-80.19169329073482,-56.561243724076505,80.23801885694482,34988.1,3351842,65433.85,-174.0,-0.3057566598720695
2024-01-25,13377.0,13447.5,14021.25,14596.916666666666,13904.40378081456,330.0,26.13636363636364,-432.11667137478616,-379.5366086105182,-52.58006276426795,15390.71733786304,12651.78266213696,14021.25,2738.934675726079,28.64330888558112,24.380985304498623,37.167956047746095,-76.83823529411765,-50.56074807532406,92.76108939496945,33794.0,3370077,64798.75,-402.0,-0.7085698170409271
2024-01-26,13223.0,13363.5,13903.25,14590.666666666666,13800.6510397846,347.1428571428572,23.469387755102037,-464.439610942105,-396.5172090768356,-67.92240186526942,15260.783657622876,12545.716342377124,13903.25,2715.067315245753,19.25735155478871,22.673107387928656,12.425839888508811,-99.65753424657534,-69.08986282560343,74.52202328926127,34920.55,3317038,64380.4,3742.0,6.642760775402978
2024-01-29,13134.0,13271.5,13787.5,14571.333333333334,13708.20808361464,341.42857142857144,21.711899791231744,-483.27451104821375,-413.8686694711113,-69.40584157710248,15093.012603499,12481.987396501,13787.5,2611.025206997998,18.838234369859137,21.39481638190549,13.72507034576644,-88.88888888888889,-77.10607581161361,67.35700806152258,35382.4,3351446,63862.6,-1381.0,-2.298831441222493
2024-01-30,13051.0,13218.0,13677.25,14553.333333333334,13632.66445660372,350.35714285714283,25.47368421052633,-485.7431705496019,-428.2435696868095,-57.49960086279248,14877.102951516625,12477.397048483375,13677.25,2399.7059030332493,21.39215624657276,21.39392967012791,21.388609399462453,-82.6797385620915,-69.3303247979129,95.0813102791286,35742.2,3387338,63189.95,-2524.0,-4.300342459918561
2024-01-31,12958.0,13175.5,13566.5,14535.75,13560.982127403366,341.7857142857143,23.35456475583864,-484.93379357149206,-439.581614463746,-45.35217910774611,14614.666820792629,12518.333179207371,13566.5,2096.3336415852536,21.92810416438184,21.57198783487922,22.64033682338708,-84.56375838926175,-65.60327210078684,79.4910513906392,35871.8,3366718,62568.6,451.0,0.8029340027417176
2024-02-01,12872.0,13124.5,13487.5,14518.25,13499.936210507807,315.35714285714283,30.809399477806792,-475.5824720807032,-446.7817859871374,-28.80068609356573,14475.887842051789,12499.112157948211,13487.5,1976.7756841035732,23.755791947151344,22.29992253896993,26.667530763514165,-78.90625,-61.1887542884155,100.0,33765.8,3384924,61916.25,-1004.0,-1.7732250088308033
2024-02-02,12865.0,13044.0,13406.5,14498.583333333334,13431.37085712611,315.7142857142857,25.255102040816325,-474.0042860456906,-452.2262859988481,-21.77800004684252,14344.247020088153,12468.752979911847,13406.5,1875.494040176305,21.154168046567158,21.91800437483567,19.62649539003012,-89.07563025210084,-62.43092711292656,66.62285794500791,33566.6,3357622,61176.55,-741.0,-1.332350402761795
2024-02-05,12817.0,12975.5,13330.25,14476.083333333334,13351.240299304576,292.1428571428572,26.75675675675676,-482.5227524166002,-458.28557928239854,-24.23717313420173,14273.41641942811,12387.08358057189,13330.25,1886.3328388562184,16.337415569219818,20.057808106297056,8.896630495065345,-94.64285714285714,-79.04093200874469,75.64667118873115,32776.1,3333407,60420.05,-280.0,-0.5102505694760784
2024-02-06,12670.0,12860.5,13230.0,14448.083333333334,13239.693604132712,305.35714285714283,23.404255319148945,-516.4044824517387,-469.9093599162666,-46.49512253547204,14215.889926598513,12244.110073401487,13230.0,1971.7798531970257,11.67901195428303,17.264876055625717,0.5072837515976616,-98.0,-101.50445753540144,55.50066388681913,32874.5,3290651,59867.55,1477.0,2.70537595017859
2024-02-07,12480.0,12719.0,13122.5,14412.166666666666,13114.960879929597,301.42857142857144,16.51785714285714,-557.0080660125823,-487.32910113552975,-69.67896487705252,14184.105041038283,12060.894958961717,13122.5,2123.2100820765663,8.341563525077577,14.290438545443005,-3.556186515653277,-98.567335243553,-110.22566596690214,0.0,33464.05,3254397,59216.95,-929.0,-1.6567984020545046
2024-02-08,12472.0,12672.0,13059.75,14393.166666666666,13092.583653269634,367.5,38.38550247116969,-506.6888444034139,-491.2010497891066,-15.48779461430729,14012.107048258908,12107.392951741092,13059.75,1904.714096517815,31.2527419547948,19.9445396818936,53.86914650059718,-43.64161849710983,-38.245482260347416,100.0,36971.9,3354082,58083.35,-11221.0,-20.3489110131839
2024-02-19,12476.0,12670.5,13017.0,14373.083333333334,13064.71854343443,365.7142857142857,41.53297682709448,-467.8724873659903,-486.5353373044833,18.662849938493025,13932.914268569071,12101.085731430929,13017.0,1831.8285371381464,44.41882401729402,28.10263446036041,77.05120313116126,-42.62820512820513,-35.448763998323344,100.0,37109.45,3318028,56883.9,-65.0,-0.14798961795911
2024-02-20,12509.0,12663.0,12967.25,14349.25,13035.221539297818,365.0,39.71377459749552,-435.7186750162618,-476.3720048468391,40.65332983057726,13821.542412652592,12112.957587347408,12967.25,1708.5848253051845,52.01044130797203,36.07190340956428,83.88751710478753,-44.078947368421055,-22.9183826577597,92.72758934371488,36366.75,3299742,55819.4,591.0,1.3475613927081298
2024-02-21,12600.0,12635.0,12926.5,14302.25,12997.105202221835,372.1428571428572,37.75862068965517,-415.1341362805324,-464.1244311335778,48.99029485304538,13761.365889009472,12091.634110990528,12926.5,1669.7317780189442,53.909464165789,42.01775699497252,77.69287850742197,-51.81518151815182,-36.7330740146773,84.91170066310886,34697.75,3275423,54899.15,202.0,0.4544636429085757
2024-02-22,12746.0,12613.0,12894.25,14256.5,12964.999944867375,376.07142857142856,38.18493150684932,-392.2814733248397,-449.75583957183017,57.474366246990485,13717.301287012317,12071.198712987683,12894.25,1646.1025740246332,55.83424093266038,46.62325164086847,74.2562195162442,-49.66666666666666,-36.89259963360696,86.6159132456406,34165.5,3293835,53973.2,-318.0,-0.7122060470324709
2024-02-23,12687.0,12579.5,12852.0,14208.75,12928.809473927624,346.07142857142856,45.32520325203252,-375.8894271535737,-434.9825570881789,59.0931299346052,13645.476030215352,12058.523969784648,12852.0,1586.9520604307036,55.14114085892774,49.46254804688823,66.49832648300676,-46.24505928853755,-32.0144335901228,100.0,32202.05,3279114,53085.65,-156.0,-0.3518902824145131
2024-02-26,12593.0,12534.5,12789.25,14161.0,12871.780000220231,344.6428571428572,40.74074074074074,-379.1048960831704,-423.8070248871773,44.70212880400686,13535.75959735784,12042.74040264216,12789.25,1493.0191947156818,47.95970655417317,48.96160088264988,45.95591789721975,-66.40316205533597,-59.801826613252885,84.08578668122576,31549.1,3254871,52375.15,1102.0,2.4945671858022544
2024-02-27,12528.0,12518.5,12747.0,14113.25,12829.705714484971,336.7857142857143,41.06813996316758,-369.3266464287699,-412.9109491954959,43.58430276672596,13473.124536223131,12020.875463776869,12747.0,1452.249072446266,45.807129797643775,47.91011052098118,41.601168350968976,-58.49802371541502,-51.33550970739219,85.22229964283649,30801.05,3274046,51660.7,-558.0,-1.2323865895136676
2024-02-28,12498.0,12549.0,12704.75,14069.333333333334,12796.876598819736,344.2857142857143,42.77879341864716,-353.0693095607512,-400.9426212685469,47.87331170779572,13384.923932863769,12024.576067136231,12704.75,1360.3478657275373,41.48579895006317,45.76867333067518,32.92005018883916,-54.1501976284585,-35.63114796864536,91.16055389574984,30603.55,3299391,50992.05,-1185.0,-2.649821109123429
2024-02-29,12501.0,12623.5,12671.25,14028.0,12785.269303694044,355.0,45.75389948006932,-321.1518027888196,-384.9844575726015,63.83265478378189,13281.002969825096,12061.497030174904,12671.25,1219.5059396501929,47.40078904363186,46.31271190166074,49.576943327574114,-39.130434782608695,-13.52516662290495,100.0,30950.25,3327229,50350.4,366.0,0.8407028827380314
2024-03-01,12586.0,12636.5,12654.25,13993.416666666666,12806.672227151756,363.2142857142857,53.73376623376623,-265.7617128360089,-361.1399086252831,95.37819578927416,13199.914973365429,12108.585026634571,12654.25,1091.3299467308534,61.98027286453095,51.53523222261747,82.87035414835789,-12.648221343873518,51.22496027075017,100.0,32594.7,3378353,49665.4,-1269.0,-2.890594747272268
2024-03-04,12731.0,12662.0,12666.25,13960.833333333334,12830.322491232542,363.57142857142856,57.921635434412266,-215.74655161558985,-332.0612372233444,116.31468560775454,13236.788757390072,12095.711242609928,12666.25,1141.0775147801469,70.13374123172119,57.734735225652045,94.93175324385948,-9.448818897637794,77.94890831395351,100.0,31534.9,3410196,48799.9,132.0,0.3096265715894164
2024-03-05,12802.0,12665.0,12664.0,13923.583333333334,12826.00606349611,359.2857142857143,60.82289803220036,-195.6406953703536,-304.7771288527462,109.13643348239265,13232.16973001495,12095.83026998505,12664.0,1136.3394600298998,65.3998952844243,60.289788578576136,75.62010869612064,-30.708661417322837,42.6061603492363,100.0,31286.35,3380759,47956.0,-949.0,-2.219156299691327
2024-03-06,12902.0,12700.0,12667.5,13882.25,12841.148343163146,350.0,69.2167577413479,-161.7043043477861,-276.16256395175424,114.45825960396814,13242.99521009484,12092.00478990516,12667.5,1150.9904201896788,69.77695467172543,63.45217727629257,82.42650946259116,-18.536585365853657,48.98896705950781,100.0,30637.55,3403675,47237.6,-14.0,-0.0334808083223725
2024-03-07,12940.0,12720.5,12666.75,13841.583333333334,12843.419929528562,282.1428571428572,49.60835509138381,-142.84582928055897,-249.4992170175152,106.65338773695623,13241.117157468936,12092.382842531064,12666.75,1148.734314937872,68.17522025196008,65.02652493484841,74.47261088618345,-35.02824858757062,46.713388552858135,37.668264914279206,30605.9,3383688,46457.8,-777.0,-1.8588072055692464
2024-03-08,12903.0,12744.5,12662.0,13800.25,12841.665650525842,272.85714285714283,50.66666666666667,-129.6336812446316,-225.52610986293848,95.8924286183069,13229.07374439216,12094.92625560784,12662.0,1134.1474887843217,65.37351848214963,65.14218945061549,65.83617654521794,-39.548022598870055,34.463176525915145,41.03245515079517,30788.65,3361827,45721.4,-136.0,-0.3315132605304249
2024-03-11,12792.0,12761.5,12648.0,13748.25,12809.126064761476,281.7857142857143,44.083526682134575,-143.73090222794053,-209.1670683359389,65.43616610799836,13216.630857966376,12079.369142033624,12648.0,1137.2617159327528,49.30831702490958,59.86423197538019,28.196487123968357,-76.27118644067797,-12.320989962554789,20.105786881423303,30864.6,3333006,45063.4,827.0,2.022598317354718
2024-03-12,12774.0,12788.0,12653.25,13701.833333333334,12798.256915736572,280.35714285714283,51.34529147982063,-137.58221892736583,-194.8500984542243,57.26787952685848,13221.564914554652,12084.935085445348,12653.25,1136.6298291093044,44.87221134993972,54.86689176690004,24.88285051601906,-54.23728813559322,-1.341142003694844,42.40923455011077,30710.0,3354129,44344.2,-1504.0,-3.6054177154500766
2024-03-13,12744.0,12823.0,12686.0,13658.5,12801.756257094994,293.2142857142857,53.731343283582085,-120.02889475822847,-179.88585771502517,59.85696295679668,13213.512534148913,12158.487465851087,12686.0,1055.0250682978258,47.28569958540582,52.33982770640197,37.17744334341352,-38.4180790960452,27.82944824698765,45.61945072080958,30633.25,3395350,43571.75,412.0,1.024595260003491
2024-03-14,12651.0,12795.5,12709.5,13606.5,12763.49375641928,327.85714285714283,46.58040665434381,-139.6092944005468,-171.8305450521295,32.22125065158272,13125.24156952556,12293.75843047444,12709.5,831.4831390511208,35.3333235331277,46.670992981977214,12.657984635428662,-87.57062146892656,-43.6788519004605,20.507312920478164,31294.65,3345868,42855.5,195.0,0.4800236319326467
2024-03-15,12572.0,12737.5,12687.0,13558.916666666666,12731.73244628411,330.35714285714283,52.01612903225806,-150.96591184794306,-167.65761841129222,16.691706563349157,13112.483007267836,12261.516992732164,12687.0,850.966014535672,31.888882355418467,41.7436227731243,12.179401520006792,-76.41025641025641,-79.19916690575677,38.89352278454296,27867.75,3377015,42657.6,-854.0,-2.0922142192170146
2024-03-18,12532.0,12662.0,12662.0,13511.416666666666,12690.615070447528,332.85714285714283,47.41035856573705,-168.51350771871876,-167.82879627277754,-0.6847114459412182,13117.24313920088,12206.75686079912,12662.0,910.4862784017604,25.068778713136123,36.18534141979491,2.8356532998185457,-89.74358974358974,-78.70590584464746,17.518614862162558,27146.75,3355381,42480.0,341.0,0.8532679411470401
2024-03-19,12485.0,12629.5,12647.25,13463.583333333334,12668.651730404905,336.42857142857144,49.521988527724666,-167.57770952381543,-167.77857892298513,0.2008693991697043,13108.877270470564,12185.622729529436,12647.25,923.2545409411288,28.23734183712621,33.53600822557201,17.640009060234604,-68.75,-68.26449564376405,21.638530409310277,27433.15,3379395,42185.65,-1744.0,-4.327006574866643
2024-03-20,12380.0,12562.0,12631.0,13414.916666666666,12634.494422747295,344.2857142857143,42.9126213592233,-176.90062877824855,-169.60298889403782,-7.297639884210753,13116.69646141554,12145.30353858446,12631.0,971.3929228310808,25.68763965612336,30.91988536908913,15.22314823019181,-83.17307692307692,-44.82878337875045,0.0,28158.65,3340566,41796.6,-1692.0,-4.387853012110677
2024-03-21,12370.0,12510.5,12615.5,13366.583333333334,12607.39971581898,325.35714285714283,35.526315789473685,-178.99806547299522,-171.4820042098293,-7.516061263165909,13116.834009891292,12114.165990108708,12615.5,1002.6680197825845,25.55646565310185,29.13207879709337,18.405239365118803,-79.32692307692308,-54.46838900486533,0.0,28137.6,3358557,41438.5,301.0,0.8164040250617122
2024-03-22,12326.0,12449.0,12596.75,13314.916666666666,12569.552123836222,327.1428571428572,32.210526315789465,-189.76958350479617,-175.1395200688227,-14.630063435973485,13129.925936204332,12063.574063795668,12596.75,1066.3518724086643,19.978820239322804,26.080992611169847,7.774475495628721,-92.38578680203044,-65.28618488615868,0.0,28480.7,3336974,41079.35,-177.0,-0.4761904761904745
2024-03-25,12331.0,12431.5,12596.5,13265.583333333334,12546.261445375629,322.85714285714283,39.63963963963965,-186.87240152396225,-177.48609635985062,-9.386305164111633,13130.206996295472,12062.793003704528,12596.5,1067.413992590944,23.37212354579192,25.178036256043875,19.760298125288017,-72.46376811594203,-72.4335229666263,20.075303638508963,28467.25,3360948,40606.2,-1178.0,-3.184386235233694
2024-03-26,12338.0,12411.5,12599.75,13214.0,12541.379402958904,324.2857142857143,38.81278538812786,-168.9116760230354,-175.77121229248758,6.859536269452178,13129.968177535882,12069.531822464118,12599.75,1060.4363550717644,32.06692294357143,27.47433181855306,41.25210519360816,-56.03864734299517,-40.3004062766434,30.67847787664904,28807.0,3386918,40099.2,-1235.0,-3.4482758620689613
2024-03-27,12322.0,12351.0,12587.0,13161.166666666666,12511.724221724722,331.07142857142856,36.40256959314775,-174.05456429412516,-175.4278826928151,1.3733183986899462,13140.58544246147,12033.41455753853,12587.0,1107.17088492294,30.76066467843033,28.569776105178818,35.14244182493336,-79.8941798941799,-54.74504384615225,19.479015520795368,28711.7,3363479,39579.0,-1449.0,-4.190283400809713
2024-03-28,12312.0,12341.0,12568.25,13114.0,12491.56001013189,323.92857142857144,38.90063424947146,-170.51631932937744,-174.4455700201276,3.929250690750166,13134.542420276975,12001.957579723025,12568.25,1132.5848405539546,33.34661595845972,30.16205605627245,39.71573576283426,-72.48677248677248,-56.21563371746053,31.0866819958285,28017.55,3377434,38936.95,-2071.0,-6.250943225378047
2024-03-29,12312.0,12319.0,12528.25,13067.916666666666,12464.744771071712,316.42857142857144,43.19248826291079,-172.98047134469562,-174.15255028504123,1.1720789403456138,13075.8694894844,11980.6305105156,12528.25,1095.2389789688025,30.62613903403488,30.316750382193263,31.24491633771811,-82.01058201058201,-55.26788361548541,51.02948444548637,26265.4,3361353,38283.55,-1496.0,-4.8164842240824175
2024-04-01,12210.0,12270.5,12466.25,13011.916666666666,12402.86431668393,335.0,31.11587982832617,-204.44975886273824,-180.21199200058064,-24.2377668621576,13042.781142172504,11889.718857827496,12466.25,1153.062284345011,22.337146790578227,27.656882518321584,11.69767533509151,-95.51020408163264,-100.50069239595148,0.0,26401.55,3326787,37641.6,361.0,1.221079691516702
2024-04-02,12069.0,12203.5,12416.5,12956.0,12344.496286523556,323.92857142857144,26.410835214446948,-228.7695737687536,-189.92350835421524,-38.84606541453837,13046.463240364486,11786.536759635514,12416.5,1259.9264807289728,19.787853039293207,25.033872691978797,9.295813733922031,-90.0,-111.22818630766592,0.0,26391.25,3297556,36956.25,-1817.0,-6.071846282372595
2024-04-03,12002.0,12162.0,12362.0,12902.25,12301.687116378456,293.92857142857144,36.60477453580902,-236.84043076043235,-199.30689283545868,-37.53353792497367,12973.19727196966,11750.80272803034,12362.0,1222.394543939321,22.043126131656862,24.036957171871485,18.055464051227617,-77.72511848341232,-86.05803035529442,39.81184279272415,26130.75,3315262,36116.35,-3105.0,-11.04667710260424
2024-04-08,11944.0,12128.0,12319.25,12850.833333333334,12273.90739100908,290.0,39.34010152284264,-231.29092634353765,-205.7036995370745,-25.58722680646315,12901.21830262752,11737.28169737248,12319.25,1163.9366052550397,27.878091620727925,25.317335321490297,32.99960421920318,-66.82464454976304,-64.39639445783209,55.94383860093916,25894.25,3330519,35235.15,-1603.0,-6.41123065232172
2024-04-09,11913.0,12112.5,12280.75,12810.083333333334,12253.059068055836,287.5,43.50132625994695,-220.71748640046096,-208.7064569097518,-12.011029490709175,12822.31959993979,11739.18040006021,12280.75,1083.1391998795807,33.462983867679256,28.03255150355329,44.3238485959312,-62.55924170616114,-48.6492881100127,73.94910506556697,25342.2,3341339,34288.6,-1443.0,-6.166666666666664
2024-04-10,12077.0,12143.5,12287.5,12780.666666666666,12289.434394907665,309.2857142857143,53.79609544468546,-163.6503469988984,-199.6952349275811,36.044887928682726,12843.74209042277,11731.25790957723,12287.5,1112.4841808455385,53.70962209536104,36.591575034155866,87.94571621777138,-7.582938388625592,44.83208780692696,100.0,25502.45,3373365,34281.8,19622.0,89.36557817552489
2024-04-11,12267.0,12168.0,12289.75,12757.75,12332.345404916456,305.0,59.51327433628319,-108.69859565011028,-181.49590707208696,72.79731142197667,12853.249171063697,11726.250828936303,12289.75,1126.99834212739,66.57564549947146,46.58626518926106,106.55440611989223,-7.6923076923076925,72.89991426175622,100.0,26473.05,3413900,34510.15,3199.0,7.693787729382628
2024-04-12,12419.0,12210.5,12280.75,12732.25,12363.074413972034,310.35714285714283,56.61605206073752,-71.18712555461934,-159.43415076859347,88.24702521397413,12812.433275327669,11749.066724672331,12280.75,1063.3665506553334,72.73134201389266,55.3012907974716,107.59144444673478,-14.957264957264956,79.28401124608949,91.24770756353573,25647.15,3389197,34763.45,911.0,2.034481218455486
2024-04-15,12512.0,12228.0,12284.5,12705.5,12373.733993593743,313.2142857142857,55.65031982942431,-55.34552219713078,-138.61642505430092,83.27090285717014,12820.762897035438,11748.237102964562,12284.5,1072.525794070876,71.70693456196832,60.7698387189705,93.58112624796397,-30.34188034188034,46.04122876190365,88.3303025114223,24861.4,3355430,35071.65,1293.0,2.83000284532382
2024-04-16,12571.0,12242.0,12280.5,12675.75,12371.473613251484,316.42857142857144,50.53078556263269,-52.27480136494523,-121.3481003164298,69.07329895148456,12813.376010067315,11747.623989932685,12280.5,1065.7520201346306,67.46274269943187,63.00080671245763,76.38661467338034,-41.02564102564103,27.171209078830525,72.86457127648598,24870.2,3324107,35373.6,-979.0,-2.083776765569789
2024-04-17,12506.0,12291.5,12281.0,12653.333333333334,12365.61898341801,314.2857142857143,45.842696629213485,-52.46412491391493,-107.57130523592684,55.1071803220119,12813.9718072923,11748.0281927077,12281.0,1065.9436145845975,62.550919375378825,62.850844266764696,61.95106959260707,-44.44444444444444,8.692413708321652,58.70220421898815,24913.8,3301601,35678.05,391.0,0.8499445688324725
2024-04-18,12467.0,12367.0,12285.25,12633.25,12382.702889759152,317.85714285714283,57.17539863325741,-33.26813481793579,-92.71067115232864,59.44253633439284,12825.537204325528,11744.962795674472,12285.25,1080.574408651053,65.76565356732571,63.8224473669517,69.65206596807373,-24.35897435897436,47.029719931679615,92.93745184630949,25895.7,3345253,36203.05,2667.0,5.748588179505965
2024-04-19,12420.0,12419.5,12290.75,12616.083333333334,12386.254995496376,329.2857142857143,52.66666666666666,-27.82092736589584,-79.73272239504207,51.91179502914624,12834.327573992312,11747.172426007688,12290.75,1087.155147984624,62.15878735990212,63.26789403126851,59.940574017169325,-35.042735042735046,40.234877389626,79.3169088102027,25667.2,3310994,36753.65,-1180.0,-2.4051690752328714
2024-04-22,12525.0,12518.5,12323.25,12611.0,12444.706900687195,353.57142857142856,64.41605839416059,23.03168163346163,-59.179841589341336,82.21152322280297,12952.68813708819,11693.81186291181,12323.25,1258.8762741763785,74.1475249066014,66.89443765637948,88.65369940704525,-1.1070110701107012,85.74578312371662,100.0,27708.25,3369806,37775.55,9727.0,20.31494747394582
2024-04-23,12576.0,12573.5,12343.0,12597.25,12459.97291014556,368.9285714285714,64.41605839416059,31.101028494686037,-41.123667572535865,72.2246960672219,12982.18863042388,11703.81136957612,12343.0,1278.377260847759,62.4316832710676,65.40685286127552,56.48134409065176,-39.22829581993569,70.18721397718275,100.0,31448.05,3273427,38658.35,-2959.0,-5.136439383418967
2024-04-24,12643.0,12574.5,12359.0,12581.583333333334,12477.594537750743,367.8571428571428,65.51724137931035,40.25962186465222,-24.84700968509825,65.10663154975046,13012.159124643653,11705.840875356347,12359.0,1306.318249287302,55.954455514045065,62.25605374553204,43.35125905107111,-38.38383838383838,50.91590815481454,100.0,31841.1,3305262,39616.7,333.0,0.6093432633716978
2024-04-25,12630.0,12548.5,12358.25,12568.333333333334,12477.82362939353,372.8571428571428,60.39076376554174,33.81396570876132,-13.11481460632634,46.92878031508766,13010.785742114438,11705.714257885562,12358.25,1305.0714842288762,46.13630367603005,56.88280372236471,24.643303583360733,-52.12765957446808,32.04791084784059,80.41620420764959,32431.6,3267482,40405.45,-4627.0,-8.415481430286276
2024-04-26,12658.0,12539.0,12374.75,12555.5,12485.64995040367,377.1428571428572,59.89208633093525,34.76037224521315,-3.539777236018441,38.30014948123159,13030.313036432684,11719.186963567316,12374.75,1311.1260728653651,42.25753578402004,52.00771440958316,22.75717853289379,-50.57915057915058,18.59619412295489,74.44959694894683,32840.85,3299106,41231.4,-705.0,-1.4000595770032764
2024-04-29,12570.0,12547.5,12387.75,12542.416666666666,12492.73090750808,389.2857142857143,59.23217550274222,35.105729249609794,4.189324061107206,30.916405188502587,13047.37090388503,11728.12909611497,12387.75,1319.2418077700604,39.67169052268002,47.89570644728212,23.22365867347584,-65.5,36.42072931936308,68.05483452654128,34723.6,3299106,42221.75,1217.0,2.451158106747231
2024-04-30,12550.0,12563.0,12402.5,12528.333333333334,12493.899392507312,361.7857142857143,47.05882352941176,30.5887784211518,9.469214933116124,21.11956348803568,13058.56883464273,11746.43116535727,12402.5,1312.137669285461,33.773801007794006,43.188404634119415,14.944593755143188,-71.0,17.87906660118878,6.181220026411481,35288.15,3271734,43258.25,-573.0,-1.1264670611594974
2024-05-06,12545.0,12594.0,12442.75,12525.083333333334,12505.908974173282,352.5,47.2972972972973,35.875055938215155,14.75038313413593,21.124672804079225,13043.499312810349,11842.000687189651,12442.75,1201.498625620694,34.05432887699087,40.14371271507657,21.87556120081949,-59.5,27.443117802016477,7.393312966373221,34900.0,3298537,44323.2,930.0,1.8491271324611256
2024-05-07,12627.0,12628.5,12497.75,12526.083333333334,12542.489071871065,355.35714285714283,54.88565488565489,61.14635534972513,24.02957757725377,37.11677777247135,13045.99576701752,11949.50423298248,12497.75,1096.4915340350417,44.13145734656534,41.47296092557283,49.44845018855035,-32.5,57.34670025124467,45.9627319020781,35951.55,3348799,45769.3,5806.0,11.334530688739664
2024-05-08,12679.0,12668.5,12544.0,12524.5,12568.918684073822,352.1428571428572,57.51633986928105,74.66493630917284,34.15664932363759,40.50828698553526,13030.768074029857,12057.231925970143,12544.0,973.5361480597094,48.28544042884576,43.74378742666381,57.36874643320967,-39.5,67.50098418543297,59.33374006028826,37628.75,3297549,47476.6,2119.0,3.715588286866556
2024-05-09,12742.0,12656.0,12587.25,12524.416666666666,12598.069285590602,340.35714285714283,61.79775280898876,88.79299904025902,45.08391926696188,43.70907977329714,13025.541839807796,12148.958160192204,12587.25,876.5836796155927,58.5791825081194,48.68891912048234,78.3597092833935,-34.0,71.58391643434497,81.09491925955098,38499.2,3330215,49323.9,1197.0,2.023702852119213
2024-05-10,12794.0,12672.0,12622.75,12521.833333333334,12613.967448867688,346.7857142857143,59.91285403050109,90.07517925361572,54.08217126429265,35.99300798932307,12988.543657681485,12256.956342318515,12622.75,731.5873153629655,60.34908463504256,52.57564095866909,75.8959719877895,-49.45054945054945,51.335147857640926,69.63776963776965,39955.2,3290275,51044.4,-3979.0,-6.593643323501142
2024-05-13,12863.0,12704.0,12639.25,12524.916666666666,12647.3991204041,334.2857142857143,59.29203539823008,106.00765458597562,64.46726792862924,41.54038665734637,13035.844383801834,12242.655616198166,12639.25,793.1887676036677,70.78827864558393,58.646520187640704,95.07179556147037,-27.47252747252747,80.95012451581258,66.27443353107067,40332.7,3329851,51961.4,3552.0,6.301559423066694
2024-05-14,12844.0,12735.5,12642.0,12528.333333333334,12661.45634703228,342.5,58.1344902386117,103.72104517872503,72.3180233786484,31.40302180007663,13042.281479908692,12241.718520091308,12642.0,800.5629598173837,65.68366994863746,60.99223677463962,75.06653629663313,-46.15384615384615,57.22232254903809,60.0033372267645,40240.55,3291159,52621.1,-1947.0,-3.249386672007215
2024-05-15,12838.0,12758.5,12648.75,12538.5,12673.698599695872,311.42857142857144,43.93063583815029,100.34867547015348,77.92415379694943,22.42452167320404,13054.4706064847,12243.0293935153,12648.75,811.4412129694028,62.0372884815734,61.34058734361754,63.43069075748511,-46.7032967032967,30.184308608072463,0.0,40185.55,3267556,53240.3,101.0,0.1742220382253467
2024-05-16,12819.0,12780.5,12664.0,12552.666666666666,12683.82254258198,269.2857142857143,56.50557620817843,95.7652100236064,81.49236504228082,14.27284498132559,13065.124734504838,12262.875265495162,12664.0,802.2494690096755,56.91374787660449,59.86497418794652,51.01129525392044,-40.25157232704402,30.99891936699884,58.25344029218022,39491.0,3247680,53788.85,-120.0,-0.2066364747817406
2024-05-17,12829.0,12811.5,12687.25,12551.583333333334,12696.315633764649,270.35714285714283,56.34328358208955,93.87485720909172,83.96886347564302,9.905993733448696,13064.964386666346,12309.535613333654,12687.25,755.4287733326928,51.06306596028952,56.93100477872753,39.32718832341351,-35.84905660377358,39.773367997524055,69.47202374170585,39540.35,3279990,54383.8,-51.0,-0.0880023467292434
2024-05-20,12792.0,12827.5,12710.75,12551.25,12704.28557340611,262.5,62.39669421487604,88.53198982211688,84.8814887449378,3.6505010771790873,13045.701292609912,12375.798707390088,12710.75,669.9025852198247,44.436309206501264,52.76610625465211,27.77671511019956,-40.25157232704402,41.39461024877997,100.0,40149.3,3245305,55010.7,1030.0,1.7788677420468968
2024-05-21,12654.0,12749.0,12688.75,12540.416666666666,12647.210756891243,290.0,37.396121883656505,29.49091719902026,73.8033744357543,-44.31245723673403,13114.918671821502,12262.581328178498,12688.75,852.3373436430047,30.281020587585413,45.27107769896321,0.3009063648298138,-98.0295566502463,-120.72158869850117,0.0,42224.55,3160148,55735.6,4627.0,7.851421977872808
2024-05-22,12501.0,12669.5,12669.0,12530.25,12587.952589568267,277.85714285714283,35.80901856763926,-23.484178641856488,54.34586382023214,-77.83004246208863,13176.46635875017,12161.53364124983,12669.0,1014.9327175003382,20.49456672044865,37.01224070612503,-12.540781250904104,-99.07834101382488,-145.8647305200715,0.0,43051.1,3109358,56640.5,2420.0,3.807485957928858
2024-05-23,12377.0,12598.0,12627.0,12521.916666666666,12547.195200085576,296.7857142857143,41.221374045801525,-53.95202662383235,32.68628573141925,-86.6383123552516,13157.634178675804,12096.365821324196,12627.0,1061.2683573516078,25.161302320020354,33.06192791075681,9.360051138547448,-65.50522648083624,-126.5501121452778,20.356632711986496,43344.8,3174044,56878.95,-3602.0,-5.459312811652195
2024-05-24,12195.0,12512.0,12592.0,12510.583333333334,12486.033752458376,304.6428571428572,33.0166270783848,-97.54989012396982,6.639050560341431,-104.18894068431123,13213.334726299168,11970.665273700832,12592.0,1242.669452598333,22.3491144386663,29.49099008672664,8.065363142545621,-83.27526132404181,-104.74007201580694,0.0,40816.1,3128239,57434.5,3383.0,5.42347339564262
2024-05-27,12014.0,12403.0,12553.5,12503.0,12427.840061748057,302.5,22.7882037533512,-132.98924312123927,-21.28660817597471,-111.70263494526456,13251.678833974882,11855.321166025118,12553.5,1396.3576679497637,20.26339430010704,26.415124824520102,7.959933251280901,-85.36585365853658,-98.90493225642254,0.0,41302.55,3086675,58083.1,2194.0,3.336374695863742
2024-05-28,11969.0,12311.5,12523.5,12493.833333333334,12375.66481777205,291.42857142857144,23.88888888888889,-158.8407106476334,-48.797428670306445,-110.04328197732694,13283.77765011419,11763.22234988581,12523.5,1520.5553002283814,19.00062812855156,23.943625925863927,9.11463253392683,-85.01742160278745,-87.20589168924376,2.778912103724021,40799.65,3114397,58954.95,-162.0,-0.2383965623804385
2024-05-29,11952.0,12226.5,12492.5,12484.75,12334.172930365188,293.57142857142856,24.099722991689745,-172.49823408685916,-73.537589753617,-98.96064433324216,13295.851532151726,11689.148467848274,12492.5,1606.7030643034525,19.69135106398967,22.52620097190584,14.021651248157331,-80.8362369337979,-76.03022335291868,3.311207327157646,40645.55,3142939,59814.0,-961.0,-1.4175713948548552
2024-05-30,11904.0,12140.5,12460.5,12472.166666666666,12294.727889378028,285.7142857142857,25.364431486880463,-182.82822271774057,-95.39571634644172,-87.43250637129886,13302.583256291393,11618.416743708607,12460.5,1684.1665125827822,19.640977337678937,21.564459760496877,15.794012492043066,-82.22996515679442,-64.74092887072943,6.504231046198993,39708.6,3110068,60568.1,-882.0,-1.3197468240786492
2024-05-31,11864.0,12029.5,12420.5,12450.416666666666,12238.563328484885,287.85714285714283,13.583815028901723,-205.98900329500796,-117.51437373615497,-88.47462955885297,13327.205430027914,11513.794569972086,12420.5,1813.4108600558284,14.263575535060813,19.13083168535152,4.529063234479402,-97.21254355400696,-73.97555221404399,0.0,39911.8,3078632,61364.95,282.0,0.4276031478870123
2024-06-03,11792.0,11903.0,12365.25,12424.75,12169.652535295843,282.1428571428572,13.42857142857143,-236.944156131387,-141.4003302152014,-95.5438259161856,13351.910902662155,11378.589097337845,12365.25,1973.3218053243145,15.516802294691704,17.926155221798247,10.698096440478622,-90.37267080745342,-90.99452910282466,0.0,41425.2,3021561,61967.05,-2965.0,-4.476755597831827
2024-06-04,11719.0,11844.0,12296.5,12403.583333333334,12107.304674791478,280.7142857142857,13.467048710601716,-258.4965504489901,-164.81957426195913,-93.67697618703096,13320.131821146237,11272.868178853763,12296.5,2047.2636422924695,16.387419853381214,17.413243432325903,14.335772695491832,-90.37267080745342,-79.25269390300555,0.0785761835269841,40073.55,3021561,62233.65,-904.0,-1.4288875541365045
2024-06-05,11656.0,11804.0,12236.75,12380.916666666666,12061.370896239909,296.42857142857144,18.69918699186992,-263.66157106307764,-184.5879736221829,-79.07359744089479,13271.169618611528,11202.330381388472,12236.75,2068.8392372230555,21.25633058451535,18.69427248305572,26.380446787434607,-83.54037267080746,-64.81969878988319,10.763360454513023,39486.05,3061061,62276.55,-2355.0,-3.776338154645453
2024-06-06,11604.0,11754.0,12176.0,12360.833333333334,12023.145096598011,293.57142857142856,18.69918699186992,-261.9115265748205,-200.0526842127104,-61.85884236211013,13195.192662949712,11156.807337050288,12176.0,2038.385325899424,27.963990504619428,21.784178490243622,40.32361453337104,-81.36645962732919,-54.08724078730756,10.763360454513023,38830.2,3080610,62253.0,-132.0,-0.2199743363274331
2024-06-07,11562.0,11713.0,12112.5,12338.666666666666,11972.845563588678,305.7142857142857,17.468354430379733,-270.7180555190644,-214.1857584739812,-56.53229704508317,13135.424085262695,11089.575914737305,12112.5,2045.8481705253944,24.84955688813709,22.805971289541446,28.936728085328383,-90.65743944636678,-58.55009770088776,14.535356716072409,38666.4,3043946,62523.45,1901.0,3.1749478079331928
2024-06-11,11558.0,11675.0,12039.0,12321.916666666666,11927.33646229452,266.42857142857144,26.538461538461547,-274.53265163755714,-226.2551371066964,-48.27751453086074,13014.141555176262,11063.858444823738,12039.0,1950.283110352524,22.7732678104822,22.79507012985503,22.72966317173654,-84.30232558139535,-57.02195459762656,47.17009036635501,37631.5,3043946,62600.1,-324.0,-0.5244755244755206
2024-06-12,11554.0,11636.5,11974.0,12301.916666666666,11886.161561123612,262.85714285714283,28.27868852459017,-274.39271809349884,-235.8826533040569,-38.51006478944194,12909.462733793169,11038.537266206831,11974.0,1870.9254675863376,21.389075092045605,22.326405117251888,19.514415041633043,-84.21052631578948,-52.00711258746199,53.43152074491557,36639.45,3043946,62765.9,-164.0,-0.2668749593178421
2024-06-13,11486.0,11571.0,11898.75,12276.083333333334,11828.90807911184,250.0,16.216216216216225,-287.9082377601935,-246.28777019528425,-41.62046756490929,12799.310497982404,10998.189502017596,11898.75,1801.1209959648077,18.730928110144227,21.12791278154933,13.936958767334012,-89.42307692307692,-65.88541597368236,14.231350152772077,37268.45,3007763,62876.2,-1009.0,-1.6463255449680192
2024-06-14,11437.0,11520.5,11830.5,12259.666666666666,11789.488262053568,237.14285714285717,29.059829059829056,-284.84594419124915,-253.99940499447723,-30.846539196771914,12653.401797556096,11007.598202443904,11830.5,1645.8035951121892,26.16249908197649,22.806108215025056,32.875280815879364,-73.62637362637362,-56.43903639722716,100.0,37107.35,3024417,62957.55,-699.0,-1.159607823620168
2024-06-17,11366.0,11464.0,11746.75,12238.166666666666,11727.632237096086,246.42857142857144,24.02826855123675,-301.13792564929827,-263.42710912544146,-37.710816523856806,12484.28697498748,11009.21302501252,11746.75,1475.073949974958,19.46186807485302,21.691361501634372,15.002881221290307,-95.93908629441624,-70.59365180508753,67.81090410453756,36987.85,2994497,63071.95,610.0,1.0238335011748978
2024-06-18,11274.0,11416.0,11659.5,12217.083333333334,11661.667262134555,251.78571428571428,22.11221122112211,-318.84659573011413,-274.51100644637603,-44.3355892837381,12287.034020885258,11031.965979114742,11659.5,1255.0680417705153,14.085689827679792,19.156137610316183,3.944794262407008,-97.67441860465117,-94.48644735357956,55.55304632166074,36325.5,2973059,63118.1,-335.0,-0.55657085894667
2024-06-19,11189.0,11371.5,11607.75,12193.916666666666,11605.31799907412,248.92857142857144,20.80536912751677,-326.2953076654521,-284.86786669019125,-41.42744097526088,12251.100399737268,10964.399600262732,11607.75,1286.7007994745363,13.663964158624134,17.325413126418834,6.341066223034737,-91.03139013452916,-89.61546528152324,47.192605182285845,33183.15,2995369,62926.15,-135.0,-0.225545067245847
2024-06-20,11144.0,11315.0,11559.5,12173.083333333334,11553.382951543254,239.28571428571428,20.945945945945937,-329.2104488379773,-293.73638311974844,-35.47406571822887,12215.708407203236,10903.291592796764,11559.5,1312.4168144064715,12.955463285236602,15.86876317935809,7.128863496993624,-91.21951219512196,-79.72847154888139,48.091936648412144,31384.3,2980556,62618.85,113.0,0.1892163429336957
2024-06-21,11138.0,11287.5,11520.75,12157.0,11537.346479967706,248.57142857142856,39.937106918239,-301.8167793994944,-295.35246237569766,-6.464317023796752,12116.385662217484,10925.114337782516,11520.75,1191.2713244349688,30.7703088568244,20.835945071846854,50.63903642677949,-47.46835443037975,-39.71947472746582,100.0,30610.45,3029765,62288.3,-4067.0,-6.79725235238079
2024-06-24,11171.0,11268.5,11490.75,12141.916666666666,11515.218243780304,252.8571428571429,42.90540540540541,-283.2967616981241,-292.94132224018296,9.644560542058857,12064.952192519964,10916.547807480036,11490.75,1148.4043850399285,37.30551918775762,26.325803110483776,59.264951342305295,-57.59493670886076,-20.97732583761785,100.0,30489.6,2986377,61738.35,-1005.0,-1.8021733672847209
2024-06-25,11248.0,11261.0,11468.0,12126.833333333334,11506.14983961075,256.42857142857144,47.02194357366771,-256.3845340210046,-285.6299645963473,29.24543057534271,12013.434640785144,10922.565359214856,11468.0,1090.8692815702889,47.42673710261535,33.35944777452763,75.5613157587908,-43.03797468354431,-22.510036175548414,100.0,29545.25,3009054,61057.85,-417.0,-0.7614908420226052
2024-06-26,11332.0,11260.5,11448.5,12110.083333333334,11504.611759647822,242.8571428571429,45.65916398713826,-226.79364870108293,-273.86270141729443,47.0690527162115,11958.660965310277,10938.339034689723,11448.5,1020.3219306205538,57.68298764234507,41.46729439713344,90.11437413276832,-33.333333333333336,-4.043808491224579,95.57621356991004,29490.65,3035684,60412.95,550.0,1.0120712498159934
2024-06-27,11338.0,11241.0,11406.0,12091.083333333334,11465.124925395648,267.1428571428572,35.15625,-232.93419554500724,-265.677000242837,32.74280469782974,11884.39204358812,10927.60795641188,11406.0,956.784087176242,44.47036268888168,42.46831716104952,48.47445374454601,-84.61538461538461,-38.521206709579296,61.48218337458744,30255.65,2991842,59869.1,1060.0,1.930994279884879
2024-06-28,11286.0,11212.0,11366.25,12071.5,11432.732075357968,254.64285714285717,39.66480446927375,-232.29862175554808,-259.0013245453792,26.702702789831108,11794.27945053619,10938.22054946381,11366.25,856.0589010723816,37.4163320181517,40.78432211341691,30.680351827621266,-76.69172932330827,-69.84837511307538,76.11762572905336,30237.35,3024347,59444.6,1505.0,2.6897094041534064
2024-07-01,11204.0,11187.5,11325.75,12049.583333333334,11381.519496752448,273.92857142857144,35.14851485148516,-247.50096568966728,-256.7012527742368,9.200287084569538,11771.729407124303,10879.770592875697,11325.75,891.9588142486064,30.24725164846477,37.2719652917662,16.197824361861905,-84.0909090909091,-96.0861238805146,61.45707392521432,30706.7,2983524,59112.45,2129.0,3.705250700499496
2024-07-02,11111.0,11179.5,11297.75,12035.25,11340.898592299834,272.85714285714283,37.01923076923077,-251.8047854022734,-255.72195929984412,3.917173897570734,11763.57665626197,10831.92334373803,11297.75,931.6533125239404,27.740592008067424,34.09484086386661,15.032094296469054,-77.27272727272727,-81.20126598812028,67.52969768130657,29010.8,3006677,58930.9,47.0,0.0788749412633516
2024-07-03,10998.0,11165.0,11268.25,12020.833333333334,11301.289202556993,262.85714285714283,40.526315789473685,-254.70031611269405,-255.51763066241412,0.8173145497200949,11750.582872609775,10785.917127390225,11268.25,964.6657452195504,24.93312194477222,31.040934557501814,12.717496719313033,-80.68181818181819,-73.46418050598852,75.22320165231312,29150.45,2980655,58822.25,554.0,0.928984656661358
2024-07-04,10947.0,11142.5,11228.75,12003.166666666666,11256.880707075374,273.2142857142857,34.40860215053765,-261.2458137791182,-256.66326728575496,-4.582546493363225,11717.420322621012,10740.079677378988,11228.75,977.340645242024,19.65238432681785,27.244751147273824,4.467650685905895,-90.9090909090909,-74.87178779247348,51.88791179016171,28719.15,2949781,58848.35,340.0,0.5648872717606279
2024-07-05,10840.0,11063.0,11175.25,11979.5,11193.368258782482,267.1428571428572,34.97267759562841,-282.94105196473174,-261.9188242215503,-21.022227743181418,11698.211958966724,10652.288041033276,11175.25,1045.9239179334472,14.39608793308892,22.96186340921219,-2.735463019157613,-96.31336405529954,-111.86500930150676,54.03951037619888,29754.9,2909517,58948.35,1346.0,2.2237274694774323
2024-07-08,10782.0,10993.0,11130.75,11955.333333333334,11137.333186517484,271.07142857142856,37.643678160919535,-295.51776505072667,-268.6386123873856,-26.879152663341078,11689.397568027603,10572.102431972397,11130.75,1117.295136055207,12.41429336384332,19.446006727422567,-1.6491333633151797,-91.96428571428572,-101.82296693102468,64.2277238316882,29256.5,2936213,58898.7,-1092.0,-1.7648484848484802
2024-07-09,10683.0,10897.0,11079.0,11919.083333333334,11072.82526399201,272.5,33.5135135135135,-313.57054293803594,-277.62499849751566,-35.94554444052028,11685.296783327836,10472.703216672164,11079.0,1212.5935666556725,9.145760793286852,16.012591416043996,-4.587900452227437,-97.5103734439834,-105.49187237372162,48.19592234586952,29468.15,2913102,58968.35,2062.0,3.392395900169465
2024-07-10,10582.0,10790.0,11025.25,11880.416666666666,11010.651429326104,290.7142857142857,32.97872340425532,-327.3318869473187,-287.5663761874763,-39.765510759842414,11665.895028570094,10384.604971429906,11025.25,1281.290057140188,15.173856178310167,15.733013003466052,14.055542527998403,-80.73089700996678,-112.49737884846272,0.0,31192.65,2859761,58876.95,-3385.0,-5.386267801734423
2024-07-11,10510.0,10728.5,10984.75,11844.083333333334,10959.637007485524,274.6428571428572,21.73913043478261,-329.99582442527753,-296.05226583503656,-33.94355859024097,11657.845559024829,10311.654440975171,10984.75,1346.1911180496536,20.91402618460114,17.460017397177747,27.82204375944793,-77.07641196013289,-83.20493893951257,0.0,30830.3,2888697,58823.0,-260.0,-0.4372687521022489
2024-07-12,10493.0,10666.5,10939.25,11811.25,10916.338244867857,258.92857142857144,24.358974358974365,-325.9291563590032,-302.0276439398299,-23.901512419173287,11612.914565914238,10265.585434085762,10939.25,1347.3291318284755,26.82928206121176,20.583105618522417,39.32163494659044,-74.13793103448276,-70.39522448289183,10.36215356970076,31286.8,2914481,58717.1,-1738.0,-2.9358108108108127
2024-07-15,10433.0,10607.5,10897.5,11777.166666666666,10858.11555488044,265.7142857142857,16.109422492401208,-334.9831439838981,-308.6187439486436,-26.36440003525456,11620.472664548395,10174.527335451605,10897.5,1445.945329096794,23.89993374527519,21.688714994106675,28.322371247612224,-87.93103448275862,-80.55170544745896,0.0,31243.1,2885435,58521.15,-1191.0,-2.072674115067352
2024-07-16,10392.0,10537.5,10858.5,11742.916666666666,10800.67597822516,268.92857142857144,12.000000000000014,-342.2478562941833,-315.34456641775154,-26.90328987643176,11632.587578344574,10084.412421655426,10858.5,1548.1751566891471,20.228821809564906,21.20208393259275,18.282297563509218,-91.3793103448276,-73.79478099846523,0.0,31312.45,2862610,58344.0,41.0,0.0728616871923382
2024-07-17,10388.0,10485.0,10825.0,11707.166666666666,10762.516361251335,248.92857142857144,24.81751824817519,-332.4723704256703,-318.7701272193353,-13.702243206335028,11618.300898644058,10031.699101355942,10825.0,1586.6017972881164,26.07329379378919,22.82582055299157,32.56824027538444,-74.64788732394366,-63.91926658347702,44.93225954157352,31421.25,2887096,58090.5,-1662.0,-2.9514135530615104
2024-07-18,10403.0,10456.5,10799.5,11676.0,10742.276707798826,250.3571428571429,30.639730639730644,-309.058843087938,-316.82787039305583,7.769027305117902,11593.781535662723,10005.218464337277,10799.5,1588.5630713254468,39.42943995701431,28.36036035433248,61.56759916237797,-60.563380281690144,-39.53493655855971,65.34222917986754,32173.25,2916949,57816.2,-303.0,-0.554437328453794
2024-07-19,10390.0,10441.5,10752.25,11633.333333333334,10713.488449913224,232.14285714285717,33.33333333333333,-295.96780209013923,-312.6558567324725,16.68805464233327,11511.539661113387,9992.960338886613,10752.25,1518.5793222267748,46.54773121317294,34.422817307279296,70.79755902496022,-68.04123711340206,-34.723495219677424,74.78474784747844,30949.7,2892211,57714.95,-606.0,-1.1150569488656226
2024-07-22,10422.0,10427.5,10710.25,11597.666666666666,10689.82288325482,236.07142857142856,31.57894736842105,-280.3441340481004,-306.1935121955981,25.849378147497703,11432.843829274276,9987.656170725724,10710.25,1445.1876585485516,53.82093645504046,40.88885702319968,79.68509531872202,-65.4639175257732,-37.96658770706039,68.63468634686346,29702.75,2910660,57634.3,-593.0,-1.1034405760964594
2024-07-23,10445.0,10418.5,10657.75,11559.75,10659.363561040076,241.42857142857144,30.107526881720432,-272.4869111200278,-299.45219198048403,26.965280860456232,11312.62222538366,10002.87777461634,10657.75,1309.7444507673172,50.274563697299705,44.01742591456636,62.7888392627664,-75.25773195876289,-35.02214993124342,70.61205014386722,29934.5,2883348,57552.45,-441.0,-0.8297584104764
2024-07-24,10471.0,10429.5,10609.75,11527.25,10647.043221893402,240.7142857142857,39.59044368600684,-250.46217052259271,-289.6541876889058,39.192017166313065,11135.84259741288,10083.65740258712,10609.75,1052.1851948257572,60.03152731335132,49.35545971416134,81.38366251173127,-44.05594405594405,-30.932651333307916,100.0,29771.2,2906712,57336.4,-2134.0,-4.048798072362303
2024-07-25,10457.0,10430.0,10579.25,11492.583333333334,10631.13434361784,234.64285714285717,45.66929133858268,-234.3406538662257,-278.59148092436976,44.25082705814407,11056.581121968804,10101.918878031196,10579.25,954.662243937608,62.7482909361736,53.81973678816543,80.60539923218997,-44.881889763779526,-25.75319163136862,100.0,28961.7,2879060,56950.9,-2329.0,-4.605224131453545
2024-07-26,10512.0,10451.0,10558.75,11461.833333333334,10639.12154898757,256.42857142857144,53.69127516778523,-200.2928484646127,-262.9317544324184,62.63890596780567,10967.71370962406,10149.78629037594,10558.75,817.9274192481171,62.68989376251729,56.77645577961605,74.51676972831977,-35.35911602209945,54.222065442937534,100.0,29784.35,2928018,56972.8,9653.0,20.008705745792238
2024-07-29,10539.0,10480.5,10544.0,11430.083333333334,10635.39568717923,256.7857142857143,54.7945205479452,-180.50846704210016,-246.44709695435472,65.93862991225456,10922.008632594268,10165.991367405732,10544.0,756.0172651885332,58.16753151419282,57.24014769114165,60.02229916029515,-48.06629834254144,16.95822920993969,100.0,29662.4,2889634,56989.35,2022.0,3.49240893310534
2024-07-30,10575.0,10510.0,10523.75,11395.583333333334,10627.262764590732,252.14285714285717,54.42176870748299,-166.93941074762915,-230.5455597130096,63.60614896538047,10848.725707594142,10198.774292405858,10523.75,649.9514151882831,51.25147262236511,55.24392266821613,43.26657253066307,-56.72514619883041,20.155473037409426,99.12897297203132,30922.15,2841286,57050.1,931.0,1.553764248402012
2024-07-31,10617.0,10544.0,10514.5,11359.75,10637.99964415352,254.28571428571428,58.25545171339564,-139.24924515227212,-212.28629680086212,73.03705164859002,10799.454289963178,10229.545710036822,10514.5,569.9085799263557,54.81280970523265,55.10021834722164,54.23799242125466,-34.50292397660819,47.25766273206491,100.0,31412.3,2877111,57081.6,-31.0,-0.0509449465899702
2024-08-01,10643.0,10550.0,10503.25,11322.916666666666,10635.333011376995,257.1428571428572,53.07917888563049,-126.33815535360554,-195.09666851141083,68.75851315780528,10750.152388554025,10256.347611445975,10503.25,493.8047771080455,51.59563657768199,53.93202442404176,46.92286088496243,-49.707602339181285,49.74197855999597,88.80937784406915,31685.55,2840772,57142.55,929.0,1.5274831878195894
2024-08-02,10632.0,10572.0,10506.75,11286.0,10637.68224838871,247.5,61.41479099678457,-110.79427411130382,-178.23618963138944,67.44191552008562,10760.713839116805,10252.786160883195,10506.75,507.9276782336056,51.60139212705681,53.15514699171344,48.49388239774355,-43.85964912280702,49.84016934736192,100.0,31009.3,2867511,57113.1,-462.0,-0.748202370926998
2024-08-05,10676.0,10607.5,10517.5,11253.583333333334,10655.045843780264,252.8571428571429,66.96696696696696,-84.58987400281876,-159.5069265056753,74.91705250285654,10804.966245158035,10230.033754841965,10517.5,574.9324903160741,58.48694959008088,54.93241452450259,65.59601972123747,-25.14619883040936,84.47542896874421,100.0,32444.6,2922913,57223.25,1700.0,2.7738798420520183
2024-08-06,10703.0,10639.0,10528.75,11215.583333333334,10657.898620563095,251.42857142857144,58.61027190332326,-73.8646046984195,-142.37846214422416,68.51385744580466,10824.240226038371,10233.259773961629,10528.75,590.980452076743,55.53806231664865,55.13429712188461,56.34559270617673,-45.16129032258065,65.75655406920916,77.32820942391749,33243.0,2883834,57187.35,-859.0,-1.3637951290763062
2024-08-07,10732.0,10674.5,10552.0,11183.75,10679.52732336661,252.14285714285717,59.82404692082111,-48.665438095844365,-123.6358573345482,74.97041923870384,10882.55615017883,10221.44384982117,10552.0,661.1123003576613,61.01291381857574,57.09383602078165,68.85106941416393,-19.35483870967742,85.29147573819064,80.62119221120534,33077.1,2933857,57463.45,2855.0,4.595425499380301
2024-08-08,10732.0,10687.5,10558.75,11147.416666666666,10672.905673522171,259.6428571428572,54.54545454545455,-50.30523134914438,-108.96973213746745,58.66450078832307,10888.197304307969,10229.302695692031,10558.75,658.8946086159376,49.84194254571716,54.67653819576015,40.172751245631176,-54.83870967741935,43.97345857974587,66.30032254210968,34291.95,2880624,57694.0,-1171.0,-1.802037487304176
2024-08-09,10738.0,10685.0,10568.0,11112.583333333334,10674.533704615298,262.5,55.84415584415584,-44.63492428151221,-96.1027705662764,51.46784628476419,10901.45716997918,10234.54283002082,10568.0,666.914339958359,49.06129503047811,52.80479047399947,41.57430414343538,-44.516129032258064,43.343762472721984,69.82371111149035,35923.7,2939043,57916.0,-1909.0,-2.9916472081616075
2024-08-12,10627.0,10651.5,10566.0,11070.083333333334,10635.530494651935,277.85714285714283,47.671840354767184,-73.58684980651378,-91.59958641432388,18.012736607810098,10906.504270009547,10225.495729990453,10566.0,681.0085400190947,34.91341237325992,46.84099777375295,11.058241572273843,-94.47852760736195,-56.8050491542854,29.519441113184783,39086.7,2846737,58337.55,2800.0,4.523278730897218
2024-08-13,10518.0,10610.5,10560.25,11026.083333333334,10588.337114208896,271.7857142857143,41.21621621621623,-105.40289573286464,-94.36024827803205,-11.042647454832604,10925.827769104131,10194.672230895869,10560.25,731.1555382082661,25.71463263908385,39.79887606219658,-2.4538542071416174,-93.717277486911,-116.20185004722453,0.0,40859.65,2788453,58702.3,-1095.0,-1.6923742697289137
2024-08-14,10354.0,10543.0,10543.5,10992.083333333334,10538.49548428424,267.5,40.75723830734967,-135.11173062407397,-102.51054474724044,-32.60118587683354,10966.224247558242,10120.775752441758,10543.5,845.448495116485,19.37772529756428,32.99182580731915,-7.850475721945472,-94.1747572815534,-121.2175621576827,0.0,41730.05,2746559,59008.8,-2827.0,-4.444479381200184
2024-08-15,10239.0,10485.5,10517.75,10958.916666666666,10490.543533400029,240.7142857142857,33.33333333333333,-159.24131088785543,-113.85669797536345,-45.384612912492,10997.678448614448,10037.821551385552,10517.75,959.8568972288958,16.372714965215565,27.452122193284623,-5.7860994909225525,-89.63730569948187,-109.32545963310652,0.0,42457.0,2702167,59331.15,14.0,0.0230338927278639
2024-08-16,10119.0,10428.5,10500.25,10924.416666666666,10452.396530219072,237.5,37.121212121212125,-171.94407250890436,-125.47417288207164,-46.46989962683273,11016.282179739126,9984.217820260874,10500.25,1032.0643594782523,16.269202032078077,23.724482139549107,1.358641817136018,-83.93782383419689,-84.15847828170017,11.262175324675349,42806.9,2733903,59669.7,-282.0,-0.46386156528605
2024-08-19,10104.0,10365.5,10486.5,10895.833333333334,10427.406384483922,230.7142857142857,41.13300492610838,-171.95969403526396,-134.7712771127101,-37.18841692255387,11020.818060216649,9952.181939783351,10486.5,1068.636120433297,19.654424843492464,22.36779637419689,14.227681782083607,-73.57512953367876,-67.12711713515928,23.190095003518667,43934.55,2774905,59931.8,-2122.0,-3.506742464304602
2024-08-20,10108.0,10313.0,10476.0,10867.25,10401.939109771169,226.07142857142856,34.49197860962568,-172.40544088315073,-142.29810986679823,-30.107331016352504,11027.92104698522,9924.07895301478,10476.0,1103.8420939704374,20.91544989566164,21.883680881351808,18.978987924281316,-76.6839378238342,-59.026075687782445,3.444900687547782,43855.85,2749167,60219.25,66.0,0.1130330536050605
2024-08-21,10135.0,10244.5,10459.5,10839.25,10382.706813602485,226.42857142857144,38.48314606741574,-167.59905518410778,-147.35829893026013,-20.24075625384765,11024.206724070578,9894.793275929422,10459.5,1129.4134481411566,23.65059297073413,22.472651577812584,26.00647575657723,-72.53886010362694,-51.952020576301145,15.311496789727164,44822.85,2791871,60608.2,-104.0,-0.1779115916244689
2024-08-22,10152.0,10195.5,10441.5,10808.916666666666,10357.687117068912,228.2142857142857,35.0828729281768,-168.30517402179248,-151.54767394856665,-16.757500073225856,11026.056512058049,9856.943487941951,10441.5,1169.1130241160972,23.72405122780125,22.889784794475474,25.3925840944528,-80.82901554404145,-51.52910491591256,5.201756116811385,45409.9,2752478,61061.4,-1044.0,-1.7891417603509765
2024-08-23,10116.0,10117.5,10401.25,10775.416666666666,10315.050248776632,229.64285714285717,25.537634408602145,-183.6925301023512,-157.97664517932353,-25.71588492302763,11016.562286994427,9785.937713005573,10401.25,1230.6245739888543,19.38746272329607,21.72234410408234,14.71769996172354,-95.65217391304348,-72.64682691738162,0.0,46133.85,2689041,61299.35,5348.0,9.332030432051376
2024-08-26,10118.0,10111.0,10381.25,10750.333333333334,10304.093082226476,239.64285714285717,37.965260545905714,-170.5208856628742,-160.48549327603368,-10.035392386840527,10995.363610267505,9767.136389732495,10381.25,1228.2272205350057,39.8326056709524,27.75909795970569,63.9796210934458,-67.6328502415459,-41.28089175786094,36.246504742584605,47437.45,2753497,61189.2,-4940.0,-7.884320735444328
2024-08-27,10147.0,10127.5,10369.0,10730.166666666666,10304.179455347765,234.28571428571428,34.89583333333333,-149.8818948836506,-158.36477359755708,8.482878713906473,10978.698803983529,9759.301196016471,10369.0,1219.3976079670574,56.79562027548029,37.43793873163055,95.51098336317976,-57.28155339805825,-14.852841654209474,30.87849902085013,47096.0,2795016,61011.85,-413.0,-0.715572804768172
2024-08-28,10162.0,10148.5,10345.75,10709.5,10301.400459600358,227.14285714285717,39.99999999999999,-134.3968520237613,-153.57118928279797,19.174337259036637,10930.848057458836,9760.651942541164,10345.75,1170.1961149176714,63.17238882562883,46.01608876296331,97.48498895095986,-58.16326530612245,-9.978377700536724,47.72030872019352,47321.8,2754675,60886.4,1007.0,1.7573250964172835
2024-08-29,10210.0,10181.0,10333.25,10688.416666666666,10306.981368209848,221.78571428571428,40.17857142857142,-113.95248109907516,-145.6474476460534,31.69496654697824,10905.110076739424,9761.389923260576,10333.25,1143.7201534788474,72.6704814393081,54.900886321744906,108.2096716744345,-41.42011834319526,-3.4874790647339817,66.14620400469329,47119.6,2786970,60783.35,1377.0,2.3615160349854225
2024-08-30,10278.0,10197.0,10312.75,10664.916666666666,10301.55457123748,196.78571428571428,49.450549450549445,-105.41113657290772,-137.60018543142428,32.18904885851657,10864.32644886939,9761.17355113061,10312.75,1103.1528977387788,72.21241972497083,60.67139745615355,95.2944642626054,-28.703703703703702,-4.7163417638625225,100.0,47672.75,2749168,60688.95,-289.0,-0.484192537738537
2024-09-02,10251.0,10184.5,10275.0,10641.083333333334,10279.02556445296,199.64285714285717,47.368421052631575,-112.27576822251469,-132.53530198964236,20.25953376712769,10781.94129214753,9768.05870785247,10275.0,1013.882584295061,60.48729216232624,60.610029024877775,60.241818437223145,-62.96296296296296,-42.64885264784838,91.29287084295048,47226.05,2702700,60483.15,-528.0,-0.8889188188154429
2024-09-03,10189.0,10168.0,10240.5,10616.083333333334,10251.975510695534,200.0,47.53521126760563,-121.95859053234926,-130.41995969818373,8.46136916583447,10723.297767404243,9757.702232595757,10240.5,965.59553480849,48.34955279957552,56.523203616443695,32.00225116583917,-75.92592592592592,-50.31999815294101,91.99036094267896,46892.7,2670288,60394.1,1476.0,2.507219296755569
2024-09-04,10071.0,10116.5,10180.5,10585.916666666666,10197.977843010243,210.0,39.70588235294118,-152.88435056960043,-134.9128378724671,-17.971512697133363,10622.599060106855,9738.400939893145,10180.5,884.198120213714,32.689656204283224,48.57868781239021,0.911592988069259,-98.63013698630137,-93.31987059283964,59.24935508483818,46942.0,2619279,60304.5,2844.0,4.712822722301402
2024-09-05,9920.0,10065.0,10130.25,10557.916666666666,10141.503762723554,209.64285714285717,35.94202898550725,-181.75342922477284,-144.28095614292823,-37.47247308184461,10594.69618973342,9665.80381026658,10130.25,928.8923794668408,23.937353648859386,40.364909757879936,-8.917758569181714,-93.5672514619883,-116.20022219549732,43.50952010097488,46669.4,2571498,60376.2,2055.0,3.2520968507675274
2024-09-06,9766.0,10022.0,10069.75,10525.666666666666,10078.50340436893,208.92857142857144,29.71428571428572,-212.27189906316016,-157.87914472697463,-54.39275433618553,10542.351701669651,9597.148298330349,10069.75,945.2034033393028,16.663703138040297,32.46450755126673,-14.937905688412563,-97.88359788359789,-125.1429975841788,17.466090179122972,45596.45,2534538,60583.6,805.0,1.2338110200015295
2024-09-09,9637.0,9944.0,10027.5,10497.0,10015.788794429032,210.0,29.213483146067414,-238.5496529358188,-174.01324636874347,-64.53640656707535,10572.192090711998,9482.807909288002,10027.5,1089.3841814239968,14.593983910208683,26.50766633758072,-9.233380944535384,-89.54545454545455,-123.06025413141693,15.371813645543474,43248.25,2489196,60599.05,-1039.0,-1.573050719152158
2024-09-10,9498.0,9843.5,9985.5,10468.083333333334,9947.61843305484,208.57142857142856,25.80645161290323,-265.9917717484641,-192.4089514446876,-73.58282030377649,10616.388262689992,9354.611737310008,9985.5,1261.7765253799844,10.32992320740639,21.115085294189274,-11.240400966159378,-98.22222222222224,-107.19038246125082,1.1241507103150563,42178.75,2452302,60772.35,2062.0,3.1717709310731923
2024-09-11,9438.0,9754.5,9951.5,10440.0,9894.035725144851,207.14285714285717,30.29490616621985,-277.68013524271737,-209.4631882042936,-68.2169470384238,10635.413660294074,9267.586339705926,9951.5,1367.8273205881487,10.442171027159816,17.557447205179457,-3.788381328879467,-89.47368421052632,-91.48471724522808,19.89415238281339,41804.5,2486711,61104.8,356.0,0.5307649874017883
2024-09-12,9395.0,9657.5,9919.25,10412.166666666666,9846.032322750105,196.42857142857144,34.33734939759036,-283.2743786043957,-224.225426284314,-59.04895232008167,10646.069133369216,9192.430866630784,9919.25,1453.6382667384314,11.72335211334464,15.612748841234517,3.944558657564883,-89.03508771929825,-75.66142292947717,36.08045374902908,41681.15,2528636,61447.65,222.0,0.3292351955390016
2024-09-13,9371.0,9568.5,9882.75,10378.416666666666,9799.743530107236,182.8571428571429,20.0,-286.8222971515297,-236.74480045775715,-50.07749669377256,10645.877050193374,9119.622949806626,9882.75,1526.2541003867482,11.6308291197398,14.285442267402946,6.321602824413503,-91.66666666666669,-67.27222657790088,0.0,41700.85,2496506,61811.3,134.0,0.1980754164757403
2024-09-18,9334.0,9485.5,9835.0,10343.916666666666,9745.958432001786,194.64285714285717,12.323943661971825,-296.3048852194952,-248.6568174101048,-47.648067809390426,10635.762794235332,9034.237205764668,9835.0,1601.525588470664,14.4205527464932,14.330479093766364,14.600700051946866,-86.02941176470588,-81.10341885545549,0.0,42881.35,2431894,62350.85,1396.0,2.0594526812716785
2024-09-19,9364.0,9431.0,9799.5,10311.083333333334,9717.771914668285,205.0,24.29906542056075,-283.20657233577185,-255.56676839523817,-27.63980394053368,10602.546174198427,8996.453825801571,9799.5,1606.092348396858,29.762955562338743,19.474637916623823,50.33959085376859,-69.88847583643123,-57.26822133185184,32.25482508900179,44780.25,2495610,62917.6,610.0,0.8817449877856598
2024-09-20,9374.0,9406.0,9761.25,10276.833333333334,9690.841256128448,211.42857142857144,19.86970684039089,-270.9135172578008,-258.6361181677507,-12.277399090050096,10556.815836370566,8965.684163629434,9761.25,1591.1316727411322,41.69070987069081,26.879995234646152,71.31213914278013,-71.00371747211896,-40.91590672463362,20.324408919547924,46110.3,2426305,63651.65,3242.0,4.645298104340112
2024-09-23,9336.0,9365.5,9715.25,10245.333333333334,9644.0944698305,218.2142857142857,18.373493975903614,-276.9413115157113,-262.2971568373428,-14.644154678368466,10529.643380957486,8900.856619042514,9715.25,1628.7867619149729,37.63507642173038,30.465022297007565,51.97518467117601,-85.84474885844749,-56.60519835735343,17.180722891566276,46852.9,2372060,64472.7,696.0,0.9529938520942638
2024-09-24,9364.0,9367.5,9694.75,10218.25,9630.3711869895,224.64285714285717,34.08450704225352,-254.57629207087663,-260.7529838840496,6.176691813172965,10509.143380957486,8880.356619042514,9694.75,1628.7867619149729,53.978939836709145,38.30299481024142,85.33082988964459,-56.66666666666666,-36.61144593951294,61.80000000000001,46344.4,2425327,64969.35,-1140.0,-1.5462029866131322
2024-09-25,9422.0,9378.0,9661.0,10195.416666666666,9620.335835847642,233.57142857142856,36.41618497109827,-232.15838461898784,-255.03406403103727,22.87567941204944,10442.514050114463,8879.485949885537,9661.0,1563.0281002289266,59.68966359484314,45.43188440510866,88.20522197431211,-49.47368421052632,-13.382325932940487,87.98588580972952,46732.8,2497551,65725.6,252.0,0.3471600380222872
2024-09-26,9462.0,9413.0,9628.25,10173.666666666666,9623.16099433834,221.78571428571428,48.86731391585761,-201.97730744592263,-244.42271271401435,42.44540526809172,10348.639331871094,8907.860668128906,9628.25,1440.7786637421889,69.6696522731053,53.511140361107536,101.98667609710084,-10.37037037037037,-2.5190054502581,100.0,47418.5,2552784,66478.0,-490.0,-0.6726980683955497
2024-09-27,9576.0,9475.0,9614.75,10158.333333333334,9659.526613925163,253.92857142857144,60.98901098901099,-147.7103403451365,-225.0802382402388,77.3698978951023,10292.9944443678,8936.505555632199,9614.75,1356.4888887356028,72.67594304545818,59.89940792255776,98.22901329125904,-21.311475409836067,53.33903940939687,100.0,51274.6,2670247,66984.85,-3904.0,-5.395917126231842
2024-09-30,9769.0,9552.5,9605.0,10147.166666666666,9707.666936408485,268.92857142857144,68.46361185983827,-90.74664429357836,-198.21351945090672,107.46687515732836,10242.51986553155,8967.48013446845,9605.0,1275.0397310631015,77.16857741492083,65.65579775334544,100.19413673807162,-13.846153846153848,83.9422233450758,100.0,54561.4,2768278,67339.7,-1663.0,-2.4296170759858016
2024-10-08,9855.0,9609.5,9589.0,10136.166666666666,9728.84151389339,297.85714285714283,62.5615763546798,-63.82925685382543,-171.33666693149047,107.50741007766504,10172.100605204172,9005.899394795828,9589.0,1166.2012104083442,72.49146991060081,67.93435513909722,81.605699453608,-34.68634686346864,75.15134766627897,89.48687141442213,57309.8,2675508,67917.9,4178.0,6.255989458552946
2024-10-09,9904.0,9663.0,9574.25,10122.25,9732.761369713067,297.85714285714283,61.35265700483092,-54.776269465372025,-148.0245874382668,93.24831797289475,10120.406667324638,9028.093332675362,9574.25,1092.313334649276,64.44786518630218,66.77219182149888,59.79921191590879,-46.49446494464944,38.564043171237856,87.33345763650667,58355.25,2608131,68587.2,1294.0,1.8235111749950628
2024-10-10,9930.0,9696.0,9563.5,10110.916666666666,9737.260286883253,300.7142857142857,59.89974937343358,-46.26152128962895,-127.67197420853924,81.41045291891028,10082.579144153118,9044.420855846882,9563.5,1038.1582883062365,59.3586860804856,64.30102324116112,49.47401175913458,-45.75645756457565,46.44824421942408,84.74543444713456,59948.4,2672406,69154.35,-567.0,-0.7847099202834329
2024-10-11,9849.0,9712.5,9559.25,10097.25,9724.187878608656,316.7857142857143,54.83870967741936,-53.422199826702126,-112.82201933217182,59.399819505469694,10075.524865592062,9042.975134407938,9559.25,1032.5497311841243,51.04786722305598,59.88330456845941,33.37699253224912,-59.04059040590406,18.17409550777225,75.73034786312343,61231.0,2595745,69546.4,-658.0,-0.9178535061166948
2024-10-14,9774.0,9771.5,9568.5,10085.833333333334,9730.455699693544,319.2857142857143,59.2274678111588,-43.26692289903258,-98.91100004554396,55.64407714651139,10094.758891661346,9042.241108338654,9568.5,1052.5177833226917,46.1846892598151,55.317099465577975,27.91986884828934,-45.018450184501845,29.84020746753058,83.54791835226685,61622.15,2651349,69875.25,791.0,1.1135982880714046
2024-10-15,9769.0,9812.0,9589.75,10075.833333333334,9747.078966389396,323.57142857142856,64.43965517241381,-25.64364983149608,-84.2575300027344,58.61388017123832,10134.944074571034,9044.555925428966,9589.75,1090.3881491420689,45.58380033051344,52.07266642055647,32.60606815042739,-38.8235294117647,48.73678633115889,91.96656574706314,64843.25,2752731,70323.9,3201.0,4.456851661050942
2024-10-16,9786.0,9845.0,9611.5,10068.333333333334,9757.357160066598,324.6428571428572,59.39675174013921,-15.532610820389891,-70.5125461662655,54.9799353458756,10162.853358850552,9060.146641149448,9611.5,1102.706717701105,43.31054853494904,49.15196045868733,31.627724687472465,-44.67213114754098,44.45495629342725,81.89890440923266,66823.45,2667785,70805.55,-379.0,-0.5051784119536662
2024-10-17,9765.0,9847.5,9630.25,10058.666666666666,9749.513621012637,330.0,55.17241379310345,-21.79282115846217,-60.76860116470483,38.97578000624266,10162.162883646815,9098.337116353185,9630.25,1063.8257672936306,35.05347430419823,44.45246507385763,16.255492764879435,-59.42622950819672,22.64711627023508,73.46542865494496,68229.15,2602777,71060.75,-2467.0,-3.305021167140021
2024-10-18,9815.0,9832.0,9653.5,10049.5,9759.083752344766,329.6428571428572,64.38053097345133,-12.489079159420726,-51.11269676364802,38.62361760422729,10180.907761953138,9126.092238046862,9653.5,1054.8155239062762,36.10306526646923,41.66933180472816,24.97053218995137,-45.08196721311475,25.84236187244137,88.12336473549347,69354.5,2659693,71306.1,159.0,0.2202917827008654
2024-10-21,9846.0,9810.0,9681.25,10039.416666666666,9776.790061645264,318.57142857142856,60.82725060827251,2.520850659309872,-40.38598727905645,42.90683793836632,10208.685453771108,9153.814546228892,9681.25,1054.8709075422155,51.17151391596391,44.83672584180674,63.84109006427824,-47.395833333333336,38.58482005089853,76.17168680007558,70243.8,2719404,71673.05,2654.0,3.668989161689895
2024-10-22,9844.0,9806.5,9708.0,10030.333333333334,9788.048151012385,308.57142857142856,58.89423076923077,10.263435552507872,-30.256102712743584,40.519538265251455,10220.900934314854,9195.099065685146,9708.0,1025.801868629707,58.10188155145258,49.258444411688686,75.78875583098036,-56.741573033707866,38.14301920369229,51.167403567943296,71342.35,2665303,72100.85,1351.0,1.801573543139079
2024-10-23,9836.0,9811.0,9737.0,10019.5,9790.614993773108,315.35714285714283,54.05405405405405,9.83083470755082,-22.238715228684704,32.069549936235525,10200.503818186737,9273.496181813263,9737.0,927.0076363734696,57.73770296576589,52.084863929714416,69.04338103786884,-65.73033707865169,21.01893175218965,0.0,70931.05,2608917,72414.6,-885.0,-1.1592722128345168
2024-10-24,9858.0,9811.5,9753.75,10009.75,9790.080232461383,280.0,43.56725146198831,6.986707724094231,-16.39363063812892,23.38033836222315,10197.369977244629,9310.130022755371,9753.75,887.2399544892542,51.19021467558997,51.78664751167294,49.997349003424006,-69.10112359550561,9.93522416924568,0.0,69548.8,2572846,72726.35,570.0,0.7554071246819394
2024-10-25,9807.0,9811.0,9761.75,9994.166666666666,9771.501162703156,267.1428571428572,33.62068965517241,-10.477912650114376,-15.210487040526012,4.732574390411635,10186.53818250982,9336.96181749018,9761.75,849.5763650196423,35.20207860093095,46.25845787475895,13.089320053274974,-90.4494382022472,-28.24533294344345,0.0,69055.8,2513401,72998.95,2459.0,3.2344198037513427
2024-10-28,9768.0,9807.0,9789.25,9982.0,9769.453432921904,242.14285714285717,44.57831325301205,-11.676941004263426,-14.503777833273496,2.8268368290100696,10122.199735419308,9456.300264580692,9789.25,665.8994708386163,37.3294385392345,43.2821180962508,25.42407942520191,-55.14018691588785,-31.00858941209856,35.554806639143976,69030.85,2567147,73220.85,-318.0,-0.4051729629865552
2024-10-29,9725.0,9784.5,9798.25,9964.75,9760.934058357912,240.3571428571429,47.13375796178344,-18.067325714730032,-15.216487409564804,-2.850838305165228,10107.140629596674,9489.359370403326,9798.25,617.7812591933471,35.37318374525746,40.64580664591968,24.82793794393301,-68.22429906542057,-44.68178661988753,43.84659926061198,69285.0,2508797,73565.1,1307.0,1.6720610999526595
2024-10-30,9809.0,9822.5,9833.75,9958.666666666666,9806.083195657158,282.85714285714283,60.7565011820331,21.40536234076899,-7.8921174594980465,29.297479800267038,10172.196528467312,9495.303471532688,9833.75,676.8930569346267,49.03999795471376,43.44387041551771,60.23225303310585,-22.872340425531917,92.7505966331222,88.049066772471,83325.45,2861830,74681.1,15687.0,19.738530840274816
2024-10-31,9852.0,9855.0,9851.25,9949.5,9824.551462737429,282.85714285714283,59.21658986175116,33.34088304133729,0.3544826406690209,32.98640040066827,10185.864861091308,9516.635138908692,9851.25,669.2297221826157,49.54314881962602,45.47696321688714,57.675520025103765,-49.45054945054945,69.65983646832834,83.0524314395282,89056.05,2691985,75744.0,-1552.0,-1.630920229926125
2024-11-01,10047.0,9927.0,9879.5,9946.666666666666,9895.54656152434,325.0,65.29411764705883,87.78220686039822,17.84002748461486,69.94217937578335,10340.356182613004,9418.643817386996,9879.5,921.7123652260052,61.17084238248293,50.70825627208573,82.0960146032773,-15.57377049180328,140.88797189531442,100.0,99323.7,3014801,77248.6,4930.0,5.266587614438789
2024-11-04,10205.0,9986.5,9898.25,9945.5,9956.923079474402,320.35714285714283,62.88032454361054,127.0421362700854,39.68044924170897,87.36168702837642,10432.658428471192,9363.841571528808,9898.25,1068.816856942387,68.10296595990664,56.50649283469271,91.2959122103345,-18.0327868852459,135.74403766426656,92.3791226384886,103288.6,2837472,78835.85,-10.0,-0.0101482661687302
2024-11-05,10321.0,10023.0,9914.75,9938.833333333334,9985.787548095886,318.57142857142856,57.5139146567718,134.0173842546537,58.547836244297926,75.46954801035581,10473.126170129435,9356.373829870565,9914.75,1116.752340258874,65.0741084541454,59.36236470784361,76.49759594674899,-40.98360655737705,81.4959487444493,75.43618268196283,105274.7,2704980,80183.1,-622.0,-0.6312862203006198
2024-11-06,10319.0,10064.0,9937.5,9928.916666666666,10008.569686372468,319.2857142857143,60.78431372549019,135.16303570405034,73.87087613624841,61.29215956780193,10507.989171445734,9367.010828554266,9937.5,1140.978342891467,62.09858596396579,60.27443845988434,65.74688097212871,-43.85245901639344,63.28915614939512,85.76155406126587,109446.65,2554164,81367.6,-1961.0,-2.0029211394486657
2024-11-07,10396.0,10124.0,9967.75,9923.916666666666,10044.420192432231,317.1428571428572,60.55226824457594,147.283839139287,88.55346873685613,58.73037040243088,10566.533635468822,9368.966364531178,9967.75,1197.567270937645,64.4864890032996,61.67845530768942,70.10255639451995,-30.737704918032787,67.47533627436103,85.02893528386768,111331.9,2656144,82648.5,1361.0,1.4185062430950746
2024-11-08,10306.0,10176.5,9993.75,9911.166666666666,10051.618269343448,331.7857142857143,53.23475046210721,133.96214565818264,97.63520412112145,36.3269415370612,10570.034606221976,9417.465393778024,9993.75,1152.569212443952,58.245229957002,60.53404685746028,53.66759615608545,-52.459016393442624,38.85823789771612,61.92591724507751,113627.5,2533571,83885.65,-1533.0,-1.5754262283289022
2024-11-11,10226.0,10215.5,10011.25,9903.333333333334,10060.035577025024,335.7142857142857,54.579439252336456,123.5937288777368,102.82690907244452,20.76681980529229,10582.719711864896,9439.780288135104,10011.25,1142.9394237297893,53.37560785012254,58.14790052168103,43.83102250700556,-50.81967213114754,21.43038920358704,66.17139642268249,116133.45,2639294,85298.0,4295.0,4.484515630546904
2024-11-12,10175.0,10248.0,10016.25,9891.916666666666,10054.794093498833,346.07142857142856,53.47985347985348,103.29261910527748,102.9200510790111,0.3725680262663786,10585.551279963798,9446.948720036202,10016.25,1138.6025599275963,39.3092287628268,51.86834326872962,14.190999751021169,-61.885245901639344,13.035708683533713,62.6997615470238,118423.55,2492110,86579.9,592.0,0.5915918016568655
2024-11-13,10145.0,10232.0,10027.25,9888.75,10056.718465546564,348.2142857142857,55.2346570397112,91.79411294046986,100.69486345130288,-8.900750510833007,10591.91548084964,9462.58451915036,10027.25,1129.330961699281,31.693957386599983,45.14354797468641,4.7947762104271305,-56.14754098360656,1.372794897905555,68.24006353235747,117814.1,2564867,87980.7,1999.0,1.985873376978176
2024-11-14,10029.0,10212.5,10033.75,9883.166666666666,10032.745278351653,356.7857142857143,53.6842105263158,60.20076351857824,92.59604346475794,-32.3952799461797,10584.155353018645,9483.344646981355,10033.75,1100.810706037286,23.01933928866116,37.76881174601133,-6.479605626039174,-78.27868852459017,-29.89058009167137,43.95628139798695,120418.4,2447773,89319.65,-3704.0,-3.608026495226968
2024-11-15,9924.0,10115.0,10021.0,9875.333333333334,9991.05525184197,361.7857142857143,47.33218588640276,18.009953988394045,77.67882556948517,-59.668871581091125,10600.378977871997,9441.621022128003,10021.0,1158.7579557439894,17.656457215543085,31.064693569188584,-9.160015491747911,-94.33198380566802,-69.50836349612784,1.0926431417556353,122918.7,2340851,90302.55,-6962.0,-7.035450099033913
2024-11-18,9816.0,10021.0,10003.75,9868.083333333334,9953.811894523687,363.57142857142856,48.59154929577464,-14.85190480577876,59.17267949443239,-74.02458430021115,10612.457647397334,9395.042352602666,10003.75,1217.4152947946675,18.22258438025453,26.783990506210568,1.0997721283424582,-84.67153284671532,-81.67462893265788,7.011291581289735,123260.75,2407403,90962.75,-3800.0,-4.130704176359323
2024-11-19,9739.0,9957.0,9990.0,9860.25,9922.02028552143,317.1428571428572,36.65943600867679,-38.83368129915107,39.571407335715705,-78.40508863486677,10621.0642639725,9358.9357360275,9990.0,1262.128527945002,19.41537220926921,24.32778440723012,9.590547813347406,-83.21167883211679,-65.65227490242613,0.0,123347.75,2463244,91583.3,558.0,0.6326961017756316
2024-11-20,9641.0,9893.0,9978.5,9850.166666666666,9889.92311547177,298.2142857142857,40.14251781472684,-59.97229614382559,19.662666639807448,-79.63496278363303,10631.010133012667,9325.989866987333,9978.5,1305.0202660253344,19.10471891360444,22.58676257602156,12.14063158877019,-85.76642335766424,-61.37073415584635,12.163857276420035,122894.0,2415933,92162.9,-1704.0,-1.919956733369388
2024-11-21,9584.0,9806.5,9965.25,9839.5,9854.692342569697,253.57142857142856,17.1875,-81.03562918573334,-0.4769925253007105,-80.55863666043263,10644.517988352163,9285.982011647837,9965.25,1358.53597670433,17.322017194607543,20.831847448883558,10.302356686055523,-90.22556390977444,-67.06622963150338,0.0,124315.7,2351428,92789.5,1510.0,1.7346751217719003
2024-11-22,9527.0,9725.5,9951.0,9824.666666666666,9802.816881372582,251.78571428571428,15.449438202247194,-113.36689434180698,-23.054972888601966,-90.31192145320502,10673.551036259722,9228.448963740278,9951.0,1445.102072519443,11.709823760806325,17.791172886191145,-0.4528744899633139,-99.59349593495936,-78.87548287760214,0.0,124975.0,2278797,93216.3,-1537.0,-1.7355857178346423
2024-11-25,9472.0,9644.0,9929.75,9811.416666666666,9757.310511718051,243.2142857142857,19.141914191419133,-136.20914602429548,-45.68580751574067,-90.52333850855482,10700.576453264695,9158.923546735305,9929.75,1541.6529065293907,11.46743549371674,15.683260422033012,3.035785637084196,-92.36947791164658,-81.28175439578483,8.144890542996688,124911.25,2331268,93624.2,-696.0,-0.7998069431516486
2024-11-26,9426.0,9582.5,9915.25,9802.75,9722.328558221094,233.2142857142857,22.97734627831716,-147.3680708920656,-66.02226019100566,-81.34581070105993,10716.18021576559,9114.31978423441,9915.25,1601.8604315311786,13.919466799732728,15.095329214599584,11.567741969999012,-86.83127572016461,-65.74939976299271,16.69054484830567,125609.15,2403576,93743.85,-4458.0,-5.164205039096437
2024-11-27,9405.0,9523.0,9877.5,9790.75,9699.249647914325,228.2142857142857,19.322033898305094,-147.2519229008085,-82.26819273296623,-64.98373016784227,10686.108291090964,9068.891708909036,9877.5,1617.216582181929,23.285246774051508,17.82530173441689,34.20513685332075,-79.42386831275721,-55.3568337304926,9.733754920084154,110432.75,2453081,92783.75,-5908.0,-7.216582994368914
2024-11-28,9393.0,9488.5,9850.5,9776.666666666666,9676.463967160578,208.2142857142857,23.170731707317078,-147.07828076633632,-95.23021033964024,-51.84807042669607,10677.733181661675,9023.266818338325,9850.5,1654.466363323354,33.777466103335925,23.1426898573899,55.047018595227975,-79.18552036199095,-49.75013231118395,19.407442589706395,103440.9,2423073,91766.6,-2693.0,-3.545333666846584
2024-11-29,9430.0,9478.5,9796.75,9763.666666666666,9659.181684573856,207.8571428571429,24.09638554216868,-142.4741078032475,-104.67898983236172,-37.79511797088581,10564.71569961781,9028.78430038219,9796.75,1535.9313992356183,43.55005676730332,29.945145494027702,70.75987931385454,-76.01809954751131,-36.761542800337736,21.734070070714377,90525.85,2487588,90003.85,-9982.0,-13.62432779188164
2024-12-02,9481.0,9476.5,9748.75,9750.666666666666,9651.640571757298,196.42857142857144,32.21757322175732,-130.46258644694353,-109.8357091552781,-20.62687729166544,10436.980951138688,9060.519048861312,9748.75,1376.4619022773732,54.39569001878192,38.09532700227911,86.99641605178755,-59.53757225433526,-27.173797870366894,42.14664518502109,84188.8,2538176,87998.1,-4870.0,-7.695468048795906
2024-12-03,9491.0,9458.5,9707.75,9737.166666666666,9631.484326828033,202.8571428571429,24.901185770750985,-130.73318838776686,-114.01520500177584,-16.717983385991005,10364.732536017187,9050.767463982813,9707.75,1313.965072034378,51.48118465020244,42.55727955158688,69.32899484743355,-75.29411764705883,-36.311323025113424,24.720292534745816,79527.15,2498917,85849.25,-3484.0,-5.96432362104975
2024-12-04,9493.0,9449.0,9671.0,9727.583333333334,9618.009629034885,191.07142857142856,34.92822966507177,-125.46675756205332,-116.30551551383137,-9.161242048221965,10287.113455033796,9054.886544966204,9671.0,1232.2269100675912,53.16136947694656,46.09197619337344,67.30015604409277,-56.30252100840336,-35.331265160346874,58.77353861935706,74533.35,2549857,86081.05,45652.0,83.10941197888222
2024-12-05,9521.0,9457.0,9631.75,9721.0,9616.294426269656,183.2142857142857,50.26455026455026,-111.13588717083258,-115.2715898452316,4.135702674399028,10148.320421143137,9115.179578856863,9631.75,1033.1408422862733,62.25250718752959,51.47881985809215,83.79988184640445,-19.565217391304348,-15.15556547454918,100.0,72984.6,2620862,86433.7,3778.0,3.756139269451797
2024-12-06,9508.0,9469.0,9597.25,9716.75,9598.55209995826,181.78571428571428,42.34234234234234,-112.20274498772778,-114.65782087373086,2.4550758860030726,10066.521271564525,9127.978728435475,9597.25,938.5425431290496,50.42185925178029,51.1264996559882,49.01257844336448,-56.52173913043478,-25.29399641628314,77.24491620756297,69589.75,2566186,86907.45,889.0,0.851858949789186
2024-12-09,9502.0,9491.5,9567.75,9715.833333333334,9593.928090438423,185.7142857142857,47.10743801652893,-102.18728891848332,-112.16371448268134,9.976425564198024,9961.456743655728,9174.043256344272,9567.75,787.4134873114563,52.36457283452019,51.53919071549886,54.01533707256286,-30.43478260869565,-16.47866107604419,90.9317762861956,67475.4,2629622,87163.0,-69.0,-0.0655588176609711
2024-12-10,9521.0,9506.0,9544.25,9716.75,9588.315891349052,194.28571428571428,47.89915966386555,-94.37247531530376,-108.60546664920582,14.232991333902078,9879.891961494368,9208.608038505632,9544.25,671.2839229887359,50.18749300079124,51.08862481059632,48.38522938118108,-39.0,10.66694534212856,93.20585096365122,63495.7,2562032,87514.4,2509.0,2.3854344932496607
2024-12-11,9518.0,9505.5,9514.25,9717.666666666666,9577.52390169676,191.42857142857144,48.10126582278481,-91.96061308699792,-105.27649593676423,13.31588284976634,9739.130670110771,9289.369329889229,9514.25,449.76134022154656,43.18055088941638,48.45260017020301,32.6364523278431,-51.0,-10.688787899090892,93.78636369776964,62210.0,2514989,87773.6,155.0,0.1439329922276133
2024-12-12,9510.0,9515.5,9502.0,9722.0,9575.854958678025,180.3571428571429,61.79245283018868,-82.24236646268946,-100.6696700419493,18.42730357925984,9682.508054930338,9321.491945069662,9502.0,361.0161098606768,46.37962651887018,47.76160895309207,43.61566165042643,-34.0,22.63661158390596,100.0,58738.4,2562651,88184.8,-664.0,-0.6157041652757655
2024-12-13,9515.0,9511.5,9495.0,9723.166666666666,9564.34496261345,178.57142857142858,55.65217391304348,-82.0671890053236,-96.94917383462416,14.881984829300563,9671.12794392593,9318.87205607407,9495.0,352.2558878518612,38.790121382950495,44.77111309637821,26.828137956095063,-69.62025316455696,-2.248103446837085,85.54222192393881,57512.95,2480238,89014.75,1413.0,1.318342974435538
2024-12-16,9512.0,9507.0,9491.75,9725.583333333334,9561.550204269312,177.85714285714286,56.223175965665234,-74.61293670675695,-92.48192640905071,17.868989702293774,9662.021455097589,9321.478544902411,9491.75,340.54291019517404,41.137858699744775,43.5600282975004,36.29351950423353,-54.16666666666666,-9.210496986828849,86.88669195032958,57158.05,2539692,89998.35,-727.0,-0.6694722495925176
2024-12-17,9509.0,9515.0,9486.75,9728.25,9557.593041957947,183.2142857142857,51.834862385321095,-69.11900186649109,-87.8093415005388,18.69033963404772,9646.72614953814,9326.77385046186,9486.75,319.95229907628163,43.03705347915475,43.38570335805185,42.339753721360566,-53.16455696202532,-21.46645549028892,74.21764189848405,58729.95,2452413,90848.7,-2107.0,-1.9533495262640697
2024-12-18,9506.0,9512.0,9480.5,9732.0,9548.298466533382,184.64285714285717,50.0,-68.81328081652282,-84.01012936373562,15.196848547212795,9633.948088256162,9327.051911743838,9480.5,306.896176512324,39.23989219285423,42.00376630298597,33.71214397259074,-68.35443037974683,-20.299727223749063,68.71702095582692,59216.25,2395376,91676.3,-2159.0,-2.0414338259628018
2024-12-19,9457.0,9483.5,9470.25,9729.75,9526.079564958774,182.14285714285717,42.74193548387096,-79.35651041194251,-83.07940557337699,3.72289516143448,9639.193310330003,9301.306689669997,9470.25,337.8866206600105,26.944241854059683,36.98392482001054,6.864875922157964,-97.6470588235294,-92.40020471801525,48.36036041910865,59184.85,2331499,92509.1,1614.0,1.5579150579150491
2024-12-20,9431.0,9473.0,9471.0,9727.916666666666,9506.929130200797,178.21428571428572,39.05579399141631,-85.91480698485793,-83.64648585567319,-2.2683211291847414,9637.05642668112,9304.94357331888,9471.0,332.11285336223955,26.971836911715464,33.64656218391218,13.622386367322036,-72.97297297297297,-119.1038953641656,38.36845234364002,59948.65,2419406,93378.4,-807.0,-0.7670081928260464
2024-12-23,9414.0,9463.0,9477.25,9732.083333333334,9501.507308276912,175.0,50.434782608695656,-80.1024774395919,-82.93768417245694,2.8352067328650463,9628.95868899238,9325.54131100762,9477.25,303.4173779847588,39.05402154267621,35.449048636833524,46.26396735436158,-50.45045045045045,-40.34536062405093,57.72194806570504,61873.45,2510373,94200.9,-1632.0,-1.563113584338216
2024-12-24,9392.0,9450.5,9478.25,9730.583333333334,9492.792326536255,170.35714285714286,46.49122807017543,-77.82669244042881,-81.91548582605131,4.088793385622495,9627.785244921328,9328.714755078672,9478.25,299.07048984265566,44.04367719703318,38.31392482356674,55.503181943966055,-57.65765765765766,-43.69057068767007,32.70240421639976,60315.85,2469217,95286.9,812.0,0.7900754074434468
2024-12-25,9376.0,9441.0,9473.25,9728.166666666666,9482.05020019947,164.64285714285714,39.62264150943396,-77.54991852438616,-81.04237236571828,3.4924538413321216,9629.093207305146,9317.406792694854,9473.25,311.68641461029256,45.07126372522519,40.56637112411956,54.081048927436456,-63.06306306306306,-57.83665079239822,2.493099456860474,59780.6,2430417,96790.75,2449.0,2.3641962794559213
2024-12-26,9362.0,9409.5,9462.5,9721.416666666666,9459.473990656665,162.14285714285714,40.97560975609756,-87.21854387763597,-82.27760666810182,-4.940937209534141,9648.86410316197,9276.13589683803,9462.5,372.72820632394,36.18786002734311,39.10686742519407,30.349845231641183,-87.38738738738739,-102.3958855947254,8.443702209259623,61122.0,2373581,98852.6,8467.0,7.985023954128789
2024-12-27,9344.0,9387.5,9449.5,9708.583333333334,9438.09551535603,155.0,32.786885245901644,-94.59745497915536,-84.74157633031254,-9.855878648842832,9660.908808261442,9238.091191738558,9449.5,422.8176165228833,29.604692073023266,35.93947564113713,16.935124936795532,-89.1891891891892,-106.56649060027571,0.0,59871.25,2334081,101500.75,1744.0,1.523104198143277
2024-12-30,9311.0,9362.5,9434.75,9693.916666666666,9423.514990084026,153.92857142857142,36.8421052631579,-95.31201547203456,-86.85566415865694,-8.45635131337761,9648.96767090115,9220.53232909885,9434.75,428.4353418022984,35.0922666254612,35.65707263591182,33.96265460455996,-61.320754716981135,-100.33565679273823,13.980833181327082,61566.75,2418579,104320.2,-1444.0,-1.2421825939594178
2024-12-31,9271.0,9331.5,9423.25,9681.916666666666,9403.180229123642,155.71428571428572,36.26943005181347,-100.7685854824449,-89.63824842341452,-11.13033705903038,9659.810329458853,9186.689670541147,9423.25,473.12065891770544,33.71230473443445,35.008816668752694,31.11928086579796,-75.47169811320755,-80.64882242359926,12.006470122647768,62045.35,2369748,107293.95,-398.0,-0.346680835866664
2025-01-02,9239.0,9307.5,9409.75,9672.75,9385.73449301663,156.42857142857142,30.898876404494388,-103.0975952002027,-92.33011777877216,-10.767477421430542,9660.653105642496,9158.846894357504,9409.75,501.8062112849912,33.58598093406741,34.534538090524265,31.688866621153693,-73.58490566037736,-75.58192699480445,0.0,61922.6,2418233,107989.8,94.0,0.0821642410733902
2025-01-03,9210.0,9286.0,9384.75,9661.416666666666,9358.521684157902,159.64285714285714,30.38674033149171,-113.32006611639372,-96.52810744629647,-16.791958670097245,9654.74951267012,9114.75048732988,9384.75,539.9990253402393,28.513102935636773,32.5273930388951,20.48452272912013,-83.4862385321101,-103.13447885917093,0.0,62324.3,2339194,108632.7,2719.0,2.374693228761826
2025-01-06,9183.0,9263.5,9368.25,9653.083333333334,9333.900571380958,153.92857142857142,23.63636363636364,-120.03772776165532,-101.23003150936825,-18.807696252287087,9665.558540780532,9070.941459219468,9368.25,594.617081561064,25.60214188383111,30.218975987207106,16.368473677079123,-83.01886792452831,-88.75715171593507,0.0,61496.8,2339194,109117.6,-2271.0,-1.9374157552594309
2025-01-07,9145.0,9228.0,9345.5,9641.5,9311.148136011345,146.78571428571428,23.92638036809815,-124.33176206763892,-105.85037762102236,-18.481384446616545,9653.684838590154,9037.315161409846,9345.5,616.3696771803079,23.581504550906565,28.006485508440257,14.731542635839176,-83.49514563106796,-86.76935520206985,1.0822158278588678,60300.25,2299689,109568.05,-758.0,-0.6594343480038622
2025-01-08,9120.0,9195.5,9323.0,9627.833333333334,9289.610218295977,143.21428571428572,25.490196078431367,-127.07686858010312,-110.09567581283854,-16.981192767264574,9638.55131370182,9007.44868629818,9323.0,631.1026274036412,22.299950402358764,26.104307139746425,14.691236927583446,-84.6938775510204,-78.55973500763919,6.91769333101969,58392.05,2270263,109860.05,-660.0,-0.5779891232955858
2025-01-09,9092.0,9165.5,9303.25,9614.916666666666,9269.647340363026,140.0,31.200000000000003,-128.17828401203224,-113.71219745267727,-14.466086559354965,9628.053989475104,8978.446010524895,9303.25,649.607978950211,23.071761806700717,25.093458695397857,19.02836802930642,-84.0,-75.82199836508427,28.22418879056047,58175.45,2227552,110193.1,976.0,0.8596922372257287
2025-01-10,9094.0,9152.0,9280.75,9605.5,9254.442831757024,141.42857142857142,33.33333333333333,-125.18733275201156,-116.00722451254414,-9.18010823946743,9592.760036950564,8968.739963049436,9280.75,624.020073901127,30.099789256415196,26.762235549070304,36.77489667110497,-69.64285714285714,-69.26440405737411,36.18485742379544,60228.65,2316278,110526.25,-662.0,-0.5781406925461807
2025-01-13,9107.0,9145.0,9266.25,9594.083333333334,9245.924466827784,137.85714285714286,25.217391304347828,-117.0298942120844,-116.2117584524522,-0.8181357596321988,9571.034220478405,8961.465779521595,9266.25,609.5684409568094,39.54704565146294,31.023838916534515,56.59345912131978,-57.142857142857146,-24.749129093290733,6.917685609393484,58813.9,2370396,110747.5,-825.0,-0.7246822378187523
2025-01-14,9141.0,9143.0,9252.75,9582.75,9247.741184272758,140.71428571428572,38.58267716535433,-101.32785667553615,-113.234978097069,11.907121421532835,9530.095974323916,8975.404025676085,9252.75,554.6919486478291,56.45728969356788,39.5016558422123,90.36855739627904,-35.64356435643565,-6.982560527310935,86.1993273858671,58464.4,2422860,111066.5,1228.0,1.086552584544065
2025-01-15,9166.0,9143.0,9237.25,9571.333333333334,9244.14678577059,147.14285714285714,37.121212121212125,-92.25842149248092,-109.0396667761514,16.781245283670472,9484.752791052835,8989.747208947163,9237.25,495.005582105674,58.0927385835907,45.69868342267176,82.88084890542859,-40.0,7.978097999667885,77.77067348678607,56806.25,2368744,111512.45,432.0,0.3781314006617409
2025-01-16,9221.0,9156.5,9232.0,9563.666666666666,9254.70423474482,147.14285714285714,58.208955223880594,-72.53440906709693,-101.7386152343405,29.20420616724357,9463.548562599948,9000.451437400052,9232.0,463.09712519989625,70.1678863284544,53.855084391265976,102.79349020283124,-5.681818181818182,35.25892700075847,100.0,57328.35,2436223,112061.85,-90.0,-0.0784806152880235
2025-01-17,9261.0,9177.5,9231.75,9555.75,9259.970498102455,148.21428571428572,55.319148936170215,-59.84426361624355,-93.35974491072112,33.51548129447757,9462.931746684286,9000.568253315714,9231.75,462.36349336857165,73.59018508853481,60.43345129035559,99.90365268489326,-19.565217391304348,46.3002444663132,91.64133738601824,56828.3,2382347,112520.6,-199.0,-0.1736656543442571
2025-01-20,9285.0,9196.0,9229.75,9550.583333333334,9262.354260187936,143.92857142857142,50.0,-51.21415805085962,-84.93062753874884,33.71646948788921,9458.211098842248,9001.288901157752,9229.75,456.9221976844965,74.06012339235653,64.9756753243559,92.22901952835778,-25.0,16.72106494651518,76.2558869701727,55010.9,2330788,112936.5,-1664.0,-1.4546853281346972
2025-01-21,9286.0,9213.5,9220.75,9542.583333333334,9263.082425884324,138.92857142857142,54.83870967741936,-45.06562339933771,-76.95762671086662,31.89200331152891,9425.644709803011,9015.855290196989,9220.75,409.7894196060224,73.28645907316522,67.745936573959,84.36750407157766,-28.26086956521739,24.79776807831246,90.25168380007092,51985.95,2300320,113459.2,504.0,0.4471057884231522
2025-01-22,9292.0,9229.0,9212.25,9535.25,9260.884099609626,133.57142857142858,51.5625,-42.12798943134476,-69.99169925496224,27.863709823617484,9397.224393675951,9027.275606324049,9212.25,369.9487873519065,70.59676981689276,68.69621432160359,74.3978808074711,-34.78260869565217,17.788242477508554,80.77536302982732,51234.75,2274188,113873.45,-1357.0,-1.1984562258785303
2025-01-23,9265.0,9243.0,9204.25,9518.333333333334,9256.990375837282,128.92857142857142,61.11111111111112,-40.94177490449874,-64.18171438486955,23.239939480370808,9371.6849834539,9036.8150165461,9204.25,334.8699669077978,57.3209234676721,64.90445070362642,42.153868995763446,-39.130434782608695,9.95082434232149,100.0,52156.1,2216961,114071.45,-1876.0,-1.6769164759725452
2025-01-24,9251.0,9256.0,9204.0,9505.666666666666,9255.37224480516,131.07142857142858,62.50000000000001,-37.95039001988152,-58.93544951187195,20.985059491990427,9371.193553136844,9036.806446863156,9204.0,334.38710627369073,51.03446179896089,60.28112106873792,32.54114325940685,-34.78260869565217,28.42790296296611,100.0,52136.9,2273413,113662.45,-3673.0,-3.3392123349940017
2025-01-27,9249.0,9267.0,9206.0,9484.083333333334,9257.241554823717,134.28571428571428,65.25423728813558,-32.38220653455392,-53.62480091640835,21.24259438185443,9375.69322164919,9036.30677835081,9206.0,339.3864432983792,51.330666840332896,57.297636325936246,39.3967278691262,-27.17391304347826,46.48430003041857,100.0,52745.05,2325076,113277.95,2234.0,2.101144625339768
2025-02-05,9254.0,9270.0,9206.5,9463.333333333334,9260.837597221458,153.57142857142858,67.5,-26.05520002571211,-48.1108807382691,22.055680712556992,9377.229086721123,9035.770913278877,9206.5,341.45817344224633,53.06102427036686,55.88543230741312,47.412208196274335,-29.702970297029704,42.93369699778744,100.0,55240.9,2459491,113064.4,1975.0,1.8193207255174704
2025-02-06,9308.0,9300.0,9221.5,9450.833333333334,9284.567349867037,163.21428571428572,76.54320987654322,-3.650221136726032,-39.21874881796049,35.56852768123446,9439.652529932124,9003.347470067876,9221.5,436.3050598642476,67.91369871992711,59.89485444491778,83.95138726994577,-1.7241379310344829,109.30070648288168,100.0,58821.55,2579935,113813.65,18858.0,17.061122570839203
2025-02-07,9366.0,9315.5,9236.0,9438.916666666666,9306.037126070176,158.21428571428572,75.64102564102564,13.9451352137512,-28.58597201161815,42.53110722536936,9489.43119070282,8982.56880929718,9236.0,506.8623814056409,73.7480213688403,64.51257675289196,92.218910600737,-14.583333333333334,117.61574867704763,98.24224092159668,60775.5,2579935,114720.75,3251.0,2.5125589303655715
2025-02-10,9403.0,9327.0,9252.25,9422.916666666666,9317.366923587302,161.42857142857142,66.04938271604938,20.791125115536488,-18.710552586187223,39.50167770172371,9510.594425341946,8993.905574658054,9252.25,516.6888506838914,71.7347920236713,66.91998184315175,81.36441238471042,-32.291666666666664,70.82211425684203,73.38078291814945,61636.5,2483676,115462.45,-589.0,-0.4440557595313699
2025-02-11,9417.0,9333.0,9264.5,9410.0,9319.998645150416,160.35714285714286,55.06329113924051,19.53609013698588,-11.061224041552602,30.59731417853848,9515.57977344178,9013.42022655822,9264.5,502.1595468835621,64.83708357133642,66.22568241921331,62.05988587558264,-48.958333333333336,51.37047007899693,45.51286093968197,63001.95,2418241,116372.35,1093.0,0.8277042377245358
2025-02-12,9439.0,9346.5,9280.0,9397.75,9328.094012278949,157.5,62.264150943396224,23.11649190436583,-4.225680852368916,27.342172756734747,9525.22814297152,9034.77185702848,9280.0,490.4562859430407,64.40527793644651,65.61888092495771,61.97807195942411,-36.458333333333336,37.28665487252941,46.20447564721367,63865.3,2475013,117338.55,368.0,0.2763904014420282
2025-02-13,9380.0,9344.0,9286.5,9384.583333333334,9317.323153966669,163.57142857142858,41.66666666666667,10.501519022349385,-1.2802408774252556,11.78175989977464,9516.376396993544,9056.623603006456,9286.5,459.7527939870888,50.92296306874212,60.72024163955251,31.328405927121334,-76.04166666666667,-6.221509390484163,0.0,67537.45,2372144,118134.3,-4069.0,-3.047643300652369
2025-02-14,9334.0,9350.0,9296.5,9371.333333333334,9313.768567874604,163.92857142857142,48.25581395348837,5.683503014817688,0.1125079010233331,5.570995113794355,9504.955472968506,9088.044527031494,9296.5,416.910945937012,46.44864204582808,55.9630417749777,27.419842587528837,-62.5,-12.252599829553285,18.892776291417967,68331.55,2430737,118591.9,-5787.0,-4.470659126726617
2025-02-17,9324.0,9363.5,9309.75,9364.166666666666,9319.600132838928,166.42857142857142,54.83870967741936,9.422282461739089,1.974462813166484,7.447819648572603,9501.294278239557,9118.205721760443,9309.75,383.0885564791133,50.062983586107606,53.996355712021,42.19623933428082,-42.708333333333336,24.397722384564023,37.76762774764487,68043.55,2513703,119214.5,2638.0,2.133320394316529
2025-02-18,9342.0,9379.5,9323.25,9361.5,9330.59059637808,168.57142857142858,58.46153846153846,17.030473966173304,4.985665043767849,12.044808922405457,9509.833549791048,9136.666450208952,9323.25,373.16709958209685,54.77449934547092,54.25573692317097,55.81202419007079,-30.20833333333333,57.42236193640924,48.15520762423415,68379.9,2574548,120064.75,3728.0,2.9518191535690352
2025-02-19,9334.0,9386.5,9328.25,9357.583333333334,9333.867682437309,171.78571428571428,56.1576354679803,17.21318270649863,7.431168576314005,9.782014130184624,9513.616635276365,9142.883364723635,9328.25,370.73327055272966,52.15419297928514,53.55522227520903,49.35213438743736,-44.79166666666666,35.79401471945085,41.54932647456297,68698.35,2515715,120845.8,-156.0,-0.1199787729863177
2025-02-20,9366.0,9373.0,9336.5,9353.5,9337.785046014707,167.5,57.71144278606965,17.95788975140931,9.536512811333068,8.421376940076245,9514.237239530115,9158.762760469885,9336.5,355.47447906023444,54.377305123445,53.82924989128769,55.4734155877596,-42.708333333333336,20.111578218992157,46.0044908202351,68358.55,2563035,121541.1,-1283.0,-0.9879338092047996
2025-02-21,9383.0,9358.5,9337.0,9349.833333333334,9340.37694639426,170.71428571428572,56.28140703517588,17.53898057290462,11.137006363647377,6.401974209257244,9515.012418253977,9158.987581746023,9337.0,356.0248365079533,54.0919123358178,53.9168040394644,54.4421289285246,-44.79166666666666,49.81026277228274,41.9042113220972,71533.4,2432059,122386.65,2915.0,2.2670005599452425
2025-02-24,9394.0,9359.0,9343.0,9348.333333333334,9348.912475309093,168.92857142857142,57.5609756097561,22.196086138772444,13.34882231867239,8.847263820100054,9525.220225349198,9160.779774650802,9343.0,364.4404506983956,60.00493686237618,55.94618164710165,68.12244729292524,-31.25,51.6209433261369,45.57306281027411,72369.3,2502653,123181.25,-1218.0,-0.926242785116238
2025-02-25,9381.0,9361.5,9347.25,9349.333333333334,9350.92081099394,154.28571428571428,53.52112676056338,20.80554393380953,14.84016664169982,5.965377292109711,9527.731082256918,9166.768917743082,9347.25,360.9621645138359,58.313150396513706,56.73517123023901,61.469108729063095,-51.851851851851855,26.89414986744713,33.9897793842702,73740.5,2423670,123974.2,-1697.0,-1.3025690622577302
2025-02-26,9382.0,9358.0,9352.25,9350.083333333334,9352.737876613566,145.71428571428572,41.76470588235294,19.478987574550047,15.767930828269868,3.71105674628018,9529.22680490302,9175.27319509698,9352.25,353.953609806038,55.79851052075273,56.42295099374358,54.54962957477103,-51.851851851851855,4.706761482941003,0.2885682574916645,75207.75,2423670,124527.95,-4280.0,-3.3285634293535704
2025-02-27,9386.0,9376.0,9360.0,9350.166666666666,9356.762840745609,142.85714285714286,43.42857142857143,20.21198202157575,16.656741066931044,3.555240954644706,9529.705627484762,9190.294372515238,9360.0,339.4112549695237,55.278103059032894,56.04133501550668,53.75163914608531,-38.0281690140845,20.14585087833358,7.226039783001799,76460.1,2474849,125245.3,1915.0,1.5405779379585427
2025-02-28,9378.0,9380.5,9365.25,9347.583333333334,9353.737808293645,141.42857142857142,44.1860465116279,14.97188385874324,16.319769625293482,-1.3478857665502415,9522.779445868977,9207.720554131023,9365.25,315.05889173795003,43.38801641844023,51.82356214981786,26.51692495568497,-57.74647887323944,-11.925010908232448,12.231492987750702,77549.25,2395839,125887.9,-3371.0,-2.670754799198216
2025-03-03,9362.0,9378.0,9370.75,9345.75,9353.381826551393,139.64285714285714,50.31055900621119,12.690076080354627,15.593830916305713,-2.903754835951084,9517.155169595228,9224.344830404772,9370.75,292.8103391904551,39.18175453537041,47.60962627833538,22.32601104944048,-50.70422535211268,-30.774774685119045,41.96576738893369,76786.05,2437027,126594.3,-2397.0,-1.9511917165928596
2025-03-04,9332.0,9356.5,9368.0,9341.166666666666,9340.67879545126,138.57142857142858,39.42857142857143,0.3873483214429143,12.552534397333153,-12.165186075890238,9523.746082150596,9212.253917849404,9368.0,311.4921643011912,27.65963122870848,40.95962792845975,1.05963782920594,-87.32394366197182,-88.53005988002485,0.0,77821.15,2364662,127212.9,478.0,0.3968418693078623
2025-03-05,9289.0,9335.5,9361.0,9334.083333333334,9322.995100646378,130.35714285714286,46.0,-14.441140359429482,7.153799445980626,-21.594939805410107,9541.222085217092,9180.777914782908,9361.0,360.44417043418434,22.361322779923302,34.7601928789476,-2.436417418125288,-88.23529411764706,-127.76438800822127,34.52655889145496,74627.8,2294114,127687.8,-899.0,-0.7434114232318101
2025-03-06,9244.0,9315.0,9344.0,9329.583333333334,9308.424138680057,126.07142857142856,42.142857142857146,-24.69774954975037,0.7834896468344272,-25.481239196584795,9529.120160123652,9158.879839876348,9344.0,370.24032024730695,20.60930290591378,30.04322955460299,1.7414496085353548,-84.70588235294117,-100.96822356253683,14.260969976905322,70644.0,2334882,127065.05,-3095.0,-2.5785220361576267
2025-03-07,9214.0,9296.0,9327.25,9324.333333333334,9295.717077853384,117.14285714285714,33.606557377049185,-32.05323823675644,-5.783855929883747,-26.269382306872696,9509.732154859325,9144.767845140675,9327.25,364.9643097186454,20.132229334536127,26.739562814580704,6.917562374446973,-83.52941176470588,-95.08422379682423,0.0,68022.95,2370025,126220.6,-1183.0,-1.0116731517509692
2025-03-10,9178.0,9270.0,9314.5,9317.166666666666,9283.744022819728,116.42857142857144,26.126126126126135,-37.84966682929189,-12.197018109765375,-25.652648719526518,9503.733912616652,9125.266087383348,9314.5,378.4678252333069,19.794035242631928,24.42438695726445,10.533331813366893,-84.70588235294117,-75.67306617562674,0.0,65391.55,2326394,125355.7,-998.0,-0.8621881263390696
2025-03-11,9172.0,9252.0,9306.75,9313.166666666666,9274.816020646422,118.92857142857144,32.67326732673267,-40.36425143222732,-17.830464774257766,-22.533786657969557,9503.279762042335,9110.220237957665,9306.75,393.0595240846742,24.73448503354949,24.5277529826928,25.14794913526288,-71.57894736842105,-83.73158419610809,20.72843299655632,64934.4,2382686,124385.45,-1014.0,-0.8836293288251418
2025-03-12,9174.0,9231.5,9294.75,9306.75,9264.357352013429,116.42857142857144,29.807692307692307,-43.86867809911564,-23.038107439229343,-20.8305706598863,9495.288091932149,9094.211908067851,9294.75,401.07618386429385,25.891366090742395,24.982290685376,27.70951690147519,-76.84210526315789,-61.73497164729364,11.711734721311084,63852.8,2347546,123332.2,-1292.0,-1.1359240372780022
2025-03-13,9169.0,9206.5,9291.25,9300.25,9252.989985155007,110.35714285714286,29.245283018867923,-47.70982516748518,-27.97245098488051,-19.73737418260467,9499.92690967516,9082.57309032484,9291.25,417.35381935032274,26.78472025097112,25.58310054057437,29.187959671764617,-79.06976744186046,-71.31296572057893,9.922608009833544,60693.4,2307865,122536.25,1077.0,0.9577760387023292
2025-03-14,9165.0,9189.5,9285.0,9294.916666666666,9243.657605616434,106.42857142857144,21.05263157894737,-49.377848367290426,-32.253530461362494,-17.12431790592793,9502.400915119357,9067.599084880643,9285.0,434.8018302387136,29.9776922885262,27.04796445655831,35.837147952461976,-75.90361445783132,-63.13277521643618,0.0,59238.85,2337367,121924.5,-2103.0,-1.8524554062981704
2025-03-17,9159.0,9168.5,9273.25,9287.916666666666,9233.785452700584,102.85714285714286,23.25581395348837,-51.3185748244905,-36.066539333988096,-15.2520354905024,9495.517619631915,9050.982380368085,9273.25,444.5352392638342,35.30044350766612,29.79879080692758,46.30374890914319,-78.2051282051282,-56.27317214260323,7.530206573989855,56766.25,2303853,121181.4,11.0,0.0098723770889153
2025-03-18,9140.0,9156.0,9256.25,9281.916666666666,9220.567790538622,100.35714285714286,21.05263157894737,-55.844003532274655,-40.02203217364541,-15.82197135862924,9478.437095176914,9034.062904823086,9256.25,444.37419035382845,30.74083621231795,30.112805942057705,31.99689675283844,-89.74358974358974,-69.87173548730114,0.0,56075.4,2256825,120249.0,-58.0,-0.0520492134286953
2025-03-19,9111.0,9142.5,9239.0,9273.333333333334,9201.46609620161,102.5,14.285714285714278,-64.73607441692184,-44.9648406223007,-19.77123379462114,9478.53024201988,8999.46975798012,9239.0,479.0604840397609,25.622095936417097,28.61590260684417,19.63448259556295,-91.39784946236558,-86.96578050481898,0.0,55717.5,2205150,119276.3,-962.0,-0.8637485970819259
2025-03-20,9085.0,9127.0,9221.0,9264.916666666666,9183.707420372886,96.07142857142856,16.304347826086953,-71.36392397706732,-50.24465729325402,-21.119266683813294,9471.359741172571,8970.640258827429,9221.0,500.7194823451428,22.112843831825234,26.448216348504527,13.442098798466652,-89.87341772151899,-82.72812083847596,5.603448275862081,54793.95,2176301,118248.65,-2382.0,-2.15735465932454
2025-03-21,9049.0,9107.0,9201.5,9256.833333333334,9163.830523194516,94.64285714285714,10.526315789473683,-78.93430270393947,-55.98258637539112,-22.95171632854835,9465.040668987773,8937.959331012227,9201.5,527.0813379755455,16.075229221216823,22.99055397274196,2.2445797181665483,-97.26027397260276,-81.20927673010743,0.0,49801.1,2145182,117069.0,-125.0,-0.1157075283946262
2025-03-24,9049.0,9104.0,9187.0,9253.916666666666,9161.560949556944,102.5,42.15686274509803,-70.80358173263812,-58.94678544684052,-11.8567962857976,9428.604287170045,8945.395712829957,9187.0,483.20857434008576,35.27822298958314,27.08644364502236,51.66178167870471,-32.25806451612903,-42.554798000480616,89.16623029033569,50294.65,2225647,115708.9,-4827.0,-4.473337905213793
2025-03-25,9049.0,9094.5,9173.25,9250.083333333334,9155.221811503903,98.92857142857144,43.87755102040816,-67.21622391486562,-60.60067314044554,-6.615550774420079,9401.959767816625,8944.540232183377,9173.25,457.4195356332457,43.88918569675913,32.68735766226794,66.29284176574151,-46.774193548387096,-31.24135942998756,100.0,48103.85,2190480,114389.6,-881.0,-0.8546842712870761
2025-03-26,9074.0,9092.5,9162.0,9245.0,9154.24830564639,103.57142857142856,47.61904761904762,-59.65101509564374,-60.41074153148519,0.7597264358414435,9371.26940581586,8952.73059418414,9162.0,418.538811631719,54.405655961582106,39.926790428706,83.36338702733431,-30.64516129032258,-3.989615947069864,100.0,47994.3,2248102,113224.0,-1206.0,-1.180062232137613
2025-03-27,9098.0,9091.5,9149.0,9240.416666666666,9152.415133680068,102.14285714285714,46.22641509433962,-53.84179433875215,-59.09695209293858,5.255157754186428,9327.343252716411,8970.656747283587,9149.0,356.6865054328264,60.24704549485591,46.7002087840893,87.34071891638914,-33.87096774193548,-10.545772022864648,96.245537990821,46889.45,2219020,111868.0,-1893.0,-1.874405893536124
2025-03-28,9127.0,9088.0,9138.75,9236.083333333334,9149.32797809149,104.28571428571428,45.37037037037037,-49.87341004957671,-57.252243684266205,7.378833634689499,9296.926284069712,8980.573715930288,9138.75,316.352568139424,62.386919218792826,51.929112262323805,83.30253313173087,-33.333333333333336,-13.564912316044952,93.9376876876877,45360.9,2170581,110326.5,-7081.0,-7.145379872652602
2025-03-31,9111.0,9080.0,9124.25,9233.0,9140.820551606588,102.14285714285714,38.793103448275865,-50.98224389652569,-55.9982437267181,5.015999830192413,9250.918859630126,8997.581140369874,9124.25,253.33771926025287,56.79595784176832,53.551394122138646,63.28508528102768,-54.3859649122807,-38.6243932177704,76.20573159366263,45661.9,2123373,108600.15,-6094.0,-6.6226173140037865
2025-04-01,9113.0,9081.0,9118.5,9230.833333333334,9137.4090705012,104.64285714285714,45.0,-47.68025054132704,-54.33464508963989,6.654394548312851,9237.048235796756,8999.951764203244,9118.5,237.09647159351152,58.33180815182216,55.14486546536648,64.70569352473353,-38.59649122807018,-29.87164191216352,92.9391891891892,43434.05,2151181,106701.75,-2963.0,-3.4483962571574933
2025-04-02,9108.0,9091.0,9116.75,9228.083333333334,9135.7510637868,102.14285714285714,47.89915966386555,-43.35327283521292,-52.1383706387545,8.785097803541582,9234.05639144429,8999.44360855571,9116.75,234.6127828885801,61.110094323437,57.13327508472332,69.06373280086433,-33.333333333333336,-4.919101579059218,100.0,41038.05,2173809,104772.65,-1513.0,-1.8237485083352436
2025-04-03,9087.0,9092.5,9109.75,9225.083333333334,9125.679533902345,106.07142857142856,40.74074074074074,-46.64862337503837,-51.04042118601128,4.391797810972911,9230.339560515244,8989.160439484755,9109.75,241.17912103049093,52.43596931503987,55.56750649482884,46.17289495546193,-64.91228070175438,-58.59198506026093,80.84593469208853,41131.85,2131165,102940.35,-1159.0,-1.4229938120027483
2025-04-07,9066.0,9096.5,9101.75,9221.666666666666,9115.138625911644,113.57142857142856,40.74074074074074,-49.89542367404647,-50.81142168361832,0.915998009571851,9225.305868462716,8978.194131537284,9101.75,247.1117369254316,48.08862600800638,53.07454633255469,38.116785358909766,-60.60606060606061,-91.50402980509855,80.84593469208853,42130.45,2076050,100642.15,-10501.0,-13.079002104896064
2025-04-08,9059.0,9085.0,9094.5,9220.416666666666,9106.55399487244,111.78571428571428,44.53125,-51.07288346758105,-50.86371404041087,-0.2091694271701811,9218.21018764157,8970.78981235843,9094.5,247.42037528314177,46.20049814675173,50.78319693728703,37.03510056568112,-57.57575757575758,-62.6286937736434,90.988350591716,41248.75,2102047,98218.75,-3502.0,-5.018054679887662
2025-04-09,9027.0,9070.0,9082.25,9217.833333333334,9091.167900122684,117.14285714285714,44.1860465116279,-57.79513392157605,-52.24999801664392,-5.545135904932138,9214.377330930978,8950.122669069022,9082.25,264.25466186195627,41.75271305021544,47.77303564159649,29.712067867453317,-70.12987012987013,-112.37869429940866,90.06467593229667,41171.85,2047293,95490.4,-7113.0,-10.730772712186589
2025-04-10,9003.0,9055.5,9074.0,9216.25,9082.485242968143,119.64285714285714,48.92086330935252,-58.0157559704694,-53.40314960740902,-4.61260636306038,9204.972074162866,8943.027925837134,9074.0,261.9441483257324,44.025618223953146,46.52389650238205,39.02906166709536,-55.84415584415584,-51.7507887104348,100.0,41093.0,2080856,92704.1,-2451.0,-4.142091832423567
2025-04-11,9001.0,9044.0,9067.75,9215.166666666666,9076.534267447369,121.07142857142856,53.33333333333333,-55.93201819144997,-53.90892332421721,-2.023094867232757,9196.365092836184,8939.134907163816,9067.75,257.23018567236795,49.4562322551222,47.50134175329544,53.36601325877575,-50.64935064935065,-39.62294335410256,100.0,40415.55,2106988,89591.45,-5450.0,-9.608264870773242
2025-04-14,9024.0,9045.0,9066.5,9216.0,9081.626241976188,116.42857142857144,49.193548387096776,-44.88712941083395,-52.10456454154056,7.217435130706612,9191.99271314554,8941.007286854461,9066.5,250.9854262910776,59.28661097709901,51.42976482789663,75.00030327550378,-22.07792207792208,50.20690650906487,71.5287517531557,41345.95,2155098,86205.1,-7577.0,-14.77804649711344
2025-04-15,9036.0,9047.5,9063.75,9215.583333333334,9081.94755226417,120.71428571428572,49.193548387096776,-39.31193587148118,-49.54603880752869,10.234102936047506,9184.792619723265,8942.707380276737,9063.75,242.08523944652552,61.89282837069759,54.91745267549695,75.84357976109885,-33.76623376623377,39.72953267631036,71.5287517531557,41026.6,2127971,82337.05,-9623.0,-22.023114772857312
2025-04-16,9144.0,9085.5,9083.25,9220.916666666666,9120.333499667582,145.0,67.5257731958763,-2.5870755671858205,-40.15424615946012,37.5671705922743,9307.310024852355,8859.189975147643,9083.25,448.1200497047139,71.79801611659559,60.54430715586316,94.30543403806044,-8.391608391608392,178.52139019743055,100.0,41884.05,2192148,80985.2,50266.0,147.52876262033342
2025-04-17,9240.0,9121.5,9106.25,9224.5,9154.587452080194,147.5,67.87564766839378,25.81658507654538,-26.960079912259022,52.776664988804406,9389.57378724888,8822.92621275112,9106.25,566.6475744977615,78.1683743807607,66.41899623082901,101.66713068062408,-9.090909090909092,136.57236723728647,100.0,41455.9,2149036,79824.0,2851.0,3.380445350850158
2025-04-18,9326.0,9163.5,9128.0,9228.5,9182.721980453509,148.57142857142858,66.83673469387756,45.38279686207352,-12.49150455739252,57.87430141946604,9446.440277801525,8809.559722198475,9128.0,636.8805556030493,80.61799671361058,71.1519963917562,99.54999735731934,-14.482758620689657,108.11534899810336,96.42770946498707,42514.2,2099021,78714.2,-1354.0,-1.5529481930059983
2025-04-21,9388.0,9206.0,9151.25,9229.916666666666,9207.224648981746,144.64285714285714,70.43010752688173,59.39754630245079,1.8863056145761448,57.51124068787465,9489.914171492392,8812.585828507608,9151.25,677.3283429847834,81.79130815390131,74.69843364580457,95.9770571700948,-15.862068965517242,85.60058586933869,100.0,42459.1,2069004,77642.3,633.0,0.7374614085163378
2025-04-22,9399.0,9217.5,9151.25,9227.083333333334,9200.822301459675,161.42857142857142,51.47679324894515,45.76924405428508,10.662893302517933,35.10635075176715,9489.914171492392,8812.585828507608,9151.25,677.3283429847834,64.61157238271292,71.33614655810736,51.16242403192405,-57.241379310344826,23.642995957912028,36.1612714260245,43661.95,1964482,76950.7,2779.0,3.213905722348142
2025-04-23,9338.0,9241.0,9155.5,9225.333333333334,9198.83922513018,165.0,52.47933884297521,37.76109563701175,16.082533769416695,21.678561867595054,9493.32430812168,8817.67569187832,9155.5,675.6486162433612,55.22127424384252,65.96452245335242,33.734777824822714,-51.72413793103448,9.284526774016884,39.53805477493057,44753.65,2021483,76152.6,-3011.0,-3.373782872253406
2025-04-24,9254.0,9247.0,9151.25,9221.833333333334,9185.61644178445,167.14285714285714,51.20967741935483,21.48392983274425,17.162812982082208,4.321116850662044,9491.758520644602,8810.741479355398,9151.25,681.0170412892039,38.10868121110537,56.67924203927007,0.9675595547759884,-68.27586206896552,-16.555616859428778,35.26156941649897,45749.35,1943947,75685.5,5414.0,6.278120506516993
2025-04-25,9180.0,9253.0,9148.5,9219.166666666666,9175.557733043071,158.21428571428572,52.610441767068274,10.081775087715869,15.746605403208942,-5.664830315493074,9490.446440866182,8806.553559133818,9148.5,683.8928817323649,27.69336917341665,47.017284417318926,-10.9544613143879,-65.51724137931035,-21.081752102705885,32.100196880901414,46306.7,1984176,75285.5,-551.0,-0.6012002182214982
2025-04-28,9106.0,9247.0,9146.0,9216.666666666666,9165.504615610398,160.35714285714286,51.807228915662655,0.2358501440303371,12.644454351373223,-12.408604207342886,9489.551114713737,8802.448885286265,9146.0,687.1022294274699,20.09623304371568,38.04360062611785,-15.79850212108866,-66.89655172413794,-16.43370540711058,29.03964595877558,45787.05,1946130,75244.45,98.0,0.1075752752500047
2025-04-29,9071.0,9235.0,9141.25,9212.083333333334,9146.408937933216,155.0,50.78740157480315,-15.856949742266806,6.944173532645218,-22.801123274912023,9492.35164969856,8790.14835030144,9141.25,702.2032993971188,13.953044251366013,30.01341516786724,-18.16769758163644,-98.33333333333331,-43.41804926468907,8.677842171364961,45947.6,1895711,75508.15,1.0,0.00109652729805
2025-04-30,9048.0,9193.0,9139.25,9208.583333333334,9138.6557057491,158.21428571428572,52.47148288973384,-20.30735478432507,1.4938678692511598,-21.801222653576232,9491.67431064959,8786.82568935041,9139.25,704.8486212991811,16.29127681273863,25.43936904949104,-2.004907660766186,-79.03225806451613,-32.930218435601695,15.43533715165808,47468.95,1953946,75637.85,-5643.0,-6.187635693765214
2025-05-06,9045.0,9149.5,9135.5,9204.416666666666,9129.736114725376,156.78571428571428,50.95057034220533,-25.158158110332806,-3.836537326665634,-21.32162078366717,9490.374329127482,8780.625670872518,9135.5,709.7486582549645,17.650974665282543,22.843237588088208,7.266448819671211,-82.25806451612904,-26.310861396086057,8.273571737979493,48421.3,1912271,75934.15,1819.0,2.1261177020629907
2025-05-07,9039.0,9109.5,9136.5,9196.75,9122.142199037244,151.07142857142858,46.69421487603306,-28.27308199127401,-8.72384625958731,-19.5492357316867,9490.233470880336,8782.766529119664,9136.5,707.466941760671,19.13911131531657,21.60852883049766,14.200276284954384,-81.45161290322581,-22.491694919235496,0.0,48565.95,1957808,76325.25,737.0,0.8435003547966113
2025-05-08,9028.0,9067.0,9136.5,9188.5,9111.938180081315,155.71428571428572,47.083333333333336,-33.1833718468115,-13.615751377032147,-19.56762046977935,9490.233470880336,8782.766529119664,9136.5,707.466941760671,26.509407543544377,23.242155068179898,33.04391249427334,-76.59574468085107,-49.39230816763644,1.639367278172977,49863.75,1876737,77374.8,2668.0,3.027998774273355
2025-05-09,9037.0,9054.0,9135.75,9181.583333333334,9102.229781978334,130.35714285714286,20.49689440993789,-37.051167353607525,-18.302834572347223,-18.748332781260302,9490.540894679338,8780.959105320662,9135.75,709.5817893586755,32.911033600458154,26.465114578939318,45.80287164349584,-77.30496453900709,-37.135500028421255,0.0,50062.65,1846762,78528.5,-1419.0,-1.5631368488306818
2025-05-12,9033.0,9040.5,9140.75,9176.583333333334,9096.779326551825,134.28571428571428,23.952095808383238,-36.86723315120071,-22.01571428811792,-14.851518863082788,9486.936365993806,8794.563634006194,9140.75,692.3727319876125,42.90843100245597,31.94622005344487,64.83285290047816,-72.34042553191489,-29.41489209740998,6.919645628157837,49525.7,1890777,79922.4,-2309.0,-2.5839301700984807
2025-05-13,9032.0,9038.5,9142.75,9170.5,9091.371771642129,127.85714285714286,24.691358024691358,-36.70184614759091,-24.952940660012523,-11.74890548757839,9485.961995251051,8799.538004748949,9142.75,686.4239905021022,49.0357281951857,37.64272276735848,71.82173905084014,-69.6,-31.62994391302549,8.400147623046017,49085.15,1866025,81391.05,-956.0,-1.098206798313628
2025-05-14,9041.0,9040.0,9146.5,9168.5,9091.717317200022,128.21428571428572,29.82456140350878,-31.76655039094476,-26.31566260619897,-5.450887784745788,9485.680126031484,8807.319873968516,9146.5,678.3602520629684,61.857152130123794,45.71419922161358,94.14305794714424,-59.50413223140496,-21.75140985718101,29.0458942135516,49529.25,1901039,83106.0,-524.0,-0.6086300017422608
2025-05-15,9067.0,9047.5,9147.25,9166.25,9096.791858419068,114.28571428571428,50.413223140495866,-23.54924972245135,-25.76238002944945,2.213130306998096,9486.342830016234,8808.157169983766,9147.25,678.1856600324681,66.77922696120808,52.73587513481175,94.86593061400076,-26.25,0.6833342255266591,93.15796974361804,50493.0,1968424,85215.6,316.0,0.3692839863972619
2025-05-16,9083.0,9060.0,9147.5,9161.5,9096.14501476011,111.78571428571428,42.74193548387096,-21.23029051240701,-24.85596212604096,3.6256716136339513,9486.40691160972,8808.59308839028,9147.5,677.8138232194397,65.29870542002617,56.92348522988322,82.04914580031205,-37.66233766233766,-16.725866145280673,69.26995895703766,50703.9,1937079,87743.85,-1250.0,-1.4554007009209724
2025-05-19,9079.0,9056.0,9124.5,9154.666666666666,9089.36929906867,107.85714285714286,46.90265486725664,-24.35668668103426,-24.756107037039623,0.3994203560053613,9427.5007816561,8821.4992183439,9124.5,606.0015633121984,58.6839854315326,57.51031863043302,61.03131903373176,-54.54545454545455,-30.166025067077943,82.22623356947734,49102.35,1904933,87791.55,655.0,0.7738932145515465
2025-05-20,9095.0,9063.5,9106.5,9150.583333333334,9092.286508681178,112.85714285714286,53.125,-18.950225711369058,-23.59493077190551,4.644705060536452,9359.172036234191,8853.827963765807,9106.5,505.344072468386,62.49928033097844,59.17330586394816,69.151229265039,-29.87012987012987,-8.668142995501302,100.0,48883.7,1943672,87738.95,845.0,0.9907142522159074
2025-05-21,9094.0,9067.5,9088.5,9145.833333333334,9092.068745949638,112.85714285714286,51.51515151515152,-16.891599872329607,-22.254264591990328,5.362664719660721,9282.654035429812,8894.345964570188,9088.5,388.3080708596244,57.42376264489472,58.590124790930346,55.09103835282346,-37.66233766233766,-4.274597405612715,95.06606817731148,47744.1,1916449,87730.5,-471.0,-0.5468033481546786
2025-05-22,9083.0,9075.0,9071.0,9141.25,9091.871722525864,110.35714285714286,61.26126126126126,-15.086219515562334,-20.82065557670473,5.734436061142397,9172.959744378264,8969.040255621736,9071.0,203.91948875652812,52.66159339725008,56.61394765970359,44.756884872343065,-37.66233766233766,7.013124276789693,100.0,47533.45,1916449,87659.2,-624.0,-0.7284103378236373
2025-05-23,9061.0,9072.0,9063.0,9133.75,9081.217272761496,111.42857142857144,42.47787610619469,-22.27475377147857,-21.1114752156595,-1.1632785558190726,9167.246671031018,8958.753328968982,9063.0,208.4933420620364,40.107728931500056,51.11187475030242,18.09943729389533,-66.23376623376623,-55.91436514941024,53.92204857842214,44815.0,1866296,87434.5,-289.0,-0.3398320829707701
2025-05-26,9056.0,9067.5,9054.0,9127.583333333334,9073.482294403258,112.85714285714286,46.01769911504425,-26.057511336410244,-22.10068243980965,-3.9568288966005936,9146.086915465754,8961.913084534246,9054.0,184.17383093150784,33.9607081765556,45.39481922572015,11.0924860782265,-61.03896103896104,-56.42120025141292,62.60566930472969,43376.1,1894519,87333.85,-530.0,-0.6253465954007553
2025-05-27,9013.0,9054.0,9046.25,9119.833333333334,9057.43636160295,114.64285714285714,38.93129770992366,-36.30260616550004,-24.941067184947727,-11.36153898055231,9159.799201021531,8932.700798978467,9046.25,227.098402043066,26.244075721307336,39.01123805758255,0.7097510487569139,-85.71428571428571,-119.35586889511262,45.22185605683538,41463.8,1855229,87068.3,2116.0,2.5123778540303787
2025-05-28,8930.0,9012.0,9026.0,9107.833333333334,9021.013850974095,118.57142857142856,30.0,-62.26326329751828,-32.40550640746184,-29.85775689005644,9225.857844216169,8826.142155783833,9026.0,399.715688432334,17.84327270309378,31.95524960608629,-10.380681102891243,-99.1150442477876,-163.89750165056125,23.312285518188045,43226.4,1779748,87033.6,4066.0,4.709343402170507
2025-05-29,8849.0,8966.0,9006.75,9097.166666666666,8989.012531833707,120.35714285714286,30.994152046783626,-81.09553582776061,-42.1435122915216,-38.95202353623901,9256.661036802672,8756.838963197328,9006.75,499.8220736053445,17.047030286911006,26.9858431663612,-2.8305954719893838,-86.61417322834646,-147.53302105697105,18.8748693596339,44578.6,1844838,86858.1,-2718.0,-3.006470881035339
2025-05-30,8787.0,8924.0,8992.0,9085.833333333334,8958.630385944782,120.71428571428572,27.544910179640723,-96.12258084914356,-52.93932600304599,-43.18325484609757,9283.62701484854,8700.37298515146,8992.0,583.2540296970801,17.579376123477395,23.8503541520666,5.037420066298985,-83.70370370370371,-123.34136253167082,7.80300712443728,45082.8,1784335,86576.65,-2118.0,-2.4154093537240406
2025-06-03,8712.0,8884.0,8970.0,9075.916666666666,8926.85606347385,121.78571428571428,26.28571428571428,-110.3902362835688,-64.42950805915056,-45.96072822441825,9302.027265842964,8637.972734157036,8970.0,664.0545316859279,15.48770002434725,21.06280277616015,4.3374945207214495,-90.37037037037037,-103.43404485624984,0.0,43640.75,1754941,86548.0,-587.0,-0.6859960967172674
2025-06-04,8693.0,8853.0,8958.25,9070.166666666666,8915.726914571578,132.5,35.82089552238807,-105.55275565488772,-72.654157578298,-32.898598076589735,9295.690443088222,8620.809556911778,8958.25,674.8808861764446,24.945016390500506,22.35687398094027,30.121301209620967,-62.96296296296296,-59.71250072993429,27.262422066880838,44730.95,1818420,86280.65,-2955.0,-3.477206937939803
2025-06-05,8717.0,8823.5,8945.5,9063.916666666666,8904.229113183808,128.21428571428572,31.95876288659794,-101.75640751954052,-78.4746075665465,-23.28179995299402,9287.581861547784,8603.418138452216,8945.5,684.1637230955675,30.872435169424577,25.195394377101707,42.22651675407032,-60.16949152542373,-50.01491225299944,16.220042548155,43823.1,1791040,85922.25,-1084.0,-1.321516086166752
2025-06-06,8744.0,8796.5,8935.75,9058.0,8896.207292880588,132.14285714285714,35.63829787234042,-95.6281415158428,-81.90531435640577,-13.722827159437031,9280.595884723196,8590.904115276804,8935.75,689.6917694463918,37.91495677961638,29.435248511273265,54.87437331630262,-55.932203389830505,-33.3019590046605,26.740349745394862,41639.05,1828430,85341.8,-1773.0,-2.1904303028056797
2025-06-09,8792.0,8789.5,8930.75,9053.666666666666,8897.520884034819,133.57142857142858,44.04145077720208,-82.55752693726572,-82.03575687257776,-0.5217700646879564,9273.958928236212,8587.541071763788,8930.75,686.4178564724243,52.40842079881402,37.09297260712018,83.03931718220171,-40.67796610169491,-16.82812611138311,50.76614385445253,42119.35,1868011,84807.05,-505.0,-0.6378678792471892
2025-06-10,8866.0,8789.0,8928.25,9050.416666666666,8906.804609364835,137.5,43.45549738219896,-64.59556364137279,-78.54771822633677,13.952154584963978,9268.67195179388,8587.82804820612,8928.25,680.84390358776,63.93894719920935,46.04163080448323,99.73357998866156,-24.347826086956523,13.464225122019627,49.090820819725465,43780.05,1945240,84377.6,-203.0,-0.2580563147524306
2025-06-11,8889.0,8791.0,8922.5,9046.416666666666,8908.537503711043,139.28571428571428,41.70854271356784,-55.37071418001688,-73.91231741707279,18.54160323705591,9258.834733013966,8586.165266986034,8922.5,672.6694660279318,66.95929813280623,53.014186580590895,94.84952123723689,-35.96491228070175,8.54929704720315,44.09603211820067,44830.35,1899482,83997.2,25.0,0.031862557671225
2025-06-12,8913.0,8815.0,8913.5,9042.583333333334,8909.152979548086,142.5,41.29353233830845,-48.309983528755765,-68.79185063940939,20.481867110653624,9239.88530668682,8587.11469331318,8913.5,652.7706133736392,68.30619875520415,58.11152397212865,88.69554832135515,-35.45454545454545,2.0586077970245027,76.05832957202708,45095.9,1859157,83590.9,-1042.0,-1.3276083937467376
2025-06-13,8931.0,8837.5,8901.75,9038.5,8909.233648162553,140.71428571428572,46.11111111111112,-42.62639132587174,-63.558758776701865,20.932367450830128,9209.428489062164,8594.071510937836,8901.75,615.3569781243277,67.63484411395632,61.28596401940454,80.33260430305988,-30.0,1.4389806388775763,100.0,44137.85,1810933,83150.7,-362.0,-0.467428497643485
2025-06-16,8936.0,8864.0,8894.0,9035.083333333334,8911.687586432787,143.92857142857142,46.408839779005525,-35.693361636138434,-57.98567934858918,22.292317712450743,9189.271507528058,8598.728492471942,8894.0,590.5430150561151,68.73330692868406,63.768411655831045,78.6630974743901,-25.0,12.3732796866611,100.0,44698.75,1853496,82863.25,1805.0,2.34163174759674
2025-06-17,8916.0,8891.0,8887.5,9031.75,8910.098292486808,139.28571428571428,49.41176470588236,-33.04562200303008,-52.99766787947736,19.952045876447286,9176.281469007452,8598.718530992548,8887.5,577.5629380149039,62.48887128578937,63.34189819915049,60.78281745906713,-33.0,7.462671277998705,100.0,44309.1,1829143,82554.55,230.0,0.2915525808741437
2025-06-18,8933.0,8911.0,8882.0,9031.583333333334,8919.612740821398,132.5,72.7891156462585,-21.42080466081643,-46.68229523574518,25.26149057492875,9155.94582637717,8608.05417362283,8882.0,547.8916527543406,69.43702530163736,65.37360723331278,77.56386143828652,-10.0,39.105424908252665,100.0,45081.9,1883338,82309.3,2114.0,2.671958340706282
2025-06-19,9038.0,8975.5,8899.5,9038.666666666666,8969.173432171741,156.42857142857142,82.68398268398269,22.23306425015835,-32.899223338564475,55.132287588722825,9260.330912434643,8538.669087565355,8899.5,721.6618248692903,77.90899725991511,69.55207057551355,94.62285062871824,-3.8251366120218577,130.70879039071866,100.0,59769.7,2204317,83289.2,24032.0,29.584400236360064
2025-06-20,9123.0,9027.0,8911.75,9044.666666666666,9004.014057679195,172.85714285714286,76.70682730923694,47.80537676730091,-16.7583033173914,64.56368008469231,9314.062722040686,8509.437277959314,8911.75,804.6254440813718,72.7212245107253,70.60845522058415,76.94676309100763,-29.75609756097561,129.25822611176108,89.40188139725002,79741.05,1779086,84231.4,-1378.0,-1.30908952728378
2025-06-23,9229.0,9082.5,8936.0,9050.083333333334,9047.917480757364,181.42857142857144,81.57894736842105,77.66624410389704,2.1266061668662903,75.53963793703075,9408.05708842982,8463.94291157018,8936.0,944.114176859639,74.61250358328189,71.94313800815006,79.95123473354556,-17.326732673267326,112.81315580356468,97.82152680663474,86029.25,1955003,85271.2,1663.0,1.6007931771364836
2025-06-24,9356.0,9136.0,8962.5,9057.333333333334,9093.830101637615,185.3571428571429,79.75206611570248,105.36161031799747,22.77360699709253,82.58800332090495,9504.071786562035,8420.928213437963,8962.5,1083.1435731240745,78.54825341766117,74.14484314465376,87.355073963676,-12.087912087912088,102.72736103515562,94.22000223953415,93677.75,2136196,86353.9,328.0,0.3107561416972215
2025-06-25,9492.0,9212.5,9001.75,9066.416666666666,9150.608187195938,195.7142857142857,83.02583025830259,138.6230897128844,45.9435035402509,92.67958617263348,9632.25752322403,8371.24247677597,9001.75,1261.0150464480612,85.12740704034555,77.80569777655103,99.7708255679346,-1.5873015873015872,105.76874753181347,100.0,101147.75,2324886,87918.45,11753.0,11.100616753402528
2025-06-26,9530.0,9284.0,9049.5,9074.666666666666,9196.264550320137,198.57142857142856,79.13669064748201,158.3165782449123,68.41811848118319,89.89845976372912,9719.243863059051,8379.756136940949,9049.5,1339.4877261181027,84.67953262149163,80.0969760581979,93.8446457480791,-15.228426395939088,96.2899523559918,90.68074416061026,109263.95,2087081,89439.55,3197.0,2.7178440873926624
2025-06-27,9587.0,9355.0,9096.25,9083.0,9236.620307432502,203.92857142857144,77.09923664122138,171.14405127433747,88.96330503981405,82.18074623452343,9789.000999543428,8403.499000456572,9096.25,1385.5019990868568,83.8604291550685,81.35146042382144,88.87836661756262,-16.842105263157894,76.6610272551218,85.79854474238824,116797.3,1871324,91073.5,-461.0,-0.3815372391932303
2025-06-30,9613.0,9421.0,9142.5,9091.916666666666,9270.751706724644,201.07142857142856,74.0,177.24940420309758,106.62052487247075,70.62887933062683,9838.930749948391,8446.069250051607,9142.5,1392.861499896786,82.23271034580324,81.64521039781538,83.40771024177897,-19.473684210526315,68.85117058551195,78.37207460848143,122382.45,1699118,92780.3,-661.0,-0.5491584002126793
2025-07-01,9649.0,9502.5,9196.75,9102.0,9312.584877512774,208.2142857142857,80.3088803088803,189.1866533159082,123.13375056115824,66.05290275474994,9892.483425961407,8501.016574038593,9196.75,1391.4668519228144,85.04402911942438,82.77814997168504,89.57578741490306,-7.368421052631579,71.45349543565675,93.48957501781712,130640.95,1893682,94764.4,4959.0,4.142684098408589
2025-07-02,9646.0,9569.0,9240.0,9111.25,9347.100603463938,216.42857142857144,78.78787878787878,193.5912028679286,137.2252410225123,56.36596184541628,9942.019642850088,8537.980357149912,9240.0,1404.0392857001752,79.8598612208592,81.8053870547431,75.9688095530914,-17.5609756097561,69.00841413908815,88.51961610888691,140726.8,1628486,96409.2,-9741.0,-7.813803503818262
2025-07-03,9919.0,9724.5,9350.0,9144.0,9504.04340313404,308.92857142857144,89.56356736242884,300.13503852415124,169.8072005228401,130.32783800131114,10374.021998118977,8325.978001881025,9350.0,2048.0439962379496,84.23897377375674,82.61658262774765,87.48375606577491,-5.518763796909492,159.7374893387509,100.0,153323.75,1907805,99635.85,30553.0,26.585626898009963
2025-07-04,10078.0,9832.5,9429.75,9167.333333333334,9590.80117426413,345.0,73.1974921630094,333.92140505225507,202.63004142872308,131.291363623532,10525.874632752277,8333.625367247723,9429.75,2192.249265504553,76.32738307606192,80.52018277718574,67.94178367381429,-31.473214285714285,103.14699172927337,59.2395008029582,172405.3,1488784,102446.05,-10102.0,-6.944100745140092
2025-07-07,10249.0,9931.0,9506.75,9191.083333333334,9672.629633858023,356.42857142857144,74.41130298273156,359.37885569333594,233.97980428164567,125.39905141169028,10663.811955307949,8349.688044692053,9506.75,2314.1239106158937,70.60036920517949,77.21357825318366,57.373951109171145,-30.18018018018018,81.33521679897541,9.67058336046414,180031.15,1680882,105330.2,974.0,0.7194882326000629
2025-07-08,10394.0,10021.5,9578.75,9215.916666666666,9745.236335395351,356.07142857142856,73.09562398703403,374.0320850481039,261.99026043493734,112.04182461316655,10780.095189010175,8377.404810989825,9578.75,2402.69037802035,66.26195924308148,73.56303858314959,51.65980056294524,-32.77511961722488,71.97034161709566,0.0,182880.15,1546673,108190.55,-679.0,-0.4979904362366838
2025-07-09,10544.0,10095.0,9653.75,9239.666666666666,9809.975732024368,336.7857142857143,68.48030018761726,380.4523406958797,285.68267648712583,94.76966420875384,10870.440398711104,8437.059601288895,9653.75,2433.380797422211,63.16328758620293,70.0964549175007,49.29695292360739,-37.46630727762803,58.29539301487211,0.0,190696.85,1344581,111111.6,1239.0,0.9132521062291232
2025-07-10,10461.0,10190.0,9737.0,9265.666666666666,9883.311376593476,325.35714285714283,72.92817679558011,393.5114886740994,307.24843892452054,86.26304974957884,10968.615968854268,8505.384031145732,9737.0,2463.231937708537,64.08572484716368,68.09287822738835,56.07141808671432,-30.252100840336134,64.35331450961988,21.09671414341693,198763.95,1546248,114183.7,1979.0,1.445496245654021
2025-07-11,10498.0,10288.0,9821.5,9290.166666666666,9951.567435965526,330.0,71.78502879078695,400.8539950539107,325.9695501503986,74.88444490351208,11046.090586793462,8596.909413206538,9821.5,2449.1811735869237,65.01681019534904,67.06752221670858,60.91538615262997,-29.131652661064425,62.63804720051332,15.674651256698438,204977.45,1718742,117320.2,926.0,0.6667290675153259
2025-07-14,10486.0,10367.5,9894.25,9311.916666666666,9993.322918254524,331.07142857142856,65.63636363636363,385.2863975446016,337.8329196292392,47.45347791536244,11068.95388205978,8719.546117940221,9894.25,2349.407764119558,60.56308317659031,64.89937587000249,51.89049778976596,-44.51219512195122,45.67605074433879,0.0,212483.4,1526060,120109.75,-5134.0,-3.6720476636650345
2025-07-15,10455.0,10424.5,9963.5,9325.166666666666,10020.625497468378,334.6428571428572,60.92592592592593,359.9239049370826,342.25111669080786,17.672788246274763,11050.17091808446,8876.829081915539,9963.5,2173.341836168922,44.079092488097245,57.95928140936741,16.318714645556923,-52.01238390092879,30.48273150723413,0.0,219726.1,1356853,122802.8,-1700.0,-1.262260634545842
2025-07-16,10443.0,10493.5,10031.25,9339.916666666666,10053.423069138056,334.2857142857143,63.48623853211009,342.73193602877654,342.3472805584016,0.3846554703749234,11033.278862910276,9029.221137089724,10031.25,2004.057725820552,37.15702280392577,51.02519520755353,9.42067799667025,-46.749226006191954,31.48332020913478,8.940375246547593,222652.95,1469585,125576.0,3717.0,2.795178186029368
2025-07-17,10403.0,10432.0,10078.25,9355.416666666666,10084.525633982052,332.1428571428572,63.91941391941391,326.5532488666704,339.1884742200554,-12.63522535338501,11051.27174476703,9105.22825523297,10078.25,1946.0434895340584,37.42566952360483,46.49201997957063,19.29296861167325,-46.68769716088328,28.849584875321803,10.452983707213884,212207.2,1581649,127063.15,-1689.0,-1.2355884590624422
2025-07-18,10353.0,10425.5,10129.0,9370.583333333334,10109.808906936143,332.1428571428572,63.80255941499087,307.76307232807994,332.9033938416603,-25.14032151358037,11042.878950869372,9215.121049130628,10129.0,1827.7579017387436,35.752915484872354,42.91231848133787,21.434109491941328,-49.04458598726114,27.83851405404195,10.044938566058873,197286.75,1454827,128553.8,-1308.0,-0.9688386528105996
2025-07-21,10341.0,10413.5,10172.25,9390.416666666666,10130.779487227936,334.2857142857143,61.74242424242424,287.9387109678956,323.9104572669074,-35.97174629901184,11034.215165983183,9310.284834016817,10172.25,1723.9303319663704,33.4031782244828,39.74260506238618,20.72432454867604,-52.31788079470199,22.863389015024733,2.8511367401142307,199173.5,1241175,130155.3,3880.0,2.902041152140256
2025-07-22,10383.0,10419.0,10220.25,9412.25,10164.9909646348,333.57142857142856,64.7377938517179,281.8889838513078,315.5061625837875,-33.617178732479715,11037.378959737754,9403.121040262246,10220.25,1634.257919475509,41.71322992743298,40.39948001740178,44.340729747495374,-66.66666666666667,28.792742053056667,13.310690876006204,198361.35,1406125,131476.85,-5271.0,-3.8312533162764617
2025-07-23,10429.0,10436.0,10265.5,9437.833333333334,10205.944206098153,246.78571428571428,37.09677419354839,282.3128274625124,308.8674955595325,-26.554668097020112,11058.879845312047,9472.120154687953,10265.5,1586.7596906240942,53.73474587754791,44.84456863745049,71.51510035774274,-48.466257668711656,38.14951848952438,0.0,197033.35,1568255,132229.6,377.0,0.2849411978111726
2025-07-24,10456.0,10429.5,10309.75,9461.75,10235.378091231662,217.5,54.76190476190476,273.0458920871024,301.70317486504644,-28.657282777944037,11050.890479616592,9568.609520383408,10309.75,1482.2809592331869,58.26540814278771,49.31818180589623,76.15986081657067,-37.03703703703704,23.77776637508127,47.34115943995836,192256.85,1425980,132482.65,-6797.0,-5.122658929042467
2025-07-25,10475.0,10414.0,10351.0,9484.666666666666,10255.342082542931,210.3571428571429,49.76958525345621,257.0897929515268,292.7804984823425,-35.69070553081576,11018.695171545563,9683.304828454437,10351.0,1335.3903430911305,56.66538760674296,51.76725040617848,66.46166200787192,-50.0,16.03374044221926,35.20337769847607,186106.0,1333240,132759.85,22.0,0.0174758515505857
2025-07-28,10548.0,10444.5,10406.0,9513.5,10297.21426515789,258.57142857142856,59.84848484848485,261.6017974128117,286.5447582684364,-24.94296085562468,10987.093343348732,9824.906656651268,10406.0,1162.186686697467,51.968344213076165,51.83428167514437,52.23646928893976,-52.72727272727273,70.94166971006499,63.49656726428673,202984.25,1843011,133676.1,12120.0,9.625923278532287
2025-07-29,10608.0,10495.5,10460.0,9542.25,10344.146239904758,258.92857142857144,62.989323843416365,269.73397415697764,283.18260144614464,-13.448627289167009,10964.432980264915,9955.567019735085,10460.0,1008.8659605298344,51.81222947538412,51.82693094189095,51.78282654237043,-44.09090909090909,55.5930054447521,72.26217164158628,201447.35,2006837,134270.8,-1472.0,-1.0664348330073126
2025-07-30,10650.0,10539.5,10516.5,9571.583333333334,10388.037074199545,255.7142857142857,58.89328063241106,274.22802745617446,281.39168664815065,-7.163659191976194,10885.739616965517,10147.260383034483,10516.5,738.4792339310297,52.129426015415206,51.9277626330657,52.53275278011421,-42.72727272727273,75.5622760772432,62.83540838805372,195361.25,2150311,135198.1,-3089.0,-2.262042502087025
2025-07-31,10686.0,10571.0,10501.5,9599.0,10417.271638561491,266.7857142857143,53.50553505535055,265.8489748848169,278.2831442954839,-12.434169410666982,10807.924198577206,10195.075801422794,10501.5,612.8483971544119,48.655798248132754,50.83710783808805,44.29317906822216,-52.72727272727273,70.66172858900379,57.49473339369645,190133.5,1975547,134350.7,-4941.0,-3.701983232061379
2025-08-01,10781.0,10628.0,10526.75,9630.75,10465.150530127064,271.07142857142856,69.34306569343066,274.203290108002,277.46717345798754,-3.2638833499855764,10882.42985309086,10171.07014690914,10526.75,711.35970618172,53.11456068592094,51.59625878736568,56.151164483031465,-32.27272727272727,97.36963719814752,100.0,180229.65,2196491,134608.4,12000.0,9.336486991161452
2025-08-04,10814.0,10681.0,10547.25,9661.583333333334,10502.755241543537,274.2857142857143,71.96969696969697,272.8375451676693,276.5412477999239,-3.70370263225459,10930.49754951666,10164.00245048334,10547.25,766.49509903332,53.62464337167043,52.27238698213394,56.329156150743415,-41.08910891089109,96.73748741951188,100.0,179153.15,2025923,134588.95,-4569.0,-3.251309347603326
2025-08-05,10830.0,10719.0,10569.0,9692.0,10537.730932825105,272.85714285714283,70.28112449799197,269.45597810424624,275.12419386078835,-5.668215756542111,10974.171828396687,10163.828171603313,10569.0,810.343656793375,54.32899722045788,52.95792372824192,57.07114420488979,-40.5,60.6851117251142,95.1579267314528,177321.25,2123494,134474.7,-2575.0,-1.8939533241638995
2025-08-06,10865.0,10757.5,10596.75,9724.333333333334,10579.85179636557,273.92857142857144,72.38805970149254,272.5108075775843,274.60151660414755,-2.0907090265632746,11035.063454288738,10158.436545711262,10596.75,876.6269085774766,58.18464939938039,54.70016561862141,65.15361696089835,-29.64824120603015,75.75671030273384,100.0,172582.55,2230812,134310.95,249.0,0.1866790619564629
2025-08-07,10949.0,10817.5,10623.5,9758.0,10630.818291949803,291.7857142857143,76.47058823529412,282.56788699313256,276.19479068194454,6.373096311188021,11119.070909472892,10127.929090527108,10623.5,991.1418189457836,62.5397662662536,57.31336583449881,72.99256712976316,-21.5962441314554,103.4903098900104,100.0,177038.2,2521592,134333.2,5699.0,4.264665165041559
2025-08-08,11073.0,10927.0,10670.5,9797.916666666666,10717.40702604982,307.1428571428572,82.70270270270271,321.13035221051905,285.18190298765944,35.94844922285961,11313.15813126748,10027.84186873252,10670.5,1285.3162625349578,74.8573061064364,63.16134592514467,98.24922646901985,-0.4149377593360996,121.43221842431802,100.0,181476.15,2782845,135074.4,15305.0,10.98455487612322
2025-08-11,11238.0,11026.0,10735.25,9841.166666666666,10809.5587378546,318.57142857142856,82.56130790190736,359.25045627302643,299.9956136447328,59.2548426282936,11506.915833048695,9963.584166951305,10735.25,1543.3316660973906,79.54913951232783,68.62394378753906,101.39953096190536,-9.55631399317406,126.62357249151734,99.68996399060931,190304.45,3152093,136018.4,-1078.0,-0.6971164727717194
2025-08-12,11374.0,11102.0,10798.75,9883.25,10880.07695329702,319.2857142857143,75.60321715817695,374.25338160663887,314.84716723711404,59.40621436952483,11620.095974925496,9977.404025074504,10798.75,1642.6919498509924,79.11971619662435,72.1225345905675,93.11407940873806,-18.77133105802048,96.6369894124684,78.44271634634396,191385.7,2961261,136658.6,-7776.0,-5.063851679159148
2025-08-13,11460.0,11162.5,10851.0,9921.416666666666,10930.54581488778,328.57142857142856,73.24675324675324,370.5747233169423,325.9926784530797,44.58204486386256,11688.952391563098,10013.047608436902,10851.0,1675.904783126196,73.99829696951085,72.74778871688194,76.49931347476866,-29.328621908127207,81.04063741375278,71.28741465024649,197564.6,2724951,136981.1,-2637.0,-1.808852884081136
2025-08-14,11529.0,11239.0,10905.0,9960.916666666666,10980.970022993704,330.35714285714283,76.64041994750656,367.45811384989247,334.28576553244227,33.1723483174502,11754.27213418005,10055.72786581995,10905.0,1698.5442683600995,71.60492525240116,72.36683422872167,70.08110729976013,-28.515625,66.8426883897385,79.23674368549263,198764.75,2861018,137416.75,574.0,0.4009891998379311
2025-08-15,11530.0,11301.5,10964.75,10001.833333333334,11034.68716366097,288.57142857142856,74.42528735632185,367.6093957335452,340.9504915726628,26.658904160882344,11817.753825498918,10111.746174501082,10964.75,1706.0076509978353,72.58510168341896,72.4395900469541,72.87612495634869,-22.134387351778656,64.26259853719141,71.64993725981661,201696.35,3046472,137805.05,-2255.0,-1.5690231004731436
2025-08-18,11497.0,11367.5,11024.25,10044.166666666666,11080.907433788498,288.92857142857144,71.8562874251497,361.5443385685012,345.0692609718305,16.4750775966707,11856.591497476276,10191.908502523724,11024.25,1664.6829949525527,71.7560808608414,72.2117536515832,70.84473527935779,-24.11067193675889,63.817463416738725,62.85113882086898,199146.45,2883818,137918.1,-1625.0,-1.1486940232566356
2025-08-19,11497.0,11435.5,11077.25,10086.666666666666,11125.582916284831,305.35714285714283,72.10682492581603,355.0655121449672,347.06851120645786,7.997000938509359,11901.30591915521,10253.19408084479,11077.25,1648.1118383104183,70.81290513133305,71.74547081149981,68.94777377099953,-21.73913043478261,64.77675514458798,63.70922719331784,205069.2,3167223,138484.3,3792.0,2.7116704805491887
2025-08-20,11521.0,11490.5,11124.0,10130.416666666666,11164.09882901961,297.85714285714283,76.1755485893417,344.34773631860844,346.524356228888,-2.176619910279556,11938.898120852184,10309.101879147816,11124.0,1629.7962417043673,67.34283160880817,70.2779244106026,61.4726460052193,-25.76419213973799,41.8434646224737,51.14272858737901,206846.7,2969543,138626.4,-8105.0,-5.642892948646539
2025-08-21,11523.0,11526.0,11171.75,10177.0,11193.232273874884,284.6428571428572,69.23076923076923,327.24010299233123,342.6675055815767,-15.427402589245446,11947.367071824274,10396.132928175726,11171.75,1551.2341436485476,57.28460160351223,65.94681680823913,39.96017119405843,-32.27272727272727,44.091403254007965,0.0,205857.8,2847046,139165.05,1134.0,0.8367336397913316
2025-08-22,11461.0,11495.5,11211.25,10219.5,11197.210152553467,286.7857142857143,61.6822429906542,291.36101587923986,332.4062076411093,-41.04519176186943,11907.426588305914,10515.073411694086,11211.25,1392.3531766118283,40.05640106900816,57.31667822849548,5.535846750033528,-53.63636363636363,17.098804095210834,0.0,210580.55,2659851,139579.4,-2464.0,-1.803001587870712
2025-08-25,11439.0,11468.0,11247.0,10265.166666666666,11217.47585231028,295.0,65.25423728813558,273.89038049571354,320.70304221203014,-46.8126617163166,11903.877782431884,10590.122217568116,11247.0,1313.755564863768,37.904267379338776,50.84587461210991,12.02105291379651,-40.68627450980392,22.119115162263377,16.99294090810957,191605.25,2790116,139316.2,-1431.0,-1.0663427647413903
2025-08-26,11411.0,11454.0,11278.0,10311.583333333334,11235.811485423585,291.42857142857144,62.95180722891566,257.0813028533994,307.978694340304,-50.89739148690461,11901.752650031283,10654.247349968717,11278.0,1247.5053000625703,36.46951158622585,46.05375360348189,17.30102755171376,-46.89265536723164,19.652416766957437,6.039659720352217,187712.25,2790116,139100.75,-517.0,-0.3894069264721356
2025-08-27,11377.0,11449.0,11305.75,10354.083333333334,11247.638963002291,268.92857142857144,57.77777777777777,236.9934921324584,293.78165389873493,-56.78816176627652,11888.965000529051,10722.534999470949,11305.75,1166.4300010581064,32.8463410574839,41.651282754815895,15.236457662819902,-62.41610738255034,13.639467295075503,0.0,185334.95,2694188,138947.65,-1842.0,-1.3928271669350956
2025-08-28,11377.0,11450.0,11344.5,10398.666666666666,11268.81620462112,257.5,47.22222222222223,227.32932712736329,280.4911885444606,-53.16186141709733,11855.349653441255,10833.650346558745,11344.5,1021.699306882514,36.29756070498927,39.86670873820702,29.15926463855375,-56.8,16.214858409466547,0.0,185223.0,2866713,139163.95,2447.0,1.8764330135652152
2025-08-29,11432.0,11446.5,11374.0,10443.5,11291.7860898953,241.07142857142856,42.42424242424243,220.35792346664857,268.46453552889824,-48.10661206224967,11848.481434388055,10899.518565611945,11374.0,948.9628687761106,40.73170713665951,40.15504153769118,41.88503833459616,-50.4,24.27434427587063,0.0,178998.2,2963161,132642.1,-122763.0,-92.40444397609406
2025-09-01,11418.0,11428.5,11398.0,10484.0,11296.377890857651,242.14285714285717,41.17647058823529,198.82354255336395,254.5363369337914,-55.712794380427454,11807.060541137604,10988.939458862396,11398.0,818.1210822752073,38.96881741600085,39.75963349712774,37.38718525374708,-77.6,4.471571016785804,0.0,177462.15,2823314,126348.6,-2.0,-0.0198196412644957
2025-09-02,11412.0,11411.5,11423.5,10523.75,11304.341901252164,228.57142857142856,48.62385321100918,182.87696442981175,240.2044624329955,-57.32749800318373,11749.029528129491,11097.970471870509,11423.5,651.0590562589823,41.16908502838876,40.229450674214746,43.04835373673677,-71.2,-12.812658007930969,20.999868196650617,177541.55,2922473,126289.0,122103.0,1210.2586975914362
2025-09-03,11405.0,11391.0,11440.75,10563.75,11306.309339228148,232.5,43.83561643835616,163.91167428252993,224.9459048029024,-61.03423052037249,11696.386975333957,11185.113024666043,11440.75,511.2739506679136,38.70731794685377,39.72207309842776,36.67780764370579,-80.0,-48.88217822874808,7.597759718232584,178067.25,2804641,120109.2,-122155.0,-92.40725611232146
2025-09-04,11293.0,11335.0,11430.5,10597.0,11268.56559263499,248.92857142857144,27.71929824561404,114.07947631206662,202.77261910473527,-88.69314279266865,11749.674923167448,11111.325076832552,11430.5,638.3498463348951,28.582656409013627,36.00893420195638,13.730100823128126,-93.84615384615384,-158.4251789022357,0.0,176781.5,2539576,113644.1,-7.0,-0.0697419547673661
2025-09-05,11191.0,11311.5,11403.5,10631.833333333334,11242.987917145943,243.2142857142857,32.5503355704698,80.9165921322201,178.40141371023225,-97.48482157801214,11771.325759665746,11035.674240334254,11403.5,735.6515193314917,25.999548717120195,32.67247237367765,12.65370140400529,-84.61538461538461,-129.2766666603192,9.969895092142847,168576.6,2636731,106411.55,-44.0,-0.4386839481555382
2025-09-08,11149.0,11283.5,11375.75,10668.416666666666,11232.227163132044,237.8571428571429,36.79245283018867,64.38251943140494,155.5976348544668,-91.21511542306186,11737.853140293651,11013.646859706349,11375.75,724.2062805873065,30.29599544104309,31.8803133961328,27.12735953086367,-62.41610738255034,-96.6809190822861,18.724425683402245,156632.95,2767106,99231.8,-22.0,-0.2203084318045278
2025-09-09,11070.0,11241.0,11347.5,10703.25,11208.68171902423,231.42857142857144,34.11078717201167,39.12781837599141,132.30367155877173,-93.17585318278032,11739.304193846605,10955.695806153395,11347.5,783.6083876932098,26.447330294028724,30.06931902876477,19.20335282455663,-81.87919463087249,-87.90490285264453,15.396922283682198,151983.0,2669273,92409.2,-633.0,-6.352870333199522
2025-09-10,11012.0,11208.5,11328.75,10737.0,11192.140602926684,229.28571428571428,37.243401759530784,22.88407460464623,110.41975216794664,-87.53567756330041,11743.19795241762,10914.30204758238,11328.75,828.8959048352372,26.196368344167297,28.77833546723228,21.032434098037328,-74.30555555555556,-84.30838787519389,25.37396824629804,143648.3,2738889,85718.15,-6.0,-0.0643017897331454
2025-09-11,11075.0,11184.0,11317.0,10766.75,11195.270069314618,227.14285714285717,49.6987951807229,25.05340270852321,93.34648227606196,-68.29307956753875,11729.098608536711,10904.901391463289,11317.0,824.1972170734225,34.8253566738893,30.794009202784626,42.88805161609866,-47.91666666666666,-40.2161858813745,58.55743340946773,145097.25,2903935,78991.85,-131.0,-1.4048257372654138
2025-09-12,11106.0,11148.5,11297.5,10797.083333333334,11191.434824617989,220.0,41.80064308681673,20.88346429750527,78.85387868035063,-57.97041438284536,11700.991342110205,10894.008657889795,11297.5,806.9826842204093,39.74806976091265,33.77869605549397,51.68681717175002,-57.638888888888886,-31.52729948219631,39.966909106236265,140557.1,2809284,72378.0,-6.0,-0.0652599521427044
2025-09-15,11053.0,11101.0,11264.75,10820.416666666666,11160.345793701988,238.2142857142857,35.230352303523034,-5.755472797140101,61.932008384852494,-67.6874811819926,11697.470585670657,10832.029414329343,11264.75,865.4411713413137,31.260617935846533,32.93933668227815,27.903180442983285,-88.125,-85.43105092935633,24.98813704090347,142260.4,2612564,65842.3,-62.0,-0.6747932085328645
2025-09-16,11017.0,11043.5,11227.5,10841.666666666666,11126.503337158942,247.8571428571429,35.04043126684637,-31.34717026106773,43.27617265566845,-74.62334291673619,11684.41759017412,10770.58240982588,11227.5,913.83518034824,25.39881651563558,30.425829960063965,15.344789626778804,-90.53254437869822,-95.75291562673952,33.308919866759766,134319.15,2487984,59105.7,-226.0,-2.476440937979396
2025-09-17,10973.0,10992.5,11191.75,10860.416666666666,11096.836352667611,236.07142857142856,31.339031339031337,-50.242691974845,24.572399729565767,-74.81509170441078,11660.738553333547,10722.761446666453,11191.75,937.9771066670946,22.289687200899916,27.713782373675947,11.441496855347836,-89.3491124260355,-88.15909384525946,16.468680352894385,128410.3,2567487,52772.9,-29.0,-0.3258426966292083
2025-09-18,10852.0,10963.5,11149.25,10876.916666666666,11051.423366699268,241.78571428571428,26.70157068062828,-80.02986491897354,3.6519467998579063,-83.68181171883145,11663.901389419652,10634.598610580348,11149.25,1029.302778839305,15.833027476998971,23.753530741450287,-0.0079790519036606,-97.9381443298969,-97.55786933109844,0.0,128577.55,2441645,46372.9,-210.0,-2.3672641190395693
2025-09-19,10755.0,10930.5,11121.0,10894.416666666666,11015.097331775529,235.7142857142857,31.284916201117326,-98.46676833766467,-16.771796227646615,-81.69497211001807,11676.258119208866,10565.741880791134,11121.0,1110.516238417731,14.810670800268817,20.77257742772313,2.8868575453601864,-89.83050847457628,-87.87505023482046,19.929994249828667,123714.75,2531584,40084.55,-231.0,-2.667128507100802
2025-09-22,10729.0,10891.0,11087.25,10913.416666666666,10988.421395415951,239.64285714285717,32.231404958677686,-106.60432208919885,-34.73830139995706,-71.86602068924176,11650.543650631804,10523.956349368196,11087.25,1126.5873012636075,17.202385734458172,19.582513529968143,12.44213014343822,-81.87134502923976,-68.7895870298931,24.04565941436392,123707.8,2661710,40937.2,141389.0,1677.2123368920522
2025-09-23,10724.0,10870.5,11055.75,10931.25,10968.571738709672,235.3571428571429,34.903047091412745,-108.175290731122,-49.42569926619005,-58.74959146493195,11613.48295817226,10498.01704182774,11055.75,1115.4659163445176,20.92452193171916,20.02984966388515,22.713866467387177,-72.6027397260274,-56.60603248509285,35.66289667151235,124707.4,2767668,42007.8,3842.0,2.5644277428096496
2025-09-24,10718.0,10845.5,11027.0,10949.75,10951.088715975417,212.5,45.51971326164875,-107.77447937386933,-61.09545528772591,-46.67902408614341,11577.936045576787,10476.063954423213,11027.0,1101.8720911535747,23.85306293032485,21.30425408603172,28.950680618911107,-70.92198581560284,-43.96415855884577,81.82788571265652,124896.8,2867384,43293.2,2454.0,1.5970220159962525
2025-09-25,10788.0,10820.0,11002.0,10949.333333333334,10952.889790644424,228.2142857142857,48.99328859060403,-91.47441942874138,-67.17124811592902,-24.303171312812367,11512.164060299285,10491.835939700715,11002.0,1020.3281205985696,39.53840558991353,27.382304587325656,63.85060759508927,-44.680851063829785,-9.55376494357609,96.93220984073116,127718.4,3096341,44596.9,2813.0,1.8018768215738443
2025-09-26,10911.0,10833.0,10990.75,10963.833333333334,10984.519334392571,228.92857142857144,54.6268656716418,-52.53306853807226,-64.24361220035767,11.710543662285415,11462.20100766843,10519.29899233157,10990.75,942.9020153368584,59.226069927075216,37.99689303390884,101.68442371340797,-1.3986013986013983,41.1315873568488,100.0,135315.4,3344729,52136.9,1963.0,1.235150508406324
2025-09-29,10947.0,10838.0,10969.5,10971.583333333334,10977.898445402803,251.07142857142856,48.1578947368421,-50.94046520734082,-61.58298280175431,10.642517594413484,11412.09878469165,10526.90121530835,10969.5,885.197569383301,55.10176223576576,43.69851610119448,77.90825450490833,-53.14685314685315,2.5747654724053675,76.83472659149551,143087.85,3049433,59024.55,-13049.0,-8.110459876562393
2025-09-30,10955.0,10839.5,10941.5,10978.0,10962.860498221584,262.5,44.47300771208226,-56.69052852135792,-60.60449194567503,3.91396342431711,11343.7711837345,10539.2288162655,10941.5,804.5423674690028,47.92331934598837,45.10678384945911,53.556390339046885,-66.43356643356644,-36.71887518952492,63.63920967414278,144637.65,2919278,59393.6,-8269.0,-5.593133209778012
2025-10-09,10990.0,10854.0,10923.25,10986.916666666666,10962.588069819529,258.57142857142856,43.007915567282325,-49.38142680417696,-58.35987891737542,8.978452113198465,11283.15166785709,10563.34833214291,10923.25,719.8033357141794,49.66449727960996,46.62602165950939,55.74144851981109,-46.85314685314685,-1.7783913886976752,58.392739958168754,147035.4,3085065,66271.4,8020.0,5.746097024496133
2025-10-10,11025.0,10906.5,10935.0,10996.333333333334,10979.96063459862,266.42857142857144,49.75124378109453,-28.33433654935652,-52.35477044377164,24.02043389441512,11308.179792988229,10561.820207011771,10935.0,746.3595859764537,59.24875358209009,50.83359896703629,76.07906281219768,-20.97902097902098,57.42571656106958,82.54048205357809,148103.7,3371496,73669.1,10391.0,7.040306789617401
2025-10-13,10994.0,10952.5,10941.5,11005.166666666666,10994.250097970182,253.57142857142856,57.63688760806916,-12.71813379643936,-44.42744311430519,31.70930931786583,11323.86246237252,10559.13753762748,10941.5,764.7249247450418,64.17108506522541,55.27942766643267,81.9543998628109,-23.07692307692308,59.60386289464669,100.0,152035.8,3195699,81317.5,4970.0,3.145888191209245
2025-10-14,11033.0,10990.0,10940.5,11017.166666666666,11005.273898163498,250.3571428571429,58.99705014749262,-1.9337227074465773,-35.928699032933466,33.99497632548689,11320.886230311413,10560.113769688587,10940.5,760.7724606228221,66.40277062091143,58.987208651258925,81.23389456021641,-25.874125874125877,47.03246160401324,100.0,152336.7,3059306,88857.1,-2198.0,-1.3488469138529855
2025-10-15,11090.0,11022.5,10946.5,11030.916666666666,11014.771622147926,248.92857142857144,58.57988165680473,6.138778546979665,-27.51520351695084,33.653982063930506,11333.568605370105,10559.431394629895,10946.5,774.1372107402058,67.62809379976773,61.86750370076186,79.14927399777946,-26.573426573426573,45.85382712820086,98.7082759024652,152062.45,2966958,96445.45,342.0,0.2127447809102012
2025-10-16,11170.0,11080.0,10962.75,11047.5,11047.650515276697,252.5,71.14285714285714,32.73531054350133,-15.465100704860408,48.20041124836173,11390.602347871256,10534.897652128744,10962.75,855.7046957425118,77.71942850054445,67.15147863402272,98.85532823358793,-1.8867924528301887,83.65039851534546,100.0,160014.05,3195606,104461.7,8552.0,5.308569938795027
2025-10-17,11225.0,11125.0,10972.5,11064.833333333334,11083.112370964627,253.57142857142856,71.30681818181819,57.986322101533005,-0.7748161435817256,58.76113824511473,11433.145999485618,10511.854000514382,10972.5,921.2919989712354,82.70726127678573,72.33673951494373,103.44830480046971,-6.818181818181818,103.007603881066,100.0,161679.8,3393967,112624.35,2797.0,1.6486884762746843
2025-10-20,11276.0,11135.0,10984.0,11082.083333333334,11111.863573729905,248.57142857142856,68.78612716763006,74.31704258601167,14.243555602336954,60.07348698367471,11474.355402797431,10493.644597202569,10984.0,980.7108055948628,84.60971889997097,76.42773264328615,100.97369141334062,-11.585365853658535,90.9273727889632,93.07574204900854,164239.4,3248124,121167.05,7595.0,4.404251741114651
2025-10-21,11330.0,11181.5,11009.75,11099.583333333334,11137.400376231815,246.42857142857144,67.75147928994083,85.86598834922552,28.56804215171467,57.297946197510846,11527.136906025184,10492.363093974816,11009.75,1034.773812050371,85.07780793797599,79.31109107484943,96.61124166422913,-12.195121951219512,80.76043856791294,87.43647787228635,160561.75,3124957,130102.25,7788.0,4.325657346619116
2025-10-22,11362.0,11226.0,11032.75,11112.5,11149.552721352597,261.07142857142856,63.333333333333336,84.76198872383247,39.80683146613824,44.95515725769424,11552.704198387752,10512.795801612248,11032.75,1039.9083967755068,75.86045281673647,78.16087832214511,71.25960180591917,-26.21951219512195,40.83868512995223,71.82404930292515,170083.3,2809946,139017.25,-630.0,-0.3354096789650262
2025-10-23,11323.0,11246.5,11050.25,11122.0,11151.023890747589,250.7142857142857,55.68513119533528,74.95387518571806,46.8362402100542,28.11763497566386,11562.854033086787,10537.645966913213,11050.25,1025.2080661735745,61.80170538659625,72.70782067696216,39.98947480586443,-38.41463414634146,33.96396226557929,44.79755204903687,174442.3,2643263,147819.95,-2275.0,-1.215277777777779
2025-10-24,11189.0,11207.0,11056.75,11125.916666666666,11112.831139247815,261.07142857142856,35.26170798898072,33.3098674258199,44.13096565320735,-10.821098227387443,11549.28666708282,10564.21333291718,11056.75,985.0733341656378,41.87227786399482,62.42930640597304,0.7582207800383713,-89.02439024390245,-33.024121198409745,0.0,183722.8,2331811,156778.4,2905.0,1.5709071245099349
2025-10-27,10990.0,11133.0,11042.75,11125.0,11043.990078367073,259.6428571428572,35.45706371191136,-28.414752527671222,29.621822017031636,-58.03657454470286,11593.99237672256,10491.50762327744,11042.75,1102.4847534451185,28.367340597112687,51.0753178030196,-17.048613814701127,-98.6425339366516,-103.35571416045276,0.5419756574068174,198094.95,1954429,165632.7,-2314.0,-1.2319650748016775
2025-10-28,10803.0,11066.5,11028.25,11120.833333333334,10986.943404236876,254.64285714285717,39.376770538243626,-72.0632182743957,9.284813958746168,-81.34803223314186,11626.803299741618,10429.696700258382,11028.25,1197.1065994832352,22.75771424422897,41.636116616756055,-14.99909050082519,-88.46153846153847,-111.79501893924572,11.416423829051338,204846.35,2219583,167419.75,44.0,0.0237176308242936
2025-10-29,10649.0,11005.5,11014.0,11115.916666666666,10940.09165145241,249.28571428571428,36.11940298507462,-101.45089692753209,-12.862328218509486,-88.5885687090226,11649.846721019758,10378.153278980242,11014.0,1271.6934420395155,20.44246476680792,34.57156600010668,-7.815737699789594,-84.1880341880342,-92.62916972662158,2.379504436261475,209545.05,2419515,168960.3,-1088.0,-0.5863332614787664
2025-10-30,10461.0,10892.0,10986.0,11106.25,10871.987684647418,255.0,23.86363636363636,-144.8577574457704,-39.26141406396167,-105.59634338180874,11707.814963896746,10264.185036103254,10986.0,1443.6299277934922,14.915311131539902,28.019481043917757,-11.293028693215804,-96.16858237547892,-104.14860976067602,0.0,220793.3,2094834,170583.15,4100.0,2.2225595212281624
2025-10-31,10340.0,10764.5,10944.75,11097.083333333334,10802.750762300046,258.57142857142856,23.013698630136982,-183.5969472256384,-68.12852069629702,-115.46842652934134,11758.81371792514,10130.68628207486,10944.75,1628.1274358502817,10.565431301623615,22.201464463153044,-12.70663502143524,-98.16176470588236,-99.72447751858677,0.0,221627.5,1849193,171660.45,-8098.0,-4.294380926118402
2025-11-03,10318.0,10654.0,10894.5,11086.416666666666,10752.964975414328,259.6428571428572,28.608247422680407,-201.0866606175496,-94.72014868054754,-106.36651193700204,11743.455395269912,10045.544604730088,10894.5,1697.9107905398268,11.293288862436992,18.56540592958103,-3.250945271851087,-88.23529411764706,-80.57854410295786,11.584567003497003,217354.65,2012124,172558.85,-1615.0,-0.8948657424338147
2025-11-04,10168.0,10485.5,10833.5,11067.0,10652.206406327248,296.7857142857143,22.02380952380952,-259.1645083107269,-127.6090206065834,-131.55548770414347,11837.429647356876,9829.570352643124,10833.5,2007.859294713755,8.229559942325363,15.120123933829142,-5.551568040682195,-98.07692307692308,-105.78077350369853,0.0,225133.85,1561244,174113.15,69.0,0.0385778741913922
2025-11-05,10017.0,10333.0,10779.5,11048.166666666666,10565.329605724652,290.0,14.93506493506493,-298.1239102548334,-161.7119985362334,-136.41191171859998,11896.323031733553,9662.676968266447,10779.5,2233.6460634671057,9.111750938388106,13.117332935348797,1.1005869444667231,-90.625,-105.35293763941483,0.0,232791.8,1844558,175060.8,-20402.0,-11.402351783957798
2025-11-06,9913.0,10187.0,10716.75,11026.916666666666,10483.393452798497,285.35714285714283,12.472647702407002,-328.0422575300727,-194.97805033500129,-133.0642071950714,11927.914185488708,9505.585814511292,10716.75,2422.328370977415,9.75003928211932,11.994901717605638,5.260314411146688,-92.4083769633508,-89.2164143094284,0.0,231637.5,1701857,175595.6,-237.0,-0.1495022898451936
2025-11-07,9802.0,10071.0,10639.0,11001.5,10398.30836205578,286.42857142857144,12.0507399577167,-356.91797397044684,-227.3660350620904,-129.55193890835642,11931.336114011732,9346.663885988268,10639.0,2584.6722280234644,8.12604244824215,10.705281961151142,2.967563422424164,-97.39583333333331,-83.77379880361188,0.0,227562.85,1496919,175325.4,-5709.0,-3.606694084870077
2025-11-10,9663.0,9990.5,10561.75,10968.916666666666,10320.850422812371,293.57142857142856,12.0507399577167,-375.8728176320456,-257.0673915760815,-118.80542605596406,11913.833285351282,9209.666714648718,10561.75,2704.166570702564,10.58977542526488,10.666779782522388,10.435766710749864,-90.86294416243656,-78.93339339866762,0.0,228037.15,1311636,174689.05,-2353.0,-1.5421418272381748
2025-11-11,9623.0,9895.5,10481.0,10932.416666666666,10242.198001592147,279.2857142857143,12.179487179487168,-393.6195148867792,-284.37781623822104,-109.2416986485581,11887.04559333128,9074.95440666872,10481.0,2812.091186662561,9.73842171208135,10.357327092375376,8.5006109514933,-95.3125,-69.93019802075031,0.2950590534639348,226554.0,1204906,174121.75,-817.0,-0.5438436499430876
2025-11-12,9548.0,9782.5,10394.0,10896.0,10158.655334773846,277.85714285714283,12.0253164556962,-413.40830031556834,-310.1839130536905,-103.22438726187784,11851.848450718784,8936.151549281216,10394.0,2915.696901437568,6.980086019436347,9.231580068062366,2.47709792218431,-99.19571045576409,-70.36557963663171,0.0,231375.2,1016134,173656.85,2390.0,1.5996251924235372
2025-11-13,9446.0,9679.5,10285.75,10859.083333333334,10066.878636223955,258.57142857142856,13.411764705882362,-437.7623823430731,-335.699606911567,-102.06277543150613,11762.970986212036,8808.529013787964,10285.75,2954.4419724240724,5.778566488344344,8.080575541489692,1.174548382053647,-97.67441860465117,-74.05526351641103,5.069011124607214,231104.65,792897,172674.2,-1803.0,-1.187747035573128
2025-11-14,9366.0,9584.0,10174.25,10821.25,9983.366385155008,234.64285714285717,16.101694915254242,-452.253331141339,-359.01035175752145,-93.24297938381756,11627.439866973233,8721.060133026767,10174.25,2906.3797339464654,5.151078957597528,7.104076680192303,1.2450835124079784,-96.83098591549296,-68.59520269487149,14.9036992594815,230167.25,613284,171210.8,-6818.0,-4.545424241818175
