date,symbol,close,volume,open_interest,roll_yield
20250526,UR2506,1788.0,98.0,1209.0,0.298275505274946
20250526,UR2507,1833.0,505.0,2256.0,-0.0788180173451645
20250526,UR2508,1821.0,129.0,897.0,-0.032994246796432
20250526,UR2509,1816.0,172941.0,219428.0,-0.1128639025284665
20250526,UR2510,1799.0,105.0,746.0,-0.0200278210606582
20250526,UR2511,1796.0,26.0,386.0,-0.1614374123654236
20250526,UR2512,1772.0,8.0,85.0,-0.2393923790870556
20250526,UR2601,1737.0,12793.0,45410.0,-0.0069104522497137
20250526,UR2602,1736.0,301.0,667.0,0.1169398764112675
20250526,UR2603,1753.0,59.0,317.0,-0.0136986316245914
20250526,UR2604,1751.0,29.0,207.0,-0.0137142872069969
20250526,UR2605,1749.0,120.0,302.0,0.0
20250527,UR2506,1792.0,74.0,1139.0,0.2583594136756184
20250527,UR2507,1831.0,641.0,2354.0,-0.0591296022552851
20250527,UR2508,1822.0,134.0,881.0,-0.0528053657378605
20250527,UR2509,1814.0,177435.0,220848.0,-0.1330390566760857
20250527,UR2510,1794.0,101.0,752.0,-0.0267857254072894
20250527,UR2511,1790.0,13.0,388.0,-0.1619822120507441
20250527,UR2512,1766.0,12.0,86.0,-0.2056018313233177
20250527,UR2601,1736.0,14938.0,44278.0,-0.0207552660562722
20250527,UR2602,1733.0,54.0,700.0,0.1308477813687671
20250527,UR2603,1752.0,34.0,327.0,-0.0205655577328155
20250527,UR2604,1749.0,31.0,208.0,-0.0068630256374557
20250527,UR2605,1748.0,78.0,337.0,0.0
20250528,UR2506,1772.0,174.0,1053.0,0.2214208752234605
20250528,UR2507,1805.0,652.0,2278.0,-0.080044765942181
20250528,UR2508,1793.0,147.0,873.0,-0.0200948972439862
20250528,UR2509,1790.0,200906.0,223758.0,-0.1009823631034136
20250528,UR2510,1775.0,104.0,786.0,-0.0270727695201918
20250528,UR2511,1771.0,23.0,386.0,-0.1706028165994319
20250528,UR2512,1746.0,16.0,94.0,-0.2289748569051318
20250528,UR2601,1713.0,15331.0,45770.0,-0.0280537825023478
20250528,UR2602,1709.0,92.0,769.0,0.1604208720814754
20250528,UR2603,1732.0,30.0,349.0,-0.0069304073540541
20250528,UR2604,1731.0,43.0,216.0,-0.0138728339150253
20250528,UR2605,1729.0,153.0,419.0,0.0
20250529,UR2506,1773.0,295.0,897.0,0.1813636537205772
20250529,UR2507,1800.0,280.0,2244.0,-0.0802678578095598
20250529,UR2508,1788.0,105.0,856.0,-0.0268757111220575
20250529,UR2509,1784.0,185550.0,219438.0,-0.0809901836991413
20250529,UR2510,1772.0,44.0,773.0,-0.0542987351794762
20250529,UR2511,1764.0,42.0,398.0,-0.1024771385776139
20250529,UR2512,1749.0,4.0,96.0,-0.3057490236118187
20250529,UR2601,1705.0,12557.0,46806.0,-0.0423032165482219
20250529,UR2602,1699.0,101.0,795.0,0.1543880944752877
20250529,UR2603,1721.0,130.0,421.0,-0.0069747168484883
20250529,UR2604,1720.0,66.0,251.0,0.0069747168484877
20250529,UR2605,1721.0,172.0,502.0,0.0
20250530,UR2506,1754.0,420.0,578.0,0.2236721067275954
20250530,UR2507,1787.0,604.0,2096.0,-0.0470984624795669
20250530,UR2508,1780.0,132.0,856.0,-0.0472840465430752
20250530,UR2509,1773.0,194100.0,225127.0,-0.0746819949369972
20250530,UR2510,1762.0,77.0,784.0,-0.0957270033677282
20250530,UR2511,1748.0,5.0,399.0,-0.0964967864999236
20250530,UR2512,1734.0,8.0,93.0,-0.2164737201335867
20250530,UR2601,1703.0,18833.0,47663.0,-0.0494263717300784
20250530,UR2602,1696.0,130.0,816.0,0.1476725345475258
20250530,UR2603,1717.0,37.0,440.0,0.0279232237687658
20250530,UR2604,1721.0,58.0,274.0,-0.0279232237687669
20250530,UR2605,1717.0,114.0,549.0,0.0
20250603,UR2506,1746.0,98.0,495.0,0.2044342458308136
20250603,UR2507,1776.0,834.0,1894.0,-0.0473907527079616
20250603,UR2508,1769.0,129.0,848.0,-0.0543910279629497
20250603,UR2509,1761.0,178534.0,231078.0,-0.0614860439984327
20250603,UR2510,1752.0,87.0,797.0,-0.0549200043289423
20250603,UR2511,1744.0,22.0,402.0,-0.1384098389434382
20250603,UR2512,1724.0,16.0,92.0,-0.1964956184614807
20250603,UR2601,1696.0,18198.0,46854.0,-0.035429609439217
20250603,UR2602,1691.0,107.0,826.0,0.1621170031097377
20250603,UR2603,1714.0,42.0,461.0,0.0
20250603,UR2604,1714.0,42.0,299.0,0.0279720406377073
20250603,UR2605,1718.0,107.0,610.0,0.0
20250604,UR2506,1757.0,84.0,414.0,0.1830026994342905
20250604,UR2507,1784.0,328.0,1859.0,-0.0336795056894349
20250604,UR2508,1779.0,95.0,849.0,-0.0337742975557235
20250604,UR2509,1774.0,163567.0,219590.0,-0.0746397656598543
20250604,UR2510,1763.0,138.0,800.0,-0.0204371323880727
20250604,UR2511,1760.0,5.0,402.0,-0.2410411028008481
20250604,UR2512,1725.0,1.0,92.0,-0.1329072169660286
20250604,UR2601,1706.0,16920.0,45889.0,-0.0352216278691523
20250604,UR2602,1701.0,112.0,805.0,0.195922719449144
20250604,UR2603,1729.0,52.0,492.0,0.0
20250604,UR2604,1729.0,25.0,309.0,0.0
20250604,UR2605,1729.0,114.0,636.0,0.0
20250605,UR2506,1736.0,414.0,571.0,0.0895269575796792
20250605,UR2507,1749.0,684.0,1922.0,-0.1172086307546586
20250605,UR2508,1732.0,246.0,802.0,-0.0694848496164519
20250605,UR2509,1722.0,269277.0,245711.0,-0.0418848592772218
20250605,UR2510,1716.0,247.0,904.0,-0.0209973806854524
20250605,UR2511,1713.0,35.0,391.0,-0.1267617421148311
20250605,UR2512,1695.0,3.0,93.0,-0.1783093728449979
20250605,UR2601,1670.0,25647.0,49695.0,-0.014379869905305
20250605,UR2602,1668.0,259.0,979.0,0.2562374936468287
20250605,UR2603,1704.0,155.0,563.0,-0.0070443207188728
20250605,UR2604,1703.0,85.0,365.0,-0.0141010592019179
20250605,UR2605,1701.0,193.0,798.0,0.0
20250606,UR2506,1730.0,220.0,667.0,0.1447877375283255
20250606,UR2507,1751.0,559.0,1971.0,-0.1309229179616561
20250606,UR2508,1732.0,149.0,778.0,-0.083430231778581
20250606,UR2509,1720.0,196138.0,244734.0,-0.0489368578005461
20250606,UR2510,1713.0,141.0,898.0,0.0279883508802671
20250606,UR2511,1717.0,41.0,416.0,-0.2115213402180864
20250606,UR2512,1687.0,13.0,103.0,-0.1287259066095982
20250606,UR2601,1669.0,21435.0,52050.0,-0.0287942549674906
20250606,UR2602,1665.0,154.0,1036.0,0.263746880625302
20250606,UR2603,1702.0,142.0,662.0,-0.0070526008494925
20250606,UR2604,1701.0,50.0,388.0,-0.0070567482186515
20250606,UR2605,1700.0,280.0,989.0,0.0
20250609,UR2506,1730.0,7.0,674.0,-0.0486534115667397
20250609,UR2507,1723.0,832.0,1961.0,-0.0979026409480647
20250609,UR2508,1709.0,226.0,811.0,-0.0845570145763754
20250609,UR2509,1697.0,275471.0,265857.0,-0.0567041811171155
20250609,UR2510,1689.0,409.0,1065.0,0.0354715008503966
20250609,UR2511,1694.0,101.0,413.0,-0.1281911300396567
20250609,UR2512,1676.0,1.0,103.0,-0.1440593531618805
20250609,UR2601,1656.0,27229.0,56688.0,-0.0145015123388206
20250609,UR2602,1654.0,353.0,1207.0,0.2938337307709688
20250609,UR2603,1695.0,212.0,765.0,-0.0496601359037786
20250609,UR2604,1688.0,41.0,411.0,0.0496601359037775
20250609,UR2605,1695.0,570.0,1348.0,0.0
20250610,UR2507,1710.0,823.0,1666.0,-0.0703814334287776
20250610,UR2508,1700.0,368.0,719.0,-0.1563077162058715
20250610,UR2509,1678.0,257297.0,268833.0,-0.0645355603837975
20250610,UR2510,1669.0,403.0,1082.0,0.0859705169613656
20250610,UR2511,1681.0,92.0,406.0,-0.0859705169613668
20250610,UR2512,1669.0,27.0,110.0,-0.1665185090978395
20250610,UR2601,1646.0,25377.0,59587.0,0.0
20250610,UR2602,1646.0,205.0,1280.0,0.2596255115505377
20250610,UR2603,1682.0,208.0,765.0,0.0071322438949519
20250610,UR2604,1683.0,30.0,407.0,-0.0142687293862842
20250610,UR2605,1681.0,693.0,1620.0,0.0
20250611,UR2506,1667.0,8.0,675.0,0.0502844195835207
20250611,UR2507,1674.0,3799.0,2603.0,0.0214861292854595
20250611,UR2508,1677.0,325.0,664.0,-0.0717705488689782
20250611,UR2509,1667.0,189027.0,287041.0,-0.0360468880248061
20250611,UR2510,1662.0,298.0,1178.0,0.0934976261252801
20250611,UR2511,1675.0,46.0,410.0,-0.0358744661803925
20250611,UR2512,1670.0,10.0,110.0,-0.166418102797926
20250611,UR2601,1647.0,18732.0,61634.0,-0.007288187287503
20250611,UR2602,1646.0,108.0,1316.0,0.26675775544549
20250611,UR2603,1683.0,74.0,786.0,0.0213713324519363
20250611,UR2604,1686.0,14.0,416.0,-0.0071195493040646
20250611,UR2605,1685.0,286.0,1711.0,0.0
20250612,UR2506,1645.0,1.0,676.0,0.1016955238916668
20250612,UR2507,1659.0,1438.0,1784.0,0.014457833074204
20250612,UR2508,1661.0,568.0,890.0,-0.1088607405153569
20250612,UR2509,1646.0,232160.0,307079.0,-0.0218911583969648
20250612,UR2510,1643.0,273.0,1230.0,0.1018187926715392
20250612,UR2511,1657.0,67.0,399.0,-0.0362647601476749
20250612,UR2512,1652.0,15.0,118.0,-0.1241264489948359
20250612,UR2601,1635.0,23519.0,63495.0,-0.0293937685240791
20250612,UR2602,1631.0,271.0,1376.0,0.283563633477442
20250612,UR2603,1670.0,160.0,847.0,-0.0071877809875887
20250612,UR2604,1669.0,80.0,382.0,-0.0360036273681739
20250612,UR2605,1664.0,828.0,2181.0,0.0
20250613,UR2506,1650.0,139.0,680.0,0.0652766795498174
20250613,UR2507,1659.0,882.0,1486.0,0.0577271107241945
20250613,UR2508,1667.0,341.0,821.0,-0.0432692776499888
20250613,UR2509,1661.0,263369.0,284793.0,-0.0361772960170788
20250613,UR2510,1656.0,181.0,1237.0,0.1153855043933036
20250613,UR2511,1672.0,31.0,393.0,-0.0071791805910388
20250613,UR2512,1671.0,9.0,121.0,-0.1663178175117208
20250613,UR2601,1648.0,20393.0,61228.0,-0.0218645672393372
20250613,UR2602,1645.0,211.0,1334.0,0.2526409103739871
20250613,UR2603,1680.0,123.0,783.0,-0.0071449838371654
20250613,UR2604,1679.0,13.0,379.0,-0.0286225538204884
20250613,UR2605,1675.0,556.0,2270.0,0.0
20250616,UR2506,1705.0,186.0,0.0,0.2231325182818535
20250616,UR2507,1737.0,1176.0,1124.0,-0.0971103565581042
20250616,UR2508,1723.0,1136.0,886.0,0.0
20250616,UR2509,1723.0,411867.0,279024.0,-0.0558465231346715
20250616,UR2510,1715.0,507.0,1114.0,0.0349345224895024
20250616,UR2511,1720.0,57.0,395.0,-0.0629555509836636
20250616,UR2512,1711.0,23.0,119.0,-0.1980009564166498
20250616,UR2601,1683.0,29544.0,58622.0,-0.0142687293862842
20250616,UR2602,1681.0,277.0,1302.0,0.1982345964837023
20250616,UR2603,1709.0,268.0,650.0,-0.0704227373239059
20250616,UR2604,1699.0,65.0,329.0,-0.014134277252468
20250616,UR2605,1697.0,879.0,2232.0,0.0
20250617,UR2507,1792.0,1146.0,906.0,-0.1008691845626931
20250617,UR2508,1777.0,1281.0,1190.0,-0.0202759834215179
20250617,UR2509,1774.0,601889.0,285825.0,-0.0950768980479278
20250617,UR2510,1760.0,621.0,1037.0,0.0136286215671291
20250617,UR2511,1762.0,92.0,425.0,-0.0477680471539034
20250617,UR2512,1755.0,30.0,122.0,-0.1999471710791153
20250617,UR2601,1726.0,48469.0,56934.0,-0.0278422398683663
20250617,UR2602,1722.0,285.0,1179.0,0.1866934803711113
20250617,UR2603,1749.0,166.0,569.0,-0.061908993720328
20250617,UR2604,1740.0,58.0,310.0,-0.0068985342514999
20250617,UR2605,1739.0,1167.0,2052.0,-0.0900437125309172
20250617,UR2606,1726.0,10.0,10.0,0.0
20250618,UR2507,1800.0,386.0,999.0,-0.0400668151861751
20250618,UR2508,1794.0,704.0,1209.0,-0.0334915093202667
20250618,UR2509,1789.0,366210.0,261333.0,-0.1078053292141346
20250618,UR2510,1773.0,316.0,1015.0,0.0270422649653216
20250618,UR2511,1777.0,41.0,405.0,-0.1221730010051177
20250618,UR2512,1759.0,9.0,122.0,-0.1579421942071525
20250618,UR2601,1736.0,24630.0,57985.0,-0.0415464927416503
20250618,UR2602,1730.0,373.0,969.0,0.1653298252836445
20250618,UR2603,1754.0,73.0,557.0,-0.0548572383909705
20250618,UR2604,1746.0,54.0,301.0,-0.0137535831674708
20250618,UR2605,1744.0,509.0,2084.0,-0.0690053655412539
20250618,UR2606,1734.0,5.0,12.0,0.0
20250619,UR2507,1797.0,111.0,988.0,-0.0804023108378347
20250619,UR2508,1785.0,365.0,1128.0,-0.0336606111313033
20250619,UR2509,1780.0,266861.0,249205.0,-0.1219660414800719
20250619,UR2510,1762.0,244.0,932.0,-0.0204487411028002
20250619,UR2511,1759.0,38.0,395.0,-0.0684152366274729
20250619,UR2512,1749.0,9.0,121.0,-0.1658057466377034
20250619,UR2601,1725.0,18837.0,58255.0,-0.0208877337334078
20250619,UR2602,1722.0,148.0,966.0,0.1729635017565653
20250619,UR2603,1747.0,14.0,553.0,-0.0481790151057822
20250619,UR2604,1740.0,8.0,300.0,-0.0207075116096367
20250619,UR2605,1737.0,348.0,2146.0,-0.0415225327787487
20250619,UR2606,1731.0,9.0,13.0,0.0
20250620,UR2507,1745.0,123.0,945.0,-0.0413318433869337
20250620,UR2508,1739.0,287.0,997.0,-0.0622659223495008
20250620,UR2509,1730.0,405710.0,225410.0,-0.0765441853077041
20250620,UR2510,1719.0,313.0,995.0,0.0
20250620,UR2511,1719.0,38.0,392.0,-0.0139697338244845
20250620,UR2512,1717.0,19.0,119.0,-0.1973033290761054
20250620,UR2601,1689.0,28846.0,59169.0,-0.028452888256056
20250620,UR2602,1685.0,282.0,1025.0,0.2047710764551548
20250620,UR2603,1714.0,57.0,588.0,-0.021021903186379
20250620,UR2604,1711.0,28.0,319.0,-0.0140350893192308
20250620,UR2605,1709.0,580.0,2391.0,-0.0351597087159579
20250620,UR2606,1704.0,26.0,38.0,0.0
20250623,UR2507,1723.0,102.0,940.0,0.0139211152503653
20250623,UR2508,1725.0,236.0,911.0,-0.0977886668791993
20250623,UR2509,1711.0,269723.0,233160.0,-0.0632875771064882
20250623,UR2510,1702.0,392.0,1045.0,0.0843094802928672
20250623,UR2511,1714.0,24.0,388.0,-0.077261021940442
20250623,UR2512,1703.0,10.0,119.0,-0.1203905052106497
20250623,UR2601,1686.0,24132.0,59166.0,-0.0213713324519377
20250623,UR2602,1683.0,217.0,1149.0,0.205012350130577
20250623,UR2603,1712.0,49.0,621.0,-0.0280701882380671
20250623,UR2604,1708.0,35.0,333.0,-0.035180324229922
20250623,UR2605,1703.0,641.0,2693.0,-0.0282187078890745
20250623,UR2606,1699.0,28.0,62.0,0.0
20250624,UR2507,1721.0,391.0,963.0,-0.0559115746490346
20250624,UR2508,1713.0,383.0,854.0,-0.1055415774339274
20250624,UR2509,1698.0,439543.0,247071.0,-0.0495722156725482
20250624,UR2510,1691.0,395.0,1088.0,0.1621170031097377
20250624,UR2511,1714.0,68.0,364.0,-0.140846687348705
20250624,UR2512,1694.0,14.0,119.0,-0.1928039095344685
20250624,UR2601,1667.0,41279.0,62276.0,-0.0144057640349973
20250624,UR2602,1665.0,454.0,1314.0,0.2213689672476496
20250624,UR2603,1696.0,173.0,572.0,-0.0141592936781836
20250624,UR2604,1694.0,196.0,276.0,-0.0568048398023876
20250624,UR2605,1686.0,1944.0,3311.0,-0.0356400618382224
20250624,UR2606,1681.0,40.0,90.0,0.0
20250625,UR2507,1762.0,215.0,895.0,-0.0546076027679576
20250625,UR2508,1754.0,468.0,853.0,-0.0961653686826438
20250625,UR2509,1740.0,551401.0,255236.0,-0.1108552918192363
20250625,UR2510,1724.0,455.0,1126.0,0.0278099776843497
20250625,UR2511,1728.0,66.0,393.0,-0.0487098378295381
20250625,UR2512,1721.0,15.0,124.0,-0.1685223717277574
20250625,UR2601,1697.0,28459.0,61359.0,-0.0283185972130922
20250625,UR2602,1693.0,764.0,1306.0,0.1689177451720815
20250625,UR2603,1717.0,170.0,563.0,-0.0349956503494571
20250625,UR2604,1712.0,131.0,217.0,-0.0491660038088425
20250625,UR2605,1705.0,1354.0,3377.0,-0.0564374938006896
20250625,UR2606,1697.0,44.0,100.0,0.0
20250626,UR2507,1743.0,43.0,880.0,-0.0206718397373541
20250626,UR2508,1740.0,370.0,831.0,-0.1108552918192363
20250626,UR2509,1724.0,538829.0,233314.0,-0.0838187342634117
20250626,UR2510,1712.0,367.0,1123.0,0.0070072994691897
20250626,UR2511,1713.0,27.0,383.0,0.0279883508802671
20250626,UR2512,1717.0,4.0,124.0,-0.2471402443749853
20250626,UR2601,1682.0,31039.0,62001.0,-0.035724944516214
20250626,UR2602,1677.0,359.0,1300.0,0.2197993503036768
20250626,UR2603,1708.0,30.0,553.0,-0.1200363053992179
20250626,UR2604,1691.0,44.0,206.0,0.0
20250626,UR2605,1691.0,1212.0,3894.0,-0.0355345240413541
20250626,UR2606,1686.0,24.0,115.0,0.0
20250627,UR2507,1736.0,69.0,848.0,-0.034612080529035
20250627,UR2508,1731.0,177.0,821.0,-0.0974483313448042
20250627,UR2509,1717.0,230748.0,222536.0,-0.0912018420985734
20250627,UR2510,1704.0,226.0,1111.0,0.070216701221569
20250627,UR2511,1714.0,39.0,384.0,-0.0631765132812952
20250627,UR2512,1705.0,8.0,122.0,-0.1487183389841416
20250627,UR2601,1684.0,18182.0,61871.0,-0.0071280073375917
20250627,UR2602,1683.0,99.0,1319.0,0.1558463463217333
20250627,UR2603,1705.0,6.0,552.0,-0.0352423160797165
20250627,UR2604,1700.0,9.0,208.0,-0.0282685643095084
20250627,UR2605,1696.0,506.0,3830.0,-0.0496307945285792
20250627,UR2606,1689.0,24.0,129.0,0.0
20250630,UR2507,1716.0,537.0,1129.0,0.034914193963581
20250630,UR2508,1721.0,224.0,850.0,-0.0629188741182246
20250630,UR2509,1712.0,218328.0,223700.0,-0.091469220357064
20250630,UR2510,1699.0,367.0,1180.0,0.0633990321189977
20250630,UR2511,1708.0,52.0,374.0,-0.007027818648894
20250630,UR2512,1707.0,12.0,129.0,-0.177046587138567
20250630,UR2601,1682.0,16904.0,63017.0,-0.0142772176270655
20250630,UR2602,1680.0,403.0,1369.0,0.1842918678518371
20250630,UR2603,1706.0,92.0,509.0,-0.02816902701966
20250630,UR2604,1702.0,43.0,220.0,-0.0423779133776524
20250630,UR2605,1696.0,697.0,3867.0,-0.0425281012167505
20250630,UR2606,1690.0,19.0,140.0,0.0
20250701,UR2507,1732.0,55.0,1126.0,0.0069264071187069
20250701,UR2508,1733.0,72.0,841.0,-0.0833819220488003
20250701,UR2509,1721.0,273523.0,238027.0,-0.0839653571513817
20250701,UR2510,1709.0,2140.0,2710.0,0.0490511631878011
20250701,UR2511,1716.0,1412.0,1380.0,-0.0631026870416032
20250701,UR2512,1707.0,46.0,154.0,-0.177046587138567
20250701,UR2601,1682.0,19839.0,64453.0,-0.0285714420689021
20250701,UR2602,1678.0,234.0,1376.0,0.177465523626442
20250701,UR2603,1703.0,8.0,508.0,-0.0282187078890745
20250701,UR2604,1699.0,10.0,222.0,-0.0353669575191873
20250701,UR2605,1694.0,595.0,3936.0,-0.0141760205499731
20250701,UR2606,1692.0,41.0,157.0,0.0
20250702,UR2507,1745.0,227.0,1321.0,-0.0068787620112309
20250702,UR2508,1744.0,159.0,882.0,-0.0344530813757031
20250702,UR2509,1739.0,264417.0,223883.0,-0.0969982186658749
20250702,UR2510,1725.0,5273.0,6404.0,0.0347322963163746
20250702,UR2511,1730.0,2414.0,3071.0,-0.0905139191321894
20250702,UR2512,1717.0,22.0,167.0,-0.1335299283141945
20250702,UR2601,1698.0,22921.0,63763.0,-0.0424779204614887
20250702,UR2602,1692.0,259.0,1260.0,0.1899775826001679
20250702,UR2603,1719.0,23.0,501.0,-0.0770355724120095
20250702,UR2604,1708.0,18.0,219.0,0.0140433017782829
20250702,UR2605,1710.0,916.0,4100.0,-0.021071120427179
20250702,UR2606,1707.0,126.0,249.0,0.0
20250703,UR2507,1744.0,106.0,1321.0,0.0
20250703,UR2508,1744.0,78.0,882.0,-0.0482620587338399
20250703,UR2509,1737.0,155952.0,222192.0,-0.0901477802095985
20250703,UR2510,1724.0,5133.0,7869.0,0.0624820619036129
20250703,UR2511,1733.0,4740.0,6632.0,-0.1182961160123813
20250703,UR2512,1716.0,22.0,176.0,-0.1194739005117071
20250703,UR2601,1699.0,15164.0,64949.0,-0.0212076638410036
20250703,UR2602,1696.0,102.0,1247.0,0.1825664236299315
20250703,UR2603,1722.0,8.0,504.0,-0.0418848592772218
20250703,UR2604,1716.0,21.0,221.0,-0.0209973806854524
20250703,UR2605,1713.0,614.0,4135.0,-0.0280537825023478
20250703,UR2606,1709.0,45.0,231.0,0.0
20250704,UR2507,1755.0,446.0,1643.0,-0.1099034585481979
20250704,UR2508,1739.0,870.0,1165.0,-0.0276338636798814
20250704,UR2509,1735.0,366782.0,210822.0,-0.0763228938878539
20250704,UR2510,1724.0,6920.0,11664.0,0.0278099776843497
20250704,UR2511,1728.0,5538.0,10967.0,-0.0138969326475325
20250704,UR2512,1726.0,28.0,180.0,-0.1680307501206455
20250704,UR2601,1702.0,32832.0,65745.0,-0.0211702495366488
20250704,UR2602,1699.0,234.0,1221.0,0.1334517704672228
20250704,UR2603,1718.0,99.0,443.0,0.0209363240080635
20250704,UR2604,1721.0,41.0,197.0,-0.0839653571513817
20250704,UR2605,1709.0,1755.0,4409.0,-0.0563050886367494
20250704,UR2606,1701.0,108.0,172.0,0.0
20250707,UR2507,1733.0,102.0,1628.0,0.0759277770398268
20250707,UR2508,1744.0,344.0,1238.0,0.0274914209586691
20250707,UR2509,1748.0,141364.0,213258.0,-0.0964967864999236
20250707,UR2510,1734.0,3958.0,14218.0,0.0276497818182035
20250707,UR2511,1738.0,5132.0,15098.0,-0.0970542552203867
20250707,UR2512,1724.0,16.0,181.0,-0.0838187342634117
20250707,UR2601,1712.0,14861.0,67694.0,-0.0210464830331588
20250707,UR2602,1709.0,112.0,1171.0,0.1465560525148044
20250707,UR2603,1730.0,48.0,443.0,-0.0695654122119115
20250707,UR2604,1720.0,18.0,185.0,-0.0279394771150942
20250707,UR2605,1716.0,623.0,4482.0,-0.0350160738685698
20250707,UR2606,1711.0,30.0,176.0,0.0
20250708,UR2507,1746.0,15.0,1622.0,0.0685324535461732
20250708,UR2508,1756.0,520.0,1356.0,0.0477408984336993
20250708,UR2509,1763.0,193397.0,214386.0,-0.102535514188673
20250708,UR2510,1748.0,5739.0,16162.0,0.0068630256374559
20250708,UR2511,1749.0,6529.0,19000.0,-0.0688075279718283
20250708,UR2512,1739.0,83.0,157.0,-0.1109193339162403
20250708,UR2601,1723.0,19257.0,67861.0,-0.0488514777602643
20250708,UR2602,1716.0,107.0,1171.0,0.1459618343183688
20250708,UR2603,1737.0,24.0,430.0,-0.0276657183059862
20250708,UR2604,1733.0,18.0,172.0,-0.0416185388271299
20250708,UR2605,1727.0,829.0,4534.0,-0.03479271790803
20250708,UR2606,1722.0,22.0,178.0,0.0
20250709,UR2507,1758.0,238.0,1347.0,0.0476866934672982
20250709,UR2508,1765.0,336.0,1472.0,0.0339462744057314
20250709,UR2509,1770.0,166296.0,211186.0,-0.0952926164737536
20250709,UR2510,1756.0,5437.0,18438.0,0.0204836465099533
20250709,UR2511,1759.0,5203.0,21837.0,-0.0752782622649287
20250709,UR2512,1748.0,11.0,159.0,-0.0826639319422232
20250709,UR2601,1736.0,24272.0,67695.0,-0.034612080529035
20250709,UR2602,1731.0,174.0,1063.0,0.1447045958415287
20250709,UR2603,1752.0,45.0,410.0,-0.0411664211614709
20250709,UR2604,1746.0,25.0,157.0,-0.0689260941510241
20250709,UR2605,1736.0,1173.0,4807.0,-0.034612080529035
20250709,UR2606,1731.0,18.0,184.0,0.0
20250710,UR2507,1750.0,102.0,1397.0,0.1295835269067069
20250710,UR2508,1769.0,595.0,1624.0,0.0541456079383928
20250710,UR2509,1777.0,253398.0,208229.0,-0.1017242599023184
20250710,UR2510,1762.0,6562.0,18438.0,0.0
20250710,UR2511,1762.0,6277.0,25677.0,-0.1163396623151675
20250710,UR2512,1745.0,32.0,174.0,-0.0828065390510581
20250710,UR2601,1733.0,34212.0,68358.0,-0.0346720842192621
20250710,UR2602,1728.0,346.0,1005.0,0.1243534444265598
20250710,UR2603,1746.0,45.0,406.0,0.0068708848141085
20250710,UR2604,1747.0,20.0,158.0,-0.0688865267154193
20250710,UR2605,1737.0,1728.0,5326.0,-0.013824886321745
20250710,UR2606,1735.0,146.0,264.0,0.0
20250711,UR2507,1770.0,51.0,1361.0,-0.0543602288610001
20250711,UR2508,1762.0,1690.0,2252.0,0.074681994936996
20250711,UR2509,1773.0,172261.0,197786.0,-0.1087826146453285
20250711,UR2510,1757.0,11359.0,20773.0,-0.0136674274455718
20250711,UR2511,1755.0,12238.0,31339.0,-0.0754503771724955
20250711,UR2512,1744.0,38.0,163.0,-0.0690053655412539
20250711,UR2601,1734.0,21815.0,67500.0,-0.0277136381839503
20250711,UR2602,1730.0,113.0,999.0,0.1447877375283255
20250711,UR2603,1751.0,10.0,401.0,-0.068728710211953
20250711,UR2604,1741.0,6.0,154.0,-0.0206956073142198
20250711,UR2605,1738.0,717.0,5281.0,-0.0553634200021526
20250711,UR2606,1730.0,43.0,282.0,0.0
20250714,UR2507,1736.0,123.0,0.0,0.1306228881560474
20250714,UR2508,1755.0,584.0,2124.0,0.0613812080012449
20250714,UR2509,1764.0,181747.0,197992.0,-0.088762851370617
20250714,UR2510,1751.0,5830.0,21394.0,0.0068512705258192
20250714,UR2511,1752.0,4996.0,33082.0,-0.0686893690066635
20250714,UR2512,1742.0,35.0,164.0,-0.0760152268348667
20250714,UR2601,1731.0,24210.0,69598.0,-0.0347122023940321
20250714,UR2602,1726.0,150.0,995.0,0.1038368174977881
20250714,UR2603,1741.0,18.0,403.0,-0.0414269686467541
20250714,UR2604,1735.0,6.0,152.0,0.0207313613325337
20250714,UR2605,1738.0,1055.0,5483.0,-0.0414986004354819
20250714,UR2606,1732.0,41.0,297.0,0.0
20250715,UR2508,1723.0,479.0,1902.0,0.0555878237793551
20250715,UR2509,1731.0,242434.0,201388.0,-0.0555878237793555
20250715,UR2510,1723.0,6603.0,22123.0,0.0208756213853224
20250715,UR2511,1726.0,5457.0,34965.0,-0.0487663951262881
20250715,UR2512,1719.0,20.0,167.0,-0.0840633910609042
20250715,UR2601,1707.0,33031.0,74243.0,-0.0211081848621547
20250715,UR2602,1704.0,158.0,1052.0,0.1678349036968784
20250715,UR2603,1728.0,36.0,401.0,-0.0208514387824901
20250715,UR2604,1725.0,15.0,160.0,-0.0139211152503658
20250715,UR2605,1723.0,1558.0,5451.0,-0.0209120006451709
20250715,UR2606,1720.0,59.0,339.0,0.1111119049535607
20250715,UR2607,1736.0,2.0,2.0,0.0
20250716,UR2508,1726.0,227.0,1770.0,0.048569016866794
20250716,UR2509,1733.0,126872.0,197633.0,-0.0624820619036117
20250716,UR2510,1724.0,4085.0,22315.0,0.0208635230764826
20250716,UR2511,1727.0,3742.0,36900.0,-0.03479271790803
20250716,UR2512,1722.0,7.0,167.0,-0.0839164258916476
20250716,UR2601,1710.0,14329.0,73858.0,-0.021071120427179
20250716,UR2602,1707.0,100.0,1032.0,0.1952396350382287
20250716,UR2603,1735.0,12.0,398.0,-0.0207672391029495
20250716,UR2604,1732.0,3.0,162.0,-0.0346921317084228
20250716,UR2605,1727.0,612.0,5462.0,-0.0487381000701581
20250716,UR2606,1720.0,25.0,348.0,0.0
20250717,UR2508,1738.0,72.0,1756.0,0.0344728763362025
20250717,UR2509,1743.0,137230.0,198012.0,-0.0621226581544055
20250717,UR2510,1734.0,4375.0,21907.0,0.0276497818182035
20250717,UR2511,1738.0,4875.0,38956.0,-0.1109834500519349
20250717,UR2512,1722.0,52.0,202.0,-0.0279069893217049
20250717,UR2601,1718.0,16603.0,73854.0,-0.0209729153299247
20250717,UR2602,1715.0,103.0,1045.0,0.1874495737488937
20250717,UR2603,1742.0,65.0,437.0,-0.034492694056118
20250717,UR2604,1737.0,7.0,158.0,-0.0484569449913632
20250717,UR2605,1730.0,592.0,5381.0,-0.020827312141752
20250717,UR2606,1727.0,35.0,360.0,0.0
20250718,UR2508,1738.0,213.0,1852.0,0.0482343457342813
20250718,UR2509,1745.0,204709.0,188727.0,-0.0689657070668155
20250718,UR2510,1735.0,5855.0,20881.0,0.006914434072031
20250718,UR2511,1736.0,5894.0,39940.0,-0.0207552660562722
20250718,UR2512,1733.0,62.0,195.0,-0.0903566388972884
20250718,UR2601,1720.0,30220.0,74682.0,-0.0349345224895012
20250718,UR2602,1715.0,180.0,1044.0,0.1943362310397672
20250718,UR2603,1743.0,33.0,425.0,-0.0344728763362023
20250718,UR2604,1738.0,12.0,151.0,-0.0484290077895375
20250718,UR2605,1731.0,850.0,5369.0,-0.0208152697464996
20250718,UR2606,1728.0,80.0,386.0,0.083045314134885
20250718,UR2607,1740.0,3.0,5.0,0.0
20250721,UR2508,1799.0,1717.0,2235.0,0.0864030318286981
20250721,UR2509,1812.0,329271.0,195949.0,-0.1331867168165856
20250721,UR2510,1792.0,9058.0,21330.0,0.0066945608430863
20250721,UR2511,1793.0,9757.0,42669.0,-0.0536613526967208
20250721,UR2512,1785.0,140.0,254.0,-0.0336606111313033
20250721,UR2601,1780.0,67057.0,73325.0,-0.0405177649992727
20250721,UR2602,1774.0,292.0,934.0,0.1211451679842112
20250721,UR2603,1792.0,308.0,422.0,-0.0402459851811772
20250721,UR2604,1786.0,95.0,199.0,0.0067170446758038
20250721,UR2605,1787.0,2259.0,5268.0,-0.053841929923115
20250721,UR2606,1779.0,196.0,298.0,0.0605552168114906
20250721,UR2607,1788.0,34.0,17.0,0.0
20250722,UR2508,1805.0,392.0,2338.0,0.0795143715502774
20250722,UR2509,1817.0,314653.0,191764.0,-0.0861644132832262
20250722,UR2510,1804.0,8216.0,20073.0,0.0795583024640349
20250722,UR2511,1816.0,6341.0,42695.0,-0.0662619022116943
20250722,UR2512,1806.0,187.0,396.0,0.0199170170203736
20250722,UR2601,1809.0,69468.0,78364.0,-0.0332134172727138
20250722,UR2602,1804.0,239.0,885.0,0.0927668893782626
20250722,UR2603,1818.0,205.0,450.0,-0.0198183364616754
20250722,UR2604,1815.0,188.0,308.0,0.0
20250722,UR2605,1815.0,4417.0,5173.0,-0.0198511211523175
20250722,UR2606,1812.0,123.0,287.0,0.013237728865886
20250722,UR2607,1814.0,61.0,56.0,0.0
20250723,UR2508,1764.0,303.0,2170.0,0.0610688340896547
20250723,UR2509,1773.0,288338.0,180800.0,-0.0610688340896555
20250723,UR2510,1764.0,8744.0,20176.0,0.1688741633037918
20250723,UR2511,1789.0,6496.0,42806.0,-0.0875179194792451
20250723,UR2512,1776.0,89.0,393.0,0.020253169364638
20250723,UR2601,1779.0,69458.0,81559.0,-0.0337742975557235
20250723,UR2602,1774.0,262.0,954.0,0.0472574450416434
20250723,UR2603,1781.0,130.0,457.0,0.0604873865416681
20250723,UR2604,1790.0,65.0,315.0,0.020094897243986
20250723,UR2605,1793.0,2182.0,5473.0,-0.0671142689039092
20250723,UR2606,1783.0,109.0,325.0,0.013452916207189
20250723,UR2607,1785.0,38.0,70.0,0.0
20250724,UR2508,1772.0,264.0,2236.0,0.0877147565845576
20250724,UR2509,1785.0,199313.0,173791.0,-0.0471513376786746
20250724,UR2510,1778.0,6962.0,21022.0,0.1542351492252736
20250724,UR2511,1801.0,5211.0,43458.0,-0.0467316306865757
20250724,UR2512,1794.0,402.0,511.0,0.0133704749208426
20250724,UR2601,1796.0,47927.0,83341.0,-0.0267558639272291
20250724,UR2602,1792.0,152.0,933.0,0.0800892850523186
20250724,UR2603,1804.0,139.0,526.0,-0.0066537290310209
20250724,UR2604,1803.0,171.0,432.0,0.0066537290310203
20250724,UR2605,1804.0,1738.0,5646.0,-0.0399778270920402
20250724,UR2606,1798.0,173.0,305.0,0.0200055617326848
20250724,UR2607,1801.0,23.0,69.0,0.0
20250725,UR2508,1792.0,161.0,2251.0,0.0734355560212971
20250725,UR2509,1803.0,236179.0,171609.0,-0.0133185363283342
20250725,UR2510,1801.0,5405.0,21244.0,0.0995305678233902
20250725,UR2511,1816.0,5463.0,43390.0,-0.0529802185094019
20250725,UR2512,1808.0,272.0,541.0,-0.0066390043187199
20250725,UR2601,1807.0,56219.0,81852.0,-0.0332502290873426
20250725,UR2602,1802.0,263.0,932.0,0.0994755627346566
20250725,UR2603,1817.0,87.0,538.0,0.0
20250725,UR2604,1817.0,38.0,426.0,0.0329761130847892
20250725,UR2605,1822.0,1841.0,5396.0,-0.0461919734514291
20250725,UR2606,1815.0,60.0,318.0,0.0264171818300523
20250725,UR2607,1819.0,15.0,77.0,0.0
20250728,UR2508,1728.0,524.0,1943.0,0.0692442775360363
20250728,UR2509,1738.0,249378.0,153124.0,-0.0069064750107886
20250728,UR2510,1737.0,5542.0,21133.0,0.1850936439075807
20250728,UR2511,1764.0,5374.0,43999.0,-0.020425536846365
20250728,UR2512,1761.0,316.0,520.0,-0.020460363013006
20250728,UR2601,1758.0,62680.0,79192.0,-0.0204953081418737
20250728,UR2602,1755.0,344.0,898.0,0.1764737686763458
20250728,UR2603,1781.0,149.0,498.0,0.0067358968931152
20250728,UR2604,1782.0,45.0,436.0,0.0
20250728,UR2605,1782.0,2385.0,5758.0,-0.0337173585132399
20250728,UR2606,1777.0,62.0,326.0,0.0673402440573215
20250728,UR2607,1787.0,25.0,87.0,0.0
20250729,UR2508,1743.0,355.0,1773.0,0.0068827073868494
20250729,UR2509,1744.0,151631.0,152980.0,0.0343544465961258
20250729,UR2510,1749.0,5381.0,20671.0,0.1838333824021589
20250729,UR2511,1776.0,4653.0,44180.0,-0.0406091758108868
20250729,UR2512,1770.0,70.0,511.0,0.0
20250729,UR2601,1770.0,43360.0,85353.0,-0.0135669884434323
20250729,UR2602,1768.0,140.0,893.0,0.168494764890529
20250729,UR2603,1793.0,34.0,502.0,-0.0335102144600809
20250729,UR2604,1788.0,18.0,430.0,0.0602511726011959
20250729,UR2605,1797.0,1270.0,5912.0,-0.0401338166741669
20250729,UR2606,1791.0,77.0,325.0,0.0601505018825303
20250729,UR2607,1800.0,12.0,92.0,0.0
20250730,UR2508,1740.0,198.0,1592.0,0.0137851824464803
20250730,UR2509,1742.0,147498.0,147157.0,0.0343938326593015
20250730,UR2510,1747.0,5362.0,20548.0,0.1908047013055151
20250730,UR2511,1775.0,5945.0,44058.0,-0.033850516099696
20250730,UR2512,1770.0,104.0,510.0,0.0
20250730,UR2601,1770.0,40017.0,85595.0,-0.027149332847634
20250730,UR2602,1766.0,175.0,927.0,0.1820771092947306
20250730,UR2603,1793.0,189.0,582.0,0.0467576433494779
20250730,UR2604,1800.0,102.0,462.0,0.0133259314083253
20250730,UR2605,1802.0,2638.0,6195.0,-0.0333426166166905
20250730,UR2606,1797.0,110.0,334.0,0.0266815007087652
20250730,UR2607,1801.0,52.0,128.0,0.0
20250731,UR2508,1705.0,833.0,937.0,0.0631765132812962
20250731,UR2509,1714.0,135479.0,141557.0,0.0419336477972826
20250731,UR2510,1720.0,4850.0,20240.0,0.1800379991045852
20250731,UR2511,1746.0,4402.0,43415.0,-0.0137535831674708
20250731,UR2512,1744.0,372.0,283.0,-0.0551725109835531
20250731,UR2601,1736.0,49681.0,87232.0,-0.0138328545576994
20250731,UR2602,1734.0,207.0,970.0,0.2398024418315762
20250731,UR2603,1769.0,93.0,598.0,0.0203332440628921
20250731,UR2604,1772.0,37.0,439.0,0.0202988489338779
20250731,UR2605,1775.0,1945.0,6109.0,-0.0406320929967704
20250731,UR2606,1769.0,59.0,340.0,0.0945950844402625
20250731,UR2607,1783.0,56.0,146.0,0.0
20250801,UR2509,1709.0,108843.0,142700.0,0.0700118672070999
20250801,UR2510,1719.0,9940.0,20242.0,0.2213319228360316
20250801,UR2511,1751.0,10082.0,43395.0,-0.0411899717918919
20250801,UR2512,1745.0,95.0,305.0,-0.0206481266889536
20250801,UR2601,1742.0,36675.0,87420.0,-0.0137851824464804
20250801,UR2602,1740.0,88.0,980.0,0.2457423761224884
20250801,UR2603,1776.0,44.0,621.0,0.020253169364638
20250801,UR2604,1779.0,39.0,449.0,0.0067434674435481
20250801,UR2605,1780.0,1560.0,7076.0,-0.0472840465430752
20250801,UR2606,1773.0,57.0,342.0,0.0405405790995262
20250801,UR2607,1779.0,43.0,175.0,0.0
20250804,UR2509,1733.0,148079.0,142211.0,0.0414746956641222
20250804,UR2510,1739.0,7186.0,19539.0,0.1576715057021016
20250804,UR2511,1762.0,6762.0,43458.0,-0.0068123759990243
20250804,UR2512,1761.0,203.0,308.0,-0.0477952267689335
20250804,UR2601,1754.0,41275.0,90256.0,-0.0342563749623153
20250804,UR2602,1749.0,623.0,985.0,0.2444906303416475
20250804,UR2603,1785.0,26.0,626.0,0.0201511382366399
20250804,UR2604,1788.0,45.0,466.0,0.0201173559270282
20250804,UR2605,1791.0,1238.0,6975.0,-0.0671894252526019
20250804,UR2606,1781.0,51.0,321.0,0.0537816026286902
20250804,UR2607,1789.0,39.0,200.0,0.0
20250805,UR2508,1762.0,201.0,1102.0,0.0679118960268162
20250805,UR2509,1772.0,208486.0,136069.0,-0.0542987351794762
20250805,UR2510,1764.0,7557.0,19555.0,0.1487342984364935
20250805,UR2511,1786.0,6371.0,43307.0,-0.0336417377613919
20250805,UR2512,1781.0,389.0,421.0,0.0067358968931152
20250805,UR2601,1782.0,66769.0,96693.0,-0.0337173585132399
20250805,UR2602,1777.0,287.0,943.0,0.2208035532626399
20250805,UR2603,1810.0,103.0,618.0,0.0198730379397545
20250805,UR2604,1813.0,125.0,467.0,-0.0198730379397552
20250805,UR2605,1810.0,2210.0,7453.0,-0.0598173490069839
20250805,UR2606,1801.0,61.0,339.0,0.0399113449952689
20250805,UR2607,1807.0,56.0,239.0,0.0
20250806,UR2508,1740.0,59.0,1109.0,0.0687680965078209
20250806,UR2509,1750.0,236576.0,122437.0,-0.0205890814020375
20250806,UR2510,1747.0,9122.0,18349.0,0.1569541852058198
20250806,UR2511,1770.0,7827.0,42593.0,-0.0135669884434323
20250806,UR2512,1768.0,253.0,382.0,-0.0067892505347081
20250806,UR2601,1767.0,81048.0,100752.0,-0.0135900354275911
20250806,UR2602,1765.0,265.0,1003.0,0.2356316942023072
20250806,UR2603,1800.0,103.0,619.0,0.0066648155004012
20250806,UR2604,1801.0,62.0,515.0,0.0066611159079257
20250806,UR2605,1802.0,3699.0,8268.0,-0.0199944506130016
20250806,UR2606,1799.0,58.0,323.0,0.0399556417973781
20250806,UR2607,1805.0,48.0,261.0,0.0
20250807,UR2508,1730.0,3.0,1109.0,0.0484569449913632
20250807,UR2509,1737.0,111249.0,115285.0,0.0
20250807,UR2510,1737.0,6364.0,18767.0,0.1714804830602386
20250807,UR2511,1762.0,6859.0,41990.0,-0.0136286215671285
20250807,UR2512,1760.0,84.0,372.0,-0.0204719981412033
20250807,UR2601,1757.0,44927.0,102822.0,-0.0273504391903519
20250807,UR2602,1753.0,85.0,1004.0,0.2237985181825178
20250807,UR2603,1786.0,17.0,622.0,0.0670018491084055
20250807,UR2604,1796.0,44.0,541.0,-0.020061303084144
20250807,UR2605,1793.0,1147.0,8554.0,-0.0402235013484578
20250807,UR2606,1787.0,8.0,327.0,0.0335289405053722
20250807,UR2607,1792.0,25.0,263.0,0.0
20250808,UR2509,1728.0,80273.0,108206.0,0.0138808575338847
20250808,UR2510,1730.0,3717.0,18795.0,0.158486369152918
20250808,UR2511,1753.0,5666.0,41075.0,-0.0136986316245914
20250808,UR2512,1751.0,143.0,375.0,0.0
20250808,UR2601,1751.0,39028.0,104890.0,-0.020577312844453
20250808,UR2602,1748.0,94.0,985.0,0.2446290830936875
20250808,UR2603,1784.0,25.0,612.0,-0.0067283433217716
20250808,UR2604,1783.0,36.0,536.0,0.0067283433217716
20250808,UR2605,1784.0,1486.0,8982.0,-0.0539326750540719
20250808,UR2606,1776.0,16.0,330.0,0.0539326750540712
20250808,UR2607,1784.0,5.0,265.0,0.0
20250811,UR2508,1705.0,2.0,1059.0,0.1190555432407077
20250811,UR2509,1722.0,102540.0,109774.0,0.0486816083473736
20250811,UR2510,1729.0,7513.0,19120.0,0.1517261592307364
20250811,UR2511,1751.0,8342.0,41429.0,-0.0068551844195058
20250811,UR2512,1750.0,247.0,464.0,0.0068551844195064
20250811,UR2601,1751.0,69683.0,120942.0,-0.0068551844195058
20250811,UR2602,1750.0,144.0,1029.0,0.2107105964652239
20250811,UR2603,1781.0,16.0,614.0,0.0201963582035154
20250811,UR2604,1784.0,5.0,538.0,0.0402910283381513
20250811,UR2605,1790.0,2467.0,10244.0,-0.0470193716599228
20250811,UR2606,1783.0,35.0,338.0,0.0671142689039096
20250811,UR2607,1793.0,24.0,267.0,0.0
20250812,UR2508,1720.0,175.0,939.0,0.0487381000701575
20250812,UR2509,1727.0,91439.0,91863.0,0.0277617243543668
20250812,UR2510,1731.0,9412.0,19008.0,0.1309981408962056
20250812,UR2511,1750.0,10507.0,40348.0,0.0137064549453237
20250812,UR2512,1752.0,282.0,619.0,0.0273660323847036
20250812,UR2601,1756.0,84159.0,139352.0,-0.0205186712859299
20250812,UR2602,1753.0,70.0,1033.0,0.2707390642067815
20250812,UR2603,1793.0,24.0,619.0,0.0
20250812,UR2604,1793.0,10.0,541.0,0.0200613030841442
20250812,UR2605,1796.0,2329.0,11465.0,-0.0401562003281314
20250812,UR2606,1790.0,59.0,349.0,0.0535117943611787
20250812,UR2607,1798.0,94.0,316.0,0.0
20250813,UR2508,1718.0,55.0,899.0,0.055749229190071
20250813,UR2509,1726.0,90686.0,75344.0,0.0416426097480854
20250813,UR2510,1732.0,6675.0,18807.0,0.0690848194808126
20250813,UR2511,1742.0,7869.0,39050.0,0.0206481266889521
20250813,UR2512,1745.0,162.0,656.0,0.0137457059703477
20250813,UR2601,1747.0,105703.0,155653.0,-0.0137457059703477
20250813,UR2602,1745.0,187.0,1105.0,0.2450453838376099
20250813,UR2603,1781.0,24.0,630.0,0.0336417377613935
20250813,UR2604,1786.0,23.0,553.0,0.0134303315641803
20250813,UR2605,1788.0,2167.0,12320.0,-0.0268757111220575
20250813,UR2606,1784.0,48.0,355.0,0.0469930670490862
20250813,UR2607,1791.0,85.0,371.0,0.0
20250814,UR2508,1716.0,33.0,0.0,-0.0069950453744077
20250814,UR2509,1715.0,49007.0,58946.0,0.0139860155692223
20250814,UR2510,1717.0,6592.0,18682.0,0.0696866069904362
20250814,UR2511,1727.0,8525.0,37698.0,0.0069464546078677
20250814,UR2512,1728.0,178.0,574.0,-0.0138969326475325
20250814,UR2601,1726.0,144149.0,174742.0,0.0138969326475317
20250814,UR2602,1728.0,292.0,1170.0,0.2813969375494122
20250814,UR2603,1769.0,49.0,653.0,-0.006785411546358
20250814,UR2604,1768.0,15.0,553.0,0.0203447350229374
20250814,UR2605,1771.0,4544.0,13731.0,-0.0067777465795043
20250814,UR2606,1770.0,78.0,374.0,0.087813507543186
20250814,UR2607,1783.0,53.0,379.0,0.0
20250815,UR2509,1721.0,28429.0,49062.0,-0.0069747168484883
20250815,UR2510,1720.0,5436.0,18380.0,0.1249288322140647
20250815,UR2511,1738.0,7298.0,38440.0,0.0069025023473492
20250815,UR2512,1739.0,182.0,506.0,-0.0138089773581377
20250815,UR2601,1737.0,109079.0,182607.0,0.0069064750107892
20250815,UR2602,1738.0,112.0,1169.0,0.2865400495295214
20250815,UR2603,1780.0,79.0,675.0,0.0
20250815,UR2604,1780.0,6.0,549.0,0.0202076949241137
20250815,UR2605,1783.0,3343.0,14937.0,-0.0539629914434903
20250815,UR2606,1775.0,62.0,366.0,0.1009823631034139
20250815,UR2607,1790.0,67.0,378.0,-0.0268456487802758
20250815,UR2608,1786.0,1.0,1.0,0.0
20250818,UR2509,1731.0,25193.0,39592.0,0.0138568144727609
20250818,UR2510,1733.0,6355.0,18919.0,0.1239965108429485
20250818,UR2511,1751.0,9678.0,38933.0,-0.0068551844195058
20250818,UR2512,1750.0,532.0,851.0,0.0273972721748226
20250818,UR2601,1754.0,167760.0,183795.0,-0.0342563749623153
20250818,UR2602,1749.0,421.0,1195.0,0.2646417685782892
20250818,UR2603,1788.0,56.0,690.0,0.0468881422670382
20250818,UR2604,1795.0,9.0,545.0,-0.0334728250509423
20250818,UR2605,1790.0,4027.0,15493.0,-0.0268456487802758
20250818,UR2606,1786.0,59.0,358.0,0.0603184738312179
20250818,UR2607,1795.0,62.0,404.0,0.0333797155425212
20250818,UR2608,1800.0,30.0,30.0,0.0
20250819,UR2509,1783.0,36435.0,29624.0,-0.0336984214714862
20250819,UR2510,1778.0,9733.0,18602.0,0.2603718278678544
20250819,UR2511,1817.0,14058.0,39535.0,-0.0132158603666406
20250819,UR2512,1815.0,731.0,1218.0,0.0132158603666399
20250819,UR2601,1817.0,401998.0,213033.0,-0.026446291695842
20250819,UR2602,1813.0,500.0,991.0,0.151276325107017
20250819,UR2603,1836.0,259.0,714.0,-0.0065377283011819
20250819,UR2604,1835.0,81.0,591.0,0.0261295693878057
20250819,UR2605,1839.0,13008.0,16003.0,-0.019591841086624
20250819,UR2606,1836.0,216.0,368.0,0.0065341684162776
20250819,UR2607,1837.0,167.0,462.0,-0.0130718967174599
20250819,UR2608,1835.0,36.0,9.0,0.0
20250820,UR2509,1751.0,20638.0,24848.0,0.0273816433693712
20250820,UR2510,1755.0,9221.0,19300.0,0.1629906211904269
20250820,UR2511,1779.0,13734.0,39874.0,-0.0134983141342054
20250820,UR2512,1777.0,311.0,1308.0,-0.0067548552304313
20250820,UR2601,1776.0,457226.0,208609.0,0.0135059102608147
20250820,UR2602,1778.0,311.0,959.0,0.2206805017147619
20250820,UR2603,1811.0,180.0,758.0,0.0264754657864524
20250820,UR2604,1815.0,44.0,585.0,-0.033103469268957
20250820,UR2605,1810.0,14062.0,18480.0,-0.0398450836476289
20250820,UR2606,1804.0,64.0,353.0,0.0464730871301332
20250820,UR2607,1811.0,54.0,462.0,-0.0198950031754989
20250820,UR2608,1808.0,16.0,16.0,0.0
20250821,UR2509,1737.0,9597.0,22018.0,-0.013824886321745
20250821,UR2510,1735.0,7732.0,18740.0,0.158032630369953
20250821,UR2511,1758.0,10340.0,39173.0,0.0204603630130049
20250821,UR2512,1761.0,119.0,1315.0,0.0204255368463643
20250821,UR2601,1764.0,181545.0,205717.0,-0.0272417824144702
20250821,UR2602,1760.0,96.0,969.0,0.2229166268752254
20250821,UR2603,1793.0,62.0,785.0,0.0200613030841442
20250821,UR2604,1796.0,2.0,585.0,0.0066796550569694
20250821,UR2605,1797.0,6225.0,19951.0,-0.0468358553850996
20250821,UR2606,1790.0,28.0,353.0,0.0934896214532186
20250821,UR2607,1804.0,51.0,437.0,-0.0133111494514288
20250821,UR2608,1802.0,13.0,15.0,0.0
20250822,UR2509,1715.0,7426.0,19873.0,0.0419092393379904
20250822,UR2510,1721.0,7095.0,18785.0,0.1386497226797967
20250822,UR2511,1741.0,11949.0,38569.0,-0.0137931049668727
20250822,UR2512,1739.0,807.0,1029.0,0.0
20250822,UR2601,1739.0,194967.0,209301.0,0.0
20250822,UR2602,1739.0,542.0,1072.0,0.2796375471821738
20250822,UR2603,1780.0,261.0,764.0,0.0134755769354846
20250822,UR2604,1782.0,131.0,480.0,0.0
20250822,UR2605,1782.0,8145.0,19442.0,-0.0337173585132399
20250822,UR2606,1777.0,301.0,329.0,0.1209416732127347
20250822,UR2607,1795.0,106.0,363.0,-0.0670392805036778
20250822,UR2608,1785.0,9.0,20.0,0.0
20250825,UR2509,1714.0,5990.0,18194.0,0.0767667636928206
20250825,UR2510,1725.0,5941.0,17656.0,0.152075768023157
20250825,UR2511,1747.0,11873.0,37880.0,-0.0206244679815793
20250825,UR2512,1744.0,205.0,999.0,0.0068787620112323
20250825,UR2601,1745.0,194129.0,222940.0,-0.0068787620112309
20250825,UR2602,1744.0,141.0,1081.0,0.2922829282860376
20250825,UR2603,1787.0,118.0,773.0,0.0134228201914931
20250825,UR2604,1789.0,14.0,468.0,0.0
20250825,UR2605,1789.0,7703.0,19368.0,-0.0134228201914931
20250825,UR2606,1787.0,46.0,334.0,0.0869811446979372
20250825,UR2607,1800.0,21.0,364.0,-0.0467576433494788
20250825,UR2608,1793.0,21.0,36.0,0.0
20250826,UR2509,1703.0,6498.0,13934.0,0.0632505124679889
20250826,UR2510,1712.0,5066.0,17759.0,0.1670560622232961
20250826,UR2511,1736.0,8128.0,38027.0,0.0069104522497132
20250826,UR2512,1737.0,631.0,987.0,0.0
20250826,UR2601,1737.0,129428.0,219820.0,0.0
20250826,UR2602,1737.0,118.0,1100.0,0.2596912280209337
20250826,UR2603,1775.0,48.0,754.0,0.0067586597111914
20250826,UR2604,1776.0,35.0,449.0,0.0067548552304317
20250826,UR2605,1777.0,6104.0,19860.0,-0.0338123638755014
20250826,UR2606,1772.0,70.0,336.0,0.1145754281243138
20250826,UR2607,1789.0,67.0,375.0,0.0134078226239111
20250826,UR2608,1791.0,102.0,118.0,0.0
20250827,UR2509,1707.0,5740.0,11008.0,0.0700936572364185
20250827,UR2510,1717.0,7212.0,16725.0,0.125145977801809
20250827,UR2511,1735.0,11272.0,37320.0,0.0
20250827,UR2512,1735.0,105.0,987.0,0.0138248863217446
20250827,UR2601,1737.0,186283.0,223981.0,-0.0069104522497137
20250827,UR2602,1736.0,177.0,1059.0,0.2868662502426526
20250827,UR2603,1778.0,109.0,702.0,0.0336984214714865
20250827,UR2604,1783.0,79.0,392.0,-0.0269511623676629
20250827,UR2605,1779.0,7084.0,19096.0,-0.0337742975557235
20250827,UR2606,1774.0,52.0,330.0,0.1278397288272969
20250827,UR2607,1793.0,105.0,359.0,-0.0402235013484578
20250827,UR2608,1787.0,52.0,129.0,0.0
20250828,UR2509,1702.0,6213.0,7802.0,0.1122815209305757
20250828,UR2510,1718.0,8993.0,15116.0,0.2077374440553617
20250828,UR2511,1748.0,10887.0,38309.0,0.0137221284249482
20250828,UR2512,1750.0,498.0,1231.0,0.0205538160440979
20250828,UR2601,1753.0,219696.0,221600.0,-0.0068473610987728
20250828,UR2602,1752.0,117.0,1026.0,0.2641935667725007
20250828,UR2603,1791.0,81.0,684.0,0.0267707863400103
20250828,UR2604,1795.0,22.0,398.0,-0.0401786089639207
20250828,UR2605,1789.0,7135.0,19629.0,-0.026860671539756
20250828,UR2606,1785.0,27.0,322.0,0.1070838115465991
20250828,UR2607,1801.0,52.0,367.0,-0.0066648155004002
20250828,UR2608,1800.0,57.0,152.0,0.0
20250829,UR2509,1679.0,6292.0,5040.0,0.1420975751326935
20250829,UR2510,1699.0,12001.0,12232.0,0.2999284288861918
20250829,UR2511,1742.0,11853.0,36563.0,0.013769364677723
20250829,UR2512,1744.0,279.0,1235.0,0.0137535831674704
20250829,UR2601,1746.0,118456.0,219096.0,-0.0137535831674708
20250829,UR2602,1744.0,122.0,1072.0,0.2922829282860376
20250829,UR2603,1787.0,68.0,672.0,-0.006717044675804
20250829,UR2604,1786.0,2.0,399.0,0.0335476874912098
20250829,UR2605,1791.0,4804.0,19341.0,-0.0402684941636676
20250829,UR2606,1785.0,28.0,324.0,0.0870782498139132
20250829,UR2607,1798.0,18.0,362.0,-0.040111457960278
20250829,UR2608,1792.0,14.0,150.0,0.0
20250901,UR2509,1670.0,369.0,4903.0,0.1428588300758215
20250901,UR2510,1690.0,4046.0,12306.0,0.3360779748986179
20250901,UR2511,1738.0,9756.0,38746.0,0.0275862190453277
20250901,UR2512,1742.0,4559.0,4370.0,0.0068866572908743
20250901,UR2601,1743.0,183096.0,220274.0,0.0
20250901,UR2602,1743.0,168.0,1090.0,0.2722748681174349
20250901,UR2603,1783.0,53.0,691.0,-0.047204331732301
20250901,UR2604,1776.0,3.0,399.0,0.0539326750540712
20250901,UR2605,1784.0,5366.0,19261.0,-0.040426764793257
20250901,UR2606,1778.0,34.0,318.0,0.0874198318423414
20250901,UR2607,1791.0,35.0,355.0,-0.0201173559270284
20250901,UR2608,1788.0,10.0,148.0,0.0
20250902,UR2509,1677.0,411.0,4861.0,0.1422660409322096
20250902,UR2510,1697.0,2965.0,11479.0,0.3002775236921803
20250902,UR2511,1740.0,11836.0,42312.0,0.0068945707153717
20250902,UR2512,1741.0,3947.0,7470.0,0.0344135595763017
20250902,UR2601,1746.0,158733.0,219382.0,-0.020636290554319
20250902,UR2602,1743.0,365.0,1121.0,0.2991656356728862
20250902,UR2603,1787.0,17.0,698.0,0.0469143295117597
20250902,UR2604,1794.0,2.0,397.0,-0.046914329511761
20250902,UR2605,1787.0,4448.0,19253.0,-0.0403587824371972
20250902,UR2606,1781.0,4.0,315.0,0.1273399271351322
20250902,UR2607,1800.0,13.0,360.0,-0.0601505018825314
20250902,UR2608,1791.0,13.0,149.0,0.0
20250903,UR2509,1658.0,201.0,4843.0,0.165321572560505
20250903,UR2510,1681.0,2721.0,11731.0,0.2052541930570801
20250903,UR2511,1710.0,17396.0,44173.0,0.0140268864597835
20250903,UR2512,1712.0,5352.0,10249.0,0.0140105094724517
20250903,UR2601,1714.0,285785.0,232728.0,-0.0140105094724524
20250903,UR2602,1712.0,637.0,1166.0,0.3181742585212179
20250903,UR2603,1758.0,317.0,719.0,0.0476866934672982
20250903,UR2604,1765.0,194.0,330.0,-0.0545145741635987
20250903,UR2605,1757.0,11821.0,20405.0,-0.0136674274455718
20250903,UR2606,1755.0,82.0,343.0,0.149492307056223
20250903,UR2607,1777.0,205.0,355.0,-0.0202759834215179
20250903,UR2608,1774.0,30.0,150.0,0.0
20250904,UR2509,1664.0,936.0,4941.0,0.1076884283566436
20250904,UR2510,1679.0,1933.0,11761.0,0.226555401775832
20250904,UR2511,1711.0,12486.0,43989.0,0.0140186931831183
20250904,UR2512,1713.0,5279.0,13279.0,0.0070032100032635
20250904,UR2601,1714.0,152066.0,234351.0,-0.0140105094724524
20250904,UR2602,1712.0,376.0,1186.0,0.2908393947652914
20250904,UR2603,1754.0,30.0,701.0,-0.0136908172294986
20250904,UR2604,1752.0,7.0,333.0,0.0068473610987719
20250904,UR2605,1753.0,5541.0,19564.0,-0.0136986316245914
20250904,UR2606,1751.0,63.0,365.0,0.1633604354839724
20250904,UR2607,1775.0,86.0,333.0,-0.0202988489338794
20250904,UR2608,1772.0,65.0,165.0,0.0
20250905,UR2509,1662.0,71.0,4945.0,0.1149709393410965
20250905,UR2510,1678.0,1195.0,11649.0,0.2266891496346483
20250905,UR2511,1710.0,9813.0,44156.0,0.0140268864597835
20250905,UR2512,1712.0,3849.0,14349.0,0.0070072994691897
20250905,UR2601,1713.0,162691.0,236446.0,-0.0070072994691898
20250905,UR2602,1712.0,81.0,1172.0,0.3318183759661194
20250905,UR2603,1760.0,34.0,689.0,0.0136286215671291
20250905,UR2604,1762.0,12.0,332.0,-0.0409323876127538
20250905,UR2605,1756.0,5624.0,20609.0,-0.0273660323847026
20250905,UR2606,1752.0,50.0,380.0,0.2104721564016449
20250905,UR2607,1783.0,16.0,327.0,-0.047204331732301
20250905,UR2608,1776.0,11.0,168.0,0.0
20250908,UR2509,1652.0,105.0,4906.0,0.1156635460532255
20250908,UR2510,1668.0,1909.0,11737.0,0.2421447145755296
20250908,UR2511,1702.0,12317.0,43287.0,0.0211329670115738
20250908,UR2512,1705.0,4577.0,14481.0,0.007036060008086
20250908,UR2601,1706.0,147491.0,241254.0,-0.0211205686672339
20250908,UR2602,1703.0,92.0,1208.0,0.3129705066335095
20250908,UR2603,1748.0,18.0,692.0,0.0137221284249482
20250908,UR2604,1750.0,4.0,330.0,-0.0274599662161472
20250908,UR2605,1746.0,5852.0,23026.0,-0.0137535831674708
20250908,UR2606,1744.0,46.0,367.0,0.1707970762903228
20250908,UR2607,1769.0,7.0,330.0,0.0
20250908,UR2608,1769.0,7.0,173.0,0.0
20250909,UR2509,1624.0,276.0,4753.0,0.146880658734024
20250909,UR2510,1644.0,4772.0,13108.0,0.2384902344850035
20250909,UR2511,1677.0,14410.0,45460.0,0.0357249445162148
20250909,UR2512,1682.0,5153.0,15857.0,0.0071322438949519
20250909,UR2601,1683.0,182120.0,268180.0,0.007128007337592
20250909,UR2602,1684.0,240.0,1299.0,0.3233939122746309
20250909,UR2603,1730.0,204.0,708.0,0.0207912266853783
20250909,UR2604,1733.0,71.0,344.0,0.0
20250909,UR2605,1733.0,10788.0,26175.0,-0.0346720842192621
20250909,UR2606,1728.0,52.0,370.0,0.1723672266868024
20250909,UR2607,1753.0,22.0,329.0,-0.0411428974461354
20250909,UR2608,1747.0,30.0,184.0,0.0
20250910,UR2509,1613.0,89.0,4753.0,0.1478761781430749
20250910,UR2510,1633.0,2359.0,13099.0,0.1895543666397514
20250910,UR2511,1659.0,14603.0,44885.0,0.0288982680297971
20250910,UR2512,1663.0,4911.0,15777.0,0.0432173336268896
20250910,UR2601,1669.0,168507.0,283349.0,0.0215504397937414
20250910,UR2602,1672.0,138.0,1364.0,0.3675198909478976
20250910,UR2603,1724.0,59.0,720.0,-0.0139291948315473
20250910,UR2604,1722.0,15.0,341.0,-0.020924155257922
20250910,UR2605,1719.0,7251.0,28121.0,-0.0209607040192997
20250910,UR2606,1716.0,40.0,388.0,0.2217153140108785
20250910,UR2607,1748.0,10.0,327.0,-0.0550459680828725
20250910,UR2608,1740.0,17.0,198.0,0.0
20250911,UR2509,1595.0,260.0,4744.0,0.1197764154963522
20250911,UR2510,1611.0,16362.0,11754.0,0.3378436109950633
20250911,UR2511,1657.0,15404.0,46585.0,0.0722023838907741
20250911,UR2512,1667.0,5094.0,16872.0,0.028759750135196
20250911,UR2601,1671.0,125326.0,292643.0,0.014354068697162
20250911,UR2602,1673.0,92.0,1388.0,0.3324704258480958
20250911,UR2603,1720.0,10.0,721.0,0.0
20250911,UR2604,1720.0,4.0,341.0,-0.0069787730957931
20250911,UR2605,1719.0,3926.0,29229.0,-0.0139697338244845
20250911,UR2606,1717.0,32.0,408.0,0.2284464722410102
20250911,UR2607,1750.0,22.0,333.0,-0.061873525792448
20250911,UR2608,1741.0,6.0,200.0,0.0
20250912,UR2509,1570.0,1336.0,0.0,0.0913709998229452
20250912,UR2510,1582.0,6208.0,9069.0,0.4758987949129916
20250912,UR2511,1646.0,15538.0,47329.0,0.0726834444982788
20250912,UR2512,1656.0,4628.0,17397.0,0.0506177309726709
20250912,UR2601,1663.0,124647.0,300585.0,0.0216281224063229
20250912,UR2602,1666.0,158.0,1401.0,0.3548454878534353
20250912,UR2603,1716.0,40.0,740.0,-0.0069950453744077
20250912,UR2604,1715.0,46.0,369.0,0.0209729153299238
20250912,UR2605,1718.0,4806.0,30726.0,-0.0139778699555171
20250912,UR2606,1716.0,67.0,428.0,0.1942238930522082
20250912,UR2607,1744.0,10.0,335.0,-0.0275545471242032
20250912,UR2608,1740.0,3.0,203.0,0.0
20250915,UR2510,1595.0,2595.0,7386.0,0.5226216900941165
20250915,UR2511,1666.0,15823.0,45350.0,0.0789712691570506
20250915,UR2512,1677.0,4339.0,16850.0,0.0428571884111661
20250915,UR2601,1683.0,166237.0,284978.0,0.0142517831478725
20250915,UR2602,1685.0,170.0,1349.0,0.309331714761942
20250915,UR2603,1729.0,37.0,730.0,-0.0069424358314751
20250915,UR2604,1728.0,6.0,364.0,0.0208152697465004
20250915,UR2605,1731.0,5140.0,30986.0,-0.0138728339150253
20250915,UR2606,1729.0,69.0,430.0,0.2132472281868835
20250915,UR2607,1760.0,12.0,340.0,0.0068162455681032
20250915,UR2608,1761.0,40.0,216.0,-0.0751924989437568
20250915,UR2609,1750.0,72.0,63.0,0.0
20250916,UR2510,1598.0,1247.0,6681.0,0.528849349014969
20250916,UR2511,1670.0,15829.0,44853.0,0.0787827359737785
20250916,UR2512,1681.0,3911.0,16720.0,0.0356400618382219
20250916,UR2601,1686.0,129472.0,277334.0,0.0355345240413536
20250916,UR2602,1691.0,109.0,1341.0,0.3082481217885515
20250916,UR2603,1735.0,22.0,727.0,0.0
20250916,UR2604,1735.0,7.0,360.0,0.0138248863217446
20250916,UR2605,1737.0,4130.0,30758.0,0.0069064750107892
20250916,UR2606,1738.0,48.0,424.0,0.2121526600133743
20250916,UR2607,1769.0,52.0,341.0,-0.04077014114298
20250916,UR2608,1763.0,13.0,214.0,-0.040909130529277
20250916,UR2609,1757.0,65.0,105.0,0.0
20250917,UR2510,1587.0,813.0,6357.0,0.5757561826576219
20250917,UR2511,1665.0,9772.0,44376.0,0.0718565021354723
20250917,UR2512,1675.0,2380.0,16413.0,0.0429082697933844
20250917,UR2601,1681.0,92745.0,281488.0,0.0213967367238782
20250917,UR2602,1684.0,174.0,1361.0,0.3164554905722206
20250917,UR2603,1729.0,35.0,730.0,0.0623018417045618
20250917,UR2604,1738.0,2.0,358.0,-0.0276497818182022
20250917,UR2605,1734.0,3541.0,31618.0,-0.0207792259713352
20250917,UR2606,1731.0,14.0,425.0,0.226616176686329
20250917,UR2607,1764.0,19.0,337.0,-0.020425536846365
20250917,UR2608,1761.0,3.0,214.0,-0.0409556711548794
20250917,UR2609,1755.0,24.0,124.0,0.0
20250918,UR2510,1579.0,1164.0,5732.0,0.5423392779033752
20250918,UR2511,1652.0,15760.0,45660.0,0.0796383013440517
20250918,UR2512,1663.0,4241.0,17244.0,0.0504051146144761
20250918,UR2601,1670.0,114090.0,286823.0,0.0358744661803918
20250918,UR2602,1675.0,245.0,1501.0,0.3251082234284704
20250918,UR2603,1721.0,32.0,723.0,-0.020936324008065
20250918,UR2604,1718.0,22.0,354.0,0.0487947230551122
20250918,UR2605,1725.0,6558.0,32499.0,0.0
20250918,UR2606,1725.0,89.0,447.0,0.2000621216000188
20250918,UR2607,1754.0,59.0,320.0,-0.0068434561307259
20250918,UR2608,1753.0,28.0,199.0,-0.0548886034164834
20250918,UR2609,1745.0,77.0,166.0,0.0
20250919,UR2510,1570.0,926.0,5219.0,0.5088043928479318
20250919,UR2511,1638.0,15938.0,46161.0,0.1021282760149033
20250919,UR2512,1652.0,4872.0,17837.0,0.0651978663884566
20250919,UR2601,1661.0,112725.0,297254.0,0.0504656796647658
20250919,UR2602,1668.0,201.0,1509.0,0.3404483655505868
20250919,UR2603,1716.0,31.0,733.0,0.027939477115094
20250919,UR2604,1720.0,5.0,355.0,0.0139453821621275
20250919,UR2605,1722.0,7357.0,34240.0,-0.0069706653136402
20250919,UR2606,1721.0,36.0,450.0,0.2484275037066929
20250919,UR2607,1757.0,24.0,319.0,-0.0273504391903519
20250919,UR2608,1753.0,1.0,200.0,-0.0617673654277144
20250919,UR2609,1744.0,53.0,196.0,0.0
20250922,UR2510,1565.0,1067.0,4638.0,0.5520766773162942
20250922,UR2511,1637.0,16867.0,47887.0,0.1026267562614551
20250922,UR2512,1651.0,4940.0,19072.0,0.000734998877085
20250922,UR2601,1660.0,113802.0,307396.0,0.0578313253012039
20250922,UR2602,1668.0,237.0,1588.0,0.3093525179856122
20250922,UR2603,1711.0,20.0,731.0,0.0070134424313259
20250922,UR2604,1712.0,1.0,355.0,0.0070093457943922
20250922,UR2605,1713.0,7209.0,34418.0,0.028021015761821
20250922,UR2606,1717.0,57.0,458.0,0.2306348281887009
20250922,UR2607,1750.0,23.0,321.0,-0.020571428571428
20250922,UR2608,1747.0,22.0,200.0,-0.0892959358900968
20250922,UR2609,1734.0,38.0,225.0,0.0
20250923,UR2510,1557.0,1822.0,4194.0,0.5857418111753381
20250923,UR2511,1633.0,17662.0,45999.0,0.1028781383955905
20250923,UR2512,1647.0,5049.0,18862.0,0.0009005137021346
20250923,UR2601,1658.0,112495.0,304888.0,0.0723763570566955
20250923,UR2602,1668.0,177.0,1674.0,0.3165467625899287
20250923,UR2603,1712.0,21.0,729.0,-0.0070093457943922
20250923,UR2604,1711.0,8.0,356.0,0.0140268848626545
20250923,UR2605,1713.0,5402.0,34470.0,0.0070052539404565
20250923,UR2606,1714.0,53.0,440.0,0.2170361726954484
20250923,UR2607,1745.0,54.0,289.0,-0.0343839541547277
20250923,UR2608,1740.0,7.0,198.0,-0.0413793103448276
20250923,UR2609,1734.0,101.0,306.0,0.0
20250924,UR2510,1565.0,787.0,3934.0,0.6670926517571889
20250924,UR2511,1652.0,23052.0,41672.0,0.0944309927360764
20250924,UR2512,1665.0,5841.0,18706.0,0.000647838850086
20250924,UR2601,1673.0,193224.0,300158.0,0.0502092050209199
20250924,UR2602,1680.0,333.0,1611.0,0.3214285714285703
20250924,UR2603,1725.0,74.0,711.0,0.0139130434782606
20250924,UR2604,1727.0,14.0,354.0,-0.0208453966415755
20250924,UR2605,1724.0,6925.0,33866.0,0.0208816705336429
20250924,UR2606,1727.0,38.0,435.0,0.2154024319629419
20250924,UR2607,1758.0,30.0,266.0,-0.040955631399318
20250924,UR2608,1752.0,2.0,196.0,-0.0479452054794524
20250924,UR2609,1745.0,80.0,339.0,0.0
20250925,UR2510,1564.0,337.0,3842.0,0.6598465473145767
20250925,UR2511,1650.0,21693.0,37491.0,0.0872727272727278
20250925,UR2512,1662.0,4720.0,18305.0,0.0009735123514379
20250925,UR2601,1674.0,95817.0,301894.0,0.0430107526881711
20250925,UR2602,1680.0,116.0,1626.0,0.3285714285714274
20250925,UR2603,1726.0,11.0,709.0,-0.0069524913093856
20250925,UR2604,1725.0,7.0,353.0,0.0139130434782606
20250925,UR2605,1727.0,3788.0,33740.0,0.0069484655471914
20250925,UR2606,1728.0,32.0,441.0,0.1944444444444446
20250925,UR2607,1756.0,6.0,268.0,-0.0478359908883829
20250925,UR2608,1749.0,4.0,194.0,-0.0137221269296743
20250925,UR2609,1747.0,97.0,392.0,0.0
20250926,UR2510,1541.0,901.0,3311.0,0.802076573653471
20250926,UR2511,1644.0,18522.0,30908.0,0.102189781021897
20250926,UR2512,1658.0,5135.0,18711.0,0.0008945392445209
20250926,UR2601,1669.0,114516.0,292033.0,0.0575194727381669
20250926,UR2602,1677.0,164.0,1647.0,0.3076923076923066
20250926,UR2603,1720.0,226.0,897.0,0.0069767441860459
20250926,UR2604,1721.0,17.0,354.0,-0.0069726902963394
20250926,UR2605,1720.0,4955.0,32892.0,0.0139534883720919
20250926,UR2606,1722.0,28.0,440.0,0.2508710801393734
20250926,UR2607,1758.0,14.0,267.0,-0.0819112627986347
20250926,UR2608,1746.0,3.0,192.0,-0.0412371134020617
20250926,UR2609,1740.0,93.0,407.0,0.0
20250929,UR2510,1545.0,954.0,3151.0,0.7223300970873794
20250929,UR2511,1638.0,23773.0,25461.0,0.0952380952380949
20250929,UR2512,1651.0,7340.0,18398.0,0.0010616650446784
20250929,UR2601,1664.0,170093.0,281504.0,0.05048076923077
20250929,UR2602,1671.0,175.0,1652.0,0.2728904847396762
20250929,UR2603,1709.0,49.0,874.0,0.0280866003510817
20250929,UR2604,1713.0,62.0,385.0,0.0140105078809105
20250929,UR2605,1715.0,8045.0,33104.0,0.0139941690962093
20250929,UR2606,1717.0,195.0,488.0,0.1887012230634823
20250929,UR2607,1744.0,43.0,253.0,-0.0412844036697248
20250929,UR2608,1738.0,39.0,177.0,-0.0207134637514387
20250929,UR2609,1735.0,159.0,471.0,0.0
20250930,UR2510,1544.0,1217.0,2724.0,0.7616580310880829
20250930,UR2511,1642.0,16872.0,21214.0,0.1023142509135199
20250930,UR2512,1656.0,5667.0,18047.0,0.001139879498453
20250930,UR2601,1670.0,100071.0,267468.0,0.0359281437125744
20250930,UR2602,1675.0,83.0,1623.0,0.3295522388059693
20250930,UR2603,1721.0,25.0,871.0,-0.0557815223707152
20250930,UR2604,1713.0,13.0,376.0,0.028021015761821
20250930,UR2605,1717.0,5482.0,32925.0,0.0209668025626079
20250930,UR2606,1720.0,33.0,463.0,0.1604651162790684
20250930,UR2607,1743.0,1.0,253.0,-0.0137693631669533
20250930,UR2608,1741.0,4.0,176.0,0.0068925904652488
20250930,UR2609,1742.0,68.0,511.0,0.0
20251009,UR2510,1500.0,160.0,2735.0,0.6799999999999997
20251009,UR2511,1585.0,8466.0,21011.0,0.0757097791798102
20251009,UR2512,1595.0,7994.0,18257.0,0.0011834736360114
20251009,UR2601,1609.0,253715.0,310689.0,0.0745804847731506
20251009,UR2602,1619.0,7146.0,5921.0,0.3705991352686846
20251009,UR2603,1669.0,142.0,951.0,0.0503295386458964
20251009,UR2604,1676.0,18.0,371.0,0.007159904534606
20251009,UR2605,1677.0,17124.0,34802.0,0.0286225402504483
20251009,UR2606,1681.0,331.0,648.0,0.2427126710291505
20251009,UR2607,1715.0,27.0,254.0,-0.0699708454810492
20251009,UR2608,1705.0,19.0,175.0,-0.0281524926686214
20251009,UR2609,1701.0,202.0,627.0,0.0
20251010,UR2510,1500.0,400.0,2525.0,0.5839999999999996
20251010,UR2511,1573.0,7862.0,21201.0,0.0915448188175451
20251010,UR2512,1585.0,5311.0,19279.0,0.0010208060114131
20251010,UR2601,1597.0,161077.0,338864.0,0.06762680025047
20251010,UR2602,1606.0,5607.0,9572.0,0.3885429638854285
20251010,UR2603,1658.0,78.0,1002.0,0.0361881785283477
20251010,UR2604,1663.0,32.0,401.0,0.0216476247745029
20251010,UR2605,1666.0,11917.0,38073.0,0.0360144057623044
20251010,UR2606,1671.0,271.0,832.0,0.2872531418312398
20251010,UR2607,1711.0,56.0,266.0,-0.049094097019287
20251010,UR2608,1704.0,11.0,184.0,-0.014084507042253
20251010,UR2609,1702.0,285.0,799.0,0.0
20251013,UR2510,1511.0,78.0,2463.0,0.5797485109199219
20251013,UR2511,1584.0,14759.0,19481.0,0.1060606060606064
20251013,UR2512,1598.0,9666.0,20352.0,0.0010125015820337
20251013,UR2601,1610.0,190493.0,326154.0,0.0596273291925477
20251013,UR2602,1618.0,7319.0,12658.0,0.4227441285537692
20251013,UR2603,1675.0,124.0,981.0,-0.0143283582089548
20251013,UR2604,1673.0,72.0,427.0,0.0358637178720853
20251013,UR2605,1678.0,14802.0,40452.0,0.0286054827175208
20251013,UR2606,1682.0,170.0,868.0,0.2425683709869206
20251013,UR2607,1716.0,46.0,255.0,-0.0209790209790212
20251013,UR2608,1713.0,14.0,189.0,-0.0210157618213657
20251013,UR2609,1710.0,133.0,802.0,0.0
20251014,UR2510,1501.0,182.0,2334.0,0.5836109260492996
20251014,UR2511,1574.0,6320.0,16500.0,0.0762388818297328
20251014,UR2512,1584.0,9031.0,19735.0,0.0011065713312904
20251014,UR2601,1597.0,141111.0,321992.0,0.06762680025047
20251014,UR2602,1606.0,6391.0,14373.0,0.4034869240348682
20251014,UR2603,1660.0,60.0,1026.0,0.0144578313253003
20251014,UR2604,1662.0,2.0,426.0,0.0649819494584846
20251014,UR2605,1671.0,10177.0,40982.0,0.0430879712746854
20251014,UR2606,1677.0,61.0,878.0,0.2432915921288012
20251014,UR2607,1711.0,6.0,257.0,-0.0280537697253064
20251014,UR2608,1707.0,8.0,190.0,0.0
20251014,UR2609,1707.0,134.0,790.0,0.0
20251015,UR2510,1495.0,82.0,2328.0,0.6501672240802687
20251015,UR2511,1576.0,5153.0,14067.0,0.0837563451776643
20251015,UR2512,1587.0,7947.0,19953.0,0.001104479514029
20251015,UR2601,1600.0,117987.0,322686.0,0.044999999999999
20251015,UR2602,1606.0,4622.0,14548.0,0.4259028642590277
20251015,UR2603,1663.0,41.0,1023.0,0.0360793746241734
20251015,UR2604,1668.0,12.0,426.0,0.0071942446043165
20251015,UR2605,1669.0,7167.0,41544.0,0.0647094068304374
20251015,UR2606,1678.0,70.0,877.0,0.2145411203814076
20251015,UR2607,1708.0,2.0,255.0,0.0
20251015,UR2608,0.0,0.0,190.0,0.0
20251015,UR2609,1702.0,60.0,804.0,0.0
20251016,UR2510,1495.0,101.0,2305.0,0.6822742474916383
20251016,UR2511,1580.0,3681.0,12430.0,0.0911392405063296
20251016,UR2512,1592.0,10033.0,21336.0,0.00101631754277
20251016,UR2601,1604.0,155104.0,315491.0,0.0598503740648368
20251016,UR2602,1612.0,5643.0,14958.0,0.4019851116625315
20251016,UR2603,1666.0,72.0,1035.0,0.0360144057623044
20251016,UR2604,1671.0,11.0,430.0,0.0287253141831245
20251016,UR2605,1675.0,13959.0,41267.0,0.0501492537313446
20251016,UR2606,1682.0,101.0,893.0,0.2354340071343639
20251016,UR2607,1715.0,24.0,255.0,-0.0349854227405246
20251016,UR2608,1710.0,30.0,187.0,-0.0421052631578948
20251016,UR2609,1704.0,131.0,824.0,0.0
20251017,UR2510,1494.0,208.0,2216.0,0.6907630522088359
20251017,UR2511,1580.0,2746.0,11250.0,0.0683544303797472
20251017,UR2512,1589.0,6919.0,21797.0,0.001103089357309
20251017,UR2601,1602.0,109205.0,313746.0,0.0524344569288377
20251017,UR2602,1609.0,4430.0,14853.0,0.3878185208203852
20251017,UR2603,1661.0,65.0,1043.0,0.0650210716435895
20251017,UR2604,1670.0,32.0,446.0,0.0143712574850303
20251017,UR2605,1672.0,9639.0,40130.0,0.043062200956939
20251017,UR2606,1678.0,48.0,883.0,0.2288438617401667
20251017,UR2607,1710.0,7.0,251.0,0.0
20251017,UR2608,1710.0,6.0,185.0,-0.0350877192982452
20251017,UR2609,1705.0,67.0,827.0,0.0
20251020,UR2510,1490.0,611.0,2026.0,0.6845637583892614
20251020,UR2511,1575.0,1467.0,11046.0,0.0990476190476181
20251020,UR2512,1588.0,6931.0,22586.0,0.0010188775365805
20251020,UR2601,1600.0,159709.0,322187.0,0.0525000000000002
20251020,UR2602,1607.0,5685.0,15338.0,0.4480398257622893
20251020,UR2603,1667.0,54.0,1059.0,0.0215956808638262
20251020,UR2604,1670.0,30.0,459.0,0.0359281437125744
20251020,UR2605,1675.0,9504.0,40282.0,0.0429850746268645
20251020,UR2606,1681.0,62.0,881.0,0.2284354550862577
20251020,UR2607,1713.0,9.0,255.0,-0.0070052539404552
20251020,UR2608,1712.0,3.0,186.0,-0.0280373831775704
20251020,UR2609,1708.0,58.0,831.0,0.0
20251021,UR2510,1490.0,267.0,1801.0,0.7731543624161068
20251021,UR2511,1586.0,2062.0,10115.0,0.090794451450189
20251021,UR2512,1598.0,7326.0,23554.0,0.0009281264501975
20251021,UR2601,1609.0,158910.0,312167.0,0.0372902423865753
20251021,UR2602,1614.0,4971.0,16375.0,0.4609665427509286
20251021,UR2603,1676.0,57.0,1068.0,0.028639618138424
20251021,UR2604,1680.0,14.0,453.0,0.0142857142857142
20251021,UR2605,1682.0,9626.0,39993.0,0.0428061831153376
20251021,UR2606,1688.0,70.0,861.0,0.2488151658767776
20251021,UR2607,1723.0,14.0,253.0,-0.0417875798026701
20251021,UR2608,1717.0,5.0,185.0,0.0139778683750737
20251021,UR2609,1719.0,81.0,831.0,0.0
20251022,UR2510,1488.0,283.0,0.0,0.8629032258064528
20251022,UR2511,1595.0,846.0,10089.0,0.0978056426332285
20251022,UR2512,1608.0,5573.0,23786.0,0.0010900553412711
20251022,UR2601,1621.0,121985.0,312046.0,0.0370141887723622
20251022,UR2602,1626.0,3782.0,16056.0,0.4206642066420674
20251022,UR2603,1683.0,44.0,1036.0,0.0142602495543666
20251022,UR2604,1685.0,8.0,449.0,0.0427299703264099
20251022,UR2605,1691.0,6635.0,39527.0,0.0425783560023651
20251022,UR2606,1697.0,58.0,833.0,0.2333529758397166
20251022,UR2607,1730.0,29.0,235.0,-0.0554913294797687
20251022,UR2608,1722.0,6.0,185.0,0.0209059233449488
20251022,UR2609,1725.0,67.0,846.0,0.0
20251023,UR2511,1612.0,1492.0,10159.0,0.1116625310173704
20251023,UR2512,1627.0,8265.0,24316.0,0.0009115833235499
20251023,UR2601,1638.0,147829.0,298840.0,0.0512820512820511
20251023,UR2602,1645.0,7301.0,16815.0,0.4231003039513688
20251023,UR2603,1703.0,252.0,1057.0,0.0
20251023,UR2604,1703.0,70.0,403.0,0.0493247210804472
20251023,UR2605,1710.0,11064.0,38488.0,0.0280701754385956
20251023,UR2606,1714.0,150.0,766.0,0.2170361726954484
20251023,UR2607,1745.0,8.0,230.0,-0.0343839541547277
20251023,UR2608,1740.0,4.0,186.0,0.0
20251023,UR2609,1740.0,75.0,847.0,0.0206896551724131
20251023,UR2610,1743.0,11.0,8.0,0.0
20251024,UR2511,1616.0,2081.0,9396.0,0.0816831683168324
20251024,UR2512,1627.0,8847.0,23429.0,0.0012430681684771
20251024,UR2601,1642.0,150966.0,286338.0,0.0511571254567613
20251024,UR2602,1649.0,5279.0,16986.0,0.4293511218920569
20251024,UR2603,1708.0,95.0,1072.0,0.0351288056206096
20251024,UR2604,1713.0,15.0,402.0,0.0420315236427315
20251024,UR2605,1719.0,12644.0,38552.0,0.0279232111692842
20251024,UR2606,1723.0,64.0,744.0,0.2089378990133479
20251024,UR2607,1753.0,10.0,231.0,-0.0205362236166566
20251024,UR2608,1750.0,11.0,186.0,-0.0137142857142853
20251024,UR2609,1748.0,197.0,868.0,0.0137299771167054
20251024,UR2610,1750.0,6.0,13.0,0.0
20251027,UR2511,1613.0,1253.0,8832.0,0.1041537507749534
20251027,UR2512,1627.0,6675.0,23829.0,0.0010773257460135
20251027,UR2601,1640.0,105069.0,281954.0,0.0439024390243902
20251027,UR2602,1646.0,4549.0,16779.0,0.4301336573511554
20251027,UR2603,1705.0,37.0,1065.0,-0.0070381231671556
20251027,UR2604,1704.0,26.0,390.0,0.0633802816901401
20251027,UR2605,1713.0,10503.0,38782.0,0.0070052539404565
20251027,UR2606,1714.0,33.0,737.0,0.1960326721120182
20251027,UR2607,1742.0,12.0,229.0,0.0068886337543059
20251027,UR2608,1743.0,10.0,182.0,0.0137693631669533
20251027,UR2609,1745.0,123.0,848.0,0.0206303724928371
20251027,UR2610,1748.0,5.0,14.0,0.0
20251028,UR2511,1605.0,1298.0,8096.0,0.112149532710279
20251028,UR2512,1620.0,10386.0,21431.0,0.0012484394506866
20251028,UR2601,1635.0,102573.0,273001.0,0.0293577981651367
20251028,UR2602,1639.0,6675.0,16924.0,0.4173276388041493
20251028,UR2603,1696.0,28.0,1065.0,0.0141509433962259
20251028,UR2604,1698.0,13.0,384.0,0.0706713780918733
20251028,UR2605,1708.0,7819.0,39239.0,0.0140515222482422
20251028,UR2606,1710.0,71.0,698.0,0.1824561403508759
20251028,UR2607,1736.0,1.0,229.0,-0.0138248847926263
20251028,UR2608,1734.0,3.0,184.0,0.0138408304498263
20251028,UR2609,1736.0,93.0,852.0,0.0207373271889395
20251028,UR2610,1739.0,8.0,17.0,0.0
20251029,UR2511,1615.0,1395.0,7433.0,0.1114551083591344
20251029,UR2512,1630.0,22775.0,18704.0,0.0011580616254222
20251029,UR2601,1644.0,150565.0,270349.0,0.0437956204379554
20251029,UR2602,1650.0,13553.0,18936.0,0.4290909090909078
20251029,UR2603,1709.0,40.0,1051.0,0.0280866003510817
20251029,UR2604,1713.0,12.0,384.0,0.028021015761821
20251029,UR2605,1717.0,9054.0,38954.0,0.0209668025626079
20251029,UR2606,1720.0,40.0,689.0,0.188372093023255
20251029,UR2607,1747.0,1.0,229.0,-0.034344590726961
20251029,UR2608,1742.0,1.0,183.0,0.0344431687715269
20251029,UR2609,1747.0,70.0,860.0,0.0412135088723522
20251029,UR2610,1753.0,6.0,22.0,0.0
20251030,UR2511,1598.0,2010.0,6579.0,0.1126408010012518
20251030,UR2512,1613.0,19270.0,13562.0,0.0011702668626399
20251030,UR2601,1627.0,150829.0,270109.0,0.0368776889981559
20251030,UR2602,1632.0,7568.0,18694.0,0.4558823529411775
20251030,UR2603,1694.0,47.0,1063.0,0.0283353010625733
20251030,UR2604,1698.0,10.0,385.0,0.0494699646643113
20251030,UR2605,1705.0,9067.0,39236.0,0.0281524926686227
20251030,UR2606,1709.0,60.0,701.0,0.1334113516676431
20251030,UR2607,1728.0,4.0,230.0,-0.0138888888888892
20251030,UR2608,1726.0,1.0,183.0,0.0625724217844725
20251030,UR2609,1735.0,120.0,904.0,0.0276657060518736
20251030,UR2610,1739.0,18.0,30.0,0.0
20251031,UR2511,1590.0,2472.0,5469.0,0.150943396226415
20251031,UR2512,1610.0,15710.0,10909.0,0.001256193732989
20251031,UR2601,1625.0,102839.0,264103.0,0.0369230769230757
20251031,UR2602,1630.0,5275.0,18986.0,0.4564417177914111
20251031,UR2603,1692.0,208.0,1113.0,0.0567375886524823
20251031,UR2604,1700.0,8.0,390.0,0.0211764705882346
20251031,UR2605,1703.0,5353.0,39473.0,0.0140927774515571
20251031,UR2606,1705.0,28.0,708.0,0.2322580645161283
20251031,UR2607,1738.0,2.0,230.0,-0.0276179516685846
20251031,UR2608,1734.0,1.0,182.0,0.0138408304498263
20251031,UR2609,1736.0,154.0,916.0,0.041474654377879
20251031,UR2610,1742.0,11.0,36.0,0.0
20251103,UR2511,1592.0,470.0,5026.0,0.1356783919597992
20251103,UR2512,1610.0,9848.0,10247.0,0.0010887012352571
20251103,UR2601,1623.0,159564.0,269753.0,0.0591497227356736
20251103,UR2602,1631.0,7853.0,18626.0,0.4929491109748625
20251103,UR2603,1698.0,4484.0,4391.0,0.0282685512367493
20251103,UR2604,1702.0,40.0,398.0,0.0493537015276146
20251103,UR2605,1709.0,11726.0,39852.0,0.0140433001755422
20251103,UR2606,1711.0,77.0,723.0,0.2244301578024545
20251103,UR2607,1743.0,32.0,225.0,-0.0206540447504299
20251103,UR2608,1740.0,10.0,182.0,0.0137931034482754
20251103,UR2609,1742.0,143.0,915.0,-0.0344431687715269
20251103,UR2610,1737.0,26.0,40.0,0.0
20251104,UR2511,1600.0,477.0,4802.0,0.1124999999999989
20251104,UR2512,1615.0,3489.0,10365.0,0.0012523045883048
20251104,UR2601,1630.0,140396.0,272271.0,0.044171779141104
20251104,UR2602,1636.0,7278.0,18547.0,0.4400977995110011
20251104,UR2603,1696.0,6641.0,8530.0,0.099056603773584
20251104,UR2604,1710.0,15.0,408.0,0.0
20251104,UR2605,1710.0,10826.0,40074.0,0.0280701754385956
20251104,UR2606,1714.0,77.0,690.0,0.2520420070011671
20251104,UR2607,1750.0,21.0,230.0,-0.048
20251104,UR2608,1743.0,10.0,181.0,-0.0206540447504299
20251104,UR2609,1740.0,95.0,938.0,0.0275862068965508
20251104,UR2610,1744.0,22.0,38.0,0.0
20251105,UR2511,1603.0,466.0,4686.0,0.1122894572676225
20251105,UR2512,1618.0,3044.0,9570.0,0.00124998263913
20251105,UR2601,1633.0,155467.0,272255.0,0.0587875076546247
20251105,UR2602,1641.0,9387.0,18924.0,0.4168190127970748
20251105,UR2603,1698.0,6509.0,12529.0,0.0636042402826859
20251105,UR2604,1707.0,12.0,413.0,0.0562390158172227
20251105,UR2605,1715.0,10958.0,40980.0,0.0139941690962093
20251105,UR2606,1717.0,125.0,666.0,0.1607454863133375
20251105,UR2607,1740.0,33.0,232.0,-0.0068965517241377
20251105,UR2608,1739.0,16.0,181.0,0.0
20251105,UR2609,1739.0,208.0,946.0,0.0138010350776314
20251105,UR2610,1741.0,40.0,42.0,0.0
20251106,UR2511,1614.0,220.0,4635.0,0.1115241635687729
20251106,UR2512,1629.0,2490.0,9188.0,0.0012415419951579
20251106,UR2601,1644.0,148885.0,275142.0,0.0656934306569345
20251106,UR2602,1653.0,12697.0,19761.0,0.4210526315789487
20251106,UR2603,1711.0,8676.0,18848.0,0.042080654587961
20251106,UR2604,1717.0,60.0,444.0,0.0698893418753634
20251106,UR2605,1727.0,13514.0,42778.0,0.0069484655471914
20251106,UR2606,1728.0,135.0,653.0,0.1527777777777768
20251106,UR2607,1750.0,30.0,242.0,-0.0137142857142853
20251106,UR2608,1748.0,30.0,202.0,0.0137299771167054
20251106,UR2609,1750.0,170.0,997.0,0.0
20251106,UR2610,1750.0,18.0,44.0,0.0
20251107,UR2511,1640.0,516.0,4664.0,0.0878048780487805
20251107,UR2512,1652.0,5076.0,9633.0,0.0012242566041842
20251107,UR2601,1667.0,321705.0,268588.0,0.0215956808638262
20251107,UR2602,1670.0,17224.0,20579.0,0.3664670658682638
20251107,UR2603,1721.0,9074.0,23152.0,0.0557815223707152
20251107,UR2604,1729.0,118.0,420.0,0.0347021399652991
20251107,UR2605,1734.0,33922.0,45103.0,0.0069204152249131
20251107,UR2606,1735.0,330.0,661.0,0.159077809798271
20251107,UR2607,1758.0,165.0,275.0,-0.0341296928327641
20251107,UR2608,1753.0,78.0,243.0,0.0
20251107,UR2609,1753.0,451.0,1085.0,0.0068454078722188
20251107,UR2610,1754.0,38.0,54.0,0.0
20251110,UR2511,1628.0,124.0,4585.0,0.1253071253071258
20251110,UR2512,1645.0,2246.0,9094.0,0.0012294662067552
20251110,UR2601,1660.0,174463.0,257574.0,0.0578313253012039
20251110,UR2602,1668.0,11501.0,20054.0,0.3453237410071947
20251110,UR2603,1716.0,8033.0,26168.0,0.0489510489510482
20251110,UR2604,1723.0,37.0,429.0,0.0626813697040038
20251110,UR2605,1732.0,15144.0,45598.0,0.0
20251110,UR2606,1732.0,69.0,654.0,0.1524249422632806
20251110,UR2607,1754.0,11.0,273.0,-0.0273660205245156
20251110,UR2608,1750.0,15.0,242.0,0.0342857142857147
20251110,UR2609,1755.0,238.0,1171.0,-0.0615384615384613
20251110,UR2610,1746.0,9.0,56.0,0.0
20251111,UR2511,1612.0,237.0,4359.0,0.1042183622828787
20251111,UR2512,1626.0,3093.0,8966.0,0.0011609104855093
20251111,UR2601,1640.0,142319.0,254022.0,0.0585365853658537
20251111,UR2602,1648.0,9565.0,20394.0,0.400485436893204
20251111,UR2603,1703.0,6511.0,28244.0,0.0634174985320017
20251111,UR2604,1712.0,87.0,467.0,0.0350467289719613
20251111,UR2605,1717.0,13320.0,46797.0,0.0
20251111,UR2606,1717.0,74.0,689.0,0.1817122888759454
20251111,UR2607,1743.0,11.0,270.0,-0.0413080895008599
20251111,UR2608,1737.0,21.0,242.0,0.0069084628670124
20251111,UR2609,1738.0,211.0,1223.0,0.0138089758342916
20251111,UR2610,1740.0,3.0,56.0,0.0
20251112,UR2511,1637.0,47.0,4319.0,0.0219914477703104
20251112,UR2512,1640.0,11390.0,10768.0,0.0012332145793367
20251112,UR2601,1655.0,231417.0,256120.0,0.0217522658610267
20251112,UR2602,1658.0,10801.0,19845.0,0.4125452352231598
20251112,UR2603,1715.0,10081.0,30957.0,0.0489795918367352
20251112,UR2604,1722.0,86.0,451.0,0.0418118466898951
20251112,UR2605,1728.0,24860.0,48323.0,0.0138888888888892
20251112,UR2606,1730.0,131.0,692.0,0.1734104046242777
20251112,UR2607,1755.0,7.0,270.0,-0.0683760683760685
20251112,UR2608,1745.0,26.0,260.0,0.0206303724928371
20251112,UR2609,1748.0,326.0,1338.0,0.0274599542334108
20251112,UR2610,1752.0,9.0,57.0,0.0
20251113,UR2511,1631.0,305.0,4014.0,0.0956468424279579
20251113,UR2512,1644.0,3358.0,9027.0,0.0011481997867628
20251113,UR2601,1658.0,145137.0,250538.0,0.0217129071170081
20251113,UR2602,1661.0,8397.0,19914.0,0.4334738109572544
20251113,UR2603,1721.0,10076.0,33260.0,0.0418361417780364
20251113,UR2604,1727.0,24.0,441.0,0.0277938621887656
20251113,UR2605,1731.0,13328.0,49920.0,0.0207972270363949
20251113,UR2606,1734.0,50.0,694.0,0.0
20251113,UR2607,0.0,0.0,270.0,0.0
20251113,UR2608,1749.0,5.0,260.0,0.0343053173241845
20251113,UR2609,1754.0,177.0,1348.0,0.0
20251113,UR2610,1754.0,4.0,58.0,0.0
20251114,UR2511,1627.0,115.0,0.0,0.0958819913952053
20251114,UR2512,1640.0,1802.0,8229.0,0.0009865716634694
20251114,UR2601,1652.0,115535.0,249754.0,0.0435835351089579
20251114,UR2602,1658.0,6669.0,18947.0,0.4125452352231598
20251114,UR2603,1715.0,8301.0,35393.0,0.0419825072886306
20251114,UR2604,1721.0,15.0,437.0,0.0418361417780364
20251114,UR2605,1727.0,10505.0,50081.0,0.0069484655471914
20251114,UR2606,1728.0,12.0,700.0,0.1527777777777768
20251114,UR2607,1750.0,5.0,272.0,-0.0137142857142853
20251114,UR2608,1748.0,18.0,251.0,0.0
20251114,UR2609,1748.0,179.0,1370.0,-0.0137299771167054
20251114,UR2610,1746.0,42.0,97.0,0.0
20251117,UR2512,1649.0,2071.0,7102.0,0.0010629526917914122
20251117,UR2601,1662.0,192423.0,254749.0,0.03610108303248971
20251117,UR2602,1667.0,8935.0,18703.0,0.4031193761247742
20251117,UR2603,1723.0,10840.0,36406.0,0.05571677307022593
20251117,UR2604,1731.0,104.0,442.0,0.041594454072789944
20251117,UR2605,1737.0,20353.0,54059.0,0.01381692573402482
20251117,UR2606,1739.0,93.0,683.0,0.14491086831512323
20251117,UR2607,1760.0,11.0,277.0,-0.03409090909090873
20251117,UR2608,1755.0,18.0,253.0,0.0
20251117,UR2609,1755.0,262.0,1391.0,-0.013675213675213183
20251117,UR2610,1753.0,117.0,165.0,-0.04791785510553348
20251117,UR2611,1746.0,67.0,44.0,0.0
20251118,UR2512,1648.0,1192.0,6847.0,0.001145412894076586
20251118,UR2601,1662.0,166735.0,250907.0,0.028880866425992302
20251118,UR2602,1666.0,7831.0,18022.0,0.43937575030012077
20251118,UR2603,1727.0,9922.0,36171.0,0.04169079328315117
20251118,UR2604,1733.0,52.0,429.0,0.02077322562031103
20251118,UR2605,1736.0,15518.0,54226.0,0.0
20251118,UR2606,1736.0,128.0,675.0,0.15207373271889502
20251118,UR2607,1758.0,71.0,297.0,-0.047781569965870574
20251118,UR2608,1751.0,50.0,261.0,-0.027412906910337487
20251118,UR2609,1747.0,449.0,1302.0,-0.013737836290783623
20251118,UR2610,1745.0,85.0,197.0,0.05501432664756489
20251118,UR2611,1753.0,75.0,85.0,0.0
20251119,UR2512,1650.0,948.0,6631.0,0.001062308478038807
20251119,UR2601,1663.0,156242.0,249090.0,0.03607937462417343
20251119,UR2602,1668.0,6554.0,17710.0,0.4172661870503598
20251119,UR2603,1726.0,8878.0,37144.0,0.04171494785631413
20251119,UR2604,1732.0,73.0,429.0,0.020785219399536814
20251119,UR2605,1735.0,16139.0,52787.0,0.0
20251119,UR2606,1735.0,128.0,645.0,0.16599423631123944
20251119,UR2607,1759.0,15.0,303.0,-0.08186469584991496
20251119,UR2608,1747.0,27.0,258.0,-0.0206067544361761
20251119,UR2609,1744.0,359.0,1257.0,0.0
20251119,UR2610,1744.0,11.0,199.0,0.06880733944954187
20251119,UR2611,1754.0,8.0,85.0,0.0
20251120,UR2512,1651.0,1124.0,6093.0,0.0011433315865767568
20251120,UR2601,1665.0,209245.0,245423.0,0.036036036036036556
20251120,UR2602,1670.0,9763.0,17560.0,0.39520958083832447
20251120,UR2603,1725.0,8916.0,37476.0,0.04869565217391347
20251120,UR2604,1732.0,77.0,441.0,0.020785219399536814
20251120,UR2605,1735.0,25282.0,54708.0,0.013832853025936842
20251120,UR2606,1737.0,140.0,646.0,0.12435233160621806
20251120,UR2607,1755.0,55.0,335.0,-0.04102564102564088
20251120,UR2608,1749.0,119.0,268.0,-0.06861063464837036
20251120,UR2609,1739.0,505.0,1490.0,-0.027602070155261504
20251120,UR2610,1735.0,38.0,202.0,0.1175792507204605
20251120,UR2611,1752.0,19.0,72.0,0.0
20251121,UR2512,1642.0,408.0,6032.0,0.0009853699927465766
20251121,UR2601,1654.0,144804.0,243246.0,0.03627569528416075
20251121,UR2602,1659.0,9735.0,16734.0,0.426763110307415
20251121,UR2603,1718.0,10015.0,38095.0,0.04190919674039595
20251121,UR2604,1724.0,155.0,438.0,0.027842227378189754
20251121,UR2605,1728.0,15161.0,54490.0,-0.013888888888889284
20251121,UR2606,1726.0,77.0,643.0,0.12514484356894506
20251121,UR2607,1744.0,53.0,333.0,0.006880733944955253
20251121,UR2608,1745.0,27.0,268.0,-0.07564469914040073
20251121,UR2609,1734.0,363.0,1588.0,-0.013840830449827646
20251121,UR2610,1732.0,9.0,198.0,0.1177829099307166
20251121,UR2611,1749.0,6.0,72.0,0.0
20251124,UR2512,1624.0,2618.0,4112.0,0.0011623401782254888
20251124,UR2601,1638.0,186719.0,232315.0,0.0293040293040292
20251124,UR2602,1642.0,9627.0,16967.0,0.46041412911084123
20251124,UR2603,1705.0,8739.0,38779.0,0.02815249266862274
20251124,UR2604,1709.0,147.0,434.0,0.014043300175542228
20251124,UR2605,1711.0,29481.0,55728.0,0.021040327293980532
20251124,UR2606,1714.0,201.0,673.0,0.1330221703617278
20251124,UR2607,1733.0,24.0,326.0,-0.02077322562031103
20251124,UR2608,1730.0,17.0,268.0,-0.05549132947976876
20251124,UR2609,1722.0,328.0,1586.0,0.013937282229965042
20251124,UR2610,1724.0,27.0,202.0,0.12529002320185523
20251124,UR2611,1742.0,8.0,77.0,0.0
20251125,UR2512,1618.0,635.0,3996.0,0.0009999861113040185
20251125,UR2601,1630.0,97807.0,234315.0,0.029447852760736026
20251125,UR2602,1634.0,7796.0,17451.0,0.44063647490820124
20251125,UR2603,1694.0,7703.0,39881.0,0.042502951593861305
20251125,UR2604,1700.0,103.0,471.0,0.007058823529410674
20251125,UR2605,1701.0,20371.0,57706.0,0.028218694885360662
20251125,UR2606,1705.0,156.0,679.0,0.17595307917888547
20251125,UR2607,1730.0,50.0,312.0,-0.05549132947976876
20251125,UR2608,1722.0,35.0,288.0,-0.04181184668989513
20251125,UR2609,1716.0,225.0,1698.0,0.0
20251125,UR2610,1716.0,32.0,209.0,0.13986013986013912
20251125,UR2611,1736.0,15.0,81.0,0.0
20251126,UR2512,1639.0,612.0,3388.0,0.0012339669982381772
20251126,UR2601,1654.0,208209.0,229335.0,0.029020556227326466
20251126,UR2602,1658.0,12295.0,17535.0,0.4053075995174913
20251126,UR2603,1714.0,8466.0,41126.0,0.035005834305718686
20251126,UR2604,1719.0,214.0,404.0,-0.00698080279232105
20251126,UR2605,1718.0,33667.0,58090.0,0.0069848661233979925
20251126,UR2606,1719.0,161.0,708.0,0.18848167539267102
20251126,UR2607,1746.0,86.0,286.0,-0.020618556701030855
20251126,UR2608,1743.0,39.0,303.0,-0.07573149741824459
20251126,UR2609,1732.0,412.0,1688.0,-0.006928406466512271
20251126,UR2610,1731.0,39.0,211.0,0.1109185441941074
20251126,UR2611,1747.0,17.0,82.0,0.0
20251127,UR2512,1654.0,405.0,3470.0,0.001141257829164584
20251127,UR2601,1668.0,158743.0,230913.0,0.014388489208633004
20251127,UR2602,1670.0,10963.0,17662.0,0.37365269461077766
20251127,UR2603,1722.0,7589.0,41605.0,0.03484320557491394
20251127,UR2604,1727.0,197.0,398.0,0.0
20251127,UR2605,1727.0,24152.0,62880.0,0.03474232773595709
20251127,UR2606,1732.0,145.0,703.0,0.15242494226328063
20251127,UR2607,1754.0,35.0,290.0,-0.07525655644241702
20251127,UR2608,1743.0,15.0,297.0,-0.04819277108433795
20251127,UR2609,1736.0,304.0,1745.0,0.006912442396313168
20251127,UR2610,1737.0,21.0,211.0,0.12435233160621806
20251127,UR2611,1755.0,14.0,86.0,0.0
20251128,UR2512,1661.0,551.0,3345.0,0.0012987979354524579
20251128,UR2601,1677.0,173436.0,223887.0,0.01431127012522282
20251128,UR2602,1679.0,14013.0,18271.0,0.357355568790946
20251128,UR2603,1729.0,9825.0,42889.0,0.0416425679583563
20251128,UR2604,1735.0,368.0,534.0,0.05533141210374737
20251128,UR2605,1743.0,42622.0,69647.0,0.0
20251128,UR2606,1743.0,297.0,640.0,0.12392426850258254
20251128,UR2607,1761.0,61.0,298.0,-0.027257240204429323
20251128,UR2608,1757.0,53.0,292.0,0.0
20251128,UR2609,1757.0,1184.0,2257.0,-0.02048947068867424
20251128,UR2610,1754.0,61.0,207.0,0.07525655644241702
20251128,UR2611,1765.0,38.0,113.0,0.0
20251201,UR2512,1663.0,247.0,3131.0,0.0009729269561574679
20251201,UR2601,1675.0,109007.0,219728.0,0.04298507462686452
20251201,UR2602,1681.0,11181.0,20016.0,0.39976204640095236
20251201,UR2603,1737.0,9881.0,43778.0,0.03454231433505939
20251201,UR2604,1742.0,724.0,503.0,0.013777267508611857
20251201,UR2605,1744.0,28711.0,72633.0,0.0
20251201,UR2606,1744.0,124.0,646.0,0.16513761467889942
20251201,UR2607,1768.0,29.0,292.0,-0.020361990950226172
20251201,UR2608,1765.0,64.0,272.0,-0.013597733711048665
20251201,UR2609,1763.0,1110.0,2905.0,-0.006806579693703796
20251201,UR2610,1762.0,29.0,214.0,0.08853575482406306
20251201,UR2611,1775.0,20.0,129.0,0.0
20251202,UR2512,1674.0,216.0,3221.0,0.0010470782489630022
20251202,UR2601,1687.0,86067.0,219302.0,0.042679312388855806
20251202,UR2602,1693.0,8194.0,20832.0,0.3685764914353218
20251202,UR2603,1745.0,5684.0,44064.0,0.020630372492837168
20251202,UR2604,1748.0,203.0,452.0,0.027459954233410855
20251202,UR2605,1752.0,16601.0,74554.0,-0.0068493150684934
20251202,UR2606,1751.0,69.0,642.0,0.14391776127926814
20251202,UR2607,1772.0,25.0,295.0,-0.04063205417607163
20251202,UR2608,1766.0,50.0,263.0,0.013590033975083848
20251202,UR2609,1768.0,664.0,3302.0,-0.020361990950226172
20251202,UR2610,1765.0,13.0,217.0,0.10198300283286166
20251202,UR2611,1780.0,16.0,142.0,0.0
20251203,UR2512,1679.0,109.0,3144.0,0.0010439600886027643
20251203,UR2601,1692.0,120620.0,209553.0,0.014184397163121254
20251203,UR2602,1694.0,12692.0,21844.0,0.3116883116883118
20251203,UR2603,1738.0,7512.0,43622.0,0.027617951668583274
20251203,UR2604,1742.0,85.0,461.0,0.041331802525832906
20251203,UR2605,1748.0,29285.0,74977.0,0.006864988558352714
20251203,UR2606,1749.0,84.0,644.0,0.14408233276157922
20251203,UR2607,1770.0,21.0,301.0,-0.013559322033897647
20251203,UR2608,1768.0,13.0,262.0,0.0
20251203,UR2609,1768.0,997.0,3670.0,-0.020361990950226172
20251203,UR2610,1765.0,20.0,224.0,0.10198300283286166
20251203,UR2611,1780.0,10.0,150.0,0.0
20251204,UR2512,1674.0,544.0,3255.0,0.0011276227296524363
20251204,UR2601,1688.0,155992.0,209271.0,0.014218009478673466
20251204,UR2602,1690.0,15057.0,23866.0,0.3337278106508874
20251204,UR2603,1737.0,12047.0,42712.0,0.0414507772020718
20251204,UR2604,1743.0,228.0,529.0,0.013769363166953319
20251204,UR2605,1745.0,28015.0,79154.0,-0.0068767908309452785
20251204,UR2606,1744.0,139.0,626.0,0.15137614678899158
20251204,UR2607,1766.0,11.0,307.0,-0.01359003397508518
20251204,UR2608,1764.0,23.0,258.0,-0.00680272108843516
20251204,UR2609,1763.0,941.0,3986.0,-0.027226318774815184
20251204,UR2610,1759.0,10.0,225.0,0.1091529277998875
20251204,UR2611,1775.0,10.0,154.0,0.0
20251205,UR2512,1658.0,85.0,3199.0,0.0012198262425285765
20251205,UR2601,1673.0,110200.0,200353.0,0.014345487148834657
20251205,UR2602,1675.0,11503.0,24075.0,0.37253731343283647
20251205,UR2603,1727.0,9127.0,41484.0,0.027793862188765672
20251205,UR2604,1731.0,129.0,513.0,0.0346620450606574
20251205,UR2605,1736.0,21893.0,80777.0,0.0
20251205,UR2606,1736.0,128.0,624.0,0.20737327188940036
20251205,UR2607,1766.0,18.0,295.0,-0.0747451868629665
20251205,UR2608,1755.0,8.0,258.0,-0.02051282051282044
20251205,UR2609,1752.0,841.0,4359.0,0.020547945205478868
20251205,UR2610,1755.0,9.0,225.0,0.08205128205128176
20251205,UR2611,1767.0,1.0,155.0,0.0
20251208,UR2512,1634.0,299.0,3236.0,0.0009901943256363952
20251208,UR2601,1646.0,216711.0,167074.0,0.03645200486026745
20251208,UR2602,1651.0,20352.0,24295.0,0.3488794669897022
20251208,UR2603,1699.0,15005.0,39835.0,0.04237786933490284
20251208,UR2604,1705.0,646.0,838.0,0.035190615835777095
20251208,UR2605,1710.0,58515.0,85105.0,0.03508771929824661
20251208,UR2606,1715.0,220.0,615.0,0.17492711370262448
20251208,UR2607,1740.0,114.0,260.0,-0.06206896551724084
20251208,UR2608,1731.0,88.0,248.0,-0.04852686308492249
20251208,UR2609,1724.0,1624.0,4870.0,0.0
20251208,UR2610,1724.0,54.0,235.0,0.1461716937354982
20251208,UR2611,1745.0,27.0,155.0,0.0
20251209,UR2512,1638.0,1201.0,2956.0,0.00041157344528130893
20251209,UR2601,1643.0,140314.0,150646.0,0.036518563603165966
20251209,UR2602,1648.0,14037.0,25328.0,0.3932038834951461
20251209,UR2603,1702.0,10990.0,39307.0,0.035252643948295415
20251209,UR2604,1707.0,312.0,770.0,0.028119507908611396
20251209,UR2605,1711.0,53128.0,91427.0,0.028053769725306488
20251209,UR2606,1715.0,153.0,660.0,0.16093294460641516
20251209,UR2607,1738.0,22.0,261.0,-0.05523590333716921
20251209,UR2608,1730.0,19.0,255.0,-0.062427745664740186
20251209,UR2609,1721.0,1222.0,5020.0,-0.020918070889018203
20251209,UR2610,1718.0,33.0,244.0,0.1746216530849818
20251209,UR2611,1743.0,17.0,143.0,0.0
20251210,UR2512,1641.0,430.0,2764.0,0.0003286568206560926
20251210,UR2601,1645.0,98551.0,142791.0,0.051063829787232784
20251210,UR2602,1652.0,12724.0,25472.0,0.3777239709443112
20251210,UR2603,1704.0,11013.0,39612.0,0.028169014084506117
20251210,UR2604,1708.0,221.0,690.0,0.035128805620609604
20251210,UR2605,1713.0,39354.0,97279.0,0.021015761821367107
20251210,UR2606,1716.0,59.0,651.0,0.18181818181818166
20251210,UR2607,1742.0,31.0,260.0,-0.07577497129735988
20251210,UR2608,1731.0,20.0,262.0,-0.06932409012131746
20251210,UR2609,1721.0,1206.0,5041.0,0.020918070889018203
20251210,UR2610,1724.0,32.0,244.0,0.17401392111368796
20251210,UR2611,1749.0,10.0,143.0,0.0
20251211,UR2512,1635.0,481.0,2587.0,0.000247397175548905
20251211,UR2601,1638.0,132576.0,129078.0,0.0512820512820511
20251211,UR2602,1645.0,13021.0,24643.0,0.3647416413373854
20251211,UR2603,1695.0,10450.0,39906.0,0.03539823008849474
20251211,UR2604,1700.0,134.0,693.0,0.021176470588234686
20251211,UR2605,1703.0,56910.0,107014.0,0.028185554903111587
20251211,UR2606,1707.0,125.0,675.0,0.18277680140597408
20251211,UR2607,1733.0,43.0,287.0,-0.04847085978072707
20251211,UR2608,1726.0,20.0,269.0,-0.06952491309385822
20251211,UR2609,1716.0,1697.0,5084.0,0.0
20251211,UR2610,1716.0,70.0,271.0,0.18881118881119008
20251211,UR2611,1743.0,30.0,143.0,0.0
20251212,UR2512,1616.0,851.0,0.0,0.0007509177884080475
20251212,UR2601,1625.0,100051.0,118758.0,0.07384615384615412
20251212,UR2602,1635.0,14876.0,23775.0,0.30091743119265946
20251212,UR2603,1676.0,11330.0,39956.0,0.042959427207636125
20251212,UR2604,1682.0,135.0,691.0,0.007134363852556724
20251212,UR2605,1683.0,64948.0,120715.0,0.04278074866310266
20251212,UR2606,1689.0,174.0,747.0,0.18472468916518725
20251212,UR2607,1715.0,16.0,288.0,-0.0629737609329446
20251212,UR2608,1706.0,14.0,266.0,-0.05627198124267352
20251212,UR2609,1698.0,1884.0,5519.0,0.021201413427561988
20251212,UR2610,1701.0,39.0,283.0,0.18342151675484963
20251212,UR2611,1727.0,48.0,144.0,0.0
20251215,UR2601,1629.0,128649.0,97760.0,0.05893186003683226
20251215,UR2602,1637.0,21562.0,25363.0,0.27855833842394695
20251215,UR2603,1675.0,15929.0,39390.0,0.02149253731343226
20251215,UR2604,1678.0,228.0,584.0,0.02145411203813996
20251215,UR2605,1681.0,86214.0,138469.0,0.04283164782867299
20251215,UR2606,1687.0,171.0,805.0,0.14937759336099532
20251215,UR2607,1708.0,97.0,333.0,-0.0562060889929743
20251215,UR2608,1700.0,39.0,279.0,-0.09176470588235341
20251215,UR2609,1687.0,1485.0,6188.0,0.007113218731475968
20251215,UR2610,1688.0,49.0,300.0,0.213270142180094
20251215,UR2611,1718.0,41.0,125.0,0.0279394644935973
20251215,UR2612,1722.0,5.0,4.0,0.0
20251216,UR2601,1630.0,100541.0,81993.0,0.04417177914110404
20251216,UR2602,1636.0,14527.0,26107.0,0.24938875305623487
20251216,UR2603,1670.0,12585.0,39591.0,0.021556886227544148
20251216,UR2604,1673.0,78.0,585.0,0.0
20251216,UR2605,1673.0,85395.0,153993.0,0.04303646144650397
20251216,UR2606,1679.0,309.0,817.0,0.19297200714711238
20251216,UR2607,1706.0,67.0,376.0,-0.07737397420867476
20251216,UR2608,1695.0,21.0,293.0,-0.09911504424778794
20251216,UR2609,1681.0,1783.0,6927.0,0.0071386079714450545
20251216,UR2610,1682.0,43.0,301.0,0.1997621878715803
20251216,UR2611,1710.0,30.0,121.0,-0.1263157894736846
20251216,UR2612,1692.0,6.0,4.0,0.0
20251217,UR2601,1646.0,76259.0,64839.0,-0.029161603888213428
20251217,UR2602,1642.0,14008.0,26329.0,0.23386114494518928
20251217,UR2603,1674.0,12717.0,40379.0,0.03584229390680882
20251217,UR2604,1679.0,148.0,589.0,0.028588445503276105
20251217,UR2605,1683.0,98001.0,164528.0,0.014260249554366666
20251217,UR2606,1685.0,188.0,803.0,0.199406528189912
20251217,UR2607,1713.0,53.0,423.0,-0.09106830122591969
20251217,UR2608,1700.0,31.0,308.0,-0.09176470588235341
20251217,UR2609,1687.0,1444.0,7411.0,-0.007113218731475968
20251217,UR2610,1686.0,34.0,296.0,0.2135231316725985
20251217,UR2611,1716.0,32.0,119.0,-0.013986013986014179
20251217,UR2612,1714.0,11.0,11.0,0.0
20251218,UR2601,1657.0,62936.0,44934.0,-0.014484007242003827
20251218,UR2602,1655.0,16826.0,26305.0,0.2900302114803628
20251218,UR2603,1695.0,19216.0,42364.0,0.04247787610619369
20251218,UR2604,1701.0,745.0,1071.0,0.049382716049383824
20251218,UR2605,1708.0,212160.0,162527.0,-0.0070257611241211215
20251218,UR2606,1707.0,675.0,827.0,0.16168717047451686
20251218,UR2607,1730.0,378.0,638.0,-0.11791907514450894
20251218,UR2608,1713.0,103.0,348.0,-0.09106830122591969
20251218,UR2609,1700.0,5223.0,9015.0,-0.0352941176470587
20251218,UR2610,1695.0,128.0,305.0,0.16283185840707848
20251218,UR2611,1718.0,78.0,159.0,0.0069848661233979925
20251218,UR2612,1719.0,14.0,15.0,0.0
20251219,UR2601,1652.0,19417.0,38647.0,0.0
20251219,UR2602,1652.0,7311.0,26227.0,0.2615012106537531
20251219,UR2603,1688.0,9841.0,41697.0,0.014218009478673466
20251219,UR2604,1690.0,305.0,977.0,0.04970414201183537
20251219,UR2605,1697.0,104085.0,163856.0,0.0
20251219,UR2606,1697.0,112.0,818.0,0.15556865055981106
20251219,UR2607,1719.0,120.0,664.0,-0.18150087260034864
20251219,UR2608,1693.0,68.0,357.0,-0.10632014176018867
20251219,UR2609,1678.0,3134.0,10369.0,0.007151370679380875
20251219,UR2610,1679.0,60.0,339.0,0.1286480047647398
20251219,UR2611,1697.0,21.0,143.0,0.0
20251219,UR2612,1697.0,1.0,16.0,0.0
20251222,UR2601,1649.0,17138.0,31737.0,0.02183141297756208
20251222,UR2602,1652.0,5811.0,25970.0,0.2615012106537531
20251222,UR2603,1688.0,10500.0,42049.0,0.049763033175354465
20251222,UR2604,1695.0,170.0,962.0,0.021238938053096845
20251222,UR2605,1698.0,95294.0,169174.0,-0.007067137809187329
20251222,UR2606,1697.0,101.0,846.0,0.14849734826163807
20251222,UR2607,1718.0,109.0,692.0,-0.1396973224679865
20251222,UR2608,1698.0,43.0,384.0,-0.11307420494699594
20251222,UR2609,1682.0,2198.0,11017.0,-0.007134363852556724
20251222,UR2610,1681.0,49.0,347.0,0.1499107674003568
20251222,UR2611,1702.0,8.0,140.0,-0.007050528789659616
20251222,UR2612,1701.0,12.0,19.0,0.0
20251223,UR2601,1659.0,17156.0,25152.0,0.04339963833634819
20251223,UR2602,1665.0,8781.0,25720.0,0.29549549549549603
20251223,UR2603,1706.0,16443.0,43630.0,0.05627198124267352
20251223,UR2604,1714.0,209.0,1026.0,0.04900816802800456
20251223,UR2605,1721.0,178146.0,179049.0,-0.013945380592678802
20251223,UR2606,1719.0,137.0,853.0,0.16055846422338682
20251223,UR2607,1742.0,107.0,713.0,-0.14466130884041384
20251223,UR2608,1721.0,9.0,381.0,-0.11156304474142908
20251223,UR2609,1705.0,3514.0,11235.0,0.0
20251223,UR2610,1705.0,100.0,361.0,0.126686217008797
20251223,UR2611,1723.0,42.0,173.0,0.020893789901333726
20251223,UR2612,1726.0,12.0,28.0,0.0
20251224,UR2601,1667.0,14553.0,19421.0,-0.007198560287942968
20251224,UR2602,1666.0,7292.0,24642.0,0.3961584633853539
20251224,UR2603,1721.0,14386.0,43642.0,0.041836141778036406
20251224,UR2604,1727.0,324.0,1097.0,0.05558772437753401
20251224,UR2605,1735.0,166721.0,187367.0,-0.034582132564842105
20251224,UR2606,1730.0,112.0,837.0,0.11791907514450894
20251224,UR2607,1747.0,95.0,765.0,-0.11677160847166546
20251224,UR2608,1730.0,23.0,385.0,-0.12485549132948037
20251224,UR2609,1712.0,3031.0,11791.0,0.007009345794392274
20251224,UR2610,1713.0,49.0,359.0,0.11908931698774072
20251224,UR2611,1730.0,40.0,201.0,0.0
20251224,UR2612,1730.0,11.0,34.0,0.0
20251225,UR2601,1675.0,6581.0,15662.0,-0.02149253731343226
20251225,UR2602,1672.0,7132.0,23326.0,0.41626794258373323
20251225,UR2603,1730.0,17318.0,44076.0,0.034682080924854475
20251225,UR2604,1735.0,425.0,869.0,0.034582132564842105
20251225,UR2605,1740.0,107781.0,196387.0,-0.027586206896552223
20251225,UR2606,1736.0,172.0,823.0,0.11059907834101335
20251225,UR2607,1752.0,131.0,822.0,-0.19178082191780854
20251225,UR2608,1724.0,75.0,424.0,-0.13225058004640333
20251225,UR2609,1705.0,3659.0,13068.0,0.0
20251225,UR2610,1705.0,62.0,371.0,0.11964809384164266
20251225,UR2611,1722.0,16.0,202.0,0.013937282229965042
20251225,UR2612,1724.0,11.0,43.0,0.0
20251226,UR2601,1667.0,5112.0,11987.0,0.007198560287942968
20251226,UR2602,1668.0,8479.0,21038.0,0.4028776978417268
20251226,UR2603,1724.0,15194.0,42971.0,0.020881670533642982
20251226,UR2604,1727.0,111.0,891.0,0.05558772437753401
20251226,UR2605,1735.0,103225.0,193654.0,-0.06224783861671446
20251226,UR2606,1726.0,103.0,832.0,0.13209733487833208
20251226,UR2607,1745.0,78.0,829.0,-0.17191977077363862
20251226,UR2608,1720.0,60.0,438.0,-0.13255813953488316
20251226,UR2609,1701.0,3233.0,13547.0,-0.03527336860670216
20251226,UR2610,1696.0,90.0,399.0,0.14150943396226445
20251226,UR2611,1716.0,25.0,189.0,0.006993006993005757
20251226,UR2612,1717.0,22.0,45.0,0.0
20251229,UR2601,1667.0,3758.0,9589.0,0.014397120575885936
20251229,UR2602,1669.0,8467.0,18727.0,0.38106650689035426
20251229,UR2603,1722.0,17795.0,42146.0,0.04181184668989513
20251229,UR2604,1728.0,352.0,1003.0,0.04861111111110983
20251229,UR2605,1735.0,114679.0,194803.0,-0.06224783861671446
20251229,UR2606,1726.0,61.0,830.0,0.1181923522595607
20251229,UR2607,1743.0,44.0,833.0,-0.15834767641996583
20251229,UR2608,1720.0,10.0,444.0,-0.13255813953488316
20251229,UR2609,1701.0,4026.0,13680.0,-0.02116402116402183
20251229,UR2610,1698.0,83.0,451.0,0.14840989399293392
20251229,UR2611,1719.0,16.0,181.0,0.0
20251229,UR2612,1719.0,19.0,35.0,0.0
20251230,UR2601,1663.0,4728.0,7361.0,0.06494287432351165
20251230,UR2602,1672.0,9609.0,17000.0,0.4019138755980869
20251230,UR2603,1728.0,22302.0,41828.0,0.04166666666666785
20251230,UR2604,1734.0,888.0,1458.0,0.062283737024221075
20251230,UR2605,1743.0,172512.0,204038.0,-0.08261617900172125
20251230,UR2606,1731.0,84.0,842.0,0.15251299826689735
20251230,UR2607,1753.0,67.0,849.0,-0.16428978893325707
20251230,UR2608,1729.0,63.0,434.0,-0.1665702718334292
20251230,UR2609,1705.0,4026.0,13671.0,-0.007038123167155685
20251230,UR2610,1704.0,95.0,491.0,0.1830985915492951
20251230,UR2611,1730.0,34.0,196.0,0.0
20251230,UR2612,1730.0,39.0,66.0,0.0
20251231,UR2601,1661.0,3315.0,5070.0,0.0650210716435895
20251231,UR2602,1670.0,6946.0,14727.0,0.4526946107784431
20251231,UR2603,1733.0,14301.0,41929.0,0.05539526832083208
20251231,UR2604,1741.0,211.0,1482.0,0.05514072372199852
20251231,UR2605,1749.0,87986.0,201822.0,-0.10291595197255621
20251231,UR2606,1734.0,40.0,837.0,0.09688581314878952
20251231,UR2607,1748.0,33.0,849.0,-0.14416475972540033
20251231,UR2608,1727.0,3.0,434.0,-0.08338158656629968
20251231,UR2609,1715.0,3122.0,14204.0,-0.0069970845481046595
20251231,UR2610,1714.0,68.0,524.0,0.09801633605600912
20251231,UR2611,1728.0,6.0,197.0,0.03472222222222321
20251231,UR2612,1733.0,16.0,70.0,0.0
20260105,UR2601,1682.0,1492.0,4500.0,0.04280618311533768
20260105,UR2602,1688.0,4843.0,14262.0,0.44075829383886145
20260105,UR2603,1750.0,20695.0,46678.0,0.08228571428571474
20260105,UR2604,1762.0,7956.0,7902.0,0.04086265607264572
20260105,UR2605,1768.0,180967.0,218596.0,-0.08144796380090469
20260105,UR2606,1756.0,2937.0,3072.0,0.09567198177676595
20260105,UR2607,1770.0,487.0,826.0,-0.19661016949152588
20260105,UR2608,1741.0,158.0,404.0,-0.07581849511774896
20260105,UR2609,1730.0,7746.0,15636.0,-0.03468208092485581
20260105,UR2610,1725.0,76.0,502.0,0.13913043478260878
20260105,UR2611,1745.0,13.0,198.0,0.006876790830946611
20260105,UR2612,1746.0,10.0,70.0,0.0
20260106,UR2601,1694.0,283.0,4474.0,0.02125147579692932
20260106,UR2602,1697.0,3662.0,14691.0,0.4808485562757818
20260106,UR2603,1765.0,19159.0,51085.0,0.04759206798866966
20260106,UR2604,1772.0,7954.0,12568.0,0.04063205417607296
20260106,UR2605,1778.0,164107.0,230560.0,-0.07424071991001169
20260106,UR2606,1767.0,3512.0,5959.0,0.0679117147707986
20260106,UR2607,1777.0,168.0,865.0,-0.11480022509848054
20260106,UR2608,1760.0,89.0,399.0,-0.10227272727272751
20260106,UR2609,1745.0,6533.0,16427.0,-0.027507163323782446
20260106,UR2610,1741.0,235.0,664.0,0.12406662837449733
20260106,UR2611,1759.0,213.0,371.0,0.0
20260106,UR2612,1759.0,19.0,72.0,0.0
20260107,UR2601,1698.0,181.0,4348.0,0.014134275618374659
20260107,UR2602,1700.0,2867.0,14850.0,0.5152941176470591
20260107,UR2603,1773.0,18419.0,56122.0,0.060913705583755196
20260107,UR2604,1782.0,7305.0,16410.0,0.05387205387205363
20260107,UR2605,1790.0,152011.0,232995.0,-0.08044692737430159
20260107,UR2606,1778.0,4025.0,9566.0,0.10798650168728852
20260107,UR2607,1794.0,126.0,878.0,-0.08026755852842804
20260107,UR2608,1782.0,109.0,368.0,-0.08754208754208781
20260107,UR2609,1769.0,7066.0,17425.0,-0.04748445449406491
20260107,UR2610,1762.0,56.0,656.0,0.1225879682179345
20260107,UR2611,1780.0,59.0,391.0,-0.020224719101123778
20260107,UR2612,1777.0,40.0,87.0,0.0
20260108,UR2601,1685.0,237.0,4296.0,0.028486646884272382
20260108,UR2602,1689.0,2597.0,14091.0,0.47602131438721074
20260108,UR2603,1756.0,25560.0,60332.0,0.07517084282460029
20260108,UR2604,1767.0,9417.0,20067.0,0.06112054329371741
20260108,UR2605,1776.0,130189.0,232651.0,-0.07432432432432456
20260108,UR2606,1765.0,3648.0,11871.0,0.10198300283286166
20260108,UR2607,1780.0,141.0,942.0,-0.06741573033707882
20260108,UR2608,1770.0,36.0,352.0,-0.09491525423728753
20260108,UR2609,1756.0,4090.0,17999.0,-0.013667425968109992
20260108,UR2610,1754.0,29.0,653.0,0.10946408209806258
20260108,UR2611,1770.0,19.0,398.0,-0.033898305084746116
20260108,UR2612,1765.0,13.0,87.0,0.0
20260109,UR2601,1690.0,11.0,4297.0,0.04970414201183537
20260109,UR2602,1697.0,2105.0,14127.0,0.43842074248674123
20260109,UR2603,1759.0,16684.0,60615.0,0.07504263786242316
20260109,UR2604,1770.0,5270.0,20322.0,0.047457627118643764
20260109,UR2605,1777.0,107441.0,232407.0,-0.06752954417557655
20260109,UR2606,1767.0,3196.0,13706.0,0.09507640067911804
20260109,UR2607,1781.0,26.0,960.0,-0.0875912408759123
20260109,UR2608,1768.0,4.0,352.0,-0.0950226244343888
20260109,UR2609,1754.0,3483.0,18549.0,-0.027366020524515644
20260109,UR2610,1750.0,45.0,630.0,0.11657142857142944
20260109,UR2611,1767.0,14.0,402.0,-0.02037351443123958
20260109,UR2612,1764.0,5.0,86.0,0.0
20260112,UR2601,1692.0,202.0,4304.0,0.0851063829787222
20260112,UR2602,1704.0,2879.0,13918.0,0.42957746478873293
20260112,UR2603,1765.0,17799.0,60451.0,0.067988668555242
20260112,UR2604,1775.0,7642.0,22364.0,0.05408450704225398
20260112,UR2605,1783.0,115726.0,236875.0,-0.0807627593942799
20260112,UR2606,1771.0,3575.0,14703.0,0.09486166007905084
20260112,UR2607,1785.0,126.0,938.0,-0.08067226890756274
20260112,UR2608,1773.0,17.0,343.0,-0.06768189509306222
20260112,UR2609,1763.0,3068.0,18887.0,-0.047646057855927904
20260112,UR2610,1756.0,67.0,675.0,0.1298405466970376
20260112,UR2611,1775.0,29.0,412.0,-0.020281690140845576
20260112,UR2612,1772.0,11.0,95.0,0.0
20260113,UR2601,1692.0,13.0,4298.0,0.014184397163121254
20260113,UR2602,1694.0,20865.0,12698.0,0.4179456906729637
20260113,UR2603,1753.0,15610.0,60096.0,0.0821448944666292
20260113,UR2604,1765.0,6341.0,23539.0,0.061189801699716995
20260113,UR2605,1774.0,106933.0,230249.0,-0.11499436302142074
20260113,UR2606,1757.0,3351.0,15367.0,0.095617529880478
20260113,UR2607,1771.0,47.0,927.0,-0.06775832862789422
20260113,UR2608,1761.0,16.0,334.0,-0.08177172061328797
20260113,UR2609,1749.0,3407.0,19398.0,-0.013722126929674339
20260113,UR2610,1747.0,60.0,676.0,0.14424728105323403
20260113,UR2611,1768.0,24.0,414.0,0.0
20260113,UR2612,1768.0,21.0,104.0,0.0
20260114,UR2601,1719.0,163.0,4216.0,0.0558464223385684
20260114,UR2602,1727.0,4100.0,10121.0,0.49334105385060667
20260114,UR2603,1798.0,26666.0,60444.0,0.08008898776418327
20260114,UR2604,1810.0,7778.0,24670.0,0.02651933701657505
20260114,UR2605,1814.0,206733.0,253756.0,-0.08599779492833459
20260114,UR2606,1801.0,6515.0,17543.0,0.06662965019433642
20260114,UR2607,1811.0,213.0,1072.0,-0.10601877415792327
20260114,UR2608,1795.0,58.0,352.0,-0.073537604456825
20260114,UR2609,1784.0,5204.0,20250.0,-0.05381165919282527
20260114,UR2610,1776.0,195.0,706.0,0.08108108108108159
20260114,UR2611,1788.0,72.0,437.0,0.0
20260114,UR2612,1788.0,24.0,108.0,0.0
20260115,UR2601,1716.0,428.0,4211.0,0.09790209790209659
20260115,UR2602,1730.0,2316.0,8571.0,0.3815028901734099
20260115,UR2603,1785.0,22061.0,59535.0,0.08067226890756274
20260115,UR2604,1797.0,7822.0,24710.0,0.02671118530884886
20260115,UR2605,1801.0,144515.0,250303.0,-0.09994447529150463
20260115,UR2606,1786.0,6845.0,18699.0,0.09406494960806278
20260115,UR2607,1800.0,153.0,1071.0,-0.1200000000000001
20260115,UR2608,1782.0,25.0,359.0,-0.06734006734006703
20260115,UR2609,1772.0,5575.0,20847.0,-0.04063205417607163
20260115,UR2610,1766.0,71.0,738.0,0.13590033975084914
20260115,UR2611,1786.0,19.0,445.0,-0.03359462486002185
20260115,UR2612,1781.0,40.0,132.0,0.0
20260116,UR2601,1706.0,498.0,0.0,0.08440797186401028
20260116,UR2602,1718.0,1104.0,8216.0,0.4260768335273575
20260116,UR2603,1779.0,22328.0,59973.0,0.06745362563237656
20260116,UR2604,1789.0,6866.0,25074.0,0.013415315818892992
20260116,UR2605,1791.0,156787.0,242992.0,-0.10050251256281406
20260116,UR2606,1776.0,7489.0,19518.0,0.08108108108108159
20260116,UR2607,1788.0,114.0,1009.0,-0.09395973154362425
20260116,UR2608,1774.0,32.0,346.0,-0.07440811724915397
20260116,UR2609,1763.0,6052.0,21405.0,-0.020419739081111388
20260116,UR2610,1760.0,130.0,753.0,0.10909090909090846
20260116,UR2611,1776.0,102.0,409.0,-0.03378378378378377
20260116,UR2612,1771.0,44.0,123.0,0.0
20260119,UR2602,1694.0,1207.0,7361.0,0.43919716646989304
20260119,UR2603,1756.0,17272.0,58741.0,0.07517084282460029
20260119,UR2604,1767.0,7773.0,24922.0,0.03395585738539797
20260119,UR2605,1772.0,115182.0,235887.0,-0.10158013544018107
20260119,UR2606,1757.0,4153.0,19508.0,0.10927717700626172
20260119,UR2607,1773.0,146.0,922.0,-0.08121827411167493
20260119,UR2608,1761.0,144.0,273.0,-0.10221465076660996
20260119,UR2609,1746.0,4160.0,21722.0,-0.013745704467353903
20260119,UR2610,1744.0,34.0,757.0,0.15137614678899158
20260119,UR2611,1766.0,28.0,407.0,-0.01359003397508518
20260119,UR2612,1764.0,10.0,121.0,-0.0011465260261407872
20260119,UR2701,1749.0,85.0,73.0,0.0
20260120,UR2602,1696.0,1977.0,5983.0,0.42452830188679336
20260120,UR2603,1756.0,57717.0,60297.0,0.08200455580865729
20260120,UR2604,1768.0,22063.0,27647.0,0.0475113122171944
20260120,UR2605,1775.0,175891.0,233074.0,-0.07436619718309823
20260120,UR2606,1764.0,3402.0,20178.0,0.08163265306122458
20260120,UR2607,1776.0,313.0,802.0,-0.0945945945945943
20260120,UR2608,1762.0,25.0,276.0,-0.08853575482406306
20260120,UR2609,1749.0,5494.0,22310.0,-0.04802744425385885
20260120,UR2610,1742.0,85.0,765.0,0.1722158438576349
20260120,UR2611,1767.0,25.0,407.0,0.0
20260120,UR2612,1767.0,22.0,125.0,-0.001144579462429175
20260120,UR2701,1752.0,99.0,158.0,0.0
20260121,UR2602,1697.0,1477.0,5353.0,0.4454920447849142
20260121,UR2603,1760.0,16210.0,60429.0,0.08863636363636296
20260121,UR2604,1773.0,7110.0,27121.0,0.0406091370558368
20260121,UR2605,1779.0,92925.0,241385.0,-0.0809443507588532
20260121,UR2606,1767.0,2015.0,20670.0,0.08828522920203685
20260121,UR2607,1780.0,96.0,862.0,-0.09438202247191008
20260121,UR2608,1766.0,35.0,288.0,-0.10872027180068011
20260121,UR2609,1750.0,3171.0,22485.0,-0.02057142857142802
20260121,UR2610,1747.0,59.0,792.0,0.13737836290784156
20260121,UR2611,1767.0,5.0,406.0,-0.01358234295415972
20260121,UR2612,1765.0,12.0,132.0,-0.0011458764363242884
20260121,UR2701,1750.0,38.0,186.0,0.0
20260122,UR2602,1700.0,856.0,4953.0,0.42352941176470704
20260122,UR2603,1760.0,16280.0,59788.0,0.07500000000000107
20260122,UR2604,1771.0,6668.0,27256.0,0.03387916431394711
20260122,UR2605,1776.0,103950.0,242252.0,-0.08108108108108159
20260122,UR2606,1764.0,2205.0,21382.0,0.10204081632653139
20260122,UR2607,1779.0,49.0,849.0,-0.09443507588532851
20260122,UR2608,1765.0,12.0,289.0,-0.09518413597733666
20260122,UR2609,1751.0,5413.0,24774.0,-0.027412906910337487
20260122,UR2610,1747.0,17.0,794.0,0.17172295363480128
20260122,UR2611,1772.0,11.0,411.0,-0.013544018058690543
20260122,UR2612,1770.0,10.0,132.0,-0.000990287564273476
20260122,UR2701,1757.0,34.0,206.0,0.0
20260123,UR2602,1708.0,423.0,4894.0,0.4285714285714297
20260123,UR2603,1769.0,15220.0,59417.0,0.08140192198982366
20260123,UR2604,1781.0,4779.0,27307.0,0.047164514317799444
20260123,UR2605,1788.0,115076.0,246360.0,-0.08724832214765099
20260123,UR2606,1775.0,2369.0,21806.0,0.08788732394366239
20260123,UR2607,1788.0,63.0,849.0,-0.08724832214765099
20260123,UR2608,1775.0,50.0,287.0,-0.08112676056337964
20260123,UR2609,1763.0,5051.0,25636.0,-0.027226318774815184
20260123,UR2610,1759.0,81.0,797.0,0.08868675383740676
20260123,UR2611,1772.0,37.0,423.0,0.033860045146727025
20260123,UR2612,1777.0,34.0,143.0,-0.0009863866003174207
20260123,UR2701,1764.0,79.0,267.0,0.0
20260126,UR2602,1708.0,200.0,4796.0,0.4355971896955495
20260126,UR2603,1770.0,17086.0,57042.0,0.09491525423728753
20260126,UR2604,1784.0,3941.0,27987.0,0.04708520179372311
20260126,UR2605,1791.0,114233.0,246468.0,-0.11390284757118962
20260126,UR2606,1774.0,3617.0,22103.0,0.11499436302141941
20260126,UR2607,1791.0,59.0,829.0,-0.08040201005025072
20260126,UR2608,1779.0,32.0,288.0,-0.06745362563237789
20260126,UR2609,1769.0,4885.0,26659.0,-0.03391746749576008
20260126,UR2610,1764.0,68.0,795.0,0.10884353741496522
20260126,UR2611,1780.0,22.0,431.0,-0.03370786516853874
20260126,UR2612,1775.0,17.0,136.0,-0.0004557683177717957
20260126,UR2701,1769.0,92.0,334.0,0.0
20260127,UR2602,1709.0,234.0,4650.0,0.42832065535400865
20260127,UR2603,1770.0,18204.0,52139.0,0.08135593220338855
20260127,UR2604,1782.0,4506.0,28260.0,0.05387205387205363
20260127,UR2605,1790.0,150789.0,244860.0,-0.10055865921787666
20260127,UR2606,1775.0,4117.0,22397.0,0.08788732394366239
20260127,UR2607,1788.0,171.0,825.0,-0.08053691275167774
20260127,UR2608,1776.0,123.0,238.0,-0.0540540540540535
20260127,UR2609,1768.0,6440.0,27618.0,-0.0475113122171944
20260127,UR2610,1761.0,32.0,790.0,0.10902896081771729
20260127,UR2611,1777.0,20.0,426.0,-0.006752954417557522
20260127,UR2612,1776.0,9.0,134.0,-0.0007591861524445791
20260127,UR2701,1766.0,96.0,388.0,0.0
20260128,UR2602,1713.0,931.0,4198.0,0.46935201401050897
20260128,UR2603,1780.0,31061.0,46728.0,0.08089887640449511
20260128,UR2604,1792.0,10192.0,29569.0,0.046875
20260128,UR2605,1799.0,263802.0,260290.0,-0.10005558643690904
20260128,UR2606,1784.0,5883.0,21898.0,0.08071748878923657
20260128,UR2607,1796.0,283.0,912.0,-0.06013363028953256
20260128,UR2608,1787.0,185.0,220.0,-0.11415780637940731
20260128,UR2609,1770.0,13225.0,30355.0,-0.040677966101694274
20260128,UR2610,1764.0,214.0,779.0,0.11564625850340171
20260128,UR2611,1781.0,101.0,463.0,0.006737787759685254
20260128,UR2612,1782.0,37.0,137.0,-0.0008322929671244314
20260128,UR2701,1771.0,247.0,526.0,0.0
20260129,UR2602,1720.0,185.0,4096.0,0.5441860465116273
20260129,UR2603,1798.0,22396.0,38523.0,0.07341490545050178
20260129,UR2604,1809.0,4546.0,29223.0,0.05306799336650059
20260129,UR2605,1817.0,139633.0,260906.0,-0.10566868464501988
20260129,UR2606,1801.0,4578.0,21090.0,0.08661854525263735
20260129,UR2607,1814.0,72.0,939.0,-0.09922822491730976
20260129,UR2608,1799.0,33.0,231.0,-0.07337409672039996
20260129,UR2609,1788.0,5734.0,30806.0,-0.05369127516778471
20260129,UR2610,1780.0,49.0,811.0,0.07415730337078763
20260129,UR2611,1791.0,15.0,474.0,-0.020100502512563345
20260129,UR2612,1788.0,7.0,137.0,-7.540909433677816e-05
20260129,UR2701,1787.0,95.0,555.0,0.0
20260130,UR2602,1703.0,709.0,4092.0,0.4509688784497934
20260130,UR2603,1767.0,43047.0,21344.0,0.08828522920203685
20260130,UR2604,1780.0,14099.0,26862.0,0.06741573033707748
20260130,UR2605,1790.0,196929.0,246294.0,-0.1273743016759772
20260130,UR2606,1771.0,10961.0,18836.0,0.10841332580462915
20260130,UR2607,1787.0,654.0,849.0,-0.08729714605484018
20260130,UR2608,1774.0,72.0,214.0,-0.060879368658398825
20260130,UR2609,1765.0,11344.0,30419.0,-0.04759206798866833
20260130,UR2610,1758.0,156.0,798.0,0.07508532423208081
20260130,UR2611,1769.0,120.0,502.0,0.013566986998303499
20260130,UR2612,1771.0,55.0,138.0,-0.0009897283956883335
20260130,UR2701,1758.0,268.0,643.0,0.0
20260202,UR2602,1699.0,842.0,3540.0,0.430841671571514
20260202,UR2603,1760.0,13263.0,18836.0,0.08181818181818201
20260202,UR2604,1772.0,11610.0,26596.0,0.10158013544018107
20260202,UR2605,1787.0,161474.0,240285.0,-0.20817011751538894
20260202,UR2606,1756.0,8742.0,23383.0,0.15717539863325758
20260202,UR2607,1779.0,5181.0,5063.0,-0.060708263069140234
20260202,UR2608,1770.0,174.0,219.0,-0.10169491525423702
20260202,UR2609,1755.0,7370.0,29125.0,-0.04102564102564088
20260202,UR2610,1749.0,46.0,775.0,0.15094339622641506
20260202,UR2611,1771.0,17.0,497.0,-0.020327498588368798
20260202,UR2612,1768.0,8.0,136.0,-0.0010676699374650427
20260202,UR2701,1754.0,71.0,659.0,0.0
20260203,UR2602,1684.0,432.0,3188.0,0.4275534441805213
20260203,UR2603,1744.0,7952.0,17501.0,0.08944954128440497
20260203,UR2604,1757.0,10061.0,30113.0,0.08878770631758748
20260203,UR2605,1770.0,143804.0,231998.0,-0.15593220338983027
20260203,UR2606,1747.0,13179.0,31179.0,0.10990269032627431
20260203,UR2607,1763.0,9285.0,14029.0,-0.09529211571185447
20260203,UR2608,1749.0,48.0,242.0,-0.08919382504288187
20260203,UR2609,1736.0,8263.0,28530.0,-0.027649769585254003
20260203,UR2610,1732.0,119.0,853.0,0.1039260969976894
20260203,UR2611,1747.0,82.0,523.0,-0.034344590726961055
20260203,UR2612,1742.0,32.0,128.0,-0.0009288045511422975
20260203,UR2701,1730.0,171.0,793.0,0.0
20260204,UR2602,1697.0,96.0,3112.0,0.4879198585739548
20260204,UR2603,1766.0,7138.0,14837.0,0.061155152887881314
20260204,UR2604,1775.0,10846.0,29966.0,0.08112676056337964
20260204,UR2605,1787.0,130536.0,228271.0,-0.2417459429210962
20260204,UR2606,1751.0,19252.0,37248.0,0.1302113078241014
20260204,UR2607,1770.0,11751.0,24742.0,-0.07457627118644039
20260204,UR2608,1759.0,36.0,239.0,-0.05457646389994375
20260204,UR2609,1751.0,6122.0,28640.0,-0.027412906910337487
20260204,UR2610,1747.0,73.0,853.0,0.1236405266170566
20260204,UR2611,1765.0,24.0,522.0,-0.02039660056657233
20260204,UR2612,1762.0,9.0,124.0,-0.0013008710734737103
20260204,UR2701,1745.0,113.0,815.0,0.0
20260205,UR2602,1700.0,159.0,3202.0,0.395294117647059
20260205,UR2603,1756.0,2701.0,14149.0,0.08883826879271162
20260205,UR2604,1769.0,20627.0,30447.0,0.06105144149236974
20260205,UR2605,1778.0,105472.0,222810.0,-0.23622047244094446
20260205,UR2606,1743.0,26451.0,38006.0,0.11703958691910454
20260205,UR2607,1760.0,7998.0,29792.0,-0.08863636363636429
20260205,UR2608,1747.0,73.0,269.0,-0.034344590726961055
20260205,UR2609,1742.0,5117.0,28500.0,-0.020665901262916453
20260205,UR2610,1739.0,84.0,902.0,0.08970672800460022
20260205,UR2611,1752.0,83.0,546.0,-0.04794520547945247
20260205,UR2612,1745.0,19.0,134.0,-0.00046360387624351686
20260205,UR2701,1739.0,167.0,925.0,0.0
20260206,UR2602,1700.0,30.0,3223.0,0.395294117647059
20260206,UR2603,1756.0,2836.0,13318.0,0.08200455580865729
20260206,UR2604,1768.0,24597.0,30635.0,0.05429864253393646
20260206,UR2605,1776.0,102878.0,221626.0,-0.24324324324324342
20260206,UR2606,1740.0,36776.0,39567.0,0.1448275862068975
20260206,UR2607,1761.0,9424.0,36779.0,-0.09540034071550263
20260206,UR2608,1747.0,66.0,235.0,-0.0618202633085283
20260206,UR2609,1738.0,5248.0,29539.0,-0.034522439585730424
20260206,UR2610,1733.0,131.0,881.0,0.0
20260206,UR2611,0.0,0.0,546.0,0.0
20260206,UR2612,1750.0,4.0,136.0,-0.0013868378812198965
20260206,UR2701,1732.0,118.0,960.0,0.0
20260209,UR2602,1705.0,159.0,3154.0,0.44340175953079086
20260209,UR2603,1768.0,4390.0,12478.0,0.08823529411764675
20260209,UR2604,1781.0,7894.0,31585.0,0.047164514317799444
20260209,UR2605,1788.0,149816.0,225692.0,-0.24832214765100646
20260209,UR2606,1751.0,17917.0,40447.0,0.11650485436893199
20260209,UR2607,1768.0,8231.0,41828.0,-0.07466063348416263
20260209,UR2608,1757.0,49.0,235.0,-0.06146841206602138
20260209,UR2609,1748.0,6320.0,29473.0,-0.04805491990846633
20260209,UR2610,1741.0,37.0,873.0,0.03446295232624941
20260209,UR2611,1746.0,21.0,551.0,-0.0068728522336769515
20260209,UR2612,1745.0,15.0,142.0,-7.726731270725032e-05
20260209,UR2701,1744.0,79.0,980.0,0.0
20260210,UR2602,1705.0,65.0,3124.0,0.4363636363636365
20260210,UR2603,1767.0,3464.0,12211.0,0.0679117147707986
20260210,UR2604,1777.0,8122.0,28811.0,0.054023635340460174
20260210,UR2605,1785.0,101904.0,218805.0,-0.22184873949579886
20260210,UR2606,1752.0,18347.0,38060.0,0.09589041095890494
20260210,UR2607,1766.0,11865.0,48455.0,-0.10192525481313686
20260210,UR2608,1751.0,17.0,238.0,-0.05482581382067364
20260210,UR2609,1743.0,2678.0,29107.0,-0.04819277108433795
20260210,UR2610,1736.0,102.0,834.0,0.06912442396313434
20260210,UR2611,1746.0,38.0,571.0,0.0
20260210,UR2612,1746.0,7.0,146.0,-0.000849453646858949
20260210,UR2701,1735.0,40.0,997.0,0.0
20260211,UR2602,1712.0,177.0,2993.0,0.4556074766355138
20260211,UR2603,1777.0,17807.0,12168.0,0.09454136184580797
20260211,UR2604,1791.0,9956.0,27172.0,0.04020100502512669
20260211,UR2605,1797.0,115177.0,224093.0,-0.21368948247078423
20260211,UR2606,1765.0,17847.0,37939.0,0.061189801699716995
20260211,UR2607,1774.0,10850.0,53452.0,-0.06764374295377706
20260211,UR2608,1764.0,89.0,234.0,-0.05442176870748261
20260211,UR2609,1756.0,4368.0,28822.0,-0.03416856492027298
20260211,UR2610,1751.0,160.0,908.0,0.08909194745859583
20260211,UR2611,1764.0,59.0,602.0,-0.00680272108843516
20260211,UR2612,1763.0,5.0,143.0,-0.0011471763528714412
20260211,UR2701,1748.0,138.0,1058.0,0.0
20260212,UR2602,1750.0,426.0,3161.0,0.5074285714285711
20260212,UR2603,1824.0,4085.0,10211.0,0.07894736842105221
20260212,UR2604,1836.0,13686.0,24677.0,0.045751633986927054
20260212,UR2605,1843.0,342167.0,260406.0,-0.18882257189365204
20260212,UR2606,1814.0,22593.0,36359.0,0.052921719955898006
20260212,UR2607,1822.0,10015.0,54006.0,-0.13172338090011015
20260212,UR2608,1802.0,348.0,328.0,0.006659267480577213
20260212,UR2609,1803.0,14527.0,29986.0,-0.09317803660565716
20260212,UR2610,1789.0,655.0,1099.0,0.026830631637785984
20260212,UR2611,1793.0,250.0,773.0,-0.020078081427774563
20260212,UR2612,1790.0,87.0,163.0,-0.0010545477371163205
20260212,UR2701,1776.0,372.0,1029.0,0.0
20260213,UR2602,1730.0,653.0,0.0,0.5549132947976876
20260213,UR2603,1810.0,4453.0,7262.0,0.07955801104972249
20260213,UR2604,1822.0,9931.0,22377.0,0.07244785949506038
20260213,UR2605,1833.0,173835.0,231409.0,-0.15057283142389588
20260213,UR2606,1810.0,20525.0,35616.0,0.06629834254143763
20260213,UR2607,1820.0,7873.0,54541.0,-0.1516483516483511
20260213,UR2608,1797.0,311.0,416.0,-0.03338898163606041
20260213,UR2609,1792.0,6073.0,29848.0,-0.05357142857142838
20260213,UR2610,1784.0,102.0,1050.0,0.05381165919282527
20260213,UR2611,1792.0,67.0,796.0,-0.08035714285714324
20260213,UR2612,1780.0,40.0,159.0,-0.0002272440348440874
20260213,UR2701,1777.0,249.0,1089.0,0.0
20260224,UR2603,1838.0,1280.0,7198.0,0.052230685527746346
20260224,UR2604,1846.0,8104.0,22289.0,0.058504875406283574
20260224,UR2605,1855.0,208175.0,243654.0,-0.16819407008086307
20260224,UR2606,1829.0,21131.0,35379.0,0.10497539639147124
20260224,UR2607,1845.0,7355.0,55411.0,-0.11056910569105671
20260224,UR2608,1828.0,633.0,455.0,-0.039387308533916254
20260224,UR2609,1822.0,13139.0,32651.0,-0.09220636663007697
20260224,UR2610,1808.0,132.0,1074.0,0.02654867256637239
20260224,UR2611,1812.0,113.0,823.0,-0.03311258278145646
20260224,UR2612,1807.0,56.0,162.0,-0.0005223133507023181
20260224,UR2701,1800.0,321.0,1188.0,-0.08666666666666689
20260224,UR2702,1787.0,28.0,12.0,0.0
20260225,UR2603,1824.0,1727.0,6256.0,0.05921052631578849
20260225,UR2604,1833.0,3861.0,20986.0,0.032733224222584845
20260225,UR2605,1838.0,130959.0,255258.0,-0.1893362350380845
20260225,UR2606,1809.0,11525.0,35411.0,0.11940298507462632
20260225,UR2607,1827.0,6140.0,56039.0,-0.09852216748768461
20260225,UR2608,1812.0,126.0,479.0,-0.019867549668873608
20260225,UR2609,1809.0,9815.0,34771.0,-0.07960199004975088
20260225,UR2610,1797.0,40.0,1081.0,0.06677796327212082
20260225,UR2611,1807.0,28.0,826.0,-0.03320420586607575
20260225,UR2612,1802.0,6.0,165.0,-0.0006734090710695909
20260225,UR2701,1793.0,217.0,1323.0,-0.006692693809258188
20260225,UR2702,1792.0,10.0,18.0,0.0
20260226,UR2603,1821.0,903.0,5545.0,0.04612850082372333
20260226,UR2604,1828.0,4681.0,18534.0,0.052516411378555006
20260226,UR2605,1836.0,123442.0,251601.0,-0.18954248366013093
20260226,UR2606,1807.0,7410.0,35275.0,0.0664084117321515
20260226,UR2607,1817.0,4310.0,56996.0,-0.06604292790313693
20260226,UR2608,1807.0,109.0,525.0,-0.0398450470392917
20260226,UR2609,1801.0,6810.0,35645.0,-0.05996668517490278
20260226,UR2610,1792.0,69.0,1092.0,0.05357142857142971
20260226,UR2611,1800.0,44.0,824.0,-0.03999999999999959
20260226,UR2612,1794.0,12.0,165.0,-0.0007515689000789192
20260226,UR2701,1784.0,238.0,1420.0,-0.06053811659192876
20260226,UR2702,1775.0,6.0,22.0,0.0
20260227,UR2603,1829.0,1015.0,5134.0,0.06560962274466853
20260227,UR2604,1839.0,12701.0,9636.0,0.052202283849918096
20260227,UR2605,1847.0,136541.0,259877.0,-0.20140768814293475
20260227,UR2606,1816.0,12622.0,34699.0,0.06607929515418487
20260227,UR2607,1826.0,5759.0,56997.0,-0.131434830230011
20260227,UR2608,1806.0,54.0,503.0,0.013289036544850141
20260227,UR2609,1808.0,7292.0,37181.0,-0.0929203539823007
20260227,UR2610,1794.0,142.0,1048.0,0.02675585284280846
20260227,UR2611,1798.0,27.0,825.0,-0.026696329254727313
20260227,UR2612,1794.0,11.0,168.0,-0.0006764120100710227
20260227,UR2701,1785.0,309.0,1464.0,-0.03361344537815114
20260227,UR2702,1780.0,74.0,86.0,0.0
20260302,UR2603,1805.0,1454.0,4282.0,0.05983379501385144
20260302,UR2604,1814.0,13063.0,7727.0,0.01984564498346142
20260302,UR2605,1817.0,343555.0,262781.0,-0.18492019812878313
20260302,UR2606,1789.0,14837.0,35698.0,0.08049189491336062
20260302,UR2607,1801.0,14815.0,62766.0,-0.053303720155469136
20260302,UR2608,1793.0,7285.0,6521.0,-0.006692693809258188
20260302,UR2609,1792.0,23895.0,40843.0,-0.046875
20260302,UR2610,1785.0,391.0,991.0,0.06722689075630228
20260302,UR2611,1795.0,139.0,812.0,-0.03342618384401064
20260302,UR2612,1790.0,57.0,177.0,-0.0012051974138472148
20260302,UR2701,1774.0,845.0,1940.0,-0.006764374295378239
20260302,UR2702,1773.0,43.0,112.0,0.0
20260303,UR2603,1803.0,181.0,4311.0,0.0798668885191347
20260303,UR2604,1815.0,5856.0,5885.0,0.02644628099173474
20260303,UR2605,1819.0,228040.0,266075.0,-0.178119846069269
20260303,UR2606,1792.0,14552.0,34455.0,0.11383928571428648
20260303,UR2607,1809.0,14520.0,63388.0,-0.01990049751243772
20260303,UR2608,1806.0,6087.0,11322.0,-0.006644518272425071
20260303,UR2609,1805.0,24527.0,44656.0,-0.06648199445983316
20260303,UR2610,1795.0,335.0,811.0,0.06016713091922021
20260303,UR2611,1804.0,262.0,681.0,-0.0399113082039908
20260303,UR2612,1798.0,23.0,166.0,-0.0010498556448488344
20260303,UR2701,1784.0,659.0,2009.0,0.006726457399102159
20260303,UR2702,1785.0,18.0,121.0,0.0
20260304,UR2603,1806.0,377.0,4228.0,0.08637873754152725
20260304,UR2604,1819.0,3604.0,4947.0,0.01979109400769552
20260304,UR2605,1822.0,248491.0,261233.0,-0.17782656421514798
20260304,UR2606,1795.0,13059.0,34782.0,0.12033426183844043
20260304,UR2607,1813.0,12752.0,64825.0,-0.026475455046883756
20260304,UR2608,1809.0,5838.0,15536.0,0.019900497512439053
20260304,UR2609,1812.0,30502.0,48327.0,-0.072847682119205
20260304,UR2610,1801.0,96.0,800.0,0.03997779011660185
20260304,UR2611,1807.0,94.0,698.0,-0.05312672938572227
20260304,UR2612,1799.0,20.0,166.0,-0.0008244280530382019
20260304,UR2701,1788.0,668.0,1936.0,-0.03355704697986628
20260304,UR2702,1783.0,46.0,136.0,0.0
20260305,UR2603,1810.0,684.0,3689.0,0.013259668508287525
20260305,UR2604,1812.0,4137.0,4007.0,0.013245033112581517
20260305,UR2605,1814.0,326394.0,248510.0,-0.09922822491730976
20260305,UR2606,1799.0,17981.0,35808.0,0.173429683157309
20260305,UR2607,1825.0,20399.0,67538.0,0.019726027397259926
20260305,UR2608,1828.0,8277.0,20302.0,0.006564551422319376
20260305,UR2609,1829.0,46135.0,51039.0,-0.10497539639147124
20260305,UR2610,1813.0,176.0,866.0,0.04633204633204624
20260305,UR2611,1820.0,167.0,781.0,-0.00659340659340657
20260305,UR2612,1819.0,51.0,181.0,-0.0010377352663211634
20260305,UR2701,1805.0,966.0,1986.0,-0.0132963988919661
20260305,UR2702,1803.0,118.0,94.0,0.0
20260306,UR2603,1823.0,179.0,3722.0,0.07240811848601147
20260306,UR2604,1834.0,2058.0,3667.0,-0.02617230098146095
20260306,UR2605,1830.0,234195.0,245811.0,-0.07868852459016429
20260306,UR2606,1818.0,11331.0,36544.0,0.17161716171617059
20260306,UR2607,1844.0,11772.0,68256.0,0.0
20260306,UR2608,1844.0,3896.0,22584.0,-0.006507592190889255
20260306,UR2609,1843.0,27557.0,54249.0,-0.0976668475311997
20260306,UR2610,1828.0,252.0,926.0,0.04595185995623563
20260306,UR2611,1835.0,190.0,856.0,-0.07193460490463188
20260306,UR2612,1824.0,61.0,193.0,-0.00036960378474275134
20260306,UR2701,1819.0,845.0,2114.0,-0.013194062671797457
20260306,UR2702,1817.0,60.0,117.0,0.0
20260309,UR2603,1920.0,36.0,3754.0,-0.15625000000000044
20260309,UR2604,1895.0,10215.0,5830.0,0.06332453825857609
20260309,UR2605,1905.0,597997.0,242697.0,-0.06929133858267766
20260309,UR2606,1894.0,9692.0,36156.0,0.19007391763463488
20260309,UR2607,1924.0,9024.0,67934.0,-0.018711018711018212
20260309,UR2608,1921.0,2919.0,22823.0,-0.006246746486205268
20260309,UR2609,1920.0,71175.0,49310.0,-0.13125000000000053
20260309,UR2610,1899.0,582.0,1056.0,0.0505529225908381
20260309,UR2611,1907.0,478.0,937.0,-0.11326691137912892
20260309,UR2612,1889.0,326.0,326.0,-0.00042826297726042504
20260309,UR2701,1883.0,1931.0,2237.0,-0.0318640467339355
20260309,UR2702,1878.0,105.0,142.0,0.0
20260310,UR2603,1825.0,209.0,3811.0,0.14465753424657635
20260310,UR2604,1847.0,4200.0,5373.0,0.05847319978343357
20260310,UR2605,1856.0,342790.0,214397.0,-0.05172413793103425
20260310,UR2606,1848.0,7276.0,35761.0,0.25324675324675283
20260310,UR2607,1887.0,10103.0,67864.0,-0.019077901430842648
20260310,UR2608,1884.0,4638.0,23666.0,0.0
20260310,UR2609,1884.0,47507.0,45865.0,-0.095541401273886
20260310,UR2610,1869.0,289.0,1038.0,0.03210272873194153
20260310,UR2611,1874.0,189.0,963.0,-0.08964781216648943
20260310,UR2612,1860.0,112.0,328.0,-0.0007973903588256548
20260310,UR2701,1849.0,972.0,2405.0,0.0
20260310,UR2702,1849.0,74.0,160.0,0.0
20260311,UR2603,1860.0,157.0,3859.0,0.025806451612903736
20260311,UR2604,1864.0,12260.0,5508.0,0.05150214592274782
20260311,UR2605,1872.0,300925.0,229705.0,-0.05769230769230749
20260311,UR2606,1863.0,14011.0,36765.0,0.17391304347826164
20260311,UR2607,1890.0,17350.0,71410.0,-0.01904761904761898
20260311,UR2608,1887.0,5382.0,25087.0,-0.012718600953895098
20260311,UR2609,1885.0,37992.0,50562.0,-0.10185676392572995
20260311,UR2610,1869.0,282.0,997.0,-0.006420545746388839
20260311,UR2611,1868.0,133.0,979.0,-0.07708779443254876
20260311,UR2612,1856.0,50.0,338.0,-7.264626113909492e-05
20260311,UR2701,1855.0,796.0,2705.0,0.0
20260311,UR2702,1855.0,40.0,182.0,0.0
20260312,UR2603,1871.0,213.0,3884.0,-0.051309460181721
20260312,UR2604,1863.0,4425.0,5546.0,0.07729468599033851
20260312,UR2605,1875.0,418146.0,223691.0,-0.05119999999999969
20260312,UR2606,1867.0,19629.0,37662.0,0.2185324049276911
20260312,UR2607,1901.0,19997.0,72004.0,-0.06943713834823839
20260312,UR2608,1890.0,6722.0,24801.0,0.0
20260312,UR2609,1890.0,55618.0,52252.0,-0.13968253968254007
20260312,UR2610,1868.0,267.0,975.0,0.025695931477516254
20260312,UR2611,1872.0,197.0,969.0,-0.0064102564102563875
20260312,UR2612,1871.0,74.0,352.0,-0.0010088938799776676
20260312,UR2701,1857.0,1490.0,3003.0,-0.019386106623585864
20260312,UR2702,1854.0,261.0,299.0,0.0
20260313,UR2603,1870.0,373.0,0.0,0.0449197860962558
20260313,UR2604,1877.0,2207.0,4591.0,0.07671816728822467
20260313,UR2605,1889.0,310199.0,231921.0,-0.025410269984118994
20260313,UR2606,1885.0,18355.0,37798.0,0.248275862068966
20260313,UR2607,1924.0,25234.0,74020.0,-0.0498960498960499
20260313,UR2608,1916.0,6696.0,25102.0,-0.025052192066805645
20260313,UR2609,1912.0,51223.0,52046.0,-0.15062761506276123
20260313,UR2610,1888.0,194.0,1054.0,0.025423728813560587
20260313,UR2611,1892.0,88.0,1011.0,-0.06976744186046524
20260313,UR2612,1881.0,84.0,340.0,-0.00028672293604285824
20260313,UR2701,1877.0,1167.0,3245.0,0.00639318060735139
20260313,UR2702,1878.0,127.0,301.0,0.0
20260316,UR2604,1886.0,1694.0,4565.0,0.08907741251325518
20260316,UR2605,1900.0,390385.0,249604.0,0.05052631578947331
20260316,UR2606,1908.0,29164.0,37970.0,0.2641509433962277
20260316,UR2607,1950.0,31443.0,75276.0,-0.03076923076923066
20260316,UR2608,1945.0,11065.0,25159.0,-0.03701799485861246
20260316,UR2609,1939.0,63699.0,59571.0,-0.1485301701908206
20260316,UR2610,1915.0,205.0,1081.0,0.012532637075718611
20260316,UR2611,1917.0,121.0,1022.0,-0.08763693270735473
20260316,UR2612,1903.0,62.0,341.0,-7.085205500480859e-05
20260316,UR2701,1902.0,1334.0,3411.0,-0.02523659305993675
20260316,UR2702,1898.0,182.0,260.0,0.15806111696522596
20260316,UR2703,1923.0,2.0,2.0,0.0
20260317,UR2604,1863.0,726.0,4196.0,0.09661835748792313
20260317,UR2605,1878.0,195554.0,244735.0,0.025559105431311124
20260317,UR2606,1882.0,13481.0,38955.0,0.28055260361317647
20260317,UR2607,1926.0,17889.0,75314.0,-0.024922118380062752
20260317,UR2608,1922.0,4703.0,25598.0,-0.01873048907388153
20260317,UR2609,1919.0,41203.0,59488.0,-0.14382490880667076
20260317,UR2610,1896.0,95.0,1077.0,0.025316455696203555
20260317,UR2611,1900.0,68.0,1024.0,-0.04421052631578881
20260317,UR2612,1893.0,43.0,338.0,-0.000356131697501731
20260317,UR2701,1888.0,821.0,3605.0,-0.025423728813559254
20260317,UR2702,1884.0,21.0,264.0,0.0
20260317,UR2703,0.0,0.0,2.0,0.0
20260318,UR2604,1841.0,926.0,3733.0,0.0912547528517118
20260318,UR2605,1855.0,173676.0,227858.0,0.02587601078167001
20260318,UR2606,1859.0,13127.0,38956.0,0.28402366863905204
20260318,UR2607,1903.0,13118.0,74444.0,-0.025223331581713193
20260318,UR2608,1899.0,2960.0,25825.0,-0.03159557661927348
20260318,UR2609,1894.0,34759.0,55875.0,-0.1393875395987325
20260318,UR2610,1872.0,109.0,1070.0,0.07051282051282026
20260318,UR2611,1883.0,86.0,996.0,-0.07647371216144494
20260318,UR2612,1871.0,85.0,349.0,-0.0003603192428491681
20260318,UR2701,1866.0,1213.0,4090.0,-0.012861736334404572
20260318,UR2702,1864.0,45.0,265.0,0.19957081545064348
20260318,UR2703,1895.0,3.0,5.0,0.0
20260319,UR2604,1848.0,1173.0,3167.0,0.07142857142857117
20260319,UR2605,1859.0,247496.0,228441.0,0.025820333512640126
20260319,UR2606,1863.0,14541.0,39285.0,0.30917874396135137
20260319,UR2607,1911.0,17004.0,75222.0,0.0
20260319,UR2608,1911.0,4024.0,26830.0,-0.012558869701727371
20260319,UR2609,1909.0,47952.0,61153.0,-0.10057621791513816
20260319,UR2610,1893.0,114.0,1091.0,0.01901743264659217
20260319,UR2611,1896.0,70.0,1003.0,-0.037974683544304
20260319,UR2612,1890.0,33.0,344.0,-0.0004280363830925614
20260319,UR2701,1884.0,1144.0,4176.0,-0.04458598726114715
20260319,UR2702,1877.0,34.0,256.0,0.18540223761321162
20260319,UR2703,1906.0,4.0,6.0,0.0
20260320,UR2604,1824.0,870.0,2626.0,0.11184210526315841
20260320,UR2605,1841.0,167804.0,213902.0,0.026072786529059755
20260320,UR2606,1845.0,11924.0,38897.0,0.33170731707317014
20260320,UR2607,1896.0,14755.0,75657.0,0.0
20260320,UR2608,1896.0,2993.0,27245.0,-0.012658227848101777
20260320,UR2609,1894.0,34324.0,59581.0,-0.12038014783526929
20260320,UR2610,1875.0,86.0,1063.0,0.06400000000000095
20260320,UR2611,1885.0,49.0,1004.0,-0.02546419098143282
20260320,UR2612,1881.0,13.0,346.0,-0.0007884880741178865
20260320,UR2701,1870.0,737.0,4265.0,-0.019251336898395532
20260320,UR2702,1867.0,21.0,262.0,0.20567755757900308
20260320,UR2703,1899.0,2.0,7.0,0.0
20260323,UR2604,1868.0,540.0,2432.0,0.10278372591006502
20260323,UR2605,1884.0,389938.0,220232.0,0.03184713375796111
20260323,UR2606,1889.0,19541.0,38728.0,0.34939121228163117
20260323,UR2607,1944.0,24567.0,76913.0,-0.006172839506173311
20260323,UR2608,1943.0,6818.0,28354.0,0.0
20260323,UR2609,1943.0,79853.0,72353.0,-0.14822439526505438
20260323,UR2610,1919.0,339.0,1175.0,0.043772798332464724
20260323,UR2611,1926.0,175.0,1055.0,-0.04984423676012417
20260323,UR2612,1918.0,92.0,370.0,-0.0005623835690267242
20260323,UR2701,1910.0,1332.0,4399.0,0.0
20260323,UR2702,1910.0,99.0,307.0,0.21361256544502627
20260323,UR2703,1944.0,22.0,21.0,0.0
20260324,UR2604,1849.0,366.0,2194.0,0.09734991887506883
20260324,UR2605,1864.0,167304.0,204042.0,0.04506437768240268
20260324,UR2606,1871.0,14748.0,38361.0,0.3527525387493329
20260324,UR2607,1926.0,18630.0,75704.0,-0.006230529595015355
20260324,UR2608,1925.0,3995.0,28062.0,-0.012467532467532738
20260324,UR2609,1923.0,47732.0,70032.0,-0.14976599063962492
20260324,UR2610,1899.0,161.0,1197.0,0.04423380726698234
20260324,UR2611,1906.0,253.0,1227.0,0.0
20260324,UR2612,1906.0,75.0,401.0,-0.00028296214202341944
20260324,UR2701,1902.0,858.0,4485.0,-0.03785488958990513
20260324,UR2702,1896.0,92.0,366.0,0.30379746835442933
20260324,UR2703,1944.0,78.0,93.0,0.0
20260325,UR2604,1849.0,396.0,2032.0,0.0908599242833974
20260325,UR2605,1863.0,144842.0,192064.0,0.032206119162641045
20260325,UR2606,1868.0,11158.0,37224.0,0.38543897216274114
20260325,UR2607,1928.0,14362.0,75890.0,-0.024896265560165887
20260325,UR2608,1924.0,3289.0,27995.0,-0.018711018711018212
20260325,UR2609,1921.0,37908.0,69807.0,-0.1374284226965119
20260325,UR2610,1899.0,254.0,1079.0,0.04423380726698234
20260325,UR2611,1906.0,150.0,1213.0,-0.0629590766002095
20260325,UR2612,1896.0,33.0,401.0,0.00042668183757644943
20260325,UR2701,1902.0,667.0,4573.0,0.0
20260325,UR2702,1902.0,25.0,364.0,0.2902208201892753
20260325,UR2703,1948.0,40.0,109.0,0.0
20260326,UR2604,1860.0,180.0,2014.0,0.09677419354838701
20260326,UR2605,1875.0,173396.0,196640.0,0.05119999999999969
20260326,UR2606,1883.0,12974.0,36993.0,0.37599575146043573
20260326,UR2607,1942.0,15386.0,75984.0,-0.012358393408856916
20260326,UR2608,1940.0,3302.0,28457.0,-0.006185567010309256
20260326,UR2609,1939.0,47478.0,76657.0,-0.1485301701908206
20260326,UR2610,1915.0,290.0,1137.0,0.056396866840731086
20260326,UR2611,1924.0,148.0,1203.0,-0.006237006237006071
20260326,UR2612,1923.0,35.0,411.0,-0.00021034549247137956
20260326,UR2701,1920.0,987.0,5011.0,0.0
20260326,UR2702,1920.0,40.0,366.0,0.19374999999999964
20260326,UR2703,1951.0,28.0,118.0,0.0
20260327,UR2604,1859.0,80.0,1979.0,0.11619150080688456
20260327,UR2605,1877.0,124854.0,191703.0,0.0575386254661705
20260327,UR2606,1886.0,13491.0,35982.0,0.3117709437963958
20260327,UR2607,1935.0,17052.0,74377.0,-0.03720930232558173
20260327,UR2608,1929.0,5803.0,27547.0,-0.00622083981337429
20260327,UR2609,1928.0,56931.0,82660.0,-0.0871369294605806
20260327,UR2610,1914.0,550.0,876.0,0.08150470219435757
20260327,UR2611,1927.0,448.0,1215.0,-0.06227296315516284
20260327,UR2612,1917.0,36.0,418.0,0.00028133846776036403
20260327,UR2701,1921.0,2238.0,6310.0,-0.018740239458615804
20260327,UR2702,1918.0,122.0,369.0,0.19395203336809086
20260327,UR2703,1949.0,100.0,133.0,0.0
20260330,UR2604,1865.0,696.0,1993.0,0.10938337801608533
20260330,UR2605,1882.0,178682.0,188548.0,0.05738575982996785
20260330,UR2606,1891.0,21555.0,36091.0,0.27921734531993625
20260330,UR2607,1935.0,24079.0,74182.0,-0.02480620155038782
20260330,UR2608,1931.0,6006.0,27859.0,-0.018643190056964798
20260330,UR2609,1928.0,55588.0,92513.0,-0.0871369294605806
20260330,UR2610,1914.0,162.0,875.0,0.06269592476489105
20260330,UR2611,1924.0,138.0,1220.0,-0.024948024948024283
20260330,UR2612,1920.0,109.0,447.0,0.0001404494382022392
20260330,UR2701,1922.0,1292.0,6323.0,-0.01873048907388153
20260330,UR2702,1919.0,72.0,337.0,0.1750911933298589
20260330,UR2703,1947.0,32.0,140.0,0.0
20260331,UR2604,1861.0,699.0,2046.0,0.0838259000537338
20260331,UR2605,1874.0,113177.0,173908.0,0.03842049092849642
20260331,UR2606,1880.0,17824.0,34021.0,0.2425531914893604
20260331,UR2607,1918.0,25166.0,71384.0,-0.02502606882168923
20260331,UR2608,1914.0,8280.0,28468.0,-0.012539184952977678
20260331,UR2609,1912.0,53751.0,86268.0,-0.10041841004184127
20260331,UR2610,1896.0,164.0,919.0,0.056962025316456
20260331,UR2611,1905.0,191.0,1175.0,-0.031496062992125484
20260331,UR2612,1900.0,32.0,427.0,-0.000212891780011822
20260331,UR2701,1897.0,1245.0,6277.0,0.012651555086978128
20260331,UR2702,1899.0,132.0,345.0,0.27804107424960556
20260331,UR2703,1943.0,42.0,126.0,0.0
20260401,UR2604,1835.0,786.0,1451.0,0.10463215258855474
20260401,UR2605,1851.0,143349.0,157223.0,0.025931928687197292
20260401,UR2606,1855.0,19378.0,35236.0,0.26522911051212894
20260401,UR2607,1896.0,28378.0,72786.0,-0.056962025316456
20260401,UR2608,1887.0,10899.0,28268.0,-0.025437201907790197
20260401,UR2609,1883.0,62989.0,80688.0,-0.10196494954859281
20260401,UR2610,1867.0,211.0,895.0,0.0514193893947521
20260401,UR2611,1875.0,202.0,1042.0,0.044800000000000395
20260401,UR2612,1882.0,123.0,346.0,-0.0012179249901491337
20260401,UR2701,1865.0,2276.0,6438.0,-0.02573726541554988
20260401,UR2702,1861.0,78.0,358.0,0.30306286942503924
20260401,UR2703,1908.0,84.0,102.0,0.0
20260402,UR2604,1842.0,1032.0,1493.0,0.05211726384364823
20260402,UR2605,1850.0,98389.0,157381.0,0.05189189189189136
20260402,UR2606,1858.0,14921.0,37170.0,0.23896663078579117
20260402,UR2607,1895.0,19699.0,74253.0,-0.006332453825857343
20260402,UR2608,1894.0,6090.0,28208.0,-0.01900739176346322
20260402,UR2609,1891.0,41391.0,83335.0,-0.095187731359069
20260402,UR2610,1876.0,82.0,906.0,0.07036247334754808
20260402,UR2611,1887.0,100.0,1046.0,0.0
20260402,UR2612,1887.0,68.0,346.0,-0.0007145281434772527
20260402,UR2701,1877.0,1225.0,6727.0,0.0
20260402,UR2702,1877.0,18.0,364.0,0.2812999467234958
20260402,UR2703,1921.0,11.0,102.0,0.0
20260403,UR2604,1835.0,271.0,1481.0,0.10463215258855474
20260403,UR2605,1851.0,97844.0,154693.0,0.04538087520259193
20260403,UR2606,1858.0,15586.0,39701.0,0.2518837459634016
20260403,UR2607,1897.0,21588.0,75279.0,-0.031628887717447984
20260403,UR2608,1892.0,7632.0,27853.0,-0.01268498942917562
20260403,UR2609,1890.0,36233.0,85640.0,-0.0952380952380949
20260403,UR2610,1875.0,68.0,905.0,0.07040000000000024
20260403,UR2611,1886.0,80.0,1000.0,-0.01272534464475017
20260403,UR2612,1884.0,25.0,346.0,-7.156659271452834e-05
20260403,UR2701,1883.0,1154.0,7322.0,-0.038236856080721804
20260403,UR2702,1877.0,19.0,371.0,0.29408630793819857
20260403,UR2703,1923.0,7.0,102.0,0.0
20260407,UR2604,1845.0,53.0,1468.0,0.13008130081300884
20260407,UR2605,1865.0,166667.0,152411.0,0.04504021447721129
20260407,UR2606,1872.0,21245.0,39713.0,0.24358974358974272
20260407,UR2607,1910.0,36517.0,76620.0,-0.012565445026177624
20260407,UR2608,1908.0,17213.0,28163.0,-0.025157232704402954
20260407,UR2609,1904.0,65474.0,91218.0,-0.12605042016806678
20260407,UR2610,1884.0,142.0,904.0,0.06369426751592489
20260407,UR2611,1894.0,104.0,964.0,-0.02534318901795185
20260407,UR2612,1890.0,44.0,353.0,7.133939718210353e-05
20260407,UR2701,1891.0,1654.0,7654.0,-0.025383395029085598
20260407,UR2702,1887.0,44.0,383.0,0.25437201907790197
20260407,UR2703,1927.0,20.0,104.0,0.0
20260408,UR2604,1830.0,50.0,1468.0,0.04590163934426261
20260408,UR2605,1837.0,155889.0,142768.0,0.058791507893303674
20260408,UR2606,1846.0,14285.0,40091.0,0.24702058504875435
20260408,UR2607,1884.0,21603.0,73919.0,-0.04458598726114715
20260408,UR2608,1877.0,10620.0,27471.0,-0.019179541822056834
20260408,UR2609,1874.0,62528.0,90847.0,-0.10245464247598735
20260408,UR2610,1858.0,202.0,879.0,0.07750269106566243
20260408,UR2611,1870.0,118.0,950.0,0.019251336898396865
20260408,UR2612,1873.0,46.0,346.0,-0.0007918558822294349
20260408,UR2701,1862.0,2175.0,8695.0,-0.006444683136412888
20260408,UR2702,1861.0,45.0,384.0,0.277270284793123
20260408,UR2703,1904.0,38.0,100.0,0.0
20260409,UR2604,1824.0,10.0,1468.0,0.08552631578947345
20260409,UR2605,1837.0,76367.0,143755.0,0.058791507893303674
20260409,UR2606,1846.0,7321.0,39749.0,0.2665222101841831
20260409,UR2607,1887.0,18024.0,73584.0,-0.038155802861685295
20260409,UR2608,1881.0,9344.0,27021.0,-0.025518341307814385
20260409,UR2609,1877.0,40748.0,92460.0,-0.11507725093233834
20260409,UR2610,1859.0,91.0,902.0,0.07746100053792304
20260409,UR2611,1871.0,58.0,926.0,0.006413682522714126
20260409,UR2612,1872.0,1.0,346.0,-0.0005041774704696036
20260409,UR2701,1865.0,1327.0,9471.0,-0.02573726541554988
20260409,UR2702,1861.0,11.0,384.0,0.32885545405695815
20260409,UR2703,1912.0,5.0,99.0,0.0
20260410,UR2604,1817.0,174.0,1553.0,0.07925151348376325
20260410,UR2605,1829.0,84376.0,141717.0,0.05248769819573429
20260410,UR2606,1837.0,9708.0,39955.0,0.3331518780620568
20260410,UR2607,1888.0,17826.0,73416.0,-0.05084745762711851
20260410,UR2608,1880.0,6189.0,26171.0,-0.025531914893616392
20260410,UR2609,1876.0,45763.0,100318.0,-0.11513859275053262
20260410,UR2610,1858.0,124.0,905.0,0.10333692142088324
20260410,UR2611,1874.0,176.0,821.0,-0.03842049092849509
20260410,UR2612,1868.0,37.0,330.0,-0.0005052570796140836
20260410,UR2701,1861.0,1628.0,10236.0,-0.006448146157979728
20260410,UR2702,1860.0,13.0,386.0,0.2967741935483863
20260410,UR2703,1906.0,20.0,99.0,0.0
20260413,UR2604,1819.0,132.0,1541.0,0.039582188015393704
20260413,UR2605,1825.0,87993.0,129890.0,0.03945205479451985
20260413,UR2606,1831.0,13715.0,36838.0,0.32113599126160697
20260413,UR2607,1880.0,16985.0,72320.0,-0.03191489361702082
20260413,UR2608,1875.0,4216.0,26048.0,-0.01920000000000055
20260413,UR2609,1872.0,41287.0,107454.0,-0.1025641025641022
20260413,UR2610,1856.0,97.0,905.0,0.09051724137930961
20260413,UR2611,1870.0,60.0,807.0,-0.012834224598930799
20260413,UR2612,1868.0,31.0,337.0,-0.0007217958280201195
20260413,UR2701,1858.0,1202.0,10549.0,-0.012917115177610405
20260413,UR2702,1856.0,48.0,398.0,0.3168103448275863
20260413,UR2703,1905.0,25.0,121.0,0.0
20260414,UR2604,1818.0,287.0,1358.0,0.05940594059405946
20260414,UR2605,1827.0,68189.0,116345.0,0.039408866995073843
20260414,UR2606,1833.0,12538.0,36689.0,0.3207855973813416
20260414,UR2607,1882.0,16519.0,73897.0,-0.006376195536662799
20260414,UR2608,1881.0,4326.0,26513.0,-0.031897926634768314
20260414,UR2609,1876.0,48192.0,110933.0,-0.10874200426439273
20260414,UR2610,1859.0,56.0,911.0,0.1097364174287252
20260414,UR2611,1876.0,37.0,792.0,-0.03837953091684465
20260414,UR2612,1870.0,9.0,338.0,-0.000793126239259746
20260414,UR2701,1859.0,868.0,10550.0,-0.0064550833781606975
20260414,UR2702,1858.0,15.0,398.0,0.2906350914962328
20260414,UR2703,1903.0,19.0,128.0,0.0
20260415,UR2604,1825.0,306.0,0.0,-0.006575342465752865
20260415,UR2605,1824.0,69317.0,106140.0,0.05263157894736725
20260415,UR2606,1832.0,11959.0,36968.0,0.3406113537117905
20260415,UR2607,1884.0,15861.0,75409.0,-0.006369426751593021
20260415,UR2608,1883.0,7001.0,26612.0,-0.019118428040361568
20260415,UR2609,1880.0,64844.0,124024.0,-0.0957446808510638
20260415,UR2610,1865.0,131.0,937.0,0.07077747989276251
20260415,UR2611,1876.0,87.0,802.0,-0.012793176972281106
20260415,UR2612,1874.0,26.0,339.0,-0.0009353303035026869
20260415,UR2701,1861.0,1407.0,10907.0,-0.006448146157979728
20260415,UR2702,1860.0,47.0,399.0,0.27096774193548256
20260415,UR2703,1902.0,45.0,132.0,0.0
20260416,UR2605,1873.0,139084.0,74629.0,0.038441003737318624
20260416,UR2606,1879.0,26200.0,36550.0,0.23629590207557083
20260416,UR2607,1916.0,32604.0,78406.0,-0.006263048016701411
20260416,UR2608,1915.0,11866.0,29448.0,0.006266318537859306
20260416,UR2609,1916.0,171152.0,169405.0,-0.13152400835073097
20260416,UR2610,1895.0,378.0,1058.0,0.0443271767810014
20260416,UR2611,1902.0,223.0,856.0,-0.05678233438485769
20260416,UR2612,1893.0,69.0,349.0,-0.0012108477715059034
20260416,UR2701,1876.0,2670.0,11776.0,-0.019189765458422325
20260416,UR2702,1873.0,81.0,385.0,0.19861185264282
20260416,UR2703,1904.0,80.0,178.0,0.0
20260416,UR2704,0.0,0.0,0.0,0.0
20260417,UR2605,1878.0,69614.0,53955.0,0.03194888178913757
20260417,UR2606,1883.0,25563.0,38385.0,0.33138608603292496
20260417,UR2607,1935.0,36041.0,81151.0,0.0
20260417,UR2608,1935.0,14004.0,30086.0,0.0
20260417,UR2609,1935.0,266877.0,209899.0,-0.14883720930232558
20260417,UR2610,1911.0,479.0,1263.0,0.03767660910518078
20260417,UR2611,1917.0,303.0,840.0,-0.11267605633802846
20260417,UR2612,1899.0,183.0,397.0,-0.00028400518309459606
20260417,UR2701,1895.0,6515.0,12706.0,-0.025329815303430703
20260417,UR2702,1891.0,123.0,384.0,0.1840296139608686
20260417,UR2703,1920.0,37.0,207.0,-0.08124999999999938
20260417,UR2704,1907.0,2.0,1.0,0.0
20260420,UR2605,1872.0,34492.0,41189.0,0.04487179487179471
20260420,UR2606,1879.0,44439.0,37743.0,0.33847791378392866
20260420,UR2607,1932.0,49020.0,81979.0,-0.0248447204968949
20260420,UR2608,1928.0,8336.0,29444.0,0.012448132780082943
20260420,UR2609,1930.0,160850.0,218836.0,-0.1616580310880824
20260420,UR2610,1904.0,227.0,1359.0,0.07563025210084007
20260420,UR2611,1916.0,196.0,848.0,-0.07515657620041694
20260420,UR2612,1904.0,178.0,345.0,-0.0005665187423283901
20260420,UR2701,1896.0,3116.0,13329.0,-0.018987341772152
20260420,UR2702,1893.0,57.0,401.0,0.15847860538827163
20260420,UR2703,1918.0,19.0,219.0,0.0
20260420,UR2704,0.0,0.0,1.0,0.0
20260421,UR2605,1907.0,43016.0,36803.0,0.07551127425275173
20260421,UR2606,1919.0,42228.0,44040.0,0.4627410109432004
20260421,UR2607,1993.0,89481.0,93942.0,0.024084295032615444
20260421,UR2608,1997.0,26466.0,30944.0,-0.00600901352028016
20260421,UR2609,1996.0,847878.0,334071.0,-0.18637274549098182
20260421,UR2610,1965.0,933.0,1711.0,0.05496183206106853
20260421,UR2611,1974.0,457.0,1064.0,-0.03039513677811545
20260421,UR2612,1969.0,555.0,689.0,-0.0007532483836545168
20260421,UR2701,1958.0,11157.0,16147.0,-0.02451481103166442
20260421,UR2702,1954.0,433.0,649.0,0.09211873080859867
20260421,UR2703,1969.0,249.0,388.0,-0.030472320975114542
20260421,UR2704,1964.0,22.0,9.0,0.0
20260422,UR2605,1918.0,24551.0,34847.0,0.09384775808133394
20260422,UR2606,1933.0,34981.0,46144.0,0.4966373512674602
20260422,UR2607,2013.0,83684.0,98778.0,-0.005961251862891093
20260422,UR2608,2012.0,32239.0,30583.0,0.01789264413518943
20260422,UR2609,2015.0,807703.0,364235.0,-0.1965260545905707
20260422,UR2610,1982.0,652.0,1809.0,0.06054490413723457
20260422,UR2611,1992.0,581.0,1219.0,-0.01807228915662673
20260422,UR2612,1989.0,357.0,801.0,-0.00020336570237429385
20260422,UR2701,1986.0,13447.0,19375.0,-0.036253776435045015
20260422,UR2702,1980.0,242.0,790.0,0.09090909090909083
20260422,UR2703,1995.0,262.0,547.0,-0.13233082706766863
20260422,UR2704,1973.0,19.0,18.0,0.0
20260423,UR2605,1906.0,16299.0,30395.0,0.09443861490031491
20260423,UR2606,1921.0,24496.0,42824.0,0.5122332118688186
20260423,UR2607,2003.0,74134.0,97470.0,0.01198202695956141
20260423,UR2608,2005.0,21634.0,30070.0,0.011970074812966303
20260423,UR2609,2007.0,564798.0,363601.0,-0.19730941704035843
20260423,UR2610,1974.0,556.0,1861.0,0.0851063829787222
20260423,UR2611,1988.0,297.0,1220.0,-0.02414486921529191
20260423,UR2612,1984.0,394.0,966.0,-0.00033979702790866786
20260423,UR2701,1979.0,10888.0,21426.0,-0.048509348155634235
20260423,UR2702,1971.0,310.0,891.0,0.10958904109589174
20260423,UR2703,1989.0,250.0,713.0,-0.09653092006033148
20260423,UR2704,1973.0,62.0,65.0,0.0
20260424,UR2605,1913.0,9047.0,27550.0,0.09409304756926318
20260424,UR2606,1928.0,20812.0,40784.0,0.5165975103734448
20260424,UR2607,2011.0,65409.0,96182.0,0.011934361014421135
20260424,UR2608,2013.0,18490.0,31101.0,0.011922503725782185
20260424,UR2609,2015.0,499108.0,360540.0,-0.1607940446650118
20260424,UR2610,1988.0,581.0,1962.0,0.04828973843058382
20260424,UR2611,1996.0,268.0,1184.0,-0.07214428857715438
20260424,UR2612,1984.0,172.0,999.0,-6.795940558173059e-05
20260424,UR2701,1983.0,7266.0,21441.0,-0.030257186081694698
20260424,UR2702,1978.0,102.0,883.0,0.07280080889787666
20260424,UR2703,1990.0,77.0,737.0,-0.07236180904522671
20260424,UR2704,1978.0,16.0,77.0,0.0
20260427,UR2605,1962.0,10186.0,24292.0,0.0978593272171242
20260427,UR2606,1978.0,31705.0,40652.0,0.5217391304347823
20260427,UR2607,2064.0,79321.0,98963.0,0.011627906976744207
20260427,UR2608,2066.0,22873.0,30248.0,0.046466602129718204
20260427,UR2609,2074.0,491285.0,395519.0,-0.23143683702989426
20260427,UR2610,2034.0,676.0,2244.0,0.05309734513274211
20260427,UR2611,2043.0,374.0,1275.0,-0.05286343612334843
20260427,UR2612,2034.0,172.0,1032.0,-0.0002651552815617584
20260427,UR2701,2030.0,7822.0,22381.0,-0.08275862068965534
20260427,UR2702,2016.0,232.0,1036.0,0.07142857142857117
20260427,UR2703,2028.0,140.0,786.0,-0.07692307692307665
20260427,UR2704,2015.0,77.0,109.0,0.0
20260428,UR2605,1919.0,10501.0,19962.0,0.1000521104742047
20260428,UR2606,1935.0,26999.0,35468.0,0.5085271317829463
20260428,UR2607,2017.0,82703.0,93415.0,0.011898859692613506
20260428,UR2608,2019.0,29356.0,28088.0,0.011887072808320909
20260428,UR2609,2021.0,610096.0,373914.0,-0.17812963879267718
20260428,UR2610,1991.0,467.0,2207.0,0.05424409844299394
20260428,UR2611,2000.0,163.0,1250.0,-0.02999999999999936
20260428,UR2612,1995.0,196.0,958.0,-0.00047309284447072885
20260428,UR2701,1988.0,8944.0,22050.0,-0.0784708249496977
20260428,UR2702,1975.0,99.0,1024.0,0.1215189873417728
20260428,UR2703,1995.0,74.0,761.0,-0.0902255639097751
20260428,UR2704,1980.0,27.0,112.0,0.0
20260429,UR2605,1907.0,8969.0,16372.0,0.11955951756685845
20260429,UR2606,1926.0,19907.0,31013.0,0.5295950155763238
20260429,UR2607,2011.0,52531.0,89129.0,0.005967180507209235
20260429,UR2608,2012.0,12045.0,26703.0,0.02982107355864816
20260429,UR2609,2017.0,290005.0,370575.0,-0.17848289538919193
20260429,UR2610,1987.0,198.0,2161.0,0.06643180674383409
20260429,UR2611,1998.0,82.0,1246.0,-0.024024024024023483
20260429,UR2612,1994.0,67.0,957.0,-0.00013523717219073448
20260429,UR2701,1992.0,5398.0,23816.0,-0.09036144578313232
20260429,UR2702,1977.0,43.0,1016.0,0.139605462822459
20260429,UR2703,2000.0,30.0,762.0,-0.12599999999999945
20260429,UR2704,1979.0,5.0,113.0,0.0
20260430,UR2605,1908.0,8297.0,10421.0,0.11320754716981263
20260430,UR2606,1926.0,18429.0,26194.0,0.5233644859813085
20260430,UR2607,2010.0,59274.0,87228.0,0.011940298507462366
20260430,UR2608,2012.0,28304.0,25181.0,0.02982107355864816
20260430,UR2609,2017.0,306237.0,353913.0,-0.17253346554288518
20260430,UR2610,1988.0,325.0,2039.0,0.0724346076458744
20260430,UR2611,2000.0,222.0,1243.0,-0.01799999999999935
20260430,UR2612,1997.0,121.0,954.0,-0.0002700680233833929
20260430,UR2701,1993.0,7428.0,23935.0,-0.09633718013045645
20260430,UR2702,1977.0,70.0,1000.0,0.10318664643399167
20260430,UR2703,1994.0,51.0,789.0,-0.11434302908726135
20260430,UR2704,1975.0,32.0,132.0,0.0
20260506,UR2605,1886.0,1606.0,9427.0,0.08271474019087943
20260506,UR2606,1899.0,6966.0,24665.0,0.5118483412322288
20260506,UR2607,1980.0,40729.0,92032.0,0.030303030303031164
20260506,UR2608,1985.0,12705.0,31021.0,0.01209068010075498
20260506,UR2609,1987.0,313229.0,358487.0,-0.12682435832913974
20260506,UR2610,1966.0,2286.0,3629.0,0.09155645981688831
20260506,UR2611,1981.0,438.0,1404.0,-0.00605754669358971
20260506,UR2612,1980.0,123.0,987.0,0.0
20260506,UR2701,1980.0,8351.0,25243.0,-0.09090909090909083
20260506,UR2702,1965.0,88.0,1019.0,0.09160305343511332
20260506,UR2703,1980.0,70.0,790.0,-0.0969696969696976
20260506,UR2704,1964.0,23.0,138.0,0.0
20260507,UR2605,1870.0,1279.0,8148.0,0.07700534759358213
20260507,UR2606,1882.0,7648.0,21393.0,0.4463336875664199
20260507,UR2607,1952.0,58874.0,95056.0,0.012295081967214294
20260507,UR2608,1954.0,19255.0,32885.0,0.012282497441145068
20260507,UR2609,1956.0,319222.0,345227.0,-0.1104294478527601
20260507,UR2610,1938.0,12171.0,10045.0,0.09287925696594534
20260507,UR2611,1953.0,87.0,1392.0,-0.030721966205836893
20260507,UR2612,1948.0,86.0,956.0,-0.00034607664444085876
20260507,UR2701,1943.0,7546.0,26001.0,-0.05558414822439506
20260507,UR2702,1934.0,157.0,982.0,0.11789038262668061
20260507,UR2703,1953.0,85.0,775.0,-0.07373271889400934
20260507,UR2704,1941.0,33.0,136.0,0.0
20260508,UR2605,1845.0,859.0,7293.0,0.07804878048780584
20260508,UR2606,1857.0,6512.0,19558.0,0.381260096930534
20260508,UR2607,1916.0,53619.0,94028.0,0.025052192066805645
20260508,UR2608,1920.0,18002.0,35617.0,0.018749999999998934
20260508,UR2609,1923.0,280544.0,315435.0,-0.11232449297971936
20260508,UR2610,1905.0,6517.0,13474.0,0.10078740157480315
20260508,UR2611,1921.0,151.0,1336.0,-0.018740239458615804
20260508,UR2612,1918.0,165.0,955.0,-0.00014059589225668106
20260508,UR2701,1916.0,5823.0,26326.0,-0.0563674321503127
20260508,UR2702,1907.0,140.0,925.0,0.13214472994231752
20260508,UR2703,1928.0,40.0,760.0,-0.06224066390041472
20260508,UR2704,1918.0,40.0,142.0,0.0
20260511,UR2605,1834.0,747.0,7292.0,0.06543075245365237
20260511,UR2606,1844.0,9418.0,18873.0,0.3709327548806929
20260511,UR2607,1901.0,49975.0,93573.0,0.03156233561283539
20260511,UR2608,1906.0,17737.0,36429.0,0.018887722980061916
20260511,UR2609,1909.0,290020.0,316525.0,-0.08800419067574605
20260511,UR2610,1895.0,6686.0,17554.0,0.12664907651714952
20260511,UR2611,1915.0,439.0,1528.0,-0.012532637075718611
20260511,UR2612,1913.0,225.0,959.0,-0.0004933717850073714
20260511,UR2701,1906.0,11585.0,27954.0,-0.02518363064008433
20260511,UR2702,1902.0,126.0,904.0,0.1577287066246047
20260511,UR2703,1927.0,92.0,767.0,-0.012454592631033101
20260511,UR2704,1925.0,33.0,148.0,0.0
20260512,UR2605,1815.0,451.0,6961.0,0.02644628099173474
20260512,UR2606,1819.0,5136.0,19473.0,0.3958218801539317
20260512,UR2607,1879.0,49403.0,94693.0,0.01277275146354473
20260512,UR2608,1881.0,22641.0,36489.0,0.012759170653907859
20260512,UR2609,1883.0,249898.0,308988.0,-0.063728093467871
20260512,UR2610,1873.0,13522.0,22262.0,0.17298451681793914
20260512,UR2611,1900.0,866.0,1839.0,-0.012631578947368993
20260512,UR2612,1898.0,152.0,984.0,-0.00014207740850806706
20260512,UR2701,1896.0,11961.0,29355.0,-0.037974683544304
20260512,UR2702,1890.0,93.0,886.0,0.17777777777777803
20260512,UR2703,1918.0,45.0,773.0,0.0
20260512,UR2704,1918.0,18.0,151.0,0.0
20260513,UR2605,1790.0,1119.0,5882.0,0.05363128491620106
20260513,UR2606,1798.0,26246.0,18837.0,0.5272525027808674
20260513,UR2607,1877.0,62051.0,97067.0,0.025572722429408223
20260513,UR2608,1881.0,29765.0,34745.0,-0.006379585326953929
20260513,UR2609,1880.0,252982.0,318292.0,-0.038297872340425254
20260513,UR2610,1874.0,11752.0,24714.0,0.17289220917822856
20260513,UR2611,1901.0,529.0,1585.0,-0.03156233561283539
20260513,UR2612,1896.0,432.0,665.0,-0.00028445455838429465
20260513,UR2701,1892.0,9769.0,28998.0,-0.01268498942917562
20260513,UR2702,1890.0,604.0,513.0,0.18412698412698525
20260513,UR2703,1919.0,136.0,729.0,-0.018759770713912882
20260513,UR2704,1916.0,53.0,156.0,0.0
20260514,UR2605,1780.0,376.0,5799.0,0.07415730337078763
20260514,UR2606,1791.0,4794.0,15957.0,0.5159128978224459
20260514,UR2607,1868.0,47133.0,98110.0,0.0
20260514,UR2608,1868.0,16427.0,37889.0,0.032119914346893985
20260514,UR2609,1873.0,211333.0,329515.0,-0.04484783769354017
20260514,UR2610,1866.0,16804.0,25635.0,0.180064308681672
20260514,UR2611,1894.0,107.0,1564.0,-0.012671594508975925
20260514,UR2612,1892.0,21.0,660.0,-0.00035631992778582453
20260514,UR2701,1887.0,7438.0,29780.0,-0.006359300476947549
20260514,UR2702,1886.0,114.0,554.0,0.19724284199363762
20260514,UR2703,1917.0,48.0,740.0,0.006259780907667434
20260514,UR2704,1918.0,55.0,186.0,0.0
20260515,UR2605,1772.0,169.0,5654.0,0.027088036117381087
20260515,UR2606,1776.0,3981.0,13079.0,0.5000000000000009
20260515,UR2607,1850.0,42541.0,96192.0,0.0
20260515,UR2608,1850.0,21809.0,37024.0,0.01945945945945926
20260515,UR2609,1853.0,239836.0,326559.0,-0.04533189422558026
20260515,UR2610,1846.0,17721.0,26718.0,0.14951245937161328
20260515,UR2611,1869.0,138.0,1500.0,-0.012841091492776346
20260515,UR2612,1867.0,38.0,649.0,-0.0001444364870639104
20260515,UR2701,1865.0,7085.0,29765.0,-0.03217158176943702
20260515,UR2702,1860.0,159.0,576.0,0.28387096774193576
20260515,UR2703,1904.0,74.0,742.0,-0.025210084033613356
20260515,UR2704,1900.0,49.0,215.0,0.0
20260518,UR2605,1750.0,524.0,5182.0,-0.02057142857142802
20260518,UR2606,1747.0,3738.0,11534.0,0.5632512879221512
20260518,UR2607,1829.0,44168.0,97588.0,0.013121924548934238
20260518,UR2608,1831.0,34942.0,37153.0,0.019661387220097026
20260518,UR2609,1834.0,228567.0,332664.0,-0.03271537622682619
20260518,UR2610,1829.0,32216.0,29037.0,0.1902679059595398
20260518,UR2611,1858.0,172.0,1515.0,-0.019375672766415608
20260518,UR2612,1855.0,76.0,673.0,-0.00021805627063205816
20260518,UR2701,1852.0,7400.0,29917.0,-0.01943844492440583
20260518,UR2702,1849.0,164.0,586.0,0.31151974040021546
20260518,UR2703,1897.0,34.0,732.0,-0.031628887717447984
20260518,UR2704,1892.0,24.0,214.0,0.0
20260519,UR2605,1727.0,593.0,0.0,0.06253618992472543
20260519,UR2606,1736.0,1535.0,11047.0,0.4976958525345614
20260519,UR2607,1808.0,41694.0,100215.0,0.01991150442477796
20260519,UR2608,1811.0,16416.0,38424.0,0.03975704030922156
20260519,UR2609,1817.0,270713.0,341991.0,-0.046230049532196116
20260519,UR2610,1810.0,7920.0,29767.0,0.15911602209944764
20260519,UR2611,1834.0,150.0,1514.0,-0.0065430752453652374
20260519,UR2612,1833.0,69.0,688.0,-0.00036778903620883344
20260519,UR2701,1828.0,8183.0,29589.0,-0.013129102844638751
20260519,UR2702,1826.0,108.0,626.0,0.30887185104052595
20260519,UR2703,1873.0,47.0,737.0,-0.01281366791244043
20260519,UR2704,1871.0,41.0,229.0,0.0
20260520,UR2606,1757.0,2156.0,10206.0,0.5463858850313033
20260520,UR2607,1837.0,77635.0,99525.0,0.05225911812738104
20260520,UR2608,1845.0,40054.0,39408.0,0.013008130081301417
20260520,UR2609,1847.0,424191.0,347886.0,-0.045479155387114556
20260520,UR2610,1840.0,11319.0,29923.0,0.12391304347826182
20260520,UR2611,1859.0,656.0,1422.0,-0.025820333512641458
20260520,UR2612,1855.0,238.0,646.0,-0.0004361125412641163
20260520,UR2701,1849.0,11743.0,28864.0,-0.012979989183342866
20260520,UR2702,1847.0,148.0,700.0,0.3443421765024359
20260520,UR2703,1900.0,120.0,716.0,-0.0631578947368423
20260520,UR2704,1890.0,55.0,216.0,-0.0952380952380949
20260520,UR2705,1875.0,107.0,81.0,0.0
20260521,UR2606,1742.0,606.0,9946.0,0.5648679678530435
20260521,UR2607,1824.0,70620.0,93058.0,0.02631578947368496
20260521,UR2608,1828.0,21634.0,35042.0,0.013129102844638751
20260521,UR2609,1830.0,231032.0,333637.0,-0.03934426229508148
20260521,UR2610,1824.0,43386.0,28329.0,0.1250000000000009
20260521,UR2611,1843.0,102.0,1409.0,-0.013022246337493382
20260521,UR2612,1841.0,48.0,636.0,-0.00043942898644484227
20260521,UR2701,1835.0,3126.0,28867.0,-0.013079019073569675
20260521,UR2702,1833.0,67.0,724.0,0.3469721767594116
20260521,UR2703,1886.0,28.0,715.0,-0.06362672322375351
20260521,UR2704,1876.0,35.0,199.0,-0.05117270788912576
20260521,UR2705,1868.0,77.0,121.0,0.0
20260522,UR2606,1738.0,2035.0,9057.0,0.5523590333716921
20260522,UR2607,1818.0,77547.0,80579.0,0.033003300330033625
20260522,UR2608,1823.0,51611.0,29743.0,0.01974766867800337
20260522,UR2609,1826.0,175746.0,326637.0,-0.05257393209200467
20260522,UR2610,1818.0,26960.0,28755.0,0.1254125412541267
20260522,UR2611,1837.0,57.0,1406.0,-0.01306477953184526
20260522,UR2612,1835.0,33.0,618.0,-0.00014695527048954693
20260522,UR2701,1833.0,3085.0,28916.0,-0.013093289689035004
20260522,UR2702,1831.0,24.0,732.0,0.32113599126160697
20260522,UR2703,1880.0,7.0,711.0,-0.044680851063829685
20260522,UR2704,1873.0,8.0,196.0,-0.03203416978109974
20260522,UR2705,1868.0,20.0,131.0,0.0
20260525,UR2606,1760.0,1539.0,8109.0,0.545454545454545
20260525,UR2607,1840.0,50725.0,75820.0,0.026086956521740312
20260525,UR2608,1844.0,21942.0,28300.0,0.019522776572667766
20260525,UR2609,1847.0,264472.0,326346.0,-0.045479155387114556
20260525,UR2610,1840.0,13947.0,26330.0,0.12391304347826182
20260525,UR2611,1859.0,68.0,1400.0,-0.012910166756320063
20260525,UR2612,1857.0,53.0,616.0,-0.00036303570456154804
20260525,UR2701,1852.0,9288.0,29055.0,-0.012958963282936775
20260525,UR2702,1850.0,48.0,699.0,0.31135135135135084
20260525,UR2703,1898.0,33.0,705.0,-0.0569020021074822
20260525,UR2704,1889.0,33.0,195.0,-0.03176283748014841
20260525,UR2705,1884.0,104.0,164.0,0.0
20260526,UR2606,1764.0,2008.0,7244.0,0.5510204081632653
20260526,UR2607,1845.0,70055.0,69155.0,0.019512195121952125
20260526,UR2608,1848.0,24443.0,26249.0,0.03246753246753187
20260526,UR2609,1853.0,406797.0,321010.0,-0.03885590933621108
20260526,UR2610,1847.0,14612.0,24761.0,0.09095831077422911
20260526,UR2611,1861.0,146.0,1389.0,0.006448146157979728
20260526,UR2612,1862.0,88.0,626.0,-0.00036206085036024466
20260526,UR2701,1857.0,9989.0,29105.0,-0.019386106623585864
20260526,UR2702,1854.0,68.0,691.0,0.2977346278317139
20260526,UR2703,1900.0,23.0,699.0,-0.03789473684210565
20260526,UR2704,1894.0,23.0,191.0,-0.01900739176346322
20260526,UR2705,1891.0,62.0,184.0,0.0
20260527,UR2606,1782.0,1120.0,7146.0,0.5993265993265986
20260527,UR2607,1871.0,62919.0,62130.0,0.03206841261357596
20260527,UR2608,1876.0,16706.0,25247.0,0.006396588486141219
20260527,UR2609,1877.0,364827.0,316267.0,-0.05753862546616917
20260527,UR2610,1868.0,16275.0,25035.0,0.12847965738758127
20260527,UR2611,1888.0,413.0,1539.0,-0.0317796610169494
20260527,UR2612,1883.0,352.0,679.0,0.0
20260527,UR2701,1883.0,17742.0,34296.0,-0.038236856080721804
20260527,UR2702,1877.0,106.0,657.0,0.2493340436867335
20260527,UR2703,1916.0,126.0,690.0,-0.03131524008350706
20260527,UR2704,1911.0,56.0,177.0,-0.02511773940345341
20260527,UR2705,1907.0,184.0,207.0,0.0
20260528,UR2606,1751.0,976.0,6744.0,0.6579097658480864
20260528,UR2607,1847.0,51966.0,51638.0,0.012994044396317683
20260528,UR2608,1849.0,12978.0,25812.0,0.0194699837750143
20260528,UR2609,1852.0,269907.0,323533.0,-0.09071274298056142
20260528,UR2610,1838.0,15223.0,25254.0,0.1697497279651783
20260528,UR2611,1864.0,409.0,1781.0,-0.006437768240343811
20260528,UR2612,1863.0,158.0,749.0,-0.000144746602978162
20260528,UR2701,1861.0,9196.0,36448.0,-0.045137023105856766
20260528,UR2702,1854.0,77.0,652.0,0.2718446601941755
20260528,UR2703,1896.0,29.0,684.0,-0.025316455696202222
20260528,UR2704,1892.0,6.0,177.0,-0.02536997885835124
20260528,UR2705,1888.0,59.0,216.0,0.0
20260529,UR2606,1731.0,2873.0,5121.0,0.672443674176777
20260529,UR2607,1828.0,69739.0,33796.0,0.006564551422319376
20260529,UR2608,1829.0,23875.0,26616.0,0.0
20260529,UR2609,1829.0,234196.0,318351.0,-0.07217058501913565
20260529,UR2610,1818.0,17150.0,25224.0,0.16501650165016546
20260529,UR2611,1843.0,146.0,1805.0,-0.019533369506239406
20260529,UR2612,1840.0,56.0,767.0,-0.00021983390327308503
20260529,UR2701,1837.0,4971.0,37130.0,-0.01959716929776789
20260529,UR2702,1834.0,73.0,642.0,0.3009814612868036
20260529,UR2703,1880.0,25.0,685.0,0.006382978723403099
20260529,UR2704,1881.0,9.0,179.0,-0.019138755980861788
20260529,UR2705,1878.0,35.0,230.0,0.0
20260601,UR2606,1740.0,457.0,4806.0,0.613793103448276
20260601,UR2607,1829.0,20713.0,30339.0,0.0459267359212685
20260601,UR2608,1836.0,20490.0,31649.0,-0.019607843137254832
20260601,UR2609,1833.0,220578.0,320669.0,-0.06546644844517235
20260601,UR2610,1823.0,20577.0,29504.0,0.15798134942402697
20260601,UR2611,1847.0,7648.0,9155.0,-0.006497022198158842
20260601,UR2612,1846.0,44.0,773.0,-0.0001460795890294238
20260601,UR2701,1844.0,8866.0,37001.0,-0.03253796095444628
20260601,UR2702,1839.0,64.0,639.0,0.3066884176182718
20260601,UR2703,1886.0,41.0,683.0,-0.05090137857900334
20260601,UR2704,1878.0,9.0,181.0,-0.012779552715655562
20260601,UR2705,1876.0,231.0,417.0,0.0
20260602,UR2606,1706.0,1017.0,4179.0,0.5767878077373982
20260602,UR2607,1788.0,18912.0,28820.0,0.020134228187919767
20260602,UR2608,1791.0,12363.0,32606.0,0.0
20260602,UR2609,1791.0,230511.0,330710.0,-0.07370184254606427
20260602,UR2610,1780.0,20927.0,33407.0,0.18202247191011267
20260602,UR2611,1807.0,12562.0,17726.0,0.0
20260602,UR2612,1807.0,91.0,826.0,-7.461619295746761e-05
20260602,UR2701,1806.0,9526.0,38944.0,-0.039867109634551756
20260602,UR2702,1800.0,157.0,705.0,0.3533333333333326
20260602,UR2703,1853.0,63.0,663.0,-0.05828386400431729
20260602,UR2704,1844.0,20.0,172.0,-0.01301518438177851
20260602,UR2705,1842.0,87.0,453.0,0.0
20260603,UR2606,1715.0,207.0,4013.0,0.6017492711370274
20260603,UR2607,1801.0,8570.0,26464.0,0.026651860077734568
20260603,UR2608,1805.0,19485.0,34636.0,0.0
20260603,UR2609,1805.0,279182.0,324650.0,-0.07313019390581754
20260603,UR2610,1794.0,48988.0,38618.0,0.18729096989966454
20260603,UR2611,1822.0,14613.0,27182.0,-0.006586169045005974
20260603,UR2612,1821.0,319.0,853.0,-0.00022212761231327018
20260603,UR2701,1818.0,9827.0,37770.0,0.006600660066007791
20260603,UR2702,1819.0,49.0,704.0,0.40241891148982845
20260603,UR2703,1880.0,14.0,661.0,-0.1148936170212771
20260603,UR2704,1862.0,14.0,175.0,-0.01933404940923733
20260603,UR2705,1859.0,58.0,462.0,0.0
20260604,UR2606,1695.0,566.0,3540.0,0.5238938053097355
20260604,UR2607,1769.0,10647.0,23348.0,0.03391746749576008
20260604,UR2608,1774.0,15736.0,33272.0,-0.006764374295378239
20260604,UR2609,1773.0,242063.0,329314.0,-0.13536379018612577
20260604,UR2610,1753.0,37022.0,44757.0,0.26697090701654425
20260604,UR2611,1792.0,13012.0,35648.0,-0.006696428571428381
20260604,UR2612,1791.0,643.0,780.0,-0.00037641390472963564
20260604,UR2701,1786.0,9720.0,38771.0,-0.020156774916013642
20260604,UR2702,1783.0,616.0,1049.0,0.36343241727425557
20260604,UR2703,1837.0,311.0,625.0,-0.01306477953184526
20260604,UR2704,1835.0,88.0,156.0,-0.04577656675749253
20260604,UR2705,1828.0,130.0,524.0,0.0
20260605,UR2606,1690.0,671.0,3045.0,0.45443786982248646
20260605,UR2607,1754.0,8620.0,19906.0,0.07525655644241702
20260605,UR2608,1765.0,17854.0,30685.0,0.0
20260605,UR2609,1765.0,162559.0,325146.0,-0.2583569405099153
20260605,UR2610,1727.0,55966.0,54860.0,0.34047481181239014
20260605,UR2611,1776.0,33150.0,53830.0,0.04054054054053946
20260605,UR2612,1782.0,283.0,812.0,-0.00037831498505656386
20260605,UR2701,1777.0,5889.0,38697.0,0.0
20260605,UR2702,1777.0,215.0,1178.0,0.40517726505346197
20260605,UR2703,1837.0,207.0,521.0,-0.03266194882961315
20260605,UR2704,1832.0,15.0,156.0,-0.05240174672489095
20260605,UR2705,1824.0,178.0,628.0,0.0
20260608,UR2606,1749.0,300.0,3052.0,0.542024013722127
20260608,UR2607,1828.0,17302.0,18046.0,0.05908096280087438
20260608,UR2608,1837.0,30395.0,30181.0,0.00653238976592263
20260608,UR2609,1838.0,713967.0,303247.0,-0.28073993471164327
20260608,UR2610,1795.0,115528.0,51655.0,0.20724233983287021
20260608,UR2611,1826.0,67631.0,57119.0,-0.03285870755750242
20260608,UR2612,1821.0,807.0,849.0,0.00014808507487550348
20260608,UR2701,1823.0,32960.0,38005.0,-0.02633022490400405
20260608,UR2702,1819.0,1347.0,967.0,0.3232545354590437
20260608,UR2703,1868.0,255.0,493.0,-0.012847965738758127
20260608,UR2704,1866.0,106.0,152.0,-0.025723472668810476
20260608,UR2705,1862.0,464.0,640.0,0.0
20260609,UR2606,1740.0,326.0,2937.0,0.32413793103448363
20260609,UR2607,1787.0,14144.0,17055.0,0.10072747621712441
20260609,UR2608,1802.0,28249.0,32186.0,0.046614872364040494
20260609,UR2609,1809.0,428443.0,291884.0,-0.24543946932006655
20260609,UR2610,1772.0,59722.0,50672.0,0.16252821670428919
20260609,UR2611,1796.0,26691.0,56457.0,0.020044543429843742
20260609,UR2612,1799.0,525.0,861.0,-0.00029979201928661886
20260609,UR2701,1795.0,18278.0,38841.0,0.0
20260609,UR2702,1795.0,174.0,1043.0,0.3342618384401117
20260609,UR2703,1845.0,32.0,498.0,-0.019512195121950793
20260609,UR2704,1842.0,17.0,156.0,-0.032573289902280145
20260609,UR2705,1837.0,163.0,640.0,0.0
20260610,UR2606,1728.0,282.0,2716.0,0.33333333333333215
20260610,UR2607,1776.0,5952.0,14875.0,0.0878378378378386
20260610,UR2608,1789.0,10003.0,29536.0,0.026830631637785984
20260610,UR2609,1793.0,230064.0,287666.0,-0.1873954266592306
20260610,UR2610,1765.0,38473.0,49245.0,0.169971671388101
20260610,UR2611,1790.0,23033.0,56811.0,0.0
20260610,UR2612,1790.0,441.0,1082.0,-7.532483836545467e-05
20260610,UR2701,1789.0,10317.0,40802.0,-0.02012297372833949
20260610,UR2702,1786.0,111.0,1092.0,0.349384098544232
20260610,UR2703,1838.0,95.0,492.0,-0.03917301414581109
20260610,UR2704,1832.0,8.0,156.0,-0.019650655021833607
20260610,UR2705,1829.0,586.0,1079.0,0.0
20260611,UR2606,1698.0,302.0,2606.0,0.5795053003533557
20260611,UR2607,1780.0,20701.0,14415.0,0.09438202247191008
20260611,UR2608,1794.0,10193.0,29572.0,0.0468227424749168
20260611,UR2609,1801.0,200482.0,288405.0,-0.14658523042754013
20260611,UR2610,1779.0,26162.0,48979.0,0.13490725126475578
20260611,UR2611,1799.0,10244.0,56097.0,0.0
20260611,UR2612,1799.0,345.0,1014.0,-0.0004496880289299283
20260611,UR2701,1793.0,7143.0,41211.0,-0.020078081427774563
20260611,UR2702,1790.0,83.0,1091.0,0.3687150837988833
20260611,UR2703,1845.0,36.0,479.0,-0.052032520325203
20260611,UR2704,1837.0,16.0,156.0,-0.02612955906369052
20260611,UR2705,1833.0,106.0,1097.0,0.0
20260612,UR2606,1695.0,40.0,0.0,0.5734513274336281
20260612,UR2607,1776.0,4863.0,12208.0,0.0878378378378386
20260612,UR2608,1789.0,9299.0,28133.0,0.02012297372833949
20260612,UR2609,1792.0,247307.0,286633.0,-0.16071428571428514
20260612,UR2610,1768.0,22734.0,48134.0,0.14932126696832526
20260612,UR2611,1790.0,10216.0,56327.0,-0.020111731843575065
20260612,UR2612,1787.0,230.0,1007.0,-0.0003772564652326657
20260612,UR2701,1782.0,10593.0,42577.0,-0.020202020202020776
20260612,UR2702,1779.0,172.0,1156.0,0.36424957841483874
20260612,UR2703,1833.0,103.0,460.0,-0.019639934533551173
20260612,UR2704,1830.0,19.0,156.0,-0.01967213114754074
20260612,UR2705,1827.0,182.0,1128.0,0.0
20260615,UR2607,1770.0,6516.0,10080.0,0.08813559322033804
20260615,UR2608,1783.0,10663.0,28412.0,0.020190689848570642
20260615,UR2609,1786.0,270307.0,285104.0,-0.18141097424412145
20260615,UR2610,1759.0,46497.0,45585.0,0.1159749857873793
20260615,UR2611,1776.0,30967.0,54753.0,0.0
20260615,UR2612,1776.0,308.0,1054.0,-0.00022775584573336773
20260615,UR2701,1773.0,13484.0,44986.0,-0.0203045685279184
20260615,UR2702,1770.0,185.0,1224.0,0.31864406779661003
20260615,UR2703,1817.0,85.0,480.0,-0.00660429279031316
20260615,UR2704,1816.0,54.0,168.0,-0.05947136563876665
20260615,UR2705,1807.0,262.0,1263.0,0.013281682346429236
20260615,UR2706,1809.0,2.0,2.0,0.0
20260616,UR2607,1756.0,2058.0,9357.0,0.09567198177676595
20260616,UR2608,1770.0,9948.0,29299.0,-0.013559322033897647
20260616,UR2609,1768.0,191620.0,294390.0,-0.16968325791855143
20260616,UR2610,1743.0,34698.0,46201.0,0.13080895008605786
20260616,UR2611,1762.0,21830.0,54878.0,0.013620885357548573
20260616,UR2612,1764.0,136.0,1035.0,-0.00022930520522815144
20260616,UR2701,1761.0,10212.0,45024.0,0.0
20260616,UR2702,1761.0,79.0,1221.0,0.34071550255536653
20260616,UR2703,1811.0,21.0,478.0,-0.013252346769740075
20260616,UR2704,1809.0,16.0,169.0,-0.05306799336650059
20260616,UR2705,1801.0,77.0,1277.0,0.0
20260616,UR2706,1801.0,1.0,2.0,0.0
20260617,UR2607,1819.0,4335.0,8838.0,0.07916437603078741
20260617,UR2608,1831.0,19810.0,30630.0,0.03276897870016349
20260617,UR2609,1836.0,499424.0,286239.0,-0.22222222222222188
20260617,UR2610,1802.0,67377.0,44691.0,0.09322974472808099
20260617,UR2611,1816.0,41462.0,50576.0,-0.039647577092510655
20260617,UR2612,1810.0,854.0,661.0,-0.0005214476379663484
20260617,UR2701,1803.0,30061.0,48589.0,0.006655574043261225
20260617,UR2702,1804.0,414.0,1088.0,0.2860310421286041
20260617,UR2703,1847.0,138.0,434.0,0.006497022198160174
20260617,UR2704,1848.0,56.0,152.0,-0.03246753246753187
20260617,UR2705,1843.0,427.0,1355.0,-0.03255561584373279
20260617,UR2706,1838.0,5.0,4.0,0.0
20260618,UR2607,1800.0,2504.0,8640.0,0.07999999999999918
20260618,UR2608,1812.0,15407.0,26562.0,0.006622516556292091
20260618,UR2609,1813.0,257410.0,255292.0,-0.19194704908990623
20260618,UR2610,1784.0,36374.0,39093.0,0.1143497757847527
20260618,UR2611,1801.0,20096.0,50170.0,0.0
20260618,UR2612,1801.0,340.0,638.0,-0.00044918865299552646
20260618,UR2701,1795.0,16830.0,47696.0,-0.006685236768802394
20260618,UR2702,1794.0,68.0,1098.0,0.3143812709030094
20260618,UR2703,1841.0,41.0,422.0,-0.032590983161326026
20260618,UR2704,1836.0,10.0,152.0,-0.039215686274509665
20260618,UR2705,1830.0,164.0,1379.0,-0.06557377049180335
20260618,UR2706,1820.0,8.0,8.0,0.0
20260622,UR2607,1764.0,830.0,8467.0,0.08163265306122458
20260622,UR2608,1776.0,11699.0,25014.0,-0.006756756756757021
20260622,UR2609,1775.0,223720.0,276583.0,-0.1825352112676062
20260622,UR2610,1748.0,25389.0,38742.0,0.1510297482837517
20260622,UR2611,1770.0,15546.0,52941.0,0.00677966101694949
20260622,UR2612,1771.0,329.0,844.0,-0.00022839886054346964
20260622,UR2701,1768.0,10045.0,50247.0,-0.006787330316742057
20260622,UR2702,1767.0,188.0,1153.0,0.3463497453310689
20260622,UR2703,1818.0,50.0,425.0,-0.013201320132012917
20260622,UR2704,1816.0,9.0,159.0,-0.0066079295154182205
20260622,UR2705,1815.0,266.0,1459.0,-0.019834710743801054
20260622,UR2706,1812.0,9.0,12.0,0.0
20260623,UR2607,1772.0,722.0,8266.0,0.0880361173814892
20260623,UR2608,1785.0,18372.0,22801.0,0.0
20260623,UR2609,1785.0,161271.0,277746.0,-0.2084033613445384
20260623,UR2610,1754.0,103097.0,37193.0,0.11630558722919115
20260623,UR2611,1771.0,87095.0,51191.0,0.0
20260623,UR2612,1771.0,255.0,1001.0,-0.00015226590702896976
20260623,UR2701,1769.0,8944.0,52092.0,-0.02713397399660833
20260623,UR2702,1765.0,112.0,1118.0,0.36033994334277697
20260623,UR2703,1818.0,29.0,421.0,0.013201320132012917
20260623,UR2704,1820.0,24.0,148.0,-0.0659340659340657
20260623,UR2705,1810.0,134.0,1480.0,-0.006629834254143763
20260623,UR2706,1809.0,6.0,15.0,0.0
20260624,UR2607,1763.0,562.0,8045.0,0.09529211571185581
20260624,UR2608,1777.0,8971.0,21612.0,-0.006752954417557522
20260624,UR2609,1776.0,122386.0,272977.0,-0.20270270270270263
20260624,UR2610,1746.0,76580.0,37808.0,0.14432989690721598
20260624,UR2611,1767.0,67110.0,49262.0,0.0
20260624,UR2612,1767.0,115.0,1032.0,-0.000228915892485838
20260624,UR2701,1764.0,6009.0,53541.0,0.0
20260624,UR2702,1764.0,78.0,1143.0,0.31972789115646183
20260624,UR2703,1811.0,10.0,421.0,0.02650469353948015
20260624,UR2704,1815.0,3.0,149.0,-0.046280991735537125
20260624,UR2705,1808.0,173.0,1464.0,-0.01991150442477929
20260624,UR2706,1805.0,3.0,14.0,0.0
20260625,UR2607,1723.0,1502.0,7682.0,0.09053975623911814
20260625,UR2608,1736.0,11247.0,18835.0,0.0
20260625,UR2609,1736.0,210344.0,287780.0,-0.2281105990783412
20260625,UR2610,1703.0,44711.0,34433.0,0.1832061068702293
20260625,UR2611,1729.0,31955.0,46789.0,0.013880855986119656
20260625,UR2612,1731.0,199.0,1109.0,-7.789223609136195e-05
20260625,UR2701,1730.0,12861.0,57258.0,-0.013872832369942856
20260625,UR2702,1728.0,149.0,1177.0,0.3958333333333339
20260625,UR2703,1785.0,39.0,427.0,0.026890756302520913
20260625,UR2704,1789.0,13.0,152.0,-0.08049189491335929
20260625,UR2705,1777.0,327.0,1672.0,0.0
20260625,UR2706,1777.0,8.0,21.0,0.0
20260626,UR2607,1718.0,1585.0,7017.0,0.09778812572759055
20260626,UR2608,1732.0,14553.0,16317.0,0.020785219399536814
20260626,UR2609,1735.0,173139.0,287742.0,-0.24207492795389074
20260626,UR2610,1700.0,50120.0,36920.0,0.18352941176470683
20260626,UR2611,1726.0,35857.0,51585.0,-0.006952491309385689
20260626,UR2612,1725.0,281.0,1270.0,7.816316560822065e-05
20260626,UR2701,1726.0,10023.0,58363.0,-0.013904982618771378
20260626,UR2702,1724.0,170.0,1222.0,0.3689095127610216
20260626,UR2703,1777.0,26.0,428.0,-0.006752954417557522
20260626,UR2704,1776.0,14.0,152.0,-0.013513513513514042
20260626,UR2705,1774.0,198.0,1729.0,-0.006764374295378239
20260626,UR2706,1773.0,2.0,21.0,0.0
