date,symbol,close,volume,open_interest,roll_yield
20250526,PR2506,6016.0,924.0,1693.0,-0.0199634050368017
20250526,PR2507,6006.0,62898.0,33441.0,-0.0681250786103353
20250526,PR2508,5972.0,17639.0,15458.0,-0.0563948671378303
20250526,PR2509,5944.0,7065.0,12404.0,0.0282305625075908
20250526,PR2510,5958.0,6.0,56.0,-0.1458984537577142
20250526,PR2511,5886.0,3.0,33.0,-0.0941502356537436
20250526,PR2512,5840.0,9.0,20.0,0.0041088855049612
20250526,PR2601,5842.0,45.0,148.0,0.0981935243753543
20250526,PR2602,5890.0,5.0,11.0,0.02035623897814
20250526,PR2603,5900.0,4.0,9.0,0.0
20250526,PR2604,5900.0,2.0,4.0,0.0
20250527,PR2506,6034.0,196.0,1564.0,-0.0478247062770377
20250527,PR2507,6010.0,45898.0,30474.0,-0.0640642162244413
20250527,PR2508,5978.0,17477.0,15205.0,-0.0684450773554569
20250527,PR2509,5944.0,5744.0,13120.0,-0.0444969328327018
20250527,PR2510,5922.0,38.0,75.0,-0.1755431882263239
20250527,PR2511,5836.0,7.0,37.0,-0.0825312744252393
20250527,PR2512,5796.0,7.0,20.0,0.057831437231387
20250527,PR2601,5824.0,44.0,160.0,0.0123562736161952
20250527,PR2602,5830.0,1.0,11.0,0.0109626653066125
20250527,PR2605,5846.0,1.0,1.0,0.0
20250528,PR2506,5960.0,745.0,1025.0,-0.0282210780162295
20250528,PR2507,5946.0,38726.0,27284.0,-0.0769363188812703
20250528,PR2508,5908.0,13857.0,16464.0,-0.097893132962546
20250528,PR2509,5860.0,3532.0,13203.0,0.0
20250528,PR2510,5860.0,27.0,89.0,-0.0780690991858772
20250528,PR2511,5822.0,2.0,36.0,-0.0785803256036149
20250528,PR2512,5784.0,5.0,20.0,-0.054063511997753
20250528,PR2601,5758.0,49.0,185.0,0.0
20250529,PR2506,6056.0,218.0,871.0,0.0277090672351115
20250529,PR2507,6070.0,67123.0,27325.0,-0.0992561490081263
20250529,PR2508,6020.0,24483.0,16860.0,-0.0759875893556813
20250529,PR2509,5982.0,8191.0,14523.0,-0.0200769663697482
20250529,PR2510,5972.0,14.0,91.0,-0.1333571562625562
20250529,PR2511,5906.0,3.0,38.0,-0.0897352923963625
20250529,PR2512,5862.0,4.0,21.0,-0.0410116598778177
20250529,PR2601,5842.0,22.0,192.0,-0.0205761518527061
20250529,PR2603,5822.0,2.0,10.0,0.0082417585657356
20250529,PR2604,5826.0,1.0,4.0,0.0
20250530,PR2506,5986.0,290.0,605.0,-0.0080213906730105
20250530,PR2507,5982.0,39516.0,22630.0,-0.1007224311848475
20250530,PR2508,5932.0,13705.0,16182.0,-0.0689773665912138
20250530,PR2509,5898.0,3951.0,14679.0,-0.0040698660725888
20250530,PR2510,5896.0,4.0,90.0,-0.139203198648925
20250530,PR2511,5828.0,2.0,40.0,-0.0992424677840673
20250530,PR2512,5780.0,4.0,22.0,-0.0207792259713352
20250530,PR2601,5770.0,30.0,194.0,0.0580913997534656
20250530,PR2602,5798.0,6.0,11.0,0.0
20250530,PR2603,5798.0,2.0,9.0,0.0330238191776238
20250530,PR2605,5830.0,1.0,1.0,0.0
20250603,PR2506,5950.0,17.0,598.0,-0.0768844309396534
20250603,PR2507,5912.0,32787.0,19175.0,-0.0569685708805146
20250603,PR2508,5884.0,16876.0,13339.0,-0.0613393736339641
20250603,PR2509,5854.0,14346.0,22647.0,0.0040990606717959
20250603,PR2510,5856.0,1883.0,1636.0,-0.0822484371335057
20250603,PR2511,5816.0,5.0,37.0,-0.0537653837557721
20250603,PR2512,5790.0,4.0,22.0,-0.0498443084243208
20250603,PR2601,5766.0,104.0,232.0,0.2553287813674185
20250603,PR2602,5890.0,1.0,12.0,-0.0245232375752048
20250603,PR2605,5854.0,1.0,1.0,0.0
20250604,PR2507,5926.0,36136.0,17281.0,-0.0527651788763971
20250604,PR2508,5900.0,14616.0,15085.0,-0.0570847151935121
20250604,PR2509,5872.0,15204.0,29848.0,0.0408024874580334
20250604,PR2510,5892.0,3622.0,4194.0,-0.131059323209105
20250604,PR2511,5828.0,4.0,38.0,-0.1408369635019025
20250604,PR2512,5760.0,3.0,22.0,0.0291312783953209
20250604,PR2601,5774.0,39.0,243.0,0.1075869275579931
20250604,PR2602,5826.0,3.0,11.0,-0.0743804034280682
20250604,PR2603,5790.0,6.0,9.0,-0.0082930203715266
20250604,PR2604,5786.0,2.0,3.0,0.0
20250605,PR2506,5886.0,18.0,598.0,-0.0285763019887992
20250605,PR2507,5872.0,40455.0,19303.0,-0.0327421758384487
20250605,PR2508,5856.0,17680.0,15839.0,-0.0575146599126241
20250605,PR2509,5828.0,28617.0,36693.0,0.0123477973508546
20250605,PR2510,5834.0,5173.0,5900.0,-0.0701394467178717
20250605,PR2511,5800.0,72.0,74.0,-0.0913815423270276
20250605,PR2512,5756.0,5.0,23.0,-0.0543270995816778
20250605,PR2601,5730.0,15.0,242.0,0.0
20250606,PR2506,5910.0,10.0,598.0,-0.0203217660759963
20250606,PR2507,5900.0,32286.0,16864.0,-0.0489131112005153
20250606,PR2508,5876.0,14136.0,16007.0,-0.0901951632632866
20250606,PR2509,5832.0,19865.0,37943.0,-0.0453530861104458
20250606,PR2510,5810.0,4503.0,7895.0,-0.0455251451349898
20250606,PR2511,5788.0,6.0,70.0,-0.0373767389907512
20250606,PR2512,5770.0,6.0,20.0,-0.016649326292058
20250606,PR2601,5762.0,51.0,251.0,0.1366710200474588
20250606,PR2602,5828.0,4.0,11.0,-0.0536544316049531
20250606,PR2603,5802.0,4.0,9.0,-0.041508294221253
20250606,PR2605,5762.0,1.0,0.0,0.0
20250609,PR2506,5860.0,12.0,610.0,0.0163710803017676
20250609,PR2507,5868.0,26423.0,16204.0,-0.053287875782233
20250609,PR2508,5842.0,16237.0,16404.0,-0.0990036554206864
20250609,PR2509,5794.0,30307.0,39064.0,-0.0041429311649213
20250609,PR2510,5792.0,5200.0,9088.0,-0.0415081700614893
20250609,PR2511,5772.0,5.0,71.0,-0.0708950802294166
20250609,PR2512,5738.0,7.0,24.0,-0.0209314548099424
20250609,PR2601,5728.0,16.0,256.0,0.0
20250610,PR2506,5910.0,5.0,615.0,-0.0896743303529703
20250610,PR2507,5866.0,16149.0,14053.0,-0.0574163774800352
20250610,PR2508,5838.0,15833.0,16879.0,-0.0949274081820935
20250610,PR2509,5792.0,46486.0,42046.0,-0.0165860427234197
20250610,PR2510,5784.0,3227.0,9952.0,-0.054063511997753
20250610,PR2511,5758.0,14.0,67.0,-0.062685150379675
20250610,PR2512,5728.0,5.0,25.0,-0.0125764203651118
20250610,PR2601,5722.0,23.0,256.0,0.0710927327664353
20250610,PR2602,5756.0,1.0,12.0,0.0
20250611,PR2506,5900.0,5.0,613.0,-0.0244316338211834
20250611,PR2507,5888.0,11899.0,12111.0,-0.061297596252401
20250611,PR2508,5858.0,12081.0,17271.0,-0.1152667524759532
20250611,PR2509,5802.0,40588.0,42512.0,-0.0165574362246438
20250611,PR2510,5794.0,2108.0,10014.0,-0.0290305999544705
20250611,PR2511,5780.0,2.0,66.0,-0.0916989526436024
20250611,PR2512,5736.0,1.0,25.0,-0.0167480836676962
20250611,PR2601,5728.0,17.0,259.0,0.0
20250612,PR2506,5900.0,5.0,608.0,-0.0244316338211834
20250612,PR2507,5888.0,8820.0,10729.0,-0.0694943178825721
20250612,PR2508,5854.0,13513.0,17456.0,-0.0946669289663899
20250612,PR2509,5808.0,51589.0,42241.0,-0.0289605381040361
20250612,PR2510,5794.0,4813.0,10528.0,-0.0373379730796032
20250612,PR2511,5776.0,4.0,65.0,-0.0332871225927024
20250612,PR2512,5760.0,1.0,26.0,-0.0542892869594618
20250612,PR2601,5734.0,12.0,259.0,0.0
20250613,PR2507,6034.0,13335.0,8499.0,-0.0558140541087701
20250613,PR2508,6006.0,24074.0,16913.0,-0.0681250786103353
20250613,PR2509,5972.0,79637.0,40297.0,-0.0120623230126459
20250613,PR2510,5966.0,5150.0,11031.0,-0.0040234702807779
20250613,PR2511,5964.0,54.0,73.0,-0.1783816630903336
20250613,PR2512,5876.0,37.0,23.0,0.0040837162211377
20250613,PR2601,5878.0,159.0,262.0,0.1016438399647221
20250613,PR2602,5928.0,6.0,13.0,-0.0162052691744575
20250613,PR2603,5920.0,8.0,10.0,0.1210094287995121
20250613,PR2604,5980.0,5.0,4.0,-0.1534857679724275
20250613,PR2605,5904.0,6.0,1.0,0.0
20250616,PR2507,6068.0,5605.0,7453.0,-0.0435859815482338
20250616,PR2508,6046.0,19035.0,17906.0,-0.1317159407367114
20250616,PR2509,5980.0,60988.0,41530.0,-0.056319245180996
20250616,PR2510,5952.0,7223.0,11042.0,-0.0768585132060628
20250616,PR2511,5914.0,7.0,68.0,-0.0610274242931324
20250616,PR2512,5884.0,8.0,20.0,-0.0081604899438661
20250616,PR2601,5880.0,43.0,250.0,0.0854096132263674
20250616,PR2602,5922.0,5.0,13.0,0.0525695870221095
20250616,PR2603,5948.0,3.0,8.0,-0.0040356482640318
20250616,PR2604,5946.0,6.0,5.0,0.0322472481596852
20250616,PR2605,5962.0,1.0,2.0,0.0
20250617,PR2507,6082.0,4000.0,6390.0,-0.0474465198015286
20250617,PR2508,6058.0,18300.0,17374.0,-0.1514970287674711
20250617,PR2509,5982.0,54914.0,41230.0,-0.0643648878026148
20250617,PR2510,5950.0,9284.0,11980.0,-0.182899391623405
20250617,PR2511,5860.0,10.0,66.0,0.0245482526795172
20250617,PR2512,5872.0,7.0,22.0,-0.004087889666512
20250617,PR2601,5870.0,26.0,257.0,0.0468354660512896
20250617,PR2603,5916.0,4.0,10.0,-0.0081163344318324
20250617,PR2604,5912.0,2.0,6.0,-0.044738231788864
20250617,PR2605,5890.0,8.0,5.0,0.0
20250618,PR2507,6196.0,5112.0,5108.0,-0.027144946136372
20250618,PR2508,6182.0,17933.0,17972.0,-0.124879175774554
20250618,PR2509,6118.0,65387.0,43893.0,-0.0787146148093245
20250618,PR2510,6078.0,7357.0,12736.0,-0.1390053603932127
20250618,PR2511,6008.0,29.0,75.0,-0.0480320854758906
20250618,PR2512,5984.0,12.0,20.0,-0.0482251151390129
20250618,PR2601,5960.0,80.0,254.0,0.076267190994708
20250618,PR2602,5998.0,4.0,13.0,-0.0521304077984813
20250618,PR2603,5972.0,5.0,10.0,0.020076966369749
20250618,PR2604,5982.0,6.0,5.0,-0.0200769663697482
20250618,PR2605,5972.0,3.0,8.0,0.0
20250619,PR2507,6258.0,2392.0,4654.0,-0.0384123247329471
20250619,PR2508,6238.0,21376.0,17320.0,-0.1082132937082431
20250619,PR2509,6182.0,67649.0,45243.0,-0.0661802164029013
20250619,PR2510,6148.0,10467.0,13193.0,-0.1571731702807636
20250619,PR2511,6068.0,51.0,98.0,-0.2155029649083289
20250619,PR2512,5960.0,5.0,22.0,0.0201173559270282
20250619,PR2601,5970.0,18.0,255.0,0.0561498350676783
20250619,PR2602,5998.0,5.0,14.0,-0.0120100093427876
20250619,PR2603,5992.0,5.0,12.0,-0.036102317052004
20250619,PR2604,5974.0,2.0,5.0,-0.0201038746971126
20250619,PR2605,5964.0,2.0,6.0,0.0
20250620,PR2507,6268.0,1568.0,4468.0,-0.049880167742241
20250620,PR2508,6242.0,19112.0,17067.0,-0.1120239907616024
20250620,PR2509,6184.0,70211.0,44951.0,-0.0700618273052565
20250620,PR2510,6148.0,7207.0,13230.0,-0.173004307141516
20250620,PR2511,6060.0,194.0,164.0,-0.0436436255589118
20250620,PR2512,6038.0,14.0,25.0,-0.0438029356452999
20250620,PR2601,6016.0,33.0,260.0,-0.0519740942421692
20250620,PR2602,5990.0,3.0,15.0,-0.0441545907107791
20250620,PR2603,5968.0,4.0,13.0,-0.0040221217068357
20250620,PR2604,5966.0,5.0,3.0,-0.0161019816175951
20250620,PR2605,5958.0,8.0,10.0,0.0
20250623,PR2507,6296.0,2238.0,3931.0,-0.0496578776432728
20250623,PR2508,6270.0,13150.0,16311.0,-0.11925086116694
20250623,PR2509,6208.0,59188.0,43638.0,-0.0697901805600383
20250623,PR2510,6172.0,10285.0,13132.0,-0.2356096628976593
20250623,PR2511,6052.0,88.0,210.0,0.0158520498613624
20250623,PR2512,6060.0,5.0,22.0,-0.0317250680487589
20250623,PR2601,6044.0,48.0,271.0,0.0198379942684059
20250623,PR2602,6054.0,3.0,13.0,-0.0039649760810095
20250623,PR2603,6052.0,4.0,11.0,-0.0158730181873967
20250623,PR2604,6044.0,4.0,3.0,0.0317250680487584
20250623,PR2605,6060.0,11.0,13.0,0.0
20250624,PR2507,6052.0,2494.0,2952.0,-0.0437014222441848
20250624,PR2508,6030.0,20126.0,15736.0,-0.1441458773760425
20250624,PR2509,5958.0,86104.0,41226.0,-0.0686754946264589
20250624,PR2510,5924.0,15873.0,12740.0,-0.1180671102035167
20250624,PR2511,5866.0,64.0,193.0,-0.0409836463944618
20250624,PR2512,5846.0,27.0,29.0,-0.0041060736072141
20250624,PR2601,5844.0,55.0,294.0,0.3998350689123254
20250624,PR2602,6042.0,2.0,13.0,-0.326139852647336
20250624,PR2603,5880.0,5.0,9.0,-0.0245148195576035
20250624,PR2604,5868.0,2.0,3.0,-0.004090676705712
20250624,PR2605,5866.0,7.0,15.0,0.0
20250625,PR2507,6044.0,738.0,2475.0,-0.0198708440834848
20250625,PR2508,6034.0,8588.0,15090.0,-0.1480759159153319
20250625,PR2509,5960.0,46026.0,40040.0,-0.0727030160604725
20250625,PR2510,5924.0,16444.0,13673.0,-0.077222959131256
20250625,PR2511,5886.0,56.0,202.0,-0.0941502356537436
20250625,PR2512,5840.0,17.0,34.0,0.0410256809854255
20250625,PR2601,5860.0,237.0,406.0,0.0612767288948886
20250625,PR2602,5890.0,2.0,13.0,0.0040740112426612
20250625,PR2603,5892.0,2.0,10.0,-0.0122324201390899
20250625,PR2605,5880.0,5.0,17.0,-0.114833412193808
20250625,PR2606,5824.0,1.0,1.0,0.0
20250626,PR2507,6010.0,1079.0,2136.0,-0.0159840183472897
20250626,PR2508,6002.0,11604.0,15180.0,-0.1448224081024953
20250626,PR2509,5930.0,60680.0,40423.0,-0.0893707583802361
20250626,PR2510,5886.0,25264.0,14288.0,-0.032664191655311
20250626,PR2511,5870.0,162.0,253.0,-0.020460363013006
20250626,PR2512,5860.0,9.0,33.0,-0.0204953081418737
20250626,PR2601,5850.0,374.0,562.0,0.0204778355774396
20250626,PR2603,5870.0,1.0,10.0,0.0
20250626,PR2605,5870.0,3.0,15.0,-0.0450589367103319
20250626,PR2606,5848.0,1.0,0.0,0.0
20250627,PR2507,5996.0,655.0,1731.0,0.0199966718494471
20250627,PR2508,6006.0,12005.0,13946.0,-0.1447253723101021
20250627,PR2509,5934.0,45123.0,41304.0,-0.1015406295532671
20250627,PR2510,5884.0,16243.0,14438.0,-0.0408580578580888
20250627,PR2511,5864.0,20.0,252.0,-0.0451051274256143
20250627,PR2512,5842.0,6.0,31.0,-0.0205585111103067
20250627,PR2601,5832.0,345.0,717.0,0.0369231934462697
20250627,PR2603,5868.0,3.0,9.0,0.0122636699483156
20250627,PR2604,5874.0,3.0,3.0,-0.0491300583919587
20250627,PR2605,5850.0,3.0,17.0,0.0
20250630,PR2507,6006.0,168.0,1623.0,-0.003996669479076
20250630,PR2508,6004.0,10271.0,11893.0,-0.1366848948736342
20250630,PR2509,5936.0,64127.0,41894.0,-0.0852074585949157
20250630,PR2510,5894.0,29004.0,14854.0,-0.0162988140506628
20250630,PR2511,5886.0,35.0,249.0,-0.0818277974667223
20250630,PR2512,5846.0,6.0,31.0,0.0123097976258838
20250630,PR2601,5852.0,26.0,723.0,0.0
20250701,PR2507,5960.0,11.0,1618.0,0.0962572006149036
20250701,PR2508,6008.0,5424.0,9859.0,-0.1527658822337753
20250701,PR2509,5932.0,57023.0,43066.0,-0.0934172935728559
20250701,PR2510,5886.0,40890.0,16394.0,-0.0367534743665492
20250701,PR2511,5868.0,13554.0,4818.0,0.0122636699483156
20250701,PR2512,5874.0,19.0,27.0,-0.0163543466540289
20250701,PR2601,5866.0,29.0,738.0,0.0
20250702,PR2507,5984.0,43.0,1575.0,-0.0120381217251597
20250702,PR2508,5978.0,7221.0,9274.0,-0.0765231658463107
20250702,PR2509,5940.0,47427.0,42883.0,-0.0566993967438343
20250702,PR2510,5912.0,32762.0,15838.0,-0.048813626631907
20250702,PR2511,5888.0,10372.0,6741.0,-0.0408302537500783
20250702,PR2512,5868.0,5.0,24.0,0.0
20250702,PR2601,5868.0,52.0,744.0,0.020397800449397
20250702,PR2604,5898.0,1.0,4.0,0.016265675143757
20250702,PR2605,5906.0,6.0,21.0,0.0
20250703,PR2507,5968.0,29.0,1546.0,-0.0443176599066451
20250703,PR2508,5946.0,3842.0,7950.0,-0.1054060831248357
20250703,PR2509,5894.0,46995.0,43678.0,-0.0407886184688951
20250703,PR2510,5874.0,26409.0,16277.0,-0.0450281954226055
20250703,PR2511,5852.0,7624.0,7043.0,0.0163934451725213
20250703,PR2512,5860.0,8.0,25.0,-0.032809316405618
20250703,PR2601,5844.0,59.0,777.0,0.122575120916621
20250703,PR2602,5904.0,6.0,15.0,0.0203080095853685
20250703,PR2603,5914.0,8.0,12.0,-0.0365791985190006
20250703,PR2604,5896.0,3.0,5.0,-0.0081438754398203
20250703,PR2605,5892.0,3.0,21.0,0.0
20250704,PR2507,5958.0,14.0,1532.0,-0.0808356037568712
20250704,PR2508,5918.0,2666.0,6999.0,-0.0977270416561535
20250704,PR2509,5870.0,51687.0,45147.0,-0.0491636058114109
20250704,PR2510,5846.0,24221.0,16378.0,-0.0328879959198383
20250704,PR2511,5830.0,5021.0,7234.0,-0.0288511215741934
20250704,PR2512,5816.0,12.0,25.0,0.0329670537016644
20250704,PR2601,5832.0,52.0,788.0,0.0533790443902161
20250704,PR2602,5858.0,1.0,14.0,0.0
20250707,PR2508,5914.0,1495.0,6735.0,-0.0855255614168524
20250707,PR2509,5872.0,38323.0,45859.0,-0.0327421758384487
20250707,PR2510,5856.0,18644.0,17367.0,-0.0328317578264969
20250707,PR2511,5840.0,4151.0,7524.0,-0.0452908412055099
20250707,PR2512,5818.0,2.0,25.0,0.0206079391193833
20250707,PR2601,5828.0,48.0,792.0,0.1106754215861377
20250707,PR2602,5882.0,2.0,15.0,0.0122344955372611
20250707,PR2603,5888.0,2.0,13.0,-0.0142832919008805
20250707,PR2605,5874.0,4.0,24.0,-0.0368286734090146
20250707,PR2606,5856.0,2.0,2.0,0.0
20250708,PR2507,5922.0,10.0,1532.0,-0.0528008975083689
20250708,PR2508,5896.0,1480.0,6101.0,-0.0612142119813136
20250708,PR2509,5866.0,32750.0,44596.0,-0.0245733874267823
20250708,PR2510,5854.0,13069.0,17728.0,-0.028732697154701
20250708,PR2511,5840.0,4501.0,7953.0,0.0287326971547007
20250708,PR2512,5854.0,5.0,25.0,-0.0082023243111477
20250708,PR2601,5850.0,22.0,796.0,0.0572988810355245
20250708,PR2602,5878.0,2.0,15.0,0.0163209817746639
20250708,PR2603,5886.0,4.0,14.0,-0.0081577161537328
20250708,PR2604,5882.0,1.0,4.0,-0.0122469818420694
20250708,PR2605,5876.0,3.0,24.0,0.0
20250709,PR2507,5920.0,2.0,1530.0,-0.0406091758108868
20250709,PR2508,5900.0,1434.0,5480.0,-0.0407470680136579
20250709,PR2509,5880.0,41555.0,43766.0,-0.0040823269657189
20250709,PR2510,5878.0,28229.0,18546.0,-0.0163432098806465
20250709,PR2511,5870.0,7434.0,8127.0,-0.0450589367103319
20250709,PR2512,5848.0,1.0,26.0,0.0123055898666004
20250709,PR2601,5854.0,12.0,795.0,0.07739414843964
20250709,PR2603,5930.0,2.0,14.0,0.0
20250709,PR2604,5930.0,2.0,4.0,-0.0893707583802361
20250709,PR2605,5886.0,2.0,23.0,0.0
20250710,PR2508,5932.0,955.0,5126.0,-0.0324105531255873
20250710,PR2509,5916.0,47495.0,43371.0,0.0202668516338405
20250710,PR2510,5926.0,25428.0,18042.0,-0.0243243326530559
20250710,PR2511,5914.0,3835.0,8051.0,-0.0101540047926845
20250710,PR2601,5904.0,38.0,784.0,0.0931335871124035
20250710,PR2602,5950.0,5.0,17.0,0.0161236168026252
20250710,PR2603,5958.0,9.0,13.0,0.0
20250710,PR2604,5958.0,1.0,4.0,-0.0120906811235979
20250710,PR2605,5952.0,13.0,29.0,0.0
20250711,PR2508,5904.0,2093.0,5055.0,-0.0529622316173486
20250711,PR2509,5878.0,45936.0,41893.0,0.0
20250711,PR2510,5878.0,16508.0,17789.0,-0.0245231692975954
20250711,PR2511,5866.0,3990.0,7758.0,0.004090676705711
20250711,PR2512,5868.0,2.0,26.0,-0.0204673425023232
20250711,PR2601,5858.0,61.0,790.0,0.0816607438505135
20250711,PR2602,5898.0,1.0,16.0,0.0487310314357801
20250711,PR2603,5922.0,5.0,12.0,-0.0243407791367126
20250711,PR2604,5910.0,1.0,5.0,0.0
20250711,PR2605,5910.0,4.0,33.0,0.0
20250714,PR2508,5938.0,1143.0,4548.0,-0.036431129347845
20250714,PR2509,5920.0,53727.0,39298.0,0.0404722137436698
20250714,PR2510,5940.0,27998.0,17803.0,-0.0161725091864144
20250714,PR2511,5932.0,6811.0,7285.0,-0.1342614446451158
20250714,PR2512,5866.0,1.0,27.0,0.1140151094896825
20250714,PR2601,5922.0,60.0,783.0,0.0485339387580773
20250714,PR2602,5946.0,2.0,16.0,0.0080699397795881
20250714,PR2603,5950.0,5.0,14.0,-0.0020171457577787
20250714,PR2605,5948.0,3.0,31.0,0.0
20250715,PR2508,5894.0,869.0,4035.0,-0.0489630057059745
20250715,PR2509,5870.0,40876.0,39008.0,0.0367409710388396
20250715,PR2510,5888.0,17197.0,17972.0,-0.0203977611581942
20250715,PR2511,5878.0,5187.0,7744.0,-0.0040837162211372
20250715,PR2512,5876.0,8.0,25.0,-0.0122594936595096
20250715,PR2601,5870.0,62.0,792.0,0.0936709321025792
20250715,PR2602,5916.0,6.0,15.0,0.0566611508028562
20250715,PR2603,5944.0,12.0,11.0,-0.0161616186045448
20250715,PR2604,5936.0,9.0,3.0,-0.0445570132175261
20250715,PR2605,5914.0,21.0,23.0,0.0
20250716,PR2508,5908.0,423.0,3785.0,-0.0447685782942282
20250716,PR2509,5886.0,30626.0,38463.0,0.0285084132047131
20250716,PR2510,5900.0,12863.0,17282.0,-0.0203562389781408
20250716,PR2511,5890.0,1728.0,7745.0,-0.0163098903803042
20250716,PR2512,5882.0,2.0,24.0,-0.0040809386552125
20250716,PR2601,5880.0,30.0,797.0,0.0610688340896547
20250716,PR2602,5910.0,2.0,15.0,-0.0081245771553109
20250716,PR2603,5906.0,8.0,10.0,0.0121848038900378
20250716,PR2604,5912.0,1.0,2.0,-0.044738231788864
20250716,PR2605,5890.0,4.0,24.0,0.0345353924523422
20250716,PR2607,5924.0,2.0,2.0,0.0
20250717,PR2508,5928.0,714.0,3359.0,-0.0527473376764573
20250717,PR2509,5902.0,37404.0,37919.0,0.0121930577806272
20250717,PR2510,5908.0,23775.0,18543.0,-0.0162601650895157
20250717,PR2511,5900.0,4770.0,7664.0,-0.0203562389781408
20250717,PR2512,5890.0,11.0,23.0,-0.0367284762153703
20250717,PR2601,5872.0,147.0,787.0,0.0091821190538426
20250717,PR2605,5890.0,1.0,24.0,0.0
20250718,PR2508,5952.0,814.0,3100.0,-0.0444370142538795
20250718,PR2509,5930.0,58391.0,35322.0,0.0121355142653416
20250718,PR2510,5936.0,26377.0,19193.0,-0.0283353142281578
20250718,PR2511,5922.0,3611.0,7715.0,-0.0487310314357808
20250718,PR2512,5898.0,10.0,20.0,-0.0203631475981132
20250718,PR2601,5888.0,206.0,853.0,0.0893405141893268
20250718,PR2602,5932.0,2.0,13.0,-0.0161943344415996
20250718,PR2603,5924.0,3.0,9.0,-0.028392779850546
20250718,PR2604,5910.0,1.0,3.0,0.0607596234785596
20250718,PR2605,5940.0,2.0,23.0,-0.0141581053390802
20250718,PR2607,5926.0,1.0,1.0,0.0
20250721,PR2508,6010.0,980.0,2627.0,-0.0520260944992805
20250721,PR2509,5984.0,56107.0,35135.0,0.0320427426705467
20250721,PR2510,6000.0,25633.0,19896.0,-0.0280327175705733
20250721,PR2511,5986.0,5625.0,7666.0,-0.0441841503361818
20250721,PR2512,5964.0,2.0,21.0,-0.0040248197593476
20250721,PR2601,5962.0,121.0,842.0,0.0080482900401245
20250721,PR2602,5966.0,1.0,14.0,0.0160804044163343
20250721,PR2603,5974.0,1.0,10.0,0.0120461780234671
20250721,PR2604,5980.0,4.0,5.0,-0.0040140492095304
20250721,PR2605,5978.0,7.0,26.0,0.0
20250722,PR2508,6022.0,574.0,2227.0,-0.0519221978302897
20250722,PR2509,5996.0,52590.0,34331.0,0.0199966718494471
20250722,PR2510,6006.0,24425.0,19886.0,-0.0280046801546425
20250722,PR2511,5992.0,5647.0,7596.0,-0.0682847030859332
20250722,PR2512,5958.0,4.0,21.0,0.0241448773610428
20250722,PR2601,5970.0,107.0,875.0,0.0
20250723,PR2508,6018.0,498.0,1809.0,-0.0639788253281548
20250723,PR2509,5986.0,70150.0,33658.0,0.0280327175705724
20250723,PR2510,6000.0,38378.0,20157.0,-0.044080864395707
20250723,PR2511,5978.0,4626.0,7505.0,-0.0241125332302721
20250723,PR2512,5966.0,16.0,20.0,-0.0201308552495301
20250723,PR2601,5956.0,177.0,835.0,0.0161073849687533
20250723,PR2602,5964.0,3.0,13.0,0.020103874697114
20250723,PR2603,5974.0,5.0,11.0,0.0320963080012782
20250723,PR2604,5990.0,5.0,7.0,0.0080106812053623
20250723,PR2605,5994.0,8.0,28.0,0.0080053371881503
20250723,PR2606,5998.0,1.0,2.0,0.0
20250724,PR2508,6036.0,410.0,1597.0,0.0119225047065328
20250724,PR2509,6042.0,48025.0,35423.0,0.0079417607134337
20250724,PR2510,6046.0,19999.0,21383.0,-0.0397614677898812
20250724,PR2511,6026.0,4894.0,7549.0,0.0
20250724,PR2512,6026.0,5.0,23.0,-0.0719043429690187
20250724,PR2601,5990.0,117.0,797.0,-0.028079571562102
20250724,PR2602,5976.0,6.0,13.0,0.0
20250724,PR2603,5976.0,6.0,11.0,0.1516481771471188
20250724,PR2604,6052.0,5.0,6.0,-0.07159451134285
20250724,PR2605,6016.0,10.0,29.0,-0.0360121121099901
20250724,PR2607,5980.0,1.0,0.0,0.0
20250725,PR2508,6122.0,173.0,1517.0,0.015670913098792
20250725,PR2509,6130.0,62560.0,32299.0,0.0117397694020212
20250725,PR2510,6136.0,23197.0,22688.0,-0.0313316104886448
20250725,PR2511,6120.0,6621.0,7935.0,-0.0510889915286087
20250725,PR2512,6094.0,24.0,26.0,-0.0118207200495905
20250725,PR2601,6088.0,810.0,844.0,0.0118207200495899
20250725,PR2602,6094.0,2.0,15.0,-0.0078791861005393
20250725,PR2603,6090.0,2.0,13.0,-0.0395388580743333
20250725,PR2605,6050.0,9.0,27.0,0.0
20250728,PR2508,5996.0,187.0,1381.0,0.0080026678524452
20250728,PR2509,6000.0,59514.0,29512.0,0.0319574090338035
20250728,PR2510,6016.0,28958.0,23383.0,-0.0279580755523595
20250728,PR2511,6002.0,6173.0,7378.0,-0.0200100096390845
20250728,PR2512,5992.0,37.0,27.0,0.0240080106755662
20250728,PR2601,6004.0,186.0,853.0,0.0995195619397357
20250728,PR2602,6054.0,10.0,13.0,0.1104907510077233
20250728,PR2603,6110.0,14.0,13.0,-0.0157222426683128
20250728,PR2604,6102.0,7.0,6.0,-0.1543811495626257
20250728,PR2605,6024.0,3.0,27.0,-0.0519049220493012
20250728,PR2606,5998.0,1.0,3.0,0.015994670811853
20250728,PR2607,6006.0,2.0,2.0,0.0
20250729,PR2508,6012.0,106.0,1325.0,-0.0119820279550745
20250729,PR2509,6006.0,29406.0,27747.0,0.027939477115094
20250729,PR2510,6020.0,18613.0,23926.0,-0.0119660970527078
20250729,PR2511,6014.0,3547.0,8080.0,0.0119660970527088
20250729,PR2512,6020.0,6.0,27.0,-0.0119660970527078
20250729,PR2601,6014.0,68.0,836.0,0.0298557590649353
20250729,PR2603,6044.0,2.0,11.0,0.0
20250730,PR2508,5984.0,86.0,1344.0,0.0600101267299357
20250730,PR2509,6014.0,33714.0,26132.0,0.035862553671811
20250730,PR2510,6032.0,18188.0,23474.0,-0.0079601992968715
20250730,PR2511,6028.0,2536.0,8675.0,-0.0119502084564828
20250730,PR2512,6022.0,13.0,31.0,0.011950208456483
20250730,PR2601,6028.0,68.0,839.0,0.0409312038302264
20250730,PR2604,6090.0,1.0,6.0,0.0118168399504747
20250730,PR2605,6096.0,3.0,26.0,-0.0869282694988282
20250730,PR2606,6052.0,4.0,4.0,0.0
20250731,PR2508,5940.0,109.0,1316.0,0.0684910370323748
20250731,PR2509,5974.0,34737.0,20431.0,0.0681023360149866
20250731,PR2510,6008.0,20499.0,23944.0,0.0
20250731,PR2511,6008.0,3174.0,9579.0,-0.0119900093238984
20250731,PR2512,6002.0,18.0,18.0,0.0
20250731,PR2601,6002.0,81.0,816.0,0.0955863002948957
20250731,PR2602,6050.0,6.0,13.0,-0.0119126445486179
20250731,PR2604,6038.0,7.0,6.0,-0.0039754845485349
20250731,PR2605,6036.0,9.0,28.0,0.0515788527601086
20250731,PR2606,6062.0,3.0,5.0,0.0079155675693364
20250731,PR2607,6066.0,1.0,2.0,0.0
20250801,PR2508,5886.0,5.0,1311.0,0.0650628500008417
20250801,PR2509,5918.0,21806.0,16646.0,0.0808356037568725
20250801,PR2510,5958.0,21860.0,22621.0,0.032182386033931
20250801,PR2511,5974.0,14207.0,15839.0,0.0120461780234671
20250801,PR2512,5980.0,2297.0,2112.0,0.0120340976156015
20250801,PR2601,5986.0,385.0,568.0,0.0189842432012556
20250801,PR2605,6024.0,3.0,27.0,-0.015946846200645
20250801,PR2606,6016.0,2.0,4.0,0.0
20250804,PR2508,5890.0,100.0,1213.0,0.0040740112426612
20250804,PR2509,5892.0,14833.0,14092.0,0.0649967736620214
20250804,PR2510,5924.0,29404.0,23312.0,0.0323668436280139
20250804,PR2511,5940.0,16176.0,18475.0,0.0322797773665072
20250804,PR2512,5956.0,2733.0,4099.0,0.0080563950659501
20250804,PR2601,5960.0,287.0,669.0,0.1002512096382926
20250804,PR2602,6010.0,2.0,13.0,0.0199501292833614
20250804,PR2603,6020.0,4.0,14.0,-0.0159574491600189
20250804,PR2604,6012.0,3.0,9.0,-0.0399867081097161
20250804,PR2605,5992.0,5.0,27.0,0.0
20250805,PR2508,5864.0,24.0,1189.0,0.0204464183049354
20250805,PR2509,5874.0,10444.0,12255.0,0.0773802104336689
20250805,PR2510,5912.0,21946.0,23810.0,0.0283831860656747
20250805,PR2511,5926.0,17437.0,19934.0,0.0161888726070776
20250805,PR2512,5934.0,9132.0,5582.0,0.0202054265619358
20250805,PR2601,5944.0,224.0,634.0,0.0221662720625922
20250805,PR2603,5966.0,2.0,12.0,0.0
20250805,PR2604,5966.0,2.0,7.0,0.0481767124176141
20250805,PR2605,5990.0,3.0,26.0,-0.0642786940352092
20250805,PR2606,5958.0,2.0,4.0,0.0
20250806,PR2509,5898.0,6706.0,11584.0,0.0770663456639368
20250806,PR2510,5936.0,26501.0,22635.0,0.0080835301136912
20250806,PR2511,5940.0,22445.0,21216.0,0.0201850341958185
20250806,PR2512,5950.0,6944.0,7756.0,-0.0080699397795891
20250806,PR2601,5946.0,289.0,740.0,0.0
20250807,PR2509,5872.0,7179.0,10440.0,0.0936391519896406
20250807,PR2510,5918.0,20786.0,21676.0,0.0
20250807,PR2511,5918.0,14915.0,21200.0,0.0081081084165787
20250807,PR2512,5922.0,4320.0,7919.0,0.0202463351554326
20250807,PR2601,5932.0,51.0,742.0,0.0323232518666755
20250807,PR2602,5948.0,2.0,13.0,0.0201579083181828
20250807,PR2603,5958.0,2.0,13.0,0.020107257423934
20250807,PR2605,5978.0,1.0,27.0,0.0
20250808,PR2509,5856.0,4584.0,9683.0,0.085758404808889
20250808,PR2510,5898.0,17215.0,21508.0,0.0040684862230718
20250808,PR2511,5900.0,21333.0,20842.0,0.0243819928107222
20250808,PR2512,5912.0,10700.0,7879.0,0.0121724439854065
20250808,PR2601,5918.0,175.0,850.0,0.0185828230187377
20250808,PR2606,5964.0,4.0,4.0,-0.0080509899028036
20250808,PR2607,5960.0,4.0,2.0,0.0
20250811,PR2509,5890.0,4726.0,8625.0,0.0893102904616159
20250811,PR2510,5934.0,19660.0,21976.0,0.0121273380710815
20250811,PR2511,5940.0,23749.0,21422.0,0.0161507426802619
20250811,PR2512,5948.0,7133.0,7613.0,0.012098807948113
20250811,PR2601,5954.0,135.0,843.0,0.0
20250812,PR2508,5922.0,283.0,1189.0,-0.0162216989893692
20250812,PR2509,5914.0,3324.0,7780.0,0.101027705666479
20250812,PR2510,5964.0,16960.0,22501.0,0.0160857932934246
20250812,PR2511,5972.0,20770.0,22362.0,0.0120502102176271
20250812,PR2512,5978.0,7051.0,8072.0,0.0080267561521219
20250812,PR2601,5982.0,61.0,852.0,0.0
20250813,PR2509,5876.0,4203.0,7177.0,0.1016782900769107
20250813,PR2510,5926.0,21787.0,22404.0,-0.0162107420802672
20250813,PR2511,5918.0,32471.0,22797.0,0.0202600081892151
20250813,PR2512,5928.0,11407.0,8109.0,0.0323450330600676
20250813,PR2601,5944.0,149.0,879.0,0.0415066485827218
20250813,PR2604,6006.0,1.0,7.0,-0.0280046801546425
20250813,PR2605,5992.0,2.0,28.0,-0.0280701882380671
20250813,PR2606,5978.0,12.0,4.0,-0.0080321288139367
20250813,PR2607,5974.0,12.0,2.0,0.0
20250814,PR2508,5860.0,80.0,0.0,-0.0821921021468974
20250814,PR2509,5820.0,4162.0,6505.0,0.0944725057429537
20250814,PR2510,5866.0,34054.0,22309.0,0.004090676705711
20250814,PR2511,5868.0,51383.0,26129.0,0.0081771723777503
20250814,PR2512,5872.0,17018.0,8254.0,0.032653081372327
20250814,PR2601,5888.0,462.0,969.0,0.0893405141893268
20250814,PR2602,5932.0,3.0,12.0,0.0161725091864159
20250814,PR2603,5940.0,3.0,15.0,0.0040397239903476
20250814,PR2604,5942.0,1.0,8.0,-0.0242587683693811
20250814,PR2605,5930.0,6.0,29.0,0.0645813869549468
20250814,PR2606,5962.0,1.0,4.0,0.0
20250814,PR2607,5962.0,2.0,3.0,0.0
20250815,PR2509,5848.0,1228.0,6093.0,0.1062315415703559
20250815,PR2510,5900.0,34706.0,20500.0,-0.0081383522956593
20250815,PR2511,5896.0,58123.0,26711.0,0.0243985173851738
20250815,PR2512,5908.0,13079.0,8355.0,0.0284023801231949
20250815,PR2601,5922.0,200.0,970.0,0.0323341974851105
20250815,PR2603,5954.0,2.0,15.0,0.0322039777311142
20250815,PR2604,5970.0,1.0,8.0,0.0
20250818,PR2509,5856.0,1373.0,5307.0,0.1385414369585021
20250818,PR2510,5924.0,26529.0,19869.0,0.0080998990588001
20250818,PR2511,5928.0,58119.0,27507.0,0.0161834144555215
20250818,PR2512,5936.0,20654.0,8392.0,0.0201986245299205
20250818,PR2601,5946.0,274.0,982.0,0.0241935565822139
20250818,PR2602,5958.0,2.0,11.0,0.0040275214340143
20250818,PR2603,5960.0,5.0,15.0,-0.0181482242210549
20250818,PR2605,5942.0,5.0,27.0,0.0242098266380242
20250818,PR2606,5954.0,2.0,4.0,-0.0201714621375193
20250818,PR2607,5944.0,2.0,3.0,0.0
20250819,PR2509,5840.0,790.0,4880.0,0.1389188139479719
20250819,PR2510,5908.0,22856.0,19612.0,-0.0040629761688294
20250819,PR2511,5906.0,42628.0,29144.0,0.0162436573026552
20250819,PR2512,5914.0,8276.0,8735.0,0.0202736997032037
20250819,PR2601,5924.0,325.0,1087.0,0.0201885014908188
20250819,PR2605,5964.0,1.0,28.0,0.0
20250820,PR2509,5868.0,713.0,4402.0,0.1786230544923273
20250820,PR2510,5956.0,38195.0,18460.0,0.0161073849687533
20250820,PR2511,5964.0,73553.0,28771.0,0.0160857932934246
20250820,PR2512,5972.0,16262.0,8572.0,0.0120502102176271
20250820,PR2601,5978.0,654.0,1188.0,0.0720482484550945
20250820,PR2602,6014.0,3.0,12.0,-0.0199700495414615
20250820,PR2603,6004.0,19.0,19.0,0.0079893487170756
20250820,PR2605,6012.0,6.0,28.0,0.0
20250821,PR2509,5940.0,1462.0,3410.0,0.1963643749211228
20250821,PR2510,6038.0,46038.0,17696.0,0.0198576911110183
20250821,PR2511,6048.0,99490.0,32081.0,-0.0079391336008652
20250821,PR2512,6044.0,30944.0,9232.0,0.0119067315870844
20250821,PR2601,6050.0,1309.0,1126.0,0.0790777161486669
20250821,PR2602,6090.0,6.0,13.0,0.0
20250821,PR2603,6090.0,11.0,17.0,-0.1108552918192363
20250821,PR2604,6034.0,4.0,8.0,0.1619777679593591
20250821,PR2605,6116.0,6.0,31.0,0.0
20250822,PR2509,5932.0,1500.0,2570.0,0.1966270375609012
20250822,PR2510,6030.0,29896.0,16506.0,0.0159098465466362
20250822,PR2511,6038.0,63090.0,32263.0,-0.0039754845485349
20250822,PR2512,6036.0,15297.0,9306.0,-0.0039768020247967
20250822,PR2601,6034.0,1031.0,1222.0,0.0455673314472371
20250822,PR2603,6080.0,1.0,17.0,0.0
20250825,PR2509,5898.0,707.0,2247.0,0.2854884186436696
20250825,PR2510,6040.0,20764.0,15510.0,0.0198511211523176
20250825,PR2511,6050.0,99275.0,32929.0,0.0
20250825,PR2512,6050.0,53141.0,9614.0,0.0039662866003115
20250825,PR2601,6052.0,881.0,1480.0,0.0355849477996516
20250825,PR2603,6088.0,1.0,18.0,0.0825015526648243
20250825,PR2604,6130.0,2.0,9.0,-0.0864443816800884
20250825,PR2605,6086.0,3.0,32.0,0.0
20250826,PR2509,5856.0,862.0,1656.0,0.3473820492628631
20250826,PR2510,6028.0,21013.0,15078.0,0.0119383196714434
20250826,PR2511,6034.0,76184.0,33925.0,0.0039768020247961
20250826,PR2512,6036.0,34597.0,10581.0,0.0119225047065328
20250826,PR2601,6042.0,1007.0,1460.0,0.0671501413141426
20250826,PR2603,6110.0,3.0,19.0,0.0235448080766007
20250826,PR2604,6122.0,8.0,10.0,-0.0510722656665067
20250826,PR2605,6096.0,6.0,32.0,0.0
20250827,PR2509,5836.0,265.0,1533.0,0.300523320139642
20250827,PR2510,5984.0,12344.0,14603.0,0.0200367386675445
20250827,PR2511,5994.0,83947.0,32095.0,0.0040033361505588
20250827,PR2512,5996.0,54416.0,10154.0,0.0040020010375918
20250827,PR2601,5998.0,643.0,1374.0,0.0996187026049738
20250827,PR2602,6048.0,1.0,12.0,0.007931263547495
20250827,PR2604,6056.0,1.0,10.0,0.0039623576387753
20250827,PR2605,6058.0,2.0,32.0,0.0039610497141309
20250827,PR2606,6060.0,2.0,4.0,0.0
20250828,PR2509,5812.0,368.0,1294.0,0.3299036890305787
20250828,PR2510,5974.0,16258.0,12681.0,0.0160588849660595
20250828,PR2511,5982.0,93076.0,30701.0,0.0160374230352201
20250828,PR2512,5990.0,63152.0,10291.0,0.0080106812053623
20250828,PR2601,5994.0,1357.0,1154.0,0.0133244626874631
20250828,PR2604,6014.0,1.0,10.0,0.0159521459184581
20250828,PR2605,6022.0,1.0,32.0,0.0
20250829,PR2509,5836.0,374.0,1077.0,0.2764349881968574
20250829,PR2510,5972.0,24066.0,8484.0,-0.0321931782621764
20250829,PR2511,5956.0,60483.0,31354.0,0.0161073849687533
20250829,PR2512,5964.0,29370.0,10645.0,0.0080455919876134
20250829,PR2601,5968.0,660.0,1161.0,0.0
20250829,PR2602,0.0,0.0,12.0,0.0
20250829,PR2603,0.0,0.0,19.0,0.0
20250829,PR2604,0.0,0.0,10.0,0.0
20250829,PR2605,0.0,0.0,32.0,0.0
20250829,PR2606,0.0,0.0,4.0,0.0
20250829,PR2607,6016.0,6.0,6.0,0.0159468462006448
20250829,PR2608,6024.0,6.0,3.0,0.0
20250901,PR2509,5818.0,265.0,867.0,0.27324884949337
20250901,PR2510,5952.0,7671.0,6624.0,-0.0040329356790285
20250901,PR2511,5950.0,50362.0,32115.0,0.0201511382366399
20250901,PR2512,5960.0,29106.0,12885.0,0.0080509899028043
20250901,PR2601,5964.0,4307.0,4584.0,0.01905405034705
20250901,PR2605,6002.0,1.0,32.0,0.007994670515558
20250901,PR2606,6006.0,1.0,4.0,-0.0099983359247239
20250901,PR2608,5996.0,2.0,3.0,0.0
20250902,PR2509,5808.0,86.0,820.0,0.212974873480867
20250902,PR2510,5912.0,5380.0,5812.0,-0.0040602267347261
20250902,PR2511,5910.0,41400.0,32536.0,0.0162326707201331
20250902,PR2512,5918.0,21104.0,13351.0,0.0121601091304122
20250902,PR2601,5924.0,3503.0,5982.0,0.0443180628872224
20250902,PR2604,5990.0,1.0,11.0,0.0040060090507234
20250902,PR2605,5992.0,7.0,37.0,0.0280046801546411
20250902,PR2606,6006.0,6.0,7.0,-0.0320106892053668
20250902,PR2607,5990.0,5.0,8.0,0.0
20250902,PR2608,5990.0,1.0,3.0,0.0
20250903,PR2510,5884.0,4729.0,5929.0,0.0163043503343125
20250903,PR2511,5892.0,71609.0,33026.0,0.0162822277354803
20250903,PR2512,5900.0,60357.0,13094.0,0.0081328366379711
20250903,PR2601,5904.0,7558.0,6921.0,0.0769882769069342
20250903,PR2602,5942.0,2.0,14.0,0.0080753704258811
20250903,PR2603,5946.0,6.0,18.0,0.0964829318227865
20250903,PR2604,5994.0,2.0,11.0,-0.0602108639037537
20250903,PR2605,5964.0,5.0,39.0,0.0361627596631711
20250903,PR2606,5982.0,1.0,7.0,0.0080213906730121
20250903,PR2607,5986.0,1.0,8.0,0.0
20250904,PR2509,5752.0,32.0,793.0,0.1533964574219685
20250904,PR2510,5826.0,3899.0,5121.0,-0.0123647615267569
20250904,PR2511,5820.0,102275.0,35887.0,0.0206008634286545
20250904,PR2512,5830.0,83433.0,15422.0,0.0164552648342637
20250904,PR2601,5838.0,21951.0,10117.0,0.0369420507250484
20250904,PR2602,5856.0,13.0,19.0,0.0204743267549864
20250904,PR2603,5866.0,13.0,23.0,0.0734196715858608
20250904,PR2604,5902.0,6.0,14.0,0.0081300816117983
20250904,PR2605,5906.0,9.0,43.0,0.1534341226323039
20250904,PR2606,5982.0,6.0,10.0,-0.0281171676755587
20250904,PR2607,5968.0,5.0,10.0,-0.096904968066545
20250904,PR2608,5920.0,1.0,3.0,0.0
20250905,PR2509,5694.0,116.0,738.0,0.3079225813164398
20250905,PR2510,5842.0,3136.0,5234.0,-0.0041088855049622
20250905,PR2511,5840.0,38013.0,37165.0,0.0164271072881008
20250905,PR2512,5848.0,22258.0,15492.0,0.0164046505383971
20250905,PR2601,5856.0,17226.0,11870.0,0.0040976609583751
20250905,PR2602,5858.0,6.0,19.0,0.0938620667115559
20250905,PR2603,5904.0,15.0,25.0,0.0040643522827145
20250905,PR2604,5906.0,4.0,16.0,0.0121848038900378
20250905,PR2605,5912.0,20.0,44.0,0.1131321510667085
20250905,PR2606,5968.0,10.0,10.0,-0.0726052635092881
20250905,PR2607,5932.0,13.0,9.0,-0.0121437014917455
20250905,PR2608,5926.0,13.0,2.0,0.0
20250908,PR2509,5784.0,23.0,493.0,0.164837756734641
20250908,PR2510,5864.0,1742.0,5040.0,0.0
20250908,PR2511,5864.0,85242.0,37164.0,0.0204464183049354
20250908,PR2512,5874.0,63177.0,14371.0,0.0040851064224292
20250908,PR2601,5876.0,5294.0,11731.0,-0.0081716039929974
20250908,PR2602,5872.0,2.0,20.0,0.0408024874580334
20250908,PR2603,5892.0,7.0,25.0,0.0122137415124074
20250908,PR2604,5898.0,2.0,16.0,0.040622923019202
20250908,PR2605,5918.0,9.0,46.0,0.0524902405589563
20250908,PR2607,5970.0,1.0,9.0,0.0
20250909,PR2510,5844.0,1182.0,4621.0,-0.0123266574783603
20250909,PR2511,5838.0,32353.0,37048.0,0.0205374001866526
20250909,PR2512,5848.0,15122.0,14139.0,0.0164046505383971
20250909,PR2601,5856.0,3636.0,11660.0,0.030581304568629
20250909,PR2605,5916.0,1.0,45.0,0.0
20250910,PR2510,5846.0,647.0,4477.0,0.0041046691010772
20250910,PR2511,5848.0,32169.0,37812.0,0.0205023114967735
20250910,PR2512,5858.0,20757.0,13823.0,0.0163766657966097
20250910,PR2601,5866.0,21049.0,10317.0,0.0
20250911,PR2509,5700.0,10.0,493.0,0.2911754639955756
20250911,PR2510,5840.0,2362.0,3813.0,0.0082163645798086
20250911,PR2511,5844.0,34262.0,37689.0,0.0082107427082918
20250911,PR2512,5848.0,24559.0,13077.0,0.0123055898666004
20250911,PR2601,5854.0,15167.0,10031.0,0.0735697127256149
20250911,PR2602,5890.0,1177.0,651.0,-0.0040753948430432
20250911,PR2603,5888.0,3.0,25.0,0.0488136266319063
20250911,PR2604,5912.0,1.0,16.0,0.016227183000165
20250911,PR2605,5920.0,1.0,46.0,0.0
20250912,PR2509,5840.0,165.0,0.0,-0.0452908412055099
20250912,PR2510,5818.0,1347.0,3162.0,-0.0247763336468605
20250912,PR2511,5806.0,44822.0,37120.0,0.0165232384109536
20250912,PR2512,5814.0,32068.0,12675.0,0.0041272571344076
20250912,PR2601,5816.0,12318.0,10523.0,0.0617391174940323
20250912,PR2602,5846.0,436.0,875.0,0.0041046691010772
20250912,PR2603,5848.0,25.0,34.0,0.0491468263768437
20250912,PR2604,5872.0,18.0,25.0,-0.0245482526795185
20250912,PR2605,5860.0,13.0,55.0,0.1222421436839159
20250912,PR2606,5920.0,1.0,10.0,-0.0609654147890274
20250912,PR2607,5890.0,6.0,9.0,-0.0122303390916514
20250912,PR2608,5884.0,6.0,2.0,0.0
20250915,PR2510,5840.0,408.0,2934.0,-0.0164496256053445
20250915,PR2511,5832.0,37533.0,35850.0,0.0123393327067927
20250915,PR2512,5838.0,29782.0,12635.0,-0.0041117012566053
20250915,PR2601,5836.0,11042.0,11096.0,0.0656187554423534
20250915,PR2602,5868.0,29.0,899.0,0.0204324925918832
20250915,PR2603,5878.0,24.0,41.0,0.0
20250915,PR2604,5878.0,5.0,24.0,0.0244731560012363
20250915,PR2605,5890.0,5.0,55.0,0.0466770492095044
20250915,PR2607,5936.0,1.0,10.0,0.0
20250916,PR2510,5854.0,285.0,2786.0,-0.0164102589676789
20250916,PR2511,5846.0,34144.0,35813.0,0.0
20250916,PR2512,5846.0,22349.0,13007.0,0.0
20250916,PR2601,5846.0,9739.0,10902.0,0.0614230994709213
20250916,PR2602,5876.0,18.0,904.0,0.0367035120464656
20250916,PR2603,5894.0,13.0,44.0,0.0
20250917,PR2510,5880.0,236.0,2600.0,-0.0245148195576035
20250917,PR2511,5868.0,36618.0,33645.0,0.0122636699483156
20250917,PR2512,5874.0,35774.0,12251.0,-0.0122636699483169
20250917,PR2601,5868.0,17403.0,10713.0,0.0530522884172126
20250917,PR2602,5894.0,24.0,910.0,0.0690240441393928
20250917,PR2603,5928.0,9.0,49.0,0.0242669445692144
20250917,PR2604,5940.0,2.0,23.0,-0.0242669445692137
20250917,PR2605,5928.0,3.0,54.0,0.0
20250918,PR2510,5834.0,241.0,2482.0,-0.0370815745717377
20250918,PR2511,5816.0,92456.0,32295.0,0.0123732611065585
20250918,PR2512,5822.0,81983.0,12380.0,-0.0041230029610199
20250918,PR2601,5820.0,12761.0,10658.0,0.0903804340920466
20250918,PR2602,5864.0,510.0,1157.0,0.0163599207343695
20250918,PR2603,5872.0,33.0,69.0,0.0936391519896406
20250918,PR2604,5918.0,2.0,22.0,0.0162107420802683
20250918,PR2605,5926.0,4.0,54.0,0.0
20250919,PR2510,5814.0,434.0,2220.0,-0.107809985692169
20250919,PR2511,5762.0,57758.0,33783.0,0.0124891598437342
20250919,PR2512,5768.0,44355.0,13816.0,0.0
20250919,PR2601,5768.0,14555.0,11400.0,0.0746632204715215
20250919,PR2602,5804.0,327.0,1310.0,0.0289107006128207
20250919,PR2603,5818.0,6.0,69.0,0.0206079391193833
20250919,PR2604,5828.0,7.0,23.0,0.0164609079309688
20250919,PR2605,5836.0,7.0,55.0,0.0
20250922,PR2510,5792.0,302.0,2046.0,-0.0953038674033144
20250922,PR2511,5746.0,34876.0,35047.0,0.0125304559693697
20250922,PR2512,5752.0,38722.0,14962.0,0.0
20250922,PR2601,5752.0,32589.0,11631.0,0.0208623087621688
20250922,PR2602,5762.0,355.0,1514.0,0.0291565428670592
20250922,PR2603,5776.0,16.0,75.0,0.0747922437673143
20250922,PR2604,5812.0,5.0,24.0,0.0330350997935307
20250922,PR2605,5828.0,2.0,56.0,0.0
20250922,PR2606,0.0,0.0,10.0,0.0
20250922,PR2607,0.0,0.0,10.0,0.0
20250922,PR2608,0.0,0.0,2.0,0.0
20250922,PR2609,0.0,0.0,0.0,0.0
20250923,PR2510,5762.0,391.0,1829.0,-0.0916348490107603
20250923,PR2511,5718.0,55396.0,34945.0,0.0041972717733482
20250923,PR2512,5720.0,63801.0,15074.0,-4.714386736859311e-05
20250923,PR2601,5718.0,20793.0,11831.0,0.0797481636935986
20250923,PR2602,5756.0,46.0,1529.0,0.0375260597637261
20250923,PR2603,5774.0,46.0,90.0,0.0498787668860414
20250923,PR2604,5798.0,20.0,34.0,-0.024836150396688
20250923,PR2605,5786.0,15.0,68.0,0.0
20250923,PR2606,0.0,0.0,10.0,0.0
20250923,PR2607,5848.0,1.0,11.0,0.0
20250923,PR2608,0.0,0.0,2.0,0.0
20250923,PR2609,0.0,0.0,0.0,0.0
20250924,PR2510,5806.0,274.0,1636.0,-0.0454702032380298
20250924,PR2511,5784.0,68662.0,31531.0,0.0082987551867219
20250924,PR2512,5788.0,48088.0,15024.0,-0.0001397700006988
20250924,PR2601,5782.0,28000.0,11474.0,0.0705638187478392
20250924,PR2602,5816.0,46.0,1542.0,0.0288858321870693
20250924,PR2603,5830.0,19.0,90.0,0.0370497427101188
20250924,PR2604,5848.0,15.0,36.0,0.0164158686730511
20250924,PR2605,5856.0,15.0,67.0,0.0081967213114744
20250924,PR2606,5860.0,1.0,10.0,0.0327645051194549
20250924,PR2607,5876.0,1.0,12.0,0.0
20250924,PR2608,0.0,0.0,2.0,0.0
20250924,PR2609,0.0,0.0,0.0,0.0
20250925,PR2510,5874.0,268.0,1458.0,-0.0694586312563836
20250925,PR2511,5840.0,28616.0,28893.0,0.0
20250925,PR2512,5840.0,24047.0,14330.0,-9.235031553024808e-05
20250925,PR2601,5836.0,14619.0,11229.0,0.0534612748457847
20250925,PR2602,5862.0,175.0,1602.0,0.0081883316274309
20250925,PR2603,5866.0,6.0,89.0,0.040913740197749
20250925,PR2604,5886.0,2.0,38.0,0.0366972477064209
20250925,PR2605,5904.0,7.0,64.0,0.0
20250925,PR2606,0.0,0.0,10.0,0.0
20250925,PR2607,5902.0,1.0,11.0,0.0
20250925,PR2608,0.0,0.0,2.0,0.0
20250925,PR2609,0.0,0.0,0.0,0.0
20250926,PR2510,5846.0,8.0,1452.0,-0.0903181662675329
20250926,PR2511,5802.0,56826.0,26435.0,0.0
20250926,PR2512,5802.0,55861.0,16201.0,-9.295516075432624e-05
20250926,PR2601,5798.0,18824.0,13838.0,0.0703690927906164
20250926,PR2602,5832.0,184.0,1583.0,-0.0164609053497937
20250926,PR2603,5824.0,11.0,87.0,0.0741758241758239
20250926,PR2604,5860.0,3.0,40.0,0.0204778156996576
20250926,PR2605,5870.0,2.0,64.0,0.0
20250926,PR2606,0.0,0.0,10.0,0.0
20250926,PR2607,0.0,0.0,11.0,0.0
20250926,PR2608,0.0,0.0,2.0,0.0
20250926,PR2609,0.0,0.0,0.0,0.0
20250929,PR2510,5832.0,57.0,1423.0,-0.0740740740740744
20250929,PR2511,5796.0,42587.0,20146.0,0.004140786749482
20250929,PR2512,5798.0,51554.0,18205.0,0.0
20250929,PR2601,5798.0,22666.0,14625.0,0.0952052431873058
20250929,PR2602,5844.0,71.0,1607.0,0.0369609856262842
20250929,PR2603,5862.0,87.0,121.0,0.0736949846468784
20250929,PR2604,5898.0,61.0,70.0,0.0447609359104772
20250929,PR2605,5920.0,70.0,104.0,0.0445945945945958
20250929,PR2606,5942.0,8.0,7.0,0.0080780881857966
20250929,PR2607,5946.0,14.0,8.0,-0.0686175580221992
20250929,PR2608,5912.0,6.0,2.0,-0.0568335588633286
20250929,PR2609,5884.0,7.0,1.0,0.0
20250930,PR2510,5758.0,287.0,1387.0,0.0
20250930,PR2511,5758.0,72230.0,15614.0,-0.0125043417853425
20250930,PR2512,5752.0,58817.0,18923.0,-9.376318544795302e-05
20250930,PR2601,5748.0,22237.0,16608.0,0.0960334029227558
20250930,PR2602,5794.0,32.0,1613.0,0.0124266482568184
20250930,PR2603,5800.0,13.0,120.0,0.0868965517241369
20250930,PR2604,5842.0,6.0,70.0,0.0082163642588151
20250930,PR2605,5846.0,3.0,104.0,0.0
20250930,PR2606,0.0,0.0,7.0,0.0
20250930,PR2607,0.0,0.0,8.0,0.0
20250930,PR2608,0.0,0.0,2.0,0.0
20250930,PR2609,0.0,0.0,1.0,0.0
20251009,PR2510,5716.0,2.0,1385.0,0.1091672498250533
20251009,PR2511,5768.0,14553.0,12944.0,-0.0416088765603328
20251009,PR2512,5748.0,19950.0,20674.0,-0.0003753137388285
20251009,PR2601,5732.0,13315.0,21184.0,0.0921144452198188
20251009,PR2602,5776.0,702.0,2198.0,-0.087257617728532
20251009,PR2603,5734.0,24.0,117.0,0.1004534356470188
20251009,PR2604,5782.0,20.0,71.0,-0.024904877205119
20251009,PR2605,5770.0,22.0,105.0,0.2121317157712292
20251009,PR2606,5872.0,2.0,6.0,-0.1103542234332426
20251009,PR2607,5818.0,4.0,8.0,-0.0990030938466826
20251009,PR2608,5770.0,1.0,3.0,0.0
20251009,PR2609,0.0,0.0,1.0,0.0
20251010,PR2510,0.0,0.0,1385.0,0.0
20251010,PR2511,5706.0,12596.0,10659.0,-0.0799158780231334
20251010,PR2512,5668.0,43984.0,24189.0,-0.0003330346593927
20251010,PR2601,5654.0,29175.0,29784.0,0.0933852140077817
20251010,PR2602,5698.0,5121.0,5923.0,0.0294840294840303
20251010,PR2603,5712.0,35.0,134.0,0.0462184873949578
20251010,PR2604,5734.0,18.0,81.0,0.0585978374607591
20251010,PR2605,5762.0,9.0,107.0,0.0749739673724407
20251010,PR2606,5798.0,6.0,6.0,0.0
20251010,PR2607,5798.0,4.0,6.0,-0.0455329423939283
20251010,PR2608,5776.0,7.0,4.0,0.1163434903047093
20251010,PR2609,5832.0,1.0,1.0,0.0
20251013,PR2510,0.0,0.0,1385.0,0.0
20251013,PR2511,5660.0,7393.0,8559.0,-0.0212014134275619
20251013,PR2512,5650.0,36253.0,23507.0,-0.0005727354081734
20251013,PR2601,5626.0,32712.0,32213.0,0.1023817987913258
20251013,PR2602,5674.0,9260.0,8546.0,0.0338385618611205
20251013,PR2603,5690.0,74.0,145.0,0.0084358523725844
20251013,PR2604,5694.0,51.0,92.0,0.0969441517386711
20251013,PR2605,5740.0,42.0,118.0,0.0543554006968634
20251013,PR2606,5766.0,2.0,7.0,-0.070759625390218
20251013,PR2607,5732.0,3.0,7.0,0.079553384508026
20251013,PR2608,5770.0,1.0,4.0,-0.0041594454072795
20251013,PR2609,5768.0,1.0,1.0,0.0
20251014,PR2510,5680.0,56.0,1329.0,-0.1943661971830983
20251014,PR2511,5588.0,3834.0,7544.0,-0.0085898353614894
20251014,PR2512,5584.0,29471.0,23592.0,-0.0005312127748623
20251014,PR2601,5562.0,27115.0,33193.0,0.0949298813376477
20251014,PR2602,5606.0,7313.0,8608.0,0.017124509454157
20251014,PR2603,5614.0,38.0,156.0,0.0641254007837552
20251014,PR2604,5644.0,16.0,101.0,0.0127569099929134
20251014,PR2605,5650.0,9.0,118.0,0.0976991150442465
20251014,PR2606,5696.0,1.0,8.0,0.03370786516854
20251014,PR2607,5712.0,3.0,8.0,0.0252100840336133
20251014,PR2608,5724.0,3.0,4.0,-0.0125786163522008
20251014,PR2609,5718.0,2.0,1.0,0.0
20251015,PR2510,0.0,0.0,1329.0,0.0
20251015,PR2511,5574.0,2095.0,6812.0,0.0
20251015,PR2512,5574.0,23735.0,23891.0,-0.000774059336486
20251015,PR2601,5542.0,23867.0,34457.0,0.0909418982316854
20251015,PR2602,5584.0,4015.0,8854.0,0.0042979942693399
20251015,PR2603,5586.0,109.0,133.0,0.0343716433941994
20251015,PR2604,5602.0,35.0,92.0,0.0385576579792941
20251015,PR2605,5620.0,71.0,96.0,0.0555160142348754
20251015,PR2606,5646.0,2.0,9.0,0.0340063761955358
20251015,PR2607,5662.0,8.0,14.0,0.0423878488166717
20251015,PR2608,5682.0,2.0,5.0,0.0
20251015,PR2609,5682.0,3.0,2.0,0.0
20251016,PR2510,5586.0,2.0,1329.0,0.0472610096670251
20251016,PR2511,5608.0,2404.0,5814.0,0.0042796005706131
20251016,PR2512,5610.0,41266.0,22080.0,-0.0005768190830979
20251016,PR2601,5586.0,42764.0,35207.0,0.0816326530612245
20251016,PR2602,5624.0,12953.0,8823.0,-0.0128022759601709
20251016,PR2603,5618.0,14.0,135.0,0.0085439658241357
20251016,PR2604,5622.0,6.0,88.0,0.0384204909284964
20251016,PR2605,5640.0,14.0,96.0,0.0340425531914894
20251016,PR2606,5656.0,1.0,8.0,-0.0084865629420081
20251016,PR2607,5652.0,3.0,12.0,0.0
20251016,PR2608,0.0,0.0,5.0,0.0
20251016,PR2609,5678.0,1.0,3.0,0.0
20251017,PR2510,5630.0,590.0,789.0,-0.1449378330372996
20251017,PR2511,5562.0,2819.0,5260.0,-0.0129449838187705
20251017,PR2512,5556.0,77500.0,22053.0,-0.0008251025311233
20251017,PR2601,5522.0,77933.0,37178.0,0.0782325244476638
20251017,PR2602,5558.0,17244.0,9087.0,0.008636200071967
20251017,PR2603,5562.0,25.0,145.0,0.0906148867313909
20251017,PR2604,5604.0,11.0,89.0,0.0128479657387581
20251017,PR2605,5610.0,21.0,104.0,0.0
20251017,PR2606,0.0,0.0,8.0,0.0
20251017,PR2607,0.0,0.0,12.0,0.0
20251017,PR2608,0.0,0.0,5.0,0.0
20251017,PR2609,0.0,0.0,3.0,0.0
20251020,PR2510,5652.0,300.0,489.0,-0.2250530785562627
20251020,PR2511,5546.0,2022.0,4607.0,-0.0086548864046163
20251020,PR2512,5542.0,28462.0,22587.0,-0.0009245029782782
20251020,PR2601,5504.0,40114.0,39085.0,0.095930232558139
20251020,PR2602,5548.0,7398.0,9812.0,-0.0086517664023078
20251020,PR2603,5544.0,31.0,156.0,0.0432900432900433
20251020,PR2604,5564.0,16.0,98.0,0.0043134435657794
20251020,PR2605,5566.0,9.0,102.0,0.0
20251020,PR2606,0.0,0.0,8.0,0.0
20251020,PR2607,5670.0,1.0,11.0,-0.0211640211640218
20251020,PR2608,5660.0,2.0,5.0,0.0
20251020,PR2609,0.0,0.0,3.0,0.0
20251021,PR2510,0.0,0.0,489.0,0.0
20251021,PR2511,5578.0,1429.0,4027.0,-0.0172104697024018
20251021,PR2512,5570.0,24622.0,21289.0,-0.0008714421156678
20251021,PR2601,5534.0,37065.0,38459.0,0.0910733646548598
20251021,PR2602,5576.0,6231.0,9670.0,-0.0086083213773315
20251021,PR2603,5572.0,36.0,152.0,0.0689160086145017
20251021,PR2604,5604.0,13.0,92.0,-0.0342612419700207
20251021,PR2605,5588.0,20.0,95.0,0.0
20251021,PR2606,0.0,0.0,8.0,0.0
20251021,PR2607,0.0,0.0,11.0,0.0
20251021,PR2608,0.0,0.0,5.0,0.0
20251021,PR2609,5636.0,4.0,3.0,0.0
20251022,PR2510,0.0,15.0,0.0,0.0
20251022,PR2511,5646.0,1344.0,3316.0,-0.0340063761955371
20251022,PR2512,5630.0,35409.0,19410.0,-0.0007184624902708
20251022,PR2601,5600.0,57109.0,39728.0,0.0942857142857134
20251022,PR2602,5644.0,13321.0,10438.0,-0.0085046066619423
20251022,PR2603,5640.0,21.0,149.0,0.0127659574468088
20251022,PR2604,5646.0,20.0,90.0,0.0255047821466511
20251022,PR2605,5658.0,27.0,92.0,0.1230116648992583
20251022,PR2606,5716.0,2.0,9.0,0.0
20251022,PR2607,0.0,0.0,11.0,0.0
20251022,PR2608,0.0,0.0,5.0,0.0
20251022,PR2609,0.0,0.0,3.0,0.0
20251023,PR2511,5678.0,1008.0,2752.0,-0.0253610426206414
20251023,PR2512,5666.0,26686.0,17726.0,-0.000904270297497
20251023,PR2601,5628.0,41452.0,40951.0,0.0852878464818767
20251023,PR2602,5668.0,6862.0,10511.0,0.0
20251023,PR2603,5668.0,13.0,152.0,0.0296400846859565
20251023,PR2604,5682.0,4.0,89.0,0.0295670538542758
20251023,PR2605,5696.0,7.0,88.0,0.0252808988764057
20251023,PR2606,5708.0,1.0,8.0,0.0
20251023,PR2607,0.0,0.0,11.0,0.0
20251023,PR2608,0.0,0.0,5.0,0.0
20251023,PR2609,0.0,0.0,3.0,0.0
20251023,PR2610,0.0,0.0,0.0,0.0
20251024,PR2511,5688.0,448.0,2441.0,-0.0506329113924044
20251024,PR2512,5664.0,33474.0,16268.0,-0.0008569796229289
20251024,PR2601,5628.0,45240.0,39930.0,0.0852878464818767
20251024,PR2602,5668.0,6728.0,10659.0,0.0084685956245582
20251024,PR2603,5672.0,25.0,157.0,0.0211565585331445
20251024,PR2604,5682.0,21.0,86.0,0.0337909186906024
20251024,PR2605,5698.0,22.0,99.0,0.0
20251024,PR2606,0.0,0.0,8.0,0.0
20251024,PR2607,0.0,0.0,11.0,0.0
20251024,PR2608,5778.0,1.0,4.0,0.0
20251024,PR2609,0.0,0.0,3.0,0.0
20251024,PR2610,0.0,0.0,0.0,0.0
20251027,PR2511,5770.0,880.0,1756.0,-0.0415944540727899
20251027,PR2512,5750.0,31642.0,14366.0,-0.0006565705911089
20251027,PR2601,5722.0,59983.0,39592.0,0.0796924152394256
20251027,PR2602,5760.0,11902.0,11068.0,0.0291666666666658
20251027,PR2603,5774.0,57.0,159.0,0.0083131278143406
20251027,PR2604,5778.0,26.0,83.0,0.033229491173417
20251027,PR2605,5794.0,47.0,122.0,-0.1159820503969619
20251027,PR2606,5738.0,2.0,7.0,0.041826420355524
20251027,PR2607,5758.0,2.0,10.0,0.0500173671413675
20251027,PR2608,5782.0,1.0,3.0,0.0
20251027,PR2609,0.0,0.0,3.0,0.0
20251027,PR2610,0.0,0.0,0.0,0.0
20251028,PR2511,5754.0,612.0,1215.0,-0.0291970802919707
20251028,PR2512,5740.0,16091.0,13631.0,-0.0006577144423129
20251028,PR2601,5712.0,31154.0,37736.0,0.0798319327731089
20251028,PR2602,5750.0,7962.0,11320.0,-0.0041739130434779
20251028,PR2603,5748.0,55.0,173.0,0.0292275574112723
20251028,PR2604,5762.0,19.0,85.0,0.037486983686219
20251028,PR2605,5780.0,29.0,136.0,0.0664359861591705
20251028,PR2606,5812.0,1.0,7.0,0.0330350997935307
20251028,PR2607,5828.0,1.0,9.0,0.0
20251028,PR2608,0.0,0.0,3.0,0.0
20251028,PR2609,5834.0,2.0,2.0,0.0
20251028,PR2610,0.0,0.0,0.0,0.0
20251029,PR2511,5774.0,226.0,998.0,-0.0623484586075511
20251029,PR2512,5744.0,15954.0,10901.0,-0.0004225219867922
20251029,PR2601,5726.0,37094.0,36059.0,0.1005937827453724
20251029,PR2602,5774.0,14389.0,12082.0,-0.0249393834430207
20251029,PR2603,5762.0,28.0,168.0,-0.0041652204095798
20251029,PR2604,5760.0,2.0,85.0,0.0458333333333325
20251029,PR2605,5782.0,4.0,136.0,0.0913178830854377
20251029,PR2606,5826.0,1.0,7.0,0.0
20251029,PR2607,0.0,0.0,9.0,0.0
20251029,PR2608,0.0,0.0,3.0,0.0
20251029,PR2609,5830.0,1.0,2.0,0.0
20251029,PR2610,0.0,0.0,0.0,0.0
20251030,PR2511,5700.0,260.0,794.0,-0.0210526315789474
20251030,PR2512,5690.0,16133.0,9105.0,-0.0005687091487134
20251030,PR2601,5666.0,48313.0,37498.0,0.1016590187080828
20251030,PR2602,5714.0,25278.0,12598.0,-0.0126006300315015
20251030,PR2603,5708.0,73.0,182.0,0.063069376313944
20251030,PR2604,5738.0,21.0,80.0,-0.0376437783199716
20251030,PR2605,5720.0,36.0,128.0,0.2013986013986004
20251030,PR2606,5816.0,1.0,6.0,0.0165061898211824
20251030,PR2607,5824.0,1.0,9.0,0.0
20251030,PR2608,0.0,0.0,3.0,0.0
20251030,PR2609,0.0,0.0,2.0,0.0
20251030,PR2610,0.0,0.0,0.0,0.0
20251031,PR2511,5690.0,96.0,704.0,0.0168717047451663
20251031,PR2512,5698.0,10796.0,7423.0,-0.0006152365702927
20251031,PR2601,5672.0,31876.0,35259.0,0.0973201692524687
20251031,PR2602,5718.0,13849.0,13597.0,0.0
20251031,PR2603,5718.0,77.0,215.0,0.0
20251031,PR2604,5718.0,7.0,80.0,0.0587618048268625
20251031,PR2605,5746.0,16.0,132.0,0.0
20251031,PR2606,0.0,0.0,6.0,0.0
20251031,PR2607,5792.0,3.0,8.0,-0.0704419889502756
20251031,PR2608,5758.0,1.0,3.0,-0.0125043417853425
20251031,PR2609,5752.0,4.0,1.0,0.1418636995827542
20251031,PR2610,5820.0,10.0,0.0,0.0
20251103,PR2511,5730.0,50.0,654.0,-0.0628272251308894
20251103,PR2512,5700.0,3584.0,6062.0,-0.0006150206978119
20251103,PR2601,5674.0,31873.0,37539.0,0.1015156855833616
20251103,PR2602,5722.0,13834.0,15012.0,-0.0083886752883612
20251103,PR2603,5718.0,1406.0,1421.0,0.0377754459601265
20251103,PR2604,5736.0,2.0,79.0,0.0460251046025117
20251103,PR2605,5758.0,4.0,132.0,0.0
20251103,PR2606,0.0,0.0,6.0,0.0
20251103,PR2607,5812.0,1.0,7.0,0.0
20251103,PR2608,0.0,0.0,3.0,0.0
20251103,PR2609,0.0,0.0,1.0,0.0
20251103,PR2610,0.0,0.0,0.0,0.0
20251104,PR2511,5702.0,55.0,599.0,-0.0210452472816551
20251104,PR2512,5692.0,2779.0,4801.0,-0.0006158850979494
20251104,PR2601,5666.0,27680.0,38542.0,0.1016590187080828
20251104,PR2602,5714.0,9366.0,15678.0,-0.0252012600630031
20251104,PR2603,5702.0,3118.0,3773.0,0.0294633461943174
20251104,PR2604,5716.0,10.0,74.0,0.0251924422673202
20251104,PR2605,5728.0,28.0,129.0,0.0879888268156419
20251104,PR2606,5770.0,12.0,10.0,0.0790294627383003
20251104,PR2607,5808.0,6.0,7.0,0.0
20251104,PR2608,0.0,0.0,3.0,0.0
20251104,PR2609,0.0,0.0,1.0,0.0
20251104,PR2610,0.0,0.0,0.0,0.0
20251105,PR2511,5700.0,11.0,588.0,-0.0336842105263164
20251105,PR2512,5684.0,2558.0,3868.0,-0.0005218670187951
20251105,PR2601,5662.0,35817.0,38465.0,0.0932532673966806
20251105,PR2602,5706.0,14324.0,16153.0,-0.0210304942166135
20251105,PR2603,5696.0,3589.0,5290.0,0.0210674157303358
20251105,PR2604,5706.0,52.0,57.0,0.0294426919032586
20251105,PR2605,5720.0,74.0,155.0,0.0
20251105,PR2606,5720.0,13.0,20.0,-0.0167832167832164
20251105,PR2607,5712.0,6.0,11.0,0.0126050420168066
20251105,PR2608,5718.0,1.0,4.0,0.0083945435466938
20251105,PR2609,5722.0,1.0,2.0,0.0
20251105,PR2610,0.0,0.0,0.0,0.0
20251106,PR2511,5730.0,88.0,500.0,0.0544502617801052
20251106,PR2512,5756.0,2429.0,3426.0,-0.0004684901343785
20251106,PR2601,5736.0,43438.0,39554.0,0.0878661087866099
20251106,PR2602,5778.0,14733.0,15632.0,-0.0124610591900307
20251106,PR2603,5772.0,7483.0,7377.0,-0.0124740124740121
20251106,PR2604,5766.0,100.0,61.0,0.0166493236212268
20251106,PR2605,5774.0,66.0,171.0,-0.0665050225147214
20251106,PR2606,5742.0,11.0,26.0,0.0417972831765931
20251106,PR2607,5762.0,6.0,14.0,-0.0083304408191597
20251106,PR2608,5758.0,1.0,4.0,0.0
20251106,PR2609,5758.0,1.0,3.0,0.0
20251106,PR2610,0.0,0.0,0.0,0.0
20251107,PR2511,5740.0,5.0,495.0,0.0
20251107,PR2512,5740.0,1762.0,3131.0,-0.0003288572211564
20251107,PR2601,5726.0,36124.0,39875.0,0.0796367446734205
20251107,PR2602,5764.0,23474.0,15878.0,-0.0166551006245665
20251107,PR2603,5756.0,23150.0,7472.0,-0.0583738707435723
20251107,PR2604,5728.0,12.0,68.0,0.0670391061452519
20251107,PR2605,5760.0,27.0,184.0,-0.0041666666666673
20251107,PR2606,5758.0,4.0,28.0,-0.0250086835706837
20251107,PR2607,5746.0,4.0,15.0,0.0
20251107,PR2608,0.0,0.0,4.0,0.0
20251107,PR2609,5786.0,1.0,3.0,0.0
20251107,PR2610,0.0,0.0,0.0,0.0
20251110,PR2511,5746.0,70.0,425.0,0.0501218238774789
20251110,PR2512,5770.0,1199.0,2677.0,-0.0001402060249644
20251110,PR2601,5764.0,39848.0,39460.0,0.0749479528105494
20251110,PR2602,5800.0,18342.0,16331.0,-0.0124137931034487
20251110,PR2603,5794.0,7116.0,7953.0,0.0207110804280281
20251110,PR2604,5804.0,153.0,151.0,0.0248104755341147
20251110,PR2605,5816.0,382.0,423.0,-0.0412654745529574
20251110,PR2606,5796.0,7.0,33.0,0.0
20251110,PR2607,5796.0,4.0,14.0,0.0165631469979308
20251110,PR2608,5804.0,3.0,5.0,-0.0124052377670573
20251110,PR2609,5798.0,1.0,4.0,0.0
20251110,PR2610,0.0,0.0,0.0,0.0
20251111,PR2511,5756.0,21.0,404.0,-0.0792216817234185
20251111,PR2512,5718.0,941.0,2577.0,-0.0005187639270429
20251111,PR2601,5696.0,30996.0,41116.0,0.0758426966292145
20251111,PR2602,5732.0,7801.0,16968.0,-0.0083740404745284
20251111,PR2603,5728.0,5655.0,8224.0,0.1592178770949708
20251111,PR2604,5804.0,10.0,154.0,-0.1075120606478292
20251111,PR2605,5752.0,134.0,508.0,0.0959666203059805
20251111,PR2606,5798.0,1.0,32.0,0.0
20251111,PR2607,0.0,0.0,14.0,0.0
20251111,PR2608,5806.0,1.0,4.0,-0.0165346193592834
20251111,PR2609,5798.0,1.0,3.0,0.0
20251111,PR2610,0.0,0.0,0.0,0.0
20251112,PR2511,5726.0,10.0,394.0,0.0209570380719519
20251112,PR2512,5736.0,2767.0,2201.0,-0.0004231112782661
20251112,PR2601,5718.0,39984.0,40157.0,0.0797481636935986
20251112,PR2602,5756.0,13292.0,16815.0,-0.0041695621959689
20251112,PR2603,5754.0,18583.0,8537.0,-0.0333680917622523
20251112,PR2604,5738.0,40.0,166.0,0.0543743464621826
20251112,PR2605,5764.0,84.0,552.0,0.0
20251112,PR2606,0.0,0.0,32.0,0.0
20251112,PR2607,0.0,0.0,14.0,0.0
20251112,PR2608,0.0,0.0,4.0,0.0
20251112,PR2609,0.0,0.0,3.0,0.0
20251112,PR2610,0.0,0.0,0.0,0.0
20251113,PR2511,0.0,0.0,394.0,0.0
20251113,PR2512,5750.0,595.0,1971.0,-0.000609672691744
20251113,PR2601,5724.0,111874.0,39714.0,0.1090146750524105
20251113,PR2602,5776.0,55226.0,17688.0,0.0166204986149596
20251113,PR2603,5784.0,66048.0,9288.0,-0.0580912863070537
20251113,PR2604,5756.0,41.0,149.0,0.0125086865879096
20251113,PR2605,5762.0,54.0,541.0,0.0
20251113,PR2606,0.0,0.0,32.0,0.0
20251113,PR2607,0.0,0.0,14.0,0.0
20251113,PR2608,0.0,0.0,4.0,0.0
20251113,PR2609,0.0,0.0,3.0,0.0
20251113,PR2610,5710.0,1.0,1.0,0.0
20251114,PR2511,5726.0,377.0,0.0,0.0964023751309826
20251114,PR2512,5772.0,673.0,1831.0,-0.0004204723305846
20251114,PR2601,5754.0,81297.0,38868.0,0.1001042752867569
20251114,PR2602,5802.0,51986.0,16481.0,-0.008273009307135
20251114,PR2603,5798.0,50927.0,8682.0,0.0165574335977911
20251114,PR2604,5806.0,51.0,126.0,0.0041336548398218
20251114,PR2605,5808.0,85.0,568.0,0.0
20251114,PR2606,0.0,0.0,32.0,0.0
20251114,PR2607,0.0,0.0,14.0,0.0
20251114,PR2608,5822.0,1.0,3.0,-0.0123668842322226
20251114,PR2609,5816.0,1.0,2.0,0.0
20251114,PR2610,0.0,0.0,1.0,0.0
20251117,PR2512,5768.0,288.0,1685.0,-0.0006545216537580448
20251117,PR2601,5740.0,45166.0,38652.0,0.10871080139372946
20251117,PR2602,5792.0,23965.0,17077.0,-0.004143646408839352
20251117,PR2603,5790.0,23543.0,9186.0,-0.0207253886010359
20251117,PR2604,5780.0,9.0,126.0,0.01245674740484315
20251117,PR2605,5786.0,65.0,604.0,-0.04147943311441349
20251117,PR2606,5766.0,8.0,34.0,0.0541103017689899
20251117,PR2607,5792.0,5.0,16.0,0.09944751381215511
20251117,PR2608,5840.0,1.0,3.0,0.0
20251117,PR2609,0.0,0.0,2.0,0.0
20251117,PR2610,0.0,0.0,1.0,0.0
20251117,PR2611,0.0,0.0,0.0,0.0
20251118,PR2512,5742.0,144.0,1576.0,-0.0005635588742911466
20251118,PR2601,5718.0,50724.0,37265.0,0.10912906610703121
20251118,PR2602,5770.0,24834.0,17502.0,0.0
20251118,PR2603,5770.0,15796.0,9270.0,0.012478336221835917
20251118,PR2604,5776.0,2.0,125.0,0.01246537396121905
20251118,PR2605,5782.0,14.0,603.0,0.0
20251118,PR2606,0.0,0.0,34.0,0.0
20251118,PR2607,0.0,0.0,16.0,0.0
20251118,PR2608,0.0,0.0,3.0,0.0
20251118,PR2609,0.0,0.0,2.0,0.0
20251118,PR2610,5848.0,1.0,1.0,0.0
20251118,PR2611,0.0,0.0,0.0,0.0
20251119,PR2512,5758.0,545.0,1335.0,-0.0002809964446144242
20251119,PR2601,5746.0,49877.0,39632.0,0.11277410372433039
20251119,PR2602,5800.0,18006.0,17953.0,-0.0041379310344829
20251119,PR2603,5798.0,8740.0,9655.0,0.028975508796135863
20251119,PR2604,5812.0,15.0,113.0,0.004129387474190338
20251119,PR2605,5814.0,46.0,596.0,-0.020639834881320596
20251119,PR2606,5804.0,4.0,34.0,-0.11991729841488663
20251119,PR2607,5746.0,3.0,15.0,0.012530455969369747
20251119,PR2608,5752.0,2.0,3.0,0.09179415855354733
20251119,PR2609,5796.0,1.0,2.0,0.0
20251119,PR2610,0.0,0.0,1.0,0.0
20251119,PR2611,0.0,0.0,0.0,0.0
20251120,PR2512,5692.0,82.0,1283.0,-0.00023687888382670002
20251120,PR2601,5682.0,107650.0,39183.0,0.15628299894403508
20251120,PR2602,5756.0,92038.0,18163.0,0.01667824878387858
20251120,PR2603,5764.0,58758.0,10170.0,0.03331020124913309
20251120,PR2604,5780.0,9.0,113.0,-0.041522491349481605
20251120,PR2605,5760.0,40.0,608.0,-0.020833333333333925
20251120,PR2606,5750.0,1.0,34.0,0.0
20251120,PR2607,0.0,0.0,15.0,0.0
20251120,PR2608,0.0,0.0,3.0,0.0
20251120,PR2609,0.0,0.0,2.0,0.0
20251120,PR2610,0.0,0.0,1.0,0.0
20251120,PR2611,0.0,0.0,0.0,0.0
20251121,PR2512,5668.0,340.0,1058.0,-0.0007136456986987897
20251121,PR2601,5638.0,77618.0,41601.0,0.1830436324937912
20251121,PR2602,5724.0,55167.0,19682.0,0.012578616352200811
20251121,PR2603,5730.0,27479.0,12584.0,0.05445026178010526
20251121,PR2604,5756.0,97.0,129.0,-0.037526059763724806
20251121,PR2605,5738.0,224.0,613.0,0.03764377831997301
20251121,PR2606,5756.0,12.0,29.0,-0.06254343293954134
20251121,PR2607,5726.0,3.0,14.0,0.07963674467342052
20251121,PR2608,5764.0,4.0,4.0,-0.012491325468424908
20251121,PR2609,5758.0,4.0,3.0,-0.025008683570683754
20251121,PR2610,5746.0,2.0,1.0,0.0
20251121,PR2611,0.0,0.0,0.0,0.0
20251124,PR2512,5678.0,338.0,849.0,-4.7492589177236125e-05
20251124,PR2601,5676.0,73265.0,38590.0,0.17336152219873036
20251124,PR2602,5758.0,46464.0,18792.0,0.01667245571378828
20251124,PR2603,5766.0,29090.0,11499.0,0.00832466181061342
20251124,PR2604,5770.0,63.0,145.0,0.0249566724436745
20251124,PR2605,5782.0,217.0,599.0,0.0332065029401587
20251124,PR2606,5798.0,8.0,31.0,0.004139358399449122
20251124,PR2607,5800.0,4.0,15.0,0.012413793103447368
20251124,PR2608,5806.0,2.0,3.0,-0.008267309679642398
20251124,PR2609,5802.0,1.0,4.0,0.0
20251124,PR2610,0.0,0.0,1.0,0.0
20251124,PR2611,0.0,0.0,0.0,0.0
20251125,PR2512,5658.0,217.0,743.0,0.0003812837346741923
20251125,PR2601,5674.0,40834.0,32965.0,0.15227352837504515
20251125,PR2602,5746.0,20334.0,18600.0,0.016707274625827218
20251125,PR2603,5754.0,8982.0,11344.0,0.02502606882168923
20251125,PR2604,5766.0,55.0,155.0,0.0541103017689899
20251125,PR2605,5792.0,78.0,590.0,0.024861878453038777
20251125,PR2606,5804.0,4.0,34.0,0.0041350792556844596
20251125,PR2607,5806.0,5.0,18.0,0.020668274199103998
20251125,PR2608,5816.0,3.0,5.0,-0.00825309491059123
20251125,PR2609,5812.0,3.0,5.0,0.0
20251125,PR2610,0.0,0.0,1.0,0.0
20251125,PR2611,0.0,0.0,0.0,0.0
20251126,PR2512,5670.0,110.0,666.0,0.0007609535699423279
20251126,PR2601,5702.0,33714.0,29866.0,0.1515257804279191
20251126,PR2602,5774.0,11528.0,18755.0,0.004156563907169009
20251126,PR2603,5776.0,9338.0,10935.0,0.0249307479224381
20251126,PR2604,5788.0,43.0,163.0,-0.03317208016586104
20251126,PR2605,5772.0,64.0,604.0,0.016632016632017077
20251126,PR2606,5780.0,18.0,42.0,0.0
20251126,PR2607,0.0,0.0,18.0,0.0
20251126,PR2608,0.0,0.0,5.0,0.0
20251126,PR2609,0.0,0.0,5.0,0.0
20251126,PR2610,0.0,0.0,1.0,0.0
20251126,PR2611,0.0,0.0,0.0,0.0
20251127,PR2512,5624.0,38.0,643.0,0.00043153739191587363
20251127,PR2601,5642.0,35374.0,28464.0,0.16589861751152135
20251127,PR2602,5720.0,17763.0,18665.0,0.008391608391609573
20251127,PR2603,5724.0,10483.0,11576.0,0.008385744234801429
20251127,PR2604,5728.0,43.0,183.0,0.020949720670389915
20251127,PR2605,5738.0,100.0,658.0,0.041826420355524085
20251127,PR2606,5758.0,9.0,44.0,-0.10420284821118475
20251127,PR2607,5708.0,8.0,18.0,0.04625087596356092
20251127,PR2608,5730.0,1.0,4.0,-0.02094240837696315
20251127,PR2609,5720.0,2.0,5.0,0.0
20251127,PR2610,0.0,0.0,1.0,0.0
20251127,PR2611,0.0,0.0,0.0,0.0
20251128,PR2512,5690.0,215.0,569.0,0.0008530637230702513
20251128,PR2601,5726.0,45967.0,20784.0,0.12993363604610675
20251128,PR2602,5788.0,21322.0,20181.0,0.008293020041464594
20251128,PR2603,5792.0,14259.0,12648.0,-0.004143646408839352
20251128,PR2604,5790.0,72.0,170.0,0.004145077720207446
20251128,PR2605,5792.0,77.0,647.0,0.016574585635360073
20251128,PR2606,5800.0,23.0,54.0,-0.07448275862068954
20251128,PR2607,5764.0,8.0,18.0,0.0
20251128,PR2608,0.0,0.0,4.0,0.0
20251128,PR2609,0.0,0.0,5.0,0.0
20251128,PR2610,0.0,0.0,1.0,0.0
20251128,PR2611,0.0,0.0,0.0,0.0
20251201,PR2512,5732.0,73.0,559.0,0.0005645420544626253
20251201,PR2601,5756.0,30167.0,20688.0,0.1667824878387778
20251201,PR2602,5836.0,16711.0,21938.0,0.012337217272104795
20251201,PR2603,5842.0,17730.0,20348.0,-0.004108182129407556
20251201,PR2604,5840.0,10283.0,4792.0,0.0
20251201,PR2605,5840.0,277.0,723.0,-0.00821917808219208
20251201,PR2606,5836.0,20.0,64.0,0.0
20251201,PR2607,0.0,0.0,18.0,0.0
20251201,PR2608,0.0,0.0,4.0,0.0
20251201,PR2609,5824.0,2.0,5.0,-0.016483516483516425
20251201,PR2610,5816.0,1.0,1.0,0.0
20251201,PR2611,0.0,0.0,0.0,0.0
20251202,PR2512,5726.0,92.0,467.0,0.00047094467577420065
20251202,PR2601,5746.0,20027.0,19579.0,0.1796032022276366
20251202,PR2602,5832.0,10618.0,23569.0,0.004115226337449762
20251202,PR2603,5834.0,14124.0,21638.0,0.0
20251202,PR2604,5834.0,7528.0,6788.0,-0.020569077819677428
20251202,PR2605,5824.0,51.0,732.0,-0.004120879120879106
20251202,PR2606,5822.0,4.0,64.0,0.0
20251202,PR2607,0.0,0.0,18.0,0.0
20251202,PR2608,0.0,0.0,4.0,0.0
20251202,PR2609,0.0,0.0,5.0,0.0
20251202,PR2610,0.0,0.0,1.0,0.0
20251202,PR2611,0.0,0.0,0.0,0.0
20251203,PR2512,5742.0,68.0,400.0,-0.0007514118323882005
20251203,PR2601,5710.0,17412.0,17377.0,0.180735551663747
20251203,PR2602,5796.0,14466.0,23874.0,0.016563146997930822
20251203,PR2603,5804.0,16189.0,23330.0,0.0
20251203,PR2604,5804.0,3890.0,7133.0,-0.02481047553411475
20251203,PR2605,5792.0,32.0,735.0,0.016574585635360073
20251203,PR2606,5800.0,19.0,66.0,0.0165517241379316
20251203,PR2607,5808.0,1.0,17.0,0.024793388429751317
20251203,PR2608,5820.0,1.0,5.0,0.008247422680412342
20251203,PR2609,5824.0,1.0,5.0,0.0
20251203,PR2610,0.0,0.0,1.0,0.0
20251203,PR2611,0.0,0.0,0.0,0.0
20251204,PR2512,5636.0,22.0,382.0,0.0012440092184272805
20251204,PR2601,5688.0,12716.0,16159.0,0.21097046413502163
20251204,PR2602,5788.0,11666.0,23890.0,0.012439530062198223
20251204,PR2603,5794.0,18622.0,25499.0,0.00828443217121233
20251204,PR2604,5798.0,7082.0,8233.0,0.00827871679889558
20251204,PR2605,5802.0,228.0,889.0,0.012409513960703222
20251204,PR2606,5808.0,9.0,68.0,0.012396694214875659
20251204,PR2607,5814.0,5.0,15.0,0.0
20251204,PR2608,0.0,0.0,5.0,0.0
20251204,PR2609,0.0,0.0,5.0,0.0
20251204,PR2610,0.0,0.0,1.0,0.0
20251204,PR2611,0.0,0.0,0.0,0.0
20251205,PR2512,0.0,0.0,382.0,0.0
20251205,PR2601,5622.0,9627.0,13830.0,0.23052294557097053
20251205,PR2602,5730.0,13206.0,23277.0,0.02094240837696315
20251205,PR2603,5740.0,24801.0,27305.0,0.0
20251205,PR2604,5740.0,6955.0,8558.0,0.004181184668990312
20251205,PR2605,5742.0,56.0,896.0,0.050156739811913376
20251205,PR2606,5766.0,20.0,71.0,0.04994797086368319
20251205,PR2607,5790.0,3.0,14.0,-0.02901554404145079
20251205,PR2608,5776.0,5.0,7.0,0.05817174515235468
20251205,PR2609,5804.0,1.0,5.0,0.008270158511371584
20251205,PR2610,5808.0,1.0,1.0,-0.09504132231404938
20251205,PR2611,5762.0,2.0,2.0,0.0
20251208,PR2512,5646.0,1.0,381.0,-0.0004298558788761587
20251208,PR2601,5628.0,6525.0,11788.0,0.24733475479744005
20251208,PR2602,5744.0,53957.0,21930.0,0.00835654596100266
20251208,PR2603,5748.0,69037.0,28456.0,0.008350730688936103
20251208,PR2604,5752.0,8227.0,9028.0,0.016689847009735637
20251208,PR2605,5760.0,372.0,944.0,0.033333333333333215
20251208,PR2606,5776.0,9.0,72.0,-0.0041551246537392394
20251208,PR2607,5774.0,2.0,14.0,0.0
20251208,PR2608,0.0,0.0,7.0,0.0
20251208,PR2609,5774.0,2.0,5.0,0.0
20251208,PR2610,0.0,0.0,1.0,0.0
20251208,PR2611,0.0,0.0,2.0,0.0
20251209,PR2512,0.0,0.0,381.0,0.0
20251209,PR2601,5576.0,3460.0,10739.0,0.24964131994261063
20251209,PR2602,5692.0,70589.0,21854.0,-0.004216444132115527
20251209,PR2603,5690.0,110539.0,30799.0,0.012653778558875395
20251209,PR2604,5696.0,29365.0,9696.0,0.02106741573033588
20251209,PR2605,5706.0,375.0,1194.0,0.04206098843322703
20251209,PR2606,5726.0,53.0,124.0,0.04610548375829637
20251209,PR2607,5748.0,1.0,13.0,-0.004175365344468052
20251209,PR2608,5746.0,1.0,6.0,0.0
20251209,PR2609,0.0,0.0,5.0,0.0
20251209,PR2610,0.0,0.0,1.0,0.0
20251209,PR2611,0.0,0.0,2.0,0.0
20251210,PR2512,0.0,0.0,381.0,0.0
20251210,PR2601,5558.0,2890.0,10026.0,0.2374955019791294
20251210,PR2602,5668.0,35808.0,21390.0,-0.012702893436838725
20251210,PR2603,5662.0,91081.0,32915.0,0.012716354645001537
20251210,PR2604,5668.0,43435.0,10206.0,0.02117148906139832
20251210,PR2605,5678.0,373.0,1369.0,0.06340260655160357
20251210,PR2606,5708.0,3.0,126.0,0.0
20251210,PR2607,0.0,0.0,13.0,0.0
20251210,PR2608,0.0,0.0,6.0,0.0
20251210,PR2609,0.0,0.0,5.0,0.0
20251210,PR2610,0.0,0.0,1.0,0.0
20251210,PR2611,0.0,0.0,2.0,0.0
20251211,PR2512,0.0,0.0,381.0,0.0
20251211,PR2601,5562.0,5761.0,8738.0,0.22869471413160714
20251211,PR2602,5668.0,24419.0,20326.0,-0.016937191249117856
20251211,PR2603,5660.0,53981.0,34919.0,0.012720848056537726
20251211,PR2604,5666.0,15749.0,11728.0,0.0
20251211,PR2605,5666.0,284.0,1450.0,0.1482527356159551
20251211,PR2606,5736.0,6.0,130.0,0.0
20251211,PR2607,0.0,0.0,13.0,0.0
20251211,PR2608,0.0,0.0,6.0,0.0
20251211,PR2609,5700.0,1.0,5.0,0.0
20251211,PR2610,0.0,0.0,1.0,0.0
20251211,PR2611,0.0,0.0,2.0,0.0
20251212,PR2512,0.0,0.0,0.0,0.0
20251212,PR2601,5530.0,3403.0,6941.0,0.2126582278481024
20251212,PR2602,5628.0,31179.0,19799.0,-0.025586353944563545
20251212,PR2603,5616.0,54129.0,36681.0,0.008547008547009405
20251212,PR2604,5620.0,12425.0,12734.0,0.01708185053380884
20251212,PR2605,5628.0,245.0,1590.0,0.11513859275053395
20251212,PR2606,5682.0,10.0,122.0,-0.038014783526927776
20251212,PR2607,5664.0,5.0,11.0,0.025423728813560587
20251212,PR2608,5676.0,2.0,6.0,0.0
20251212,PR2609,0.0,0.0,5.0,0.0
20251212,PR2610,0.0,0.0,1.0,0.0
20251212,PR2611,0.0,0.0,2.0,0.0
20251215,PR2601,5552.0,2289.0,5591.0,0.22046109510086342
20251215,PR2602,5654.0,19056.0,18498.0,-0.021223912274495493
20251215,PR2603,5644.0,34886.0,36148.0,0.0
20251215,PR2604,5644.0,4849.0,12971.0,0.004252303330971152
20251215,PR2605,5646.0,188.0,1663.0,0.0680127523910743
20251215,PR2606,5678.0,1.0,123.0,0.004226840436772683
20251215,PR2607,5680.0,3.0,12.0,0.04647887323943589
20251215,PR2608,5702.0,1.0,6.0,-0.02525429673798696
20251215,PR2609,5690.0,2.0,6.0,0.0
20251215,PR2610,0.0,0.0,1.0,0.0
20251215,PR2611,0.0,0.0,2.0,0.0
20251215,PR2612,0.0,0.0,0.0,0.0
20251216,PR2601,5550.0,1675.0,4769.0,0.19891891891891955
20251216,PR2602,5642.0,14611.0,18542.0,-0.021269053527118054
20251216,PR2603,5632.0,29752.0,36750.0,-0.0042613636363637575
20251216,PR2604,5630.0,6306.0,13341.0,0.012788632326819815
20251216,PR2605,5636.0,372.0,1767.0,0.05110007097232039
20251216,PR2606,5660.0,7.0,126.0,-0.038162544169611845
20251216,PR2607,5642.0,3.0,13.0,0.004253810705423078
20251216,PR2608,5644.0,3.0,7.0,0.05102763997165116
20251216,PR2609,5668.0,1.0,6.0,0.0
20251216,PR2610,0.0,0.0,1.0,0.0
20251216,PR2611,0.0,0.0,2.0,0.0
20251216,PR2612,0.0,0.0,0.0,0.0
20251217,PR2601,5568.0,1441.0,3840.0,0.1724137931034484
20251217,PR2602,5648.0,14745.0,18107.0,-0.016997167138809832
20251217,PR2603,5640.0,30524.0,38120.0,-0.004255319148935843
20251217,PR2604,5638.0,6689.0,13307.0,0.0
20251217,PR2605,5638.0,272.0,1940.0,0.08087974459027958
20251217,PR2606,5676.0,1.0,126.0,0.0
20251217,PR2607,0.0,0.0,13.0,0.0
20251217,PR2608,0.0,0.0,7.0,0.0
20251217,PR2609,0.0,0.0,6.0,0.0
20251217,PR2610,0.0,0.0,1.0,0.0
20251217,PR2611,0.0,0.0,2.0,0.0
20251217,PR2612,0.0,0.0,0.0,0.0
20251218,PR2601,5610.0,1270.0,2934.0,0.192513368983958
20251218,PR2602,5700.0,19846.0,18085.0,-0.00842105263157844
20251218,PR2603,5696.0,37859.0,37457.0,0.0
20251218,PR2604,5696.0,5536.0,13580.0,0.004213483146067176
20251218,PR2605,5698.0,212.0,1943.0,0.04633204633204624
20251218,PR2606,5720.0,7.0,131.0,0.0
20251218,PR2607,0.0,0.0,13.0,0.0
20251218,PR2608,5706.0,1.0,7.0,0.008412197686646472
20251218,PR2609,5710.0,1.0,6.0,0.0
20251218,PR2610,0.0,0.0,1.0,0.0
20251218,PR2611,0.0,0.0,2.0,0.0
20251218,PR2612,0.0,0.0,0.0,0.0
20251219,PR2601,5672.0,1633.0,1946.0,0.19887165021156594
20251219,PR2602,5766.0,25740.0,18052.0,0.012486992715920131
20251219,PR2603,5772.0,63494.0,37920.0,0.008316008316007206
20251219,PR2604,5776.0,17109.0,13788.0,0.0
20251219,PR2605,5776.0,601.0,1835.0,-0.07063711911357373
20251219,PR2606,5742.0,20.0,142.0,0.09613375130616397
20251219,PR2607,5788.0,5.0,16.0,0.008293020041464594
20251219,PR2608,5792.0,1.0,7.0,-0.0455801104972382
20251219,PR2609,5770.0,2.0,6.0,0.0
20251219,PR2610,0.0,0.0,1.0,0.0
20251219,PR2611,0.0,0.0,2.0,0.0
20251219,PR2612,0.0,0.0,0.0,0.0
20251222,PR2601,5778.0,1163.0,1199.0,0.23676012461059148
20251222,PR2602,5892.0,35122.0,17297.0,0.024439918533603944
20251222,PR2603,5904.0,85764.0,39541.0,0.012195121951219079
20251222,PR2604,5910.0,22594.0,13462.0,-0.03654822335025365
20251222,PR2605,5892.0,1723.0,2361.0,0.028513238289206377
20251222,PR2606,5906.0,15.0,150.0,-0.12190992211310503
20251222,PR2607,5846.0,5.0,15.0,0.0
20251222,PR2608,0.0,0.0,7.0,0.0
20251222,PR2609,5878.0,4.0,5.0,0.0
20251222,PR2610,0.0,0.0,1.0,0.0
20251222,PR2611,5866.0,2.0,2.0,0.0
20251222,PR2612,0.0,0.0,0.0,0.0
20251223,PR2601,5758.0,511.0,815.0,0.36679402570336883
20251223,PR2602,5934.0,18790.0,16437.0,0.004044489383214334
20251223,PR2603,5936.0,65052.0,39035.0,-0.012129380053907735
20251223,PR2604,5930.0,14268.0,12356.0,-0.020236087689712967
20251223,PR2605,5920.0,1504.0,2470.0,0.020270270270271062
20251223,PR2606,5930.0,14.0,153.0,0.0
20251223,PR2607,0.0,0.0,15.0,0.0
20251223,PR2608,0.0,0.0,7.0,0.0
20251223,PR2609,5932.0,8.0,5.0,0.04855023600809272
20251223,PR2610,5956.0,3.0,2.0,0.0
20251223,PR2611,0.0,0.0,2.0,0.0
20251223,PR2612,0.0,0.0,0.0,0.0
20251224,PR2601,5806.0,196.0,653.0,0.3844299001033402
20251224,PR2602,5992.0,32323.0,15175.0,0.012016021361814566
20251224,PR2603,5998.0,73094.0,40544.0,-0.00400133377792633
20251224,PR2604,5996.0,11621.0,12792.0,-0.024016010673782784
20251224,PR2605,5984.0,1042.0,2846.0,0.056149732620320414
20251224,PR2606,6012.0,25.0,159.0,0.03592814371257447
20251224,PR2607,6030.0,8.0,12.0,-0.031840796019900086
20251224,PR2608,6014.0,9.0,4.0,0.00798137678749633
20251224,PR2609,6018.0,6.0,5.0,0.0
20251224,PR2610,0.0,0.0,2.0,0.0
20251224,PR2611,0.0,0.0,2.0,0.0
20251224,PR2612,0.0,0.0,0.0,0.0
20251225,PR2601,5844.0,140.0,566.0,0.4147843942505123
20251225,PR2602,6046.0,16051.0,15037.0,0.0158782666225612
20251225,PR2603,6054.0,94375.0,41967.0,0.003964321110010438
20251225,PR2604,6056.0,50848.0,13119.0,-0.015852047556143223
20251225,PR2605,6048.0,1678.0,3216.0,-0.007936507936508352
20251225,PR2606,6044.0,6.0,160.0,-0.059563203176703716
20251225,PR2607,6014.0,2.0,12.0,0.0
20251225,PR2608,0.0,0.0,4.0,0.0
20251225,PR2609,6070.0,3.0,5.0,0.03953871499176209
20251225,PR2610,6090.0,2.0,2.0,-0.007881773399015302
20251225,PR2611,6086.0,1.0,2.0,0.0
20251225,PR2612,0.0,0.0,0.0,0.0
20251226,PR2601,5960.0,97.0,503.0,0.3986577181208055
20251226,PR2602,6158.0,66332.0,12250.0,0.011692107827217413
20251226,PR2603,6164.0,207898.0,42149.0,0.003893575600258714
20251226,PR2604,6166.0,108186.0,13081.0,-0.015569250729808193
20251226,PR2605,6158.0,2380.0,3308.0,0.10133160116920958
20251226,PR2606,6210.0,14.0,165.0,-0.054106280193236156
20251226,PR2607,6182.0,7.0,13.0,0.0
20251226,PR2608,0.0,0.0,4.0,0.0
20251226,PR2609,6134.0,1.0,5.0,0.0
20251226,PR2610,0.0,0.0,2.0,0.0
20251226,PR2611,0.0,0.0,2.0,0.0
20251226,PR2612,0.0,0.0,0.0,0.0
20251229,PR2601,5788.0,49.0,491.0,0.4851416724257094
20251229,PR2602,6022.0,15991.0,10159.0,0.011956160743938682
20251229,PR2603,6028.0,69059.0,38024.0,0.015925680159257993
20251229,PR2604,6036.0,20165.0,12187.0,0.003976143141153798
20251229,PR2605,6038.0,1822.0,3760.0,0.06359721762172921
20251229,PR2606,6070.0,19.0,168.0,0.03558484349258695
20251229,PR2607,6088.0,22.0,17.0,0.02759526938239265
20251229,PR2608,6102.0,14.0,14.0,-0.10226155358898659
20251229,PR2609,6050.0,7.0,9.0,0.0
20251229,PR2610,0.0,0.0,2.0,0.0
20251229,PR2611,0.0,0.0,2.0,0.0
20251229,PR2612,0.0,0.0,0.0,0.0
20251230,PR2601,5850.0,95.0,436.0,0.389743589743591
20251230,PR2602,6040.0,5866.0,9535.0,0.019867549668873608
20251230,PR2603,6050.0,45895.0,39111.0,0.019834710743801054
20251230,PR2604,6060.0,19105.0,13647.0,-0.007920792079207484
20251230,PR2605,6056.0,790.0,3937.0,0.11889035667107084
20251230,PR2606,6116.0,2.0,168.0,0.04316546762589901
20251230,PR2607,6138.0,4.0,17.0,-0.0742913000977512
20251230,PR2608,6100.0,1.0,15.0,-0.01967213114754074
20251230,PR2609,6090.0,1.0,10.0,0.0
20251230,PR2610,0.0,0.0,2.0,0.0
20251230,PR2611,0.0,0.0,2.0,0.0
20251230,PR2612,0.0,0.0,0.0,0.0
20251231,PR2601,5908.0,70.0,402.0,0.19905213270142053
20251231,PR2602,6006.0,10925.0,6929.0,0.019980019980020636
20251231,PR2603,6016.0,36281.0,37676.0,0.011968085106382809
20251231,PR2604,6022.0,9412.0,13091.0,0.0
20251231,PR2605,6022.0,834.0,4074.0,0.18731318498837712
20251231,PR2606,6116.0,8.0,162.0,0.04316546762589901
20251231,PR2607,6138.0,3.0,17.0,0.0
20251231,PR2608,0.0,0.0,15.0,0.0
20251231,PR2609,6112.0,1.0,10.0,0.0
20251231,PR2610,0.0,0.0,2.0,0.0
20251231,PR2611,0.0,0.0,2.0,0.0
20251231,PR2612,0.0,0.0,0.0,0.0
20260105,PR2601,5810.0,14.0,401.0,0.27263339070568104
20260105,PR2602,5942.0,5165.0,5603.0,0.016156176371590725
20260105,PR2603,5950.0,46354.0,39515.0,0.0
20260105,PR2604,5950.0,17804.0,13312.0,-0.012100840336134677
20260105,PR2605,5944.0,4656.0,7220.0,0.1695827725437411
20260105,PR2606,6028.0,3.0,161.0,0.0
20260105,PR2607,6028.0,4.0,16.0,0.0
20260105,PR2608,0.0,0.0,15.0,0.0
20260105,PR2609,0.0,0.0,10.0,0.0
20260105,PR2610,0.0,0.0,2.0,0.0
20260105,PR2611,0.0,0.0,2.0,0.0
20260105,PR2612,0.0,0.0,0.0,0.0
20260106,PR2601,0.0,0.0,401.0,0.0
20260106,PR2602,6066.0,4129.0,4608.0,-0.003956478733927238
20260106,PR2603,6064.0,56133.0,41661.0,0.003957783641161505
20260106,PR2604,6066.0,28147.0,14448.0,-0.011869436201780381
20260106,PR2605,6060.0,3006.0,8660.0,0.07920792079208017
20260106,PR2606,6100.0,25.0,170.0,-0.02360655737704942
20260106,PR2607,6088.0,9.0,18.0,0.0
20260106,PR2608,0.0,0.0,15.0,0.0
20260106,PR2609,6058.0,16.0,11.0,0.043578738857708466
20260106,PR2610,6080.0,3.0,2.0,0.03552631578947363
20260106,PR2611,6098.0,5.0,4.0,-0.07084289931125021
20260106,PR2612,6062.0,1.0,1.0,0.0
20260107,PR2601,5940.0,83.0,334.0,0.2828282828282829
20260107,PR2602,6080.0,2894.0,3887.0,-0.03157894736842115
20260107,PR2603,6064.0,61269.0,42068.0,0.011873350923481851
20260107,PR2604,6070.0,44526.0,15345.0,-0.011861614497529427
20260107,PR2605,6064.0,17136.0,9747.0,0.08311345646438095
20260107,PR2606,6106.0,33.0,176.0,-0.051097281362594504
20260107,PR2607,6080.0,4.0,15.0,0.04736842105263239
20260107,PR2608,6104.0,1.0,14.0,-0.10222804718217615
20260107,PR2609,6052.0,1.0,10.0,0.0
20260107,PR2610,0.0,0.0,2.0,0.0
20260107,PR2611,6068.0,1.0,3.0,0.01186552406064667
20260107,PR2612,6074.0,1.0,0.0,0.0
20260108,PR2601,5900.0,12.0,334.0,0.2603389830508487
20260108,PR2602,6028.0,1464.0,3615.0,-0.01592568015925666
20260108,PR2603,6020.0,52675.0,42215.0,0.0
20260108,PR2604,6020.0,28850.0,15368.0,-0.019933554817275212
20260108,PR2605,6010.0,9172.0,9808.0,0.08386023294509037
20260108,PR2606,6052.0,13.0,180.0,0.0
20260108,PR2607,0.0,0.0,15.0,0.0
20260108,PR2608,0.0,0.0,14.0,0.0
20260108,PR2609,6096.0,1.0,10.0,0.0
20260108,PR2610,0.0,0.0,2.0,0.0
20260108,PR2611,0.0,0.0,3.0,0.0
20260108,PR2612,0.0,0.0,0.0,0.0
20260109,PR2601,5900.0,17.0,334.0,0.3254237288135595
20260109,PR2602,6060.0,986.0,3416.0,-0.03960396039604008
20260109,PR2603,6040.0,56496.0,43240.0,-0.003973509933774988
20260109,PR2604,6038.0,33417.0,15414.0,-0.015899304405431636
20260109,PR2605,6030.0,6541.0,11358.0,0.09950248756218993
20260109,PR2606,6080.0,13.0,183.0,0.00394736842105381
20260109,PR2607,6082.0,4.0,19.0,0.0
20260109,PR2608,0.0,0.0,14.0,0.0
20260109,PR2609,0.0,0.0,10.0,0.0
20260109,PR2610,0.0,0.0,2.0,0.0
20260109,PR2611,0.0,0.0,3.0,0.0
20260109,PR2612,0.0,0.0,0.0,0.0
20260112,PR2601,5956.0,2.0,334.0,0.30221625251846973
20260112,PR2602,6106.0,1235.0,3142.0,-0.031444480838519695
20260112,PR2603,6090.0,68167.0,46418.0,-0.007881773399015302
20260112,PR2604,6086.0,35088.0,16076.0,-0.011830430496220234
20260112,PR2605,6080.0,19812.0,12125.0,0.1105263157894747
20260112,PR2606,6136.0,35.0,191.0,0.019556714471969272
20260112,PR2607,6146.0,7.0,18.0,0.06638464041653158
20260112,PR2608,6180.0,1.0,14.0,-0.1553398058252422
20260112,PR2609,6100.0,2.0,10.0,0.0
20260112,PR2610,0.0,0.0,2.0,0.0
20260112,PR2611,0.0,0.0,3.0,0.0
20260112,PR2612,0.0,0.0,0.0,0.0
20260113,PR2601,5878.0,146.0,242.0,0.4817965294317794
20260113,PR2602,6114.0,6694.0,2804.0,-0.03140333660451455
20260113,PR2603,6098.0,57388.0,44987.0,-0.00787143325680617
20260113,PR2604,6094.0,30751.0,15550.0,-0.011814899901541942
20260113,PR2605,6088.0,8567.0,12213.0,0.0788436268068331
20260113,PR2606,6128.0,23.0,203.0,-0.08616187989556146
20260113,PR2607,6084.0,13.0,21.0,0.0
20260113,PR2608,0.0,0.0,14.0,0.0
20260113,PR2609,6090.0,4.0,12.0,0.0
20260113,PR2610,0.0,0.0,2.0,0.0
20260113,PR2611,0.0,0.0,3.0,0.0
20260113,PR2612,0.0,0.0,0.0,0.0
20260114,PR2601,0.0,0.0,242.0,0.0
20260114,PR2602,6128.0,1880.0,1930.0,-0.035248041775456596
20260114,PR2603,6110.0,73023.0,46204.0,0.003927986906711034
20260114,PR2604,6112.0,33020.0,15654.0,-0.01963350785340312
20260114,PR2605,6102.0,19221.0,12239.0,0.15339233038347988
20260114,PR2606,6180.0,91.0,222.0,0.042718446601941906
20260114,PR2607,6202.0,10.0,22.0,-0.038697194453402695
20260114,PR2608,6182.0,2.0,16.0,-0.04658686509220278
20260114,PR2609,6158.0,1.0,12.0,0.0
20260114,PR2610,0.0,0.0,2.0,0.0
20260114,PR2611,0.0,0.0,3.0,0.0
20260114,PR2612,0.0,0.0,0.0,0.0
20260115,PR2601,0.0,0.0,242.0,0.0
20260115,PR2602,6034.0,685.0,1544.0,-0.03181968843221705
20260115,PR2603,6018.0,58620.0,43012.0,0.007976071784645988
20260115,PR2604,6022.0,26312.0,16035.0,-0.011956160743938682
20260115,PR2605,6016.0,15176.0,13066.0,0.14760638297872397
20260115,PR2606,6090.0,9.0,223.0,0.0
20260115,PR2607,0.0,0.0,22.0,0.0
20260115,PR2608,0.0,0.0,16.0,0.0
20260115,PR2609,0.0,0.0,12.0,0.0
20260115,PR2610,0.0,0.0,2.0,0.0
20260115,PR2611,0.0,0.0,3.0,0.0
20260115,PR2612,0.0,0.0,0.0,0.0
20260116,PR2601,5976.0,1.0,0.0,0.020080321285140812
20260116,PR2602,5986.0,667.0,1043.0,-0.03608419645840266
20260116,PR2603,5968.0,65100.0,40462.0,0.012064343163539881
20260116,PR2604,5974.0,38529.0,17522.0,-0.008034817542685424
20260116,PR2605,5970.0,17291.0,13020.0,0.20904522613065346
20260116,PR2606,6074.0,8.0,221.0,-0.04741521238063928
20260116,PR2607,6050.0,4.0,20.0,0.0
20260116,PR2608,0.0,0.0,16.0,0.0
20260116,PR2609,0.0,0.0,12.0,0.0
20260116,PR2610,0.0,0.0,2.0,0.0
20260116,PR2611,0.0,0.0,3.0,0.0
20260116,PR2612,0.0,0.0,0.0,0.0
20260119,PR2602,5988.0,261.0,934.0,-0.0320641282565135
20260119,PR2603,5972.0,23949.0,39341.0,0.016075016744808934
20260119,PR2604,5980.0,13958.0,17708.0,-0.00802675585284307
20260119,PR2605,5976.0,14242.0,13543.0,0.14457831325301118
20260119,PR2606,6048.0,4.0,220.0,0.0
20260119,PR2607,0.0,0.0,20.0,0.0
20260119,PR2608,0.0,0.0,16.0,0.0
20260119,PR2609,6032.0,3.0,10.0,-0.035809018567639406
20260119,PR2610,6014.0,2.0,2.0,-0.00798137678749633
20260119,PR2611,6010.0,2.0,3.0,0.0798668885191347
20260119,PR2612,6050.0,1.0,1.0,0.0
20260119,PR2701,0.0,0.0,0.0,0.0
20260120,PR2602,6086.0,323.0,747.0,-0.055208675649030425
20260120,PR2603,6058.0,51843.0,38333.0,0.01188511059755637
20260120,PR2604,6064.0,34220.0,17039.0,-0.003957783641161505
20260120,PR2605,6062.0,40275.0,13949.0,0.11085450346420433
20260120,PR2606,6118.0,7.0,220.0,0.03530565544295605
20260120,PR2607,6136.0,4.0,20.0,-0.07040417209908778
20260120,PR2608,6100.0,1.0,16.0,-0.09836065573770503
20260120,PR2609,6050.0,7.0,13.0,0.02776859504132201
20260120,PR2610,6064.0,4.0,3.0,-0.0435356200527699
20260120,PR2611,6042.0,6.0,7.0,-0.011916583912611856
20260120,PR2612,6036.0,2.0,3.0,0.0
20260120,PR2701,0.0,0.0,0.0,0.0
20260121,PR2602,6094.0,258.0,614.0,-0.027568099770265864
20260121,PR2603,6080.0,42165.0,37102.0,0.0
20260121,PR2604,6080.0,19885.0,16874.0,-0.007894736842104955
20260121,PR2605,6076.0,17036.0,14251.0,0.12639894667544382
20260121,PR2606,6140.0,37.0,237.0,-0.07035830618892458
20260121,PR2607,6104.0,2.0,20.0,0.011795543905634531
20260121,PR2608,6110.0,2.0,16.0,-0.02749590834697191
20260121,PR2609,6096.0,10.0,16.0,-0.003937007874016185
20260121,PR2610,6094.0,1.0,3.0,-0.01575319986872392
20260121,PR2611,6086.0,1.0,8.0,0.0
20260121,PR2612,0.0,0.0,3.0,0.0
20260121,PR2701,0.0,0.0,0.0,0.0
20260122,PR2602,6290.0,94.0,561.0,-0.022893481717011444
20260122,PR2603,6278.0,84950.0,41299.0,0.0
20260122,PR2604,6278.0,42392.0,18949.0,-0.00764574705320209
20260122,PR2605,6274.0,26641.0,15304.0,0.1530124322601205
20260122,PR2606,6354.0,437.0,503.0,-0.052880075542965255
20260122,PR2607,6326.0,26.0,20.0,-0.22004426177679415
20260122,PR2608,6210.0,5.0,17.0,0.08888888888888768
20260122,PR2609,6256.0,14.0,18.0,0.08439897698209631
20260122,PR2610,6300.0,5.0,4.0,-0.0342857142857147
20260122,PR2611,6282.0,9.0,5.0,-0.034383954154727725
20260122,PR2612,6264.0,3.0,2.0,0.0
20260122,PR2701,0.0,0.0,0.0,0.0
20260123,PR2602,6426.0,153.0,480.0,0.04108309990663006
20260123,PR2603,6448.0,95636.0,42590.0,-0.011166253101737578
20260123,PR2604,6442.0,47082.0,19610.0,-0.00745110214219169
20260123,PR2605,6438.0,35221.0,16520.0,0.17520969245107043
20260123,PR2606,6532.0,426.0,681.0,-0.05878750765462337
20260123,PR2607,6500.0,5.0,25.0,0.0
20260123,PR2608,0.0,0.0,17.0,0.0
20260123,PR2609,6380.0,6.0,21.0,-0.04514106583072097
20260123,PR2610,6356.0,2.0,3.0,0.04531151667715427
20260123,PR2611,6380.0,3.0,4.0,-0.15799373040752407
20260123,PR2612,6296.0,1.0,1.0,0.0
20260123,PR2701,0.0,0.0,0.0,0.0
20260126,PR2602,6422.0,104.0,441.0,0.02616007474307125
20260126,PR2603,6436.0,80214.0,39979.0,0.0
20260126,PR2604,6436.0,45886.0,19480.0,-0.01864512119328765
20260126,PR2605,6426.0,30359.0,16913.0,0.16433239962651758
20260126,PR2606,6514.0,89.0,697.0,-0.022106232729505404
20260126,PR2607,6502.0,5.0,21.0,0.0
20260126,PR2608,0.0,0.0,17.0,0.0
20260126,PR2609,6412.0,2.0,21.0,0.0
20260126,PR2610,0.0,0.0,3.0,0.0
20260126,PR2611,0.0,0.0,4.0,0.0
20260126,PR2612,0.0,0.0,1.0,0.0
20260126,PR2701,0.0,0.0,0.0,0.0
20260127,PR2602,6252.0,112.0,409.0,0.019193857965450256
20260127,PR2603,6262.0,97549.0,37033.0,0.0038326413286489114
20260127,PR2604,6264.0,58120.0,21022.0,-0.015325670498084865
20260127,PR2605,6256.0,33596.0,17367.0,0.2033248081841439
20260127,PR2606,6362.0,126.0,719.0,0.0
20260127,PR2607,6362.0,8.0,17.0,0.09053756680289116
20260127,PR2608,6410.0,7.0,15.0,-0.18720748829953182
20260127,PR2609,6310.0,17.0,23.0,0.0
20260127,PR2610,0.0,0.0,3.0,0.0
20260127,PR2611,6416.0,1.0,4.0,0.0
20260127,PR2612,0.0,0.0,1.0,0.0
20260127,PR2701,0.0,0.0,0.0,0.0
20260128,PR2602,6334.0,45.0,376.0,0.01894537417113895
20260128,PR2603,6344.0,60061.0,32597.0,0.015132408575031953
20260128,PR2604,6352.0,29119.0,24093.0,-0.034005037783374714
20260128,PR2605,6334.0,22502.0,19160.0,0.1629302178718035
20260128,PR2606,6420.0,69.0,720.0,-0.029906542056074237
20260128,PR2607,6404.0,11.0,20.0,-0.10118675827607682
20260128,PR2608,6350.0,2.0,15.0,0.060472440944881356
20260128,PR2609,6382.0,8.0,22.0,0.0
20260128,PR2610,0.0,0.0,3.0,0.0
20260128,PR2611,6436.0,2.0,4.0,0.0
20260128,PR2612,0.0,0.0,1.0,0.0
20260128,PR2701,0.0,0.0,0.0,0.0
20260129,PR2602,6310.0,195.0,212.0,0.030427892234548004
20260129,PR2603,6326.0,48220.0,28290.0,0.011381599747076088
20260129,PR2604,6332.0,27622.0,25113.0,-0.01895135818066951
20260129,PR2605,6322.0,14711.0,19428.0,0.16703574818095568
20260129,PR2606,6410.0,37.0,712.0,-0.07862714508580382
20260129,PR2607,6368.0,3.0,21.0,-0.030150753768843686
20260129,PR2608,6352.0,2.0,15.0,-0.011335012594457794
20260129,PR2609,6346.0,3.0,23.0,0.15505830444374524
20260129,PR2610,6428.0,4.0,3.0,-0.01493466085874351
20260129,PR2611,6420.0,1.0,3.0,0.01495327102803845
20260129,PR2612,6428.0,1.0,0.0,0.0
20260129,PR2701,0.0,0.0,0.0,0.0
20260130,PR2602,6224.0,134.0,212.0,0.026992287917737556
20260130,PR2603,6238.0,57839.0,25081.0,0.026931708881051897
20260130,PR2604,6252.0,34862.0,26409.0,-0.011516314779270953
20260130,PR2605,6246.0,20137.0,20011.0,0.1767531219980789
20260130,PR2606,6338.0,119.0,723.0,0.12117387188387596
20260130,PR2607,6402.0,6.0,21.0,-0.06373008434864058
20260130,PR2608,6368.0,4.0,17.0,-0.05276381909547778
20260130,PR2609,6340.0,4.0,22.0,-0.06056782334384847
20260130,PR2610,6308.0,1.0,4.0,0.0
20260130,PR2611,0.0,0.0,3.0,0.0
20260130,PR2612,6358.0,1.0,1.0,0.0
20260130,PR2701,0.0,0.0,0.0,0.0
20260202,PR2602,0.0,0.0,212.0,0.0
20260202,PR2603,6068.0,42077.0,18346.0,0.01186552406064667
20260202,PR2604,6074.0,37323.0,26769.0,-0.019756338491932812
20260202,PR2605,6064.0,27322.0,26508.0,0.17810026385224376
20260202,PR2606,6154.0,4092.0,4150.0,-0.0038999025024368805
20260202,PR2607,6152.0,17.0,29.0,-0.007802340702211197
20260202,PR2608,6148.0,15.0,26.0,0.042940793754066675
20260202,PR2609,6170.0,45.0,33.0,0.17115072933549413
20260202,PR2610,6258.0,21.0,3.0,-0.09587727708533089
20260202,PR2611,6208.0,1.0,3.0,0.0038659793814446175
20260202,PR2612,6210.0,2.0,1.0,-0.0007816316560820718
20260202,PR2701,6174.0,1.0,1.0,0.0
20260203,PR2602,0.0,0.0,212.0,0.0
20260203,PR2603,6110.0,22489.0,15508.0,0.02749590834697191
20260203,PR2604,6124.0,26466.0,26563.0,-0.007838014369692559
20260203,PR2605,6120.0,33106.0,30065.0,0.14901960784313673
20260203,PR2606,6196.0,11334.0,9573.0,-0.030987734021949986
20260203,PR2607,6180.0,4.0,29.0,0.023300970873787463
20260203,PR2608,6192.0,6.0,29.0,0.0038759689922471807
20260203,PR2609,6194.0,20.0,43.0,0.06587019696480567
20260203,PR2610,6228.0,20.0,13.0,0.0
20260203,PR2611,0.0,0.0,3.0,0.0
20260203,PR2612,0.0,0.0,1.0,0.0
20260203,PR2701,0.0,0.0,1.0,0.0
20260204,PR2602,0.0,0.0,212.0,0.0
20260204,PR2603,6154.0,14546.0,11563.0,0.031199220019500373
20260204,PR2604,6170.0,29571.0,27989.0,0.015559157212318375
20260204,PR2605,6178.0,49705.0,35706.0,0.14762058918744003
20260204,PR2606,6254.0,13513.0,12352.0,-0.038375439718580484
20260204,PR2607,6234.0,11.0,30.0,0.0038498556304142895
20260204,PR2608,6236.0,7.0,27.0,0.05388069275176388
20260204,PR2609,6264.0,33.0,46.0,0.0
20260204,PR2610,0.0,0.0,13.0,0.0
20260204,PR2611,0.0,0.0,3.0,0.0
20260204,PR2612,0.0,0.0,1.0,0.0
20260204,PR2701,0.0,0.0,1.0,0.0
20260205,PR2602,0.0,0.0,212.0,0.0
20260205,PR2603,6102.0,6567.0,10499.0,0.019665683382498855
20260205,PR2604,6112.0,17868.0,27031.0,0.0039267015706814234
20260205,PR2605,6114.0,36782.0,37033.0,0.15701668302257143
20260205,PR2606,6194.0,10768.0,13488.0,0.0348724572166601
20260205,PR2607,6212.0,3.0,31.0,-0.007726980038635034
20260205,PR2608,6208.0,1.0,28.0,-0.04639175257731942
20260205,PR2609,6184.0,4.0,46.0,0.06209573091850018
20260205,PR2610,6216.0,3.0,13.0,0.14671814671814598
20260205,PR2611,6292.0,2.0,3.0,-0.06484424666242816
20260205,PR2612,6258.0,21.0,0.0,0.0
20260205,PR2701,0.0,0.0,1.0,0.0
20260206,PR2602,0.0,0.0,212.0,0.0
20260206,PR2603,6118.0,5185.0,8848.0,0.019614253023862993
20260206,PR2604,6128.0,22542.0,26016.0,0.011749347258486864
20260206,PR2605,6134.0,44764.0,38102.0,0.16432996413433365
20260206,PR2606,6218.0,13454.0,13665.0,0.0038597619813431905
20260206,PR2607,6220.0,4.0,31.0,0.023151125401930095
20260206,PR2608,6232.0,2.0,28.0,0.007702182284981873
20260206,PR2609,6236.0,1.0,46.0,0.0
20260206,PR2610,0.0,0.0,13.0,0.0
20260206,PR2611,0.0,0.0,3.0,0.0
20260206,PR2612,6192.0,6.0,0.0,0.0
20260206,PR2701,0.0,0.0,1.0,0.0
20260209,PR2602,0.0,0.0,212.0,0.0
20260209,PR2603,6128.0,2674.0,8094.0,0.027415143603132464
20260209,PR2604,6142.0,16549.0,24340.0,0.019537609899056285
20260209,PR2605,6152.0,54680.0,36341.0,0.15994798439531888
20260209,PR2606,6234.0,26875.0,12338.0,0.03464870067372594
20260209,PR2607,6252.0,1.0,31.0,-0.06909788867562439
20260209,PR2608,6216.0,1.0,28.0,0.10038610038609974
20260209,PR2609,6268.0,2.0,47.0,0.0
20260209,PR2610,0.0,0.0,13.0,0.0
20260209,PR2611,0.0,0.0,3.0,0.0
20260209,PR2612,6280.0,6.0,0.0,0.0
20260209,PR2701,0.0,0.0,1.0,0.0
20260210,PR2602,0.0,0.0,212.0,0.0
20260210,PR2603,6162.0,2377.0,7532.0,0.02336903602726359
20260210,PR2604,6174.0,23667.0,21116.0,0.0038872691933926617
20260210,PR2605,6176.0,49146.0,37175.0,0.16709844559585552
20260210,PR2606,6262.0,11029.0,13337.0,0.011497923985946734
20260210,PR2607,6268.0,3.0,29.0,0.0
20260210,PR2608,0.0,0.0,28.0,0.0
20260210,PR2609,6196.0,1.0,47.0,0.18592640413169725
20260210,PR2610,6292.0,6.0,13.0,0.0
20260210,PR2611,0.0,0.0,3.0,0.0
20260210,PR2612,0.0,0.0,0.0,0.0
20260210,PR2701,0.0,0.0,1.0,0.0
20260211,PR2602,0.0,0.0,212.0,0.0
20260211,PR2603,6196.0,6259.0,6554.0,0.02324080051646149
20260211,PR2604,6208.0,11559.0,20210.0,0.011597938144331188
20260211,PR2605,6214.0,32766.0,36954.0,0.16993884776311496
20260211,PR2606,6302.0,8803.0,12818.0,0.0
20260211,PR2607,0.0,0.0,29.0,0.0
20260211,PR2608,0.0,0.0,28.0,0.0
20260211,PR2609,6308.0,2.0,47.0,0.04565630944832044
20260211,PR2610,6332.0,4.0,11.0,0.0
20260211,PR2611,0.0,0.0,3.0,0.0
20260211,PR2612,0.0,0.0,0.0,0.0
20260211,PR2701,0.0,0.0,1.0,0.0
20260212,PR2602,0.0,0.0,212.0,0.0
20260212,PR2603,6144.0,2147.0,5454.0,0.015624999999999112
20260212,PR2604,6152.0,19902.0,19104.0,0.007802340702211197
20260212,PR2605,6156.0,46279.0,36280.0,0.17543859649122773
20260212,PR2606,6246.0,17653.0,12001.0,0.030739673390971056
20260212,PR2607,6262.0,6.0,29.0,0.0
20260212,PR2608,0.0,0.0,28.0,0.0
20260212,PR2609,6276.0,6.0,48.0,0.09560229445506607
20260212,PR2610,6326.0,7.0,9.0,0.0
20260212,PR2611,0.0,0.0,3.0,0.0
20260212,PR2612,0.0,0.0,0.0,0.0
20260212,PR2701,0.0,0.0,1.0,0.0
20260213,PR2602,0.0,10.0,0.0,0.0
20260213,PR2603,6144.0,1109.0,5061.0,-0.015625000000000444
20260213,PR2604,6136.0,17346.0,19560.0,0.007822685788786643
20260213,PR2605,6140.0,39668.0,36509.0,0.17589576547231278
20260213,PR2606,6230.0,8615.0,12364.0,-0.046227929373996446
20260213,PR2607,6206.0,4.0,30.0,-0.0386722526587171
20260213,PR2608,6186.0,3.0,30.0,0.019398642095053376
20260213,PR2609,6196.0,9.0,47.0,0.1549386701097486
20260213,PR2610,6276.0,10.0,9.0,-0.061185468451242286
20260213,PR2611,6244.0,1.0,4.0,0.0038436899423448523
20260213,PR2612,6246.0,1.0,1.0,0.0
20260213,PR2701,0.0,0.0,1.0,0.0
20260224,PR2603,6248.0,420.0,4813.0,0.03457106274007593
20260224,PR2604,6266.0,12789.0,19078.0,0.0
20260224,PR2605,6266.0,40574.0,38326.0,0.18767954037663515
20260224,PR2606,6364.0,10376.0,12023.0,-0.05279698302954072
20260224,PR2607,6336.0,23.0,41.0,0.1250000000000009
20260224,PR2608,6402.0,6.0,31.0,-0.07497656982193002
20260224,PR2609,6362.0,17.0,49.0,0.11694435712040185
20260224,PR2610,6424.0,6.0,10.0,-0.014943960149439661
20260224,PR2611,6416.0,3.0,4.0,-0.02992518703241842
20260224,PR2612,6400.0,5.0,0.0,0.0
20260224,PR2701,0.0,0.0,1.0,0.0
20260224,PR2702,6160.0,9.0,9.0,0.0
20260225,PR2603,6226.0,619.0,4383.0,0.02698361708962338
20260225,PR2604,6240.0,17414.0,18662.0,-0.007692307692307665
20260225,PR2605,6236.0,47454.0,43560.0,0.19627966645285433
20260225,PR2606,6338.0,9894.0,13218.0,-0.015146733985484495
20260225,PR2607,6330.0,20.0,32.0,-0.01895734597156462
20260225,PR2608,6320.0,5.0,30.0,0.0113924050632912
20260225,PR2609,6326.0,8.0,47.0,0.06449573190009605
20260225,PR2610,6360.0,7.0,8.0,0.030188679245283012
20260225,PR2611,6376.0,1.0,4.0,0.022584692597240164
20260225,PR2612,6388.0,1.0,1.0,0.0
20260225,PR2701,6388.0,2.0,2.0,-0.10144020037570378
20260225,PR2702,6334.0,1.0,9.0,0.0
20260226,PR2603,6182.0,1735.0,3029.0,-0.003882238757683343
20260226,PR2604,6180.0,12501.0,17140.0,-0.011650485436893732
20260226,PR2605,6174.0,40661.0,43944.0,0.20213799805636512
20260226,PR2606,6278.0,10527.0,13624.0,0.003822873526601711
20260226,PR2607,6280.0,7.0,34.0,0.12993630573248538
20260226,PR2608,6348.0,1.0,30.0,-0.19281663516068104
20260226,PR2609,6246.0,11.0,48.0,0.2689721421709894
20260226,PR2610,6386.0,7.0,9.0,-0.11274663326025625
20260226,PR2611,6326.0,4.0,5.0,0.0037938665823578077
20260226,PR2612,6328.0,3.0,1.0,-0.00012784272503870922
20260226,PR2701,6322.0,1.0,1.0,0.0
20260226,PR2702,0.0,0.0,9.0,0.0
20260227,PR2603,6168.0,1033.0,2103.0,0.0077821011673151474
20260227,PR2604,6172.0,24730.0,12995.0,-0.015554115359688314
20260227,PR2605,6164.0,55057.0,43512.0,0.23361453601557347
20260227,PR2606,6284.0,14686.0,14897.0,0.030553787396563337
20260227,PR2607,6300.0,46.0,61.0,-0.20190476190476225
20260227,PR2608,6194.0,2.0,31.0,0.10461737164998297
20260227,PR2609,6248.0,12.0,46.0,0.0998719590268875
20260227,PR2610,6300.0,10.0,8.0,-0.0990476190476195
20260227,PR2611,6248.0,1.0,6.0,-0.007682458386683244
20260227,PR2612,6244.0,3.0,3.0,-0.00017275010976829298
20260227,PR2701,6236.0,4.0,4.0,-0.16549069916613268
20260227,PR2702,6150.0,3.0,9.0,0.0
20260302,PR2603,6444.0,347.0,1906.0,0.11173184357541821
20260302,PR2604,6504.0,8962.0,9922.0,-0.025830258302583342
20260302,PR2605,6490.0,90987.0,44615.0,0.18859784283513115
20260302,PR2606,6592.0,36015.0,18706.0,-0.04004854368931987
20260302,PR2607,6570.0,8051.0,5782.0,-0.01095890410958944
20260302,PR2608,6564.0,28.0,31.0,-0.03656307129798897
20260302,PR2609,6544.0,29.0,59.0,-0.06968215158924229
20260302,PR2610,6506.0,9.0,10.0,-0.2840454964648016
20260302,PR2611,6352.0,2.0,5.0,0.34005037783375247
20260302,PR2612,6532.0,8.0,3.0,0.0
20260302,PR2701,0.0,0.0,4.0,0.0
20260302,PR2702,0.0,0.0,9.0,0.0
20260303,PR2603,6548.0,65.0,1850.0,0.02199144777031048
20260303,PR2604,6560.0,7931.0,7613.0,-0.007317073170731714
20260303,PR2605,6556.0,96486.0,45754.0,0.18669920683343566
20260303,PR2606,6658.0,38831.0,20323.0,-0.04325623310303328
20260303,PR2607,6634.0,11184.0,7754.0,-0.050648176062706884
20260303,PR2608,6606.0,20.0,34.0,-0.04722979109900116
20260303,PR2609,6580.0,39.0,57.0,0.2699088145896651
20260303,PR2610,6728.0,7.0,10.0,-0.042806183115339014
20260303,PR2611,6704.0,3.0,5.0,-0.18615751789976187
20260303,PR2612,6600.0,3.0,5.0,0.0
20260303,PR2701,0.0,0.0,4.0,0.0
20260303,PR2702,0.0,0.0,9.0,0.0
20260304,PR2603,6594.0,301.0,1850.0,0.10191082802547768
20260304,PR2604,6650.0,3769.0,7019.0,-0.010827067669172852
20260304,PR2605,6644.0,101896.0,45029.0,0.16616496086694799
20260304,PR2606,6736.0,40999.0,19372.0,-0.07482185273159203
20260304,PR2607,6694.0,10001.0,8378.0,-0.25097101882282624
20260304,PR2608,6554.0,11.0,33.0,0.14281354897772403
20260304,PR2609,6632.0,37.0,63.0,0.010856453558504064
20260304,PR2610,6638.0,34.0,7.0,-0.16993070201868
20260304,PR2611,6544.0,5.0,6.0,-0.13569682151589246
20260304,PR2612,6470.0,4.0,6.0,-0.001167011097025157
20260304,PR2701,6414.0,3.0,5.0,0.0
20260304,PR2702,0.0,0.0,9.0,0.0
20260305,PR2603,6820.0,24.0,1829.0,-0.035190615835777095
20260305,PR2604,6800.0,7477.0,5320.0,-0.03882352941176537
20260305,PR2605,6778.0,143551.0,46391.0,0.10268515786367605
20260305,PR2606,6836.0,51576.0,18477.0,-0.15447630193095385
20260305,PR2607,6748.0,16889.0,8941.0,0.29875518672199064
20260305,PR2608,6916.0,8.0,28.0,-0.3192596876807401
20260305,PR2609,6732.0,52.0,68.0,0.33511586452763
20260305,PR2610,6920.0,13.0,8.0,-0.1734104046242777
20260305,PR2611,6820.0,3.0,8.0,-0.07741935483870988
20260305,PR2612,6776.0,29.0,9.0,-0.0017908547019885156
20260305,PR2701,6686.0,3.0,5.0,-0.33383188752617343
20260305,PR2702,6500.0,5.0,9.0,0.0
20260306,PR2603,6950.0,11.0,1831.0,0.1968345323741012
20260306,PR2604,7064.0,2037.0,4986.0,-0.04416761041902584
20260306,PR2605,7038.0,108910.0,48274.0,0.0409207161125309
20260306,PR2606,7062.0,37521.0,18783.0,-0.10535259133389951
20260306,PR2607,7000.0,13852.0,8051.0,-0.2400000000000002
20260306,PR2608,6860.0,12.0,22.0,-0.08746355685131224
20260306,PR2609,6810.0,57.0,72.0,0.06343612334801652
20260306,PR2610,6846.0,14.0,11.0,-0.07011393514460984
20260306,PR2611,6806.0,6.0,10.0,-0.17631501616220957
20260306,PR2612,6706.0,9.0,7.0,-0.0030963383453355593
20260306,PR2701,6552.0,2.0,7.0,-0.08424908424908395
20260306,PR2702,6506.0,1.0,9.0,0.0
20260309,PR2603,7398.0,318.0,1831.0,-0.045417680454177045
20260309,PR2604,7370.0,516.0,4939.0,-0.04233378561736778
20260309,PR2605,7344.0,37926.0,48408.0,-0.039215686274509665
20260309,PR2606,7320.0,5397.0,18253.0,-0.12786885245901614
20260309,PR2607,7242.0,1207.0,8032.0,0.15244407622203937
20260309,PR2608,7334.0,15.0,23.0,-0.17671120807199303
20260309,PR2609,7226.0,37.0,82.0,-0.03985607528369739
20260309,PR2610,7202.0,3.0,11.0,-0.026659261316300586
20260309,PR2611,7186.0,6.0,11.0,-0.24046757584191436
20260309,PR2612,7042.0,5.0,12.0,0.0
20260309,PR2701,0.0,0.0,7.0,0.0
20260309,PR2702,0.0,0.0,9.0,0.0
20260310,PR2603,0.0,0.0,1831.0,0.0
20260310,PR2604,7336.0,3622.0,4577.0,-0.08833151581243204
20260310,PR2605,7282.0,105997.0,42120.0,-0.16808569074430046
20260310,PR2606,7180.0,26141.0,16095.0,0.15041782729805053
20260310,PR2607,7270.0,2256.0,8039.0,-0.47537826685006923
20260310,PR2608,6982.0,9.0,21.0,-0.1581208822686908
20260310,PR2609,6890.0,98.0,97.0,0.31349782293178574
20260310,PR2610,7070.0,1.0,11.0,-0.1968882602545965
20260310,PR2611,6954.0,7.0,8.0,-0.06557377049180335
20260310,PR2612,6916.0,24.0,24.0,0.0
20260310,PR2701,0.0,0.0,7.0,0.0
20260310,PR2702,0.0,0.0,9.0,0.0
20260311,PR2603,0.0,0.0,1831.0,0.0
20260311,PR2604,7882.0,10442.0,4404.0,-0.07003298655163714
20260311,PR2605,7836.0,110145.0,43193.0,-0.20826952526799447
20260311,PR2606,7700.0,16254.0,15742.0,-0.24935064935064943
20260311,PR2607,7540.0,907.0,8040.0,0.0
20260311,PR2608,0.0,0.0,21.0,0.0
20260311,PR2609,7364.0,74.0,86.0,-0.4497555676262901
20260311,PR2610,7088.0,6.0,16.0,0.0
20260311,PR2611,0.0,0.0,8.0,0.0
20260311,PR2612,6936.0,7.0,24.0,-0.0010886046421212307
20260311,PR2701,6880.0,8.0,9.0,-0.20930232558139572
20260311,PR2702,6760.0,2.0,10.0,0.0
20260312,PR2603,0.0,0.0,1831.0,0.0
20260312,PR2604,8314.0,2273.0,3505.0,-0.10392109694491225
20260312,PR2605,8242.0,97367.0,44135.0,-0.23586508129094907
20260312,PR2606,8080.0,9113.0,15556.0,-0.24653465346534675
20260312,PR2607,7914.0,202.0,8003.0,-0.09097801364670266
20260312,PR2608,7854.0,4.0,21.0,-0.27807486631016065
20260312,PR2609,7672.0,48.0,80.0,-0.3628779979144938
20260312,PR2610,7440.0,14.0,23.0,0.15806451612903238
20260312,PR2611,7538.0,2.0,9.0,-0.840541257628018
20260312,PR2612,7010.0,5.0,27.0,0.0
20260312,PR2701,0.0,0.0,9.0,0.0
20260312,PR2702,0.0,0.0,10.0,0.0
20260313,PR2603,0.0,44.0,0.0,0.0
20260313,PR2604,8342.0,2253.0,2800.0,-0.051786142411891944
20260313,PR2605,8306.0,195736.0,44893.0,-0.19937394654466623
20260313,PR2606,8168.0,22331.0,14956.0,-0.1880509304603324
20260313,PR2607,8040.0,2216.0,8057.0,0.05074626865671572
20260313,PR2608,8074.0,19.0,19.0,-0.43398563289571523
20260313,PR2609,7782.0,82.0,97.0,-0.3022359290670775
20260313,PR2610,7586.0,41.0,37.0,-0.12338518323226966
20260313,PR2611,7508.0,11.0,13.0,-0.10229088971763423
20260313,PR2612,7444.0,6.0,27.0,-0.0017750514704550488
20260313,PR2701,7346.0,9.0,15.0,-0.225428804791723
20260313,PR2702,7208.0,2.0,10.0,0.0
20260316,PR2604,9108.0,2103.0,2455.0,-0.05270092226613965
20260316,PR2605,9068.0,232827.0,51951.0,-0.32554036171151246
20260316,PR2606,8822.0,26206.0,15399.0,-0.38358648832464315
20260316,PR2607,8540.0,2566.0,8291.0,-0.0562060889929743
20260316,PR2608,8500.0,18.0,23.0,-0.2823529411764709
20260316,PR2609,8300.0,76.0,122.0,-0.3643373493975899
20260316,PR2610,8048.0,93.0,75.0,-0.2982107355864816
20260316,PR2611,7848.0,12.0,18.0,-0.027522935779817015
20260316,PR2612,7830.0,2.0,28.0,-0.006095828490249259
20260316,PR2701,7476.0,7.0,18.0,-0.2150882825040128
20260316,PR2702,7342.0,2.0,9.0,0.0
20260316,PR2703,0.0,0.0,0.0,0.0
20260317,PR2604,8760.0,832.0,2194.0,-0.030136986301369628
20260317,PR2605,8738.0,242690.0,47780.0,-0.2554360265506985
20260317,PR2606,8552.0,26033.0,15327.0,-0.255378858746492
20260317,PR2607,8370.0,1924.0,8303.0,-0.20071684587813632
20260317,PR2608,8230.0,59.0,38.0,-0.36160388821385236
20260317,PR2609,7982.0,85.0,119.0,-0.3066900526183911
20260317,PR2610,7778.0,157.0,77.0,-0.033941887374647095
20260317,PR2611,7756.0,68.0,21.0,-0.22588963383187188
20260317,PR2612,7610.0,14.0,30.0,-0.00014174135156284424
20260317,PR2701,7602.0,32.0,21.0,-0.06945540647198145
20260317,PR2702,7558.0,20.0,16.0,0.0
20260317,PR2703,0.0,0.0,0.0,0.0
20260318,PR2604,8556.0,466.0,1980.0,-0.008415147265077305
20260318,PR2605,8550.0,196360.0,50495.0,-0.18526315789473635
20260318,PR2606,8418.0,21755.0,16629.0,-0.22523164647184624
20260318,PR2607,8260.0,1313.0,8519.0,-0.41549636803874046
20260318,PR2608,7974.0,56.0,36.0,-0.16854778028592987
20260318,PR2609,7862.0,107.0,134.0,-0.12515899262274166
20260318,PR2610,7780.0,59.0,68.0,-0.3455012853470434
20260318,PR2611,7556.0,18.0,21.0,-0.13022763366860834
20260318,PR2612,7474.0,8.0,28.0,-0.0009741636173942378
20260318,PR2701,7420.0,10.0,21.0,0.029110512129379096
20260318,PR2702,7438.0,8.0,15.0,0.0
20260318,PR2703,0.0,0.0,0.0,0.0
20260319,PR2604,8642.0,98.0,1968.0,-0.019439944457301017
20260319,PR2605,8628.0,163254.0,49224.0,-0.10848400556328297
20260319,PR2606,8550.0,23842.0,17613.0,-0.19368421052631613
20260319,PR2607,8412.0,2886.0,8374.0,-0.23965763195435041
20260319,PR2608,8244.0,30.0,31.0,-0.2911208151382829
20260319,PR2609,8044.0,72.0,116.0,-0.03878667329686669
20260319,PR2610,8018.0,60.0,71.0,-0.1526565228236474
20260319,PR2611,7916.0,21.0,24.0,-0.20010106114199155
20260319,PR2612,7784.0,2.0,28.0,-0.002702172130674273
20260319,PR2701,7628.0,10.0,21.0,0.14787624541164135
20260319,PR2702,7722.0,1.0,15.0,0.0
20260319,PR2703,0.0,0.0,0.0,0.0
20260320,PR2604,8222.0,393.0,1919.0,0.05837995621503378
20260320,PR2605,8262.0,163704.0,40461.0,-0.06681190994916486
20260320,PR2606,8216.0,23415.0,18770.0,-0.14021421616358287
20260320,PR2607,8120.0,1772.0,8297.0,-0.2453201970443346
20260320,PR2608,7954.0,9.0,31.0,-0.03922554689464475
20260320,PR2609,7928.0,36.0,104.0,-0.1664984863773964
20260320,PR2610,7818.0,37.0,64.0,-0.14735226400613932
20260320,PR2611,7722.0,15.0,23.0,-0.07459207459207517
20260320,PR2612,7674.0,12.0,26.0,-0.0006325166255238049
20260320,PR2701,7638.0,7.0,20.0,0.0
20260320,PR2702,0.0,0.0,15.0,0.0
20260320,PR2703,0.0,0.0,0.0,0.0
20260323,PR2604,8672.0,126.0,1889.0,-0.0055350553505530975
20260323,PR2605,8668.0,99546.0,40780.0,-0.09413936317489657
20260323,PR2606,8600.0,11928.0,18520.0,-0.15906976744186085
20260323,PR2607,8486.0,820.0,8239.0,-0.10464294131510687
20260323,PR2608,8412.0,2.0,31.0,-0.1854493580599148
20260323,PR2609,8282.0,9.0,103.0,-0.2666022699830961
20260323,PR2610,8098.0,31.0,70.0,0.04149172635218523
20260323,PR2611,8126.0,16.0,27.0,-0.28058085158749746
20260323,PR2612,7936.0,6.0,27.0,-0.001427147517216387
20260323,PR2701,7852.0,11.0,17.0,-0.3239938869077945
20260323,PR2702,7640.0,1.0,14.0,0.0
20260323,PR2703,0.0,0.0,0.0,0.0
20260324,PR2604,8134.0,240.0,1845.0,0.07671502335873992
20260324,PR2605,8186.0,117799.0,41595.0,-0.04104568775958972
20260324,PR2606,8158.0,20365.0,19031.0,-0.13826918362343754
20260324,PR2607,8064.0,2948.0,8652.0,-0.017857142857142794
20260324,PR2608,8052.0,16.0,33.0,-0.047690014903130074
20260324,PR2609,8020.0,23.0,98.0,-0.40399002493765535
20260324,PR2610,7750.0,23.0,60.0,0.07741935483870854
20260324,PR2611,7800.0,2.0,27.0,0.20615384615384702
20260324,PR2612,7934.0,1.0,27.0,-0.003092932422825392
20260324,PR2701,7752.0,5.0,15.0,0.0
20260324,PR2702,0.0,0.0,14.0,0.0
20260324,PR2703,0.0,0.0,0.0,0.0
20260325,PR2604,8062.0,456.0,1722.0,0.06846936244108193
20260325,PR2605,8108.0,77099.0,39325.0,-0.047360631475086734
20260325,PR2606,8076.0,17903.0,20045.0,-0.12184249628528931
20260325,PR2607,7994.0,5990.0,8323.0,-0.24618463847885907
20260325,PR2608,7830.0,11.0,32.0,0.13486590038314095
20260325,PR2609,7918.0,9.0,96.0,-0.2879515029047739
20260325,PR2610,7728.0,18.0,57.0,0.09627329192546608
20260325,PR2611,7790.0,6.0,25.0,0.0
20260325,PR2612,0.0,0.0,27.0,0.0
20260325,PR2701,7740.0,11.0,17.0,-0.062015503875969546
20260325,PR2702,7700.0,4.0,16.0,0.0
20260325,PR2703,0.0,0.0,0.0,0.0
20260326,PR2604,8042.0,408.0,1359.0,0.09251429992539162
20260326,PR2605,8104.0,53054.0,37800.0,0.029615004935834577
20260326,PR2606,8124.0,15884.0,20327.0,-0.1299852289512562
20260326,PR2607,8036.0,4770.0,8353.0,0.0
20260326,PR2608,0.0,0.0,32.0,0.0
20260326,PR2609,7946.0,5.0,95.0,0.051346589478984406
20260326,PR2610,7980.0,4.0,59.0,-0.2255639097744364
20260326,PR2611,7830.0,2.0,24.0,-0.3065134099616853
20260326,PR2612,7630.0,1.0,27.0,-0.0012723283313944092
20260326,PR2701,7558.0,5.0,18.0,0.0
20260326,PR2702,0.0,0.0,16.0,0.0
20260326,PR2703,0.0,0.0,0.0,0.0
20260327,PR2604,8324.0,188.0,1318.0,-0.005766458433445809
20260327,PR2605,8320.0,58278.0,35674.0,-0.04326923076923128
20260327,PR2606,8290.0,21969.0,20534.0,-0.12159227985524712
20260327,PR2607,8206.0,4068.0,8654.0,0.0
20260327,PR2608,0.0,0.0,32.0,0.0
20260327,PR2609,7938.0,9.0,102.0,-0.1239606953892669
20260327,PR2610,7856.0,3.0,61.0,0.027494908350305103
20260327,PR2611,7874.0,2.0,25.0,0.0
20260327,PR2612,0.0,0.0,27.0,0.0
20260327,PR2701,7676.0,2.0,19.0,0.0
20260327,PR2702,0.0,0.0,16.0,0.0
20260327,PR2703,0.0,0.0,0.0,0.0
20260330,PR2604,8368.0,88.0,1295.0,-0.060229445506691626
20260330,PR2605,8326.0,64048.0,32540.0,-0.028825366322363433
20260330,PR2606,8306.0,21582.0,22959.0,0.11846857693233837
20260330,PR2607,8388.0,7004.0,8364.0,-0.04864091559370509
20260330,PR2608,8354.0,8.0,32.0,-0.568829303327747
20260330,PR2609,7958.0,18.0,103.0,-0.08745916059311343
20260330,PR2610,7900.0,10.0,63.0,-0.06379746835443045
20260330,PR2611,7858.0,5.0,24.0,-0.07024688215831043
20260330,PR2612,7812.0,1.0,26.0,-0.001242686273494532
20260330,PR2701,7740.0,9.0,19.0,0.09922480620155127
20260330,PR2702,7804.0,1.0,16.0,0.0
20260330,PR2703,0.0,0.0,0.0,0.0
20260331,PR2604,8220.0,96.0,1238.0,-0.04379562043795682
20260331,PR2605,8190.0,71483.0,25436.0,-0.00586080586080584
20260331,PR2606,8186.0,28177.0,20234.0,-0.120205228438798
20260331,PR2607,8104.0,6153.0,10499.0,-0.044422507403751865
20260331,PR2608,8074.0,10.0,32.0,-0.4250681198910078
20260331,PR2609,7788.0,29.0,99.0,-0.09553158705701081
20260331,PR2610,7726.0,11.0,63.0,-0.09940460781775773
20260331,PR2611,7662.0,2.0,24.0,0.0
20260331,PR2612,0.0,0.0,26.0,0.0
20260331,PR2701,7584.0,6.0,20.0,0.0
20260331,PR2702,0.0,0.0,16.0,0.0
20260331,PR2703,0.0,0.0,0.0,0.0
20260401,PR2604,7920.0,26.0,1243.0,-0.11212121212121184
20260401,PR2605,7846.0,55774.0,23460.0,-0.03976548559775672
20260401,PR2606,7820.0,25088.0,22337.0,-0.10434782608695592
20260401,PR2607,7752.0,9429.0,14455.0,0.306501547987617
20260401,PR2608,7950.0,15.0,35.0,-0.42264150943396217
20260401,PR2609,7670.0,13.0,97.0,-0.06883963494132939
20260401,PR2610,7626.0,11.0,64.0,-0.08811959087332788
20260401,PR2611,7570.0,4.0,26.0,0.0
20260401,PR2612,0.0,0.0,26.0,0.0
20260401,PR2701,7368.0,3.0,21.0,0.0
20260401,PR2702,0.0,0.0,16.0,0.0
20260401,PR2703,0.0,0.0,0.0,0.0
20260402,PR2604,8438.0,27.0,1248.0,-0.07110689736904474
20260402,PR2605,8388.0,61713.0,22863.0,-0.10300429184549298
20260402,PR2606,8316.0,31892.0,24550.0,-0.20202020202020243
20260402,PR2607,8176.0,13007.0,17314.0,-0.1526418786692756
20260402,PR2608,8072.0,1478.0,1347.0,-0.22001982160555
20260402,PR2609,7924.0,58.0,100.0,-0.21201413427561855
20260402,PR2610,7784.0,37.0,72.0,0.061664953751285445
20260402,PR2611,7824.0,12.0,26.0,-0.22085889570552153
20260402,PR2612,7680.0,2.0,24.0,-0.0008075842696629203
20260402,PR2701,7634.0,5.0,21.0,0.0
20260402,PR2702,0.0,0.0,16.0,0.0
20260402,PR2703,0.0,0.0,0.0,0.0
20260403,PR2604,8400.0,50.0,1210.0,0.09714285714285786
20260403,PR2605,8468.0,47293.0,19694.0,-0.04534718941898941
20260403,PR2606,8436.0,29002.0,26887.0,-0.17923186344239017
20260403,PR2607,8310.0,9626.0,19245.0,-0.25126353790613676
20260403,PR2608,8136.0,2837.0,3323.0,-0.15634218289085577
20260403,PR2609,8030.0,59.0,100.0,-0.1823163138231636
20260403,PR2610,7908.0,14.0,71.0,-0.13353566009104734
20260403,PR2611,7820.0,6.0,28.0,0.0
20260403,PR2612,0.0,0.0,24.0,0.0
20260403,PR2701,7454.0,1.0,21.0,0.0
20260403,PR2702,0.0,0.0,16.0,0.0
20260403,PR2703,0.0,0.0,0.0,0.0
20260407,PR2604,0.0,0.0,1210.0,0.0
20260407,PR2605,8498.0,32259.0,18607.0,-0.002824193927983387
20260407,PR2606,8496.0,23114.0,26224.0,-0.15254237288135553
20260407,PR2607,8388.0,9687.0,20090.0,-0.22031473533619428
20260407,PR2608,8234.0,2258.0,4462.0,0.0
20260407,PR2609,0.0,0.0,100.0,0.0
20260407,PR2610,7986.0,7.0,77.0,-0.1622839969947405
20260407,PR2611,7878.0,2.0,28.0,0.0
20260407,PR2612,0.0,0.0,24.0,0.0
20260407,PR2701,0.0,0.0,21.0,0.0
20260407,PR2702,0.0,0.0,16.0,0.0
20260407,PR2703,0.0,0.0,0.0,0.0
20260408,PR2604,8022.0,5.0,1210.0,-0.2692595362752428
20260408,PR2605,7842.0,45415.0,14084.0,0.042846212700842656
20260408,PR2606,7870.0,40939.0,27862.0,-0.11283354510800558
20260408,PR2607,7796.0,12628.0,19346.0,-0.20625962031811174
20260408,PR2608,7662.0,1621.0,5216.0,-0.043852779953015286
20260408,PR2609,7634.0,86.0,96.0,-0.2357872674875563
20260408,PR2610,7484.0,72.0,60.0,-0.006413682522715458
20260408,PR2611,7480.0,10.0,28.0,-0.4459893048128336
20260408,PR2612,7202.0,28.0,27.0,-0.0031826365335471804
20260408,PR2701,7032.0,15.0,24.0,0.13310580204778155
20260408,PR2702,7110.0,7.0,13.0,0.0
20260408,PR2703,0.0,0.0,0.0,0.0
20260409,PR2604,0.0,0.0,1210.0,0.0
20260409,PR2605,7998.0,25052.0,11564.0,0.006001500375092839
20260409,PR2606,8002.0,32346.0,29066.0,-0.14096475881029802
20260409,PR2607,7908.0,19866.0,22517.0,-0.14567526555386934
20260409,PR2608,7812.0,8770.0,8657.0,-0.11674347158218179
20260409,PR2609,7736.0,42.0,102.0,-0.18614270941054833
20260409,PR2610,7616.0,5.0,60.0,-0.19537815126050484
20260409,PR2611,7492.0,5.0,29.0,-0.1601708489054987
20260409,PR2612,7392.0,5.0,25.0,-0.0035021158616664245
20260409,PR2701,7200.0,8.0,26.0,0.0
20260409,PR2702,0.0,0.0,13.0,0.0
20260409,PR2703,7024.0,1.0,1.0,0.0
20260410,PR2604,0.0,0.0,1210.0,0.0
20260410,PR2605,7792.0,16075.0,9516.0,-0.0215605749486647
20260410,PR2606,7778.0,39664.0,29135.0,-0.19748007199794237
20260410,PR2607,7650.0,23158.0,23079.0,-0.18196078431372564
20260410,PR2608,7534.0,9730.0,9365.0,-0.15290682240509668
20260410,PR2609,7438.0,19.0,100.0,-0.019360043022317974
20260410,PR2610,7426.0,11.0,55.0,-0.2585510368973871
20260410,PR2611,7266.0,4.0,27.0,0.0
20260410,PR2612,0.0,0.0,25.0,0.0
20260410,PR2701,7200.0,8.0,26.0,0.02999999999999936
20260410,PR2702,7218.0,8.0,13.0,-0.28595178719867054
20260410,PR2703,7046.0,1.0,2.0,0.0
20260413,PR2604,8000.0,11.0,1199.0,-0.14999999999999947
20260413,PR2605,7900.0,14393.0,8173.0,-0.05468354430379696
20260413,PR2606,7864.0,35750.0,31325.0,-0.24109867751780234
20260413,PR2607,7706.0,13718.0,23969.0,-0.24292758889177302
20260413,PR2608,7550.0,5298.0,9397.0,-0.2543046357615899
20260413,PR2609,7390.0,127.0,157.0,0.08768606224627984
20260413,PR2610,7444.0,56.0,74.0,-0.41590542718968315
20260413,PR2611,7186.0,22.0,22.0,-0.09017534094071822
20260413,PR2612,7132.0,11.0,26.0,-0.0018905140307649666
20260413,PR2701,7032.0,19.0,31.0,0.013651877133105117
20260413,PR2702,7040.0,1.0,13.0,-0.03409090909090873
20260413,PR2703,7020.0,1.0,3.0,0.0
20260414,PR2604,0.0,0.0,1199.0,0.0
20260414,PR2605,8004.0,7841.0,7079.0,-0.05697151424287794
20260414,PR2606,7966.0,39484.0,32062.0,-0.23198594024604535
20260414,PR2607,7812.0,16781.0,23157.0,-0.20276497695852536
20260414,PR2608,7680.0,5326.0,9251.0,-0.3875000000000006
20260414,PR2609,7432.0,51.0,163.0,-0.04198062432723315
20260414,PR2610,7406.0,20.0,73.0,-0.2819335673778016
20260414,PR2611,7232.0,15.0,29.0,-0.14933628318584136
20260414,PR2612,7142.0,1.0,27.0,-0.0020766536928251574
20260414,PR2701,7032.0,4.0,31.0,0.01023890784983017
20260414,PR2702,7038.0,1.0,13.0,-0.09889173060528611
20260414,PR2703,6980.0,1.0,4.0,0.0
20260415,PR2604,0.0,0.0,0.0,0.0
20260415,PR2605,8122.0,5084.0,5886.0,-0.11524255109578885
20260415,PR2606,8044.0,45530.0,31797.0,-0.2028841372451513
20260415,PR2607,7908.0,20490.0,24185.0,-0.218512898330804
20260415,PR2608,7764.0,7724.0,9689.0,-0.3122102009273564
20260415,PR2609,7562.0,62.0,186.0,0.0063475271092308105
20260415,PR2610,7566.0,11.0,75.0,-0.36478984932593184
20260415,PR2611,7336.0,9.0,28.0,0.0
20260415,PR2612,0.0,0.0,27.0,0.0
20260415,PR2701,0.0,0.0,31.0,0.0
20260415,PR2702,0.0,0.0,13.0,0.0
20260415,PR2703,6984.0,1.0,4.0,0.0
20260416,PR2605,8284.0,3945.0,4725.0,-0.12457749879285407
20260416,PR2606,8198.0,47681.0,33852.0,-0.2078555745303734
20260416,PR2607,8056.0,31922.0,25127.0,-0.19960278053624592
20260416,PR2608,7922.0,10029.0,9430.0,-0.4120171673819746
20260416,PR2609,7650.0,23.0,181.0,-0.1129411764705881
20260416,PR2610,7578.0,17.0,73.0,-0.19319081551860595
20260416,PR2611,7456.0,5.0,30.0,-0.4924892703862662
20260416,PR2612,7150.0,3.0,27.0,-0.0019234697886383323
20260416,PR2701,7048.0,4.0,33.0,0.0
20260416,PR2702,0.0,0.0,13.0,0.0
20260416,PR2703,7036.0,1.0,5.0,0.0
20260416,PR2704,0.0,0.0,0.0,0.0
20260417,PR2605,8358.0,2989.0,3948.0,-0.21536252692031566
20260417,PR2606,8208.0,55294.0,33911.0,-0.25438596491228127
20260417,PR2607,8034.0,34358.0,24491.0,-0.24495892457057522
20260417,PR2608,7870.0,10226.0,9567.0,-0.3598475222363411
20260417,PR2609,7634.0,20.0,186.0,-0.2577940791197282
20260417,PR2610,7470.0,11.0,76.0,-0.0321285140562253
20260417,PR2611,7450.0,4.0,33.0,-0.5154362416107383
20260417,PR2612,7130.0,8.0,31.0,-0.001853223442646208
20260417,PR2701,7032.0,6.0,35.0,0.0
20260417,PR2702,0.0,0.0,13.0,0.0
20260417,PR2703,7034.0,1.0,4.0,0.0
20260417,PR2704,0.0,0.0,0.0,0.0
20260420,PR2605,8294.0,2335.0,3222.0,-0.1446829033035928
20260420,PR2606,8194.0,65971.0,35444.0,-0.34268977300463765
20260420,PR2607,7960.0,43897.0,24311.0,-0.310552763819095
20260420,PR2608,7754.0,14385.0,9572.0,-0.34665978849625967
20260420,PR2609,7530.0,95.0,175.0,-0.0127490039840632
20260420,PR2610,7522.0,83.0,101.0,-0.27439510768412667
20260420,PR2611,7350.0,6.0,32.0,0.3199999999999994
20260420,PR2612,7546.0,6.0,34.0,-0.007004231723332849
20260420,PR2701,7154.0,13.0,33.0,0.07045009784735878
20260420,PR2702,7196.0,2.0,13.0,-0.25013896609227393
20260420,PR2703,7046.0,2.0,2.0,0.0
20260420,PR2704,0.0,0.0,0.0,0.0
20260421,PR2605,8364.0,1808.0,2412.0,-0.2697274031563843
20260421,PR2606,8176.0,37817.0,35881.0,-0.33170254403131105
20260421,PR2607,7950.0,28422.0,25406.0,-0.2626415094339625
20260421,PR2608,7776.0,8195.0,10274.0,-0.25308641975308577
20260421,PR2609,7612.0,39.0,176.0,-0.14188124014713654
20260421,PR2610,7522.0,66.0,115.0,-0.18824780643445838
20260421,PR2611,7404.0,4.0,33.0,0.0
20260421,PR2612,0.0,0.0,34.0,0.0
20260421,PR2701,0.0,0.0,33.0,0.0
20260421,PR2702,0.0,0.0,13.0,0.0
20260421,PR2703,0.0,0.0,2.0,0.0
20260421,PR2704,0.0,0.0,0.0,0.0
20260422,PR2605,8450.0,757.0,2052.0,-0.30958579881656867
20260422,PR2606,8232.0,41269.0,36324.0,-0.3586005830903791
20260422,PR2607,7986.0,36726.0,25214.0,-0.2854996243426
20260422,PR2608,7796.0,11681.0,10296.0,-0.3016931759876855
20260422,PR2609,7600.0,88.0,191.0,-0.15789473684210575
20260422,PR2610,7500.0,75.0,79.0,-0.2400000000000002
20260422,PR2611,7350.0,6.0,34.0,-0.16326530612244916
20260422,PR2612,7250.0,1.0,34.0,-0.0030871755133669155
20260422,PR2701,7084.0,2.0,32.0,0.0
20260422,PR2702,0.0,0.0,13.0,0.0
20260422,PR2703,0.0,0.0,2.0,0.0
20260422,PR2704,0.0,0.0,0.0,0.0
20260423,PR2605,8492.0,1223.0,1515.0,-0.17522373999057939
20260423,PR2606,8368.0,53550.0,35697.0,-0.269598470363289
20260423,PR2607,8180.0,40058.0,24713.0,-0.2728606356968215
20260423,PR2608,7994.0,10936.0,9962.0,-0.4263197398048537
20260423,PR2609,7710.0,47.0,196.0,-0.20544747081712122
20260423,PR2610,7578.0,37.0,72.0,-0.12034837688044364
20260423,PR2611,7502.0,9.0,34.0,-0.28472407358037843
20260423,PR2612,7324.0,4.0,34.0,-0.0023196018630453046
20260423,PR2701,7198.0,14.0,32.0,0.0
20260423,PR2702,0.0,0.0,13.0,0.0
20260423,PR2703,0.0,0.0,2.0,0.0
20260423,PR2704,0.0,0.0,0.0,0.0
20260424,PR2605,8482.0,250.0,1405.0,-0.32822447535958554
20260424,PR2606,8250.0,44662.0,32443.0,-0.2938181818181813
20260424,PR2607,8048.0,38997.0,24091.0,-0.24751491053678
20260424,PR2608,7882.0,13107.0,10191.0,-0.29231159604161405
20260424,PR2609,7690.0,57.0,208.0,-0.15916775032509722
20260424,PR2610,7588.0,21.0,80.0,-0.14549288350026313
20260424,PR2611,7496.0,2.0,35.0,-0.23372465314834567
20260424,PR2612,7350.0,22.0,33.0,-0.0020545746388443064
20260424,PR2701,7238.0,22.0,34.0,0.0
20260424,PR2702,0.0,0.0,13.0,0.0
20260424,PR2703,7110.0,6.0,3.0,0.0
20260424,PR2704,0.0,0.0,0.0,0.0
20260427,PR2605,8650.0,297.0,1241.0,-0.2774566473988438
20260427,PR2606,8450.0,48134.0,32663.0,-0.2783431952662725
20260427,PR2607,8254.0,50712.0,24755.0,-0.2645989823116066
20260427,PR2608,8072.0,20042.0,10186.0,-0.2616451932606543
20260427,PR2609,7896.0,25.0,216.0,-0.2006079027355625
20260427,PR2610,7764.0,27.0,87.0,-0.17619783616692386
20260427,PR2611,7650.0,26.0,39.0,-0.2823529411764709
20260427,PR2612,7470.0,4.0,34.0,-0.0020576688777582224
20260427,PR2701,7356.0,10.0,33.0,0.0
20260427,PR2702,0.0,0.0,13.0,0.0
20260427,PR2703,7284.0,4.0,3.0,0.0
20260427,PR2704,0.0,0.0,0.0,0.0
20260428,PR2605,9138.0,372.0,1043.0,-0.24950755088640797
20260428,PR2606,8948.0,71921.0,32783.0,-0.21457308895842653
20260428,PR2607,8788.0,90231.0,32658.0,-0.23759672280382338
20260428,PR2608,8614.0,22805.0,10475.0,-0.3259809612259108
20260428,PR2609,8380.0,323.0,388.0,-0.29785202863961846
20260428,PR2610,8172.0,110.0,151.0,-0.15565345080763615
20260428,PR2611,8066.0,43.0,58.0,-0.5772377882469626
20260428,PR2612,7678.0,18.0,42.0,-0.0003512150577602369
20260428,PR2701,7658.0,31.0,48.0,-0.26325411334552085
20260428,PR2702,7490.0,1.0,14.0,-0.3588785046728975
20260428,PR2703,7266.0,1.0,2.0,0.0
20260428,PR2704,0.0,0.0,0.0,0.0
20260429,PR2605,9096.0,233.0,921.0,-0.237467018469657
20260429,PR2606,8916.0,76409.0,30889.0,-0.2341857335127866
20260429,PR2607,8742.0,106572.0,31739.0,-0.23335621139327367
20260429,PR2608,8572.0,30492.0,10037.0,-0.24918338777414828
20260429,PR2609,8394.0,233.0,407.0,-0.20014295925661196
20260429,PR2610,8254.0,70.0,138.0,-0.2355221710685731
20260429,PR2611,8092.0,35.0,46.0,-0.3292140385565996
20260429,PR2612,7870.0,36.0,50.0,-0.001953085961480801
20260429,PR2701,7756.0,23.0,53.0,0.006188757091284636
20260429,PR2702,7760.0,11.0,14.0,0.0
20260429,PR2703,0.0,0.0,2.0,0.0
20260429,PR2704,0.0,0.0,0.0,0.0
20260430,PR2605,8994.0,511.0,727.0,-0.2161440960640424
20260430,PR2606,8832.0,43409.0,25524.0,-0.24456521739130377
20260430,PR2607,8652.0,79390.0,31889.0,-0.20249653259362033
20260430,PR2608,8506.0,23018.0,10213.0,-0.23418763225958106
20260430,PR2609,8340.0,238.0,410.0,-0.21870503597122326
20260430,PR2610,8188.0,28.0,142.0,-0.20810942843185165
20260430,PR2611,8046.0,4.0,47.0,-0.2624906785980614
20260430,PR2612,7870.0,8.0,49.0,-0.004488671244806754
20260430,PR2701,7608.0,16.0,59.0,0.0
20260430,PR2702,0.0,0.0,14.0,0.0
20260430,PR2703,0.0,0.0,2.0,0.0
20260430,PR2704,0.0,0.0,0.0,0.0
20260506,PR2605,9162.0,1.0,726.0,-0.18598559266535686
20260506,PR2606,9020.0,16558.0,24131.0,-0.1702882483370285
20260506,PR2607,8892.0,69787.0,41077.0,-0.20512820512820573
20260506,PR2608,8740.0,22302.0,11407.0,-0.3130434782608691
20260506,PR2609,8512.0,5980.0,3045.0,-0.2255639097744364
20260506,PR2610,8352.0,120.0,178.0,-0.1724137931034484
20260506,PR2611,8232.0,16.0,49.0,-0.38483965014577226
20260506,PR2612,7968.0,25.0,54.0,-0.002605929335318806
20260506,PR2701,7814.0,9.0,64.0,0.0
20260506,PR2702,0.0,0.0,14.0,0.0
20260506,PR2703,0.0,0.0,2.0,0.0
20260506,PR2704,0.0,0.0,0.0,0.0
20260507,PR2605,8712.0,128.0,664.0,-0.10743801652892504
20260507,PR2606,8634.0,19239.0,20025.0,-0.21125781792911713
20260507,PR2607,8482.0,106453.0,41916.0,-0.19806649375147378
20260507,PR2608,8342.0,45904.0,13734.0,-0.23016063294174005
20260507,PR2609,8182.0,11415.0,8340.0,-0.20826203862136383
20260507,PR2610,8040.0,99.0,198.0,-0.2895522388059697
20260507,PR2611,7846.0,17.0,50.0,-0.18965077746622416
20260507,PR2612,7722.0,12.0,58.0,-0.002479418209755291
20260507,PR2701,7580.0,20.0,62.0,-0.11398416886543483
20260507,PR2702,7508.0,12.0,14.0,0.0
20260507,PR2703,0.0,0.0,2.0,0.0
20260507,PR2704,0.0,0.0,0.0,0.0
20260508,PR2605,8654.0,4.0,663.0,-0.19690316616593506
20260508,PR2606,8512.0,13113.0,17400.0,-0.22838345864661713
20260508,PR2607,8350.0,88726.0,45760.0,-0.1925748502994007
20260508,PR2608,8216.0,37662.0,15084.0,-0.22784810126582267
20260508,PR2609,8060.0,12692.0,10972.0,-0.14888337468982638
20260508,PR2610,7960.0,190.0,257.0,-0.2050251256281408
20260508,PR2611,7824.0,46.0,52.0,-0.2822085889570558
20260508,PR2612,7640.0,5.0,57.0,-0.002470733572563098
20260508,PR2701,7500.0,15.0,59.0,-0.14400000000000013
20260508,PR2702,7410.0,14.0,12.0,0.0
20260508,PR2703,0.0,0.0,2.0,0.0
20260508,PR2704,0.0,0.0,0.0,0.0
20260511,PR2605,8850.0,5.0,663.0,-0.27661016949152506
20260511,PR2606,8646.0,12022.0,14640.0,-0.2137404580152671
20260511,PR2607,8492.0,106316.0,47719.0,-0.2063118228921339
20260511,PR2608,8346.0,38869.0,14802.0,-0.22429906542056077
20260511,PR2609,8190.0,11693.0,11839.0,-0.146520146520146
20260511,PR2610,8090.0,90.0,283.0,-0.21953028430160693
20260511,PR2611,7942.0,28.0,57.0,-0.29312515739108536
20260511,PR2612,7748.0,8.0,57.0,-0.001635797277151625
20260511,PR2701,7654.0,19.0,61.0,-0.2539848445257378
20260511,PR2702,7492.0,7.0,13.0,0.0
20260511,PR2703,0.0,0.0,2.0,0.0
20260511,PR2704,0.0,0.0,0.0,0.0
20260512,PR2605,8850.0,1.0,663.0,-0.44474576271186494
20260512,PR2606,8522.0,7855.0,13265.0,-0.2112180239380428
20260512,PR2607,8372.0,75323.0,48902.0,-0.17200191113234542
20260512,PR2608,8252.0,33454.0,15889.0,-0.2384876393601547
20260512,PR2609,8088.0,6940.0,12426.0,-0.13649851632047438
20260512,PR2610,7996.0,83.0,280.0,-0.17408704352176052
20260512,PR2611,7880.0,8.0,59.0,-0.37461928934010125
20260512,PR2612,7634.0,16.0,57.0,-0.0014482813433692593
20260512,PR2701,7552.0,43.0,74.0,-0.10487288135593209
20260512,PR2702,7486.0,31.0,13.0,0.0
20260512,PR2703,0.0,0.0,2.0,0.0
20260512,PR2704,0.0,0.0,0.0,0.0
20260513,PR2605,0.0,0.0,663.0,0.0
20260513,PR2606,8448.0,6763.0,11702.0,-0.2073863636363642
20260513,PR2607,8302.0,89065.0,49223.0,-0.17923391953746037
20260513,PR2608,8178.0,34965.0,16308.0,-0.18782098312545914
20260513,PR2609,8050.0,26240.0,13425.0,-0.10434782608695592
20260513,PR2610,7980.0,42.0,287.0,-0.2135338345864657
20260513,PR2611,7838.0,16.0,61.0,-0.2480224547078338
20260513,PR2612,7676.0,4.0,56.0,-0.002107839406057702
20260513,PR2701,7556.0,4.0,72.0,-0.11752249867654818
20260513,PR2702,7482.0,1.0,14.0,0.0
20260513,PR2703,0.0,0.0,2.0,0.0
20260513,PR2704,7284.0,12.0,0.0,0.0
20260514,PR2605,0.0,0.0,663.0,0.0
20260514,PR2606,8250.0,7969.0,9171.0,-0.2501818181818187
20260514,PR2607,8078.0,85383.0,48328.0,-0.1693488487249324
20260514,PR2608,7964.0,26400.0,16856.0,-0.14163736815670536
20260514,PR2609,7870.0,21836.0,13246.0,-0.0731893265565442
20260514,PR2610,7822.0,183.0,364.0,-0.15648171823063173
20260514,PR2611,7720.0,41.0,67.0,-0.24559585492227987
20260514,PR2612,7562.0,22.0,61.0,-0.002175276144174454
20260514,PR2701,7440.0,9.0,74.0,-0.05806451612903274
20260514,PR2702,7404.0,6.0,17.0,0.0
20260514,PR2703,0.0,0.0,2.0,0.0
20260514,PR2704,0.0,0.0,0.0,0.0
20260515,PR2605,0.0,0.0,663.0,0.0
20260515,PR2606,8436.0,4339.0,7609.0,-0.2759601706970125
20260515,PR2607,8242.0,80471.0,48097.0,-0.20965785003639947
20260515,PR2608,8098.0,33890.0,16472.0,-0.20153124228204522
20260515,PR2609,7962.0,12748.0,13542.0,-0.1055011303692539
20260515,PR2610,7892.0,107.0,352.0,-0.1581348200709578
20260515,PR2611,7788.0,8.0,67.0,-0.23728813559322015
20260515,PR2612,7634.0,9.0,59.0,-0.002649295140309621
20260515,PR2701,7484.0,11.0,73.0,-0.06734366648850898
20260515,PR2702,7442.0,4.0,18.0,0.0
20260515,PR2703,0.0,0.0,2.0,0.0
20260515,PR2704,0.0,0.0,0.0,0.0
20260518,PR2605,0.0,0.0,663.0,0.0
20260518,PR2606,8464.0,3431.0,6569.0,-0.2693761814744797
20260518,PR2607,8274.0,84486.0,48445.0,-0.19144307469180566
20260518,PR2608,8142.0,40605.0,16448.0,-0.17980840088430305
20260518,PR2609,8020.0,21624.0,13652.0,-0.08678304239401502
20260518,PR2610,7962.0,50.0,348.0,-0.09645817633760334
20260518,PR2611,7898.0,14.0,69.0,-0.3433780703975695
20260518,PR2612,7672.0,4.0,58.0,-0.0027767688720694472
20260518,PR2701,7514.0,5.0,72.0,0.06068671812616522
20260518,PR2702,7552.0,2.0,20.0,0.0
20260518,PR2703,0.0,0.0,2.0,0.0
20260518,PR2704,0.0,0.0,0.0,0.0
20260519,PR2605,0.0,60.0,0.0,0.0
20260519,PR2606,8512.0,3735.0,5316.0,-0.34680451127819545
20260519,PR2607,8266.0,72280.0,46053.0,-0.20904911686426342
20260519,PR2608,8122.0,37004.0,15392.0,-0.20389066732331873
20260519,PR2609,7984.0,12633.0,14003.0,-0.1082164328657309
20260519,PR2610,7912.0,55.0,330.0,-0.2578361981799797
20260519,PR2611,7742.0,6.0,67.0,-0.13329888917592392
20260519,PR2612,7656.0,4.0,57.0,-0.0038392448311084537
20260519,PR2701,7438.0,15.0,70.0,0.07098682441516502
20260519,PR2702,7482.0,2.0,20.0,0.0
20260519,PR2703,0.0,0.0,2.0,0.0
20260519,PR2704,0.0,0.0,0.0,0.0
20260520,PR2606,8584.0,3110.0,3934.0,-0.39981360671015853
20260520,PR2607,8298.0,86144.0,45899.0,-0.2545191612436737
20260520,PR2608,8122.0,46971.0,15370.0,-0.2157104161536565
20260520,PR2609,7976.0,26644.0,14149.0,-0.10230692076228731
20260520,PR2610,7908.0,290.0,465.0,-0.20333839150227684
20260520,PR2611,7774.0,10.0,70.0,-0.20684332390018056
20260520,PR2612,7640.0,12.0,54.0,-0.0029648802870757087
20260520,PR2701,7472.0,10.0,73.0,0.03854389721627438
20260520,PR2702,7496.0,8.0,21.0,0.0
20260520,PR2703,0.0,0.0,2.0,0.0
20260520,PR2704,0.0,0.0,0.0,0.0
20260520,PR2705,0.0,0.0,0.0,0.0
20260521,PR2606,8614.0,3651.0,3046.0,-0.4207104713257488
20260521,PR2607,8312.0,141227.0,46689.0,-0.3118383060635228
20260521,PR2608,8096.0,52268.0,18085.0,-0.25790513833992046
20260521,PR2609,7922.0,20360.0,14676.0,-0.12421105781368302
20260521,PR2610,7840.0,514.0,477.0,-0.18979591836734722
20260521,PR2611,7716.0,21.0,67.0,-0.35458786936236386
20260521,PR2612,7488.0,18.0,54.0,-0.0018006338231057269
20260521,PR2701,7388.0,30.0,63.0,0.061721710882512326
20260521,PR2702,7426.0,5.0,22.0,-0.34581201185025634
20260521,PR2703,7212.0,3.0,3.0,0.14642262895174696
20260521,PR2704,7300.0,1.0,1.0,0.0
20260521,PR2705,0.0,0.0,0.0,0.0
20260522,PR2606,8222.0,2390.0,2007.0,-0.46120165409875913
20260522,PR2607,7906.0,151762.0,44069.0,-0.2762458891980777
20260522,PR2608,7724.0,56044.0,17497.0,-0.2361470740548941
20260522,PR2609,7572.0,17207.0,14659.0,-0.1236133122028531
20260522,PR2610,7494.0,217.0,469.0,-0.25620496397117654
20260522,PR2611,7334.0,66.0,64.0,-0.19961821652576983
20260522,PR2612,7212.0,36.0,60.0,-0.001346071154816877
20260522,PR2701,7140.0,48.0,62.0,-0.006722689075630228
20260522,PR2702,7136.0,15.0,24.0,-0.09080717488789247
20260522,PR2703,7082.0,9.0,5.0,0.0
20260522,PR2704,0.0,0.0,1.0,0.0
20260522,PR2705,0.0,0.0,0.0,0.0
20260525,PR2606,8194.0,1714.0,1267.0,-0.6590187942396879
20260525,PR2607,7744.0,126558.0,39228.0,-0.28512396694214814
20260525,PR2608,7560.0,42845.0,17923.0,-0.22222222222222188
20260525,PR2609,7420.0,18738.0,14747.0,-0.06469002695417769
20260525,PR2610,7380.0,147.0,465.0,-0.15609756097561034
20260525,PR2611,7284.0,41.0,68.0,-0.3031301482701809
20260525,PR2612,7100.0,26.0,61.0,-0.0013293242601677463
20260525,PR2701,7030.0,21.0,64.0,-0.16386913229018507
20260525,PR2702,6934.0,7.0,24.0,-0.05884049610614328
20260525,PR2703,6900.0,3.0,6.0,0.12173913043478368
20260525,PR2704,6970.0,3.0,4.0,0.0
20260525,PR2705,0.0,0.0,0.0,0.0
20260526,PR2606,8170.0,752.0,807.0,-0.6168910648714809
20260526,PR2607,7750.0,87038.0,39580.0,-0.30038709677419373
20260526,PR2608,7556.0,35654.0,17965.0,-0.22551614610905224
20260526,PR2609,7414.0,17767.0,15145.0,-0.09063933099541455
20260526,PR2610,7358.0,74.0,488.0,-0.1761348192443597
20260526,PR2611,7250.0,23.0,69.0,-0.22179310344827652
20260526,PR2612,7116.0,10.0,60.0,-0.0028042518521325535
20260526,PR2701,6968.0,12.0,63.0,0.061997703788748026
20260526,PR2702,7004.0,3.0,24.0,0.0
20260526,PR2703,0.0,0.0,6.0,0.0
20260526,PR2704,6924.0,2.0,4.0,0.0
20260526,PR2705,0.0,0.0,0.0,0.0
20260527,PR2606,8220.0,395.0,608.0,-0.6277372262773722
20260527,PR2607,7790.0,62968.0,38521.0,-0.29268292682926855
20260527,PR2608,7600.0,26894.0,17469.0,-0.23684210526315796
20260527,PR2609,7450.0,10101.0,15629.0,-0.08053691275167774
20260527,PR2610,7400.0,83.0,481.0,-0.24648648648648663
20260527,PR2611,7248.0,10.0,70.0,-0.19205298013245065
20260527,PR2612,7132.0,14.0,62.0,-0.003138253291069849
20260527,PR2701,6966.0,29.0,74.0,0.027562446167097576
20260527,PR2702,6982.0,8.0,24.0,-0.12030936694356953
20260527,PR2703,6912.0,5.0,8.0,-0.017361111111111605
20260527,PR2704,6902.0,6.0,7.0,-0.02781802376122844
20260527,PR2705,6886.0,4.0,4.0,0.0
20260528,PR2606,8360.0,255.0,389.0,-0.5655502392344496
20260528,PR2607,7966.0,99947.0,31065.0,-0.31031885513432034
20260528,PR2608,7760.0,46415.0,17779.0,-0.2257731958762892
20260528,PR2609,7614.0,18561.0,16617.0,-0.1103230890464939
20260528,PR2610,7544.0,92.0,476.0,-0.23860021208907733
20260528,PR2611,7394.0,23.0,70.0,-0.17203137679199365
20260528,PR2612,7288.0,11.0,63.0,-0.0032930845225027476
20260528,PR2701,7110.0,12.0,75.0,-0.0303797468354432
20260528,PR2702,7092.0,4.0,25.0,-0.04060913705583813
20260528,PR2703,7068.0,5.0,10.0,0.0
20260528,PR2704,0.0,0.0,7.0,0.0
20260528,PR2705,7048.0,7.0,6.0,0.0
20260529,PR2606,8370.0,458.0,107.0,-0.6222222222222218
20260529,PR2607,7936.0,81371.0,24966.0,-0.36290322580645196
20260529,PR2608,7696.0,39124.0,18464.0,-0.27130977130977074
20260529,PR2609,7522.0,15088.0,19363.0,-0.10210050518479141
20260529,PR2610,7458.0,309.0,550.0,-0.2156074014481093
20260529,PR2611,7324.0,57.0,75.0,-0.19989077007099887
20260529,PR2612,7202.0,39.0,68.0,-0.002508666444090128
20260529,PR2701,7068.0,54.0,76.0,0.037351443123938566
20260529,PR2702,7090.0,3.0,26.0,-0.1421720733427363
20260529,PR2703,7006.0,10.0,13.0,0.03768198686839952
20260529,PR2704,7028.0,10.0,10.0,0.027319294251564763
20260529,PR2705,7044.0,6.0,9.0,0.0
20260601,PR2606,8368.0,1.0,106.0,-0.5879541108986617
20260601,PR2607,7958.0,49479.0,23198.0,-0.32872581050515226
20260601,PR2608,7740.0,25526.0,19925.0,-0.23255813953488413
20260601,PR2609,7590.0,35660.0,29287.0,-0.1328063241106725
20260601,PR2610,7506.0,16286.0,9452.0,-0.1662669864108719
20260601,PR2611,7402.0,60.0,80.0,-0.259389354228587
20260601,PR2612,7242.0,37.0,69.0,-0.0019735066047308274
20260601,PR2701,7136.0,25.0,75.0,0.0
20260601,PR2702,0.0,0.0,26.0,0.0
20260601,PR2703,7018.0,1.0,14.0,0.05129666571672953
20260601,PR2704,7048.0,2.0,12.0,-0.0034052213393871433
20260601,PR2705,7046.0,2.0,11.0,0.0
20260602,PR2606,0.0,0.0,106.0,0.0
20260602,PR2607,7978.0,44512.0,19943.0,-0.30383554775633037
20260602,PR2608,7776.0,31509.0,20388.0,-0.18518518518518468
20260602,PR2609,7656.0,38861.0,32405.0,-0.07836990595611315
20260602,PR2610,7606.0,6286.0,10315.0,-0.16723639232185095
20260602,PR2611,7500.0,42.0,84.0,-0.19200000000000017
20260602,PR2612,7380.0,32.0,77.0,-0.002923175299168723
20260602,PR2701,7220.0,21.0,73.0,-0.0132963988919661
20260602,PR2702,7212.0,7.0,26.0,-0.0532445923460898
20260602,PR2703,7180.0,9.0,14.0,-0.026740947075209576
20260602,PR2704,7164.0,8.0,12.0,-0.010050251256281673
20260602,PR2705,7158.0,9.0,13.0,0.0
20260603,PR2606,0.0,0.0,106.0,0.0
20260603,PR2607,8042.0,28397.0,18071.0,-0.27157423526485935
20260603,PR2608,7860.0,27276.0,20844.0,-0.1526717557251902
20260603,PR2609,7760.0,39268.0,33171.0,-0.08041237113402033
20260603,PR2610,7708.0,8683.0,10197.0,-0.15568240788790844
20260603,PR2611,7608.0,5.0,85.0,-0.290220820189274
20260603,PR2612,7424.0,7.0,76.0,-0.0023610034870205324
20260603,PR2701,7294.0,17.0,71.0,0.0
20260603,PR2702,0.0,0.0,26.0,0.0
20260603,PR2703,7250.0,1.0,15.0,-0.006620689655172374
20260603,PR2704,7246.0,4.0,12.0,-0.02318520563069315
20260603,PR2705,7232.0,5.0,13.0,0.0
20260604,PR2606,0.0,0.0,106.0,0.0
20260604,PR2607,7794.0,22036.0,13114.0,-0.2832948421862973
20260604,PR2608,7610.0,34666.0,19869.0,-0.19237844940867266
20260604,PR2609,7488.0,84378.0,36180.0,-0.1025641025641022
20260604,PR2610,7424.0,20385.0,10251.0,-0.15840517241379315
20260604,PR2611,7326.0,28.0,88.0,-0.17690417690417704
20260604,PR2612,7218.0,17.0,80.0,-0.0029514229407753964
20260604,PR2701,7060.0,23.0,75.0,-0.013597733711048665
20260604,PR2702,7052.0,5.0,29.0,-0.044242768009076006
20260604,PR2703,7026.0,7.0,18.0,-0.030742954739538586
20260604,PR2704,7008.0,5.0,14.0,0.27397260273972535
20260604,PR2705,7168.0,2.0,13.0,0.0
20260605,PR2606,0.0,0.0,106.0,0.0
20260605,PR2607,7884.0,10009.0,11589.0,-0.2587519025875187
20260605,PR2608,7714.0,29308.0,20690.0,-0.17111744879439916
20260605,PR2609,7604.0,74035.0,37737.0,-0.08206207259337228
20260605,PR2610,7552.0,20949.0,11119.0,-0.24788135593220373
20260605,PR2611,7396.0,48.0,83.0,-0.13304488912925905
20260605,PR2612,7314.0,64.0,70.0,-0.002765206330479033
20260605,PR2701,7164.0,48.0,73.0,-0.07370184254606427
20260605,PR2702,7120.0,28.0,29.0,-0.013483146067416296
20260605,PR2703,7112.0,27.0,19.0,-0.04049493813273353
20260605,PR2704,7088.0,13.0,14.0,-0.02370203160270945
20260605,PR2705,7074.0,6.0,12.0,0.0
20260608,PR2606,0.0,0.0,106.0,0.0
20260608,PR2607,8148.0,12847.0,9151.0,-0.20029455081001535
20260608,PR2608,8012.0,58695.0,23049.0,-0.15277084373439864
20260608,PR2609,7910.0,114731.0,42872.0,-0.07888748419721914
20260608,PR2610,7858.0,20301.0,11711.0,-0.2932043777042508
20260608,PR2611,7666.0,236.0,243.0,-0.20975737020610463
20260608,PR2612,7532.0,74.0,73.0,-0.0015394988871451775
20260608,PR2701,7446.0,40.0,71.0,-0.04512489927477903
20260608,PR2702,7418.0,19.0,26.0,-0.0614720949042864
20260608,PR2703,7380.0,17.0,21.0,-0.022764227642276147
20260608,PR2704,7366.0,23.0,16.0,-0.10752104262829265
20260608,PR2705,7300.0,14.0,11.0,0.0
20260609,PR2606,0.0,0.0,106.0,0.0
20260609,PR2607,7886.0,6269.0,7922.0,-0.2739031194521937
20260609,PR2608,7706.0,27989.0,22524.0,-0.16506618219569225
20260609,PR2609,7600.0,77945.0,41021.0,-0.08526315789473671
20260609,PR2610,7546.0,18064.0,11685.0,-0.2099125364431491
20260609,PR2611,7414.0,19.0,237.0,-0.21364985163204686
20260609,PR2612,7282.0,14.0,77.0,-0.0007776601686782009
20260609,PR2701,7240.0,11.0,73.0,-0.1889502762430939
20260609,PR2702,7126.0,5.0,29.0,-0.05388717373000329
20260609,PR2703,7094.0,4.0,22.0,-0.016915703411334082
20260609,PR2704,7084.0,2.0,16.0,0.23376623376623318
20260609,PR2705,7222.0,24.0,12.0,0.0
20260610,PR2606,0.0,0.0,106.0,0.0
20260610,PR2607,7838.0,6683.0,6179.0,-0.29395253891298845
20260610,PR2608,7646.0,48212.0,20088.0,-0.1632226000523156
20260610,PR2609,7542.0,111204.0,38799.0,-0.04773269689737436
20260610,PR2610,7512.0,27554.0,12455.0,-0.16613418530351431
20260610,PR2611,7408.0,8.0,238.0,-0.25269978401727844
20260610,PR2612,7252.0,7.0,75.0,-0.0024541854397392136
20260610,PR2701,7120.0,12.0,73.0,0.013483146067414964
20260610,PR2702,7128.0,4.0,30.0,0.10101010101010122
20260610,PR2703,7188.0,4.0,23.0,-0.15692821368948273
20260610,PR2704,7094.0,4.0,18.0,0.1420919086552015
20260610,PR2705,7178.0,20.0,13.0,0.0
20260611,PR2606,0.0,0.0,106.0,0.0
20260611,PR2607,8006.0,6485.0,5547.0,-0.29977516862353193
20260611,PR2608,7806.0,47173.0,19779.0,-0.1629515757109914
20260611,PR2609,7700.0,107371.0,37657.0,-0.06233766233766236
20260611,PR2610,7660.0,29858.0,11659.0,-0.23812010443864295
20260611,PR2611,7508.0,20.0,240.0,-0.17261587639850884
20260611,PR2612,7400.0,14.0,79.0,-0.002550865472213791
20260611,PR2701,7260.0,10.0,74.0,-0.27107438016528906
20260611,PR2702,7096.0,9.0,29.0,0.10484780157835338
20260611,PR2703,7158.0,16.0,31.0,0.09388097233864112
20260611,PR2704,7214.0,8.0,20.0,0.0033268644302753003
20260611,PR2705,7216.0,18.0,13.0,0.0
20260612,PR2606,0.0,40.0,0.0,0.0
20260612,PR2607,7946.0,4384.0,4725.0,-0.2929775987918446
20260612,PR2608,7752.0,40266.0,20347.0,-0.1733746130030962
20260612,PR2609,7640.0,124422.0,37254.0,-0.07539267015706841
20260612,PR2610,7592.0,42614.0,11601.0,-0.20864067439409917
20260612,PR2611,7460.0,39.0,223.0,-0.24128686327077764
20260612,PR2612,7310.0,10.0,78.0,-0.002471602699088514
20260612,PR2701,7176.0,10.0,74.0,-0.0468227424749168
20260612,PR2702,7148.0,17.0,31.0,0.003357582540570725
20260612,PR2703,7150.0,2.0,31.0,0.0
20260612,PR2704,0.0,0.0,20.0,0.0
20260612,PR2705,7076.0,19.0,13.0,0.0
20260615,PR2607,7556.0,4898.0,3251.0,-0.37797776601376354
20260615,PR2608,7318.0,43541.0,19526.0,-0.21645258267286138
20260615,PR2609,7186.0,117904.0,38906.0,-0.02003896465349353
20260615,PR2610,7174.0,27103.0,11670.0,-0.2910510175634231
20260615,PR2611,7000.0,300.0,117.0,-0.02057142857142802
20260615,PR2612,6988.0,80.0,81.0,-0.0024697233781185088
20260615,PR2701,6860.0,44.0,80.0,-0.07346938775510159
20260615,PR2702,6818.0,21.0,30.0,-0.07744206512173601
20260615,PR2703,6774.0,15.0,28.0,0.010628875110718639
20260615,PR2704,6780.0,10.0,21.0,-0.09557522123893847
20260615,PR2705,6726.0,24.0,16.0,0.0
20260615,PR2706,0.0,0.0,0.0,0.0
20260616,PR2607,7436.0,1039.0,2857.0,-0.3840774610005382
20260616,PR2608,7198.0,25221.0,20255.0,-0.22672964712420063
20260616,PR2609,7062.0,90565.0,40788.0,-0.10195412064570908
20260616,PR2610,7002.0,32309.0,13285.0,-0.1131105398457577
20260616,PR2611,6936.0,80.0,112.0,-0.28373702422145275
20260616,PR2612,6772.0,52.0,77.0,-0.0008362258340689027
20260616,PR2701,6730.0,30.0,84.0,-0.078454680534918
20260616,PR2702,6686.0,18.0,29.0,-0.02153754113072104
20260616,PR2703,6674.0,13.0,27.0,0.0
20260616,PR2704,0.0,0.0,21.0,0.0
20260616,PR2705,6632.0,20.0,17.0,0.0
20260616,PR2706,0.0,0.0,0.0,0.0
20260617,PR2607,7418.0,1554.0,2016.0,-0.4044216770018876
20260617,PR2608,7168.0,31681.0,20636.0,-0.27120535714285676
20260617,PR2609,7006.0,88545.0,40516.0,-0.10962032543534139
20260617,PR2610,6942.0,30280.0,13089.0,-0.13828867761452024
20260617,PR2611,6862.0,25.0,107.0,-0.160886039055669
20260617,PR2612,6770.0,19.0,77.0,-0.002230594327253418
20260617,PR2701,6658.0,12.0,84.0,-0.00720937218383888
20260617,PR2702,6654.0,2.0,30.0,-0.1875563570784493
20260617,PR2703,6550.0,8.0,29.0,0.1502290076335866
20260617,PR2704,6632.0,22.0,22.0,-0.07961399276236403
20260617,PR2705,6588.0,3.0,18.0,-0.2950819672131151
20260617,PR2706,6426.0,2.0,0.0,0.0
20260618,PR2607,7462.0,920.0,1537.0,-0.3570088448137234
20260618,PR2608,7240.0,48950.0,20731.0,-0.251933701657459
20260618,PR2609,7088.0,98931.0,40466.0,-0.11173814898419865
20260618,PR2610,7022.0,35886.0,13126.0,-0.1913984619766449
20260618,PR2611,6910.0,83.0,115.0,-0.059044862518089936
20260618,PR2612,6876.0,94.0,87.0,-0.0018432456811184946
20260618,PR2701,6782.0,85.0,117.0,-0.2937186670598648
20260618,PR2702,6616.0,18.0,38.0,0.1487303506650548
20260618,PR2703,6698.0,11.0,28.0,-0.2257390265750967
20260618,PR2704,6572.0,23.0,23.0,0.20085209981740615
20260618,PR2705,6682.0,15.0,15.0,-0.017958695001496494
20260618,PR2706,6672.0,2.0,2.0,0.0
20260622,PR2607,7436.0,561.0,1374.0,-0.5131791285637441
20260622,PR2608,7118.0,30402.0,21042.0,-0.22590615341388087
20260622,PR2609,6984.0,79262.0,43616.0,-0.09621993127147732
20260622,PR2610,6928.0,24483.0,13579.0,-0.10739030023094687
20260622,PR2611,6866.0,46.0,134.0,-0.14331488494028521
20260622,PR2612,6784.0,21.0,85.0,-0.0007154971380114525
20260622,PR2701,6748.0,28.0,120.0,-0.05690574985180774
20260622,PR2702,6716.0,7.0,40.0,-0.07147111375818893
20260622,PR2703,6676.0,7.0,30.0,-0.021569802276812933
20260622,PR2704,6664.0,6.0,25.0,-0.06842737094837892
20260622,PR2705,6626.0,22.0,17.0,0.0507093268940535
20260622,PR2706,6654.0,1.0,1.0,0.0
20260623,PR2607,7382.0,781.0,878.0,-0.4974261717691677
20260623,PR2608,7076.0,31259.0,19416.0,-0.23063877897117013
20260623,PR2609,6940.0,99606.0,43024.0,-0.08645533141210393
20260623,PR2610,6890.0,35330.0,13643.0,-0.14629898403483255
20260623,PR2611,6806.0,78.0,122.0,-0.0669997061416403
20260623,PR2612,6768.0,30.0,80.0,-0.0006375009960953074
20260623,PR2701,6736.0,39.0,130.0,-0.06413301662707793
20260623,PR2702,6700.0,8.0,40.0,0.06805970149253682
20260623,PR2703,6738.0,7.0,33.0,-0.01068566340160304
20260623,PR2704,6732.0,6.0,26.0,-0.035650623885918
20260623,PR2705,6712.0,6.0,17.0,-0.1323003575685342
20260623,PR2706,6638.0,2.0,1.0,0.0
20260624,PR2607,7198.0,692.0,426.0,-0.4001111419838841
20260624,PR2608,6958.0,36626.0,17574.0,-0.2311008910606498
20260624,PR2609,6824.0,106296.0,43179.0,-0.07737397420867476
20260624,PR2610,6780.0,38929.0,13210.0,-0.053097345132743445
20260624,PR2611,6750.0,74.0,123.0,-0.1813333333333329
20260624,PR2612,6648.0,77.0,72.0,-0.0006084452196487179
20260624,PR2701,6618.0,33.0,133.0,-0.04351767905711679
20260624,PR2702,6594.0,5.0,40.0,-0.08371246587807057
20260624,PR2703,6548.0,4.0,33.0,-0.01099572388515524
20260624,PR2704,6542.0,7.0,26.0,0.22011617242433612
20260624,PR2705,6662.0,1.0,17.0,-0.025217652356649634
20260624,PR2706,6648.0,2.0,1.0,0.0
20260625,PR2607,7002.0,366.0,292.0,-0.3701799485861179
20260625,PR2608,6786.0,29032.0,15309.0,-0.2723253757736517
20260625,PR2609,6632.0,115895.0,40024.0,-0.09047044632086809
20260625,PR2610,6582.0,37833.0,12422.0,-0.255241567912488
20260625,PR2611,6442.0,62.0,130.0,0.08941322570630295
20260625,PR2612,6490.0,79.0,74.0,-0.0005817073804123907
20260625,PR2701,6462.0,84.0,136.0,-0.022284122562674646
20260625,PR2702,6450.0,12.0,47.0,-0.07069767441860408
20260625,PR2703,6412.0,5.0,32.0,0.1609482220835945
20260625,PR2704,6498.0,5.0,26.0,-0.044321329639888773
20260625,PR2705,6474.0,28.0,17.0,-0.13716404077849909
20260625,PR2706,6400.0,7.0,7.0,0.0
20260626,PR2607,7008.0,139.0,197.0,-0.3219178082191778
20260626,PR2608,6820.0,22311.0,12537.0,-0.32023460410557236
20260626,PR2609,6638.0,84858.0,35968.0,-0.14462187405845128
20260626,PR2610,6558.0,30660.0,11969.0,-0.16102470265324786
20260626,PR2611,6470.0,121.0,172.0,0.007418856259660878
20260626,PR2612,6474.0,52.0,89.0,-0.0004998385937874221
20260626,PR2701,6450.0,50.0,151.0,0.014883720930232158
20260626,PR2702,6458.0,6.0,46.0,-0.1337875503251782
20260626,PR2703,6386.0,4.0,33.0,-0.003758221108675741
20260626,PR2704,6384.0,2.0,26.0,-0.026315789473683626
20260626,PR2705,6370.0,5.0,16.0,-0.04521193092621667
20260626,PR2706,6346.0,1.0,7.0,0.0
